node_id,lat,lon,omi_zone,omi_zone_label,buy_price_eur_sqm_month,rent_price_eur_sqm_month,housing_category
265659781,39.2168953,9.1790168,D16,CAGLIARI - Zona OMI D16,20.3491,11.4,Q3
265659817,39.2126186,9.1673001,D16,CAGLIARI - Zona OMI D16,20.3491,11.4,Q3
265659911,39.205423,9.1620088,D16,CAGLIARI - Zona OMI D16,20.3491,11.4,Q3
265659912,39.2039026,9.1613782,D16,CAGLIARI - Zona OMI D16,20.3491,11.4,Q3
265659916,39.2012362,9.1594082,D16,CAGLIARI - Zona OMI D16,20.3491,11.4,Q3
265659926,39.1947553,9.1571858,D16,CAGLIARI - Zona OMI D16,20.3491,11.4,Q3
265669554,39.2210183,9.1028649,C3,CAGLIARI - Zona OMI C3,15.0032,10.8,Q4
265669562,39.2301165,9.0986985,D2,CAGLIARI - Zona OMI D2,13.796,9.0,Q4
291582989,39.1616857,9.0282201,E1,CAGLIARI - Zona OMI E1,5.8633,3.6,Q5
291584378,39.1705414,9.0357608,E1,CAGLIARI - Zona OMI E1,5.8633,3.6,Q5
291584384,39.1883169,9.0545633,E1,CAGLIARI - Zona OMI E1,5.8633,3.6,Q5
291584394,39.2082072,9.0573237,E1,CAGLIARI - Zona OMI E1,5.8633,3.6,Q5
291584395,39.2116442,9.0563121,E1,CAGLIARI - Zona OMI E1,5.8633,3.6,Q5
291584412,39.2238103,9.0609289,E1,CAGLIARI - Zona OMI E1,5.8633,3.6,Q5
291584426,39.225475,9.0763596,E1,CAGLIARI - Zona OMI E1,5.8633,3.6,Q5
291584812,39.175798,9.0410977,E1,CAGLIARI - Zona OMI E1,5.8633,3.6,Q5
291585357,39.2026436,9.0589596,E1,CAGLIARI - Zona OMI E1,5.8633,3.6,Q5
291585468,39.1596709,9.0268664,E1,CAGLIARI - Zona OMI E1,5.8633,3.6,Q5
291927192,39.2017311,9.0591272,E1,CAGLIARI - Zona OMI E1,5.8633,3.6,Q5
291927228,39.224804,9.0787152,E1,CAGLIARI - Zona OMI E1,5.8633,3.6,Q5
291927260,39.2258637,9.0749698,E1,CAGLIARI - Zona OMI E1,5.8633,3.6,Q5
291927310,39.1995828,9.0597482,E1,CAGLIARI - Zona OMI E1,5.8633,3.6,Q5
291927385,39.2258879,9.0685866,E1,CAGLIARI - Zona OMI E1,5.8633,3.6,Q5
291927461,39.2175175,9.0987997,D14,CAGLIARI - Zona OMI D14,9.6572,6.3,Q5
291950057,39.1984687,9.0601231,E1,CAGLIARI - Zona OMI E1,5.8633,3.6,Q5
293851905,39.2263477,9.0942922,D14,CAGLIARI - Zona OMI D14,9.6572,6.3,Q5
293876630,39.2548651,9.0911184,D9,CAGLIARI - Zona OMI D9,11.7266,7.92,Q5
297411543,39.235469,9.1270685,D13,CAGLIARI - Zona OMI D13,13.4511,9.3,Q5
297414194,39.2037539,9.1410997,D3,CAGLIARI - Zona OMI D3,15.1756,10.02,Q4
297414210,39.2139589,9.1429844,C4,CAGLIARI - Zona OMI C4,17.245,11.52,Q4
297414218,39.2184482,9.1408208,C5,CAGLIARI - Zona OMI C5,16.3828,11.28,Q4
299641717,39.2345363,9.0968406,D2,CAGLIARI - Zona OMI D2,13.796,9.0,Q4
301801838,39.2185054,9.1089595,B1,CAGLIARI - Zona OMI B1,16.5552,11.1,Q4
301802251,39.2148621,9.1129609,B1,CAGLIARI - Zona OMI B1,16.5552,11.1,Q4
301802471,39.2185062,9.1207976,B3,CAGLIARI - Zona OMI B3,15.5205,9.9,Q4
301802511,39.2146981,9.1209701,B2,CAGLIARI - Zona OMI B2,14.8307,10.56,Q4
301806842,39.2195484,9.1271716,B2,CAGLIARI - Zona OMI B2,14.8307,10.56,Q4
301807418,39.2138658,9.1271989,B2,CAGLIARI - Zona OMI B2,14.8307,10.56,Q4
301811627,39.2434971,9.1209867,D12,CAGLIARI - Zona OMI D12,14.1409,10.2,Q4
301813602,39.2368764,9.1268296,D13,CAGLIARI - Zona OMI D13,13.4511,9.3,Q5
301814428,39.2318852,9.134888,D13,CAGLIARI - Zona OMI D13,13.4511,9.3,Q5
302742175,39.2200293,9.1211889,B3,CAGLIARI - Zona OMI B3,15.5205,9.9,Q4
302742232,39.2316842,9.1227967,C2,CAGLIARI - Zona OMI C2,14.4858,9.3,Q4
302742300,39.2327604,9.1289311,C5,CAGLIARI - Zona OMI C5,16.3828,11.28,Q4
302742354,39.2310992,9.1328221,C5,CAGLIARI - Zona OMI C5,16.3828,11.28,Q4
302742399,39.2244892,9.1310537,C5,CAGLIARI - Zona OMI C5,16.3828,11.28,Q4
302742478,39.2224815,9.1312299,B2,CAGLIARI - Zona OMI B2,14.8307,10.56,Q4
302742975,39.2136668,9.1343276,C4,CAGLIARI - Zona OMI C4,17.245,11.52,Q4
302743086,39.2302579,9.1351009,C5,CAGLIARI - Zona OMI C5,16.3828,11.28,Q4
302743402,39.2264059,9.1387555,E2,CAGLIARI - Zona OMI E2,7.2429,4.62,Q5
302743453,39.2246627,9.1389286,C5,CAGLIARI - Zona OMI C5,16.3828,11.28,Q4
302964118,39.2156845,9.1428895,C4,CAGLIARI - Zona OMI C4,17.245,11.52,Q4
302964224,39.2097807,9.1412822,D3,CAGLIARI - Zona OMI D3,15.1756,10.02,Q4
302964252,39.2058817,9.1365934,D3,CAGLIARI - Zona OMI D3,15.1756,10.02,Q4
302964263,39.2103272,9.1308421,C4,CAGLIARI - Zona OMI C4,17.245,11.52,Q4
302964281,39.2068919,9.1308573,C4,CAGLIARI - Zona OMI C4,17.245,11.52,Q4
302964287,39.2069281,9.1269889,C4,CAGLIARI - Zona OMI C4,17.245,11.52,Q4
302964815,39.2355367,9.10702,D10,CAGLIARI - Zona OMI D10,13.796,9.12,Q4
302964821,39.2363627,9.1044441,D2,CAGLIARI - Zona OMI D2,13.796,9.0,Q4
302966012,39.2372847,9.1030951,D2,CAGLIARI - Zona OMI D2,13.796,9.0,Q4
302966023,39.2355244,9.0990156,D2,CAGLIARI - Zona OMI D2,13.796,9.0,Q4
302966036,39.2265693,9.1029727,C3,CAGLIARI - Zona OMI C3,15.0032,10.8,Q4
302966068,39.2256224,9.1092043,C3,CAGLIARI - Zona OMI C3,15.0032,10.8,Q4
302966075,39.223892,9.1084442,C3,CAGLIARI - Zona OMI C3,15.0032,10.8,Q4
302966095,39.2311169,9.1090946,D10,CAGLIARI - Zona OMI D10,13.796,9.12,Q4
303202278,39.2419236,9.0891237,D2,CAGLIARI - Zona OMI D2,13.796,9.0,Q4
304576406,39.2422217,9.1107294,D10,CAGLIARI - Zona OMI D10,13.796,9.12,Q4
304576474,39.2409878,9.1109087,D10,CAGLIARI - Zona OMI D10,13.796,9.12,Q4
304576505,39.2452969,9.1045669,D10,CAGLIARI - Zona OMI D10,13.796,9.12,Q4
304576529,39.2423656,9.1030565,D10,CAGLIARI - Zona OMI D10,13.796,9.12,Q4
304576588,39.2372758,9.0988081,D2,CAGLIARI - Zona OMI D2,13.796,9.0,Q4
304578785,39.2446492,9.1029106,D2,CAGLIARI - Zona OMI D2,13.796,9.0,Q4
304579917,39.2509615,9.1050838,D9,CAGLIARI - Zona OMI D9,11.7266,7.92,Q5
304579937,39.2491116,9.1047125,D9,CAGLIARI - Zona OMI D9,11.7266,7.92,Q5
304580057,39.2530237,9.102584,D9,CAGLIARI - Zona OMI D9,11.7266,7.92,Q5
304580241,39.2409328,9.0945052,D2,CAGLIARI - Zona OMI D2,13.796,9.0,Q4
304580242,39.2394856,9.0950352,D2,CAGLIARI - Zona OMI D2,13.796,9.0,Q4
304587571,39.2440122,9.1256875,D12,CAGLIARI - Zona OMI D12,14.1409,10.2,Q4
304587695,39.2448952,9.107414,D10,CAGLIARI - Zona OMI D10,13.796,9.12,Q4
304587716,39.2462307,9.1106883,D10,CAGLIARI - Zona OMI D10,13.796,9.12,Q4
304587734,39.2436842,9.1127535,D10,CAGLIARI - Zona OMI D10,13.796,9.12,Q4
304590295,39.258373,9.0925674,D9,CAGLIARI - Zona OMI D9,11.7266,7.92,Q5
304591541,39.2613756,9.0886855,D9,CAGLIARI - Zona OMI D9,11.7266,7.92,Q5
304591556,39.2623228,9.0867385,D9,CAGLIARI - Zona OMI D9,11.7266,7.92,Q5
304591613,39.2613146,9.0848161,D9,CAGLIARI - Zona OMI D9,11.7266,7.92,Q5
304594774,39.2633382,9.118529,D11,CAGLIARI - Zona OMI D11,13.6236,8.4,Q4
304594780,39.2621723,9.1227171,D11,CAGLIARI - Zona OMI D11,13.6236,8.4,Q4
304594797,39.2613588,9.1207458,D11,CAGLIARI - Zona OMI D11,13.6236,8.4,Q4
304594812,39.2597106,9.1208805,D11,CAGLIARI - Zona OMI D11,13.6236,8.4,Q4
304594904,39.2570498,9.1267582,D11,CAGLIARI - Zona OMI D11,13.6236,8.4,Q4
304594909,39.2573211,9.1280333,D11,CAGLIARI - Zona OMI D11,13.6236,8.4,Q4
304596685,39.2561989,9.1166345,D11,CAGLIARI - Zona OMI D11,13.6236,8.4,Q4
304596716,39.2568781,9.1186932,D11,CAGLIARI - Zona OMI D11,13.6236,8.4,Q4
304617231,39.2435331,9.1529996,D13,CAGLIARI - Zona OMI D13,13.4511,9.3,Q5
304618715,39.2427089,9.1526143,D13,CAGLIARI - Zona OMI D13,13.4511,9.3,Q5
304618717,39.243543,9.1547393,D13,CAGLIARI - Zona OMI D13,13.4511,9.3,Q5
304696625,39.2491834,9.1329034,D12,CAGLIARI - Zona OMI D12,14.1409,10.2,Q4
304697331,39.2499158,9.1305581,D12,CAGLIARI - Zona OMI D12,14.1409,10.2,Q4
304697339,39.2522109,9.1291017,D11,CAGLIARI - Zona OMI D11,13.6236,8.4,Q4
304697390,39.2519667,9.1311159,D11,CAGLIARI - Zona OMI D11,13.6236,8.4,Q4
304697393,39.2545941,9.1285007,D11,CAGLIARI - Zona OMI D11,13.6236,8.4,Q4
304698900,39.2488725,9.1288355,D12,CAGLIARI - Zona OMI D12,14.1409,10.2,Q4
304698938,39.2497376,9.1269837,D12,CAGLIARI - Zona OMI D12,14.1409,10.2,Q4
304698973,39.2438749,9.1361746,D13,CAGLIARI - Zona OMI D13,13.4511,9.3,Q5
304698982,39.2462367,9.1350375,D13,CAGLIARI - Zona OMI D13,13.4511,9.3,Q5
304699010,39.2499623,9.123058,D12,CAGLIARI - Zona OMI D12,14.1409,10.2,Q4
304699026,39.2481274,9.1231051,D12,CAGLIARI - Zona OMI D12,14.1409,10.2,Q4
304699094,39.2453334,9.1209551,D12,CAGLIARI - Zona OMI D12,14.1409,10.2,Q4
304734593,39.2411148,9.1310962,D13,CAGLIARI - Zona OMI D13,13.4511,9.3,Q5
304734635,39.2399822,9.1293266,D13,CAGLIARI - Zona OMI D13,13.4511,9.3,Q5
304734701,39.236444,9.1290441,D13,CAGLIARI - Zona OMI D13,13.4511,9.3,Q5
304734825,39.23533,9.1389381,D13,CAGLIARI - Zona OMI D13,13.4511,9.3,Q5
304740408,39.2364191,9.1329036,D13,CAGLIARI - Zona OMI D13,13.4511,9.3,Q5
304742295,39.2275307,9.1086797,C3,CAGLIARI - Zona OMI C3,15.0032,10.8,Q4
304742336,39.2293978,9.0970814,D2,CAGLIARI - Zona OMI D2,13.796,9.0,Q4
304742344,39.2309312,9.0968058,D2,CAGLIARI - Zona OMI D2,13.796,9.0,Q4
304742347,39.2324772,9.0966408,D2,CAGLIARI - Zona OMI D2,13.796,9.0,Q4
304743203,39.223623,9.0972745,D14,CAGLIARI - Zona OMI D14,9.6572,6.3,Q5
304762056,39.2320296,9.1069766,D2,CAGLIARI - Zona OMI D2,13.796,9.0,Q4
304762078,39.233354,9.0989894,D2,CAGLIARI - Zona OMI D2,13.796,9.0,Q4
304763196,39.2364716,9.0969265,D2,CAGLIARI - Zona OMI D2,13.796,9.0,Q4
304763199,39.2382283,9.0968647,D2,CAGLIARI - Zona OMI D2,13.796,9.0,Q4
304763222,39.2348027,9.0923665,D2,CAGLIARI - Zona OMI D2,13.796,9.0,Q4
304763480,39.2483781,9.1121448,D10,CAGLIARI - Zona OMI D10,13.796,9.12,Q4
304763503,39.2477926,9.1037951,D10,CAGLIARI - Zona OMI D10,13.796,9.12,Q4
304763504,39.2473016,9.1056581,D10,CAGLIARI - Zona OMI D10,13.796,9.12,Q4
304763691,39.2471427,9.1207959,D12,CAGLIARI - Zona OMI D12,14.1409,10.2,Q4
304763694,39.2464275,9.1187055,D12,CAGLIARI - Zona OMI D12,14.1409,10.2,Q4
304764048,39.2552274,9.1150658,D11,CAGLIARI - Zona OMI D11,13.6236,8.4,Q4
304764067,39.2525358,9.1169195,D11,CAGLIARI - Zona OMI D11,13.6236,8.4,Q4
304764101,39.2517582,9.118747,D11,CAGLIARI - Zona OMI D11,13.6236,8.4,Q4
304764136,39.2559207,9.120931,D11,CAGLIARI - Zona OMI D11,13.6236,8.4,Q4
306146053,39.2145981,9.1710742,D16,CAGLIARI - Zona OMI D16,20.3491,11.4,Q3
306223499,39.1924629,9.1551995,D15,CAGLIARI - Zona OMI D15,13.4511,8.1,Q5
306223896,39.1827698,9.157722,D15,CAGLIARI - Zona OMI D15,13.4511,8.1,Q5
306223916,39.1848626,9.1546086,D15,CAGLIARI - Zona OMI D15,13.4511,8.1,Q5
306296872,39.2037332,9.1288657,D3,CAGLIARI - Zona OMI D3,15.1756,10.02,Q4
306296936,39.2021663,9.1410618,D15,CAGLIARI - Zona OMI D15,13.4511,8.1,Q5
306297151,39.201112,9.1348578,D15,CAGLIARI - Zona OMI D15,13.4511,8.1,Q5
306299195,39.1932609,9.1353089,D15,CAGLIARI - Zona OMI D15,13.4511,8.1,Q5
306299246,39.1915513,9.1408802,D15,CAGLIARI - Zona OMI D15,13.4511,8.1,Q5
309848495,39.2392887,9.1232159,D12,CAGLIARI - Zona OMI D12,14.1409,10.2,Q4
309852361,39.1954491,9.0600428,E1,CAGLIARI - Zona OMI E1,5.8633,3.6,Q5
309852363,39.1966662,9.0602344,E1,CAGLIARI - Zona OMI E1,5.8633,3.6,Q5
309853032,39.2192823,9.0546042,E1,CAGLIARI - Zona OMI E1,5.8633,3.6,Q5
309853211,39.2211707,9.0545183,E1,CAGLIARI - Zona OMI E1,5.8633,3.6,Q5
309853247,39.2187016,9.0525564,E1,CAGLIARI - Zona OMI E1,5.8633,3.6,Q5
309853613,39.2211372,9.0447155,E1,CAGLIARI - Zona OMI E1,5.8633,3.6,Q5
309853615,39.2211114,9.0425628,E1,CAGLIARI - Zona OMI E1,5.8633,3.6,Q5
313332541,39.2246558,9.1148621,C3,CAGLIARI - Zona OMI C3,15.0032,10.8,Q4
313606728,39.2316841,9.1107766,D10,CAGLIARI - Zona OMI D10,13.796,9.12,Q4
314961291,39.2338679,9.1308871,D13,CAGLIARI - Zona OMI D13,13.4511,9.3,Q5
315238582,39.249858,9.1148607,D9,CAGLIARI - Zona OMI D9,11.7266,7.92,Q5
315379816,39.2171503,9.1515214,E2,CAGLIARI - Zona OMI E2,7.2429,4.62,Q5
315379824,39.2133991,9.1474221,E2,CAGLIARI - Zona OMI E2,7.2429,4.62,Q5
315379825,39.2133982,9.1447834,E2,CAGLIARI - Zona OMI E2,7.2429,4.62,Q5
315381082,39.2076358,9.153025,E2,CAGLIARI - Zona OMI E2,7.2429,4.62,Q5
315381085,39.2084211,9.154105,E2,CAGLIARI - Zona OMI E2,7.2429,4.62,Q5
315381086,39.2104143,9.1546122,E2,CAGLIARI - Zona OMI E2,7.2429,4.62,Q5
315381096,39.2198117,9.1659535,D16,CAGLIARI - Zona OMI D16,20.3491,11.4,Q3
315381098,39.2204961,9.1671393,D16,CAGLIARI - Zona OMI D16,20.3491,11.4,Q3
315381272,39.2224174,9.1621411,E2,CAGLIARI - Zona OMI E2,7.2429,4.62,Q5
315381281,39.2236267,9.1609046,E2,CAGLIARI - Zona OMI E2,7.2429,4.62,Q5
315381331,39.2211268,9.1632974,E2,CAGLIARI - Zona OMI E2,7.2429,4.62,Q5
315381332,39.2201094,9.1641729,E2,CAGLIARI - Zona OMI E2,7.2429,4.62,Q5
315381452,39.2189252,9.1634626,E2,CAGLIARI - Zona OMI E2,7.2429,4.62,Q5
315381465,39.2166349,9.1605546,E2,CAGLIARI - Zona OMI E2,7.2429,4.62,Q5
315381751,39.2173232,9.1591518,E2,CAGLIARI - Zona OMI E2,7.2429,4.62,Q5
355011067,39.1584196,9.0255717,E1,CAGLIARI - Zona OMI E1,5.8633,3.6,Q5
364333977,39.2185726,9.1249231,B2,CAGLIARI - Zona OMI B2,14.8307,10.56,Q4
364333981,39.2203365,9.1249836,B2,CAGLIARI - Zona OMI B2,14.8307,10.56,Q4
366517702,39.2238858,9.1329638,C5,CAGLIARI - Zona OMI C5,16.3828,11.28,Q4
366517772,39.2247291,9.1346902,C5,CAGLIARI - Zona OMI C5,16.3828,11.28,Q4
367928605,39.1867575,9.1419689,D15,CAGLIARI - Zona OMI D15,13.4511,8.1,Q5
368031696,39.2193815,9.1148157,B4,CAGLIARI - Zona OMI B4,15.1756,9.54,Q4
460370994,39.2575909,9.086507,D9,CAGLIARI - Zona OMI D9,11.7266,7.92,Q5
460371002,39.2550138,9.0851135,D9,CAGLIARI - Zona OMI D9,11.7266,7.92,Q5
460371535,39.2521801,9.0851216,D9,CAGLIARI - Zona OMI D9,11.7266,7.92,Q5
460371547,39.2517102,9.0854799,D9,CAGLIARI - Zona OMI D9,11.7266,7.92,Q5
460371597,39.2491283,9.0869117,D9,CAGLIARI - Zona OMI D9,11.7266,7.92,Q5
460374178,39.2480343,9.0830763,D9,CAGLIARI - Zona OMI D9,11.7266,7.92,Q5
460374206,39.2444507,9.0860788,D9,CAGLIARI - Zona OMI D9,11.7266,7.92,Q5
460811662,39.2402831,9.1528967,E2,CAGLIARI - Zona OMI E2,7.2429,4.62,Q5
460815609,39.2385478,9.1530268,E2,CAGLIARI - Zona OMI E2,7.2429,4.62,Q5
460815980,39.2387458,9.1490349,E2,CAGLIARI - Zona OMI E2,7.2429,4.62,Q5
460831841,39.2391788,9.150877,E2,CAGLIARI - Zona OMI E2,7.2429,4.62,Q5
460903974,39.2148702,9.1569983,E2,CAGLIARI - Zona OMI E2,7.2429,4.62,Q5
460904225,39.2139804,9.1551232,E2,CAGLIARI - Zona OMI E2,7.2429,4.62,Q5
460913592,39.2157152,9.1591459,E2,CAGLIARI - Zona OMI E2,7.2429,4.62,Q5
460914084,39.2101509,9.1514652,E2,CAGLIARI - Zona OMI E2,7.2429,4.62,Q5
460916521,39.2119012,9.1552081,E2,CAGLIARI - Zona OMI E2,7.2429,4.62,Q5
460927352,39.213796,9.1507338,E2,CAGLIARI - Zona OMI E2,7.2429,4.62,Q5
460984536,39.2095431,9.1535022,E2,CAGLIARI - Zona OMI E2,7.2429,4.62,Q5
460984908,39.2123533,9.1477479,E2,CAGLIARI - Zona OMI E2,7.2429,4.62,Q5
460985089,39.2114091,9.1503711,E2,CAGLIARI - Zona OMI E2,7.2429,4.62,Q5
461001893,39.2168174,9.1569462,E2,CAGLIARI - Zona OMI E2,7.2429,4.62,Q5
461001991,39.2176468,9.1561929,E2,CAGLIARI - Zona OMI E2,7.2429,4.62,Q5
461002074,39.2178193,9.1564827,E2,CAGLIARI - Zona OMI E2,7.2429,4.62,Q5
1075548256,39.1866463,9.1513032,D15,CAGLIARI - Zona OMI D15,13.4511,8.1,Q5
1075548260,39.1921194,9.157536,D15,CAGLIARI - Zona OMI D15,13.4511,8.1,Q5
1075548286,39.1918921,9.1586836,D15,CAGLIARI - Zona OMI D15,13.4511,8.1,Q5
1075548295,39.1901722,9.1509757,D15,CAGLIARI - Zona OMI D15,13.4511,8.1,Q5
1309637796,39.2112559,9.0990047,D14,CAGLIARI - Zona OMI D14,9.6572,6.3,Q5
1309637943,39.2121265,9.0986071,D14,CAGLIARI - Zona OMI D14,9.6572,6.3,Q5
1309638308,39.2153817,9.0991643,D14,CAGLIARI - Zona OMI D14,9.6572,6.3,Q5
1309638543,39.2185768,9.0852666,E1,CAGLIARI - Zona OMI E1,5.8633,3.6,Q5
1309639202,39.2131441,9.0773729,E1,CAGLIARI - Zona OMI E1,5.8633,3.6,Q5
1309639592,39.2136451,9.0789627,E1,CAGLIARI - Zona OMI E1,5.8633,3.6,Q5
1320036075,39.2183411,9.1168283,B4,CAGLIARI - Zona OMI B4,15.1756,9.54,Q4
1329890078,39.2041791,9.1213616,C4,CAGLIARI - Zona OMI C4,17.245,11.52,Q4
1329890105,39.2044044,9.1220466,C4,CAGLIARI - Zona OMI C4,17.245,11.52,Q4
1329890126,39.2037759,9.1225736,C4,CAGLIARI - Zona OMI C4,17.245,11.52,Q4
1332645340,39.2210182,9.0993429,D14,CAGLIARI - Zona OMI D14,9.6572,6.3,Q5
1332668655,39.2274676,9.0928003,D14,CAGLIARI - Zona OMI D14,9.6572,6.3,Q5
1332699889,39.2298676,9.094362,D2,CAGLIARI - Zona OMI D2,13.796,9.0,Q4
1332719592,39.2320605,9.0944353,D2,CAGLIARI - Zona OMI D2,13.796,9.0,Q4
1332719602,39.2310255,9.0927117,D2,CAGLIARI - Zona OMI D2,13.796,9.0,Q4
1332769856,39.224246,9.1013141,C3,CAGLIARI - Zona OMI C3,15.0032,10.8,Q4
1332775383,39.2274874,9.1130845,C3,CAGLIARI - Zona OMI C3,15.0032,10.8,Q4
1332775411,39.2283076,9.1109193,C3,CAGLIARI - Zona OMI C3,15.0032,10.8,Q4
1332785497,39.2173486,9.1068841,B1,CAGLIARI - Zona OMI B1,16.5552,11.1,Q4
1332790270,39.2228292,9.1069201,C3,CAGLIARI - Zona OMI C3,15.0032,10.8,Q4
1333269505,39.2202931,9.1169265,B4,CAGLIARI - Zona OMI B4,15.1756,9.54,Q4
1333397832,39.2265666,9.1064169,C3,CAGLIARI - Zona OMI C3,15.0032,10.8,Q4
1333404045,39.2282776,9.1067765,C3,CAGLIARI - Zona OMI C3,15.0032,10.8,Q4
1333538814,39.2337048,9.1390388,C5,CAGLIARI - Zona OMI C5,16.3828,11.28,Q4
1333540158,39.2317472,9.1390733,E2,CAGLIARI - Zona OMI E2,7.2429,4.62,Q5
1333555653,39.2288009,9.1386044,E2,CAGLIARI - Zona OMI E2,7.2429,4.62,Q5
1333588095,39.2275273,9.1368485,C5,CAGLIARI - Zona OMI C5,16.3828,11.28,Q4
1333605411,39.2239417,9.1370106,C5,CAGLIARI - Zona OMI C5,16.3828,11.28,Q4
1333624830,39.2347868,9.1286842,C2,CAGLIARI - Zona OMI C2,14.4858,9.3,Q4
1333686363,39.2230144,9.1187249,B3,CAGLIARI - Zona OMI B3,15.5205,9.9,Q4
1333752843,39.2318314,9.1148702,C2,CAGLIARI - Zona OMI C2,14.4858,9.3,Q4
1333775570,39.234834,9.1247372,C2,CAGLIARI - Zona OMI C2,14.4858,9.3,Q4
1333791624,39.2461296,9.1267364,D12,CAGLIARI - Zona OMI D12,14.1409,10.2,Q4
1333799027,39.245302,9.124974,D12,CAGLIARI - Zona OMI D12,14.1409,10.2,Q4
1333879177,39.2489229,9.1090203,D9,CAGLIARI - Zona OMI D9,11.7266,7.92,Q5
1333925932,39.2495654,9.1008332,D9,CAGLIARI - Zona OMI D9,11.7266,7.92,Q5
1333965877,39.2527054,9.1247098,D11,CAGLIARI - Zona OMI D11,13.6236,8.4,Q4
1334351921,39.2332448,9.0951499,D2,CAGLIARI - Zona OMI D2,13.796,9.0,Q4
1334519568,39.2212743,9.0954297,D14,CAGLIARI - Zona OMI D14,9.6572,6.3,Q5
1334519592,39.2284678,9.091283,E1,CAGLIARI - Zona OMI E1,5.8633,3.6,Q5
1334519617,39.2174384,9.0951025,E1,CAGLIARI - Zona OMI E1,5.8633,3.6,Q5
1334519623,39.222866,9.094507,D14,CAGLIARI - Zona OMI D14,9.6572,6.3,Q5
1334519651,39.229677,9.0903123,E1,CAGLIARI - Zona OMI E1,5.8633,3.6,Q5
1335370854,39.2299831,9.1028106,D2,CAGLIARI - Zona OMI D2,13.796,9.0,Q4
1335400991,39.2337725,9.1068437,D2,CAGLIARI - Zona OMI D2,13.796,9.0,Q4
1335716130,39.2429394,9.0873724,D2,CAGLIARI - Zona OMI D2,13.796,9.0,Q4
1335716269,39.243357,9.0846232,E1,CAGLIARI - Zona OMI E1,5.8633,3.6,Q5
1335858522,39.2468107,9.1017566,D2,CAGLIARI - Zona OMI D2,13.796,9.0,Q4
1335900049,39.2445293,9.0987327,D2,CAGLIARI - Zona OMI D2,13.796,9.0,Q4
1335903101,39.2469109,9.1013375,D2,CAGLIARI - Zona OMI D2,13.796,9.0,Q4
1335936926,39.2391117,9.102749,D10,CAGLIARI - Zona OMI D10,13.796,9.12,Q4
1335949339,39.2408637,9.1068848,D10,CAGLIARI - Zona OMI D10,13.796,9.12,Q4
1335962684,39.236339,9.1008041,D2,CAGLIARI - Zona OMI D2,13.796,9.0,Q4
1336450093,39.246251,9.1074371,D10,CAGLIARI - Zona OMI D10,13.796,9.12,Q4
1336450099,39.2469118,9.1087462,D10,CAGLIARI - Zona OMI D10,13.796,9.12,Q4
1336450118,39.2417026,9.1086664,D10,CAGLIARI - Zona OMI D10,13.796,9.12,Q4
1336481996,39.2424622,9.1150561,D10,CAGLIARI - Zona OMI D10,13.796,9.12,Q4
1336655119,39.2473249,9.117321,D12,CAGLIARI - Zona OMI D12,14.1409,10.2,Q4
1336672458,39.2486171,9.1207528,D12,CAGLIARI - Zona OMI D12,14.1409,10.2,Q4
1336688270,39.2495578,9.1188229,D12,CAGLIARI - Zona OMI D12,14.1409,10.2,Q4
1336737682,39.2598784,9.1169857,D11,CAGLIARI - Zona OMI D11,13.6236,8.4,Q4
1336737701,39.2607579,9.118592,D11,CAGLIARI - Zona OMI D11,13.6236,8.4,Q4
1336737713,39.2553496,9.1186498,D11,CAGLIARI - Zona OMI D11,13.6236,8.4,Q4
1336904969,39.2355855,9.1307593,D13,CAGLIARI - Zona OMI D13,13.4511,9.3,Q5
1336911630,39.2363002,9.1369989,D13,CAGLIARI - Zona OMI D13,13.4511,9.3,Q5
1337032073,39.239819,9.1367563,D13,CAGLIARI - Zona OMI D13,13.4511,9.3,Q5
1337086021,39.2417528,9.1415169,D13,CAGLIARI - Zona OMI D13,13.4511,9.3,Q5
1337104625,39.2438973,9.1410434,D13,CAGLIARI - Zona OMI D13,13.4511,9.3,Q5
1416167195,39.248762,9.0965698,D9,CAGLIARI - Zona OMI D9,11.7266,7.92,Q5
1416167197,39.2472353,9.0967334,D9,CAGLIARI - Zona OMI D9,11.7266,7.92,Q5
1456255195,39.24166,9.1009868,D2,CAGLIARI - Zona OMI D2,13.796,9.0,Q4
1482300049,39.2494443,9.1403269,D13,CAGLIARI - Zona OMI D13,13.4511,9.3,Q5
1499300917,39.2013408,9.151051,D4,CAGLIARI - Zona OMI D4,17.245,11.1,Q4
1515277205,39.1956446,9.0637999,E1,CAGLIARI - Zona OMI E1,5.8633,3.6,Q5
1515277209,39.1964678,9.0652054,E1,CAGLIARI - Zona OMI E1,5.8633,3.6,Q5
1515277210,39.1976485,9.0672224,E1,CAGLIARI - Zona OMI E1,5.8633,3.6,Q5
1515278363,39.2025206,9.0740845,E1,CAGLIARI - Zona OMI E1,5.8633,3.6,Q5
1517776311,39.216647,9.0889183,E1,CAGLIARI - Zona OMI E1,5.8633,3.6,Q5
1517780065,39.211141,9.088808,E1,CAGLIARI - Zona OMI E1,5.8633,3.6,Q5
1517799702,39.2156578,9.1068346,B1,CAGLIARI - Zona OMI B1,16.5552,11.1,Q4
1517894265,39.2182695,9.1009738,D14,CAGLIARI - Zona OMI D14,9.6572,6.3,Q5
1517894389,39.2172679,9.1020226,D14,CAGLIARI - Zona OMI D14,9.6572,6.3,Q5
1518680309,39.2229295,9.0988224,D14,CAGLIARI - Zona OMI D14,9.6572,6.3,Q5
1519301970,39.2292106,9.092903,D14,CAGLIARI - Zona OMI D14,9.6572,6.3,Q5
1520083271,39.2096118,9.1208338,B2,CAGLIARI - Zona OMI B2,14.8307,10.56,Q4
1520083698,39.212015,9.1188765,B2,CAGLIARI - Zona OMI B2,14.8307,10.56,Q4
1521099820,39.2328226,9.1330177,C5,CAGLIARI - Zona OMI C5,16.3828,11.28,Q4
1524484562,39.2514646,9.0942009,D9,CAGLIARI - Zona OMI D9,11.7266,7.92,Q5
1554374469,39.2196119,9.0825619,E1,CAGLIARI - Zona OMI E1,5.8633,3.6,Q5
1554374555,39.220645,9.078755,E1,CAGLIARI - Zona OMI E1,5.8633,3.6,Q5
1554374565,39.2210555,9.0747609,E1,CAGLIARI - Zona OMI E1,5.8633,3.6,Q5
1554374588,39.2224176,9.0764707,E1,CAGLIARI - Zona OMI E1,5.8633,3.6,Q5
1554374598,39.2242085,9.0778515,E1,CAGLIARI - Zona OMI E1,5.8633,3.6,Q5
1554374611,39.2246578,9.0747565,E1,CAGLIARI - Zona OMI E1,5.8633,3.6,Q5
1554374648,39.2241514,9.0706212,E1,CAGLIARI - Zona OMI E1,5.8633,3.6,Q5
1576984303,39.2358003,9.0903753,E1,CAGLIARI - Zona OMI E1,5.8633,3.6,Q5
1576984320,39.2323702,9.0925288,D2,CAGLIARI - Zona OMI D2,13.796,9.0,Q4
1576987630,39.2310397,9.0887674,E1,CAGLIARI - Zona OMI E1,5.8633,3.6,Q5
1577002117,39.2434783,9.0910325,D2,CAGLIARI - Zona OMI D2,13.796,9.0,Q4
1577002120,39.2458836,9.0901522,D9,CAGLIARI - Zona OMI D9,11.7266,7.92,Q5
1577003431,39.2489164,9.0883127,D9,CAGLIARI - Zona OMI D9,11.7266,7.92,Q5
1577003435,39.2474678,9.0877911,D9,CAGLIARI - Zona OMI D9,11.7266,7.92,Q5
1577003436,39.2496405,9.0895291,D9,CAGLIARI - Zona OMI D9,11.7266,7.92,Q5
1582411346,39.2384352,9.1010407,D2,CAGLIARI - Zona OMI D2,13.796,9.0,Q4
1582420933,39.2256793,9.1044955,C3,CAGLIARI - Zona OMI C3,15.0032,10.8,Q4
1601530424,39.212268,9.1147529,B1,CAGLIARI - Zona OMI B1,16.5552,11.1,Q4
1607870522,39.2076381,9.0807701,E1,CAGLIARI - Zona OMI E1,5.8633,3.6,Q5
1634571340,39.2453379,9.1409153,D13,CAGLIARI - Zona OMI D13,13.4511,9.3,Q5
1634571342,39.2444904,9.1386059,D13,CAGLIARI - Zona OMI D13,13.4511,9.3,Q5
1634571498,39.2471555,9.1408707,D13,CAGLIARI - Zona OMI D13,13.4511,9.3,Q5
1646145198,39.2464896,9.1389244,D13,CAGLIARI - Zona OMI D13,13.4511,9.3,Q5
1654943890,39.2541733,9.1005334,D9,CAGLIARI - Zona OMI D9,11.7266,7.92,Q5
1655958419,39.2531467,9.0984748,D9,CAGLIARI - Zona OMI D9,11.7266,7.92,Q5
1656878955,39.2138564,9.0555527,E1,CAGLIARI - Zona OMI E1,5.8633,3.6,Q5
1656879008,39.2175337,9.0547367,E1,CAGLIARI - Zona OMI E1,5.8633,3.6,Q5
1669281897,39.2256674,9.0967902,D2,CAGLIARI - Zona OMI D2,13.796,9.0,Q4
1669281972,39.2282594,9.0947865,D14,CAGLIARI - Zona OMI D14,9.6572,6.3,Q5
1669385096,39.2319262,9.1027009,D2,CAGLIARI - Zona OMI D2,13.796,9.0,Q4
1669391017,39.224343,9.0981913,D14,CAGLIARI - Zona OMI D14,9.6572,6.3,Q5
1670467950,39.213097,9.1208393,B2,CAGLIARI - Zona OMI B2,14.8307,10.56,Q4
1670774501,39.2606932,9.0867878,D9,CAGLIARI - Zona OMI D9,11.7266,7.92,Q5
1671052660,39.2176957,9.1189632,B3,CAGLIARI - Zona OMI B3,15.5205,9.9,Q4
1671052676,39.2191458,9.1189755,B3,CAGLIARI - Zona OMI B3,15.5205,9.9,Q4
1671107675,39.2210141,9.1186009,B3,CAGLIARI - Zona OMI B3,15.5205,9.9,Q4
1673201108,39.2148502,9.1248523,B2,CAGLIARI - Zona OMI B2,14.8307,10.56,Q4
1673398526,39.2229939,9.127142,B2,CAGLIARI - Zona OMI B2,14.8307,10.56,Q4
1674550443,39.2018492,9.1369653,D3,CAGLIARI - Zona OMI D3,15.1756,10.02,Q4
1674550549,39.2040894,9.1369349,D3,CAGLIARI - Zona OMI D3,15.1756,10.02,Q4
1674798928,39.2092965,9.1334064,C4,CAGLIARI - Zona OMI C4,17.245,11.52,Q4
1674798941,39.2096675,9.1369196,D3,CAGLIARI - Zona OMI D3,15.1756,10.02,Q4
1674799108,39.2157521,9.1380789,C4,CAGLIARI - Zona OMI C4,17.245,11.52,Q4
1675779149,39.227292,9.1330187,C5,CAGLIARI - Zona OMI C5,16.3828,11.28,Q4
1675787981,39.2308101,9.1365295,C5,CAGLIARI - Zona OMI C5,16.3828,11.28,Q4
1676722898,39.212741,9.1329198,C4,CAGLIARI - Zona OMI C4,17.245,11.52,Q4
1676723004,39.215791,9.1348573,C4,CAGLIARI - Zona OMI C4,17.245,11.52,Q4
1676723049,39.2165827,9.1369093,C4,CAGLIARI - Zona OMI C4,17.245,11.52,Q4
1676723117,39.217161,9.1328329,C4,CAGLIARI - Zona OMI C4,17.245,11.52,Q4
1676857165,39.2282093,9.130437,C5,CAGLIARI - Zona OMI C5,16.3828,11.28,Q4
1676874935,39.2291543,9.1249633,C2,CAGLIARI - Zona OMI C2,14.4858,9.3,Q4
1676930741,39.2328918,9.1249517,C2,CAGLIARI - Zona OMI C2,14.4858,9.3,Q4
1676930747,39.233484,9.1228476,C2,CAGLIARI - Zona OMI C2,14.4858,9.3,Q4
1677395629,39.2113754,9.1168347,B2,CAGLIARI - Zona OMI B2,14.8307,10.56,Q4
1678144337,39.2261697,9.1109721,C3,CAGLIARI - Zona OMI C3,15.0032,10.8,Q4
1679571341,39.2392977,9.0986157,D2,CAGLIARI - Zona OMI D2,13.796,9.0,Q4
1680813066,39.2398859,9.1126755,D10,CAGLIARI - Zona OMI D10,13.796,9.12,Q4
1680817595,39.2398697,9.108978,D10,CAGLIARI - Zona OMI D10,13.796,9.12,Q4
1683133784,39.2030906,9.1388522,D3,CAGLIARI - Zona OMI D3,15.1756,10.02,Q4
1683149343,39.204936,9.1429891,D4,CAGLIARI - Zona OMI D4,17.245,11.1,Q4
1683419392,39.1983606,9.1531895,D4,CAGLIARI - Zona OMI D4,17.245,11.1,Q4
1683419476,39.2012232,9.1468585,D4,CAGLIARI - Zona OMI D4,17.245,11.1,Q4
1683419518,39.2031362,9.1434825,D4,CAGLIARI - Zona OMI D4,17.245,11.1,Q4
1683530161,39.1959024,9.1390132,D15,CAGLIARI - Zona OMI D15,13.4511,8.1,Q5
1683616583,39.1986252,9.1412938,D15,CAGLIARI - Zona OMI D15,13.4511,8.1,Q5
1683616632,39.1995508,9.1388952,D15,CAGLIARI - Zona OMI D15,13.4511,8.1,Q5
1684754778,39.1967803,9.1577995,D16,CAGLIARI - Zona OMI D16,20.3491,11.4,Q3
1684754783,39.1986019,9.1583549,D16,CAGLIARI - Zona OMI D16,20.3491,11.4,Q3
1686023369,39.2387619,9.1352678,D13,CAGLIARI - Zona OMI D13,13.4511,9.3,Q5
1687418211,39.213802,9.1751121,D16,CAGLIARI - Zona OMI D16,20.3491,11.4,Q3
1687702106,39.2497787,9.1390156,D13,CAGLIARI - Zona OMI D13,13.4511,9.3,Q5
1687705213,39.23836,9.1412658,D13,CAGLIARI - Zona OMI D13,13.4511,9.3,Q5
1688374316,39.2067546,9.1631661,D16,CAGLIARI - Zona OMI D16,20.3491,11.4,Q3
1688374447,39.2094826,9.1651063,D16,CAGLIARI - Zona OMI D16,20.3491,11.4,Q3
1688374494,39.2106223,9.1653639,D16,CAGLIARI - Zona OMI D16,20.3491,11.4,Q3
1688374515,39.2146421,9.1693696,D16,CAGLIARI - Zona OMI D16,20.3491,11.4,Q3
1688401743,39.2176372,9.1810742,D16,CAGLIARI - Zona OMI D16,20.3491,11.4,Q3
1691714738,39.20509,9.1269275,C4,CAGLIARI - Zona OMI C4,17.245,11.52,Q4
1691892263,39.2155494,9.1750745,D16,CAGLIARI - Zona OMI D16,20.3491,11.4,Q3
1692037020,39.2130484,9.1570144,E2,CAGLIARI - Zona OMI E2,7.2429,4.62,Q5
1692037033,39.2178375,9.163189,E2,CAGLIARI - Zona OMI E2,7.2429,4.62,Q5
1692448608,39.2403777,9.1485298,D13,CAGLIARI - Zona OMI D13,13.4511,9.3,Q5
1692448628,39.2438346,9.1550165,D13,CAGLIARI - Zona OMI D13,13.4511,9.3,Q5
1693050615,39.2561335,9.0924387,D9,CAGLIARI - Zona OMI D9,11.7266,7.92,Q5
1693307316,39.2373387,9.1385619,D13,CAGLIARI - Zona OMI D13,13.4511,9.3,Q5
1695229413,39.2472107,9.1327556,D12,CAGLIARI - Zona OMI D12,14.1409,10.2,Q4
1696284480,39.2505209,9.1332069,D12,CAGLIARI - Zona OMI D12,14.1409,10.2,Q4
1696297242,39.2394701,9.1412355,D13,CAGLIARI - Zona OMI D13,13.4511,9.3,Q5
1719680117,39.2505489,9.1369352,D13,CAGLIARI - Zona OMI D13,13.4511,9.3,Q5
1727511203,39.2464196,9.1230184,D12,CAGLIARI - Zona OMI D12,14.1409,10.2,Q4
1733233982,39.2080678,9.0842,E1,CAGLIARI - Zona OMI E1,5.8633,3.6,Q5
1733233984,39.2093437,9.0825901,E1,CAGLIARI - Zona OMI E1,5.8633,3.6,Q5
1733234004,39.2210747,9.0730709,E1,CAGLIARI - Zona OMI E1,5.8633,3.6,Q5
1733234015,39.2182478,9.0766116,E1,CAGLIARI - Zona OMI E1,5.8633,3.6,Q5
1733234018,39.2228554,9.0708259,E1,CAGLIARI - Zona OMI E1,5.8633,3.6,Q5
1733234033,39.2148713,9.0851155,E1,CAGLIARI - Zona OMI E1,5.8633,3.6,Q5
1733234057,39.2294308,9.0770663,E1,CAGLIARI - Zona OMI E1,5.8633,3.6,Q5
1733259450,39.2291021,9.0751694,E1,CAGLIARI - Zona OMI E1,5.8633,3.6,Q5
1733259455,39.2264774,9.070794,E1,CAGLIARI - Zona OMI E1,5.8633,3.6,Q5
1739321161,39.2581405,9.0847514,D9,CAGLIARI - Zona OMI D9,11.7266,7.92,Q5
1748744712,39.2579766,9.1137587,D11,CAGLIARI - Zona OMI D11,13.6236,8.4,Q4
1748744790,39.2588427,9.1147852,D11,CAGLIARI - Zona OMI D11,13.6236,8.4,Q4
1748752437,39.2553888,9.1227496,D11,CAGLIARI - Zona OMI D11,13.6236,8.4,Q4
1748752554,39.2587293,9.122948,D11,CAGLIARI - Zona OMI D11,13.6236,8.4,Q4
1748789991,39.2619536,9.1158139,D11,CAGLIARI - Zona OMI D11,13.6236,8.4,Q4
1750283342,39.2428942,9.0933459,D2,CAGLIARI - Zona OMI D2,13.796,9.0,Q4
1752677525,39.2543509,9.113061,D11,CAGLIARI - Zona OMI D11,13.6236,8.4,Q4
1752677708,39.2544861,9.1168634,D11,CAGLIARI - Zona OMI D11,13.6236,8.4,Q4
1752939244,39.2532596,9.1149146,D11,CAGLIARI - Zona OMI D11,13.6236,8.4,Q4
1752979743,39.2524915,9.1208215,D11,CAGLIARI - Zona OMI D11,13.6236,8.4,Q4
1752979813,39.2534412,9.1188998,D11,CAGLIARI - Zona OMI D11,13.6236,8.4,Q4
1752991477,39.2572099,9.1228291,D11,CAGLIARI - Zona OMI D11,13.6236,8.4,Q4
1753033755,39.2560571,9.1248008,D11,CAGLIARI - Zona OMI D11,13.6236,8.4,Q4
1753739585,39.2586705,9.1269747,D11,CAGLIARI - Zona OMI D11,13.6236,8.4,Q4
1755882802,39.2506349,9.1291646,D12,CAGLIARI - Zona OMI D12,14.1409,10.2,Q4
1758174742,39.2492042,9.1247447,D12,CAGLIARI - Zona OMI D12,14.1409,10.2,Q4
1762006333,39.2417852,9.1289957,D12,CAGLIARI - Zona OMI D12,14.1409,10.2,Q4
1762006353,39.2444337,9.1268887,D12,CAGLIARI - Zona OMI D12,14.1409,10.2,Q4
1762166889,39.2446393,9.1349016,D13,CAGLIARI - Zona OMI D13,13.4511,9.3,Q5
1762166903,39.2452098,9.1331984,D12,CAGLIARI - Zona OMI D12,14.1409,10.2,Q4
1762177612,39.2498003,9.1349686,D13,CAGLIARI - Zona OMI D13,13.4511,9.3,Q5
1767838635,39.1942462,9.1552073,D16,CAGLIARI - Zona OMI D16,20.3491,11.4,Q3
1771412280,39.2229399,9.1388088,C5,CAGLIARI - Zona OMI C5,16.3828,11.28,Q4
1783311722,39.2176736,9.0867413,E1,CAGLIARI - Zona OMI E1,5.8633,3.6,Q5
1821516873,39.2512829,9.1384159,D13,CAGLIARI - Zona OMI D13,13.4511,9.3,Q5
1833995997,39.2481364,9.0946354,D9,CAGLIARI - Zona OMI D9,11.7266,7.92,Q5
1912111979,39.1887253,9.1469794,D15,CAGLIARI - Zona OMI D15,13.4511,8.1,Q5
1959410503,39.2048983,9.1470128,D4,CAGLIARI - Zona OMI D4,17.245,11.1,Q4
1959410634,39.2094006,9.1489709,E2,CAGLIARI - Zona OMI E2,7.2429,4.62,Q5
1976182212,39.2210261,9.1105204,C3,CAGLIARI - Zona OMI C3,15.0032,10.8,Q4
1976182230,39.2226989,9.1107069,C3,CAGLIARI - Zona OMI C3,15.0032,10.8,Q4
2048787814,39.2139239,9.0987427,D14,CAGLIARI - Zona OMI D14,9.6572,6.3,Q5
2102252140,39.2157364,9.1147796,B1,CAGLIARI - Zona OMI B1,16.5552,11.1,Q4
2140190743,39.2003598,9.1327796,D15,CAGLIARI - Zona OMI D15,13.4511,8.1,Q5
2161358988,39.2456572,9.1367601,D13,CAGLIARI - Zona OMI D13,13.4511,9.3,Q5
2161369349,39.2472633,9.1371019,D13,CAGLIARI - Zona OMI D13,13.4511,9.3,Q5
2161371310,39.2479291,9.1350059,D13,CAGLIARI - Zona OMI D13,13.4511,9.3,Q5
2307384385,39.2166194,9.112825,B1,CAGLIARI - Zona OMI B1,16.5552,11.1,Q4
2400326002,39.216443,9.1208285,B2,CAGLIARI - Zona OMI B2,14.8307,10.56,Q4
2422262678,39.2409101,9.1188856,D12,CAGLIARI - Zona OMI D12,14.1409,10.2,Q4
2433711113,39.2518193,9.1114708,D9,CAGLIARI - Zona OMI D9,11.7266,7.92,Q5
2433722241,39.21665,9.1409715,C4,CAGLIARI - Zona OMI C4,17.245,11.52,Q4
2543618332,39.2417533,9.0968701,D2,CAGLIARI - Zona OMI D2,13.796,9.0,Q4
2550866372,39.2540153,9.0885988,D9,CAGLIARI - Zona OMI D9,11.7266,7.92,Q5
2550866427,39.2247324,9.0946809,D14,CAGLIARI - Zona OMI D14,9.6572,6.3,Q5
2550989572,39.2136421,9.1368762,C4,CAGLIARI - Zona OMI C4,17.245,11.52,Q4
2551007719,39.186328,9.1569273,D15,CAGLIARI - Zona OMI D15,13.4511,8.1,Q5
2551007746,39.1868132,9.15872,D15,CAGLIARI - Zona OMI D15,13.4511,8.1,Q5
2551007757,39.1852887,9.1592078,D15,CAGLIARI - Zona OMI D15,13.4511,8.1,Q5
2551007781,39.183416,9.159144,D15,CAGLIARI - Zona OMI D15,13.4511,8.1,Q5
2551031955,39.1931706,9.1409811,D15,CAGLIARI - Zona OMI D15,13.4511,8.1,Q5
2552400217,39.2137405,9.1069248,D14,CAGLIARI - Zona OMI D14,9.6572,6.3,Q5
2624681386,39.2277335,9.0720349,E1,CAGLIARI - Zona OMI E1,5.8633,3.6,Q5
2655580318,39.2269891,9.1042627,D2,CAGLIARI - Zona OMI D2,13.796,9.0,Q4
2716878303,39.2404971,9.1477191,D13,CAGLIARI - Zona OMI D13,13.4511,9.3,Q5
2814813324,39.2201002,9.1557869,E2,CAGLIARI - Zona OMI E2,7.2429,4.62,Q5
2814816868,39.222453,9.1621965,E2,CAGLIARI - Zona OMI E2,7.2429,4.62,Q5
2817142002,39.2112722,9.1529468,E2,CAGLIARI - Zona OMI E2,7.2429,4.62,Q5
2817144587,39.2129109,9.1532944,E2,CAGLIARI - Zona OMI E2,7.2429,4.62,Q5
2817153807,39.2160164,9.1546883,E2,CAGLIARI - Zona OMI E2,7.2429,4.62,Q5
2817167063,39.2202554,9.11313,B1,CAGLIARI - Zona OMI B1,16.5552,11.1,Q4
2817246341,39.2482103,9.1311225,D12,CAGLIARI - Zona OMI D12,14.1409,10.2,Q4
2817659494,39.214859,9.1370492,C4,CAGLIARI - Zona OMI C4,17.245,11.52,Q4
2833044701,39.1877305,9.1648491,D15,CAGLIARI - Zona OMI D15,13.4511,8.1,Q5
2833058304,39.1877264,9.1449323,D15,CAGLIARI - Zona OMI D15,13.4511,8.1,Q5
2833058401,39.1868911,9.1428145,D15,CAGLIARI - Zona OMI D15,13.4511,8.1,Q5
2842383207,39.1969866,9.1485878,D15,CAGLIARI - Zona OMI D15,13.4511,8.1,Q5
2844479897,39.1881276,9.1514718,D15,CAGLIARI - Zona OMI D15,13.4511,8.1,Q5
2844479900,39.1981909,9.1452437,D15,CAGLIARI - Zona OMI D15,13.4511,8.1,Q5
2853259828,39.2264473,9.1145931,C3,CAGLIARI - Zona OMI C3,15.0032,10.8,Q4
2939669839,39.2239793,9.1129473,B1,CAGLIARI - Zona OMI B1,16.5552,11.1,Q4
2948657263,39.2516231,9.1147405,D11,CAGLIARI - Zona OMI D11,13.6236,8.4,Q4
2971775879,39.1996706,9.1469542,D4,CAGLIARI - Zona OMI D4,17.245,11.1,Q4
3078449760,39.2111531,9.1250245,C4,CAGLIARI - Zona OMI C4,17.245,11.52,Q4
3078449799,39.2118219,9.1261245,C4,CAGLIARI - Zona OMI C4,17.245,11.52,Q4
3129277334,39.2077842,9.1210377,B2,CAGLIARI - Zona OMI B2,14.8307,10.56,Q4
3363528669,39.2012208,9.1429741,D4,CAGLIARI - Zona OMI D4,17.245,11.1,Q4
3375251445,39.2175183,9.1110246,B1,CAGLIARI - Zona OMI B1,16.5552,11.1,Q4
3430936974,39.2428553,9.0833417,E1,CAGLIARI - Zona OMI E1,5.8633,3.6,Q5
3430936979,39.241726,9.0847503,E1,CAGLIARI - Zona OMI E1,5.8633,3.6,Q5
3430936987,39.2408217,9.0866053,D2,CAGLIARI - Zona OMI D2,13.796,9.0,Q4
3430942196,39.2396512,9.0883679,E1,CAGLIARI - Zona OMI E1,5.8633,3.6,Q5
3430942200,39.2384588,9.0895446,E1,CAGLIARI - Zona OMI E1,5.8633,3.6,Q5
3430942206,39.2373212,9.0903905,E1,CAGLIARI - Zona OMI E1,5.8633,3.6,Q5
3529181723,39.2419626,9.1130009,D10,CAGLIARI - Zona OMI D10,13.796,9.12,Q4
3577241309,39.2527225,9.1340999,D11,CAGLIARI - Zona OMI D11,13.6236,8.4,Q4
3586834520,39.260506,9.0834666,D9,CAGLIARI - Zona OMI D9,11.7266,7.92,Q5
3733079068,39.197412,9.1471629,D15,CAGLIARI - Zona OMI D15,13.4511,8.1,Q5
3758452439,39.2208854,9.1308566,B2,CAGLIARI - Zona OMI B2,14.8307,10.56,Q4
3763287838,39.2177369,9.0880318,E1,CAGLIARI - Zona OMI E1,5.8633,3.6,Q5
3763287855,39.2189235,9.0861596,E1,CAGLIARI - Zona OMI E1,5.8633,3.6,Q5
3763287856,39.2202534,9.0849151,E1,CAGLIARI - Zona OMI E1,5.8633,3.6,Q5
3763305372,39.2220072,9.0847032,E1,CAGLIARI - Zona OMI E1,5.8633,3.6,Q5
3763305379,39.2248913,9.0829222,E1,CAGLIARI - Zona OMI E1,5.8633,3.6,Q5
3763305380,39.2238648,9.0838609,E1,CAGLIARI - Zona OMI E1,5.8633,3.6,Q5
3763305790,39.2423287,9.0291766,E1,CAGLIARI - Zona OMI E1,5.8633,3.6,Q5
3763305791,39.2281305,9.066786,E1,CAGLIARI - Zona OMI E1,5.8633,3.6,Q5
3763305797,39.2487619,9.0245257,E1,CAGLIARI - Zona OMI E1,5.8633,3.6,Q5
3763305798,39.24769,9.0258453,E1,CAGLIARI - Zona OMI E1,5.8633,3.6,Q5
3763305805,39.2496135,9.0234689,E1,CAGLIARI - Zona OMI E1,5.8633,3.6,Q5
3763305822,39.2276011,9.0647546,E1,CAGLIARI - Zona OMI E1,5.8633,3.6,Q5
3763305834,39.2265864,9.0625938,E1,CAGLIARI - Zona OMI E1,5.8633,3.6,Q5
3763305841,39.2328634,9.0463395,E1,CAGLIARI - Zona OMI E1,5.8633,3.6,Q5
3763305846,39.2334784,9.0430994,E1,CAGLIARI - Zona OMI E1,5.8633,3.6,Q5
3763309259,39.2343202,9.0398008,E1,CAGLIARI - Zona OMI E1,5.8633,3.6,Q5
3763309281,39.2284941,9.0598176,E1,CAGLIARI - Zona OMI E1,5.8633,3.6,Q5
3763309286,39.2295641,9.0578194,E1,CAGLIARI - Zona OMI E1,5.8633,3.6,Q5
3763309289,39.2302851,9.0564622,E1,CAGLIARI - Zona OMI E1,5.8633,3.6,Q5
3763309300,39.2301804,9.0731612,E1,CAGLIARI - Zona OMI E1,5.8633,3.6,Q5
3763309301,39.2313281,9.0542172,E1,CAGLIARI - Zona OMI E1,5.8633,3.6,Q5
3763309314,39.2320449,9.050674,E1,CAGLIARI - Zona OMI E1,5.8633,3.6,Q5
3763309316,39.229427,9.0708174,E1,CAGLIARI - Zona OMI E1,5.8633,3.6,Q5
3763309322,39.2323607,9.0490271,E1,CAGLIARI - Zona OMI E1,5.8633,3.6,Q5
3763309333,39.2349539,9.0383551,E1,CAGLIARI - Zona OMI E1,5.8633,3.6,Q5
3763309339,39.2364725,9.0364534,E1,CAGLIARI - Zona OMI E1,5.8633,3.6,Q5
3763309342,39.2376941,9.034946,E1,CAGLIARI - Zona OMI E1,5.8633,3.6,Q5
3763309344,39.2385396,9.0338946,E1,CAGLIARI - Zona OMI E1,5.8633,3.6,Q5
3763309348,39.2400125,9.032068,E1,CAGLIARI - Zona OMI E1,5.8633,3.6,Q5
3763309353,39.2414604,9.0302388,E1,CAGLIARI - Zona OMI E1,5.8633,3.6,Q5
3763309355,39.24188,9.0297613,E1,CAGLIARI - Zona OMI E1,5.8633,3.6,Q5
3763309367,39.2433113,9.0279937,E1,CAGLIARI - Zona OMI E1,5.8633,3.6,Q5
3763309373,39.2449893,9.0273334,E1,CAGLIARI - Zona OMI E1,5.8633,3.6,Q5
3763309376,39.2453137,9.0272615,E1,CAGLIARI - Zona OMI E1,5.8633,3.6,Q5
3763309379,39.2463067,9.0270684,E1,CAGLIARI - Zona OMI E1,5.8633,3.6,Q5
3763309390,39.2288847,9.0691303,E1,CAGLIARI - Zona OMI E1,5.8633,3.6,Q5
3771849226,39.1948208,9.0969335,E1,CAGLIARI - Zona OMI E1,5.8633,3.6,Q5
3771849227,39.1959723,9.0971225,E1,CAGLIARI - Zona OMI E1,5.8633,3.6,Q5
3771849228,39.1985815,9.0970507,E1,CAGLIARI - Zona OMI E1,5.8633,3.6,Q5
3771849229,39.1998306,9.0966454,E1,CAGLIARI - Zona OMI E1,5.8633,3.6,Q5
3806824101,39.2023006,9.1253404,C4,CAGLIARI - Zona OMI C4,17.245,11.52,Q4
3809925650,39.2076439,9.1249214,C4,CAGLIARI - Zona OMI C4,17.245,11.52,Q4
3812548070,39.2087416,9.1186737,B2,CAGLIARI - Zona OMI B2,14.8307,10.56,Q4
3816218870,39.213156,9.1128592,B1,CAGLIARI - Zona OMI B1,16.5552,11.1,Q4
3877858786,39.1904379,9.1387383,D15,CAGLIARI - Zona OMI D15,13.4511,8.1,Q5
3961529297,39.2162832,9.1772948,D16,CAGLIARI - Zona OMI D16,20.3491,11.4,Q3
4028348297,39.2100602,9.1136919,B1,CAGLIARI - Zona OMI B1,16.5552,11.1,Q4
4038324228,39.2095758,9.092119,E1,CAGLIARI - Zona OMI E1,5.8633,3.6,Q5
4044375747,39.2481882,9.1103804,D9,CAGLIARI - Zona OMI D9,11.7266,7.92,Q5
4050345394,39.2245298,9.1066807,C3,CAGLIARI - Zona OMI C3,15.0032,10.8,Q4
4050345815,39.2302473,9.1067876,C3,CAGLIARI - Zona OMI C3,15.0032,10.8,Q4
4050345950,39.232806,9.1006637,D2,CAGLIARI - Zona OMI D2,13.796,9.0,Q4
4069942819,39.2138322,9.108902,B1,CAGLIARI - Zona OMI B1,16.5552,11.1,Q4
4071708549,39.2194718,9.1109165,B1,CAGLIARI - Zona OMI B1,16.5552,11.1,Q4
4120467620,39.1949148,9.1406786,D15,CAGLIARI - Zona OMI D15,13.4511,8.1,Q5
4138094680,39.2291683,9.1329413,C5,CAGLIARI - Zona OMI C5,16.3828,11.28,Q4
4228868789,39.2538275,9.0909179,D9,CAGLIARI - Zona OMI D9,11.7266,7.92,Q5
4229026795,39.2312615,9.1050408,D2,CAGLIARI - Zona OMI D2,13.796,9.0,Q4
4229925893,39.205947,9.1450485,E2,CAGLIARI - Zona OMI E2,7.2429,4.62,Q5
4230313514,39.1905481,9.1630125,D15,CAGLIARI - Zona OMI D15,13.4511,8.1,Q5
4230313555,39.2030171,9.1470553,D4,CAGLIARI - Zona OMI D4,17.245,11.1,Q4
4230353709,39.1896799,9.14099,D15,CAGLIARI - Zona OMI D15,13.4511,8.1,Q5
4230353759,39.2031975,9.1352034,D3,CAGLIARI - Zona OMI D3,15.1756,10.02,Q4
4230354780,39.1977027,9.1389904,D15,CAGLIARI - Zona OMI D15,13.4511,8.1,Q5
4230356132,39.193061,9.1444737,D15,CAGLIARI - Zona OMI D15,13.4511,8.1,Q5
4230356143,39.1966501,9.1370973,D15,CAGLIARI - Zona OMI D15,13.4511,8.1,Q5
4230396300,39.202195,9.1330059,D3,CAGLIARI - Zona OMI D3,15.1756,10.02,Q4
4235104793,39.2401004,9.1164851,D10,CAGLIARI - Zona OMI D10,13.796,9.12,Q4
4235120611,39.2396155,9.1005841,D2,CAGLIARI - Zona OMI D2,13.796,9.0,Q4
4235178591,39.2336973,9.1028892,D2,CAGLIARI - Zona OMI D2,13.796,9.0,Q4
4235180094,39.2275585,9.1002977,D2,CAGLIARI - Zona OMI D2,13.796,9.0,Q4
4235185589,39.2316462,9.0987059,D2,CAGLIARI - Zona OMI D2,13.796,9.0,Q4
4235272707,39.220095,9.1089557,C3,CAGLIARI - Zona OMI C3,15.0032,10.8,Q4
4235356889,39.2435534,9.11687,D10,CAGLIARI - Zona OMI D10,13.796,9.12,Q4
4241728252,39.2223693,9.1085935,C3,CAGLIARI - Zona OMI C3,15.0032,10.8,Q4
4241778004,39.2151312,9.1529107,E2,CAGLIARI - Zona OMI E2,7.2429,4.62,Q5
4241778012,39.2159151,9.1523757,E2,CAGLIARI - Zona OMI E2,7.2429,4.62,Q5
4241778023,39.2147911,9.1501233,E2,CAGLIARI - Zona OMI E2,7.2429,4.62,Q5
4241782001,39.2196177,9.1554951,E2,CAGLIARI - Zona OMI E2,7.2429,4.62,Q5
4242571114,39.2050126,9.162829,D16,CAGLIARI - Zona OMI D16,20.3491,11.4,Q3
4242596805,39.2085495,9.1670366,D16,CAGLIARI - Zona OMI D16,20.3491,11.4,Q3
4242838921,39.2335327,9.1346786,D13,CAGLIARI - Zona OMI D13,13.4511,9.3,Q5
4242863366,39.2390268,9.130546,D13,CAGLIARI - Zona OMI D13,13.4511,9.3,Q5
4242864833,39.2445338,9.1307874,D12,CAGLIARI - Zona OMI D12,14.1409,10.2,Q4
4242865422,39.2383265,9.1369507,D13,CAGLIARI - Zona OMI D13,13.4511,9.3,Q5
4242878102,39.2355679,9.1343696,D13,CAGLIARI - Zona OMI D13,13.4511,9.3,Q5
4242887289,39.2381193,9.1330896,D13,CAGLIARI - Zona OMI D13,13.4511,9.3,Q5
4242887290,39.2472789,9.1289008,D12,CAGLIARI - Zona OMI D12,14.1409,10.2,Q4
4243016495,39.2580961,9.1213184,D11,CAGLIARI - Zona OMI D11,13.6236,8.4,Q4
4244292013,39.2461888,9.1309308,D12,CAGLIARI - Zona OMI D12,14.1409,10.2,Q4
4244320393,39.2579116,9.1171329,D11,CAGLIARI - Zona OMI D11,13.6236,8.4,Q4
4244396190,39.2560446,9.0967281,D9,CAGLIARI - Zona OMI D9,11.7266,7.92,Q5
4244683532,39.250768,9.1170087,D11,CAGLIARI - Zona OMI D11,13.6236,8.4,Q4
4245976092,39.2474794,9.1251033,D12,CAGLIARI - Zona OMI D12,14.1409,10.2,Q4
4259955458,39.2085497,9.130917,C4,CAGLIARI - Zona OMI C4,17.245,11.52,Q4
4425354702,39.2575263,9.0974706,D9,CAGLIARI - Zona OMI D9,11.7266,7.92,Q5
4557252953,39.2125577,9.1106625,B1,CAGLIARI - Zona OMI B1,16.5552,11.1,Q4
4668278614,39.2116404,9.0791446,E1,CAGLIARI - Zona OMI E1,5.8633,3.6,Q5
4668278617,39.2138588,9.0764222,E1,CAGLIARI - Zona OMI E1,5.8633,3.6,Q5
4668278626,39.2181665,9.0804793,E1,CAGLIARI - Zona OMI E1,5.8633,3.6,Q5
4668278636,39.2191057,9.0782156,E1,CAGLIARI - Zona OMI E1,5.8633,3.6,Q5
4668278646,39.2200865,9.0766974,E1,CAGLIARI - Zona OMI E1,5.8633,3.6,Q5
4668278661,39.2211619,9.0821229,E1,CAGLIARI - Zona OMI E1,5.8633,3.6,Q5
4668278663,39.2213562,9.0629431,E1,CAGLIARI - Zona OMI E1,5.8633,3.6,Q5
4668278668,39.2218715,9.0648152,E1,CAGLIARI - Zona OMI E1,5.8633,3.6,Q5
4668278674,39.2220491,9.0605814,E1,CAGLIARI - Zona OMI E1,5.8633,3.6,Q5
4668279609,39.2231556,9.0663173,E1,CAGLIARI - Zona OMI E1,5.8633,3.6,Q5
4668279619,39.2235785,9.0787312,E1,CAGLIARI - Zona OMI E1,5.8633,3.6,Q5
4668279630,39.2240678,9.0685757,E1,CAGLIARI - Zona OMI E1,5.8633,3.6,Q5
4668279656,39.225728,9.0725239,E1,CAGLIARI - Zona OMI E1,5.8633,3.6,Q5
4899932460,39.2084506,9.0849266,E1,CAGLIARI - Zona OMI E1,5.8633,3.6,Q5
4902689737,39.2336501,9.1148258,D10,CAGLIARI - Zona OMI D10,13.796,9.12,Q4
4902690046,39.235453,9.1149524,D10,CAGLIARI - Zona OMI D10,13.796,9.12,Q4
5205085828,39.2364167,9.1209124,C2,CAGLIARI - Zona OMI C2,14.4858,9.3,Q4
5338115314,39.2445303,9.1417957,D13,CAGLIARI - Zona OMI D13,13.4511,9.3,Q5
5338117821,39.2479154,9.1391437,D13,CAGLIARI - Zona OMI D13,13.4511,9.3,Q5
5359935172,39.2530328,9.1132865,D9,CAGLIARI - Zona OMI D9,11.7266,7.92,Q5
5364017472,39.2440438,9.1484234,D13,CAGLIARI - Zona OMI D13,13.4511,9.3,Q5
5365725281,39.2507285,9.1126503,D9,CAGLIARI - Zona OMI D9,11.7266,7.92,Q5
5412363649,39.2412559,9.0922668,D2,CAGLIARI - Zona OMI D2,13.796,9.0,Q4
5471236076,39.2306433,9.1248887,C2,CAGLIARI - Zona OMI C2,14.4858,9.3,Q4
5514396514,39.2508096,9.0830784,D9,CAGLIARI - Zona OMI D9,11.7266,7.92,Q5
5545134740,39.2364497,9.1168979,D10,CAGLIARI - Zona OMI D10,13.796,9.12,Q4
5578156044,39.2372259,9.1350762,D13,CAGLIARI - Zona OMI D13,13.4511,9.3,Q5
5972718215,39.16406,9.0299335,E1,CAGLIARI - Zona OMI E1,5.8633,3.6,Q5
5974229346,39.1624461,9.0206203,E1,CAGLIARI - Zona OMI E1,5.8633,3.6,Q5
5974229351,39.1678572,9.0285408,E1,CAGLIARI - Zona OMI E1,5.8633,3.6,Q5
5974229356,39.1651954,9.0304935,E1,CAGLIARI - Zona OMI E1,5.8633,3.6,Q5
5974229358,39.1638769,9.0293428,E1,CAGLIARI - Zona OMI E1,5.8633,3.6,Q5
5974229359,39.1625397,9.0284094,E1,CAGLIARI - Zona OMI E1,5.8633,3.6,Q5
5974229361,39.1618909,9.0276396,E1,CAGLIARI - Zona OMI E1,5.8633,3.6,Q5
5974229362,39.160878,9.0240079,E1,CAGLIARI - Zona OMI E1,5.8633,3.6,Q5
5974229364,39.1613085,9.0204138,E1,CAGLIARI - Zona OMI E1,5.8633,3.6,Q5
5974229366,39.1617702,9.0196118,E1,CAGLIARI - Zona OMI E1,5.8633,3.6,Q5
6034073764,39.2516487,9.1027913,D9,CAGLIARI - Zona OMI D9,11.7266,7.92,Q5
6049100072,39.2103585,9.1389192,D3,CAGLIARI - Zona OMI D3,15.1756,10.02,Q4
6086073177,39.2201159,9.0968728,D14,CAGLIARI - Zona OMI D14,9.6572,6.3,Q5
6086089286,39.1842901,9.1570115,D15,CAGLIARI - Zona OMI D15,13.4511,8.1,Q5
6086126706,39.1878468,9.1532475,D15,CAGLIARI - Zona OMI D15,13.4511,8.1,Q5
6086126787,39.1885687,9.1546423,D15,CAGLIARI - Zona OMI D15,13.4511,8.1,Q5
6086144463,39.1963962,9.1316487,D15,CAGLIARI - Zona OMI D15,13.4511,8.1,Q5
6086166519,39.2281255,9.1028661,D2,CAGLIARI - Zona OMI D2,13.796,9.0,Q4
6086217569,39.2093727,9.1295422,C4,CAGLIARI - Zona OMI C4,17.245,11.52,Q4
6093047863,39.1922982,9.1471908,D15,CAGLIARI - Zona OMI D15,13.4511,8.1,Q5
6093047884,39.1914429,9.1488828,D15,CAGLIARI - Zona OMI D15,13.4511,8.1,Q5
6093049092,39.1906751,9.1471088,D15,CAGLIARI - Zona OMI D15,13.4511,8.1,Q5
6093049103,39.189512,9.1487298,D15,CAGLIARI - Zona OMI D15,13.4511,8.1,Q5
6093049135,39.1914165,9.1449635,D15,CAGLIARI - Zona OMI D15,13.4511,8.1,Q5
6093049202,39.1869964,9.1468986,D15,CAGLIARI - Zona OMI D15,13.4511,8.1,Q5
6093049238,39.1860186,9.145198,D15,CAGLIARI - Zona OMI D15,13.4511,8.1,Q5
6093049257,39.1846348,9.1488731,D15,CAGLIARI - Zona OMI D15,13.4511,8.1,Q5
6093049270,39.1905488,9.154904,D15,CAGLIARI - Zona OMI D15,13.4511,8.1,Q5
6093049280,39.1897254,9.1565918,D15,CAGLIARI - Zona OMI D15,13.4511,8.1,Q5
6093049289,39.1891571,9.1590706,D15,CAGLIARI - Zona OMI D15,13.4511,8.1,Q5
6093049298,39.1905217,9.1587811,D15,CAGLIARI - Zona OMI D15,13.4511,8.1,Q5
6093049326,39.1912021,9.1530594,D15,CAGLIARI - Zona OMI D15,13.4511,8.1,Q5
6093054716,39.192244,9.1432504,D15,CAGLIARI - Zona OMI D15,13.4511,8.1,Q5
6093054724,39.190108,9.144968,D15,CAGLIARI - Zona OMI D15,13.4511,8.1,Q5
6106890865,39.2328811,9.1166074,D10,CAGLIARI - Zona OMI D10,13.796,9.12,Q4
6122292644,39.2233938,9.1044929,C3,CAGLIARI - Zona OMI C3,15.0032,10.8,Q4
6131677268,39.2374788,9.1194317,C2,CAGLIARI - Zona OMI C2,14.4858,9.3,Q4
6149496208,39.227373,9.0970389,D2,CAGLIARI - Zona OMI D2,13.796,9.0,Q4
6149519804,39.1987324,9.1489444,D4,CAGLIARI - Zona OMI D4,17.245,11.1,Q4
6149527865,39.2112015,9.1129669,B1,CAGLIARI - Zona OMI B1,16.5552,11.1,Q4
6149567917,39.1928361,9.162373,D16,CAGLIARI - Zona OMI D16,20.3491,11.4,Q3
6149567919,39.1928321,9.1610355,D16,CAGLIARI - Zona OMI D16,20.3491,11.4,Q3
6167688903,39.2165962,9.1249203,B2,CAGLIARI - Zona OMI B2,14.8307,10.56,Q4
6168445900,39.241454,9.1044122,D10,CAGLIARI - Zona OMI D10,13.796,9.12,Q4
6168445916,39.2408301,9.1028515,D10,CAGLIARI - Zona OMI D10,13.796,9.12,Q4
6170668966,39.1995112,9.150703,D4,CAGLIARI - Zona OMI D4,17.245,11.1,Q4
6229927409,39.1835591,9.1474201,D15,CAGLIARI - Zona OMI D15,13.4511,8.1,Q5
6247994297,39.2219949,9.1044441,C3,CAGLIARI - Zona OMI C3,15.0032,10.8,Q4
6267835216,39.205973,9.1648467,D16,CAGLIARI - Zona OMI D16,20.3491,11.4,Q3
6293681656,39.1997204,9.1588669,D16,CAGLIARI - Zona OMI D16,20.3491,11.4,Q3
6305779529,39.221109,9.1147327,B1,CAGLIARI - Zona OMI B1,16.5552,11.1,Q4
6328984333,39.23132,9.074947,E1,CAGLIARI - Zona OMI E1,5.8633,3.6,Q5
6328984371,39.2250274,9.0666605,E1,CAGLIARI - Zona OMI E1,5.8633,3.6,Q5
6328984486,39.2101844,9.0566281,E1,CAGLIARI - Zona OMI E1,5.8633,3.6,Q5
6328984493,39.1924155,9.0586407,E1,CAGLIARI - Zona OMI E1,5.8633,3.6,Q5
6328984495,39.1938972,9.0593484,E1,CAGLIARI - Zona OMI E1,5.8633,3.6,Q5
6339832471,39.2074994,9.1650738,D16,CAGLIARI - Zona OMI D16,20.3491,11.4,Q3
6339861223,39.2227369,9.1349784,C5,CAGLIARI - Zona OMI C5,16.3828,11.28,Q4
6369822475,39.215731,9.1104863,B1,CAGLIARI - Zona OMI B1,16.5552,11.1,Q4
6372602414,39.1728653,9.0244361,E1,CAGLIARI - Zona OMI E1,5.8633,3.6,Q5
6372602415,39.171727,9.0259132,E1,CAGLIARI - Zona OMI E1,5.8633,3.6,Q5
6372602417,39.1694025,9.0289468,E1,CAGLIARI - Zona OMI E1,5.8633,3.6,Q5
6372602420,39.1687428,9.0298242,E1,CAGLIARI - Zona OMI E1,5.8633,3.6,Q5
6403547181,39.2542007,9.1246766,D11,CAGLIARI - Zona OMI D11,13.6236,8.4,Q4
6418907296,39.2303753,9.1007022,D2,CAGLIARI - Zona OMI D2,13.796,9.0,Q4
6440467754,39.2291104,9.1007582,D2,CAGLIARI - Zona OMI D2,13.796,9.0,Q4
6491703571,39.2246603,9.1188363,B3,CAGLIARI - Zona OMI B3,15.5205,9.9,Q4
6524156244,39.2048875,9.135103,D3,CAGLIARI - Zona OMI D3,15.1756,10.02,Q4
6533862314,39.2463173,9.0829904,D9,CAGLIARI - Zona OMI D9,11.7266,7.92,Q5
6533862318,39.2451375,9.0839903,D9,CAGLIARI - Zona OMI D9,11.7266,7.92,Q5
6533862335,39.2443884,9.0829865,E1,CAGLIARI - Zona OMI E1,5.8633,3.6,Q5
6535742408,39.2264711,9.0986322,D2,CAGLIARI - Zona OMI D2,13.796,9.0,Q4
6539916754,39.2081168,9.1061973,D14,CAGLIARI - Zona OMI D14,9.6572,6.3,Q5
6643065710,39.2087654,9.0867325,E1,CAGLIARI - Zona OMI E1,5.8633,3.6,Q5
6667967517,39.2114357,9.1712508,D16,CAGLIARI - Zona OMI D16,20.3491,11.4,Q3
6681110385,39.2516433,9.0835449,D9,CAGLIARI - Zona OMI D9,11.7266,7.92,Q5
6775487582,39.2222859,9.068127,E1,CAGLIARI - Zona OMI E1,5.8633,3.6,Q5
6775526307,39.2225809,9.0624579,E1,CAGLIARI - Zona OMI E1,5.8633,3.6,Q5
6775526314,39.222625,9.0587122,E1,CAGLIARI - Zona OMI E1,5.8633,3.6,Q5
6789185270,39.2225767,9.102972,C3,CAGLIARI - Zona OMI C3,15.0032,10.8,Q4
6789225156,39.2165301,9.0804775,E1,CAGLIARI - Zona OMI E1,5.8633,3.6,Q5
6789225172,39.2161719,9.0847225,E1,CAGLIARI - Zona OMI E1,5.8633,3.6,Q5
6789225180,39.2137207,9.0827362,E1,CAGLIARI - Zona OMI E1,5.8633,3.6,Q5
6789233492,39.2157471,9.0829363,E1,CAGLIARI - Zona OMI E1,5.8633,3.6,Q5
6882629397,39.254506,9.1208286,D11,CAGLIARI - Zona OMI D11,13.6236,8.4,Q4
6948798797,39.184444,9.1639024,D15,CAGLIARI - Zona OMI D15,13.4511,8.1,Q5
6948798804,39.184235,9.1625203,D15,CAGLIARI - Zona OMI D15,13.4511,8.1,Q5
6948798835,39.1827252,9.1601294,D15,CAGLIARI - Zona OMI D15,13.4511,8.1,Q5
6975211183,39.1896747,9.1529338,D15,CAGLIARI - Zona OMI D15,13.4511,8.1,Q5
6989876509,39.1896375,9.1610307,D15,CAGLIARI - Zona OMI D15,13.4511,8.1,Q5
6990075663,39.1888123,9.1631205,D15,CAGLIARI - Zona OMI D15,13.4511,8.1,Q5
7007083454,39.1818683,9.1589327,D15,CAGLIARI - Zona OMI D15,13.4511,8.1,Q5
7088110119,39.2591037,9.1022912,D9,CAGLIARI - Zona OMI D9,11.7266,7.92,Q5
7176218411,39.2293274,9.1207865,C2,CAGLIARI - Zona OMI C2,14.4858,9.3,Q4
7177787606,39.2347252,9.1091813,D10,CAGLIARI - Zona OMI D10,13.796,9.12,Q4
7190872700,39.2430868,9.1067824,D10,CAGLIARI - Zona OMI D10,13.796,9.12,Q4
7354564223,39.2111743,9.1484729,E2,CAGLIARI - Zona OMI E2,7.2429,4.62,Q5
7354564228,39.2129216,9.1482177,E2,CAGLIARI - Zona OMI E2,7.2429,4.62,Q5
7389770068,39.2193349,9.134753,C4,CAGLIARI - Zona OMI C4,17.245,11.52,Q4
7466695670,39.2353668,9.1109172,D10,CAGLIARI - Zona OMI D10,13.796,9.12,Q4
7522989639,39.2174297,9.1146338,B4,CAGLIARI - Zona OMI B4,15.1756,9.54,Q4
7548883046,39.234575,9.1125712,D10,CAGLIARI - Zona OMI D10,13.796,9.12,Q4
7580315774,39.2501298,9.1409982,D13,CAGLIARI - Zona OMI D13,13.4511,9.3,Q5
7580324942,39.2457928,9.1425064,D13,CAGLIARI - Zona OMI D13,13.4511,9.3,Q5
7620412418,39.204245,9.1478892,D4,CAGLIARI - Zona OMI D4,17.245,11.1,Q4
7620412456,39.2059706,9.153128,D4,CAGLIARI - Zona OMI D4,17.245,11.1,Q4
7620412461,39.218975,9.1642614,E2,CAGLIARI - Zona OMI E2,7.2429,4.62,Q5
7620412463,39.2192638,9.1600815,E2,CAGLIARI - Zona OMI E2,7.2429,4.62,Q5
7620412466,39.2182309,9.1612277,E2,CAGLIARI - Zona OMI E2,7.2429,4.62,Q5
7620415576,39.2202963,9.1608809,E2,CAGLIARI - Zona OMI E2,7.2429,4.62,Q5
7728499328,39.254385,9.0966193,D9,CAGLIARI - Zona OMI D9,11.7266,7.92,Q5
7728503183,39.2517835,9.0913188,D9,CAGLIARI - Zona OMI D9,11.7266,7.92,Q5
7728529801,39.2511438,9.0924535,D9,CAGLIARI - Zona OMI D9,11.7266,7.92,Q5
7804547542,39.2219939,9.1169126,C3,CAGLIARI - Zona OMI C3,15.0032,10.8,Q4
7806121149,39.2220931,9.0968675,D14,CAGLIARI - Zona OMI D14,9.6572,6.3,Q5
7806507940,39.2447774,9.1122725,D10,CAGLIARI - Zona OMI D10,13.796,9.12,Q4
7843321033,39.2442365,9.110742,D10,CAGLIARI - Zona OMI D10,13.796,9.12,Q4
7843321060,39.2436008,9.1088821,D10,CAGLIARI - Zona OMI D10,13.796,9.12,Q4
7928005193,39.2320272,9.1308607,C5,CAGLIARI - Zona OMI C5,16.3828,11.28,Q4
7928451499,39.2312279,9.1170223,C2,CAGLIARI - Zona OMI C2,14.4858,9.3,Q4
7948289895,39.2416223,9.1506277,D13,CAGLIARI - Zona OMI D13,13.4511,9.3,Q5
7951767470,39.2182892,9.0971367,D14,CAGLIARI - Zona OMI D14,9.6572,6.3,Q5
7951830085,39.2166344,9.0968234,D14,CAGLIARI - Zona OMI D14,9.6572,6.3,Q5
7984593307,39.2282177,9.1229894,C2,CAGLIARI - Zona OMI C2,14.4858,9.3,Q4
7992368574,39.2585277,9.0987121,D9,CAGLIARI - Zona OMI D9,11.7266,7.92,Q5
8018283664,39.2163567,9.0957218,E1,CAGLIARI - Zona OMI E1,5.8633,3.6,Q5
8022340239,39.2184422,9.1330183,C4,CAGLIARI - Zona OMI C4,17.245,11.52,Q4
8059272794,39.2129381,9.0921646,E1,CAGLIARI - Zona OMI E1,5.8633,3.6,Q5
8059295526,39.2105064,9.0877636,E1,CAGLIARI - Zona OMI E1,5.8633,3.6,Q5
8084750575,39.2264845,9.0791386,E1,CAGLIARI - Zona OMI E1,5.8633,3.6,Q5
8084750600,39.2256763,9.0807147,E1,CAGLIARI - Zona OMI E1,5.8633,3.6,Q5
8142670295,39.2581572,9.0886256,D9,CAGLIARI - Zona OMI D9,11.7266,7.92,Q5
8147088870,39.2102187,9.1356233,C4,CAGLIARI - Zona OMI C4,17.245,11.52,Q4
8147088890,39.2107685,9.1364459,C4,CAGLIARI - Zona OMI C4,17.245,11.52,Q4
8168293420,39.2183797,9.1368866,C4,CAGLIARI - Zona OMI C4,17.245,11.52,Q4
8168293435,39.2172334,9.1347715,C4,CAGLIARI - Zona OMI C4,17.245,11.52,Q4
8234265720,39.2555205,9.1269134,D11,CAGLIARI - Zona OMI D11,13.6236,8.4,Q4
8241311678,39.2132138,9.1245097,C4,CAGLIARI - Zona OMI C4,17.245,11.52,Q4
8241311694,39.2140174,9.122914,B2,CAGLIARI - Zona OMI B2,14.8307,10.56,Q4
8294058522,39.2481231,9.1068589,D9,CAGLIARI - Zona OMI D9,11.7266,7.92,Q5
8297117023,39.2112599,9.1409754,C4,CAGLIARI - Zona OMI C4,17.245,11.52,Q4
8305267971,39.2083906,9.1482829,E2,CAGLIARI - Zona OMI E2,7.2429,4.62,Q5
8443711109,39.2104151,9.1426729,E2,CAGLIARI - Zona OMI E2,7.2429,4.62,Q5
8443712648,39.208544,9.1432052,D3,CAGLIARI - Zona OMI D3,15.1756,10.02,Q4
8467708169,39.191678,9.1612307,D15,CAGLIARI - Zona OMI D15,13.4511,8.1,Q5
8467801131,39.1904797,9.1647929,D15,CAGLIARI - Zona OMI D15,13.4511,8.1,Q5
8486417293,39.2094393,9.1249183,C4,CAGLIARI - Zona OMI C4,17.245,11.52,Q4
8522652431,39.2396508,9.1255624,D12,CAGLIARI - Zona OMI D12,14.1409,10.2,Q4
8522652463,39.2284017,9.1265096,C2,CAGLIARI - Zona OMI C2,14.4858,9.3,Q4
8522653656,39.2290202,9.13692,C5,CAGLIARI - Zona OMI C5,16.3828,11.28,Q4
8567992266,39.2127405,9.1602036,D16,CAGLIARI - Zona OMI D16,20.3491,11.4,Q3
8567992271,39.2136603,9.1585974,D16,CAGLIARI - Zona OMI D16,20.3491,11.4,Q3
8567992275,39.2140014,9.160999,D16,CAGLIARI - Zona OMI D16,20.3491,11.4,Q3
8567992285,39.2122385,9.159591,D16,CAGLIARI - Zona OMI D16,20.3491,11.4,Q3
8567992299,39.2070618,9.1547958,D16,CAGLIARI - Zona OMI D16,20.3491,11.4,Q3
8567992305,39.2059754,9.1571288,D16,CAGLIARI - Zona OMI D16,20.3491,11.4,Q3
8778951943,39.2103039,9.1148605,B1,CAGLIARI - Zona OMI B1,16.5552,11.1,Q4
8844588991,39.2150869,9.1411319,C4,CAGLIARI - Zona OMI C4,17.245,11.52,Q4
8844592428,39.219189,9.13873,C4,CAGLIARI - Zona OMI C4,17.245,11.52,Q4
8844592439,39.2201521,9.1368833,C4,CAGLIARI - Zona OMI C4,17.245,11.52,Q4
8844712057,39.2057254,9.1288601,C4,CAGLIARI - Zona OMI C4,17.245,11.52,Q4
8846476720,39.2337095,9.0867488,E1,CAGLIARI - Zona OMI E1,5.8633,3.6,Q5
9094677321,39.237371,9.1309375,D13,CAGLIARI - Zona OMI D13,13.4511,9.3,Q5
9095905603,39.2076664,9.1485565,E2,CAGLIARI - Zona OMI E2,7.2429,4.62,Q5
9095921431,39.1949476,9.1450561,D15,CAGLIARI - Zona OMI D15,13.4511,8.1,Q5
9095921437,39.1939503,9.1434138,D15,CAGLIARI - Zona OMI D15,13.4511,8.1,Q5
9121937519,39.2273985,9.1251195,C2,CAGLIARI - Zona OMI C2,14.4858,9.3,Q4
9135617631,39.2390973,9.1147827,D10,CAGLIARI - Zona OMI D10,13.796,9.12,Q4
9171427497,39.1860734,9.1492003,D15,CAGLIARI - Zona OMI D15,13.4511,8.1,Q5
9171480571,39.1878476,9.1490172,D15,CAGLIARI - Zona OMI D15,13.4511,8.1,Q5
9186394286,39.2607823,9.0902525,D9,CAGLIARI - Zona OMI D9,11.7266,7.92,Q5
9207623051,39.2179389,9.1394325,C4,CAGLIARI - Zona OMI C4,17.245,11.52,Q4
9248007099,39.2255541,9.0644421,E1,CAGLIARI - Zona OMI E1,5.8633,3.6,Q5
9248011848,39.22452,9.0626782,E1,CAGLIARI - Zona OMI E1,5.8633,3.6,Q5
9248011886,39.2273128,9.0686267,E1,CAGLIARI - Zona OMI E1,5.8633,3.6,Q5
9248011935,39.228475,9.0707099,E1,CAGLIARI - Zona OMI E1,5.8633,3.6,Q5
9248011945,39.2287557,9.0726845,E1,CAGLIARI - Zona OMI E1,5.8633,3.6,Q5
9257313084,39.2435952,9.1007966,D2,CAGLIARI - Zona OMI D2,13.796,9.0,Q4
9257414624,39.2461508,9.0985629,D2,CAGLIARI - Zona OMI D2,13.796,9.0,Q4
9357775630,39.2042749,9.1251424,C4,CAGLIARI - Zona OMI C4,17.245,11.52,Q4
9357775659,39.2008915,9.1288548,D3,CAGLIARI - Zona OMI D3,15.1756,10.02,Q4
9357775687,39.2014227,9.1309319,D3,CAGLIARI - Zona OMI D3,15.1756,10.02,Q4
9372925151,39.2337765,9.1271541,C2,CAGLIARI - Zona OMI C2,14.4858,9.3,Q4
9396648001,39.2498225,9.0951058,D9,CAGLIARI - Zona OMI D9,11.7266,7.92,Q5
9396648012,39.2524918,9.0928567,D9,CAGLIARI - Zona OMI D9,11.7266,7.92,Q5
9396649419,39.2591463,9.0877238,D9,CAGLIARI - Zona OMI D9,11.7266,7.92,Q5
9417741857,39.228188,9.135129,C5,CAGLIARI - Zona OMI C5,16.3828,11.28,Q4
9433347881,39.2066818,9.1229478,B2,CAGLIARI - Zona OMI B2,14.8307,10.56,Q4
9466272405,39.2228919,9.1147659,B1,CAGLIARI - Zona OMI B1,16.5552,11.1,Q4
9466602046,39.1964852,9.1593419,D16,CAGLIARI - Zona OMI D16,20.3491,11.4,Q3
9532841658,39.2491645,9.1369329,D13,CAGLIARI - Zona OMI D13,13.4511,9.3,Q5
9549302175,39.2310113,9.1288962,C5,CAGLIARI - Zona OMI C5,16.3828,11.28,Q4
9602633511,39.2215865,9.0714818,E1,CAGLIARI - Zona OMI E1,5.8633,3.6,Q5
9602657046,39.2163694,9.056233,E1,CAGLIARI - Zona OMI E1,5.8633,3.6,Q5
9602693150,39.215492,9.078735,E1,CAGLIARI - Zona OMI E1,5.8633,3.6,Q5
9602777529,39.2136726,9.0809628,E1,CAGLIARI - Zona OMI E1,5.8633,3.6,Q5
9602777532,39.2146936,9.0805959,E1,CAGLIARI - Zona OMI E1,5.8633,3.6,Q5
9603355735,39.1968085,9.1449491,D15,CAGLIARI - Zona OMI D15,13.4511,8.1,Q5
9612873590,39.1993754,9.1431912,D15,CAGLIARI - Zona OMI D15,13.4511,8.1,Q5
9626133225,39.1931806,9.136905,D15,CAGLIARI - Zona OMI D15,13.4511,8.1,Q5
9628975662,39.1727298,9.0376775,E1,CAGLIARI - Zona OMI E1,5.8633,3.6,Q5
9635553182,39.2389816,9.1067577,D10,CAGLIARI - Zona OMI D10,13.796,9.12,Q4
9683257699,39.2457029,9.1087634,D10,CAGLIARI - Zona OMI D10,13.796,9.12,Q4
9796684622,39.2048868,9.1308126,D3,CAGLIARI - Zona OMI D3,15.1756,10.02,Q4
9796684639,39.2041056,9.1326649,D3,CAGLIARI - Zona OMI D3,15.1756,10.02,Q4
9796684645,39.2032509,9.1312365,D3,CAGLIARI - Zona OMI D3,15.1756,10.02,Q4
9798318356,39.2059522,9.1249328,C4,CAGLIARI - Zona OMI C4,17.245,11.52,Q4
9820783351,39.250831,9.0842694,D9,CAGLIARI - Zona OMI D9,11.7266,7.92,Q5
9834075289,39.2434743,9.0967761,D2,CAGLIARI - Zona OMI D2,13.796,9.0,Q4
9860535827,39.2139182,9.1108581,B1,CAGLIARI - Zona OMI B1,16.5552,11.1,Q4
9922114735,39.2381867,9.1085929,D10,CAGLIARI - Zona OMI D10,13.796,9.12,Q4
9949070594,39.1960834,9.1471544,D15,CAGLIARI - Zona OMI D15,13.4511,8.1,Q5
9966846106,39.211571,9.0824311,E1,CAGLIARI - Zona OMI E1,5.8633,3.6,Q5
9966846108,39.2112869,9.0809727,E1,CAGLIARI - Zona OMI E1,5.8633,3.6,Q5
10092095611,39.2595915,9.0845995,D9,CAGLIARI - Zona OMI D9,11.7266,7.92,Q5
10159726486,39.2109016,9.1292555,C4,CAGLIARI - Zona OMI C4,17.245,11.52,Q4
10174676167,39.1701004,9.0348528,E1,CAGLIARI - Zona OMI E1,5.8633,3.6,Q5
10174676168,39.1717231,9.0362688,E1,CAGLIARI - Zona OMI E1,5.8633,3.6,Q5
10174676170,39.1729099,9.0373769,E1,CAGLIARI - Zona OMI E1,5.8633,3.6,Q5
10174676178,39.1741488,9.0383909,E1,CAGLIARI - Zona OMI E1,5.8633,3.6,Q5
10174676187,39.1706164,9.0304123,E1,CAGLIARI - Zona OMI E1,5.8633,3.6,Q5
10174676192,39.1724176,9.0304143,E1,CAGLIARI - Zona OMI E1,5.8633,3.6,Q5
10174676201,39.1741384,9.0286621,E1,CAGLIARI - Zona OMI E1,5.8633,3.6,Q5
10174676208,39.1753235,9.0278632,E1,CAGLIARI - Zona OMI E1,5.8633,3.6,Q5
10174676211,39.1762324,9.0286934,E1,CAGLIARI - Zona OMI E1,5.8633,3.6,Q5
10174676212,39.1763808,9.029404,E1,CAGLIARI - Zona OMI E1,5.8633,3.6,Q5
10174676216,39.2438388,9.0123243,E1,CAGLIARI - Zona OMI E1,5.8633,3.6,Q5
10174708518,39.2420709,9.0129189,E1,CAGLIARI - Zona OMI E1,5.8633,3.6,Q5
10174708523,39.2398588,9.014731,E1,CAGLIARI - Zona OMI E1,5.8633,3.6,Q5
10174708525,39.2377426,9.0179941,E1,CAGLIARI - Zona OMI E1,5.8633,3.6,Q5
10174708529,39.2350891,9.0227189,E1,CAGLIARI - Zona OMI E1,5.8633,3.6,Q5
10174708532,39.2345792,9.0241771,E1,CAGLIARI - Zona OMI E1,5.8633,3.6,Q5
10174708534,39.2343188,9.0270226,E1,CAGLIARI - Zona OMI E1,5.8633,3.6,Q5
10174708535,39.2341488,9.0289054,E1,CAGLIARI - Zona OMI E1,5.8633,3.6,Q5
10174708536,39.2339953,9.0304875,E1,CAGLIARI - Zona OMI E1,5.8633,3.6,Q5
10174708537,39.2337897,9.0327136,E1,CAGLIARI - Zona OMI E1,5.8633,3.6,Q5
10174708540,39.2334553,9.0363625,E1,CAGLIARI - Zona OMI E1,5.8633,3.6,Q5
10174708544,39.233702,9.0387586,E1,CAGLIARI - Zona OMI E1,5.8633,3.6,Q5
10174708566,39.2338112,9.0345983,E1,CAGLIARI - Zona OMI E1,5.8633,3.6,Q5
10174708568,39.2340221,9.0323692,E1,CAGLIARI - Zona OMI E1,5.8633,3.6,Q5
10174708577,39.2362913,9.020548,E1,CAGLIARI - Zona OMI E1,5.8633,3.6,Q5
10174708580,39.2388071,9.0166803,E1,CAGLIARI - Zona OMI E1,5.8633,3.6,Q5
10174708582,39.2404898,9.0141027,E1,CAGLIARI - Zona OMI E1,5.8633,3.6,Q5
10174708588,39.2452862,9.0120374,E1,CAGLIARI - Zona OMI E1,5.8633,3.6,Q5
10174708602,39.2349206,9.0358863,E1,CAGLIARI - Zona OMI E1,5.8633,3.6,Q5
10174708620,39.2293139,9.0325126,E1,CAGLIARI - Zona OMI E1,5.8633,3.6,Q5
10174708624,39.230294,9.0310226,E1,CAGLIARI - Zona OMI E1,5.8633,3.6,Q5
10174708672,39.2211363,9.0463726,E1,CAGLIARI - Zona OMI E1,5.8633,3.6,Q5
10174708679,39.2201772,9.0523306,E1,CAGLIARI - Zona OMI E1,5.8633,3.6,Q5
10174708682,39.2221918,9.0553099,E1,CAGLIARI - Zona OMI E1,5.8633,3.6,Q5
10174708684,39.2230749,9.0569028,E1,CAGLIARI - Zona OMI E1,5.8633,3.6,Q5
10174708707,39.2273819,9.0606971,E1,CAGLIARI - Zona OMI E1,5.8633,3.6,Q5
10174708711,39.2283127,9.0591181,E1,CAGLIARI - Zona OMI E1,5.8633,3.6,Q5
10174708761,39.2294185,9.0369682,E1,CAGLIARI - Zona OMI E1,5.8633,3.6,Q5
10174708764,39.2302921,9.0377808,E1,CAGLIARI - Zona OMI E1,5.8633,3.6,Q5
10174708782,39.2328703,9.042516,E1,CAGLIARI - Zona OMI E1,5.8633,3.6,Q5
10174708783,39.2325917,9.0439847,E1,CAGLIARI - Zona OMI E1,5.8633,3.6,Q5
10174708785,39.2320437,9.0468567,E1,CAGLIARI - Zona OMI E1,5.8633,3.6,Q5
10174708786,39.2317851,9.0482227,E1,CAGLIARI - Zona OMI E1,5.8633,3.6,Q5
10174708788,39.2310327,9.0522226,E1,CAGLIARI - Zona OMI E1,5.8633,3.6,Q5
10174708791,39.2304466,9.0545436,E1,CAGLIARI - Zona OMI E1,5.8633,3.6,Q5
10174708794,39.2292619,9.0567992,E1,CAGLIARI - Zona OMI E1,5.8633,3.6,Q5
10174708808,39.2255304,9.0607056,E1,CAGLIARI - Zona OMI E1,5.8633,3.6,Q5
10174708814,39.2243655,9.0591762,E1,CAGLIARI - Zona OMI E1,5.8633,3.6,Q5
10174708836,39.220421,9.0644235,E1,CAGLIARI - Zona OMI E1,5.8633,3.6,Q5
10174708847,39.2213423,9.0667164,E1,CAGLIARI - Zona OMI E1,5.8633,3.6,Q5
10182472800,39.2408852,9.1349421,D13,CAGLIARI - Zona OMI D13,13.4511,9.3,Q5
10185850417,39.1898634,9.165249,D15,CAGLIARI - Zona OMI D15,13.4511,8.1,Q5
10185850467,39.1843646,9.1611949,D15,CAGLIARI - Zona OMI D15,13.4511,8.1,Q5
10185850495,39.1871047,9.1657627,D15,CAGLIARI - Zona OMI D15,13.4511,8.1,Q5
10185850502,39.1861234,9.1649097,D15,CAGLIARI - Zona OMI D15,13.4511,8.1,Q5
10185850511,39.1850548,9.1638851,D15,CAGLIARI - Zona OMI D15,13.4511,8.1,Q5
10185954636,39.1851109,9.146947,D15,CAGLIARI - Zona OMI D15,13.4511,8.1,Q5
10185954661,39.190381,9.1432482,D15,CAGLIARI - Zona OMI D15,13.4511,8.1,Q5
10185954678,39.1878651,9.1414637,D15,CAGLIARI - Zona OMI D15,13.4511,8.1,Q5
10185954765,39.186337,9.1532284,D15,CAGLIARI - Zona OMI D15,13.4511,8.1,Q5
10282459032,39.2003026,9.1415626,D15,CAGLIARI - Zona OMI D15,13.4511,8.1,Q5
10300286341,39.238329,9.144598,D13,CAGLIARI - Zona OMI D13,13.4511,9.3,Q5
10690393699,39.2592779,9.1252553,D11,CAGLIARI - Zona OMI D11,13.6236,8.4,Q4
10720924158,39.2264242,9.1312369,C5,CAGLIARI - Zona OMI C5,16.3828,11.28,Q4
10762109688,39.2301795,9.1307247,C5,CAGLIARI - Zona OMI C5,16.3828,11.28,Q4
10764575126,39.2007972,9.0710275,E1,CAGLIARI - Zona OMI E1,5.8633,3.6,Q5
10764575130,39.2003691,9.0714783,E1,CAGLIARI - Zona OMI E1,5.8633,3.6,Q5
10764575135,39.1991044,9.0690056,E1,CAGLIARI - Zona OMI E1,5.8633,3.6,Q5
10764575154,39.1942818,9.0631028,E1,CAGLIARI - Zona OMI E1,5.8633,3.6,Q5
10764575156,39.1929432,9.0643766,E1,CAGLIARI - Zona OMI E1,5.8633,3.6,Q5
10764575165,39.1930852,9.0630651,E1,CAGLIARI - Zona OMI E1,5.8633,3.6,Q5
10765498098,39.2121047,9.1428713,E2,CAGLIARI - Zona OMI E2,7.2429,4.62,Q5
10770607409,39.2037199,9.0872583,D14,CAGLIARI - Zona OMI D14,9.6572,6.3,Q5
10770607414,39.2030831,9.0898515,D14,CAGLIARI - Zona OMI D14,9.6572,6.3,Q5
10770607428,39.2045386,9.0944489,D14,CAGLIARI - Zona OMI D14,9.6572,6.3,Q5
10770607434,39.2046807,9.0930153,D14,CAGLIARI - Zona OMI D14,9.6572,6.3,Q5
10770607436,39.2045429,9.0903659,D14,CAGLIARI - Zona OMI D14,9.6572,6.3,Q5
10770607437,39.2059184,9.0925021,D14,CAGLIARI - Zona OMI D14,9.6572,6.3,Q5
10781466793,39.2252408,9.128952,B2,CAGLIARI - Zona OMI B2,14.8307,10.56,Q4
10782114175,39.2258933,9.0819812,E1,CAGLIARI - Zona OMI E1,5.8633,3.6,Q5
10782114182,39.2268989,9.0802243,E1,CAGLIARI - Zona OMI E1,5.8633,3.6,Q5
10782114187,39.2281996,9.0784138,E1,CAGLIARI - Zona OMI E1,5.8633,3.6,Q5
10782114193,39.2312632,9.0762748,E1,CAGLIARI - Zona OMI E1,5.8633,3.6,Q5
10782165711,39.2302503,9.0741196,E1,CAGLIARI - Zona OMI E1,5.8633,3.6,Q5
10807135391,39.231056,9.1207175,C2,CAGLIARI - Zona OMI C2,14.4858,9.3,Q4
10807185817,39.2357582,9.1228242,C2,CAGLIARI - Zona OMI C2,14.4858,9.3,Q4
10807185854,39.2346994,9.1206088,C2,CAGLIARI - Zona OMI C2,14.4858,9.3,Q4
10807185864,39.2329166,9.1204582,C2,CAGLIARI - Zona OMI C2,14.4858,9.3,Q4
10820325057,39.2283389,9.1151299,C2,CAGLIARI - Zona OMI C2,14.4858,9.3,Q4
10824082848,39.2283193,9.1189014,C2,CAGLIARI - Zona OMI C2,14.4858,9.3,Q4
10843102936,39.2436628,9.1050445,D10,CAGLIARI - Zona OMI D10,13.796,9.12,Q4
10852743401,39.2529095,9.0962173,D9,CAGLIARI - Zona OMI D9,11.7266,7.92,Q5
10862625710,39.2105434,9.0913931,E1,CAGLIARI - Zona OMI E1,5.8633,3.6,Q5
10862625726,39.21225,9.0873075,E1,CAGLIARI - Zona OMI E1,5.8633,3.6,Q5
10862625742,39.2129272,9.0888023,E1,CAGLIARI - Zona OMI E1,5.8633,3.6,Q5
10862625753,39.2139657,9.0907379,E1,CAGLIARI - Zona OMI E1,5.8633,3.6,Q5
10862625884,39.2147127,9.0887804,E1,CAGLIARI - Zona OMI E1,5.8633,3.6,Q5
10862625891,39.2158339,9.0875126,E1,CAGLIARI - Zona OMI E1,5.8633,3.6,Q5
10862625954,39.2154457,9.0905565,E1,CAGLIARI - Zona OMI E1,5.8633,3.6,Q5
10862626059,39.2225469,9.0820039,E1,CAGLIARI - Zona OMI E1,5.8633,3.6,Q5
10862626064,39.2234969,9.0810566,E1,CAGLIARI - Zona OMI E1,5.8633,3.6,Q5
10864590116,39.209731,9.0671739,E1,CAGLIARI - Zona OMI E1,5.8633,3.6,Q5
10864590160,39.2126449,9.0856667,E1,CAGLIARI - Zona OMI E1,5.8633,3.6,Q5
10864590178,39.2137324,9.0862919,E1,CAGLIARI - Zona OMI E1,5.8633,3.6,Q5
10864590323,39.2304169,9.0785125,E1,CAGLIARI - Zona OMI E1,5.8633,3.6,Q5
10864590327,39.23112,9.0779042,E1,CAGLIARI - Zona OMI E1,5.8633,3.6,Q5
10875049650,39.2031079,9.1630146,D16,CAGLIARI - Zona OMI D16,20.3491,11.4,Q3
10875049654,39.2043478,9.1650105,D16,CAGLIARI - Zona OMI D16,20.3491,11.4,Q3
10875049659,39.2062856,9.1672379,D16,CAGLIARI - Zona OMI D16,20.3491,11.4,Q3
10875049662,39.208832,9.1704314,D16,CAGLIARI - Zona OMI D16,20.3491,11.4,Q3
10875049663,39.2098631,9.1715674,D16,CAGLIARI - Zona OMI D16,20.3491,11.4,Q3
10875049664,39.2105828,9.1725674,D16,CAGLIARI - Zona OMI D16,20.3491,11.4,Q3
10875049666,39.2122696,9.1748246,D16,CAGLIARI - Zona OMI D16,20.3491,11.4,Q3
10875049670,39.2146286,9.17844,D16,CAGLIARI - Zona OMI D16,20.3491,11.4,Q3
10889016957,39.2451887,9.0886205,D9,CAGLIARI - Zona OMI D9,11.7266,7.92,Q5
10943626000,39.2031477,9.089286,D14,CAGLIARI - Zona OMI D14,9.6572,6.3,Q5
10943669211,39.2078497,9.1053848,D14,CAGLIARI - Zona OMI D14,9.6572,6.3,Q5
10948807008,39.2167033,9.1049287,D14,CAGLIARI - Zona OMI D14,9.6572,6.3,Q5
10959368177,39.2036007,9.0953579,E1,CAGLIARI - Zona OMI E1,5.8633,3.6,Q5
10965183585,39.2419663,9.1426904,D13,CAGLIARI - Zona OMI D13,13.4511,9.3,Q5
10965191125,39.238858,9.1424247,D13,CAGLIARI - Zona OMI D13,13.4511,9.3,Q5
10969345508,39.2357667,9.0929649,D2,CAGLIARI - Zona OMI D2,13.796,9.0,Q4
10969389985,39.2056985,9.1495162,D4,CAGLIARI - Zona OMI D4,17.245,11.1,Q4
10969869017,39.2573555,9.0942807,D9,CAGLIARI - Zona OMI D9,11.7266,7.92,Q5
10969869130,39.2592625,9.1009293,D9,CAGLIARI - Zona OMI D9,11.7266,7.92,Q5
10969869178,39.2565853,9.098746,D9,CAGLIARI - Zona OMI D9,11.7266,7.92,Q5
10969885647,39.2586026,9.0901639,D9,CAGLIARI - Zona OMI D9,11.7266,7.92,Q5
10969885650,39.2596885,9.0892957,D9,CAGLIARI - Zona OMI D9,11.7266,7.92,Q5
10970847422,39.219628,9.0987026,D14,CAGLIARI - Zona OMI D14,9.6572,6.3,Q5
10974835618,39.2220943,9.0806747,E1,CAGLIARI - Zona OMI E1,5.8633,3.6,Q5
10974835724,39.2222331,9.0727488,E1,CAGLIARI - Zona OMI E1,5.8633,3.6,Q5
10983772523,39.2561392,9.1296296,D11,CAGLIARI - Zona OMI D11,13.6236,8.4,Q4
10984439993,39.2445824,9.114893,D10,CAGLIARI - Zona OMI D10,13.796,9.12,Q4
10984451455,39.2464515,9.1148924,D10,CAGLIARI - Zona OMI D10,13.796,9.12,Q4
10984795464,39.1932476,9.1533652,D15,CAGLIARI - Zona OMI D15,13.4511,8.1,Q5
10989110091,39.1888048,9.1426309,D15,CAGLIARI - Zona OMI D15,13.4511,8.1,Q5
10989630784,39.185789,9.1438796,D15,CAGLIARI - Zona OMI D15,13.4511,8.1,Q5
10989630785,39.1861599,9.1509055,D15,CAGLIARI - Zona OMI D15,13.4511,8.1,Q5
10989630797,39.1836627,9.1561431,D15,CAGLIARI - Zona OMI D15,13.4511,8.1,Q5
11013707527,39.1913052,9.0574969,E1,CAGLIARI - Zona OMI E1,5.8633,3.6,Q5
11013707534,39.1897728,9.0559925,E1,CAGLIARI - Zona OMI E1,5.8633,3.6,Q5
11013707538,39.1877453,9.0539923,E1,CAGLIARI - Zona OMI E1,5.8633,3.6,Q5
11013707542,39.1870661,9.0533137,E1,CAGLIARI - Zona OMI E1,5.8633,3.6,Q5
11013707543,39.1862132,9.0524616,E1,CAGLIARI - Zona OMI E1,5.8633,3.6,Q5
11013707566,39.1848338,9.0510835,E1,CAGLIARI - Zona OMI E1,5.8633,3.6,Q5
11013707567,39.183426,9.0495684,E1,CAGLIARI - Zona OMI E1,5.8633,3.6,Q5
11013707570,39.1830649,9.0491719,E1,CAGLIARI - Zona OMI E1,5.8633,3.6,Q5
11013707572,39.1814207,9.0473403,E1,CAGLIARI - Zona OMI E1,5.8633,3.6,Q5
11013707580,39.1789994,9.044652,E1,CAGLIARI - Zona OMI E1,5.8633,3.6,Q5
11013707589,39.1776447,9.0425897,E1,CAGLIARI - Zona OMI E1,5.8633,3.6,Q5
11053698466,39.2066212,9.0868443,E1,CAGLIARI - Zona OMI E1,5.8633,3.6,Q5
11053698478,39.209254,9.0882124,E1,CAGLIARI - Zona OMI E1,5.8633,3.6,Q5
11053698485,39.2087536,9.0905814,E1,CAGLIARI - Zona OMI E1,5.8633,3.6,Q5
11053698493,39.207488,9.0926747,D14,CAGLIARI - Zona OMI D14,9.6572,6.3,Q5
11061413832,39.2001516,9.0752094,E1,CAGLIARI - Zona OMI E1,5.8633,3.6,Q5
11061413833,39.1997047,9.0759514,E1,CAGLIARI - Zona OMI E1,5.8633,3.6,Q5
11061413835,39.1989522,9.0771773,E1,CAGLIARI - Zona OMI E1,5.8633,3.6,Q5
11061413837,39.1975965,9.0794381,E1,CAGLIARI - Zona OMI E1,5.8633,3.6,Q5
11061413838,39.1967746,9.0808127,E1,CAGLIARI - Zona OMI E1,5.8633,3.6,Q5
11061413839,39.1960878,9.0825197,E1,CAGLIARI - Zona OMI E1,5.8633,3.6,Q5
11061413841,39.1948684,9.0855497,E1,CAGLIARI - Zona OMI E1,5.8633,3.6,Q5
11061413842,39.1943064,9.0869441,E1,CAGLIARI - Zona OMI E1,5.8633,3.6,Q5
11061413844,39.1934303,9.0891472,E1,CAGLIARI - Zona OMI E1,5.8633,3.6,Q5
11061413845,39.1929364,9.0912137,E1,CAGLIARI - Zona OMI E1,5.8633,3.6,Q5
11061413846,39.192626,9.0925323,E1,CAGLIARI - Zona OMI E1,5.8633,3.6,Q5
11061413848,39.1924719,9.0937157,E1,CAGLIARI - Zona OMI E1,5.8633,3.6,Q5
11061413899,39.2148527,9.0565934,E1,CAGLIARI - Zona OMI E1,5.8633,3.6,Q5
11061419907,39.2147687,9.0582635,E1,CAGLIARI - Zona OMI E1,5.8633,3.6,Q5
11061419908,39.2146608,9.064678,E1,CAGLIARI - Zona OMI E1,5.8633,3.6,Q5
11061419912,39.2075111,9.0887423,E1,CAGLIARI - Zona OMI E1,5.8633,3.6,Q5
11066863357,39.2048748,9.0860251,D14,CAGLIARI - Zona OMI D14,9.6572,6.3,Q5
11104492426,39.2256033,9.120956,C2,CAGLIARI - Zona OMI C2,14.4858,9.3,Q4
11107400700,39.2148304,9.1009771,D14,CAGLIARI - Zona OMI D14,9.6572,6.3,Q5
11113942097,39.2067893,9.0938954,E1,CAGLIARI - Zona OMI E1,5.8633,3.6,Q5
11148431254,39.2424942,9.0906538,D2,CAGLIARI - Zona OMI D2,13.796,9.0,Q4
11165605602,39.2128806,9.1731357,D16,CAGLIARI - Zona OMI D16,20.3491,11.4,Q3
11176102247,39.212217,9.1230432,B2,CAGLIARI - Zona OMI B2,14.8307,10.56,Q4
11180649875,39.224784,9.1108494,C3,CAGLIARI - Zona OMI C3,15.0032,10.8,Q4
11190449900,39.2131395,9.1406971,C4,CAGLIARI - Zona OMI C4,17.245,11.52,Q4
11193065877,39.2125551,9.0976393,D14,CAGLIARI - Zona OMI D14,9.6572,6.3,Q5
11212068693,39.2085485,9.1228683,B2,CAGLIARI - Zona OMI B2,14.8307,10.56,Q4
11243787770,39.1939553,9.1470175,D15,CAGLIARI - Zona OMI D15,13.4511,8.1,Q5
11245254256,39.2146986,9.1329804,C4,CAGLIARI - Zona OMI C4,17.245,11.52,Q4
11260191606,39.2157323,9.1711535,D16,CAGLIARI - Zona OMI D16,20.3491,11.4,Q3
11277029428,39.1933096,9.1492745,D15,CAGLIARI - Zona OMI D15,13.4511,8.1,Q5
11277029434,39.1960011,9.1510021,D15,CAGLIARI - Zona OMI D15,13.4511,8.1,Q5
11277029451,39.1922127,9.1508675,D15,CAGLIARI - Zona OMI D15,13.4511,8.1,Q5
11277029459,39.1948702,9.1487577,D15,CAGLIARI - Zona OMI D15,13.4511,8.1,Q5
11288867320,39.1934641,9.156814,D15,CAGLIARI - Zona OMI D15,13.4511,8.1,Q5
11293289229,39.2048648,9.1537896,D16,CAGLIARI - Zona OMI D16,20.3491,11.4,Q3
11293289233,39.2032931,9.1539399,D16,CAGLIARI - Zona OMI D16,20.3491,11.4,Q3
11293289237,39.2019626,9.1539545,D16,CAGLIARI - Zona OMI D16,20.3491,11.4,Q3
11293289241,39.2012079,9.1541236,D16,CAGLIARI - Zona OMI D16,20.3491,11.4,Q3
11293289243,39.1994867,9.1541632,D16,CAGLIARI - Zona OMI D16,20.3491,11.4,Q3
11293289246,39.1976296,9.1541236,D16,CAGLIARI - Zona OMI D16,20.3491,11.4,Q3
11293289252,39.1964246,9.1543073,D16,CAGLIARI - Zona OMI D16,20.3491,11.4,Q3
11327571894,39.2315456,9.1270191,C2,CAGLIARI - Zona OMI C2,14.4858,9.3,Q4
11392399021,39.1995345,9.1310261,D15,CAGLIARI - Zona OMI D15,13.4511,8.1,Q5
11396500473,39.2165587,9.1091633,B1,CAGLIARI - Zona OMI B1,16.5552,11.1,Q4
11425682923,39.2087079,9.1149595,B1,CAGLIARI - Zona OMI B1,16.5552,11.1,Q4
11429972491,39.2098335,9.1165192,B1,CAGLIARI - Zona OMI B1,16.5552,11.1,Q4
11432906135,39.2129261,9.0630513,E1,CAGLIARI - Zona OMI E1,5.8633,3.6,Q5
11432906138,39.2137222,9.0620384,E1,CAGLIARI - Zona OMI E1,5.8633,3.6,Q5
11432906142,39.2144689,9.0606027,E1,CAGLIARI - Zona OMI E1,5.8633,3.6,Q5
11432906145,39.2144956,9.0585279,E1,CAGLIARI - Zona OMI E1,5.8633,3.6,Q5
11505686908,39.2517002,9.1348695,D13,CAGLIARI - Zona OMI D13,13.4511,9.3,Q5
11513820872,39.2614189,9.1248614,D11,CAGLIARI - Zona OMI D11,13.6236,8.4,Q4
11514082203,39.2429462,9.1190763,D12,CAGLIARI - Zona OMI D12,14.1409,10.2,Q4
11527564842,39.2439147,9.1474015,D13,CAGLIARI - Zona OMI D13,13.4511,9.3,Q5
11527564851,39.2447728,9.1483949,D13,CAGLIARI - Zona OMI D13,13.4511,9.3,Q5
11527564852,39.2426436,9.1506251,D13,CAGLIARI - Zona OMI D13,13.4511,9.3,Q5
11527564867,39.2446798,9.1509087,D13,CAGLIARI - Zona OMI D13,13.4511,9.3,Q5
11532139728,39.256267,9.0840714,D9,CAGLIARI - Zona OMI D9,11.7266,7.92,Q5
11532523975,39.2084374,9.1511688,E2,CAGLIARI - Zona OMI E2,7.2429,4.62,Q5
11570721023,39.2103591,9.0272945,E1,CAGLIARI - Zona OMI E1,5.8633,3.6,Q5
11570721025,39.2094345,9.0286233,E1,CAGLIARI - Zona OMI E1,5.8633,3.6,Q5
11570721027,39.2083318,9.0302503,E1,CAGLIARI - Zona OMI E1,5.8633,3.6,Q5
11570721029,39.2072268,9.0318914,E1,CAGLIARI - Zona OMI E1,5.8633,3.6,Q5
11570721034,39.2067584,9.0321307,E1,CAGLIARI - Zona OMI E1,5.8633,3.6,Q5
11570721036,39.2065071,9.0299048,E1,CAGLIARI - Zona OMI E1,5.8633,3.6,Q5
11570721037,39.2064046,9.0291743,E1,CAGLIARI - Zona OMI E1,5.8633,3.6,Q5
11573383967,39.1671147,9.0303566,E1,CAGLIARI - Zona OMI E1,5.8633,3.6,Q5
11573383984,39.166359,9.0320375,E1,CAGLIARI - Zona OMI E1,5.8633,3.6,Q5
11573383997,39.167757,9.0326513,E1,CAGLIARI - Zona OMI E1,5.8633,3.6,Q5
11727195684,39.2038447,9.1528663,D4,CAGLIARI - Zona OMI D4,17.245,11.1,Q4
11727195728,39.1886309,9.1618244,D15,CAGLIARI - Zona OMI D15,13.4511,8.1,Q5
11783501643,39.2451888,9.1445488,D13,CAGLIARI - Zona OMI D13,13.4511,9.3,Q5
11783501650,39.2433623,9.1471277,D13,CAGLIARI - Zona OMI D13,13.4511,9.3,Q5
11783501664,39.2376862,9.1464601,E2,CAGLIARI - Zona OMI E2,7.2429,4.62,Q5
11783501665,39.236834,9.145129,E2,CAGLIARI - Zona OMI E2,7.2429,4.62,Q5
11783501667,39.2353861,9.1429994,E2,CAGLIARI - Zona OMI E2,7.2429,4.62,Q5
11783509275,39.2298531,9.1389797,E2,CAGLIARI - Zona OMI E2,7.2429,4.62,Q5
11783509288,39.2212583,9.1401392,E2,CAGLIARI - Zona OMI E2,7.2429,4.62,Q5
11783509289,39.2203325,9.1405385,E2,CAGLIARI - Zona OMI E2,7.2429,4.62,Q5
11783509294,39.216989,9.1431885,E2,CAGLIARI - Zona OMI E2,7.2429,4.62,Q5
11783509298,39.2161447,9.1438052,E2,CAGLIARI - Zona OMI E2,7.2429,4.62,Q5
11783509302,39.2144767,9.1444882,E2,CAGLIARI - Zona OMI E2,7.2429,4.62,Q5
11783509361,39.2434707,9.1447834,D13,CAGLIARI - Zona OMI D13,13.4511,9.3,Q5
11783509365,39.2330053,9.1403023,E2,CAGLIARI - Zona OMI E2,7.2429,4.62,Q5
11795188462,39.2057574,9.1468455,D4,CAGLIARI - Zona OMI D4,17.245,11.1,Q4
11795218787,39.2049941,9.139214,D3,CAGLIARI - Zona OMI D3,15.1756,10.02,Q4
11795218824,39.2067704,9.142883,D3,CAGLIARI - Zona OMI D3,15.1756,10.02,Q4
11795218835,39.1950371,9.1534844,D15,CAGLIARI - Zona OMI D15,13.4511,8.1,Q5
11795264483,39.2292323,9.1289145,C5,CAGLIARI - Zona OMI C5,16.3828,11.28,Q4
11795420506,39.2031464,9.1510479,D4,CAGLIARI - Zona OMI D4,17.245,11.1,Q4
11795420526,39.2023211,9.1489004,D4,CAGLIARI - Zona OMI D4,17.245,11.1,Q4
11795420545,39.206828,9.1510733,E2,CAGLIARI - Zona OMI E2,7.2429,4.62,Q5
11802276815,39.2418205,9.1369486,D13,CAGLIARI - Zona OMI D13,13.4511,9.3,Q5
11803457978,39.1977174,9.151076,D4,CAGLIARI - Zona OMI D4,17.245,11.1,Q4
11803458056,39.2159841,9.15118,E2,CAGLIARI - Zona OMI E2,7.2429,4.62,Q5
11811197853,39.2263645,9.1190674,B3,CAGLIARI - Zona OMI B3,15.5205,9.9,Q4
11819306987,39.2056376,9.1416217,D3,CAGLIARI - Zona OMI D3,15.1756,10.02,Q4
11821233258,39.2157615,9.1269183,B2,CAGLIARI - Zona OMI B2,14.8307,10.56,Q4
11847828107,39.2004216,9.1490017,D4,CAGLIARI - Zona OMI D4,17.245,11.1,Q4
11865664335,39.2417317,9.1168199,D10,CAGLIARI - Zona OMI D10,13.796,9.12,Q4
11868804459,39.2506235,9.1090589,D9,CAGLIARI - Zona OMI D9,11.7266,7.92,Q5
11898597265,39.2571021,9.1020682,D9,CAGLIARI - Zona OMI D9,11.7266,7.92,Q5
11898597273,39.2576759,9.1010611,D9,CAGLIARI - Zona OMI D9,11.7266,7.92,Q5
11941854648,39.2223416,9.1249818,B2,CAGLIARI - Zona OMI B2,14.8307,10.56,Q4
11941909371,39.2234504,9.1250152,B2,CAGLIARI - Zona OMI B2,14.8307,10.56,Q4
11955680768,39.249852,9.1109938,D9,CAGLIARI - Zona OMI D9,11.7266,7.92,Q5
11992455236,39.2462365,9.0868455,D9,CAGLIARI - Zona OMI D9,11.7266,7.92,Q5
12077416339,39.236589,9.1248313,D13,CAGLIARI - Zona OMI D13,13.4511,9.3,Q5
12140293163,39.2044588,9.0896583,D14,CAGLIARI - Zona OMI D14,9.6572,6.3,Q5
12146326622,39.2200041,9.1030494,C3,CAGLIARI - Zona OMI C3,15.0032,10.8,Q4
12147636333,39.2219509,9.0994837,D14,CAGLIARI - Zona OMI D14,9.6572,6.3,Q5
12148197408,39.1973521,9.143224,D15,CAGLIARI - Zona OMI D15,13.4511,8.1,Q5
12382192929,39.2187819,9.1055398,B1,CAGLIARI - Zona OMI B1,16.5552,11.1,Q4
12424652961,39.2445615,9.1531507,D13,CAGLIARI - Zona OMI D13,13.4511,9.3,Q5
12424652965,39.2414846,9.1486757,D13,CAGLIARI - Zona OMI D13,13.4511,9.3,Q5
12430718967,39.2066115,9.0826272,E1,CAGLIARI - Zona OMI E1,5.8633,3.6,Q5
12430718982,39.2047258,9.0846535,E1,CAGLIARI - Zona OMI E1,5.8633,3.6,Q5
12430718985,39.2056105,9.083041,E1,CAGLIARI - Zona OMI E1,5.8633,3.6,Q5
12430718999,39.2059634,9.0851238,E1,CAGLIARI - Zona OMI E1,5.8633,3.6,Q5
12485105673,39.2183544,9.1288937,B2,CAGLIARI - Zona OMI B2,14.8307,10.56,Q4
12522995826,39.2453544,9.1168358,D12,CAGLIARI - Zona OMI D12,14.1409,10.2,Q4
12531973896,39.2151316,9.173106,D16,CAGLIARI - Zona OMI D16,20.3491,11.4,Q3
12531984404,39.2080873,9.1634372,D16,CAGLIARI - Zona OMI D16,20.3491,11.4,Q3
12549478489,39.2220564,9.1129277,B1,CAGLIARI - Zona OMI B1,16.5552,11.1,Q4
12549808196,39.2299516,9.1190913,C2,CAGLIARI - Zona OMI C2,14.4858,9.3,Q4
12549820321,39.2317954,9.1193471,C2,CAGLIARI - Zona OMI C2,14.4858,9.3,Q4
12549820333,39.2335803,9.119337,C2,CAGLIARI - Zona OMI C2,14.4858,9.3,Q4
12549925773,39.2345629,9.1169444,D10,CAGLIARI - Zona OMI D10,13.796,9.12,Q4
12551295536,39.2354212,9.1190862,D10,CAGLIARI - Zona OMI D10,13.796,9.12,Q4
12551295582,39.2382149,9.1167304,D10,CAGLIARI - Zona OMI D10,13.796,9.12,Q4
12551295599,39.2371879,9.1150044,D10,CAGLIARI - Zona OMI D10,13.796,9.12,Q4
12565104409,39.2193875,9.1306563,B2,CAGLIARI - Zona OMI B2,14.8307,10.56,Q4
12565104470,39.2171492,9.1287597,B2,CAGLIARI - Zona OMI B2,14.8307,10.56,Q4
12595228366,39.2238148,9.1168437,C3,CAGLIARI - Zona OMI C3,15.0032,10.8,Q4
12595228399,39.2257137,9.1128826,C3,CAGLIARI - Zona OMI C3,15.0032,10.8,Q4
12604059177,39.2328925,9.1091702,D10,CAGLIARI - Zona OMI D10,13.796,9.12,Q4
12604059190,39.2336025,9.111007,D10,CAGLIARI - Zona OMI D10,13.796,9.12,Q4
12604521706,39.2255996,9.1371122,C5,CAGLIARI - Zona OMI C5,16.3828,11.28,Q4
12604521732,39.2211252,9.1391925,C5,CAGLIARI - Zona OMI C5,16.3828,11.28,Q4
12607094312,39.220985,9.1348175,C5,CAGLIARI - Zona OMI C5,16.3828,11.28,Q4
12607126625,39.2505202,9.1008183,D9,CAGLIARI - Zona OMI D9,11.7266,7.92,Q5
12628688065,39.1936658,9.0603235,E1,CAGLIARI - Zona OMI E1,5.8633,3.6,Q5
12636319154,39.2254739,9.116845,C2,CAGLIARI - Zona OMI C2,14.4858,9.3,Q4
12636319189,39.2301264,9.1109254,C3,CAGLIARI - Zona OMI C3,15.0032,10.8,Q4
12639567742,39.2292089,9.1088466,C3,CAGLIARI - Zona OMI C3,15.0032,10.8,Q4
12641784763,39.2073818,9.1447763,E2,CAGLIARI - Zona OMI E2,7.2429,4.62,Q5
12641784775,39.2097301,9.1448315,E2,CAGLIARI - Zona OMI E2,7.2429,4.62,Q5
12644019237,39.2175743,9.0829172,E1,CAGLIARI - Zona OMI E1,5.8633,3.6,Q5
12644019263,39.221236,9.0579165,E1,CAGLIARI - Zona OMI E1,5.8633,3.6,Q5
12644019265,39.2201765,9.0565162,E1,CAGLIARI - Zona OMI E1,5.8633,3.6,Q5
12644019272,39.2184337,9.056357,E1,CAGLIARI - Zona OMI E1,5.8633,3.6,Q5
12644019281,39.224138,9.0645745,E1,CAGLIARI - Zona OMI E1,5.8633,3.6,Q5
12647719174,39.2387158,9.0275497,E1,CAGLIARI - Zona OMI E1,5.8633,3.6,Q5
12647719175,39.2355826,9.0245607,E1,CAGLIARI - Zona OMI E1,5.8633,3.6,Q5
12647719259,39.2180582,9.0341363,E1,CAGLIARI - Zona OMI E1,5.8633,3.6,Q5
12647719261,39.2158109,9.0331025,E1,CAGLIARI - Zona OMI E1,5.8633,3.6,Q5
12647719262,39.2147041,9.0325646,E1,CAGLIARI - Zona OMI E1,5.8633,3.6,Q5
12647719263,39.2136591,9.0320466,E1,CAGLIARI - Zona OMI E1,5.8633,3.6,Q5
12647719265,39.211561,9.0310844,E1,CAGLIARI - Zona OMI E1,5.8633,3.6,Q5
12647719266,39.21013,9.030411,E1,CAGLIARI - Zona OMI E1,5.8633,3.6,Q5
12647719354,39.2222858,9.0374672,E1,CAGLIARI - Zona OMI E1,5.8633,3.6,Q5
12647719356,39.2219603,9.0398453,E1,CAGLIARI - Zona OMI E1,5.8633,3.6,Q5
12648436039,39.2206249,9.0496813,E1,CAGLIARI - Zona OMI E1,5.8633,3.6,Q5
12652485851,39.220014,9.1000772,D14,CAGLIARI - Zona OMI D14,9.6572,6.3,Q5
12655832976,39.2309651,9.1137153,D10,CAGLIARI - Zona OMI D10,13.796,9.12,Q4
12655848036,39.2291134,9.1129498,C2,CAGLIARI - Zona OMI C2,14.4858,9.3,Q4
12656761390,39.1868289,9.1550492,D15,CAGLIARI - Zona OMI D15,13.4511,8.1,Q5
12656782705,39.1875613,9.157102,D15,CAGLIARI - Zona OMI D15,13.4511,8.1,Q5
12673454380,39.2498142,9.102884,D9,CAGLIARI - Zona OMI D9,11.7266,7.92,Q5
12684727361,39.2292469,9.1048476,D2,CAGLIARI - Zona OMI D2,13.796,9.0,Q4
12726482693,39.2482123,9.0862807,D9,CAGLIARI - Zona OMI D9,11.7266,7.92,Q5
12726512906,39.2399956,9.0968464,D2,CAGLIARI - Zona OMI D2,13.796,9.0,Q4
12726512992,39.2373378,9.0947773,D2,CAGLIARI - Zona OMI D2,13.796,9.0,Q4
12726513023,39.2453166,9.09665,D2,CAGLIARI - Zona OMI D2,13.796,9.0,Q4
12726513025,39.2466808,9.0953495,D9,CAGLIARI - Zona OMI D9,11.7266,7.92,Q5
12728226848,39.225607,9.1006858,C3,CAGLIARI - Zona OMI C3,15.0032,10.8,Q4
12728477228,39.1984294,9.1591384,D16,CAGLIARI - Zona OMI D16,20.3491,11.4,Q3
12728636606,39.2194971,9.1223234,B2,CAGLIARI - Zona OMI B2,14.8307,10.56,Q4
12728636634,39.2239261,9.1289921,B2,CAGLIARI - Zona OMI B2,14.8307,10.56,Q4
12728664268,39.2266633,9.1266706,B2,CAGLIARI - Zona OMI B2,14.8307,10.56,Q4
12728664287,39.2256069,9.1250448,B2,CAGLIARI - Zona OMI B2,14.8307,10.56,Q4
12728719280,39.2065833,9.1388013,D3,CAGLIARI - Zona OMI D3,15.1756,10.02,Q4
12728785706,39.2301213,9.1228946,C2,CAGLIARI - Zona OMI C2,14.4858,9.3,Q4
12729291244,39.2453033,9.1287616,D12,CAGLIARI - Zona OMI D12,14.1409,10.2,Q4
12729291602,39.2533322,9.0947506,D9,CAGLIARI - Zona OMI D9,11.7266,7.92,Q5
12729291646,39.2426351,9.0988557,D2,CAGLIARI - Zona OMI D2,13.796,9.0,Q4
12730458390,39.239103,9.1189866,D10,CAGLIARI - Zona OMI D10,13.796,9.12,Q4
12730458394,39.2370466,9.1227437,D12,CAGLIARI - Zona OMI D12,14.1409,10.2,Q4
12730466824,39.2382308,9.1250226,D12,CAGLIARI - Zona OMI D12,14.1409,10.2,Q4
12730466882,39.2424472,9.1269573,D12,CAGLIARI - Zona OMI D12,14.1409,10.2,Q4
12730528439,39.2428692,9.1229698,D12,CAGLIARI - Zona OMI D12,14.1409,10.2,Q4
12730599926,39.2148449,9.1167869,B1,CAGLIARI - Zona OMI B1,16.5552,11.1,Q4
12730639856,39.2274016,9.1168964,C2,CAGLIARI - Zona OMI C2,14.4858,9.3,Q4
12730738415,39.2348545,9.1009441,D2,CAGLIARI - Zona OMI D2,13.796,9.0,Q4
12730738463,39.2246445,9.102823,C3,CAGLIARI - Zona OMI C3,15.0032,10.8,Q4
12730738485,39.2202863,9.1049852,C3,CAGLIARI - Zona OMI C3,15.0032,10.8,Q4
12730738503,39.2211824,9.1067419,C3,CAGLIARI - Zona OMI C3,15.0032,10.8,Q4
12730828702,39.2571419,9.1151152,D11,CAGLIARI - Zona OMI D11,13.6236,8.4,Q4
12730828735,39.2515066,9.122412,D11,CAGLIARI - Zona OMI D11,13.6236,8.4,Q4
12730828762,39.2479872,9.1268481,D12,CAGLIARI - Zona OMI D12,14.1409,10.2,Q4
12731475236,39.2156949,9.1308456,C4,CAGLIARI - Zona OMI C4,17.245,11.52,Q4
12731475289,39.2174818,9.126902,B2,CAGLIARI - Zona OMI B2,14.8307,10.56,Q4
12731491628,39.2398171,9.1327113,D13,CAGLIARI - Zona OMI D13,13.4511,9.3,Q5
12731491669,39.2405673,9.1394465,D13,CAGLIARI - Zona OMI D13,13.4511,9.3,Q5
12731491672,39.2394667,9.1389923,D13,CAGLIARI - Zona OMI D13,13.4511,9.3,Q5
12731491675,39.2429624,9.1396234,D13,CAGLIARI - Zona OMI D13,13.4511,9.3,Q5
12731719277,39.2167008,9.0530518,E1,CAGLIARI - Zona OMI E1,5.8633,3.6,Q5
12731719282,39.2169501,9.0505328,E1,CAGLIARI - Zona OMI E1,5.8633,3.6,Q5
12731719283,39.2160887,9.0490548,E1,CAGLIARI - Zona OMI E1,5.8633,3.6,Q5
12731719284,39.2151648,9.0474222,E1,CAGLIARI - Zona OMI E1,5.8633,3.6,Q5
12731719295,39.2138192,9.0465724,E1,CAGLIARI - Zona OMI E1,5.8633,3.6,Q5
12731728805,39.2116382,9.0459476,E1,CAGLIARI - Zona OMI E1,5.8633,3.6,Q5
12731728812,39.2107187,9.0474429,E1,CAGLIARI - Zona OMI E1,5.8633,3.6,Q5
12731728813,39.2097311,9.0491718,E1,CAGLIARI - Zona OMI E1,5.8633,3.6,Q5
12731728816,39.208868,9.050755,E1,CAGLIARI - Zona OMI E1,5.8633,3.6,Q5
12731728818,39.2088834,9.0524627,E1,CAGLIARI - Zona OMI E1,5.8633,3.6,Q5
12731728823,39.2096387,9.0550971,E1,CAGLIARI - Zona OMI E1,5.8633,3.6,Q5
12731728970,39.2116982,9.0456597,E1,CAGLIARI - Zona OMI E1,5.8633,3.6,Q5
12731728977,39.2128005,9.0449671,E1,CAGLIARI - Zona OMI E1,5.8633,3.6,Q5
12731728994,39.2141207,9.0452507,E1,CAGLIARI - Zona OMI E1,5.8633,3.6,Q5
12731729007,39.2155481,9.0458936,E1,CAGLIARI - Zona OMI E1,5.8633,3.6,Q5
12731729018,39.2162886,9.044655,E1,CAGLIARI - Zona OMI E1,5.8633,3.6,Q5
12731729028,39.2157007,9.0426171,E1,CAGLIARI - Zona OMI E1,5.8633,3.6,Q5
12731729030,39.2174943,9.0417151,E1,CAGLIARI - Zona OMI E1,5.8633,3.6,Q5
12731729031,39.2182776,9.0413153,E1,CAGLIARI - Zona OMI E1,5.8633,3.6,Q5
12731729033,39.2200219,9.0404429,E1,CAGLIARI - Zona OMI E1,5.8633,3.6,Q5
12731729035,39.2216927,9.0395965,E1,CAGLIARI - Zona OMI E1,5.8633,3.6,Q5
12731729072,39.211361,9.0700178,E1,CAGLIARI - Zona OMI E1,5.8633,3.6,Q5
12731729074,39.2104645,9.0686956,E1,CAGLIARI - Zona OMI E1,5.8633,3.6,Q5
12731729082,39.2034161,9.0693582,E1,CAGLIARI - Zona OMI E1,5.8633,3.6,Q5
12731729083,39.2071693,9.0644301,E1,CAGLIARI - Zona OMI E1,5.8633,3.6,Q5
12731780259,39.2088017,9.0540333,E1,CAGLIARI - Zona OMI E1,5.8633,3.6,Q5
12731780266,39.2073475,9.0531972,E1,CAGLIARI - Zona OMI E1,5.8633,3.6,Q5
12731780270,39.2066575,9.0522006,E1,CAGLIARI - Zona OMI E1,5.8633,3.6,Q5
12731780271,39.2061102,9.0511263,E1,CAGLIARI - Zona OMI E1,5.8633,3.6,Q5
12731780272,39.2054457,9.0497548,E1,CAGLIARI - Zona OMI E1,5.8633,3.6,Q5
12731780273,39.204848,9.0485692,E1,CAGLIARI - Zona OMI E1,5.8633,3.6,Q5
12731780274,39.2040893,9.0470928,E1,CAGLIARI - Zona OMI E1,5.8633,3.6,Q5
12731780275,39.2032195,9.0453091,E1,CAGLIARI - Zona OMI E1,5.8633,3.6,Q5
12731780276,39.2023957,9.0436438,E1,CAGLIARI - Zona OMI E1,5.8633,3.6,Q5
12731780277,39.2017366,9.0422894,E1,CAGLIARI - Zona OMI E1,5.8633,3.6,Q5
12731780278,39.2008667,9.0405536,E1,CAGLIARI - Zona OMI E1,5.8633,3.6,Q5
12731780279,39.2000588,9.0389618,E1,CAGLIARI - Zona OMI E1,5.8633,3.6,Q5
12731780280,39.1992255,9.0373151,E1,CAGLIARI - Zona OMI E1,5.8633,3.6,Q5
12731780281,39.1981657,9.0351611,E1,CAGLIARI - Zona OMI E1,5.8633,3.6,Q5
12731780283,39.1968021,9.0324469,E1,CAGLIARI - Zona OMI E1,5.8633,3.6,Q5
12732464838,39.2065842,9.1351751,D3,CAGLIARI - Zona OMI D3,15.1756,10.02,Q4
12732464868,39.212158,9.1305892,C4,CAGLIARI - Zona OMI C4,17.245,11.52,Q4
12732693516,39.2204187,9.1330352,C4,CAGLIARI - Zona OMI C4,17.245,11.52,Q4
12732693544,39.2090101,9.1353487,C4,CAGLIARI - Zona OMI C4,17.245,11.52,Q4
12732693552,39.2077029,9.1372832,D3,CAGLIARI - Zona OMI D3,15.1756,10.02,Q4
12732693576,39.2085151,9.1392806,D3,CAGLIARI - Zona OMI D3,15.1756,10.02,Q4
12732693584,39.2076198,9.1410286,D3,CAGLIARI - Zona OMI D3,15.1756,10.02,Q4
12747733868,39.194273,9.0308903,E1,CAGLIARI - Zona OMI E1,5.8633,3.6,Q5
12747733871,39.1927491,9.0317762,E1,CAGLIARI - Zona OMI E1,5.8633,3.6,Q5
12747733875,39.1915089,9.0326458,E1,CAGLIARI - Zona OMI E1,5.8633,3.6,Q5
12747733879,39.1907856,9.0344993,E1,CAGLIARI - Zona OMI E1,5.8633,3.6,Q5
12747733881,39.1902308,9.0364248,E1,CAGLIARI - Zona OMI E1,5.8633,3.6,Q5
12747733882,39.1898811,9.0375771,E1,CAGLIARI - Zona OMI E1,5.8633,3.6,Q5
12768149294,39.2489057,9.1431435,D13,CAGLIARI - Zona OMI D13,13.4511,9.3,Q5
12768149297,39.2481139,9.1433609,D13,CAGLIARI - Zona OMI D13,13.4511,9.3,Q5
12768197113,39.2475889,9.1447896,D13,CAGLIARI - Zona OMI D13,13.4511,9.3,Q5
12768380983,39.2538213,9.1230379,D11,CAGLIARI - Zona OMI D11,13.6236,8.4,Q4
12768381000,39.2538941,9.126779,D11,CAGLIARI - Zona OMI D11,13.6236,8.4,Q4
12768401522,39.2539133,9.1325414,D11,CAGLIARI - Zona OMI D11,13.6236,8.4,Q4
12768401535,39.2522348,9.1331708,D11,CAGLIARI - Zona OMI D11,13.6236,8.4,Q4
12768401563,39.2535622,9.1308104,D11,CAGLIARI - Zona OMI D11,13.6236,8.4,Q4
12768401577,39.2548764,9.1308741,D11,CAGLIARI - Zona OMI D11,13.6236,8.4,Q4
12768401623,39.2580214,9.1248457,D11,CAGLIARI - Zona OMI D11,13.6236,8.4,Q4
12768401656,39.2605479,9.1228481,D11,CAGLIARI - Zona OMI D11,13.6236,8.4,Q4
12768401707,39.2588215,9.1186781,D11,CAGLIARI - Zona OMI D11,13.6236,8.4,Q4
12768401744,39.2632379,9.117107,D11,CAGLIARI - Zona OMI D11,13.6236,8.4,Q4
12768401747,39.2607493,9.1157696,D11,CAGLIARI - Zona OMI D11,13.6236,8.4,Q4
12768441224,39.2529193,9.1004595,D9,CAGLIARI - Zona OMI D9,11.7266,7.92,Q5
12768441236,39.2563337,9.1008325,D9,CAGLIARI - Zona OMI D9,11.7266,7.92,Q5
12768441239,39.2554279,9.0987975,D9,CAGLIARI - Zona OMI D9,11.7266,7.92,Q5
12768441260,39.25512,9.0953898,D9,CAGLIARI - Zona OMI D9,11.7266,7.92,Q5
12768441270,39.253986,9.0932818,D9,CAGLIARI - Zona OMI D9,11.7266,7.92,Q5
12768441271,39.2571787,9.0915761,D9,CAGLIARI - Zona OMI D9,11.7266,7.92,Q5
12768725209,39.2509287,9.1212425,D12,CAGLIARI - Zona OMI D12,14.1409,10.2,Q4
12768725273,39.2496011,9.0977501,D9,CAGLIARI - Zona OMI D9,11.7266,7.92,Q5
12768725279,39.2510724,9.0985936,D9,CAGLIARI - Zona OMI D9,11.7266,7.92,Q5
12768725281,39.2510988,9.0962793,D9,CAGLIARI - Zona OMI D9,11.7266,7.92,Q5
12769049385,39.2514076,9.1269058,D12,CAGLIARI - Zona OMI D12,14.1409,10.2,Q4
12769049389,39.2508692,9.125337,D12,CAGLIARI - Zona OMI D12,14.1409,10.2,Q4
12769824119,39.2434329,9.1327729,D12,CAGLIARI - Zona OMI D12,14.1409,10.2,Q4
12769928884,39.2346299,9.1328934,D13,CAGLIARI - Zona OMI D13,13.4511,9.3,Q5
12769951096,39.2393101,9.1273066,D13,CAGLIARI - Zona OMI D13,13.4511,9.3,Q5
12769998616,39.240868,9.1271209,D12,CAGLIARI - Zona OMI D12,14.1409,10.2,Q4
12769998672,39.2427053,9.1309783,D12,CAGLIARI - Zona OMI D12,14.1409,10.2,Q4
12769998680,39.24363,9.1288906,D12,CAGLIARI - Zona OMI D12,14.1409,10.2,Q4
12769998691,39.2417708,9.1331763,D13,CAGLIARI - Zona OMI D13,13.4511,9.3,Q5
12769998694,39.2425292,9.13508,D13,CAGLIARI - Zona OMI D13,13.4511,9.3,Q5
12770065682,39.2383933,9.1288151,D13,CAGLIARI - Zona OMI D13,13.4511,9.3,Q5
12771693017,39.2478171,9.1192537,D12,CAGLIARI - Zona OMI D12,14.1409,10.2,Q4
12771693046,39.2443058,9.1232754,D12,CAGLIARI - Zona OMI D12,14.1409,10.2,Q4
12771693070,39.2448657,9.1188219,D12,CAGLIARI - Zona OMI D12,14.1409,10.2,Q4
12771693084,39.2418791,9.1207866,D12,CAGLIARI - Zona OMI D12,14.1409,10.2,Q4
12771693099,39.2418079,9.1247409,D12,CAGLIARI - Zona OMI D12,14.1409,10.2,Q4
12771694609,39.2407959,9.1235255,D12,CAGLIARI - Zona OMI D12,14.1409,10.2,Q4
12771694620,39.2400845,9.1209348,D12,CAGLIARI - Zona OMI D12,14.1409,10.2,Q4
12771694644,39.2382078,9.1210192,D12,CAGLIARI - Zona OMI D12,14.1409,10.2,Q4
12771694687,39.234705,9.1412159,D13,CAGLIARI - Zona OMI D13,13.4511,9.3,Q5
12771694732,39.2372565,9.1428613,D13,CAGLIARI - Zona OMI D13,13.4511,9.3,Q5
12771694752,39.2391137,9.1466547,D13,CAGLIARI - Zona OMI D13,13.4511,9.3,Q5
12772010345,39.2212721,9.1229741,B2,CAGLIARI - Zona OMI B2,14.8307,10.56,Q4
12772010372,39.2226555,9.1230891,B2,CAGLIARI - Zona OMI B2,14.8307,10.56,Q4
12772010404,39.2247069,9.1228011,B2,CAGLIARI - Zona OMI B2,14.8307,10.56,Q4
12772010426,39.2247469,9.1270089,B2,CAGLIARI - Zona OMI B2,14.8307,10.56,Q4
12772010458,39.2277603,9.1290575,C5,CAGLIARI - Zona OMI C5,16.3828,11.28,Q4
12772201879,39.2472187,9.1131402,D10,CAGLIARI - Zona OMI D10,13.796,9.12,Q4
12772205501,39.2407165,9.115236,D10,CAGLIARI - Zona OMI D10,13.796,9.12,Q4
12772205558,39.2401331,9.1048393,D10,CAGLIARI - Zona OMI D10,13.796,9.12,Q4
12772205592,39.2381027,9.1049047,D10,CAGLIARI - Zona OMI D10,13.796,9.12,Q4
12772323421,39.2372816,9.110483,D10,CAGLIARI - Zona OMI D10,13.796,9.12,Q4
12772323475,39.2362654,9.1092979,D10,CAGLIARI - Zona OMI D10,13.796,9.12,Q4
12772323481,39.2371716,9.1069706,D10,CAGLIARI - Zona OMI D10,13.796,9.12,Q4
12772323490,39.2408104,9.0989984,D2,CAGLIARI - Zona OMI D2,13.796,9.0,Q4
12773100949,39.2231273,9.0391069,E1,CAGLIARI - Zona OMI E1,5.8633,3.6,Q5
12773100956,39.2205153,9.0486929,E1,CAGLIARI - Zona OMI E1,5.8633,3.6,Q5
12785384650,39.2380176,9.1127162,D10,CAGLIARI - Zona OMI D10,13.796,9.12,Q4
12785384659,39.2363945,9.1127464,D10,CAGLIARI - Zona OMI D10,13.796,9.12,Q4
12785384685,39.2388372,9.1108523,D10,CAGLIARI - Zona OMI D10,13.796,9.12,Q4
12786327363,39.2282953,9.0983003,D2,CAGLIARI - Zona OMI D2,13.796,9.0,Q4
12786327381,39.2352095,9.0948753,D2,CAGLIARI - Zona OMI D2,13.796,9.0,Q4
12786327436,39.2319187,9.0907774,D2,CAGLIARI - Zona OMI D2,13.796,9.0,Q4
12786361567,39.232958,9.1046093,D2,CAGLIARI - Zona OMI D2,13.796,9.0,Q4
12786361574,39.2346702,9.1049989,D2,CAGLIARI - Zona OMI D2,13.796,9.0,Q4
12786367939,39.2354262,9.1026026,D2,CAGLIARI - Zona OMI D2,13.796,9.0,Q4
12787592445,39.2288973,9.1169304,C2,CAGLIARI - Zona OMI C2,14.4858,9.3,Q4
12787592471,39.2301468,9.1149686,C2,CAGLIARI - Zona OMI C2,14.4858,9.3,Q4
12787592490,39.2328893,9.1129865,D10,CAGLIARI - Zona OMI D10,13.796,9.12,Q4
12787672087,39.2237473,9.1204257,B3,CAGLIARI - Zona OMI B3,15.5205,9.9,Q4
12787726771,39.2253212,9.1330355,C5,CAGLIARI - Zona OMI C5,16.3828,11.28,Q4
12787726787,39.2265491,9.1353302,C5,CAGLIARI - Zona OMI C5,16.3828,11.28,Q4
12787737318,39.2217381,9.12891,B2,CAGLIARI - Zona OMI B2,14.8307,10.56,Q4
12787737325,39.2204074,9.1290559,B2,CAGLIARI - Zona OMI B2,14.8307,10.56,Q4
12787737345,39.2211359,9.1267286,B2,CAGLIARI - Zona OMI B2,14.8307,10.56,Q4
12787823749,39.2218477,9.1329227,B2,CAGLIARI - Zona OMI B2,14.8307,10.56,Q4
12787823768,39.2224345,9.1368998,C5,CAGLIARI - Zona OMI C5,16.3828,11.28,Q4
12787864222,39.2042379,9.1453209,D4,CAGLIARI - Zona OMI D4,17.245,11.1,Q4
12787864239,39.2174419,9.1309594,C4,CAGLIARI - Zona OMI C4,17.245,11.52,Q4
12787935017,39.212498,9.1065053,D14,CAGLIARI - Zona OMI D14,9.6572,6.3,Q5
12787935022,39.2104779,9.1071465,D14,CAGLIARI - Zona OMI D14,9.6572,6.3,Q5
12787935047,39.2095152,9.1085626,D14,CAGLIARI - Zona OMI D14,9.6572,6.3,Q5
12787935056,39.2099169,9.1043487,D14,CAGLIARI - Zona OMI D14,9.6572,6.3,Q5
12787935076,39.2101086,9.1036645,D14,CAGLIARI - Zona OMI D14,9.6572,6.3,Q5
12787935104,39.2131652,9.104736,D14,CAGLIARI - Zona OMI D14,9.6572,6.3,Q5
12787935194,39.2121014,9.0909738,E1,CAGLIARI - Zona OMI E1,5.8633,3.6,Q5
12787997706,39.2191522,9.1066202,C3,CAGLIARI - Zona OMI C3,15.0032,10.8,Q4
12787997801,39.2160624,9.1031118,D14,CAGLIARI - Zona OMI D14,9.6572,6.3,Q5
12787997805,39.2149206,9.1047674,D14,CAGLIARI - Zona OMI D14,9.6572,6.3,Q5
12789133026,39.2221948,9.1210033,B3,CAGLIARI - Zona OMI B3,15.5205,9.9,Q4
12791177432,39.2158093,9.1229918,B2,CAGLIARI - Zona OMI B2,14.8307,10.56,Q4
12791177444,39.2158098,9.118827,B3,CAGLIARI - Zona OMI B3,15.5205,9.9,Q4
12791177463,39.2173346,9.1232228,B2,CAGLIARI - Zona OMI B2,14.8307,10.56,Q4
12791253876,39.2140836,9.1148914,B1,CAGLIARI - Zona OMI B1,16.5552,11.1,Q4
12791265022,39.2114392,9.1211967,B2,CAGLIARI - Zona OMI B2,14.8307,10.56,Q4
12791265101,39.2139941,9.1188336,B2,CAGLIARI - Zona OMI B2,14.8307,10.56,Q4
12791325268,39.2072875,9.132775,C4,CAGLIARI - Zona OMI C4,17.245,11.52,Q4
12791325276,39.2079338,9.1289022,C4,CAGLIARI - Zona OMI C4,17.245,11.52,Q4
12791325293,39.208823,9.1270403,C4,CAGLIARI - Zona OMI C4,17.245,11.52,Q4
12791335403,39.210264,9.1274631,C4,CAGLIARI - Zona OMI C4,17.245,11.52,Q4
12791335431,39.2130063,9.1284259,C4,CAGLIARI - Zona OMI C4,17.245,11.52,Q4
12791335454,39.2149648,9.1286014,B2,CAGLIARI - Zona OMI B2,14.8307,10.56,Q4
12791485952,39.2058671,9.1329539,D3,CAGLIARI - Zona OMI D3,15.1756,10.02,Q4
12791848834,39.1943305,9.1391298,D15,CAGLIARI - Zona OMI D15,13.4511,8.1,Q5
12791848872,39.1984252,9.1366036,D15,CAGLIARI - Zona OMI D15,13.4511,8.1,Q5
12791848898,39.1976688,9.1349197,D15,CAGLIARI - Zona OMI D15,13.4511,8.1,Q5
12791882649,39.1986974,9.1330715,D15,CAGLIARI - Zona OMI D15,13.4511,8.1,Q5
12791882728,39.2137179,9.1310898,C4,CAGLIARI - Zona OMI C4,17.245,11.52,Q4
12792079684,39.1959348,9.1430004,D15,CAGLIARI - Zona OMI D15,13.4511,8.1,Q5
12792117626,39.1958835,9.134983,D15,CAGLIARI - Zona OMI D15,13.4511,8.1,Q5
12798426585,39.2160103,9.1792237,D16,CAGLIARI - Zona OMI D16,20.3491,11.4,Q3
12798426588,39.2148077,9.1770376,D16,CAGLIARI - Zona OMI D16,20.3491,11.4,Q3
12798455601,39.2095948,9.1691235,D16,CAGLIARI - Zona OMI D16,20.3491,11.4,Q3
12798455623,39.2007385,9.1609211,D16,CAGLIARI - Zona OMI D16,20.3491,11.4,Q3
12798455652,39.1985514,9.1598568,D16,CAGLIARI - Zona OMI D16,20.3491,11.4,Q3
12798455660,39.1946789,9.1586689,D16,CAGLIARI - Zona OMI D16,20.3491,11.4,Q3
12798455703,39.2023822,9.161348,D16,CAGLIARI - Zona OMI D16,20.3491,11.4,Q3
12800871737,39.2167275,9.1810903,D16,CAGLIARI - Zona OMI D16,20.3491,11.4,Q3
12800871761,39.2134439,9.1766663,D16,CAGLIARI - Zona OMI D16,20.3491,11.4,Q3
12800871786,39.2075968,9.1685326,D16,CAGLIARI - Zona OMI D16,20.3491,11.4,Q3
12800871799,39.2054728,9.1662318,D16,CAGLIARI - Zona OMI D16,20.3491,11.4,Q3
12800871822,39.1966927,9.1600362,D16,CAGLIARI - Zona OMI D16,20.3491,11.4,Q3
12855417874,39.2131815,9.1169958,B1,CAGLIARI - Zona OMI B1,16.5552,11.1,Q4
12921693543,39.2019386,9.127297,C4,CAGLIARI - Zona OMI C4,17.245,11.52,Q4
12921693570,39.2027451,9.1267014,C4,CAGLIARI - Zona OMI C4,17.245,11.52,Q4
12921693581,39.2021828,9.1286502,D3,CAGLIARI - Zona OMI D3,15.1756,10.02,Q4
13011475507,39.2324781,9.1371834,C5,CAGLIARI - Zona OMI C5,16.3828,11.28,Q4
13036810031,39.234512,9.1366396,D13,CAGLIARI - Zona OMI D13,13.4511,9.3,Q5
13042739813,39.2017516,9.0739621,E1,CAGLIARI - Zona OMI E1,5.8633,3.6,Q5
13042739816,39.2052515,9.077537,E1,CAGLIARI - Zona OMI E1,5.8633,3.6,Q5
13042739818,39.2048276,9.0772684,E1,CAGLIARI - Zona OMI E1,5.8633,3.6,Q5
13042739839,39.2046309,9.0783088,E1,CAGLIARI - Zona OMI E1,5.8633,3.6,Q5
13048692792,39.2167096,9.1168544,B4,CAGLIARI - Zona OMI B4,15.1756,9.54,Q4
13074470732,39.2622085,9.1193019,D11,CAGLIARI - Zona OMI D11,13.6236,8.4,Q4
13075574229,39.2006825,9.1449832,D4,CAGLIARI - Zona OMI D4,17.245,11.1,Q4
13075574254,39.2022578,9.1448963,D4,CAGLIARI - Zona OMI D4,17.245,11.1,Q4
13075574265,39.2001131,9.1523975,D4,CAGLIARI - Zona OMI D4,17.245,11.1,Q4
13075574515,39.1970497,9.1532837,D4,CAGLIARI - Zona OMI D4,17.245,11.1,Q4
13075755572,39.2101227,9.1189628,B2,CAGLIARI - Zona OMI B2,14.8307,10.56,Q4
13075891044,39.244339,9.0944854,D2,CAGLIARI - Zona OMI D2,13.796,9.0,Q4
13075891052,39.2164408,9.100357,D14,CAGLIARI - Zona OMI D14,9.6572,6.3,Q5
13075891065,39.2398359,9.0916493,D2,CAGLIARI - Zona OMI D2,13.796,9.0,Q4
13075891066,39.2402335,9.0924161,D2,CAGLIARI - Zona OMI D2,13.796,9.0,Q4
13075891072,39.237761,9.0934687,D2,CAGLIARI - Zona OMI D2,13.796,9.0,Q4
13192125265,39.2238794,9.0364373,E1,CAGLIARI - Zona OMI E1,5.8633,3.6,Q5
13192135506,39.2224943,9.0420195,E1,CAGLIARI - Zona OMI E1,5.8633,3.6,Q5
13192135516,39.2217943,9.0445171,E1,CAGLIARI - Zona OMI E1,5.8633,3.6,Q5
13208903764,39.2605154,9.1022637,D9,CAGLIARI - Zona OMI D9,11.7266,7.92,Q5
13247989690,39.2472055,9.0807836,D9,CAGLIARI - Zona OMI D9,11.7266,7.92,Q5
13248031603,39.2455145,9.081133,E1,CAGLIARI - Zona OMI E1,5.8633,3.6,Q5
13248789848,39.1902703,9.1670493,D15,CAGLIARI - Zona OMI D15,13.4511,8.1,Q5
13248789863,39.1895459,9.1682134,D15,CAGLIARI - Zona OMI D15,13.4511,8.1,Q5
13248902231,39.1879747,9.1681664,D15,CAGLIARI - Zona OMI D15,13.4511,8.1,Q5
13248902255,39.18887,9.1669822,D15,CAGLIARI - Zona OMI D15,13.4511,8.1,Q5
13251409772,39.2335916,9.0907553,D2,CAGLIARI - Zona OMI D2,13.796,9.0,Q4
13251409775,39.2343771,9.0895844,D2,CAGLIARI - Zona OMI D2,13.796,9.0,Q4
13251427905,39.225644,9.0928925,D14,CAGLIARI - Zona OMI D14,9.6572,6.3,Q5
13251427910,39.224047,9.0938571,D14,CAGLIARI - Zona OMI D14,9.6572,6.3,Q5
13266798292,39.1694523,9.032314,E1,CAGLIARI - Zona OMI E1,5.8633,3.6,Q5
13266833877,39.248788,9.084595,D9,CAGLIARI - Zona OMI D9,11.7266,7.92,Q5
13266833880,39.2469403,9.0847131,D9,CAGLIARI - Zona OMI D9,11.7266,7.92,Q5
13278094142,39.2552625,9.0892931,D9,CAGLIARI - Zona OMI D9,11.7266,7.92,Q5
13283310086,39.2433396,9.0890668,D9,CAGLIARI - Zona OMI D9,11.7266,7.92,Q5
13283345525,39.2484784,9.081429,D9,CAGLIARI - Zona OMI D9,11.7266,7.92,Q5
13296601312,39.2150664,9.1088342,B1,CAGLIARI - Zona OMI B1,16.5552,11.1,Q4
13305165223,39.1743022,9.0305501,E1,CAGLIARI - Zona OMI E1,5.8633,3.6,Q5
13305165239,39.2023928,9.0679927,E1,CAGLIARI - Zona OMI E1,5.8633,3.6,Q5
13305165249,39.2016937,9.0672081,E1,CAGLIARI - Zona OMI E1,5.8633,3.6,Q5
13305165252,39.2067684,9.0619779,E1,CAGLIARI - Zona OMI E1,5.8633,3.6,Q5
13305165253,39.2070925,9.0615491,E1,CAGLIARI - Zona OMI E1,5.8633,3.6,Q5
13305165255,39.2096471,9.0676181,E1,CAGLIARI - Zona OMI E1,5.8633,3.6,Q5
13333585760,39.1693312,9.0341791,E1,CAGLIARI - Zona OMI E1,5.8633,3.6,Q5
13333594610,39.1754223,9.0366009,E1,CAGLIARI - Zona OMI E1,5.8633,3.6,Q5
13363313378,39.2429867,9.0946232,D2,CAGLIARI - Zona OMI D2,13.796,9.0,Q4
13367428598,39.2479228,9.1146759,D10,CAGLIARI - Zona OMI D10,13.796,9.12,Q4
13476800532,39.2109017,9.0845309,E1,CAGLIARI - Zona OMI E1,5.8633,3.6,Q5
13479352079,39.2204471,9.0682774,E1,CAGLIARI - Zona OMI E1,5.8633,3.6,Q5
13479352116,39.2167071,9.0785423,E1,CAGLIARI - Zona OMI E1,5.8633,3.6,Q5
13479352119,39.2195508,9.0749794,E1,CAGLIARI - Zona OMI E1,5.8633,3.6,Q5
13479352279,39.2096327,9.0806725,E1,CAGLIARI - Zona OMI E1,5.8633,3.6,Q5
13479352298,39.2088577,9.0790471,E1,CAGLIARI - Zona OMI E1,5.8633,3.6,Q5
13479352323,39.2104198,9.0826966,E1,CAGLIARI - Zona OMI E1,5.8633,3.6,Q5
13479531033,39.2121388,9.1353544,C4,CAGLIARI - Zona OMI C4,17.245,11.52,Q4
13479531068,39.2112122,9.1329094,C4,CAGLIARI - Zona OMI C4,17.245,11.52,Q4
13479573156,39.2198453,9.0508158,E1,CAGLIARI - Zona OMI E1,5.8633,3.6,Q5
13479573162,39.2221677,9.0562814,E1,CAGLIARI - Zona OMI E1,5.8633,3.6,Q5
13479573166,39.2158059,9.0549816,E1,CAGLIARI - Zona OMI E1,5.8633,3.6,Q5
13514569010,39.2455119,9.1007239,D2,CAGLIARI - Zona OMI D2,13.796,9.0,Q4
13514589346,39.2101906,9.1232282,C4,CAGLIARI - Zona OMI C4,17.245,11.52,Q4
13522359572,39.2136664,9.102909,D14,CAGLIARI - Zona OMI D14,9.6572,6.3,Q5
13522359574,39.2132592,9.1009658,D14,CAGLIARI - Zona OMI D14,9.6572,6.3,Q5
13522359578,39.2119442,9.1017169,D14,CAGLIARI - Zona OMI D14,9.6572,6.3,Q5
13522359582,39.2121578,9.1029956,D14,CAGLIARI - Zona OMI D14,9.6572,6.3,Q5
13522386711,39.2116063,9.1040492,D14,CAGLIARI - Zona OMI D14,9.6572,6.3,Q5
13522386715,39.2110127,9.1083564,B1,CAGLIARI - Zona OMI B1,16.5552,11.1,Q4
13522439186,39.2265657,9.1227992,C2,CAGLIARI - Zona OMI C2,14.4858,9.3,Q4
13524533766,39.2363989,9.1410491,D13,CAGLIARI - Zona OMI D13,13.4511,9.3,Q5
13524533780,39.2422044,9.1451388,D13,CAGLIARI - Zona OMI D13,13.4511,9.3,Q5
13524533788,39.2394238,9.1450366,D13,CAGLIARI - Zona OMI D13,13.4511,9.3,Q5
13526623536,39.2272358,9.1212657,C2,CAGLIARI - Zona OMI C2,14.4858,9.3,Q4
13529411167,39.2301267,9.1268924,C2,CAGLIARI - Zona OMI C2,14.4858,9.3,Q4
13531702855,39.1729848,9.026455,E1,CAGLIARI - Zona OMI E1,5.8633,3.6,Q5
13531702857,39.1718491,9.0279216,E1,CAGLIARI - Zona OMI E1,5.8633,3.6,Q5
13551342571,39.2148027,9.0968221,D14,CAGLIARI - Zona OMI D14,9.6572,6.3,Q5
13556042699,39.1999317,9.0694177,E1,CAGLIARI - Zona OMI E1,5.8633,3.6,Q5
13556103276,39.2019681,9.0729695,E1,CAGLIARI - Zona OMI E1,5.8633,3.6,Q5
13556103286,39.1999443,9.0699774,E1,CAGLIARI - Zona OMI E1,5.8633,3.6,Q5
13595807643,39.2628059,9.1205956,D11,CAGLIARI - Zona OMI D11,13.6236,8.4,Q4
13595807668,39.2613595,9.1166901,D11,CAGLIARI - Zona OMI D11,13.6236,8.4,Q4
13634243176,39.2500024,9.1070104,D9,CAGLIARI - Zona OMI D9,11.7266,7.92,Q5
13644950324,39.1914717,9.137533,D15,CAGLIARI - Zona OMI D15,13.4511,8.1,Q5
13644950365,39.1968544,9.14089,D15,CAGLIARI - Zona OMI D15,13.4511,8.1,Q5
13652004830,39.1924517,9.1389838,D15,CAGLIARI - Zona OMI D15,13.4511,8.1,Q5
13652004940,39.194909,9.1365576,D15,CAGLIARI - Zona OMI D15,13.4511,8.1,Q5
13652005057,39.1976172,9.1306586,D15,CAGLIARI - Zona OMI D15,13.4511,8.1,Q5
13652005060,39.1990116,9.1295306,D15,CAGLIARI - Zona OMI D15,13.4511,8.1,Q5
13652005063,39.1940994,9.1348953,D15,CAGLIARI - Zona OMI D15,13.4511,8.1,Q5
13652005108,39.1951011,9.1331438,D15,CAGLIARI - Zona OMI D15,13.4511,8.1,Q5
13652005164,39.1968056,9.1333784,D15,CAGLIARI - Zona OMI D15,13.4511,8.1,Q5
13666609775,39.2013373,9.1389795,D15,CAGLIARI - Zona OMI D15,13.4511,8.1,Q5
13666686522,39.2007639,9.1373309,D15,CAGLIARI - Zona OMI D15,13.4511,8.1,Q5
13801355990,39.2184145,9.1128828,B1,CAGLIARI - Zona OMI B1,16.5552,11.1,Q4
13801398609,39.2492736,9.1169337,D9,CAGLIARI - Zona OMI D9,11.7266,7.92,Q5
13806300921,39.2408591,9.0915529,D2,CAGLIARI - Zona OMI D2,13.796,9.0,Q4
13810501988,39.2242366,9.0354222,E1,CAGLIARI - Zona OMI E1,5.8633,3.6,Q5
