node_id,capability,sigma,modal_class,stability
31498903,restorativeness,0.02,High,1.0
265659781,restorativeness,0.02,High,0.815
265659817,restorativeness,0.02,Very High,0.97
265659911,restorativeness,0.02,Very High,0.985
265659912,restorativeness,0.02,Very High,1.0
265659916,restorativeness,0.02,Very High,1.0
265659926,restorativeness,0.02,Very High,1.0
265669554,restorativeness,0.02,Very High,1.0
265669562,restorativeness,0.02,Very High,1.0
291582989,restorativeness,0.02,Very High,0.995
291584378,restorativeness,0.02,Medium,1.0
291584384,restorativeness,0.02,Medium,0.995
291584394,restorativeness,0.02,Medium,1.0
291584395,restorativeness,0.02,Medium,1.0
291584412,restorativeness,0.02,High,0.995
291584426,restorativeness,0.02,High,1.0
291584812,restorativeness,0.02,Medium,1.0
291585357,restorativeness,0.02,Medium,1.0
291585468,restorativeness,0.02,Very High,1.0
291927192,restorativeness,0.02,Medium,1.0
291927228,restorativeness,0.02,High,1.0
291927260,restorativeness,0.02,High,1.0
291927310,restorativeness,0.02,Medium,1.0
291927385,restorativeness,0.02,High,1.0
291927461,restorativeness,0.02,High,0.95
291950057,restorativeness,0.02,Medium,1.0
293850002,restorativeness,0.02,High,0.975
293850123,restorativeness,0.02,High,1.0
293850151,restorativeness,0.02,High,1.0
293851624,restorativeness,0.02,High,0.685
293851905,restorativeness,0.02,Very High,1.0
293874114,restorativeness,0.02,High,1.0
293876118,restorativeness,0.02,High,1.0
293876279,restorativeness,0.02,High,1.0
293876630,restorativeness,0.02,Very High,1.0
297411543,restorativeness,0.02,Very High,1.0
297414194,restorativeness,0.02,Very High,1.0
297414210,restorativeness,0.02,Very High,1.0
297414218,restorativeness,0.02,Very High,1.0
299641717,restorativeness,0.02,Very High,1.0
301801838,restorativeness,0.02,Very High,1.0
301802251,restorativeness,0.02,Very High,1.0
301802471,restorativeness,0.02,Very High,1.0
301802511,restorativeness,0.02,Very High,1.0
301806842,restorativeness,0.02,Very High,1.0
301807418,restorativeness,0.02,Very High,1.0
301811627,restorativeness,0.02,Very High,1.0
301813602,restorativeness,0.02,Very High,1.0
301814428,restorativeness,0.02,Very High,1.0
302742175,restorativeness,0.02,Very High,1.0
302742232,restorativeness,0.02,Very High,1.0
302742300,restorativeness,0.02,Very High,1.0
302742354,restorativeness,0.02,Very High,1.0
302742399,restorativeness,0.02,Very High,1.0
302742478,restorativeness,0.02,Very High,1.0
302742975,restorativeness,0.02,Very High,1.0
302743086,restorativeness,0.02,Very High,1.0
302743402,restorativeness,0.02,Very High,1.0
302743453,restorativeness,0.02,Very High,1.0
302964118,restorativeness,0.02,High,1.0
302964224,restorativeness,0.02,Very High,1.0
302964252,restorativeness,0.02,Very High,1.0
302964263,restorativeness,0.02,Very High,1.0
302964281,restorativeness,0.02,Very High,1.0
302964287,restorativeness,0.02,Very High,1.0
302964815,restorativeness,0.02,Very High,1.0
302964821,restorativeness,0.02,Very High,1.0
302966012,restorativeness,0.02,Very High,1.0
302966023,restorativeness,0.02,Very High,1.0
302966036,restorativeness,0.02,Very High,1.0
302966068,restorativeness,0.02,Very High,1.0
302966075,restorativeness,0.02,Very High,1.0
302966095,restorativeness,0.02,Very High,1.0
303202278,restorativeness,0.02,Very High,1.0
304576406,restorativeness,0.02,Very High,1.0
304576474,restorativeness,0.02,Very High,1.0
304576505,restorativeness,0.02,Very High,1.0
304576529,restorativeness,0.02,Very High,1.0
304576588,restorativeness,0.02,Very High,1.0
304578785,restorativeness,0.02,Very High,1.0
304579917,restorativeness,0.02,Very High,1.0
304579937,restorativeness,0.02,Very High,1.0
304580057,restorativeness,0.02,Very High,1.0
304580241,restorativeness,0.02,Very High,1.0
304580242,restorativeness,0.02,Very High,1.0
304587571,restorativeness,0.02,Very High,1.0
304587695,restorativeness,0.02,Very High,1.0
304587716,restorativeness,0.02,Very High,1.0
304587734,restorativeness,0.02,Very High,1.0
304590295,restorativeness,0.02,Very High,1.0
304591541,restorativeness,0.02,High,0.84
304591556,restorativeness,0.02,High,0.84
304591613,restorativeness,0.02,High,0.62
304591620,restorativeness,0.02,High,1.0
304594774,restorativeness,0.02,Very High,1.0
304594780,restorativeness,0.02,Very High,1.0
304594797,restorativeness,0.02,Very High,1.0
304594812,restorativeness,0.02,Very High,1.0
304594904,restorativeness,0.02,Very High,1.0
304594909,restorativeness,0.02,Very High,1.0
304596685,restorativeness,0.02,Very High,1.0
304596716,restorativeness,0.02,Very High,1.0
304617231,restorativeness,0.02,Very High,1.0
304618715,restorativeness,0.02,Very High,1.0
304618717,restorativeness,0.02,Very High,1.0
304696625,restorativeness,0.02,Very High,1.0
304697331,restorativeness,0.02,Very High,1.0
304697339,restorativeness,0.02,Very High,1.0
304697390,restorativeness,0.02,Very High,1.0
304697393,restorativeness,0.02,Very High,1.0
304698900,restorativeness,0.02,Very High,1.0
304698938,restorativeness,0.02,Very High,1.0
304698973,restorativeness,0.02,Very High,1.0
304698982,restorativeness,0.02,Very High,1.0
304699010,restorativeness,0.02,Very High,1.0
304699026,restorativeness,0.02,Very High,1.0
304699094,restorativeness,0.02,Very High,1.0
304734593,restorativeness,0.02,Very High,1.0
304734635,restorativeness,0.02,Very High,1.0
304734701,restorativeness,0.02,Very High,1.0
304734825,restorativeness,0.02,Very High,1.0
304740408,restorativeness,0.02,Very High,1.0
304742295,restorativeness,0.02,Very High,1.0
304742336,restorativeness,0.02,Very High,1.0
304742344,restorativeness,0.02,Very High,1.0
304742347,restorativeness,0.02,Very High,1.0
304743203,restorativeness,0.02,Very High,1.0
304762056,restorativeness,0.02,Very High,1.0
304762078,restorativeness,0.02,Very High,1.0
304763196,restorativeness,0.02,Very High,1.0
304763199,restorativeness,0.02,Very High,1.0
304763222,restorativeness,0.02,Very High,1.0
304763480,restorativeness,0.02,Very High,1.0
304763503,restorativeness,0.02,Very High,1.0
304763504,restorativeness,0.02,Very High,1.0
304763691,restorativeness,0.02,Very High,1.0
304763694,restorativeness,0.02,Very High,1.0
304764048,restorativeness,0.02,Very High,1.0
304764067,restorativeness,0.02,Very High,1.0
304764101,restorativeness,0.02,Very High,1.0
304764136,restorativeness,0.02,Very High,1.0
306146053,restorativeness,0.02,Very High,0.97
306223499,restorativeness,0.02,Very High,1.0
306223896,restorativeness,0.02,Very High,1.0
306223916,restorativeness,0.02,Very High,1.0
306296872,restorativeness,0.02,Very High,1.0
306296936,restorativeness,0.02,Very High,1.0
306297151,restorativeness,0.02,Very High,1.0
306299195,restorativeness,0.02,Very High,1.0
306299246,restorativeness,0.02,Very High,1.0
309848495,restorativeness,0.02,Very High,1.0
309852361,restorativeness,0.02,Medium,0.99
309852363,restorativeness,0.02,Medium,1.0
309853032,restorativeness,0.02,High,1.0
309853211,restorativeness,0.02,High,0.965
309853247,restorativeness,0.02,Medium,1.0
309853613,restorativeness,0.02,High,0.84
309853615,restorativeness,0.02,High,0.68
313332541,restorativeness,0.02,Very High,1.0
313606728,restorativeness,0.02,Very High,1.0
314961291,restorativeness,0.02,Very High,1.0
315238582,restorativeness,0.02,Very High,1.0
315379816,restorativeness,0.02,High,0.615
315379824,restorativeness,0.02,Very High,0.505
315379825,restorativeness,0.02,High,0.83
315381082,restorativeness,0.02,Very High,1.0
315381085,restorativeness,0.02,Very High,1.0
315381086,restorativeness,0.02,Very High,1.0
315381096,restorativeness,0.02,Very High,0.925
315381098,restorativeness,0.02,Very High,0.845
315381272,restorativeness,0.02,Very High,0.83
315381281,restorativeness,0.02,Very High,0.635
315381331,restorativeness,0.02,Very High,0.72
315381332,restorativeness,0.02,Very High,0.84
315381452,restorativeness,0.02,Very High,0.845
315381465,restorativeness,0.02,Very High,0.86
315381751,restorativeness,0.02,Very High,0.865
355011067,restorativeness,0.02,Very High,1.0
364333977,restorativeness,0.02,Very High,1.0
364333981,restorativeness,0.02,Very High,1.0
366517702,restorativeness,0.02,Very High,1.0
366517772,restorativeness,0.02,Very High,1.0
367928605,restorativeness,0.02,Very High,1.0
368031696,restorativeness,0.02,Very High,1.0
460352061,restorativeness,0.02,High,0.91
460353192,restorativeness,0.02,High,0.99
460353197,restorativeness,0.02,High,1.0
460370994,restorativeness,0.02,High,0.91
460371002,restorativeness,0.02,High,0.745
460371535,restorativeness,0.02,Very High,0.905
460371547,restorativeness,0.02,Very High,0.955
460371597,restorativeness,0.02,Very High,1.0
460374178,restorativeness,0.02,Very High,0.905
460374206,restorativeness,0.02,Very High,0.995
460384992,restorativeness,0.02,High,1.0
460384997,restorativeness,0.02,High,0.98
460385000,restorativeness,0.02,High,0.89
460811662,restorativeness,0.02,High,1.0
460815609,restorativeness,0.02,High,0.955
460815980,restorativeness,0.02,High,0.945
460831841,restorativeness,0.02,High,0.975
460903974,restorativeness,0.02,Very High,0.915
460904225,restorativeness,0.02,Very High,0.97
460913592,restorativeness,0.02,Very High,0.875
460914084,restorativeness,0.02,Very High,1.0
460916521,restorativeness,0.02,Very High,1.0
460927352,restorativeness,0.02,Very High,0.83
460984536,restorativeness,0.02,Very High,1.0
460984908,restorativeness,0.02,High,1.0
460985089,restorativeness,0.02,Very High,1.0
461001893,restorativeness,0.02,Very High,0.66
461001991,restorativeness,0.02,High,0.635
461002074,restorativeness,0.02,High,0.695
1075548256,restorativeness,0.02,Very High,1.0
1075548260,restorativeness,0.02,Very High,1.0
1075548286,restorativeness,0.02,Very High,1.0
1075548295,restorativeness,0.02,Very High,1.0
1309637796,restorativeness,0.02,Very High,1.0
1309637943,restorativeness,0.02,Very High,1.0
1309638308,restorativeness,0.02,Very High,1.0
1309638543,restorativeness,0.02,High,0.64
1309639202,restorativeness,0.02,High,0.995
1309639592,restorativeness,0.02,High,1.0
1320036075,restorativeness,0.02,Very High,1.0
1329890078,restorativeness,0.02,Very High,1.0
1329890105,restorativeness,0.02,Very High,1.0
1329890126,restorativeness,0.02,Very High,1.0
1332645340,restorativeness,0.02,Very High,1.0
1332668655,restorativeness,0.02,Very High,1.0
1332699889,restorativeness,0.02,Very High,1.0
1332719592,restorativeness,0.02,Very High,1.0
1332719602,restorativeness,0.02,Very High,1.0
1332769856,restorativeness,0.02,Very High,1.0
1332775383,restorativeness,0.02,Very High,1.0
1332775411,restorativeness,0.02,Very High,1.0
1332785497,restorativeness,0.02,Very High,1.0
1332790270,restorativeness,0.02,Very High,1.0
1333269505,restorativeness,0.02,Very High,1.0
1333397832,restorativeness,0.02,Very High,1.0
1333404045,restorativeness,0.02,Very High,1.0
1333538814,restorativeness,0.02,Very High,1.0
1333540158,restorativeness,0.02,Very High,1.0
1333555653,restorativeness,0.02,Very High,1.0
1333588095,restorativeness,0.02,Very High,1.0
1333605411,restorativeness,0.02,Very High,1.0
1333624830,restorativeness,0.02,Very High,1.0
1333686363,restorativeness,0.02,Very High,1.0
1333752843,restorativeness,0.02,Very High,1.0
1333775570,restorativeness,0.02,Very High,1.0
1333791624,restorativeness,0.02,Very High,1.0
1333799027,restorativeness,0.02,Very High,1.0
1333879177,restorativeness,0.02,Very High,1.0
1333925932,restorativeness,0.02,Very High,1.0
1333965877,restorativeness,0.02,Very High,1.0
1334351921,restorativeness,0.02,Very High,1.0
1334519568,restorativeness,0.02,Very High,1.0
1334519592,restorativeness,0.02,Very High,1.0
1334519617,restorativeness,0.02,Very High,1.0
1334519623,restorativeness,0.02,Very High,1.0
1334519651,restorativeness,0.02,Very High,1.0
1335370854,restorativeness,0.02,Very High,1.0
1335400991,restorativeness,0.02,Very High,1.0
1335716130,restorativeness,0.02,Very High,1.0
1335716269,restorativeness,0.02,High,0.995
1335858522,restorativeness,0.02,Very High,1.0
1335900049,restorativeness,0.02,Very High,0.67
1335903101,restorativeness,0.02,Very High,1.0
1335936926,restorativeness,0.02,Very High,1.0
1335949339,restorativeness,0.02,Very High,1.0
1335962684,restorativeness,0.02,Very High,1.0
1336450093,restorativeness,0.02,Very High,1.0
1336450099,restorativeness,0.02,Very High,1.0
1336450118,restorativeness,0.02,Very High,1.0
1336481996,restorativeness,0.02,Very High,1.0
1336655119,restorativeness,0.02,Very High,1.0
1336672458,restorativeness,0.02,Very High,1.0
1336688270,restorativeness,0.02,Very High,1.0
1336737682,restorativeness,0.02,Very High,1.0
1336737701,restorativeness,0.02,Very High,1.0
1336737713,restorativeness,0.02,Very High,1.0
1336904969,restorativeness,0.02,Very High,1.0
1336911630,restorativeness,0.02,Very High,1.0
1337032073,restorativeness,0.02,Very High,1.0
1337086021,restorativeness,0.02,Very High,1.0
1337104625,restorativeness,0.02,Very High,1.0
1416167195,restorativeness,0.02,Very High,1.0
1416167197,restorativeness,0.02,Very High,1.0
1456255195,restorativeness,0.02,Very High,1.0
1482300049,restorativeness,0.02,Very High,1.0
1499300917,restorativeness,0.02,Very High,1.0
1515277205,restorativeness,0.02,Medium,0.7
1515277209,restorativeness,0.02,Medium,0.775
1515277210,restorativeness,0.02,Medium,0.935
1515278363,restorativeness,0.02,Medium,1.0
1517776311,restorativeness,0.02,High,0.74
1517780065,restorativeness,0.02,Very High,1.0
1517799702,restorativeness,0.02,Very High,1.0
1517894265,restorativeness,0.02,Very High,1.0
1517894389,restorativeness,0.02,Very High,1.0
1518680309,restorativeness,0.02,Very High,1.0
1519301970,restorativeness,0.02,Very High,1.0
1520083271,restorativeness,0.02,Very High,1.0
1520083698,restorativeness,0.02,Very High,1.0
1521099820,restorativeness,0.02,Very High,1.0
1524484562,restorativeness,0.02,Very High,1.0
1554374469,restorativeness,0.02,High,1.0
1554374555,restorativeness,0.02,High,1.0
1554374565,restorativeness,0.02,High,1.0
1554374588,restorativeness,0.02,High,1.0
1554374598,restorativeness,0.02,High,1.0
1554374611,restorativeness,0.02,High,1.0
1554374648,restorativeness,0.02,High,1.0
1576984303,restorativeness,0.02,High,1.0
1576984320,restorativeness,0.02,Very High,1.0
1576987630,restorativeness,0.02,Very High,1.0
1577002117,restorativeness,0.02,Very High,1.0
1577002120,restorativeness,0.02,Very High,1.0
1577003431,restorativeness,0.02,Very High,1.0
1577003435,restorativeness,0.02,Very High,1.0
1577003436,restorativeness,0.02,Very High,0.98
1582411346,restorativeness,0.02,Very High,1.0
1582420933,restorativeness,0.02,Very High,1.0
1601530424,restorativeness,0.02,Very High,1.0
1607732821,restorativeness,0.02,High,0.99
1607732898,restorativeness,0.02,High,1.0
1607732969,restorativeness,0.02,High,1.0
1607732991,restorativeness,0.02,High,0.995
1607870522,restorativeness,0.02,Very High,0.965
1634571340,restorativeness,0.02,Very High,1.0
1634571342,restorativeness,0.02,Very High,1.0
1634571498,restorativeness,0.02,Very High,1.0
1646145198,restorativeness,0.02,Very High,1.0
1654943890,restorativeness,0.02,Very High,1.0
1655958419,restorativeness,0.02,Very High,1.0
1656878955,restorativeness,0.02,Medium,0.985
1656879008,restorativeness,0.02,Medium,1.0
1669281897,restorativeness,0.02,Very High,1.0
1669281972,restorativeness,0.02,Very High,1.0
1669385096,restorativeness,0.02,Very High,1.0
1669391017,restorativeness,0.02,Very High,1.0
1670467950,restorativeness,0.02,Very High,1.0
1670774501,restorativeness,0.02,Very High,0.67
1671052660,restorativeness,0.02,Very High,1.0
1671052676,restorativeness,0.02,Very High,1.0
1671107675,restorativeness,0.02,Very High,1.0
1673201108,restorativeness,0.02,Very High,1.0
1673398526,restorativeness,0.02,Very High,1.0
1674550443,restorativeness,0.02,Very High,1.0
1674550549,restorativeness,0.02,Very High,1.0
1674798928,restorativeness,0.02,Very High,1.0
1674798941,restorativeness,0.02,Very High,1.0
1674799108,restorativeness,0.02,Very High,1.0
1675779149,restorativeness,0.02,Very High,1.0
1675787981,restorativeness,0.02,Very High,1.0
1676722898,restorativeness,0.02,Very High,1.0
1676723004,restorativeness,0.02,Very High,0.99
1676723049,restorativeness,0.02,Very High,1.0
1676723117,restorativeness,0.02,Very High,1.0
1676857165,restorativeness,0.02,Very High,1.0
1676874935,restorativeness,0.02,Very High,1.0
1676930741,restorativeness,0.02,Very High,1.0
1676930747,restorativeness,0.02,Very High,1.0
1677395629,restorativeness,0.02,Very High,1.0
1678144337,restorativeness,0.02,Very High,1.0
1679571341,restorativeness,0.02,Very High,1.0
1680813066,restorativeness,0.02,Very High,1.0
1680817595,restorativeness,0.02,Very High,1.0
1683133784,restorativeness,0.02,Very High,1.0
1683149343,restorativeness,0.02,Very High,1.0
1683419392,restorativeness,0.02,Very High,1.0
1683419476,restorativeness,0.02,Very High,1.0
1683419518,restorativeness,0.02,Very High,1.0
1683530161,restorativeness,0.02,Very High,1.0
1683616583,restorativeness,0.02,Very High,1.0
1683616632,restorativeness,0.02,Very High,1.0
1684754778,restorativeness,0.02,Very High,1.0
1684754783,restorativeness,0.02,Very High,1.0
1686023369,restorativeness,0.02,Very High,1.0
1687418211,restorativeness,0.02,Very High,0.99
1687702106,restorativeness,0.02,Very High,1.0
1687705213,restorativeness,0.02,Very High,1.0
1688374316,restorativeness,0.02,Very High,1.0
1688374447,restorativeness,0.02,Very High,1.0
1688374494,restorativeness,0.02,Very High,1.0
1688374515,restorativeness,0.02,Very High,0.87
1688401743,restorativeness,0.02,Very High,0.97
1691714738,restorativeness,0.02,Very High,1.0
1691892263,restorativeness,0.02,Very High,0.63
1692037020,restorativeness,0.02,Very High,1.0
1692037033,restorativeness,0.02,Very High,0.925
1692448608,restorativeness,0.02,Very High,1.0
1692448628,restorativeness,0.02,Very High,1.0
1693050615,restorativeness,0.02,Very High,1.0
1693307316,restorativeness,0.02,Very High,1.0
1695229413,restorativeness,0.02,Very High,1.0
1696284480,restorativeness,0.02,Very High,1.0
1696297242,restorativeness,0.02,Very High,1.0
1719680117,restorativeness,0.02,Very High,1.0
1727511203,restorativeness,0.02,Very High,1.0
1733233982,restorativeness,0.02,Very High,1.0
1733233984,restorativeness,0.02,Very High,0.99
1733234004,restorativeness,0.02,High,1.0
1733234015,restorativeness,0.02,High,1.0
1733234018,restorativeness,0.02,High,1.0
1733234033,restorativeness,0.02,Very High,0.855
1733234057,restorativeness,0.02,High,1.0
1733259450,restorativeness,0.02,High,1.0
1733259455,restorativeness,0.02,High,1.0
1739321161,restorativeness,0.02,High,0.56
1748744712,restorativeness,0.02,Very High,1.0
1748744790,restorativeness,0.02,Very High,1.0
1748752437,restorativeness,0.02,Very High,1.0
1748752554,restorativeness,0.02,Very High,1.0
1748789991,restorativeness,0.02,Very High,1.0
1750283342,restorativeness,0.02,Very High,1.0
1752677525,restorativeness,0.02,Very High,1.0
1752677708,restorativeness,0.02,Very High,1.0
1752939244,restorativeness,0.02,Very High,1.0
1752979743,restorativeness,0.02,Very High,1.0
1752979813,restorativeness,0.02,Very High,1.0
1752991477,restorativeness,0.02,Very High,1.0
1753033755,restorativeness,0.02,Very High,1.0
1753739585,restorativeness,0.02,Very High,1.0
1755882802,restorativeness,0.02,Very High,1.0
1758174742,restorativeness,0.02,Very High,1.0
1762006333,restorativeness,0.02,Very High,1.0
1762006353,restorativeness,0.02,Very High,1.0
1762166889,restorativeness,0.02,Very High,1.0
1762166903,restorativeness,0.02,Very High,1.0
1762177612,restorativeness,0.02,Very High,1.0
1767838635,restorativeness,0.02,Very High,1.0
1771412280,restorativeness,0.02,Very High,0.88
1783311722,restorativeness,0.02,High,0.725
1821516873,restorativeness,0.02,Very High,1.0
1833995997,restorativeness,0.02,Very High,1.0
1912111979,restorativeness,0.02,Very High,1.0
1959410503,restorativeness,0.02,Very High,1.0
1959410634,restorativeness,0.02,Very High,1.0
1976182212,restorativeness,0.02,Very High,1.0
1976182230,restorativeness,0.02,Very High,1.0
2048787814,restorativeness,0.02,Very High,1.0
2102252140,restorativeness,0.02,Very High,1.0
2140190743,restorativeness,0.02,Very High,1.0
2161358988,restorativeness,0.02,Very High,1.0
2161369349,restorativeness,0.02,Very High,1.0
2161371310,restorativeness,0.02,Very High,1.0
2307384385,restorativeness,0.02,Very High,1.0
2400326002,restorativeness,0.02,Very High,1.0
2422262678,restorativeness,0.02,Very High,1.0
2433711113,restorativeness,0.02,Very High,1.0
2433722241,restorativeness,0.02,Very High,1.0
2537637988,restorativeness,0.02,High,0.995
2537637993,restorativeness,0.02,High,1.0
2537637997,restorativeness,0.02,High,1.0
2537638001,restorativeness,0.02,High,1.0
2537638005,restorativeness,0.02,High,0.995
2537638007,restorativeness,0.02,High,0.945
2537638090,restorativeness,0.02,High,1.0
2537638091,restorativeness,0.02,High,1.0
2537638093,restorativeness,0.02,High,0.995
2537638095,restorativeness,0.02,High,1.0
2543618332,restorativeness,0.02,Very High,1.0
2550866372,restorativeness,0.02,Very High,1.0
2550866427,restorativeness,0.02,Very High,1.0
2550989572,restorativeness,0.02,Very High,1.0
2551007719,restorativeness,0.02,Very High,1.0
2551007746,restorativeness,0.02,Very High,1.0
2551007757,restorativeness,0.02,Very High,1.0
2551007781,restorativeness,0.02,Very High,1.0
2551031955,restorativeness,0.02,Very High,1.0
2552400217,restorativeness,0.02,Very High,1.0
2624681386,restorativeness,0.02,High,1.0
2655580318,restorativeness,0.02,Very High,1.0
2716878303,restorativeness,0.02,Very High,1.0
2814813324,restorativeness,0.02,High,0.865
2814816868,restorativeness,0.02,Very High,0.75
2817142002,restorativeness,0.02,Very High,1.0
2817144587,restorativeness,0.02,Very High,1.0
2817153807,restorativeness,0.02,Very High,0.805
2817167063,restorativeness,0.02,Very High,1.0
2817246341,restorativeness,0.02,Very High,1.0
2817659494,restorativeness,0.02,Very High,1.0
2822871751,restorativeness,0.02,Very High,0.975
2833044701,restorativeness,0.02,Very High,1.0
2833058304,restorativeness,0.02,Very High,1.0
2833058401,restorativeness,0.02,Very High,1.0
2842383207,restorativeness,0.02,Very High,1.0
2844479897,restorativeness,0.02,Very High,1.0
2844479900,restorativeness,0.02,Very High,1.0
2853259828,restorativeness,0.02,Very High,1.0
2939669839,restorativeness,0.02,Very High,1.0
2948657263,restorativeness,0.02,Very High,1.0
2971775879,restorativeness,0.02,Very High,1.0
3078449760,restorativeness,0.02,Very High,1.0
3078449799,restorativeness,0.02,Very High,1.0
3129277334,restorativeness,0.02,Very High,1.0
3363528669,restorativeness,0.02,Very High,1.0
3375251445,restorativeness,0.02,Very High,1.0
3430936974,restorativeness,0.02,High,1.0
3430936979,restorativeness,0.02,High,1.0
3430936987,restorativeness,0.02,High,1.0
3430942196,restorativeness,0.02,High,1.0
3430942200,restorativeness,0.02,High,1.0
3430942206,restorativeness,0.02,High,1.0
3529181723,restorativeness,0.02,Very High,1.0
3577241309,restorativeness,0.02,Very High,1.0
3586834520,restorativeness,0.02,High,1.0
3586834543,restorativeness,0.02,High,0.925
3733079068,restorativeness,0.02,Very High,1.0
3758452439,restorativeness,0.02,Very High,1.0
3763287838,restorativeness,0.02,High,0.88
3763287855,restorativeness,0.02,High,0.975
3763287856,restorativeness,0.02,High,1.0
3763305372,restorativeness,0.02,High,1.0
3763305379,restorativeness,0.02,High,1.0
3763305380,restorativeness,0.02,High,1.0
3763305790,restorativeness,0.02,Medium,1.0
3763305791,restorativeness,0.02,Medium,0.765
3763305797,restorativeness,0.02,Medium,0.89
3763305798,restorativeness,0.02,Medium,0.9
3763305805,restorativeness,0.02,Medium,0.84
3763305822,restorativeness,0.02,Medium,0.9
3763305834,restorativeness,0.02,Medium,0.98
3763305841,restorativeness,0.02,Medium,0.985
3763305846,restorativeness,0.02,Medium,0.995
3763309259,restorativeness,0.02,Medium,0.995
3763309281,restorativeness,0.02,Medium,1.0
3763309286,restorativeness,0.02,Medium,1.0
3763309289,restorativeness,0.02,Medium,1.0
3763309300,restorativeness,0.02,High,0.905
3763309301,restorativeness,0.02,Medium,0.51
3763309314,restorativeness,0.02,Medium,0.725
3763309316,restorativeness,0.02,High,0.64
3763309322,restorativeness,0.02,Medium,0.995
3763309333,restorativeness,0.02,Medium,0.985
3763309339,restorativeness,0.02,Medium,0.99
3763309342,restorativeness,0.02,Medium,1.0
3763309344,restorativeness,0.02,Medium,1.0
3763309348,restorativeness,0.02,Medium,0.985
3763309353,restorativeness,0.02,Medium,1.0
3763309355,restorativeness,0.02,Medium,1.0
3763309367,restorativeness,0.02,Medium,1.0
3763309373,restorativeness,0.02,Medium,1.0
3763309376,restorativeness,0.02,Medium,0.985
3763309379,restorativeness,0.02,Medium,0.96
3763309390,restorativeness,0.02,Medium,0.515
3771849226,restorativeness,0.02,Medium,0.605
3771849227,restorativeness,0.02,Medium,0.655
3771849228,restorativeness,0.02,High,0.995
3771849229,restorativeness,0.02,High,0.995
3806824101,restorativeness,0.02,Very High,1.0
3809925650,restorativeness,0.02,Very High,1.0
3812548070,restorativeness,0.02,Very High,1.0
3816218870,restorativeness,0.02,Very High,1.0
3877858786,restorativeness,0.02,Very High,1.0
3961529297,restorativeness,0.02,Very High,0.53
4028348297,restorativeness,0.02,Very High,1.0
4038324228,restorativeness,0.02,Very High,0.985
4044375747,restorativeness,0.02,Very High,1.0
4050345394,restorativeness,0.02,Very High,1.0
4050345815,restorativeness,0.02,Very High,1.0
4050345950,restorativeness,0.02,Very High,1.0
4069942819,restorativeness,0.02,Very High,1.0
4071708549,restorativeness,0.02,Very High,1.0
4120467620,restorativeness,0.02,Very High,1.0
4138094680,restorativeness,0.02,Very High,1.0
4228868789,restorativeness,0.02,Very High,1.0
4229026795,restorativeness,0.02,Very High,1.0
4229925893,restorativeness,0.02,Very High,1.0
4230313514,restorativeness,0.02,Very High,1.0
4230313555,restorativeness,0.02,Very High,1.0
4230353709,restorativeness,0.02,Very High,1.0
4230353759,restorativeness,0.02,Very High,1.0
4230354780,restorativeness,0.02,Very High,1.0
4230356132,restorativeness,0.02,Very High,1.0
4230356143,restorativeness,0.02,Very High,1.0
4230396300,restorativeness,0.02,Very High,1.0
4235104793,restorativeness,0.02,Very High,1.0
4235120611,restorativeness,0.02,Very High,1.0
4235178591,restorativeness,0.02,Very High,1.0
4235180094,restorativeness,0.02,Very High,1.0
4235185589,restorativeness,0.02,Very High,1.0
4235272707,restorativeness,0.02,Very High,1.0
4235356889,restorativeness,0.02,Very High,1.0
4241728252,restorativeness,0.02,Very High,1.0
4241778004,restorativeness,0.02,Very High,0.895
4241778012,restorativeness,0.02,Very High,0.7
4241778023,restorativeness,0.02,Very High,0.745
4241782001,restorativeness,0.02,High,0.885
4242571114,restorativeness,0.02,Very High,1.0
4242596805,restorativeness,0.02,Very High,1.0
4242838921,restorativeness,0.02,Very High,1.0
4242863366,restorativeness,0.02,Very High,1.0
4242864833,restorativeness,0.02,Very High,1.0
4242865422,restorativeness,0.02,Very High,1.0
4242878102,restorativeness,0.02,Very High,1.0
4242887289,restorativeness,0.02,Very High,1.0
4242887290,restorativeness,0.02,Very High,1.0
4243016495,restorativeness,0.02,Very High,1.0
4244292013,restorativeness,0.02,Very High,1.0
4244320393,restorativeness,0.02,Very High,1.0
4244396190,restorativeness,0.02,Very High,1.0
4244396289,restorativeness,0.02,High,1.0
4244683532,restorativeness,0.02,Very High,1.0
4245976092,restorativeness,0.02,Very High,1.0
4259955458,restorativeness,0.02,Very High,1.0
4406270890,restorativeness,0.02,High,0.995
4406270938,restorativeness,0.02,High,1.0
4425354702,restorativeness,0.02,Very High,1.0
4557252953,restorativeness,0.02,Very High,1.0
4668278614,restorativeness,0.02,High,1.0
4668278617,restorativeness,0.02,High,0.995
4668278626,restorativeness,0.02,High,0.865
4668278636,restorativeness,0.02,High,0.98
4668278646,restorativeness,0.02,High,1.0
4668278661,restorativeness,0.02,High,0.99
4668278663,restorativeness,0.02,High,1.0
4668278668,restorativeness,0.02,High,1.0
4668278674,restorativeness,0.02,High,1.0
4668279609,restorativeness,0.02,High,1.0
4668279619,restorativeness,0.02,High,1.0
4668279630,restorativeness,0.02,High,1.0
4668279656,restorativeness,0.02,High,1.0
4820400254,restorativeness,0.02,High,1.0
4820400287,restorativeness,0.02,High,0.95
4820400289,restorativeness,0.02,High,0.985
4820400291,restorativeness,0.02,High,0.95
4820400294,restorativeness,0.02,High,0.995
4820400295,restorativeness,0.02,High,0.995
4820428243,restorativeness,0.02,High,0.985
4820428244,restorativeness,0.02,High,1.0
4820428249,restorativeness,0.02,High,1.0
4820428252,restorativeness,0.02,High,1.0
4820428263,restorativeness,0.02,High,0.995
4820428264,restorativeness,0.02,High,0.99
4820428266,restorativeness,0.02,High,1.0
4820428268,restorativeness,0.02,High,1.0
4899932460,restorativeness,0.02,Very High,1.0
4902689737,restorativeness,0.02,Very High,1.0
4902690046,restorativeness,0.02,Very High,1.0
5205085828,restorativeness,0.02,Very High,1.0
5338115314,restorativeness,0.02,Very High,1.0
5338117821,restorativeness,0.02,Very High,1.0
5359935172,restorativeness,0.02,High,0.95
5364017472,restorativeness,0.02,Very High,1.0
5365725281,restorativeness,0.02,Very High,1.0
5412363649,restorativeness,0.02,Very High,1.0
5471236076,restorativeness,0.02,Very High,1.0
5514396514,restorativeness,0.02,Very High,0.915
5545134740,restorativeness,0.02,Very High,1.0
5563872873,restorativeness,0.02,High,0.93
5563872908,restorativeness,0.02,High,0.995
5563872945,restorativeness,0.02,High,0.96
5563872989,restorativeness,0.02,High,0.925
5578156044,restorativeness,0.02,Very High,1.0
5831742595,restorativeness,0.02,High,0.965
5972718215,restorativeness,0.02,Very High,0.97
5974229346,restorativeness,0.02,High,1.0
5974229351,restorativeness,0.02,High,0.88
5974229356,restorativeness,0.02,Very High,0.725
5974229358,restorativeness,0.02,High,0.525
5974229359,restorativeness,0.02,High,0.78
5974229361,restorativeness,0.02,High,0.825
5974229362,restorativeness,0.02,High,0.96
5974229364,restorativeness,0.02,High,0.995
5974229366,restorativeness,0.02,High,0.995
6034073764,restorativeness,0.02,Very High,1.0
6049100072,restorativeness,0.02,Very High,1.0
6086073177,restorativeness,0.02,Very High,1.0
6086089286,restorativeness,0.02,Very High,1.0
6086126706,restorativeness,0.02,Very High,1.0
6086126787,restorativeness,0.02,Very High,1.0
6086144463,restorativeness,0.02,Very High,1.0
6086166519,restorativeness,0.02,Very High,1.0
6086217569,restorativeness,0.02,Very High,1.0
6093047863,restorativeness,0.02,Very High,1.0
6093047884,restorativeness,0.02,Very High,1.0
6093049092,restorativeness,0.02,Very High,1.0
6093049103,restorativeness,0.02,Very High,1.0
6093049135,restorativeness,0.02,Very High,1.0
6093049202,restorativeness,0.02,Very High,1.0
6093049238,restorativeness,0.02,Very High,1.0
6093049257,restorativeness,0.02,Very High,1.0
6093049270,restorativeness,0.02,Very High,1.0
6093049280,restorativeness,0.02,Very High,1.0
6093049289,restorativeness,0.02,Very High,1.0
6093049298,restorativeness,0.02,Very High,1.0
6093049326,restorativeness,0.02,Very High,1.0
6093054716,restorativeness,0.02,Very High,1.0
6093054724,restorativeness,0.02,Very High,1.0
6106890865,restorativeness,0.02,Very High,1.0
6122292644,restorativeness,0.02,Very High,1.0
6131677268,restorativeness,0.02,Very High,1.0
6149496208,restorativeness,0.02,Very High,1.0
6149519804,restorativeness,0.02,Very High,1.0
6149527865,restorativeness,0.02,Very High,1.0
6149567917,restorativeness,0.02,Very High,1.0
6149567919,restorativeness,0.02,Very High,1.0
6167688903,restorativeness,0.02,Very High,1.0
6168445900,restorativeness,0.02,Very High,1.0
6168445916,restorativeness,0.02,Very High,1.0
6170668966,restorativeness,0.02,Very High,1.0
6188306586,restorativeness,0.02,High,1.0
6229927409,restorativeness,0.02,Very High,1.0
6247994297,restorativeness,0.02,Very High,1.0
6267835216,restorativeness,0.02,Very High,1.0
6293681656,restorativeness,0.02,Very High,1.0
6300295619,restorativeness,0.02,High,0.97
6305779529,restorativeness,0.02,Very High,1.0
6328984333,restorativeness,0.02,High,0.965
6328984371,restorativeness,0.02,High,1.0
6328984486,restorativeness,0.02,Medium,1.0
6328984493,restorativeness,0.02,Medium,0.715
6328984495,restorativeness,0.02,Medium,0.565
6339832471,restorativeness,0.02,Very High,0.995
6339861223,restorativeness,0.02,Very High,1.0
6369822475,restorativeness,0.02,Very High,1.0
6372602414,restorativeness,0.02,High,1.0
6372602415,restorativeness,0.02,High,1.0
6372602417,restorativeness,0.02,High,0.97
6372602420,restorativeness,0.02,High,0.87
6403547181,restorativeness,0.02,Very High,1.0
6418907296,restorativeness,0.02,Very High,1.0
6440467754,restorativeness,0.02,Very High,1.0
6491703571,restorativeness,0.02,Very High,1.0
6524156244,restorativeness,0.02,Very High,1.0
6533862314,restorativeness,0.02,Very High,0.59
6533862318,restorativeness,0.02,High,0.715
6533862335,restorativeness,0.02,High,0.965
6535742408,restorativeness,0.02,Very High,1.0
6539916754,restorativeness,0.02,Very High,1.0
6643065710,restorativeness,0.02,Very High,0.97
6667967517,restorativeness,0.02,Very High,1.0
6681110385,restorativeness,0.02,Very High,0.99
6775487582,restorativeness,0.02,High,1.0
6775526307,restorativeness,0.02,High,1.0
6775526314,restorativeness,0.02,High,1.0
6789185270,restorativeness,0.02,Very High,1.0
6789225156,restorativeness,0.02,High,0.775
6789225172,restorativeness,0.02,High,0.86
6789225180,restorativeness,0.02,High,0.97
6789233492,restorativeness,0.02,High,0.55
6882629397,restorativeness,0.02,Very High,1.0
6948798797,restorativeness,0.02,Very High,1.0
6948798804,restorativeness,0.02,Very High,1.0
6948798835,restorativeness,0.02,Very High,1.0
6975211183,restorativeness,0.02,Very High,1.0
6989876509,restorativeness,0.02,Very High,1.0
6990075663,restorativeness,0.02,Very High,1.0
7007083454,restorativeness,0.02,Very High,1.0
7088110119,restorativeness,0.02,Very High,1.0
7176218411,restorativeness,0.02,Very High,1.0
7177787606,restorativeness,0.02,Very High,1.0
7190872700,restorativeness,0.02,Very High,1.0
7354564223,restorativeness,0.02,Very High,1.0
7354564228,restorativeness,0.02,High,1.0
7389770068,restorativeness,0.02,Very High,1.0
7466695670,restorativeness,0.02,Very High,1.0
7522989639,restorativeness,0.02,Very High,1.0
7548883046,restorativeness,0.02,Very High,1.0
7580315774,restorativeness,0.02,Very High,1.0
7580324942,restorativeness,0.02,Very High,1.0
7620412418,restorativeness,0.02,Very High,1.0
7620412456,restorativeness,0.02,Very High,1.0
7620412461,restorativeness,0.02,Very High,0.965
7620412463,restorativeness,0.02,High,0.53
7620412466,restorativeness,0.02,Very High,0.82
7620415576,restorativeness,0.02,High,0.77
7728499328,restorativeness,0.02,Very High,1.0
7728503183,restorativeness,0.02,Very High,1.0
7728529801,restorativeness,0.02,Very High,1.0
7804547542,restorativeness,0.02,Very High,1.0
7806121149,restorativeness,0.02,Very High,1.0
7806507940,restorativeness,0.02,Very High,1.0
7843321033,restorativeness,0.02,Very High,1.0
7843321060,restorativeness,0.02,Very High,1.0
7928005193,restorativeness,0.02,Very High,1.0
7928451499,restorativeness,0.02,Very High,1.0
7948289895,restorativeness,0.02,Very High,1.0
7951767470,restorativeness,0.02,High,1.0
7951830085,restorativeness,0.02,High,0.99
7984593307,restorativeness,0.02,Very High,1.0
7992368574,restorativeness,0.02,Very High,1.0
8018283664,restorativeness,0.02,Very High,1.0
8022340239,restorativeness,0.02,Very High,1.0
8059272794,restorativeness,0.02,Very High,1.0
8059295526,restorativeness,0.02,Very High,1.0
8084750575,restorativeness,0.02,High,1.0
8084750600,restorativeness,0.02,High,1.0
8142670295,restorativeness,0.02,Very High,1.0
8147088870,restorativeness,0.02,Very High,1.0
8147088890,restorativeness,0.02,Very High,1.0
8168293420,restorativeness,0.02,Very High,1.0
8168293435,restorativeness,0.02,Very High,0.975
8234265720,restorativeness,0.02,Very High,1.0
8241311678,restorativeness,0.02,Very High,1.0
8241311694,restorativeness,0.02,Very High,1.0
8294058522,restorativeness,0.02,Very High,1.0
8297117023,restorativeness,0.02,Very High,1.0
8305267971,restorativeness,0.02,Very High,1.0
8443711109,restorativeness,0.02,Very High,1.0
8443712648,restorativeness,0.02,Very High,1.0
8467708169,restorativeness,0.02,Very High,1.0
8467801131,restorativeness,0.02,Very High,1.0
8486417293,restorativeness,0.02,Very High,1.0
8522652431,restorativeness,0.02,Very High,1.0
8522652463,restorativeness,0.02,Very High,1.0
8522653656,restorativeness,0.02,Very High,1.0
8567992266,restorativeness,0.02,High,0.765
8567992271,restorativeness,0.02,Very High,0.565
8567992275,restorativeness,0.02,High,0.84
8567992285,restorativeness,0.02,High,0.595
8567992299,restorativeness,0.02,Very High,1.0
8567992305,restorativeness,0.02,Very High,1.0
8778951943,restorativeness,0.02,Very High,1.0
8844588991,restorativeness,0.02,Very High,1.0
8844592428,restorativeness,0.02,Very High,1.0
8844592439,restorativeness,0.02,Very High,1.0
8844712057,restorativeness,0.02,Very High,1.0
8846476720,restorativeness,0.02,High,1.0
9094677321,restorativeness,0.02,Very High,1.0
9095905603,restorativeness,0.02,Very High,1.0
9095921431,restorativeness,0.02,Very High,1.0
9095921437,restorativeness,0.02,Very High,1.0
9121937519,restorativeness,0.02,Very High,1.0
9135617631,restorativeness,0.02,Very High,1.0
9171427497,restorativeness,0.02,Very High,1.0
9171480571,restorativeness,0.02,Very High,1.0
9186394286,restorativeness,0.02,High,0.94
9207623051,restorativeness,0.02,Very High,1.0
9248007099,restorativeness,0.02,Medium,0.99
9248011848,restorativeness,0.02,Medium,1.0
9248011886,restorativeness,0.02,High,1.0
9248011935,restorativeness,0.02,Medium,0.995
9248011945,restorativeness,0.02,High,1.0
9257313084,restorativeness,0.02,Very High,1.0
9257414624,restorativeness,0.02,High,0.765
9357775630,restorativeness,0.02,Very High,1.0
9357775659,restorativeness,0.02,Very High,1.0
9357775687,restorativeness,0.02,Very High,1.0
9372925151,restorativeness,0.02,Very High,1.0
9396648001,restorativeness,0.02,Very High,1.0
9396648012,restorativeness,0.02,Very High,1.0
9396649419,restorativeness,0.02,Very High,1.0
9417741857,restorativeness,0.02,Very High,1.0
9433347881,restorativeness,0.02,Very High,1.0
9466272405,restorativeness,0.02,Very High,1.0
9466602046,restorativeness,0.02,Very High,1.0
9532841658,restorativeness,0.02,Very High,1.0
9549302175,restorativeness,0.02,Very High,1.0
9602633511,restorativeness,0.02,High,1.0
9602657046,restorativeness,0.02,High,0.945
9602693150,restorativeness,0.02,High,0.98
9602777529,restorativeness,0.02,High,0.97
9602777532,restorativeness,0.02,High,0.845
9603355735,restorativeness,0.02,Very High,1.0
9612873590,restorativeness,0.02,Very High,1.0
9626133225,restorativeness,0.02,Very High,1.0
9628975662,restorativeness,0.02,Medium,1.0
9635553182,restorativeness,0.02,Very High,1.0
9683257699,restorativeness,0.02,Very High,1.0
9796684622,restorativeness,0.02,Very High,1.0
9796684639,restorativeness,0.02,Very High,1.0
9796684645,restorativeness,0.02,Very High,1.0
9798318356,restorativeness,0.02,Very High,1.0
9820783351,restorativeness,0.02,Very High,1.0
9834075289,restorativeness,0.02,Very High,1.0
9860535827,restorativeness,0.02,Very High,1.0
9922114735,restorativeness,0.02,Very High,1.0
9949070594,restorativeness,0.02,Very High,1.0
9966846106,restorativeness,0.02,Very High,0.91
9966846108,restorativeness,0.02,Very High,0.86
10092095611,restorativeness,0.02,Very High,0.885
10159726486,restorativeness,0.02,Very High,1.0
10174676167,restorativeness,0.02,High,0.995
10174676168,restorativeness,0.02,High,1.0
10174676170,restorativeness,0.02,High,1.0
10174676178,restorativeness,0.02,High,1.0
10174676187,restorativeness,0.02,High,0.99
10174676192,restorativeness,0.02,High,1.0
10174676201,restorativeness,0.02,High,1.0
10174676208,restorativeness,0.02,High,1.0
10174676211,restorativeness,0.02,High,1.0
10174676212,restorativeness,0.02,High,1.0
10174676216,restorativeness,0.02,High,0.695
10174708518,restorativeness,0.02,Medium,0.59
10174708523,restorativeness,0.02,Medium,0.885
10174708525,restorativeness,0.02,Medium,0.955
10174708529,restorativeness,0.02,Medium,1.0
10174708532,restorativeness,0.02,Medium,1.0
10174708534,restorativeness,0.02,Medium,1.0
10174708535,restorativeness,0.02,Medium,1.0
10174708536,restorativeness,0.02,Medium,0.995
10174708537,restorativeness,0.02,Medium,0.995
10174708540,restorativeness,0.02,Medium,1.0
10174708544,restorativeness,0.02,Medium,0.99
10174708566,restorativeness,0.02,Medium,0.985
10174708568,restorativeness,0.02,Medium,0.995
10174708577,restorativeness,0.02,Medium,0.99
10174708580,restorativeness,0.02,Medium,0.93
10174708582,restorativeness,0.02,Medium,0.755
10174708588,restorativeness,0.02,High,0.87
10174708602,restorativeness,0.02,Medium,1.0
10174708620,restorativeness,0.02,High,0.53
10174708624,restorativeness,0.02,High,0.595
10174708672,restorativeness,0.02,Medium,0.995
10174708679,restorativeness,0.02,Medium,0.595
10174708682,restorativeness,0.02,High,0.61
10174708684,restorativeness,0.02,High,0.675
10174708707,restorativeness,0.02,Medium,1.0
10174708711,restorativeness,0.02,Medium,1.0
10174708761,restorativeness,0.02,Medium,0.865
10174708764,restorativeness,0.02,Medium,0.9
10174708782,restorativeness,0.02,Medium,0.995
10174708783,restorativeness,0.02,Medium,0.975
10174708785,restorativeness,0.02,Medium,0.99
10174708786,restorativeness,0.02,Medium,1.0
10174708788,restorativeness,0.02,Medium,0.785
10174708791,restorativeness,0.02,Medium,0.87
10174708794,restorativeness,0.02,Medium,0.855
10174708808,restorativeness,0.02,High,0.93
10174708814,restorativeness,0.02,High,0.82
10174708836,restorativeness,0.02,High,1.0
10174708847,restorativeness,0.02,High,1.0
10182472800,restorativeness,0.02,Very High,1.0
10185850417,restorativeness,0.02,Very High,0.995
10185850467,restorativeness,0.02,Very High,1.0
10185850495,restorativeness,0.02,Very High,0.995
10185850502,restorativeness,0.02,Very High,1.0
10185850511,restorativeness,0.02,Very High,1.0
10185954636,restorativeness,0.02,Very High,1.0
10185954661,restorativeness,0.02,Very High,1.0
10185954678,restorativeness,0.02,Very High,1.0
10185954765,restorativeness,0.02,Very High,1.0
10262561799,restorativeness,0.02,High,0.82
10282459032,restorativeness,0.02,Very High,1.0
10300286341,restorativeness,0.02,Very High,1.0
10690393699,restorativeness,0.02,Very High,1.0
10720924158,restorativeness,0.02,Very High,0.64
10762109688,restorativeness,0.02,Very High,1.0
10764575126,restorativeness,0.02,Medium,0.995
10764575130,restorativeness,0.02,Medium,1.0
10764575135,restorativeness,0.02,Medium,0.97
10764575154,restorativeness,0.02,Medium,0.5
10764575156,restorativeness,0.02,Medium,0.635
10764575165,restorativeness,0.02,Medium,0.5
10765498098,restorativeness,0.02,Very High,1.0
10770607409,restorativeness,0.02,High,0.99
10770607414,restorativeness,0.02,High,0.965
10770607428,restorativeness,0.02,High,0.805
10770607434,restorativeness,0.02,High,0.76
10770607436,restorativeness,0.02,High,0.875
10770607437,restorativeness,0.02,Very High,0.575
10781466793,restorativeness,0.02,Very High,1.0
10782114175,restorativeness,0.02,High,1.0
10782114182,restorativeness,0.02,High,1.0
10782114187,restorativeness,0.02,High,1.0
10782114193,restorativeness,0.02,High,1.0
10782165711,restorativeness,0.02,High,0.96
10807135391,restorativeness,0.02,Very High,1.0
10807185817,restorativeness,0.02,Very High,1.0
10807185854,restorativeness,0.02,Very High,0.885
10807185864,restorativeness,0.02,Very High,1.0
10820325057,restorativeness,0.02,Very High,1.0
10824082848,restorativeness,0.02,Very High,1.0
10843102936,restorativeness,0.02,Very High,1.0
10852743401,restorativeness,0.02,Very High,1.0
10862625710,restorativeness,0.02,Very High,1.0
10862625726,restorativeness,0.02,Very High,0.99
10862625742,restorativeness,0.02,Very High,1.0
10862625753,restorativeness,0.02,Very High,1.0
10862625884,restorativeness,0.02,Very High,1.0
10862625891,restorativeness,0.02,Very High,0.975
10862625954,restorativeness,0.02,Very High,1.0
10862626059,restorativeness,0.02,High,1.0
10862626064,restorativeness,0.02,High,0.98
10864590116,restorativeness,0.02,Medium,1.0
10864590160,restorativeness,0.02,Very High,0.71
10864590178,restorativeness,0.02,Very High,0.95
10864590323,restorativeness,0.02,High,1.0
10864590327,restorativeness,0.02,High,0.98
10875049650,restorativeness,0.02,Very High,1.0
10875049654,restorativeness,0.02,Very High,1.0
10875049659,restorativeness,0.02,Very High,1.0
10875049662,restorativeness,0.02,Very High,1.0
10875049663,restorativeness,0.02,Very High,1.0
10875049664,restorativeness,0.02,Very High,0.995
10875049666,restorativeness,0.02,Very High,0.935
10875049670,restorativeness,0.02,Very High,0.88
10889016957,restorativeness,0.02,Very High,1.0
10943626000,restorativeness,0.02,High,0.97
10943669211,restorativeness,0.02,Very High,1.0
10948807008,restorativeness,0.02,Very High,1.0
10959368177,restorativeness,0.02,High,0.825
10965183585,restorativeness,0.02,Very High,1.0
10965191125,restorativeness,0.02,Very High,1.0
10969345508,restorativeness,0.02,Very High,1.0
10969389985,restorativeness,0.02,Very High,1.0
10969869017,restorativeness,0.02,Very High,1.0
10969869130,restorativeness,0.02,Very High,1.0
10969869178,restorativeness,0.02,Very High,1.0
10969885647,restorativeness,0.02,Very High,1.0
10969885650,restorativeness,0.02,Very High,1.0
10970847422,restorativeness,0.02,Very High,1.0
10974835618,restorativeness,0.02,High,0.99
10974835724,restorativeness,0.02,High,1.0
10983772523,restorativeness,0.02,Very High,1.0
10984439993,restorativeness,0.02,Very High,1.0
10984451455,restorativeness,0.02,Very High,1.0
10984795464,restorativeness,0.02,Very High,1.0
10989110091,restorativeness,0.02,Very High,1.0
10989630784,restorativeness,0.02,Very High,1.0
10989630785,restorativeness,0.02,Very High,1.0
10989630797,restorativeness,0.02,Very High,1.0
11013707527,restorativeness,0.02,Medium,0.79
11013707534,restorativeness,0.02,Medium,0.96
11013707538,restorativeness,0.02,Medium,0.995
11013707542,restorativeness,0.02,Medium,1.0
11013707543,restorativeness,0.02,Medium,1.0
11013707566,restorativeness,0.02,Medium,1.0
11013707567,restorativeness,0.02,Medium,1.0
11013707570,restorativeness,0.02,Medium,1.0
11013707572,restorativeness,0.02,Medium,1.0
11013707580,restorativeness,0.02,Medium,1.0
11013707589,restorativeness,0.02,Medium,1.0
11053698466,restorativeness,0.02,Very High,0.89
11053698478,restorativeness,0.02,Very High,0.845
11053698485,restorativeness,0.02,Very High,0.95
11053698493,restorativeness,0.02,Very High,0.885
11061413832,restorativeness,0.02,Medium,1.0
11061413833,restorativeness,0.02,Medium,1.0
11061413835,restorativeness,0.02,Medium,1.0
11061413837,restorativeness,0.02,Medium,1.0
11061413838,restorativeness,0.02,Medium,1.0
11061413839,restorativeness,0.02,Medium,1.0
11061413841,restorativeness,0.02,Medium,1.0
11061413842,restorativeness,0.02,High,0.99
11061413844,restorativeness,0.02,High,0.98
11061413845,restorativeness,0.02,High,0.93
11061413846,restorativeness,0.02,High,0.94
11061413848,restorativeness,0.02,High,0.905
11061413899,restorativeness,0.02,High,0.715
11061419907,restorativeness,0.02,High,0.68
11061419908,restorativeness,0.02,High,0.725
11061419912,restorativeness,0.02,Very High,0.725
11066863357,restorativeness,0.02,High,1.0
11104492426,restorativeness,0.02,Very High,1.0
11107400700,restorativeness,0.02,Very High,1.0
11113942097,restorativeness,0.02,Very High,0.73
11148431254,restorativeness,0.02,Very High,1.0
11165605602,restorativeness,0.02,Very High,1.0
11176102247,restorativeness,0.02,Very High,0.995
11180649875,restorativeness,0.02,Very High,1.0
11190449900,restorativeness,0.02,High,1.0
11193065877,restorativeness,0.02,Very High,1.0
11212068693,restorativeness,0.02,Very High,1.0
11215617881,restorativeness,0.02,High,1.0
11215617887,restorativeness,0.02,High,1.0
11215617908,restorativeness,0.02,High,1.0
11215617910,restorativeness,0.02,High,1.0
11215617954,restorativeness,0.02,High,1.0
11243787770,restorativeness,0.02,Very High,1.0
11245254256,restorativeness,0.02,Very High,1.0
11258540713,restorativeness,0.02,High,0.505
11258540726,restorativeness,0.02,Very High,0.675
11258545243,restorativeness,0.02,High,0.835
11258545246,restorativeness,0.02,High,0.97
11258545251,restorativeness,0.02,High,0.985
11260191606,restorativeness,0.02,Very High,0.93
11274535367,restorativeness,0.02,High,0.765
11277029428,restorativeness,0.02,Very High,1.0
11277029434,restorativeness,0.02,Very High,1.0
11277029451,restorativeness,0.02,Very High,1.0
11277029459,restorativeness,0.02,Very High,1.0
11288867320,restorativeness,0.02,Very High,1.0
11293289229,restorativeness,0.02,Very High,1.0
11293289233,restorativeness,0.02,Very High,1.0
11293289237,restorativeness,0.02,Very High,0.995
11293289241,restorativeness,0.02,Very High,0.975
11293289243,restorativeness,0.02,Very High,0.68
11293289246,restorativeness,0.02,High,0.65
11293289252,restorativeness,0.02,High,0.86
11327571894,restorativeness,0.02,Very High,1.0
11392399021,restorativeness,0.02,Very High,1.0
11396500473,restorativeness,0.02,Very High,1.0
11425682923,restorativeness,0.02,Very High,1.0
11429972491,restorativeness,0.02,High,1.0
11432906135,restorativeness,0.02,Medium,0.89
11432906138,restorativeness,0.02,Medium,0.885
11432906142,restorativeness,0.02,High,0.675
11432906145,restorativeness,0.02,High,0.69
11505686908,restorativeness,0.02,Very High,1.0
11513820872,restorativeness,0.02,Very High,1.0
11514003490,restorativeness,0.02,High,0.685
11514003618,restorativeness,0.02,High,1.0
11514003659,restorativeness,0.02,High,0.835
11514082203,restorativeness,0.02,Very High,1.0
11515987061,restorativeness,0.02,High,1.0
11515987065,restorativeness,0.02,High,1.0
11515987069,restorativeness,0.02,High,1.0
11515987072,restorativeness,0.02,High,1.0
11515987079,restorativeness,0.02,High,1.0
11527564842,restorativeness,0.02,Very High,1.0
11527564851,restorativeness,0.02,Very High,1.0
11527564852,restorativeness,0.02,Very High,1.0
11527564867,restorativeness,0.02,Very High,1.0
11532139728,restorativeness,0.02,High,1.0
11532523975,restorativeness,0.02,Very High,1.0
11570721023,restorativeness,0.02,Medium,0.995
11570721025,restorativeness,0.02,Medium,1.0
11570721027,restorativeness,0.02,Medium,1.0
11570721029,restorativeness,0.02,Medium,1.0
11570721034,restorativeness,0.02,Medium,1.0
11570721036,restorativeness,0.02,Medium,1.0
11570721037,restorativeness,0.02,Medium,1.0
11573383967,restorativeness,0.02,High,0.655
11573383984,restorativeness,0.02,High,0.975
11573383997,restorativeness,0.02,High,0.92
11727195684,restorativeness,0.02,Very High,1.0
11727195728,restorativeness,0.02,Very High,1.0
11783501643,restorativeness,0.02,Very High,1.0
11783501650,restorativeness,0.02,Very High,1.0
11783501664,restorativeness,0.02,High,1.0
11783501665,restorativeness,0.02,High,1.0
11783501667,restorativeness,0.02,High,1.0
11783509275,restorativeness,0.02,High,1.0
11783509288,restorativeness,0.02,High,0.82
11783509289,restorativeness,0.02,High,0.76
11783509294,restorativeness,0.02,Very High,0.945
11783509298,restorativeness,0.02,Very High,0.995
11783509302,restorativeness,0.02,Very High,1.0
11783509361,restorativeness,0.02,Very High,1.0
11783509365,restorativeness,0.02,High,1.0
11795188462,restorativeness,0.02,Very High,1.0
11795218787,restorativeness,0.02,Very High,1.0
11795218824,restorativeness,0.02,Very High,1.0
11795218835,restorativeness,0.02,Very High,1.0
11795264483,restorativeness,0.02,Very High,1.0
11795420506,restorativeness,0.02,Very High,1.0
11795420526,restorativeness,0.02,Very High,1.0
11795420545,restorativeness,0.02,Very High,1.0
11802276815,restorativeness,0.02,Very High,1.0
11803457978,restorativeness,0.02,Very High,1.0
11803458056,restorativeness,0.02,Very High,0.71
11811197853,restorativeness,0.02,Very High,1.0
11819306987,restorativeness,0.02,Very High,1.0
11821233258,restorativeness,0.02,Very High,1.0
11847828107,restorativeness,0.02,Very High,1.0
11865664335,restorativeness,0.02,Very High,1.0
11868804459,restorativeness,0.02,Very High,1.0
11898597265,restorativeness,0.02,Very High,1.0
11898597273,restorativeness,0.02,Very High,1.0
11898597895,restorativeness,0.02,High,1.0
11898597910,restorativeness,0.02,High,0.56
11898725990,restorativeness,0.02,Very High,0.77
11898725993,restorativeness,0.02,High,0.55
11898725998,restorativeness,0.02,Very High,0.735
11941854648,restorativeness,0.02,Very High,1.0
11941909371,restorativeness,0.02,Very High,1.0
11955680768,restorativeness,0.02,Very High,1.0
11992455236,restorativeness,0.02,Very High,1.0
12077416339,restorativeness,0.02,Very High,1.0
12140293163,restorativeness,0.02,High,0.93
12146326622,restorativeness,0.02,Very High,1.0
12147636333,restorativeness,0.02,Very High,1.0
12148197408,restorativeness,0.02,Very High,1.0
12382192929,restorativeness,0.02,Very High,1.0
12424652961,restorativeness,0.02,Very High,1.0
12424652965,restorativeness,0.02,Very High,1.0
12430718967,restorativeness,0.02,Very High,0.94
12430718982,restorativeness,0.02,Very High,0.695
12430718985,restorativeness,0.02,Very High,0.905
12430718999,restorativeness,0.02,Very High,0.925
12485105673,restorativeness,0.02,Very High,1.0
12522995826,restorativeness,0.02,Very High,1.0
12531973896,restorativeness,0.02,Very High,0.8
12531984404,restorativeness,0.02,Very High,1.0
12549478489,restorativeness,0.02,Very High,1.0
12549808196,restorativeness,0.02,Very High,1.0
12549820321,restorativeness,0.02,Very High,1.0
12549820333,restorativeness,0.02,Very High,1.0
12549925773,restorativeness,0.02,Very High,1.0
12551295536,restorativeness,0.02,Very High,1.0
12551295582,restorativeness,0.02,Very High,1.0
12551295599,restorativeness,0.02,Very High,1.0
12565104409,restorativeness,0.02,Very High,1.0
12565104470,restorativeness,0.02,Very High,1.0
12595228366,restorativeness,0.02,Very High,1.0
12595228399,restorativeness,0.02,Very High,1.0
12604059177,restorativeness,0.02,Very High,1.0
12604059190,restorativeness,0.02,Very High,1.0
12604521706,restorativeness,0.02,Very High,1.0
12604521732,restorativeness,0.02,Very High,1.0
12607094312,restorativeness,0.02,Very High,1.0
12607126625,restorativeness,0.02,Very High,1.0
12628688065,restorativeness,0.02,Medium,0.52
12636319154,restorativeness,0.02,Very High,1.0
12636319189,restorativeness,0.02,Very High,1.0
12639567742,restorativeness,0.02,Very High,1.0
12641784763,restorativeness,0.02,Very High,1.0
12641784775,restorativeness,0.02,Very High,1.0
12644019237,restorativeness,0.02,Very High,0.63
12644019263,restorativeness,0.02,High,1.0
12644019265,restorativeness,0.02,High,1.0
12644019272,restorativeness,0.02,High,0.95
12644019281,restorativeness,0.02,High,1.0
12647719174,restorativeness,0.02,Medium,1.0
12647719175,restorativeness,0.02,Medium,1.0
12647719259,restorativeness,0.02,Medium,0.945
12647719261,restorativeness,0.02,Medium,0.985
12647719262,restorativeness,0.02,Medium,0.995
12647719263,restorativeness,0.02,Medium,0.99
12647719265,restorativeness,0.02,Medium,1.0
12647719266,restorativeness,0.02,Medium,1.0
12647719354,restorativeness,0.02,Medium,0.61
12647719356,restorativeness,0.02,High,0.645
12648436039,restorativeness,0.02,Medium,0.835
12652485851,restorativeness,0.02,Very High,1.0
12655832976,restorativeness,0.02,Very High,1.0
12655848036,restorativeness,0.02,Very High,1.0
12656761390,restorativeness,0.02,Very High,1.0
12656782705,restorativeness,0.02,Very High,1.0
12673454380,restorativeness,0.02,Very High,1.0
12684727361,restorativeness,0.02,Very High,1.0
12726482693,restorativeness,0.02,Very High,1.0
12726512906,restorativeness,0.02,Very High,1.0
12726512992,restorativeness,0.02,Very High,1.0
12726513023,restorativeness,0.02,Very High,1.0
12726513025,restorativeness,0.02,Very High,1.0
12728226848,restorativeness,0.02,Very High,1.0
12728477228,restorativeness,0.02,Very High,1.0
12728636606,restorativeness,0.02,Very High,1.0
12728636634,restorativeness,0.02,Very High,1.0
12728664268,restorativeness,0.02,Very High,1.0
12728664287,restorativeness,0.02,Very High,1.0
12728719280,restorativeness,0.02,Very High,1.0
12728785706,restorativeness,0.02,Very High,1.0
12729291244,restorativeness,0.02,Very High,1.0
12729291602,restorativeness,0.02,Very High,1.0
12729291646,restorativeness,0.02,Very High,1.0
12730458390,restorativeness,0.02,Very High,1.0
12730458394,restorativeness,0.02,Very High,1.0
12730466824,restorativeness,0.02,Very High,1.0
12730466882,restorativeness,0.02,Very High,1.0
12730528439,restorativeness,0.02,Very High,1.0
12730599926,restorativeness,0.02,Very High,1.0
12730639856,restorativeness,0.02,Very High,1.0
12730738415,restorativeness,0.02,Very High,1.0
12730738463,restorativeness,0.02,Very High,1.0
12730738485,restorativeness,0.02,Very High,1.0
12730738503,restorativeness,0.02,Very High,1.0
12730828702,restorativeness,0.02,Very High,1.0
12730828735,restorativeness,0.02,Very High,1.0
12730828762,restorativeness,0.02,Very High,1.0
12731475236,restorativeness,0.02,Very High,1.0
12731475289,restorativeness,0.02,Very High,1.0
12731491628,restorativeness,0.02,Very High,1.0
12731491669,restorativeness,0.02,Very High,1.0
12731491672,restorativeness,0.02,Very High,1.0
12731491675,restorativeness,0.02,Very High,1.0
12731719277,restorativeness,0.02,Medium,1.0
12731719282,restorativeness,0.02,Medium,1.0
12731719283,restorativeness,0.02,Medium,1.0
12731719284,restorativeness,0.02,Medium,1.0
12731719295,restorativeness,0.02,Medium,1.0
12731728805,restorativeness,0.02,Medium,1.0
12731728812,restorativeness,0.02,Medium,1.0
12731728813,restorativeness,0.02,Medium,1.0
12731728816,restorativeness,0.02,Medium,1.0
12731728818,restorativeness,0.02,Medium,1.0
12731728823,restorativeness,0.02,Medium,1.0
12731728970,restorativeness,0.02,Medium,1.0
12731728977,restorativeness,0.02,Medium,1.0
12731728994,restorativeness,0.02,Medium,0.975
12731729007,restorativeness,0.02,Medium,0.89
12731729018,restorativeness,0.02,Medium,0.925
12731729028,restorativeness,0.02,Medium,0.85
12731729030,restorativeness,0.02,Medium,0.805
12731729031,restorativeness,0.02,Medium,0.745
12731729033,restorativeness,0.02,Medium,0.67
12731729035,restorativeness,0.02,High,0.54
12731729072,restorativeness,0.02,Medium,0.94
12731729074,restorativeness,0.02,Medium,1.0
12731729082,restorativeness,0.02,Medium,1.0
12731729083,restorativeness,0.02,Medium,1.0
12731780259,restorativeness,0.02,Medium,1.0
12731780266,restorativeness,0.02,Medium,1.0
12731780270,restorativeness,0.02,Medium,1.0
12731780271,restorativeness,0.02,Medium,1.0
12731780272,restorativeness,0.02,Medium,1.0
12731780273,restorativeness,0.02,Medium,1.0
12731780274,restorativeness,0.02,Medium,1.0
12731780275,restorativeness,0.02,Medium,1.0
12731780276,restorativeness,0.02,Medium,1.0
12731780277,restorativeness,0.02,Medium,1.0
12731780278,restorativeness,0.02,Medium,1.0
12731780279,restorativeness,0.02,Medium,1.0
12731780280,restorativeness,0.02,Medium,1.0
12731780281,restorativeness,0.02,Medium,1.0
12731780283,restorativeness,0.02,Medium,0.835
12732464838,restorativeness,0.02,Very High,1.0
12732464868,restorativeness,0.02,Very High,1.0
12732693516,restorativeness,0.02,Very High,1.0
12732693544,restorativeness,0.02,Very High,1.0
12732693552,restorativeness,0.02,Very High,1.0
12732693576,restorativeness,0.02,Very High,1.0
12732693584,restorativeness,0.02,Very High,1.0
12747733868,restorativeness,0.02,Medium,0.705
12747733871,restorativeness,0.02,Medium,0.76
12747733875,restorativeness,0.02,Medium,0.81
12747733879,restorativeness,0.02,Medium,1.0
12747733881,restorativeness,0.02,Medium,1.0
12747733882,restorativeness,0.02,Medium,1.0
12768149294,restorativeness,0.02,Very High,1.0
12768149297,restorativeness,0.02,Very High,1.0
12768197113,restorativeness,0.02,Very High,1.0
12768380983,restorativeness,0.02,Very High,1.0
12768381000,restorativeness,0.02,Very High,1.0
12768401522,restorativeness,0.02,Very High,1.0
12768401535,restorativeness,0.02,Very High,1.0
12768401563,restorativeness,0.02,Very High,1.0
12768401577,restorativeness,0.02,Very High,1.0
12768401623,restorativeness,0.02,Very High,1.0
12768401656,restorativeness,0.02,Very High,1.0
12768401707,restorativeness,0.02,Very High,1.0
12768401744,restorativeness,0.02,Very High,1.0
12768401747,restorativeness,0.02,Very High,1.0
12768441224,restorativeness,0.02,Very High,1.0
12768441236,restorativeness,0.02,Very High,1.0
12768441239,restorativeness,0.02,Very High,1.0
12768441260,restorativeness,0.02,Very High,1.0
12768441270,restorativeness,0.02,Very High,1.0
12768441271,restorativeness,0.02,Very High,1.0
12768725209,restorativeness,0.02,Very High,1.0
12768725273,restorativeness,0.02,Very High,1.0
12768725279,restorativeness,0.02,Very High,1.0
12768725281,restorativeness,0.02,Very High,1.0
12769049385,restorativeness,0.02,Very High,1.0
12769049389,restorativeness,0.02,Very High,1.0
12769824119,restorativeness,0.02,Very High,1.0
12769928884,restorativeness,0.02,Very High,1.0
12769951096,restorativeness,0.02,Very High,1.0
12769998616,restorativeness,0.02,Very High,1.0
12769998672,restorativeness,0.02,Very High,1.0
12769998680,restorativeness,0.02,Very High,1.0
12769998691,restorativeness,0.02,Very High,1.0
12769998694,restorativeness,0.02,Very High,1.0
12770065682,restorativeness,0.02,Very High,1.0
12771693017,restorativeness,0.02,Very High,1.0
12771693046,restorativeness,0.02,Very High,1.0
12771693070,restorativeness,0.02,Very High,1.0
12771693084,restorativeness,0.02,Very High,1.0
12771693099,restorativeness,0.02,Very High,1.0
12771694609,restorativeness,0.02,Very High,1.0
12771694620,restorativeness,0.02,Very High,1.0
12771694644,restorativeness,0.02,Very High,1.0
12771694687,restorativeness,0.02,Very High,1.0
12771694732,restorativeness,0.02,Very High,1.0
12771694752,restorativeness,0.02,Very High,1.0
12772010345,restorativeness,0.02,Very High,1.0
12772010372,restorativeness,0.02,Very High,1.0
12772010404,restorativeness,0.02,Very High,1.0
12772010426,restorativeness,0.02,Very High,1.0
12772010458,restorativeness,0.02,Very High,1.0
12772201879,restorativeness,0.02,Very High,1.0
12772205501,restorativeness,0.02,Very High,1.0
12772205558,restorativeness,0.02,Very High,1.0
12772205592,restorativeness,0.02,Very High,1.0
12772323421,restorativeness,0.02,Very High,1.0
12772323475,restorativeness,0.02,Very High,1.0
12772323481,restorativeness,0.02,Very High,1.0
12772323490,restorativeness,0.02,Very High,1.0
12773100949,restorativeness,0.02,Medium,0.73
12773100956,restorativeness,0.02,Medium,1.0
12785384650,restorativeness,0.02,Very High,1.0
12785384659,restorativeness,0.02,Very High,1.0
12785384685,restorativeness,0.02,Very High,1.0
12786327363,restorativeness,0.02,Very High,1.0
12786327381,restorativeness,0.02,Very High,1.0
12786327436,restorativeness,0.02,Very High,1.0
12786361567,restorativeness,0.02,Very High,1.0
12786361574,restorativeness,0.02,Very High,1.0
12786367939,restorativeness,0.02,Very High,1.0
12787592445,restorativeness,0.02,Very High,1.0
12787592471,restorativeness,0.02,Very High,1.0
12787592490,restorativeness,0.02,Very High,1.0
12787672087,restorativeness,0.02,Very High,1.0
12787726771,restorativeness,0.02,Very High,1.0
12787726787,restorativeness,0.02,Very High,1.0
12787737318,restorativeness,0.02,Very High,1.0
12787737325,restorativeness,0.02,Very High,1.0
12787737345,restorativeness,0.02,Very High,1.0
12787823749,restorativeness,0.02,Very High,1.0
12787823768,restorativeness,0.02,Very High,1.0
12787864222,restorativeness,0.02,Very High,1.0
12787864239,restorativeness,0.02,Very High,1.0
12787935017,restorativeness,0.02,Very High,1.0
12787935022,restorativeness,0.02,Very High,1.0
12787935047,restorativeness,0.02,Very High,1.0
12787935056,restorativeness,0.02,Very High,1.0
12787935076,restorativeness,0.02,Very High,1.0
12787935104,restorativeness,0.02,Very High,1.0
12787935194,restorativeness,0.02,Very High,1.0
12787997706,restorativeness,0.02,Very High,1.0
12787997801,restorativeness,0.02,Very High,1.0
12787997805,restorativeness,0.02,Very High,1.0
12789133026,restorativeness,0.02,Very High,1.0
12791177432,restorativeness,0.02,Very High,1.0
12791177444,restorativeness,0.02,Very High,1.0
12791177463,restorativeness,0.02,Very High,1.0
12791253876,restorativeness,0.02,Very High,1.0
12791265022,restorativeness,0.02,Very High,1.0
12791265101,restorativeness,0.02,Very High,1.0
12791325268,restorativeness,0.02,Very High,1.0
12791325276,restorativeness,0.02,Very High,1.0
12791325293,restorativeness,0.02,Very High,1.0
12791335403,restorativeness,0.02,Very High,1.0
12791335431,restorativeness,0.02,Very High,1.0
12791335454,restorativeness,0.02,Very High,1.0
12791485952,restorativeness,0.02,Very High,1.0
12791848834,restorativeness,0.02,Very High,1.0
12791848872,restorativeness,0.02,Very High,1.0
12791848898,restorativeness,0.02,Very High,1.0
12791882649,restorativeness,0.02,Very High,1.0
12791882728,restorativeness,0.02,Very High,1.0
12792079684,restorativeness,0.02,Very High,1.0
12792117626,restorativeness,0.02,Very High,1.0
12795862183,restorativeness,0.02,High,0.99
12795913106,restorativeness,0.02,High,0.93
12795913118,restorativeness,0.02,High,1.0
12795913160,restorativeness,0.02,High,1.0
12798426585,restorativeness,0.02,Very High,0.925
12798426588,restorativeness,0.02,Very High,0.955
12798455601,restorativeness,0.02,Very High,1.0
12798455623,restorativeness,0.02,Very High,1.0
12798455652,restorativeness,0.02,Very High,1.0
12798455660,restorativeness,0.02,Very High,1.0
12798455703,restorativeness,0.02,Very High,1.0
12800871737,restorativeness,0.02,Very High,0.835
12800871761,restorativeness,0.02,Very High,0.94
12800871786,restorativeness,0.02,Very High,1.0
12800871799,restorativeness,0.02,Very High,1.0
12800871822,restorativeness,0.02,Very High,1.0
12855417874,restorativeness,0.02,Very High,1.0
12921693543,restorativeness,0.02,Very High,1.0
12921693570,restorativeness,0.02,Very High,1.0
12921693581,restorativeness,0.02,Very High,1.0
13011475507,restorativeness,0.02,Very High,1.0
13036810031,restorativeness,0.02,Very High,1.0
13042739813,restorativeness,0.02,Medium,1.0
13042739816,restorativeness,0.02,Medium,0.64
13042739818,restorativeness,0.02,Medium,0.64
13042739839,restorativeness,0.02,Medium,0.79
13048692792,restorativeness,0.02,Very High,1.0
13074470732,restorativeness,0.02,Very High,1.0
13075574229,restorativeness,0.02,Very High,1.0
13075574254,restorativeness,0.02,Very High,1.0
13075574265,restorativeness,0.02,Very High,1.0
13075574515,restorativeness,0.02,Very High,1.0
13075755572,restorativeness,0.02,Very High,1.0
13075891044,restorativeness,0.02,Very High,1.0
13075891052,restorativeness,0.02,Very High,1.0
13075891065,restorativeness,0.02,Very High,1.0
13075891066,restorativeness,0.02,Very High,1.0
13075891072,restorativeness,0.02,Very High,1.0
13192125265,restorativeness,0.02,Medium,0.575
13192135506,restorativeness,0.02,Medium,0.92
13192135516,restorativeness,0.02,Medium,1.0
13208903748,restorativeness,0.02,High,1.0
13208903764,restorativeness,0.02,High,0.67
13208903775,restorativeness,0.02,High,0.92
13208903783,restorativeness,0.02,High,0.965
13208903791,restorativeness,0.02,High,1.0
13208925271,restorativeness,0.02,High,0.995
13236897775,restorativeness,0.02,High,0.975
13236897787,restorativeness,0.02,High,1.0
13236897795,restorativeness,0.02,High,1.0
13236903203,restorativeness,0.02,High,1.0
13236903207,restorativeness,0.02,High,1.0
13236903210,restorativeness,0.02,High,1.0
13236903252,restorativeness,0.02,High,0.875
13247989690,restorativeness,0.02,High,1.0
13248031603,restorativeness,0.02,High,1.0
13248789848,restorativeness,0.02,Very High,1.0
13248789863,restorativeness,0.02,Very High,0.995
13248902231,restorativeness,0.02,Very High,0.995
13248902255,restorativeness,0.02,Very High,1.0
13251409772,restorativeness,0.02,Very High,1.0
13251409775,restorativeness,0.02,Very High,1.0
13251427905,restorativeness,0.02,Very High,1.0
13251427910,restorativeness,0.02,Very High,0.995
13266798292,restorativeness,0.02,High,0.935
13266833877,restorativeness,0.02,Very High,1.0
13266833880,restorativeness,0.02,Very High,0.995
13278094142,restorativeness,0.02,Very High,1.0
13283310086,restorativeness,0.02,Very High,1.0
13283345525,restorativeness,0.02,Medium,0.77
13296601312,restorativeness,0.02,Very High,1.0
13305165223,restorativeness,0.02,High,1.0
13305165239,restorativeness,0.02,Medium,1.0
13305165249,restorativeness,0.02,Medium,1.0
13305165252,restorativeness,0.02,Medium,1.0
13305165253,restorativeness,0.02,Medium,1.0
13305165255,restorativeness,0.02,Medium,1.0
13333585760,restorativeness,0.02,High,0.985
13333594610,restorativeness,0.02,High,1.0
13363313378,restorativeness,0.02,Very High,1.0
13367428598,restorativeness,0.02,Very High,1.0
13476413486,restorativeness,0.02,High,1.0
13476413488,restorativeness,0.02,High,1.0
13476413490,restorativeness,0.02,High,1.0
13476800532,restorativeness,0.02,Very High,0.885
13479352079,restorativeness,0.02,High,1.0
13479352116,restorativeness,0.02,High,0.985
13479352119,restorativeness,0.02,High,1.0
13479352279,restorativeness,0.02,Very High,0.985
13479352298,restorativeness,0.02,Very High,0.905
13479352323,restorativeness,0.02,Very High,0.905
13479531033,restorativeness,0.02,Very High,1.0
13479531068,restorativeness,0.02,Very High,1.0
13479573156,restorativeness,0.02,High,0.99
13479573162,restorativeness,0.02,Medium,1.0
13479573166,restorativeness,0.02,Medium,0.94
13514569010,restorativeness,0.02,Very High,1.0
13514589346,restorativeness,0.02,Very High,1.0
13522359572,restorativeness,0.02,Very High,1.0
13522359574,restorativeness,0.02,Very High,1.0
13522359578,restorativeness,0.02,Very High,1.0
13522359582,restorativeness,0.02,Very High,1.0
13522386711,restorativeness,0.02,Very High,1.0
13522386715,restorativeness,0.02,Very High,1.0
13522439186,restorativeness,0.02,Very High,1.0
13524533766,restorativeness,0.02,Very High,1.0
13524533780,restorativeness,0.02,Very High,1.0
13524533788,restorativeness,0.02,High,1.0
13526623536,restorativeness,0.02,Very High,1.0
13529411167,restorativeness,0.02,Very High,1.0
13531702855,restorativeness,0.02,High,1.0
13531702857,restorativeness,0.02,High,1.0
13551342571,restorativeness,0.02,Very High,1.0
13556042699,restorativeness,0.02,Medium,0.99
13556103276,restorativeness,0.02,Medium,1.0
13556103286,restorativeness,0.02,Medium,0.995
13595807643,restorativeness,0.02,Very High,1.0
13595807668,restorativeness,0.02,Very High,1.0
13634243176,restorativeness,0.02,Very High,1.0
13644950324,restorativeness,0.02,Very High,1.0
13644950365,restorativeness,0.02,Very High,1.0
13652004830,restorativeness,0.02,Very High,1.0
13652004940,restorativeness,0.02,Very High,1.0
13652005057,restorativeness,0.02,Very High,1.0
13652005060,restorativeness,0.02,Very High,1.0
13652005063,restorativeness,0.02,Very High,1.0
13652005108,restorativeness,0.02,Very High,1.0
13652005164,restorativeness,0.02,Very High,1.0
13666609775,restorativeness,0.02,Very High,1.0
13666686522,restorativeness,0.02,Very High,1.0
13690616995,restorativeness,0.02,High,0.975
13690617000,restorativeness,0.02,High,1.0
13801355990,restorativeness,0.02,Very High,1.0
13801398609,restorativeness,0.02,Very High,1.0
13806300921,restorativeness,0.02,Very High,1.0
13810501988,restorativeness,0.02,Medium,0.985
31498903,restorativeness,0.05,High,0.85
265659781,restorativeness,0.05,High,0.665
265659817,restorativeness,0.05,Very High,0.75
265659911,restorativeness,0.05,Very High,0.835
265659912,restorativeness,0.05,Very High,0.925
265659916,restorativeness,0.05,Very High,1.0
265659926,restorativeness,0.05,Very High,1.0
265669554,restorativeness,0.05,Very High,1.0
265669562,restorativeness,0.05,Very High,1.0
291582989,restorativeness,0.05,Very High,0.9
291584378,restorativeness,0.05,Medium,0.995
291584384,restorativeness,0.05,Medium,0.74
291584394,restorativeness,0.05,Medium,0.91
291584395,restorativeness,0.05,Medium,0.855
291584412,restorativeness,0.05,High,0.955
291584426,restorativeness,0.05,High,0.96
291584812,restorativeness,0.05,Medium,0.99
291585357,restorativeness,0.05,Medium,0.98
291585468,restorativeness,0.05,Very High,0.965
291927192,restorativeness,0.05,Medium,0.99
291927228,restorativeness,0.05,High,0.975
291927260,restorativeness,0.05,High,0.965
291927310,restorativeness,0.05,Medium,0.98
291927385,restorativeness,0.05,High,0.99
291927461,restorativeness,0.05,High,0.725
291950057,restorativeness,0.05,Medium,0.9
293850002,restorativeness,0.05,High,0.745
293850123,restorativeness,0.05,High,1.0
293850151,restorativeness,0.05,High,0.995
293851624,restorativeness,0.05,Very High,0.58
293851905,restorativeness,0.05,Very High,0.985
293874114,restorativeness,0.05,High,0.985
293876118,restorativeness,0.05,High,0.925
293876279,restorativeness,0.05,High,0.975
293876630,restorativeness,0.05,Very High,1.0
297411543,restorativeness,0.05,Very High,0.985
297414194,restorativeness,0.05,Very High,1.0
297414210,restorativeness,0.05,Very High,1.0
297414218,restorativeness,0.05,Very High,0.98
299641717,restorativeness,0.05,Very High,1.0
301801838,restorativeness,0.05,Very High,1.0
301802251,restorativeness,0.05,Very High,1.0
301802471,restorativeness,0.05,Very High,1.0
301802511,restorativeness,0.05,Very High,1.0
301806842,restorativeness,0.05,Very High,1.0
301807418,restorativeness,0.05,Very High,1.0
301811627,restorativeness,0.05,Very High,1.0
301813602,restorativeness,0.05,Very High,1.0
301814428,restorativeness,0.05,Very High,0.935
302742175,restorativeness,0.05,Very High,1.0
302742232,restorativeness,0.05,Very High,1.0
302742300,restorativeness,0.05,Very High,1.0
302742354,restorativeness,0.05,Very High,1.0
302742399,restorativeness,0.05,Very High,1.0
302742478,restorativeness,0.05,Very High,1.0
302742975,restorativeness,0.05,Very High,0.995
302743086,restorativeness,0.05,Very High,1.0
302743402,restorativeness,0.05,Very High,0.965
302743453,restorativeness,0.05,Very High,0.945
302964118,restorativeness,0.05,High,0.975
302964224,restorativeness,0.05,Very High,1.0
302964252,restorativeness,0.05,Very High,1.0
302964263,restorativeness,0.05,Very High,1.0
302964281,restorativeness,0.05,Very High,1.0
302964287,restorativeness,0.05,Very High,1.0
302964815,restorativeness,0.05,Very High,1.0
302964821,restorativeness,0.05,Very High,1.0
302966012,restorativeness,0.05,Very High,1.0
302966023,restorativeness,0.05,Very High,1.0
302966036,restorativeness,0.05,Very High,1.0
302966068,restorativeness,0.05,Very High,1.0
302966075,restorativeness,0.05,Very High,1.0
302966095,restorativeness,0.05,Very High,1.0
303202278,restorativeness,0.05,Very High,0.985
304576406,restorativeness,0.05,Very High,1.0
304576474,restorativeness,0.05,Very High,1.0
304576505,restorativeness,0.05,Very High,1.0
304576529,restorativeness,0.05,Very High,1.0
304576588,restorativeness,0.05,Very High,1.0
304578785,restorativeness,0.05,Very High,1.0
304579917,restorativeness,0.05,Very High,1.0
304579937,restorativeness,0.05,Very High,1.0
304580057,restorativeness,0.05,Very High,1.0
304580241,restorativeness,0.05,Very High,1.0
304580242,restorativeness,0.05,Very High,0.995
304587571,restorativeness,0.05,Very High,1.0
304587695,restorativeness,0.05,Very High,1.0
304587716,restorativeness,0.05,Very High,1.0
304587734,restorativeness,0.05,Very High,1.0
304590295,restorativeness,0.05,Very High,1.0
304591541,restorativeness,0.05,Very High,0.54
304591556,restorativeness,0.05,Very High,0.575
304591613,restorativeness,0.05,Very High,0.595
304591620,restorativeness,0.05,High,0.905
304594774,restorativeness,0.05,Very High,0.995
304594780,restorativeness,0.05,Very High,1.0
304594797,restorativeness,0.05,Very High,1.0
304594812,restorativeness,0.05,Very High,1.0
304594904,restorativeness,0.05,Very High,1.0
304594909,restorativeness,0.05,Very High,1.0
304596685,restorativeness,0.05,Very High,0.99
304596716,restorativeness,0.05,Very High,0.99
304617231,restorativeness,0.05,Very High,1.0
304618715,restorativeness,0.05,Very High,1.0
304618717,restorativeness,0.05,Very High,1.0
304696625,restorativeness,0.05,Very High,1.0
304697331,restorativeness,0.05,Very High,1.0
304697339,restorativeness,0.05,Very High,1.0
304697390,restorativeness,0.05,Very High,1.0
304697393,restorativeness,0.05,Very High,1.0
304698900,restorativeness,0.05,Very High,1.0
304698938,restorativeness,0.05,Very High,1.0
304698973,restorativeness,0.05,Very High,1.0
304698982,restorativeness,0.05,Very High,1.0
304699010,restorativeness,0.05,Very High,1.0
304699026,restorativeness,0.05,Very High,1.0
304699094,restorativeness,0.05,Very High,1.0
304734593,restorativeness,0.05,Very High,1.0
304734635,restorativeness,0.05,Very High,1.0
304734701,restorativeness,0.05,Very High,1.0
304734825,restorativeness,0.05,Very High,1.0
304740408,restorativeness,0.05,Very High,1.0
304742295,restorativeness,0.05,Very High,1.0
304742336,restorativeness,0.05,Very High,1.0
304742344,restorativeness,0.05,Very High,1.0
304742347,restorativeness,0.05,Very High,1.0
304743203,restorativeness,0.05,Very High,1.0
304762056,restorativeness,0.05,Very High,1.0
304762078,restorativeness,0.05,Very High,1.0
304763196,restorativeness,0.05,Very High,1.0
304763199,restorativeness,0.05,Very High,1.0
304763222,restorativeness,0.05,Very High,1.0
304763480,restorativeness,0.05,Very High,1.0
304763503,restorativeness,0.05,Very High,1.0
304763504,restorativeness,0.05,Very High,1.0
304763691,restorativeness,0.05,Very High,1.0
304763694,restorativeness,0.05,Very High,1.0
304764048,restorativeness,0.05,Very High,1.0
304764067,restorativeness,0.05,Very High,1.0
304764101,restorativeness,0.05,Very High,0.99
304764136,restorativeness,0.05,Very High,1.0
306146053,restorativeness,0.05,Very High,0.79
306223499,restorativeness,0.05,Very High,1.0
306223896,restorativeness,0.05,Very High,1.0
306223916,restorativeness,0.05,Very High,1.0
306296872,restorativeness,0.05,Very High,1.0
306296936,restorativeness,0.05,Very High,1.0
306297151,restorativeness,0.05,Very High,1.0
306299195,restorativeness,0.05,Very High,1.0
306299246,restorativeness,0.05,Very High,1.0
309848495,restorativeness,0.05,Very High,1.0
309852361,restorativeness,0.05,Medium,0.72
309852363,restorativeness,0.05,Medium,0.78
309853032,restorativeness,0.05,High,0.955
309853211,restorativeness,0.05,High,0.845
309853247,restorativeness,0.05,Medium,0.99
309853613,restorativeness,0.05,High,0.75
309853615,restorativeness,0.05,High,0.675
313332541,restorativeness,0.05,Very High,1.0
313606728,restorativeness,0.05,Very High,1.0
314961291,restorativeness,0.05,Very High,1.0
315238582,restorativeness,0.05,Very High,1.0
315379816,restorativeness,0.05,Very High,0.67
315379824,restorativeness,0.05,Very High,0.725
315379825,restorativeness,0.05,High,0.53
315381082,restorativeness,0.05,Very High,1.0
315381085,restorativeness,0.05,Very High,1.0
315381086,restorativeness,0.05,Very High,1.0
315381096,restorativeness,0.05,Very High,0.88
315381098,restorativeness,0.05,Very High,0.825
315381272,restorativeness,0.05,Very High,0.765
315381281,restorativeness,0.05,Very High,0.75
315381331,restorativeness,0.05,Very High,0.73
315381332,restorativeness,0.05,Very High,0.795
315381452,restorativeness,0.05,Very High,0.835
315381465,restorativeness,0.05,Very High,0.84
315381751,restorativeness,0.05,Very High,0.815
355011067,restorativeness,0.05,Very High,0.975
364333977,restorativeness,0.05,Very High,1.0
364333981,restorativeness,0.05,Very High,1.0
366517702,restorativeness,0.05,Very High,1.0
366517772,restorativeness,0.05,Very High,1.0
367928605,restorativeness,0.05,Very High,1.0
368031696,restorativeness,0.05,Very High,1.0
460352061,restorativeness,0.05,High,0.71
460353192,restorativeness,0.05,High,0.9
460353197,restorativeness,0.05,High,0.95
460370994,restorativeness,0.05,High,0.65
460371002,restorativeness,0.05,High,0.5
460371535,restorativeness,0.05,Very High,0.8
460371547,restorativeness,0.05,Very High,0.84
460371597,restorativeness,0.05,Very High,0.975
460374178,restorativeness,0.05,Very High,0.8
460374206,restorativeness,0.05,Very High,0.96
460384992,restorativeness,0.05,High,0.87
460384997,restorativeness,0.05,High,0.765
460385000,restorativeness,0.05,High,0.725
460811662,restorativeness,0.05,High,0.89
460815609,restorativeness,0.05,High,0.765
460815980,restorativeness,0.05,High,0.78
460831841,restorativeness,0.05,High,0.825
460903974,restorativeness,0.05,Very High,0.835
460904225,restorativeness,0.05,Very High,0.89
460913592,restorativeness,0.05,Very High,0.8
460914084,restorativeness,0.05,Very High,0.985
460916521,restorativeness,0.05,Very High,0.975
460927352,restorativeness,0.05,Very High,0.835
460984536,restorativeness,0.05,Very High,0.995
460984908,restorativeness,0.05,High,0.93
460985089,restorativeness,0.05,Very High,0.955
461001893,restorativeness,0.05,Very High,0.72
461001991,restorativeness,0.05,Very High,0.6
461002074,restorativeness,0.05,Very High,0.66
1075548256,restorativeness,0.05,Very High,1.0
1075548260,restorativeness,0.05,Very High,1.0
1075548286,restorativeness,0.05,Very High,1.0
1075548295,restorativeness,0.05,Very High,1.0
1309637796,restorativeness,0.05,Very High,1.0
1309637943,restorativeness,0.05,Very High,1.0
1309638308,restorativeness,0.05,Very High,1.0
1309638543,restorativeness,0.05,High,0.59
1309639202,restorativeness,0.05,High,0.895
1309639592,restorativeness,0.05,High,0.86
1320036075,restorativeness,0.05,Very High,1.0
1329890078,restorativeness,0.05,Very High,1.0
1329890105,restorativeness,0.05,Very High,1.0
1329890126,restorativeness,0.05,Very High,1.0
1332645340,restorativeness,0.05,Very High,1.0
1332668655,restorativeness,0.05,Very High,0.995
1332699889,restorativeness,0.05,Very High,1.0
1332719592,restorativeness,0.05,Very High,1.0
1332719602,restorativeness,0.05,Very High,1.0
1332769856,restorativeness,0.05,Very High,1.0
1332775383,restorativeness,0.05,Very High,1.0
1332775411,restorativeness,0.05,Very High,1.0
1332785497,restorativeness,0.05,Very High,1.0
1332790270,restorativeness,0.05,Very High,1.0
1333269505,restorativeness,0.05,Very High,1.0
1333397832,restorativeness,0.05,Very High,1.0
1333404045,restorativeness,0.05,Very High,1.0
1333538814,restorativeness,0.05,Very High,1.0
1333540158,restorativeness,0.05,Very High,1.0
1333555653,restorativeness,0.05,Very High,0.985
1333588095,restorativeness,0.05,Very High,1.0
1333605411,restorativeness,0.05,Very High,1.0
1333624830,restorativeness,0.05,Very High,1.0
1333686363,restorativeness,0.05,Very High,1.0
1333752843,restorativeness,0.05,Very High,1.0
1333775570,restorativeness,0.05,Very High,1.0
1333791624,restorativeness,0.05,Very High,1.0
1333799027,restorativeness,0.05,Very High,1.0
1333879177,restorativeness,0.05,Very High,1.0
1333925932,restorativeness,0.05,Very High,1.0
1333965877,restorativeness,0.05,Very High,1.0
1334351921,restorativeness,0.05,Very High,1.0
1334519568,restorativeness,0.05,Very High,0.99
1334519592,restorativeness,0.05,Very High,0.975
1334519617,restorativeness,0.05,Very High,0.99
1334519623,restorativeness,0.05,Very High,0.97
1334519651,restorativeness,0.05,Very High,0.98
1335370854,restorativeness,0.05,Very High,1.0
1335400991,restorativeness,0.05,Very High,1.0
1335716130,restorativeness,0.05,Very High,0.965
1335716269,restorativeness,0.05,High,0.96
1335858522,restorativeness,0.05,Very High,0.99
1335900049,restorativeness,0.05,Very High,0.57
1335903101,restorativeness,0.05,Very High,1.0
1335936926,restorativeness,0.05,Very High,1.0
1335949339,restorativeness,0.05,Very High,1.0
1335962684,restorativeness,0.05,Very High,1.0
1336450093,restorativeness,0.05,Very High,1.0
1336450099,restorativeness,0.05,Very High,0.995
1336450118,restorativeness,0.05,Very High,1.0
1336481996,restorativeness,0.05,Very High,1.0
1336655119,restorativeness,0.05,Very High,1.0
1336672458,restorativeness,0.05,Very High,1.0
1336688270,restorativeness,0.05,Very High,1.0
1336737682,restorativeness,0.05,Very High,1.0
1336737701,restorativeness,0.05,Very High,0.98
1336737713,restorativeness,0.05,Very High,1.0
1336904969,restorativeness,0.05,Very High,1.0
1336911630,restorativeness,0.05,Very High,1.0
1337032073,restorativeness,0.05,Very High,1.0
1337086021,restorativeness,0.05,Very High,1.0
1337104625,restorativeness,0.05,Very High,1.0
1416167195,restorativeness,0.05,Very High,0.995
1416167197,restorativeness,0.05,Very High,1.0
1456255195,restorativeness,0.05,Very High,1.0
1482300049,restorativeness,0.05,Very High,1.0
1499300917,restorativeness,0.05,Very High,1.0
1515277205,restorativeness,0.05,High,0.645
1515277209,restorativeness,0.05,High,0.565
1515277210,restorativeness,0.05,Medium,0.565
1515278363,restorativeness,0.05,Medium,0.96
1517776311,restorativeness,0.05,High,0.63
1517780065,restorativeness,0.05,Very High,0.9
1517799702,restorativeness,0.05,Very High,1.0
1517894265,restorativeness,0.05,Very High,1.0
1517894389,restorativeness,0.05,Very High,1.0
1518680309,restorativeness,0.05,Very High,1.0
1519301970,restorativeness,0.05,Very High,0.99
1520083271,restorativeness,0.05,Very High,1.0
1520083698,restorativeness,0.05,Very High,1.0
1521099820,restorativeness,0.05,Very High,1.0
1524484562,restorativeness,0.05,Very High,0.995
1554374469,restorativeness,0.05,High,0.935
1554374555,restorativeness,0.05,High,0.985
1554374565,restorativeness,0.05,High,0.995
1554374588,restorativeness,0.05,High,0.99
1554374598,restorativeness,0.05,High,0.95
1554374611,restorativeness,0.05,High,0.965
1554374648,restorativeness,0.05,High,0.98
1576984303,restorativeness,0.05,High,0.985
1576984320,restorativeness,0.05,Very High,1.0
1576987630,restorativeness,0.05,Very High,0.99
1577002117,restorativeness,0.05,Very High,0.99
1577002120,restorativeness,0.05,Very High,0.995
1577003431,restorativeness,0.05,Very High,0.965
1577003435,restorativeness,0.05,Very High,0.98
1577003436,restorativeness,0.05,Very High,0.85
1582411346,restorativeness,0.05,Very High,1.0
1582420933,restorativeness,0.05,Very High,1.0
1601530424,restorativeness,0.05,Very High,1.0
1607732821,restorativeness,0.05,High,0.845
1607732898,restorativeness,0.05,High,0.805
1607732969,restorativeness,0.05,High,1.0
1607732991,restorativeness,0.05,High,0.84
1607870522,restorativeness,0.05,Very High,0.785
1634571340,restorativeness,0.05,Very High,1.0
1634571342,restorativeness,0.05,Very High,1.0
1634571498,restorativeness,0.05,Very High,1.0
1646145198,restorativeness,0.05,Very High,1.0
1654943890,restorativeness,0.05,Very High,1.0
1655958419,restorativeness,0.05,Very High,1.0
1656878955,restorativeness,0.05,Medium,0.745
1656879008,restorativeness,0.05,Medium,0.89
1669281897,restorativeness,0.05,Very High,1.0
1669281972,restorativeness,0.05,Very High,1.0
1669385096,restorativeness,0.05,Very High,1.0
1669391017,restorativeness,0.05,Very High,1.0
1670467950,restorativeness,0.05,Very High,1.0
1670774501,restorativeness,0.05,Very High,0.755
1671052660,restorativeness,0.05,Very High,1.0
1671052676,restorativeness,0.05,Very High,1.0
1671107675,restorativeness,0.05,Very High,1.0
1673201108,restorativeness,0.05,Very High,1.0
1673398526,restorativeness,0.05,Very High,1.0
1674550443,restorativeness,0.05,Very High,1.0
1674550549,restorativeness,0.05,Very High,1.0
1674798928,restorativeness,0.05,Very High,1.0
1674798941,restorativeness,0.05,Very High,1.0
1674799108,restorativeness,0.05,Very High,1.0
1675779149,restorativeness,0.05,Very High,1.0
1675787981,restorativeness,0.05,Very High,1.0
1676722898,restorativeness,0.05,Very High,1.0
1676723004,restorativeness,0.05,Very High,0.87
1676723049,restorativeness,0.05,Very High,1.0
1676723117,restorativeness,0.05,Very High,1.0
1676857165,restorativeness,0.05,Very High,1.0
1676874935,restorativeness,0.05,Very High,1.0
1676930741,restorativeness,0.05,Very High,1.0
1676930747,restorativeness,0.05,Very High,1.0
1677395629,restorativeness,0.05,Very High,1.0
1678144337,restorativeness,0.05,Very High,1.0
1679571341,restorativeness,0.05,Very High,1.0
1680813066,restorativeness,0.05,Very High,1.0
1680817595,restorativeness,0.05,Very High,1.0
1683133784,restorativeness,0.05,Very High,1.0
1683149343,restorativeness,0.05,Very High,1.0
1683419392,restorativeness,0.05,Very High,1.0
1683419476,restorativeness,0.05,Very High,1.0
1683419518,restorativeness,0.05,Very High,1.0
1683530161,restorativeness,0.05,Very High,1.0
1683616583,restorativeness,0.05,Very High,1.0
1683616632,restorativeness,0.05,Very High,1.0
1684754778,restorativeness,0.05,Very High,1.0
1684754783,restorativeness,0.05,Very High,1.0
1686023369,restorativeness,0.05,Very High,1.0
1687418211,restorativeness,0.05,Very High,0.835
1687702106,restorativeness,0.05,Very High,1.0
1687705213,restorativeness,0.05,Very High,1.0
1688374316,restorativeness,0.05,Very High,0.975
1688374447,restorativeness,0.05,Very High,0.955
1688374494,restorativeness,0.05,Very High,0.955
1688374515,restorativeness,0.05,Very High,0.685
1688401743,restorativeness,0.05,Very High,0.765
1691714738,restorativeness,0.05,Very High,1.0
1691892263,restorativeness,0.05,Very High,0.57
1692037020,restorativeness,0.05,Very High,0.93
1692037033,restorativeness,0.05,Very High,0.87
1692448608,restorativeness,0.05,Very High,1.0
1692448628,restorativeness,0.05,Very High,1.0
1693050615,restorativeness,0.05,Very High,0.995
1693307316,restorativeness,0.05,Very High,1.0
1695229413,restorativeness,0.05,Very High,1.0
1696284480,restorativeness,0.05,Very High,1.0
1696297242,restorativeness,0.05,Very High,1.0
1719680117,restorativeness,0.05,Very High,1.0
1727511203,restorativeness,0.05,Very High,1.0
1733233982,restorativeness,0.05,Very High,0.865
1733233984,restorativeness,0.05,Very High,0.815
1733234004,restorativeness,0.05,High,0.975
1733234015,restorativeness,0.05,High,0.905
1733234018,restorativeness,0.05,High,0.995
1733234033,restorativeness,0.05,Very High,0.68
1733234057,restorativeness,0.05,High,0.975
1733259450,restorativeness,0.05,High,0.98
1733259455,restorativeness,0.05,High,0.98
1739321161,restorativeness,0.05,Very High,0.585
1748744712,restorativeness,0.05,Very High,1.0
1748744790,restorativeness,0.05,Very High,1.0
1748752437,restorativeness,0.05,Very High,1.0
1748752554,restorativeness,0.05,Very High,1.0
1748789991,restorativeness,0.05,Very High,1.0
1750283342,restorativeness,0.05,Very High,1.0
1752677525,restorativeness,0.05,Very High,1.0
1752677708,restorativeness,0.05,Very High,0.995
1752939244,restorativeness,0.05,Very High,1.0
1752979743,restorativeness,0.05,Very High,1.0
1752979813,restorativeness,0.05,Very High,1.0
1752991477,restorativeness,0.05,Very High,1.0
1753033755,restorativeness,0.05,Very High,1.0
1753739585,restorativeness,0.05,Very High,1.0
1755882802,restorativeness,0.05,Very High,1.0
1758174742,restorativeness,0.05,Very High,1.0
1762006333,restorativeness,0.05,Very High,1.0
1762006353,restorativeness,0.05,Very High,1.0
1762166889,restorativeness,0.05,Very High,1.0
1762166903,restorativeness,0.05,Very High,1.0
1762177612,restorativeness,0.05,Very High,1.0
1767838635,restorativeness,0.05,Very High,1.0
1771412280,restorativeness,0.05,Very High,0.875
1783311722,restorativeness,0.05,High,0.58
1821516873,restorativeness,0.05,Very High,1.0
1833995997,restorativeness,0.05,Very High,0.87
1912111979,restorativeness,0.05,Very High,1.0
1959410503,restorativeness,0.05,Very High,1.0
1959410634,restorativeness,0.05,Very High,1.0
1976182212,restorativeness,0.05,Very High,1.0
1976182230,restorativeness,0.05,Very High,1.0
2048787814,restorativeness,0.05,Very High,1.0
2102252140,restorativeness,0.05,Very High,1.0
2140190743,restorativeness,0.05,Very High,1.0
2161358988,restorativeness,0.05,Very High,1.0
2161369349,restorativeness,0.05,Very High,1.0
2161371310,restorativeness,0.05,Very High,1.0
2307384385,restorativeness,0.05,Very High,1.0
2400326002,restorativeness,0.05,Very High,1.0
2422262678,restorativeness,0.05,Very High,1.0
2433711113,restorativeness,0.05,Very High,1.0
2433722241,restorativeness,0.05,Very High,1.0
2537637988,restorativeness,0.05,High,0.885
2537637993,restorativeness,0.05,High,0.945
2537637997,restorativeness,0.05,High,0.93
2537638001,restorativeness,0.05,High,0.785
2537638005,restorativeness,0.05,High,0.785
2537638007,restorativeness,0.05,High,0.695
2537638090,restorativeness,0.05,High,0.94
2537638091,restorativeness,0.05,High,0.88
2537638093,restorativeness,0.05,High,0.89
2537638095,restorativeness,0.05,High,0.885
2543618332,restorativeness,0.05,Very High,1.0
2550866372,restorativeness,0.05,Very High,0.995
2550866427,restorativeness,0.05,Very High,0.985
2550989572,restorativeness,0.05,Very High,1.0
2551007719,restorativeness,0.05,Very High,1.0
2551007746,restorativeness,0.05,Very High,0.98
2551007757,restorativeness,0.05,Very High,0.995
2551007781,restorativeness,0.05,Very High,0.995
2551031955,restorativeness,0.05,Very High,1.0
2552400217,restorativeness,0.05,Very High,1.0
2624681386,restorativeness,0.05,High,0.985
2655580318,restorativeness,0.05,Very High,1.0
2716878303,restorativeness,0.05,Very High,1.0
2814813324,restorativeness,0.05,High,0.53
2814816868,restorativeness,0.05,Very High,0.755
2817142002,restorativeness,0.05,Very High,0.985
2817144587,restorativeness,0.05,Very High,0.945
2817153807,restorativeness,0.05,Very High,0.81
2817167063,restorativeness,0.05,Very High,1.0
2817246341,restorativeness,0.05,Very High,1.0
2817659494,restorativeness,0.05,Very High,1.0
2822871751,restorativeness,0.05,Very High,0.845
2833044701,restorativeness,0.05,Very High,0.96
2833058304,restorativeness,0.05,Very High,1.0
2833058401,restorativeness,0.05,Very High,1.0
2842383207,restorativeness,0.05,Very High,1.0
2844479897,restorativeness,0.05,Very High,1.0
2844479900,restorativeness,0.05,Very High,1.0
2853259828,restorativeness,0.05,Very High,1.0
2939669839,restorativeness,0.05,Very High,1.0
2948657263,restorativeness,0.05,Very High,0.99
2971775879,restorativeness,0.05,Very High,1.0
3078449760,restorativeness,0.05,Very High,1.0
3078449799,restorativeness,0.05,Very High,1.0
3129277334,restorativeness,0.05,Very High,1.0
3363528669,restorativeness,0.05,Very High,1.0
3375251445,restorativeness,0.05,Very High,1.0
3430936974,restorativeness,0.05,High,0.985
3430936979,restorativeness,0.05,High,0.945
3430936987,restorativeness,0.05,High,0.98
3430942196,restorativeness,0.05,High,0.98
3430942200,restorativeness,0.05,High,0.97
3430942206,restorativeness,0.05,High,0.99
3529181723,restorativeness,0.05,Very High,1.0
3577241309,restorativeness,0.05,Very High,1.0
3586834520,restorativeness,0.05,High,0.95
3586834543,restorativeness,0.05,High,0.79
3733079068,restorativeness,0.05,Very High,1.0
3758452439,restorativeness,0.05,Very High,1.0
3763287838,restorativeness,0.05,High,0.685
3763287855,restorativeness,0.05,High,0.84
3763287856,restorativeness,0.05,High,0.87
3763305372,restorativeness,0.05,High,0.925
3763305379,restorativeness,0.05,High,0.98
3763305380,restorativeness,0.05,High,0.94
3763305790,restorativeness,0.05,Medium,0.815
3763305791,restorativeness,0.05,Medium,0.665
3763305797,restorativeness,0.05,Medium,0.515
3763305798,restorativeness,0.05,Medium,0.615
3763305805,restorativeness,0.05,High,0.535
3763305822,restorativeness,0.05,Medium,0.705
3763305834,restorativeness,0.05,Medium,0.825
3763305841,restorativeness,0.05,Medium,0.8
3763305846,restorativeness,0.05,Medium,0.865
3763309259,restorativeness,0.05,Medium,0.785
3763309281,restorativeness,0.05,Medium,0.895
3763309286,restorativeness,0.05,Medium,0.945
3763309289,restorativeness,0.05,Medium,0.97
3763309300,restorativeness,0.05,High,0.675
3763309301,restorativeness,0.05,High,0.56
3763309314,restorativeness,0.05,High,0.555
3763309316,restorativeness,0.05,High,0.545
3763309322,restorativeness,0.05,Medium,0.85
3763309333,restorativeness,0.05,Medium,0.835
3763309339,restorativeness,0.05,Medium,0.83
3763309342,restorativeness,0.05,Medium,0.865
3763309344,restorativeness,0.05,Medium,0.855
3763309348,restorativeness,0.05,Medium,0.795
3763309353,restorativeness,0.05,Medium,0.835
3763309355,restorativeness,0.05,Medium,0.855
3763309367,restorativeness,0.05,Medium,0.86
3763309373,restorativeness,0.05,Medium,0.74
3763309376,restorativeness,0.05,Medium,0.71
3763309379,restorativeness,0.05,Medium,0.7
3763309390,restorativeness,0.05,Medium,0.5
3771849226,restorativeness,0.05,Medium,0.545
3771849227,restorativeness,0.05,Medium,0.5
3771849228,restorativeness,0.05,High,0.88
3771849229,restorativeness,0.05,High,0.885
3806824101,restorativeness,0.05,Very High,1.0
3809925650,restorativeness,0.05,Very High,1.0
3812548070,restorativeness,0.05,Very High,1.0
3816218870,restorativeness,0.05,Very High,1.0
3877858786,restorativeness,0.05,Very High,1.0
3961529297,restorativeness,0.05,High,0.505
4028348297,restorativeness,0.05,Very High,1.0
4038324228,restorativeness,0.05,Very High,0.815
4044375747,restorativeness,0.05,Very High,1.0
4050345394,restorativeness,0.05,Very High,1.0
4050345815,restorativeness,0.05,Very High,1.0
4050345950,restorativeness,0.05,Very High,1.0
4069942819,restorativeness,0.05,Very High,1.0
4071708549,restorativeness,0.05,Very High,1.0
4120467620,restorativeness,0.05,Very High,1.0
4138094680,restorativeness,0.05,Very High,1.0
4228868789,restorativeness,0.05,Very High,0.995
4229026795,restorativeness,0.05,Very High,1.0
4229925893,restorativeness,0.05,Very High,1.0
4230313514,restorativeness,0.05,Very High,1.0
4230313555,restorativeness,0.05,Very High,1.0
4230353709,restorativeness,0.05,Very High,1.0
4230353759,restorativeness,0.05,Very High,1.0
4230354780,restorativeness,0.05,Very High,1.0
4230356132,restorativeness,0.05,Very High,1.0
4230356143,restorativeness,0.05,Very High,1.0
4230396300,restorativeness,0.05,Very High,1.0
4235104793,restorativeness,0.05,Very High,1.0
4235120611,restorativeness,0.05,Very High,1.0
4235178591,restorativeness,0.05,Very High,1.0
4235180094,restorativeness,0.05,Very High,1.0
4235185589,restorativeness,0.05,Very High,1.0
4235272707,restorativeness,0.05,Very High,1.0
4235356889,restorativeness,0.05,Very High,1.0
4241728252,restorativeness,0.05,Very High,1.0
4241778004,restorativeness,0.05,Very High,0.835
4241778012,restorativeness,0.05,Very High,0.765
4241778023,restorativeness,0.05,Very High,0.79
4241782001,restorativeness,0.05,Very High,0.51
4242571114,restorativeness,0.05,Very High,0.995
4242596805,restorativeness,0.05,Very High,0.965
4242838921,restorativeness,0.05,Very High,1.0
4242863366,restorativeness,0.05,Very High,1.0
4242864833,restorativeness,0.05,Very High,1.0
4242865422,restorativeness,0.05,Very High,1.0
4242878102,restorativeness,0.05,Very High,1.0
4242887289,restorativeness,0.05,Very High,1.0
4242887290,restorativeness,0.05,Very High,1.0
4243016495,restorativeness,0.05,Very High,1.0
4244292013,restorativeness,0.05,Very High,1.0
4244320393,restorativeness,0.05,Very High,0.99
4244396190,restorativeness,0.05,Very High,1.0
4244396289,restorativeness,0.05,High,0.925
4244683532,restorativeness,0.05,Very High,1.0
4245976092,restorativeness,0.05,Very High,1.0
4259955458,restorativeness,0.05,Very High,1.0
4406270890,restorativeness,0.05,High,0.69
4406270938,restorativeness,0.05,High,0.915
4425354702,restorativeness,0.05,Very High,0.995
4557252953,restorativeness,0.05,Very High,0.99
4668278614,restorativeness,0.05,High,0.93
4668278617,restorativeness,0.05,High,0.895
4668278626,restorativeness,0.05,High,0.685
4668278636,restorativeness,0.05,High,0.86
4668278646,restorativeness,0.05,High,0.91
4668278661,restorativeness,0.05,High,0.775
4668278663,restorativeness,0.05,High,0.995
4668278668,restorativeness,0.05,High,0.985
4668278674,restorativeness,0.05,High,0.965
4668279609,restorativeness,0.05,High,0.985
4668279619,restorativeness,0.05,High,0.96
4668279630,restorativeness,0.05,High,0.98
4668279656,restorativeness,0.05,High,0.98
4820400254,restorativeness,0.05,High,0.89
4820400287,restorativeness,0.05,High,0.69
4820400289,restorativeness,0.05,High,0.805
4820400291,restorativeness,0.05,High,0.705
4820400294,restorativeness,0.05,High,0.825
4820400295,restorativeness,0.05,High,0.87
4820428243,restorativeness,0.05,High,0.83
4820428244,restorativeness,0.05,High,0.855
4820428249,restorativeness,0.05,High,0.93
4820428252,restorativeness,0.05,High,0.89
4820428263,restorativeness,0.05,High,0.805
4820428264,restorativeness,0.05,High,0.835
4820428266,restorativeness,0.05,High,0.9
4820428268,restorativeness,0.05,High,0.905
4899932460,restorativeness,0.05,Very High,0.84
4902689737,restorativeness,0.05,Very High,1.0
4902690046,restorativeness,0.05,Very High,1.0
5205085828,restorativeness,0.05,Very High,1.0
5338115314,restorativeness,0.05,Very High,1.0
5338117821,restorativeness,0.05,Very High,1.0
5359935172,restorativeness,0.05,High,0.605
5364017472,restorativeness,0.05,Very High,1.0
5365725281,restorativeness,0.05,Very High,1.0
5412363649,restorativeness,0.05,Very High,1.0
5471236076,restorativeness,0.05,Very High,1.0
5514396514,restorativeness,0.05,Very High,0.83
5545134740,restorativeness,0.05,Very High,1.0
5563872873,restorativeness,0.05,High,0.685
5563872908,restorativeness,0.05,High,0.825
5563872945,restorativeness,0.05,High,0.765
5563872989,restorativeness,0.05,High,0.67
5578156044,restorativeness,0.05,Very High,1.0
5831742595,restorativeness,0.05,High,0.675
5972718215,restorativeness,0.05,Very High,0.77
5974229346,restorativeness,0.05,High,0.995
5974229351,restorativeness,0.05,High,0.675
5974229356,restorativeness,0.05,Very High,0.625
5974229358,restorativeness,0.05,Very High,0.51
5974229359,restorativeness,0.05,High,0.65
5974229361,restorativeness,0.05,High,0.68
5974229362,restorativeness,0.05,High,0.785
5974229364,restorativeness,0.05,High,0.855
5974229366,restorativeness,0.05,High,0.925
6034073764,restorativeness,0.05,Very High,1.0
6049100072,restorativeness,0.05,Very High,1.0
6086073177,restorativeness,0.05,Very High,1.0
6086089286,restorativeness,0.05,Very High,1.0
6086126706,restorativeness,0.05,Very High,1.0
6086126787,restorativeness,0.05,Very High,1.0
6086144463,restorativeness,0.05,Very High,1.0
6086166519,restorativeness,0.05,Very High,1.0
6086217569,restorativeness,0.05,Very High,1.0
6093047863,restorativeness,0.05,Very High,1.0
6093047884,restorativeness,0.05,Very High,1.0
6093049092,restorativeness,0.05,Very High,1.0
6093049103,restorativeness,0.05,Very High,1.0
6093049135,restorativeness,0.05,Very High,1.0
6093049202,restorativeness,0.05,Very High,1.0
6093049238,restorativeness,0.05,Very High,1.0
6093049257,restorativeness,0.05,Very High,0.995
6093049270,restorativeness,0.05,Very High,1.0
6093049280,restorativeness,0.05,Very High,0.995
6093049289,restorativeness,0.05,Very High,0.96
6093049298,restorativeness,0.05,Very High,0.975
6093049326,restorativeness,0.05,Very High,1.0
6093054716,restorativeness,0.05,Very High,1.0
6093054724,restorativeness,0.05,Very High,1.0
6106890865,restorativeness,0.05,Very High,1.0
6122292644,restorativeness,0.05,Very High,1.0
6131677268,restorativeness,0.05,Very High,1.0
6149496208,restorativeness,0.05,Very High,1.0
6149519804,restorativeness,0.05,Very High,1.0
6149527865,restorativeness,0.05,Very High,1.0
6149567917,restorativeness,0.05,Very High,0.99
6149567919,restorativeness,0.05,Very High,1.0
6167688903,restorativeness,0.05,Very High,1.0
6168445900,restorativeness,0.05,Very High,1.0
6168445916,restorativeness,0.05,Very High,1.0
6170668966,restorativeness,0.05,Very High,1.0
6188306586,restorativeness,0.05,High,0.745
6229927409,restorativeness,0.05,Very High,1.0
6247994297,restorativeness,0.05,Very High,1.0
6267835216,restorativeness,0.05,Very High,1.0
6293681656,restorativeness,0.05,Very High,0.995
6300295619,restorativeness,0.05,High,0.82
6305779529,restorativeness,0.05,Very High,1.0
6328984333,restorativeness,0.05,High,0.75
6328984371,restorativeness,0.05,High,0.99
6328984486,restorativeness,0.05,Medium,0.975
6328984493,restorativeness,0.05,High,0.615
6328984495,restorativeness,0.05,High,0.66
6339832471,restorativeness,0.05,Very High,0.95
6339861223,restorativeness,0.05,Very High,1.0
6369822475,restorativeness,0.05,Very High,1.0
6372602414,restorativeness,0.05,High,0.965
6372602415,restorativeness,0.05,High,0.885
6372602417,restorativeness,0.05,High,0.775
6372602420,restorativeness,0.05,High,0.67
6403547181,restorativeness,0.05,Very High,1.0
6418907296,restorativeness,0.05,Very High,1.0
6440467754,restorativeness,0.05,Very High,1.0
6491703571,restorativeness,0.05,Very High,1.0
6524156244,restorativeness,0.05,Very High,1.0
6533862314,restorativeness,0.05,Very High,0.655
6533862318,restorativeness,0.05,High,0.595
6533862335,restorativeness,0.05,High,0.815
6535742408,restorativeness,0.05,Very High,1.0
6539916754,restorativeness,0.05,Very High,0.995
6643065710,restorativeness,0.05,Very High,0.785
6667967517,restorativeness,0.05,Very High,0.93
6681110385,restorativeness,0.05,Very High,0.945
6775487582,restorativeness,0.05,High,0.995
6775526307,restorativeness,0.05,High,0.985
6775526314,restorativeness,0.05,High,0.98
6789185270,restorativeness,0.05,Very High,1.0
6789225156,restorativeness,0.05,High,0.69
6789225172,restorativeness,0.05,High,0.61
6789225180,restorativeness,0.05,High,0.79
6789233492,restorativeness,0.05,High,0.53
6882629397,restorativeness,0.05,Very High,1.0
6948798797,restorativeness,0.05,Very High,0.88
6948798804,restorativeness,0.05,Very High,0.94
6948798835,restorativeness,0.05,Very High,0.99
6975211183,restorativeness,0.05,Very High,1.0
6989876509,restorativeness,0.05,Very High,0.985
6990075663,restorativeness,0.05,Very High,0.97
7007083454,restorativeness,0.05,Very High,0.99
7088110119,restorativeness,0.05,Very High,0.985
7176218411,restorativeness,0.05,Very High,1.0
7177787606,restorativeness,0.05,Very High,1.0
7190872700,restorativeness,0.05,Very High,1.0
7354564223,restorativeness,0.05,Very High,0.975
7354564228,restorativeness,0.05,High,0.92
7389770068,restorativeness,0.05,Very High,1.0
7466695670,restorativeness,0.05,Very High,1.0
7522989639,restorativeness,0.05,Very High,1.0
7548883046,restorativeness,0.05,Very High,1.0
7580315774,restorativeness,0.05,Very High,1.0
7580324942,restorativeness,0.05,Very High,1.0
7620412418,restorativeness,0.05,Very High,1.0
7620412456,restorativeness,0.05,Very High,1.0
7620412461,restorativeness,0.05,Very High,0.895
7620412463,restorativeness,0.05,Very High,0.67
7620412466,restorativeness,0.05,Very High,0.78
7620415576,restorativeness,0.05,Very High,0.605
7728499328,restorativeness,0.05,Very High,1.0
7728503183,restorativeness,0.05,Very High,0.995
7728529801,restorativeness,0.05,Very High,0.985
7804547542,restorativeness,0.05,Very High,1.0
7806121149,restorativeness,0.05,Very High,1.0
7806507940,restorativeness,0.05,Very High,1.0
7843321033,restorativeness,0.05,Very High,1.0
7843321060,restorativeness,0.05,Very High,1.0
7928005193,restorativeness,0.05,Very High,1.0
7928451499,restorativeness,0.05,Very High,1.0
7948289895,restorativeness,0.05,Very High,1.0
7951767470,restorativeness,0.05,High,1.0
7951830085,restorativeness,0.05,High,0.81
7984593307,restorativeness,0.05,Very High,1.0
7992368574,restorativeness,0.05,Very High,1.0
8018283664,restorativeness,0.05,Very High,0.995
8022340239,restorativeness,0.05,Very High,1.0
8059272794,restorativeness,0.05,Very High,0.965
8059295526,restorativeness,0.05,Very High,0.885
8084750575,restorativeness,0.05,High,0.935
8084750600,restorativeness,0.05,High,0.965
8142670295,restorativeness,0.05,Very High,0.99
8147088870,restorativeness,0.05,Very High,1.0
8147088890,restorativeness,0.05,Very High,1.0
8168293420,restorativeness,0.05,Very High,1.0
8168293435,restorativeness,0.05,Very High,0.92
8234265720,restorativeness,0.05,Very High,1.0
8241311678,restorativeness,0.05,Very High,1.0
8241311694,restorativeness,0.05,Very High,1.0
8294058522,restorativeness,0.05,Very High,1.0
8297117023,restorativeness,0.05,Very High,1.0
8305267971,restorativeness,0.05,Very High,1.0
8443711109,restorativeness,0.05,Very High,1.0
8443712648,restorativeness,0.05,Very High,0.97
8467708169,restorativeness,0.05,Very High,0.99
8467801131,restorativeness,0.05,Very High,0.98
8486417293,restorativeness,0.05,Very High,1.0
8522652431,restorativeness,0.05,Very High,1.0
8522652463,restorativeness,0.05,Very High,1.0
8522653656,restorativeness,0.05,Very High,1.0
8567992266,restorativeness,0.05,Very High,0.525
8567992271,restorativeness,0.05,Very High,0.695
8567992275,restorativeness,0.05,High,0.56
8567992285,restorativeness,0.05,Very High,0.61
8567992299,restorativeness,0.05,Very High,0.995
8567992305,restorativeness,0.05,Very High,0.955
8778951943,restorativeness,0.05,Very High,1.0
8844588991,restorativeness,0.05,Very High,0.995
8844592428,restorativeness,0.05,Very High,1.0
8844592439,restorativeness,0.05,Very High,1.0
8844712057,restorativeness,0.05,Very High,1.0
8846476720,restorativeness,0.05,High,1.0
9094677321,restorativeness,0.05,Very High,1.0
9095905603,restorativeness,0.05,Very High,1.0
9095921431,restorativeness,0.05,Very High,1.0
9095921437,restorativeness,0.05,Very High,1.0
9121937519,restorativeness,0.05,Very High,0.99
9135617631,restorativeness,0.05,Very High,1.0
9171427497,restorativeness,0.05,Very High,1.0
9171480571,restorativeness,0.05,Very High,1.0
9186394286,restorativeness,0.05,High,0.59
9207623051,restorativeness,0.05,Very High,0.995
9248007099,restorativeness,0.05,Medium,0.82
9248011848,restorativeness,0.05,Medium,0.965
9248011886,restorativeness,0.05,High,0.95
9248011935,restorativeness,0.05,Medium,0.92
9248011945,restorativeness,0.05,High,0.98
9257313084,restorativeness,0.05,Very High,1.0
9257414624,restorativeness,0.05,High,0.695
9357775630,restorativeness,0.05,Very High,1.0
9357775659,restorativeness,0.05,Very High,1.0
9357775687,restorativeness,0.05,Very High,1.0
9372925151,restorativeness,0.05,Very High,1.0
9396648001,restorativeness,0.05,Very High,0.995
9396648012,restorativeness,0.05,Very High,0.995
9396649419,restorativeness,0.05,Very High,0.985
9417741857,restorativeness,0.05,Very High,1.0
9433347881,restorativeness,0.05,Very High,1.0
9466272405,restorativeness,0.05,Very High,1.0
9466602046,restorativeness,0.05,Very High,1.0
9532841658,restorativeness,0.05,Very High,1.0
9549302175,restorativeness,0.05,Very High,1.0
9602633511,restorativeness,0.05,High,0.98
9602657046,restorativeness,0.05,High,0.845
9602693150,restorativeness,0.05,High,0.84
9602777529,restorativeness,0.05,High,0.81
9602777532,restorativeness,0.05,High,0.67
9603355735,restorativeness,0.05,Very High,1.0
9612873590,restorativeness,0.05,Very High,1.0
9626133225,restorativeness,0.05,Very High,1.0
9628975662,restorativeness,0.05,Medium,1.0
9635553182,restorativeness,0.05,Very High,1.0
9683257699,restorativeness,0.05,Very High,0.995
9796684622,restorativeness,0.05,Very High,1.0
9796684639,restorativeness,0.05,Very High,1.0
9796684645,restorativeness,0.05,Very High,1.0
9798318356,restorativeness,0.05,Very High,1.0
9820783351,restorativeness,0.05,Very High,0.98
9834075289,restorativeness,0.05,Very High,1.0
9860535827,restorativeness,0.05,Very High,1.0
9922114735,restorativeness,0.05,Very High,1.0
9949070594,restorativeness,0.05,Very High,1.0
9966846106,restorativeness,0.05,Very High,0.675
9966846108,restorativeness,0.05,Very High,0.595
10092095611,restorativeness,0.05,Very High,0.83
10159726486,restorativeness,0.05,Very High,1.0
10174676167,restorativeness,0.05,High,0.85
10174676168,restorativeness,0.05,High,0.94
10174676170,restorativeness,0.05,High,0.98
10174676178,restorativeness,0.05,High,0.94
10174676187,restorativeness,0.05,High,0.85
10174676192,restorativeness,0.05,High,0.93
10174676201,restorativeness,0.05,High,0.99
10174676208,restorativeness,0.05,High,0.975
10174676211,restorativeness,0.05,High,0.99
10174676212,restorativeness,0.05,High,0.98
10174676216,restorativeness,0.05,High,0.785
10174708518,restorativeness,0.05,High,0.61
10174708523,restorativeness,0.05,High,0.56
10174708525,restorativeness,0.05,Medium,0.585
10174708529,restorativeness,0.05,Medium,0.79
10174708532,restorativeness,0.05,Medium,0.865
10174708534,restorativeness,0.05,Medium,0.87
10174708535,restorativeness,0.05,Medium,0.765
10174708536,restorativeness,0.05,Medium,0.77
10174708537,restorativeness,0.05,Medium,0.76
10174708540,restorativeness,0.05,Medium,0.81
10174708544,restorativeness,0.05,Medium,0.825
10174708566,restorativeness,0.05,Medium,0.805
10174708568,restorativeness,0.05,Medium,0.855
10174708577,restorativeness,0.05,Medium,0.795
10174708580,restorativeness,0.05,Medium,0.605
10174708582,restorativeness,0.05,High,0.555
10174708588,restorativeness,0.05,High,0.825
10174708602,restorativeness,0.05,Medium,0.85
10174708620,restorativeness,0.05,High,0.625
10174708624,restorativeness,0.05,High,0.675
10174708672,restorativeness,0.05,Medium,0.775
10174708679,restorativeness,0.05,High,0.58
10174708682,restorativeness,0.05,High,0.555
10174708684,restorativeness,0.05,High,0.675
10174708707,restorativeness,0.05,Medium,0.975
10174708711,restorativeness,0.05,Medium,0.955
10174708761,restorativeness,0.05,Medium,0.56
10174708764,restorativeness,0.05,Medium,0.605
10174708782,restorativeness,0.05,Medium,0.71
10174708783,restorativeness,0.05,Medium,0.745
10174708785,restorativeness,0.05,Medium,0.805
10174708786,restorativeness,0.05,Medium,0.82
10174708788,restorativeness,0.05,Medium,0.6
10174708791,restorativeness,0.05,Medium,0.595
10174708794,restorativeness,0.05,Medium,0.545
10174708808,restorativeness,0.05,High,0.855
10174708814,restorativeness,0.05,High,0.705
10174708836,restorativeness,0.05,High,0.995
10174708847,restorativeness,0.05,High,0.985
10182472800,restorativeness,0.05,Very High,1.0
10185850417,restorativeness,0.05,Very High,0.96
10185850467,restorativeness,0.05,Very High,0.985
10185850495,restorativeness,0.05,Very High,0.865
10185850502,restorativeness,0.05,Very High,0.89
10185850511,restorativeness,0.05,Very High,0.875
10185954636,restorativeness,0.05,Very High,1.0
10185954661,restorativeness,0.05,Very High,1.0
10185954678,restorativeness,0.05,Very High,1.0
10185954765,restorativeness,0.05,Very High,1.0
10262561799,restorativeness,0.05,High,0.5
10282459032,restorativeness,0.05,Very High,1.0
10300286341,restorativeness,0.05,Very High,1.0
10690393699,restorativeness,0.05,Very High,1.0
10720924158,restorativeness,0.05,Very High,0.76
10762109688,restorativeness,0.05,Very High,0.93
10764575126,restorativeness,0.05,Medium,0.735
10764575130,restorativeness,0.05,Medium,0.8
10764575135,restorativeness,0.05,Medium,0.655
10764575154,restorativeness,0.05,High,0.615
10764575156,restorativeness,0.05,High,0.58
10764575165,restorativeness,0.05,High,0.675
10765498098,restorativeness,0.05,Very High,0.985
10770607409,restorativeness,0.05,High,0.87
10770607414,restorativeness,0.05,High,0.83
10770607428,restorativeness,0.05,High,0.725
10770607434,restorativeness,0.05,High,0.695
10770607436,restorativeness,0.05,High,0.675
10770607437,restorativeness,0.05,Very High,0.525
10781466793,restorativeness,0.05,Very High,1.0
10782114175,restorativeness,0.05,High,0.96
10782114182,restorativeness,0.05,High,0.945
10782114187,restorativeness,0.05,High,0.955
10782114193,restorativeness,0.05,High,0.79
10782165711,restorativeness,0.05,High,0.795
10807135391,restorativeness,0.05,Very High,1.0
10807185817,restorativeness,0.05,Very High,1.0
10807185854,restorativeness,0.05,Very High,0.555
10807185864,restorativeness,0.05,Very High,1.0
10820325057,restorativeness,0.05,Very High,1.0
10824082848,restorativeness,0.05,Very High,1.0
10843102936,restorativeness,0.05,Very High,1.0
10852743401,restorativeness,0.05,Very High,1.0
10862625710,restorativeness,0.05,Very High,0.81
10862625726,restorativeness,0.05,Very High,0.845
10862625742,restorativeness,0.05,Very High,0.89
10862625753,restorativeness,0.05,Very High,0.93
10862625884,restorativeness,0.05,Very High,0.89
10862625891,restorativeness,0.05,Very High,0.79
10862625954,restorativeness,0.05,Very High,0.915
10862626059,restorativeness,0.05,High,0.955
10862626064,restorativeness,0.05,High,0.855
10864590116,restorativeness,0.05,Medium,1.0
10864590160,restorativeness,0.05,Very High,0.54
10864590178,restorativeness,0.05,Very High,0.68
10864590323,restorativeness,0.05,High,0.98
10864590327,restorativeness,0.05,High,0.85
10875049650,restorativeness,0.05,Very High,1.0
10875049654,restorativeness,0.05,Very High,0.99
10875049659,restorativeness,0.05,Very High,0.99
10875049662,restorativeness,0.05,Very High,0.905
10875049663,restorativeness,0.05,Very High,0.85
10875049664,restorativeness,0.05,Very High,0.84
10875049666,restorativeness,0.05,Very High,0.81
10875049670,restorativeness,0.05,Very High,0.66
10889016957,restorativeness,0.05,Very High,1.0
10943626000,restorativeness,0.05,High,0.855
10943669211,restorativeness,0.05,Very High,0.985
10948807008,restorativeness,0.05,Very High,1.0
10959368177,restorativeness,0.05,High,0.65
10965183585,restorativeness,0.05,Very High,0.99
10965191125,restorativeness,0.05,Very High,1.0
10969345508,restorativeness,0.05,Very High,1.0
10969389985,restorativeness,0.05,Very High,1.0
10969869017,restorativeness,0.05,Very High,0.995
10969869130,restorativeness,0.05,Very High,1.0
10969869178,restorativeness,0.05,Very High,1.0
10969885647,restorativeness,0.05,Very High,1.0
10969885650,restorativeness,0.05,Very High,0.995
10970847422,restorativeness,0.05,Very High,1.0
10974835618,restorativeness,0.05,High,0.875
10974835724,restorativeness,0.05,High,1.0
10983772523,restorativeness,0.05,Very High,1.0
10984439993,restorativeness,0.05,Very High,1.0
10984451455,restorativeness,0.05,Very High,1.0
10984795464,restorativeness,0.05,Very High,1.0
10989110091,restorativeness,0.05,Very High,1.0
10989630784,restorativeness,0.05,Very High,1.0
10989630785,restorativeness,0.05,Very High,1.0
10989630797,restorativeness,0.05,Very High,1.0
11013707527,restorativeness,0.05,High,0.555
11013707534,restorativeness,0.05,Medium,0.57
11013707538,restorativeness,0.05,Medium,0.785
11013707542,restorativeness,0.05,Medium,0.765
11013707543,restorativeness,0.05,Medium,0.845
11013707566,restorativeness,0.05,Medium,0.92
11013707567,restorativeness,0.05,Medium,0.905
11013707570,restorativeness,0.05,Medium,0.925
11013707572,restorativeness,0.05,Medium,0.975
11013707580,restorativeness,0.05,Medium,0.975
11013707589,restorativeness,0.05,Medium,0.99
11053698466,restorativeness,0.05,Very High,0.68
11053698478,restorativeness,0.05,Very High,0.685
11053698485,restorativeness,0.05,Very High,0.8
11053698493,restorativeness,0.05,Very High,0.605
11061413832,restorativeness,0.05,Medium,0.99
11061413833,restorativeness,0.05,Medium,0.985
11061413835,restorativeness,0.05,Medium,0.99
11061413837,restorativeness,0.05,Medium,0.995
11061413838,restorativeness,0.05,Medium,0.995
11061413839,restorativeness,0.05,Medium,0.995
11061413841,restorativeness,0.05,Medium,0.99
11061413842,restorativeness,0.05,High,0.815
11061413844,restorativeness,0.05,High,0.77
11061413845,restorativeness,0.05,High,0.755
11061413846,restorativeness,0.05,High,0.72
11061413848,restorativeness,0.05,High,0.685
11061413899,restorativeness,0.05,High,0.77
11061419907,restorativeness,0.05,High,0.685
11061419908,restorativeness,0.05,High,0.75
11061419912,restorativeness,0.05,Very High,0.52
11066863357,restorativeness,0.05,High,0.94
11104492426,restorativeness,0.05,Very High,1.0
11107400700,restorativeness,0.05,Very High,1.0
11113942097,restorativeness,0.05,Very High,0.57
11148431254,restorativeness,0.05,Very High,1.0
11165605602,restorativeness,0.05,Very High,0.935
11176102247,restorativeness,0.05,Very High,0.9
11180649875,restorativeness,0.05,Very High,1.0
11190449900,restorativeness,0.05,High,1.0
11193065877,restorativeness,0.05,Very High,1.0
11212068693,restorativeness,0.05,Very High,1.0
11215617881,restorativeness,0.05,High,0.885
11215617887,restorativeness,0.05,High,0.855
11215617908,restorativeness,0.05,High,0.93
11215617910,restorativeness,0.05,High,0.815
11215617954,restorativeness,0.05,High,0.895
11243787770,restorativeness,0.05,Very High,1.0
11245254256,restorativeness,0.05,Very High,1.0
11258540713,restorativeness,0.05,Very High,0.66
11258540726,restorativeness,0.05,Very High,0.635
11258545243,restorativeness,0.05,High,0.565
11258545246,restorativeness,0.05,High,0.72
11258545251,restorativeness,0.05,High,0.8
11260191606,restorativeness,0.05,Very High,0.765
11274535367,restorativeness,0.05,High,0.61
11277029428,restorativeness,0.05,Very High,1.0
11277029434,restorativeness,0.05,Very High,1.0
11277029451,restorativeness,0.05,Very High,1.0
11277029459,restorativeness,0.05,Very High,1.0
11288867320,restorativeness,0.05,Very High,1.0
11293289229,restorativeness,0.05,Very High,0.985
11293289233,restorativeness,0.05,Very High,0.975
11293289237,restorativeness,0.05,Very High,0.94
11293289241,restorativeness,0.05,Very High,0.91
11293289243,restorativeness,0.05,Very High,0.76
11293289246,restorativeness,0.05,Very High,0.625
11293289252,restorativeness,0.05,Very High,0.55
11327571894,restorativeness,0.05,Very High,1.0
11392399021,restorativeness,0.05,Very High,1.0
11396500473,restorativeness,0.05,Very High,1.0
11425682923,restorativeness,0.05,Very High,1.0
11429972491,restorativeness,0.05,High,1.0
11432906135,restorativeness,0.05,Medium,0.72
11432906138,restorativeness,0.05,Medium,0.705
11432906142,restorativeness,0.05,High,0.63
11432906145,restorativeness,0.05,High,0.69
11505686908,restorativeness,0.05,Very High,1.0
11513820872,restorativeness,0.05,Very High,1.0
11514003490,restorativeness,0.05,Very High,0.56
11514003618,restorativeness,0.05,High,0.895
11514003659,restorativeness,0.05,High,0.595
11514082203,restorativeness,0.05,Very High,1.0
11515987061,restorativeness,0.05,High,1.0
11515987065,restorativeness,0.05,High,1.0
11515987069,restorativeness,0.05,High,1.0
11515987072,restorativeness,0.05,High,1.0
11515987079,restorativeness,0.05,High,1.0
11527564842,restorativeness,0.05,Very High,1.0
11527564851,restorativeness,0.05,Very High,1.0
11527564852,restorativeness,0.05,Very High,1.0
11527564867,restorativeness,0.05,Very High,1.0
11532139728,restorativeness,0.05,High,0.88
11532523975,restorativeness,0.05,Very High,0.995
11570721023,restorativeness,0.05,Medium,0.82
11570721025,restorativeness,0.05,Medium,0.855
11570721027,restorativeness,0.05,Medium,0.88
11570721029,restorativeness,0.05,Medium,0.86
11570721034,restorativeness,0.05,Medium,0.91
11570721036,restorativeness,0.05,Medium,0.915
11570721037,restorativeness,0.05,Medium,0.9
11573383967,restorativeness,0.05,High,0.57
11573383984,restorativeness,0.05,High,0.795
11573383997,restorativeness,0.05,High,0.725
11727195684,restorativeness,0.05,Very High,1.0
11727195728,restorativeness,0.05,Very High,0.94
11783501643,restorativeness,0.05,Very High,1.0
11783501650,restorativeness,0.05,Very High,1.0
11783501664,restorativeness,0.05,High,0.89
11783501665,restorativeness,0.05,High,0.955
11783501667,restorativeness,0.05,High,0.98
11783509275,restorativeness,0.05,High,0.97
11783509288,restorativeness,0.05,High,0.555
11783509289,restorativeness,0.05,High,0.52
11783509294,restorativeness,0.05,Very High,0.86
11783509298,restorativeness,0.05,Very High,0.905
11783509302,restorativeness,0.05,Very High,0.985
11783509361,restorativeness,0.05,Very High,0.995
11783509365,restorativeness,0.05,High,0.98
11795188462,restorativeness,0.05,Very High,1.0
11795218787,restorativeness,0.05,Very High,1.0
11795218824,restorativeness,0.05,Very High,1.0
11795218835,restorativeness,0.05,Very High,1.0
11795264483,restorativeness,0.05,Very High,1.0
11795420506,restorativeness,0.05,Very High,1.0
11795420526,restorativeness,0.05,Very High,1.0
11795420545,restorativeness,0.05,Very High,1.0
11802276815,restorativeness,0.05,Very High,1.0
11803457978,restorativeness,0.05,Very High,1.0
11803458056,restorativeness,0.05,Very High,0.79
11811197853,restorativeness,0.05,Very High,1.0
11819306987,restorativeness,0.05,Very High,1.0
11821233258,restorativeness,0.05,Very High,1.0
11847828107,restorativeness,0.05,Very High,1.0
11865664335,restorativeness,0.05,Very High,1.0
11868804459,restorativeness,0.05,Very High,1.0
11898597265,restorativeness,0.05,Very High,1.0
11898597273,restorativeness,0.05,Very High,1.0
11898597895,restorativeness,0.05,High,0.84
11898597910,restorativeness,0.05,Very High,0.56
11898725990,restorativeness,0.05,Very High,0.7
11898725993,restorativeness,0.05,Very High,0.575
11898725998,restorativeness,0.05,Very High,0.67
11941854648,restorativeness,0.05,Very High,1.0
11941909371,restorativeness,0.05,Very High,1.0
11955680768,restorativeness,0.05,Very High,1.0
11992455236,restorativeness,0.05,Very High,0.98
12077416339,restorativeness,0.05,Very High,1.0
12140293163,restorativeness,0.05,High,0.8
12146326622,restorativeness,0.05,Very High,1.0
12147636333,restorativeness,0.05,Very High,1.0
12148197408,restorativeness,0.05,Very High,1.0
12382192929,restorativeness,0.05,Very High,1.0
12424652961,restorativeness,0.05,Very High,1.0
12424652965,restorativeness,0.05,Very High,1.0
12430718967,restorativeness,0.05,Very High,0.675
12430718982,restorativeness,0.05,Very High,0.575
12430718985,restorativeness,0.05,Very High,0.63
12430718999,restorativeness,0.05,Very High,0.68
12485105673,restorativeness,0.05,Very High,1.0
12522995826,restorativeness,0.05,Very High,1.0
12531973896,restorativeness,0.05,Very High,0.635
12531984404,restorativeness,0.05,Very High,0.91
12549478489,restorativeness,0.05,Very High,1.0
12549808196,restorativeness,0.05,Very High,1.0
12549820321,restorativeness,0.05,Very High,1.0
12549820333,restorativeness,0.05,Very High,1.0
12549925773,restorativeness,0.05,Very High,1.0
12551295536,restorativeness,0.05,Very High,1.0
12551295582,restorativeness,0.05,Very High,1.0
12551295599,restorativeness,0.05,Very High,1.0
12565104409,restorativeness,0.05,Very High,1.0
12565104470,restorativeness,0.05,Very High,1.0
12595228366,restorativeness,0.05,Very High,1.0
12595228399,restorativeness,0.05,Very High,1.0
12604059177,restorativeness,0.05,Very High,1.0
12604059190,restorativeness,0.05,Very High,1.0
12604521706,restorativeness,0.05,Very High,1.0
12604521732,restorativeness,0.05,Very High,1.0
12607094312,restorativeness,0.05,Very High,1.0
12607126625,restorativeness,0.05,Very High,1.0
12628688065,restorativeness,0.05,High,0.695
12636319154,restorativeness,0.05,Very High,1.0
12636319189,restorativeness,0.05,Very High,1.0
12639567742,restorativeness,0.05,Very High,1.0
12641784763,restorativeness,0.05,Very High,1.0
12641784775,restorativeness,0.05,Very High,0.995
12644019237,restorativeness,0.05,Very High,0.525
12644019263,restorativeness,0.05,High,0.945
12644019265,restorativeness,0.05,High,0.935
12644019272,restorativeness,0.05,High,0.83
12644019281,restorativeness,0.05,High,0.895
12647719174,restorativeness,0.05,Medium,0.85
12647719175,restorativeness,0.05,Medium,0.825
12647719259,restorativeness,0.05,Medium,0.73
12647719261,restorativeness,0.05,Medium,0.76
12647719262,restorativeness,0.05,Medium,0.745
12647719263,restorativeness,0.05,Medium,0.81
12647719265,restorativeness,0.05,Medium,0.835
12647719266,restorativeness,0.05,Medium,0.84
12647719354,restorativeness,0.05,High,0.565
12647719356,restorativeness,0.05,High,0.625
12648436039,restorativeness,0.05,Medium,0.6
12652485851,restorativeness,0.05,Very High,1.0
12655832976,restorativeness,0.05,Very High,1.0
12655848036,restorativeness,0.05,Very High,1.0
12656761390,restorativeness,0.05,Very High,1.0
12656782705,restorativeness,0.05,Very High,1.0
12673454380,restorativeness,0.05,Very High,1.0
12684727361,restorativeness,0.05,Very High,1.0
12726482693,restorativeness,0.05,Very High,0.975
12726512906,restorativeness,0.05,Very High,1.0
12726512992,restorativeness,0.05,Very High,1.0
12726513023,restorativeness,0.05,Very High,1.0
12726513025,restorativeness,0.05,Very High,1.0
12728226848,restorativeness,0.05,Very High,1.0
12728477228,restorativeness,0.05,Very High,1.0
12728636606,restorativeness,0.05,Very High,1.0
12728636634,restorativeness,0.05,Very High,1.0
12728664268,restorativeness,0.05,Very High,1.0
12728664287,restorativeness,0.05,Very High,1.0
12728719280,restorativeness,0.05,Very High,1.0
12728785706,restorativeness,0.05,Very High,1.0
12729291244,restorativeness,0.05,Very High,1.0
12729291602,restorativeness,0.05,Very High,1.0
12729291646,restorativeness,0.05,Very High,1.0
12730458390,restorativeness,0.05,Very High,1.0
12730458394,restorativeness,0.05,Very High,1.0
12730466824,restorativeness,0.05,Very High,1.0
12730466882,restorativeness,0.05,Very High,1.0
12730528439,restorativeness,0.05,Very High,1.0
12730599926,restorativeness,0.05,Very High,1.0
12730639856,restorativeness,0.05,Very High,1.0
12730738415,restorativeness,0.05,Very High,1.0
12730738463,restorativeness,0.05,Very High,1.0
12730738485,restorativeness,0.05,Very High,1.0
12730738503,restorativeness,0.05,Very High,1.0
12730828702,restorativeness,0.05,Very High,1.0
12730828735,restorativeness,0.05,Very High,1.0
12730828762,restorativeness,0.05,Very High,1.0
12731475236,restorativeness,0.05,Very High,1.0
12731475289,restorativeness,0.05,Very High,1.0
12731491628,restorativeness,0.05,Very High,1.0
12731491669,restorativeness,0.05,Very High,1.0
12731491672,restorativeness,0.05,Very High,1.0
12731491675,restorativeness,0.05,Very High,1.0
12731719277,restorativeness,0.05,Medium,0.99
12731719282,restorativeness,0.05,Medium,0.995
12731719283,restorativeness,0.05,Medium,0.995
12731719284,restorativeness,0.05,Medium,1.0
12731719295,restorativeness,0.05,Medium,1.0
12731728805,restorativeness,0.05,Medium,0.985
12731728812,restorativeness,0.05,Medium,0.995
12731728813,restorativeness,0.05,Medium,0.99
12731728816,restorativeness,0.05,Medium,0.99
12731728818,restorativeness,0.05,Medium,0.99
12731728823,restorativeness,0.05,Medium,0.995
12731728970,restorativeness,0.05,Medium,0.985
12731728977,restorativeness,0.05,Medium,0.995
12731728994,restorativeness,0.05,Medium,0.6
12731729007,restorativeness,0.05,Medium,0.62
12731729018,restorativeness,0.05,Medium,0.61
12731729028,restorativeness,0.05,Medium,0.605
12731729030,restorativeness,0.05,Medium,0.62
12731729031,restorativeness,0.05,Medium,0.5
12731729033,restorativeness,0.05,High,0.555
12731729035,restorativeness,0.05,High,0.655
12731729072,restorativeness,0.05,Medium,0.725
12731729074,restorativeness,0.05,Medium,0.98
12731729082,restorativeness,0.05,Medium,0.995
12731729083,restorativeness,0.05,Medium,0.99
12731780259,restorativeness,0.05,Medium,0.99
12731780266,restorativeness,0.05,Medium,1.0
12731780270,restorativeness,0.05,Medium,1.0
12731780271,restorativeness,0.05,Medium,1.0
12731780272,restorativeness,0.05,Medium,1.0
12731780273,restorativeness,0.05,Medium,1.0
12731780274,restorativeness,0.05,Medium,1.0
12731780275,restorativeness,0.05,Medium,0.98
12731780276,restorativeness,0.05,Medium,0.995
12731780277,restorativeness,0.05,Medium,0.98
12731780278,restorativeness,0.05,Medium,0.995
12731780279,restorativeness,0.05,Medium,0.98
12731780280,restorativeness,0.05,Medium,0.975
12731780281,restorativeness,0.05,Medium,0.97
12731780283,restorativeness,0.05,High,0.515
12732464838,restorativeness,0.05,Very High,1.0
12732464868,restorativeness,0.05,Very High,1.0
12732693516,restorativeness,0.05,Very High,1.0
12732693544,restorativeness,0.05,Very High,1.0
12732693552,restorativeness,0.05,Very High,1.0
12732693576,restorativeness,0.05,Very High,1.0
12732693584,restorativeness,0.05,Very High,1.0
12747733868,restorativeness,0.05,High,0.535
12747733871,restorativeness,0.05,Medium,0.5
12747733875,restorativeness,0.05,High,0.565
12747733879,restorativeness,0.05,Medium,0.96
12747733881,restorativeness,0.05,Medium,0.99
12747733882,restorativeness,0.05,Medium,0.98
12768149294,restorativeness,0.05,Very High,1.0
12768149297,restorativeness,0.05,Very High,1.0
12768197113,restorativeness,0.05,Very High,1.0
12768380983,restorativeness,0.05,Very High,1.0
12768381000,restorativeness,0.05,Very High,1.0
12768401522,restorativeness,0.05,Very High,1.0
12768401535,restorativeness,0.05,Very High,1.0
12768401563,restorativeness,0.05,Very High,1.0
12768401577,restorativeness,0.05,Very High,1.0
12768401623,restorativeness,0.05,Very High,1.0
12768401656,restorativeness,0.05,Very High,1.0
12768401707,restorativeness,0.05,Very High,1.0
12768401744,restorativeness,0.05,Very High,0.995
12768401747,restorativeness,0.05,Very High,1.0
12768441224,restorativeness,0.05,Very High,1.0
12768441236,restorativeness,0.05,Very High,1.0
12768441239,restorativeness,0.05,Very High,1.0
12768441260,restorativeness,0.05,Very High,1.0
12768441270,restorativeness,0.05,Very High,1.0
12768441271,restorativeness,0.05,Very High,1.0
12768725209,restorativeness,0.05,Very High,1.0
12768725273,restorativeness,0.05,Very High,1.0
12768725279,restorativeness,0.05,Very High,1.0
12768725281,restorativeness,0.05,Very High,1.0
12769049385,restorativeness,0.05,Very High,1.0
12769049389,restorativeness,0.05,Very High,1.0
12769824119,restorativeness,0.05,Very High,1.0
12769928884,restorativeness,0.05,Very High,1.0
12769951096,restorativeness,0.05,Very High,1.0
12769998616,restorativeness,0.05,Very High,1.0
12769998672,restorativeness,0.05,Very High,1.0
12769998680,restorativeness,0.05,Very High,1.0
12769998691,restorativeness,0.05,Very High,1.0
12769998694,restorativeness,0.05,Very High,1.0
12770065682,restorativeness,0.05,Very High,1.0
12771693017,restorativeness,0.05,Very High,1.0
12771693046,restorativeness,0.05,Very High,1.0
12771693070,restorativeness,0.05,Very High,1.0
12771693084,restorativeness,0.05,Very High,1.0
12771693099,restorativeness,0.05,Very High,1.0
12771694609,restorativeness,0.05,Very High,1.0
12771694620,restorativeness,0.05,Very High,1.0
12771694644,restorativeness,0.05,Very High,1.0
12771694687,restorativeness,0.05,Very High,1.0
12771694732,restorativeness,0.05,Very High,1.0
12771694752,restorativeness,0.05,Very High,1.0
12772010345,restorativeness,0.05,Very High,1.0
12772010372,restorativeness,0.05,Very High,1.0
12772010404,restorativeness,0.05,Very High,1.0
12772010426,restorativeness,0.05,Very High,1.0
12772010458,restorativeness,0.05,Very High,1.0
12772201879,restorativeness,0.05,Very High,1.0
12772205501,restorativeness,0.05,Very High,1.0
12772205558,restorativeness,0.05,Very High,1.0
12772205592,restorativeness,0.05,Very High,1.0
12772323421,restorativeness,0.05,Very High,1.0
12772323475,restorativeness,0.05,Very High,1.0
12772323481,restorativeness,0.05,Very High,1.0
12772323490,restorativeness,0.05,Very High,1.0
12773100949,restorativeness,0.05,Medium,0.58
12773100956,restorativeness,0.05,Medium,0.865
12785384650,restorativeness,0.05,Very High,1.0
12785384659,restorativeness,0.05,Very High,1.0
12785384685,restorativeness,0.05,Very High,1.0
12786327363,restorativeness,0.05,Very High,1.0
12786327381,restorativeness,0.05,Very High,1.0
12786327436,restorativeness,0.05,Very High,1.0
12786361567,restorativeness,0.05,Very High,1.0
12786361574,restorativeness,0.05,Very High,1.0
12786367939,restorativeness,0.05,Very High,1.0
12787592445,restorativeness,0.05,Very High,1.0
12787592471,restorativeness,0.05,Very High,1.0
12787592490,restorativeness,0.05,Very High,1.0
12787672087,restorativeness,0.05,Very High,1.0
12787726771,restorativeness,0.05,Very High,1.0
12787726787,restorativeness,0.05,Very High,1.0
12787737318,restorativeness,0.05,Very High,1.0
12787737325,restorativeness,0.05,Very High,1.0
12787737345,restorativeness,0.05,Very High,1.0
12787823749,restorativeness,0.05,Very High,1.0
12787823768,restorativeness,0.05,Very High,1.0
12787864222,restorativeness,0.05,Very High,1.0
12787864239,restorativeness,0.05,Very High,1.0
12787935017,restorativeness,0.05,Very High,1.0
12787935022,restorativeness,0.05,Very High,1.0
12787935047,restorativeness,0.05,Very High,1.0
12787935056,restorativeness,0.05,Very High,0.995
12787935076,restorativeness,0.05,Very High,1.0
12787935104,restorativeness,0.05,Very High,1.0
12787935194,restorativeness,0.05,Very High,0.94
12787997706,restorativeness,0.05,Very High,1.0
12787997801,restorativeness,0.05,Very High,1.0
12787997805,restorativeness,0.05,Very High,1.0
12789133026,restorativeness,0.05,Very High,1.0
12791177432,restorativeness,0.05,Very High,1.0
12791177444,restorativeness,0.05,Very High,1.0
12791177463,restorativeness,0.05,Very High,1.0
12791253876,restorativeness,0.05,Very High,1.0
12791265022,restorativeness,0.05,Very High,1.0
12791265101,restorativeness,0.05,Very High,1.0
12791325268,restorativeness,0.05,Very High,1.0
12791325276,restorativeness,0.05,Very High,1.0
12791325293,restorativeness,0.05,Very High,1.0
12791335403,restorativeness,0.05,Very High,1.0
12791335431,restorativeness,0.05,Very High,1.0
12791335454,restorativeness,0.05,Very High,1.0
12791485952,restorativeness,0.05,Very High,1.0
12791848834,restorativeness,0.05,Very High,1.0
12791848872,restorativeness,0.05,Very High,1.0
12791848898,restorativeness,0.05,Very High,1.0
12791882649,restorativeness,0.05,Very High,1.0
12791882728,restorativeness,0.05,Very High,1.0
12792079684,restorativeness,0.05,Very High,1.0
12792117626,restorativeness,0.05,Very High,1.0
12795862183,restorativeness,0.05,High,0.875
12795913106,restorativeness,0.05,High,0.73
12795913118,restorativeness,0.05,High,0.945
12795913160,restorativeness,0.05,High,0.96
12798426585,restorativeness,0.05,Very High,0.74
12798426588,restorativeness,0.05,Very High,0.72
12798455601,restorativeness,0.05,Very High,0.955
12798455623,restorativeness,0.05,Very High,0.995
12798455652,restorativeness,0.05,Very High,1.0
12798455660,restorativeness,0.05,Very High,1.0
12798455703,restorativeness,0.05,Very High,0.995
12800871737,restorativeness,0.05,Very High,0.635
12800871761,restorativeness,0.05,Very High,0.66
12800871786,restorativeness,0.05,Very High,0.92
12800871799,restorativeness,0.05,Very High,0.99
12800871822,restorativeness,0.05,Very High,1.0
12855417874,restorativeness,0.05,Very High,1.0
12921693543,restorativeness,0.05,Very High,1.0
12921693570,restorativeness,0.05,Very High,1.0
12921693581,restorativeness,0.05,Very High,1.0
13011475507,restorativeness,0.05,Very High,1.0
13036810031,restorativeness,0.05,Very High,1.0
13042739813,restorativeness,0.05,Medium,0.98
13042739816,restorativeness,0.05,High,0.6
13042739818,restorativeness,0.05,High,0.595
13042739839,restorativeness,0.05,Medium,0.595
13048692792,restorativeness,0.05,Very High,1.0
13074470732,restorativeness,0.05,Very High,0.985
13075574229,restorativeness,0.05,Very High,1.0
13075574254,restorativeness,0.05,Very High,1.0
13075574265,restorativeness,0.05,Very High,1.0
13075574515,restorativeness,0.05,Very High,1.0
13075755572,restorativeness,0.05,Very High,1.0
13075891044,restorativeness,0.05,Very High,0.995
13075891052,restorativeness,0.05,Very High,1.0
13075891065,restorativeness,0.05,Very High,1.0
13075891066,restorativeness,0.05,Very High,0.995
13075891072,restorativeness,0.05,Very High,1.0
13192125265,restorativeness,0.05,High,0.575
13192135506,restorativeness,0.05,Medium,0.675
13192135516,restorativeness,0.05,Medium,0.955
13208903748,restorativeness,0.05,High,0.95
13208903764,restorativeness,0.05,Very High,0.505
13208903775,restorativeness,0.05,High,0.695
13208903783,restorativeness,0.05,High,0.73
13208903791,restorativeness,0.05,High,0.85
13208925271,restorativeness,0.05,High,0.915
13236897775,restorativeness,0.05,High,0.755
13236897787,restorativeness,0.05,High,0.855
13236897795,restorativeness,0.05,High,0.94
13236903203,restorativeness,0.05,High,0.98
13236903207,restorativeness,0.05,High,0.95
13236903210,restorativeness,0.05,High,0.91
13236903252,restorativeness,0.05,High,0.64
13247989690,restorativeness,0.05,High,0.94
13248031603,restorativeness,0.05,High,0.96
13248789848,restorativeness,0.05,Very High,0.955
13248789863,restorativeness,0.05,Very High,0.935
13248902231,restorativeness,0.05,Very High,0.875
13248902255,restorativeness,0.05,Very High,0.965
13251409772,restorativeness,0.05,Very High,1.0
13251409775,restorativeness,0.05,Very High,0.99
13251427905,restorativeness,0.05,Very High,0.92
13251427910,restorativeness,0.05,Very High,0.92
13266798292,restorativeness,0.05,High,0.72
13266833877,restorativeness,0.05,Very High,0.92
13266833880,restorativeness,0.05,Very High,0.93
13278094142,restorativeness,0.05,Very High,1.0
13283310086,restorativeness,0.05,Very High,1.0
13283345525,restorativeness,0.05,Medium,0.63
13296601312,restorativeness,0.05,Very High,1.0
13305165223,restorativeness,0.05,High,0.94
13305165239,restorativeness,0.05,Medium,1.0
13305165249,restorativeness,0.05,Medium,0.995
13305165252,restorativeness,0.05,Medium,0.985
13305165253,restorativeness,0.05,Medium,1.0
13305165255,restorativeness,0.05,Medium,0.99
13333585760,restorativeness,0.05,High,0.81
13333594610,restorativeness,0.05,High,0.98
13363313378,restorativeness,0.05,Very High,0.995
13367428598,restorativeness,0.05,Very High,1.0
13476413486,restorativeness,0.05,High,0.91
13476413488,restorativeness,0.05,High,0.965
13476413490,restorativeness,0.05,High,0.975
13476800532,restorativeness,0.05,Very High,0.625
13479352079,restorativeness,0.05,High,0.99
13479352116,restorativeness,0.05,High,0.825
13479352119,restorativeness,0.05,High,0.945
13479352279,restorativeness,0.05,Very High,0.805
13479352298,restorativeness,0.05,Very High,0.61
13479352323,restorativeness,0.05,Very High,0.695
13479531033,restorativeness,0.05,Very High,1.0
13479531068,restorativeness,0.05,Very High,1.0
13479573156,restorativeness,0.05,High,0.955
13479573162,restorativeness,0.05,Medium,0.975
13479573166,restorativeness,0.05,Medium,0.76
13514569010,restorativeness,0.05,Very High,1.0
13514589346,restorativeness,0.05,Very High,1.0
13522359572,restorativeness,0.05,Very High,1.0
13522359574,restorativeness,0.05,Very High,1.0
13522359578,restorativeness,0.05,Very High,0.995
13522359582,restorativeness,0.05,Very High,1.0
13522386711,restorativeness,0.05,Very High,1.0
13522386715,restorativeness,0.05,Very High,1.0
13522439186,restorativeness,0.05,Very High,1.0
13524533766,restorativeness,0.05,Very High,1.0
13524533780,restorativeness,0.05,Very High,0.995
13524533788,restorativeness,0.05,High,1.0
13526623536,restorativeness,0.05,Very High,1.0
13529411167,restorativeness,0.05,Very High,1.0
13531702855,restorativeness,0.05,High,0.935
13531702857,restorativeness,0.05,High,0.905
13551342571,restorativeness,0.05,Very High,1.0
13556042699,restorativeness,0.05,Medium,0.71
13556103276,restorativeness,0.05,Medium,0.83
13556103286,restorativeness,0.05,Medium,0.725
13595807643,restorativeness,0.05,Very High,1.0
13595807668,restorativeness,0.05,Very High,1.0
13634243176,restorativeness,0.05,Very High,0.995
13644950324,restorativeness,0.05,Very High,1.0
13644950365,restorativeness,0.05,Very High,1.0
13652004830,restorativeness,0.05,Very High,1.0
13652004940,restorativeness,0.05,Very High,1.0
13652005057,restorativeness,0.05,Very High,1.0
13652005060,restorativeness,0.05,Very High,1.0
13652005063,restorativeness,0.05,Very High,1.0
13652005108,restorativeness,0.05,Very High,1.0
13652005164,restorativeness,0.05,Very High,1.0
13666609775,restorativeness,0.05,Very High,1.0
13666686522,restorativeness,0.05,Very High,1.0
13690616995,restorativeness,0.05,High,0.755
13690617000,restorativeness,0.05,High,0.745
13801355990,restorativeness,0.05,Very High,1.0
13801398609,restorativeness,0.05,Very High,1.0
13806300921,restorativeness,0.05,Very High,1.0
13810501988,restorativeness,0.05,Medium,0.68
31498903,restorativeness,0.1,High,0.66
265659781,restorativeness,0.1,High,0.57
265659817,restorativeness,0.1,Very High,0.65
265659911,restorativeness,0.1,Very High,0.62
265659912,restorativeness,0.1,Very High,0.77
265659916,restorativeness,0.1,Very High,0.925
265659926,restorativeness,0.1,Very High,0.97
265669554,restorativeness,0.1,Very High,0.99
265669562,restorativeness,0.1,Very High,0.99
291582989,restorativeness,0.1,Very High,0.735
291584378,restorativeness,0.1,Medium,0.805
291584384,restorativeness,0.1,High,0.52
291584394,restorativeness,0.1,Medium,0.77
291584395,restorativeness,0.1,Medium,0.69
291584412,restorativeness,0.1,High,0.835
291584426,restorativeness,0.1,High,0.865
291584812,restorativeness,0.1,Medium,0.85
291585357,restorativeness,0.1,Medium,0.82
291585468,restorativeness,0.1,Very High,0.725
291927192,restorativeness,0.1,Medium,0.86
291927228,restorativeness,0.1,High,0.84
291927260,restorativeness,0.1,High,0.85
291927310,restorativeness,0.1,Medium,0.75
291927385,restorativeness,0.1,High,0.84
291927461,restorativeness,0.1,High,0.605
291950057,restorativeness,0.1,Medium,0.625
293850002,restorativeness,0.1,High,0.615
293850123,restorativeness,0.1,High,0.88
293850151,restorativeness,0.1,High,0.905
293851624,restorativeness,0.1,High,0.5
293851905,restorativeness,0.1,Very High,0.825
293874114,restorativeness,0.1,High,0.885
293876118,restorativeness,0.1,High,0.78
293876279,restorativeness,0.1,High,0.83
293876630,restorativeness,0.1,Very High,0.96
297411543,restorativeness,0.1,Very High,0.86
297414194,restorativeness,0.1,Very High,0.975
297414210,restorativeness,0.1,Very High,0.97
297414218,restorativeness,0.1,Very High,0.875
299641717,restorativeness,0.1,Very High,0.98
301801838,restorativeness,0.1,Very High,0.995
301802251,restorativeness,0.1,Very High,0.99
301802471,restorativeness,0.1,Very High,1.0
301802511,restorativeness,0.1,Very High,1.0
301806842,restorativeness,0.1,Very High,1.0
301807418,restorativeness,0.1,Very High,1.0
301811627,restorativeness,0.1,Very High,0.995
301813602,restorativeness,0.1,Very High,0.99
301814428,restorativeness,0.1,Very High,0.7
302742175,restorativeness,0.1,Very High,0.99
302742232,restorativeness,0.1,Very High,0.99
302742300,restorativeness,0.1,Very High,0.98
302742354,restorativeness,0.1,Very High,1.0
302742399,restorativeness,0.1,Very High,1.0
302742478,restorativeness,0.1,Very High,1.0
302742975,restorativeness,0.1,Very High,0.905
302743086,restorativeness,0.1,Very High,0.99
302743402,restorativeness,0.1,Very High,0.77
302743453,restorativeness,0.1,Very High,0.785
302964118,restorativeness,0.1,High,0.8
302964224,restorativeness,0.1,Very High,0.995
302964252,restorativeness,0.1,Very High,0.98
302964263,restorativeness,0.1,Very High,0.99
302964281,restorativeness,0.1,Very High,0.97
302964287,restorativeness,0.1,Very High,0.995
302964815,restorativeness,0.1,Very High,1.0
302964821,restorativeness,0.1,Very High,0.995
302966012,restorativeness,0.1,Very High,1.0
302966023,restorativeness,0.1,Very High,1.0
302966036,restorativeness,0.1,Very High,0.995
302966068,restorativeness,0.1,Very High,1.0
302966075,restorativeness,0.1,Very High,0.995
302966095,restorativeness,0.1,Very High,0.99
303202278,restorativeness,0.1,Very High,0.895
304576406,restorativeness,0.1,Very High,0.985
304576474,restorativeness,0.1,Very High,0.985
304576505,restorativeness,0.1,Very High,0.995
304576529,restorativeness,0.1,Very High,1.0
304576588,restorativeness,0.1,Very High,0.975
304578785,restorativeness,0.1,Very High,0.985
304579917,restorativeness,0.1,Very High,0.975
304579937,restorativeness,0.1,Very High,0.955
304580057,restorativeness,0.1,Very High,0.965
304580241,restorativeness,0.1,Very High,0.945
304580242,restorativeness,0.1,Very High,0.94
304587571,restorativeness,0.1,Very High,0.995
304587695,restorativeness,0.1,Very High,0.985
304587716,restorativeness,0.1,Very High,0.94
304587734,restorativeness,0.1,Very High,0.975
304590295,restorativeness,0.1,Very High,0.93
304591541,restorativeness,0.1,Very High,0.51
304591556,restorativeness,0.1,Very High,0.54
304591613,restorativeness,0.1,Very High,0.6
304591620,restorativeness,0.1,High,0.81
304594774,restorativeness,0.1,Very High,0.965
304594780,restorativeness,0.1,Very High,0.975
304594797,restorativeness,0.1,Very High,0.935
304594812,restorativeness,0.1,Very High,0.965
304594904,restorativeness,0.1,Very High,0.975
304594909,restorativeness,0.1,Very High,0.985
304596685,restorativeness,0.1,Very High,0.94
304596716,restorativeness,0.1,Very High,0.935
304617231,restorativeness,0.1,Very High,0.995
304618715,restorativeness,0.1,Very High,1.0
304618717,restorativeness,0.1,Very High,1.0
304696625,restorativeness,0.1,Very High,1.0
304697331,restorativeness,0.1,Very High,0.985
304697339,restorativeness,0.1,Very High,0.99
304697390,restorativeness,0.1,Very High,0.99
304697393,restorativeness,0.1,Very High,0.99
304698900,restorativeness,0.1,Very High,0.99
304698938,restorativeness,0.1,Very High,0.98
304698973,restorativeness,0.1,Very High,0.98
304698982,restorativeness,0.1,Very High,0.985
304699010,restorativeness,0.1,Very High,0.97
304699026,restorativeness,0.1,Very High,0.965
304699094,restorativeness,0.1,Very High,0.935
304734593,restorativeness,0.1,Very High,0.99
304734635,restorativeness,0.1,Very High,0.985
304734701,restorativeness,0.1,Very High,0.99
304734825,restorativeness,0.1,Very High,1.0
304740408,restorativeness,0.1,Very High,0.995
304742295,restorativeness,0.1,Very High,0.995
304742336,restorativeness,0.1,Very High,0.975
304742344,restorativeness,0.1,Very High,0.975
304742347,restorativeness,0.1,Very High,0.99
304743203,restorativeness,0.1,Very High,0.955
304762056,restorativeness,0.1,Very High,0.99
304762078,restorativeness,0.1,Very High,0.99
304763196,restorativeness,0.1,Very High,0.995
304763199,restorativeness,0.1,Very High,0.985
304763222,restorativeness,0.1,Very High,0.93
304763480,restorativeness,0.1,Very High,0.985
304763503,restorativeness,0.1,Very High,0.97
304763504,restorativeness,0.1,Very High,0.96
304763691,restorativeness,0.1,Very High,0.975
304763694,restorativeness,0.1,Very High,0.955
304764048,restorativeness,0.1,Very High,0.91
304764067,restorativeness,0.1,Very High,0.955
304764101,restorativeness,0.1,Very High,0.925
304764136,restorativeness,0.1,Very High,0.97
306146053,restorativeness,0.1,Very High,0.715
306223499,restorativeness,0.1,Very High,0.975
306223896,restorativeness,0.1,Very High,0.905
306223916,restorativeness,0.1,Very High,0.965
306296872,restorativeness,0.1,Very High,0.99
306296936,restorativeness,0.1,Very High,0.995
306297151,restorativeness,0.1,Very High,0.995
306299195,restorativeness,0.1,Very High,0.995
306299246,restorativeness,0.1,Very High,0.995
309848495,restorativeness,0.1,Very High,0.965
309852361,restorativeness,0.1,High,0.525
309852363,restorativeness,0.1,Medium,0.555
309853032,restorativeness,0.1,High,0.825
309853211,restorativeness,0.1,High,0.785
309853247,restorativeness,0.1,Medium,0.875
309853613,restorativeness,0.1,High,0.71
309853615,restorativeness,0.1,High,0.69
313332541,restorativeness,0.1,Very High,0.99
313606728,restorativeness,0.1,Very High,0.995
314961291,restorativeness,0.1,Very High,0.98
315238582,restorativeness,0.1,Very High,0.98
315379816,restorativeness,0.1,Very High,0.7
315379824,restorativeness,0.1,Very High,0.72
315379825,restorativeness,0.1,Very High,0.7
315381082,restorativeness,0.1,Very High,0.975
315381085,restorativeness,0.1,Very High,0.95
315381086,restorativeness,0.1,Very High,0.9
315381096,restorativeness,0.1,Very High,0.76
315381098,restorativeness,0.1,Very High,0.72
315381272,restorativeness,0.1,Very High,0.775
315381281,restorativeness,0.1,Very High,0.785
315381331,restorativeness,0.1,Very High,0.745
315381332,restorativeness,0.1,Very High,0.8
315381452,restorativeness,0.1,Very High,0.77
315381465,restorativeness,0.1,Very High,0.76
315381751,restorativeness,0.1,Very High,0.8
355011067,restorativeness,0.1,Very High,0.82
364333977,restorativeness,0.1,Very High,0.995
364333981,restorativeness,0.1,Very High,1.0
366517702,restorativeness,0.1,Very High,0.995
366517772,restorativeness,0.1,Very High,1.0
367928605,restorativeness,0.1,Very High,0.985
368031696,restorativeness,0.1,Very High,0.995
460352061,restorativeness,0.1,High,0.595
460353192,restorativeness,0.1,High,0.775
460353197,restorativeness,0.1,High,0.79
460370994,restorativeness,0.1,High,0.54
460371002,restorativeness,0.1,High,0.51
460371535,restorativeness,0.1,Very High,0.665
460371547,restorativeness,0.1,Very High,0.71
460371597,restorativeness,0.1,Very High,0.845
460374178,restorativeness,0.1,Very High,0.665
460374206,restorativeness,0.1,Very High,0.825
460384992,restorativeness,0.1,High,0.79
460384997,restorativeness,0.1,High,0.72
460385000,restorativeness,0.1,High,0.615
460811662,restorativeness,0.1,High,0.675
460815609,restorativeness,0.1,High,0.63
460815980,restorativeness,0.1,High,0.62
460831841,restorativeness,0.1,High,0.71
460903974,restorativeness,0.1,Very High,0.745
460904225,restorativeness,0.1,Very High,0.81
460913592,restorativeness,0.1,Very High,0.745
460914084,restorativeness,0.1,Very High,0.9
460916521,restorativeness,0.1,Very High,0.89
460927352,restorativeness,0.1,Very High,0.8
460984536,restorativeness,0.1,Very High,0.95
460984908,restorativeness,0.1,High,0.715
460985089,restorativeness,0.1,Very High,0.855
461001893,restorativeness,0.1,Very High,0.75
461001991,restorativeness,0.1,Very High,0.665
461002074,restorativeness,0.1,Very High,0.65
1075548256,restorativeness,0.1,Very High,0.985
1075548260,restorativeness,0.1,Very High,0.965
1075548286,restorativeness,0.1,Very High,0.96
1075548295,restorativeness,0.1,Very High,0.985
1309637796,restorativeness,0.1,Very High,0.92
1309637943,restorativeness,0.1,Very High,0.945
1309638308,restorativeness,0.1,Very High,0.99
1309638543,restorativeness,0.1,High,0.57
1309639202,restorativeness,0.1,High,0.81
1309639592,restorativeness,0.1,High,0.79
1320036075,restorativeness,0.1,Very High,0.995
1329890078,restorativeness,0.1,Very High,0.995
1329890105,restorativeness,0.1,Very High,0.985
1329890126,restorativeness,0.1,Very High,0.97
1332645340,restorativeness,0.1,Very High,0.96
1332668655,restorativeness,0.1,Very High,0.93
1332699889,restorativeness,0.1,Very High,0.985
1332719592,restorativeness,0.1,Very High,0.955
1332719602,restorativeness,0.1,Very High,0.965
1332769856,restorativeness,0.1,Very High,0.995
1332775383,restorativeness,0.1,Very High,1.0
1332775411,restorativeness,0.1,Very High,1.0
1332785497,restorativeness,0.1,Very High,0.995
1332790270,restorativeness,0.1,Very High,0.985
1333269505,restorativeness,0.1,Very High,1.0
1333397832,restorativeness,0.1,Very High,1.0
1333404045,restorativeness,0.1,Very High,0.99
1333538814,restorativeness,0.1,Very High,0.98
1333540158,restorativeness,0.1,Very High,0.965
1333555653,restorativeness,0.1,Very High,0.925
1333588095,restorativeness,0.1,Very High,0.98
1333605411,restorativeness,0.1,Very High,0.99
1333624830,restorativeness,0.1,Very High,0.955
1333686363,restorativeness,0.1,Very High,0.995
1333752843,restorativeness,0.1,Very High,1.0
1333775570,restorativeness,0.1,Very High,0.995
1333791624,restorativeness,0.1,Very High,0.975
1333799027,restorativeness,0.1,Very High,0.97
1333879177,restorativeness,0.1,Very High,0.99
1333925932,restorativeness,0.1,Very High,0.975
1333965877,restorativeness,0.1,Very High,1.0
1334351921,restorativeness,0.1,Very High,0.96
1334519568,restorativeness,0.1,Very High,0.885
1334519592,restorativeness,0.1,Very High,0.825
1334519617,restorativeness,0.1,Very High,0.925
1334519623,restorativeness,0.1,Very High,0.82
1334519651,restorativeness,0.1,Very High,0.84
1335370854,restorativeness,0.1,Very High,0.975
1335400991,restorativeness,0.1,Very High,0.985
1335716130,restorativeness,0.1,Very High,0.805
1335716269,restorativeness,0.1,High,0.815
1335858522,restorativeness,0.1,Very High,0.965
1335900049,restorativeness,0.1,High,0.51
1335903101,restorativeness,0.1,Very High,0.915
1335936926,restorativeness,0.1,Very High,0.985
1335949339,restorativeness,0.1,Very High,0.99
1335962684,restorativeness,0.1,Very High,0.99
1336450093,restorativeness,0.1,Very High,0.98
1336450099,restorativeness,0.1,Very High,0.97
1336450118,restorativeness,0.1,Very High,1.0
1336481996,restorativeness,0.1,Very High,1.0
1336655119,restorativeness,0.1,Very High,0.935
1336672458,restorativeness,0.1,Very High,0.985
1336688270,restorativeness,0.1,Very High,0.99
1336737682,restorativeness,0.1,Very High,0.935
1336737701,restorativeness,0.1,Very High,0.9
1336737713,restorativeness,0.1,Very High,0.96
1336904969,restorativeness,0.1,Very High,0.985
1336911630,restorativeness,0.1,Very High,0.98
1337032073,restorativeness,0.1,Very High,0.985
1337086021,restorativeness,0.1,Very High,0.98
1337104625,restorativeness,0.1,Very High,0.98
1416167195,restorativeness,0.1,Very High,0.95
1416167197,restorativeness,0.1,Very High,0.925
1456255195,restorativeness,0.1,Very High,1.0
1482300049,restorativeness,0.1,Very High,1.0
1499300917,restorativeness,0.1,Very High,0.995
1515277205,restorativeness,0.1,High,0.72
1515277209,restorativeness,0.1,High,0.615
1515277210,restorativeness,0.1,High,0.65
1515278363,restorativeness,0.1,Medium,0.845
1517776311,restorativeness,0.1,High,0.57
1517780065,restorativeness,0.1,Very High,0.73
1517799702,restorativeness,0.1,Very High,1.0
1517894265,restorativeness,0.1,Very High,0.98
1517894389,restorativeness,0.1,Very High,0.99
1518680309,restorativeness,0.1,Very High,0.99
1519301970,restorativeness,0.1,Very High,0.845
1520083271,restorativeness,0.1,Very High,0.995
1520083698,restorativeness,0.1,Very High,1.0
1521099820,restorativeness,0.1,Very High,0.995
1524484562,restorativeness,0.1,Very High,0.94
1554374469,restorativeness,0.1,High,0.76
1554374555,restorativeness,0.1,High,0.9
1554374565,restorativeness,0.1,High,0.91
1554374588,restorativeness,0.1,High,0.895
1554374598,restorativeness,0.1,High,0.81
1554374611,restorativeness,0.1,High,0.85
1554374648,restorativeness,0.1,High,0.84
1576984303,restorativeness,0.1,High,0.895
1576984320,restorativeness,0.1,Very High,0.95
1576987630,restorativeness,0.1,Very High,0.915
1577002117,restorativeness,0.1,Very High,0.95
1577002120,restorativeness,0.1,Very High,0.895
1577003431,restorativeness,0.1,Very High,0.77
1577003435,restorativeness,0.1,Very High,0.89
1577003436,restorativeness,0.1,Very High,0.725
1582411346,restorativeness,0.1,Very High,0.995
1582420933,restorativeness,0.1,Very High,0.99
1601530424,restorativeness,0.1,Very High,1.0
1607732821,restorativeness,0.1,High,0.645
1607732898,restorativeness,0.1,High,0.705
1607732969,restorativeness,0.1,High,0.915
1607732991,restorativeness,0.1,High,0.71
1607870522,restorativeness,0.1,Very High,0.645
1634571340,restorativeness,0.1,Very High,0.98
1634571342,restorativeness,0.1,Very High,0.97
1634571498,restorativeness,0.1,Very High,0.985
1646145198,restorativeness,0.1,Very High,0.995
1654943890,restorativeness,0.1,Very High,0.985
1655958419,restorativeness,0.1,Very High,0.97
1656878955,restorativeness,0.1,Medium,0.605
1656879008,restorativeness,0.1,Medium,0.715
1669281897,restorativeness,0.1,Very High,0.99
1669281972,restorativeness,0.1,Very High,1.0
1669385096,restorativeness,0.1,Very High,0.975
1669391017,restorativeness,0.1,Very High,0.97
1670467950,restorativeness,0.1,Very High,1.0
1670774501,restorativeness,0.1,Very High,0.655
1671052660,restorativeness,0.1,Very High,1.0
1671052676,restorativeness,0.1,Very High,1.0
1671107675,restorativeness,0.1,Very High,0.995
1673201108,restorativeness,0.1,Very High,0.99
1673398526,restorativeness,0.1,Very High,1.0
1674550443,restorativeness,0.1,Very High,0.975
1674550549,restorativeness,0.1,Very High,0.995
1674798928,restorativeness,0.1,Very High,1.0
1674798941,restorativeness,0.1,Very High,0.995
1674799108,restorativeness,0.1,Very High,0.975
1675779149,restorativeness,0.1,Very High,0.985
1675787981,restorativeness,0.1,Very High,0.975
1676722898,restorativeness,0.1,Very High,0.995
1676723004,restorativeness,0.1,Very High,0.81
1676723049,restorativeness,0.1,Very High,0.96
1676723117,restorativeness,0.1,Very High,0.99
1676857165,restorativeness,0.1,Very High,1.0
1676874935,restorativeness,0.1,Very High,1.0
1676930741,restorativeness,0.1,Very High,0.995
1676930747,restorativeness,0.1,Very High,0.995
1677395629,restorativeness,0.1,Very High,1.0
1678144337,restorativeness,0.1,Very High,1.0
1679571341,restorativeness,0.1,Very High,0.99
1680813066,restorativeness,0.1,Very High,0.995
1680817595,restorativeness,0.1,Very High,1.0
1683133784,restorativeness,0.1,Very High,0.995
1683149343,restorativeness,0.1,Very High,1.0
1683419392,restorativeness,0.1,Very High,0.975
1683419476,restorativeness,0.1,Very High,0.99
1683419518,restorativeness,0.1,Very High,1.0
1683530161,restorativeness,0.1,Very High,0.995
1683616583,restorativeness,0.1,Very High,0.98
1683616632,restorativeness,0.1,Very High,0.995
1684754778,restorativeness,0.1,Very High,0.955
1684754783,restorativeness,0.1,Very High,0.955
1686023369,restorativeness,0.1,Very High,0.985
1687418211,restorativeness,0.1,Very High,0.71
1687702106,restorativeness,0.1,Very High,0.99
1687705213,restorativeness,0.1,Very High,0.98
1688374316,restorativeness,0.1,Very High,0.85
1688374447,restorativeness,0.1,Very High,0.825
1688374494,restorativeness,0.1,Very High,0.79
1688374515,restorativeness,0.1,Very High,0.545
1688401743,restorativeness,0.1,Very High,0.63
1691714738,restorativeness,0.1,Very High,0.995
1691892263,restorativeness,0.1,Very High,0.6
1692037020,restorativeness,0.1,Very High,0.86
1692037033,restorativeness,0.1,Very High,0.785
1692448608,restorativeness,0.1,Very High,0.99
1692448628,restorativeness,0.1,Very High,0.99
1693050615,restorativeness,0.1,Very High,0.96
1693307316,restorativeness,0.1,Very High,0.97
1695229413,restorativeness,0.1,Very High,1.0
1696284480,restorativeness,0.1,Very High,0.995
1696297242,restorativeness,0.1,Very High,0.995
1719680117,restorativeness,0.1,Very High,0.99
1727511203,restorativeness,0.1,Very High,0.99
1733233982,restorativeness,0.1,Very High,0.76
1733233984,restorativeness,0.1,Very High,0.685
1733234004,restorativeness,0.1,High,0.905
1733234015,restorativeness,0.1,High,0.835
1733234018,restorativeness,0.1,High,0.915
1733234033,restorativeness,0.1,Very High,0.515
1733234057,restorativeness,0.1,High,0.79
1733259450,restorativeness,0.1,High,0.83
1733259455,restorativeness,0.1,High,0.845
1739321161,restorativeness,0.1,Very High,0.605
1748744712,restorativeness,0.1,Very High,0.93
1748744790,restorativeness,0.1,Very High,0.94
1748752437,restorativeness,0.1,Very High,0.975
1748752554,restorativeness,0.1,Very High,0.975
1748789991,restorativeness,0.1,Very High,0.95
1750283342,restorativeness,0.1,Very High,0.91
1752677525,restorativeness,0.1,Very High,0.925
1752677708,restorativeness,0.1,Very High,0.945
1752939244,restorativeness,0.1,Very High,0.92
1752979743,restorativeness,0.1,Very High,0.96
1752979813,restorativeness,0.1,Very High,0.93
1752991477,restorativeness,0.1,Very High,0.93
1753033755,restorativeness,0.1,Very High,0.995
1753739585,restorativeness,0.1,Very High,0.97
1755882802,restorativeness,0.1,Very High,0.99
1758174742,restorativeness,0.1,Very High,0.96
1762006333,restorativeness,0.1,Very High,0.975
1762006353,restorativeness,0.1,Very High,0.975
1762166889,restorativeness,0.1,Very High,0.97
1762166903,restorativeness,0.1,Very High,0.99
1762177612,restorativeness,0.1,Very High,1.0
1767838635,restorativeness,0.1,Very High,0.965
1771412280,restorativeness,0.1,Very High,0.765
1783311722,restorativeness,0.1,High,0.605
1821516873,restorativeness,0.1,Very High,0.985
1833995997,restorativeness,0.1,Very High,0.705
1912111979,restorativeness,0.1,Very High,0.97
1959410503,restorativeness,0.1,Very High,0.98
1959410634,restorativeness,0.1,Very High,0.935
1976182212,restorativeness,0.1,Very High,1.0
1976182230,restorativeness,0.1,Very High,1.0
2048787814,restorativeness,0.1,Very High,0.97
2102252140,restorativeness,0.1,Very High,0.995
2140190743,restorativeness,0.1,Very High,0.99
2161358988,restorativeness,0.1,Very High,0.995
2161369349,restorativeness,0.1,Very High,0.995
2161371310,restorativeness,0.1,Very High,0.995
2307384385,restorativeness,0.1,Very High,1.0
2400326002,restorativeness,0.1,Very High,0.995
2422262678,restorativeness,0.1,Very High,0.99
2433711113,restorativeness,0.1,Very High,0.955
2433722241,restorativeness,0.1,Very High,0.94
2537637988,restorativeness,0.1,High,0.775
2537637993,restorativeness,0.1,High,0.75
2537637997,restorativeness,0.1,High,0.785
2537638001,restorativeness,0.1,High,0.71
2537638005,restorativeness,0.1,High,0.65
2537638007,restorativeness,0.1,High,0.57
2537638090,restorativeness,0.1,High,0.805
2537638091,restorativeness,0.1,High,0.785
2537638093,restorativeness,0.1,High,0.725
2537638095,restorativeness,0.1,High,0.765
2543618332,restorativeness,0.1,Very High,0.955
2550866372,restorativeness,0.1,Very High,0.935
2550866427,restorativeness,0.1,Very High,0.85
2550989572,restorativeness,0.1,Very High,0.935
2551007719,restorativeness,0.1,Very High,0.975
2551007746,restorativeness,0.1,Very High,0.935
2551007757,restorativeness,0.1,Very High,0.845
2551007781,restorativeness,0.1,Very High,0.865
2551031955,restorativeness,0.1,Very High,1.0
2552400217,restorativeness,0.1,Very High,0.995
2624681386,restorativeness,0.1,High,0.835
2655580318,restorativeness,0.1,Very High,0.985
2716878303,restorativeness,0.1,Very High,0.99
2814813324,restorativeness,0.1,Very High,0.6
2814816868,restorativeness,0.1,Very High,0.79
2817142002,restorativeness,0.1,Very High,0.925
2817144587,restorativeness,0.1,Very High,0.86
2817153807,restorativeness,0.1,Very High,0.7
2817167063,restorativeness,0.1,Very High,0.985
2817246341,restorativeness,0.1,Very High,0.995
2817659494,restorativeness,0.1,Very High,0.95
2822871751,restorativeness,0.1,Very High,0.68
2833044701,restorativeness,0.1,Very High,0.795
2833058304,restorativeness,0.1,Very High,0.975
2833058401,restorativeness,0.1,Very High,0.995
2842383207,restorativeness,0.1,Very High,0.985
2844479897,restorativeness,0.1,Very High,0.99
2844479900,restorativeness,0.1,Very High,0.995
2853259828,restorativeness,0.1,Very High,0.995
2939669839,restorativeness,0.1,Very High,0.995
2948657263,restorativeness,0.1,Very High,0.9
2971775879,restorativeness,0.1,Very High,1.0
3078449760,restorativeness,0.1,Very High,0.99
3078449799,restorativeness,0.1,Very High,0.995
3129277334,restorativeness,0.1,Very High,0.99
3363528669,restorativeness,0.1,Very High,0.99
3375251445,restorativeness,0.1,Very High,1.0
3430936974,restorativeness,0.1,High,0.85
3430936979,restorativeness,0.1,High,0.835
3430936987,restorativeness,0.1,High,0.865
3430942196,restorativeness,0.1,High,0.9
3430942200,restorativeness,0.1,High,0.86
3430942206,restorativeness,0.1,High,0.905
3529181723,restorativeness,0.1,Very High,0.985
3577241309,restorativeness,0.1,Very High,1.0
3586834520,restorativeness,0.1,High,0.825
3586834543,restorativeness,0.1,High,0.595
3733079068,restorativeness,0.1,Very High,1.0
3758452439,restorativeness,0.1,Very High,1.0
3763287838,restorativeness,0.1,High,0.67
3763287855,restorativeness,0.1,High,0.74
3763287856,restorativeness,0.1,High,0.81
3763305372,restorativeness,0.1,High,0.84
3763305379,restorativeness,0.1,High,0.85
3763305380,restorativeness,0.1,High,0.835
3763305790,restorativeness,0.1,Medium,0.535
3763305791,restorativeness,0.1,Medium,0.595
3763305797,restorativeness,0.1,High,0.64
3763305798,restorativeness,0.1,High,0.565
3763305805,restorativeness,0.1,High,0.65
3763305822,restorativeness,0.1,Medium,0.64
3763305834,restorativeness,0.1,Medium,0.7
3763305841,restorativeness,0.1,Medium,0.625
3763305846,restorativeness,0.1,Medium,0.62
3763309259,restorativeness,0.1,Medium,0.5
3763309281,restorativeness,0.1,Medium,0.73
3763309286,restorativeness,0.1,Medium,0.86
3763309289,restorativeness,0.1,Medium,0.795
3763309300,restorativeness,0.1,High,0.53
3763309301,restorativeness,0.1,High,0.645
3763309314,restorativeness,0.1,High,0.655
3763309316,restorativeness,0.1,Medium,0.53
3763309322,restorativeness,0.1,Medium,0.565
3763309333,restorativeness,0.1,Medium,0.605
3763309339,restorativeness,0.1,High,0.53
3763309342,restorativeness,0.1,Medium,0.56
3763309344,restorativeness,0.1,Medium,0.515
3763309348,restorativeness,0.1,Medium,0.59
3763309353,restorativeness,0.1,Medium,0.595
3763309355,restorativeness,0.1,Medium,0.56
3763309367,restorativeness,0.1,Medium,0.605
3763309373,restorativeness,0.1,Medium,0.52
3763309376,restorativeness,0.1,High,0.52
3763309379,restorativeness,0.1,High,0.525
3763309390,restorativeness,0.1,Medium,0.59
3771849226,restorativeness,0.1,Medium,0.5
3771849227,restorativeness,0.1,Medium,0.555
3771849228,restorativeness,0.1,High,0.73
3771849229,restorativeness,0.1,High,0.72
3806824101,restorativeness,0.1,Very High,0.995
3809925650,restorativeness,0.1,Very High,1.0
3812548070,restorativeness,0.1,Very High,0.99
3816218870,restorativeness,0.1,Very High,1.0
3877858786,restorativeness,0.1,Very High,0.985
3961529297,restorativeness,0.1,Very High,0.515
4028348297,restorativeness,0.1,Very High,0.995
4038324228,restorativeness,0.1,Very High,0.62
4044375747,restorativeness,0.1,Very High,0.965
4050345394,restorativeness,0.1,Very High,0.995
4050345815,restorativeness,0.1,Very High,0.995
4050345950,restorativeness,0.1,Very High,0.99
4069942819,restorativeness,0.1,Very High,1.0
4071708549,restorativeness,0.1,Very High,0.99
4120467620,restorativeness,0.1,Very High,0.995
4138094680,restorativeness,0.1,Very High,0.99
4228868789,restorativeness,0.1,Very High,0.95
4229026795,restorativeness,0.1,Very High,0.975
4229925893,restorativeness,0.1,Very High,0.99
4230313514,restorativeness,0.1,Very High,0.91
4230313555,restorativeness,0.1,Very High,0.995
4230353709,restorativeness,0.1,Very High,1.0
4230353759,restorativeness,0.1,Very High,0.985
4230354780,restorativeness,0.1,Very High,0.995
4230356132,restorativeness,0.1,Very High,0.94
4230356143,restorativeness,0.1,Very High,1.0
4230396300,restorativeness,0.1,Very High,0.98
4235104793,restorativeness,0.1,Very High,0.99
4235120611,restorativeness,0.1,Very High,0.99
4235178591,restorativeness,0.1,Very High,0.975
4235180094,restorativeness,0.1,Very High,0.995
4235185589,restorativeness,0.1,Very High,0.985
4235272707,restorativeness,0.1,Very High,0.995
4235356889,restorativeness,0.1,Very High,0.985
4241728252,restorativeness,0.1,Very High,0.995
4241778004,restorativeness,0.1,Very High,0.77
4241778012,restorativeness,0.1,Very High,0.7
4241778023,restorativeness,0.1,Very High,0.785
4241782001,restorativeness,0.1,Very High,0.51
4242571114,restorativeness,0.1,Very High,0.945
4242596805,restorativeness,0.1,Very High,0.825
4242838921,restorativeness,0.1,Very High,0.995
4242863366,restorativeness,0.1,Very High,0.995
4242864833,restorativeness,0.1,Very High,1.0
4242865422,restorativeness,0.1,Very High,0.99
4242878102,restorativeness,0.1,Very High,0.99
4242887289,restorativeness,0.1,Very High,0.995
4242887290,restorativeness,0.1,Very High,0.96
4243016495,restorativeness,0.1,Very High,0.96
4244292013,restorativeness,0.1,Very High,0.98
4244320393,restorativeness,0.1,Very High,0.9
4244396190,restorativeness,0.1,Very High,0.95
4244396289,restorativeness,0.1,High,0.785
4244683532,restorativeness,0.1,Very High,0.97
4245976092,restorativeness,0.1,Very High,0.975
4259955458,restorativeness,0.1,Very High,0.995
4406270890,restorativeness,0.1,High,0.61
4406270938,restorativeness,0.1,High,0.745
4425354702,restorativeness,0.1,Very High,0.965
4557252953,restorativeness,0.1,Very High,0.89
4668278614,restorativeness,0.1,High,0.85
4668278617,restorativeness,0.1,High,0.79
4668278626,restorativeness,0.1,High,0.61
4668278636,restorativeness,0.1,High,0.77
4668278646,restorativeness,0.1,High,0.805
4668278661,restorativeness,0.1,High,0.775
4668278663,restorativeness,0.1,High,0.885
4668278668,restorativeness,0.1,High,0.86
4668278674,restorativeness,0.1,High,0.885
4668279609,restorativeness,0.1,High,0.885
4668279619,restorativeness,0.1,High,0.815
4668279630,restorativeness,0.1,High,0.86
4668279656,restorativeness,0.1,High,0.85
4820400254,restorativeness,0.1,High,0.75
4820400287,restorativeness,0.1,High,0.655
4820400289,restorativeness,0.1,High,0.715
4820400291,restorativeness,0.1,High,0.635
4820400294,restorativeness,0.1,High,0.7
4820400295,restorativeness,0.1,High,0.71
4820428243,restorativeness,0.1,High,0.715
4820428244,restorativeness,0.1,High,0.74
4820428249,restorativeness,0.1,High,0.805
4820428252,restorativeness,0.1,High,0.81
4820428263,restorativeness,0.1,High,0.64
4820428264,restorativeness,0.1,High,0.69
4820428266,restorativeness,0.1,High,0.775
4820428268,restorativeness,0.1,High,0.72
4899932460,restorativeness,0.1,Very High,0.71
4902689737,restorativeness,0.1,Very High,0.985
4902690046,restorativeness,0.1,Very High,0.99
5205085828,restorativeness,0.1,Very High,0.985
5338115314,restorativeness,0.1,Very High,0.965
5338117821,restorativeness,0.1,Very High,0.995
5359935172,restorativeness,0.1,Very High,0.51
5364017472,restorativeness,0.1,Very High,0.98
5365725281,restorativeness,0.1,Very High,0.98
5412363649,restorativeness,0.1,Very High,0.965
5471236076,restorativeness,0.1,Very High,1.0
5514396514,restorativeness,0.1,Very High,0.675
5545134740,restorativeness,0.1,Very High,1.0
5563872873,restorativeness,0.1,High,0.62
5563872908,restorativeness,0.1,High,0.64
5563872945,restorativeness,0.1,High,0.615
5563872989,restorativeness,0.1,High,0.575
5578156044,restorativeness,0.1,Very High,0.995
5831742595,restorativeness,0.1,High,0.605
5972718215,restorativeness,0.1,Very High,0.58
5974229346,restorativeness,0.1,High,0.85
5974229351,restorativeness,0.1,High,0.645
5974229356,restorativeness,0.1,Very High,0.5
5974229358,restorativeness,0.1,Very High,0.555
5974229359,restorativeness,0.1,High,0.605
5974229361,restorativeness,0.1,High,0.65
5974229362,restorativeness,0.1,High,0.715
5974229364,restorativeness,0.1,High,0.78
5974229366,restorativeness,0.1,High,0.72
6034073764,restorativeness,0.1,Very High,0.975
6049100072,restorativeness,0.1,Very High,0.995
6086073177,restorativeness,0.1,Very High,0.91
6086089286,restorativeness,0.1,Very High,0.935
6086126706,restorativeness,0.1,Very High,0.985
6086126787,restorativeness,0.1,Very High,0.965
6086144463,restorativeness,0.1,Very High,0.98
6086166519,restorativeness,0.1,Very High,0.995
6086217569,restorativeness,0.1,Very High,1.0
6093047863,restorativeness,0.1,Very High,0.965
6093047884,restorativeness,0.1,Very High,0.975
6093049092,restorativeness,0.1,Very High,0.975
6093049103,restorativeness,0.1,Very High,0.995
6093049135,restorativeness,0.1,Very High,0.955
6093049202,restorativeness,0.1,Very High,0.96
6093049238,restorativeness,0.1,Very High,0.985
6093049257,restorativeness,0.1,Very High,0.945
6093049270,restorativeness,0.1,Very High,0.97
6093049280,restorativeness,0.1,Very High,0.895
6093049289,restorativeness,0.1,Very High,0.845
6093049298,restorativeness,0.1,Very High,0.79
6093049326,restorativeness,0.1,Very High,0.98
6093054716,restorativeness,0.1,Very High,0.995
6093054724,restorativeness,0.1,Very High,0.985
6106890865,restorativeness,0.1,Very High,0.99
6122292644,restorativeness,0.1,Very High,1.0
6131677268,restorativeness,0.1,Very High,0.98
6149496208,restorativeness,0.1,Very High,0.99
6149519804,restorativeness,0.1,Very High,0.975
6149527865,restorativeness,0.1,Very High,0.995
6149567917,restorativeness,0.1,Very High,0.935
6149567919,restorativeness,0.1,Very High,0.945
6167688903,restorativeness,0.1,Very High,1.0
6168445900,restorativeness,0.1,Very High,0.99
6168445916,restorativeness,0.1,Very High,1.0
6170668966,restorativeness,0.1,Very High,0.975
6188306586,restorativeness,0.1,High,0.565
6229927409,restorativeness,0.1,Very High,0.95
6247994297,restorativeness,0.1,Very High,1.0
6267835216,restorativeness,0.1,Very High,0.94
6293681656,restorativeness,0.1,Very High,0.935
6300295619,restorativeness,0.1,High,0.72
6305779529,restorativeness,0.1,Very High,1.0
6328984333,restorativeness,0.1,High,0.62
6328984371,restorativeness,0.1,High,0.925
6328984486,restorativeness,0.1,Medium,0.8
6328984493,restorativeness,0.1,High,0.72
6328984495,restorativeness,0.1,High,0.74
6339832471,restorativeness,0.1,Very High,0.81
6339861223,restorativeness,0.1,Very High,0.995
6369822475,restorativeness,0.1,Very High,0.99
6372602414,restorativeness,0.1,High,0.795
6372602415,restorativeness,0.1,High,0.9
6372602417,restorativeness,0.1,High,0.64
6372602420,restorativeness,0.1,High,0.615
6403547181,restorativeness,0.1,Very High,0.975
6418907296,restorativeness,0.1,Very High,0.96
6440467754,restorativeness,0.1,Very High,0.99
6491703571,restorativeness,0.1,Very High,1.0
6524156244,restorativeness,0.1,Very High,0.995
6533862314,restorativeness,0.1,Very High,0.53
6533862318,restorativeness,0.1,High,0.54
6533862335,restorativeness,0.1,High,0.625
6535742408,restorativeness,0.1,Very High,0.965
6539916754,restorativeness,0.1,Very High,0.875
6643065710,restorativeness,0.1,Very High,0.59
6667967517,restorativeness,0.1,Very High,0.805
6681110385,restorativeness,0.1,Very High,0.82
6775487582,restorativeness,0.1,High,0.895
6775526307,restorativeness,0.1,High,0.905
6775526314,restorativeness,0.1,High,0.855
6789185270,restorativeness,0.1,Very High,1.0
6789225156,restorativeness,0.1,High,0.6
6789225172,restorativeness,0.1,High,0.63
6789225180,restorativeness,0.1,High,0.72
6789233492,restorativeness,0.1,High,0.51
6882629397,restorativeness,0.1,Very High,0.95
6948798797,restorativeness,0.1,Very High,0.78
6948798804,restorativeness,0.1,Very High,0.705
6948798835,restorativeness,0.1,Very High,0.86
6975211183,restorativeness,0.1,Very High,0.99
6989876509,restorativeness,0.1,Very High,0.865
6990075663,restorativeness,0.1,Very High,0.855
7007083454,restorativeness,0.1,Very High,0.89
7088110119,restorativeness,0.1,Very High,0.97
7176218411,restorativeness,0.1,Very High,0.99
7177787606,restorativeness,0.1,Very High,1.0
7190872700,restorativeness,0.1,Very High,0.99
7354564223,restorativeness,0.1,Very High,0.925
7354564228,restorativeness,0.1,High,0.725
7389770068,restorativeness,0.1,Very High,0.99
7466695670,restorativeness,0.1,Very High,1.0
7522989639,restorativeness,0.1,Very High,0.99
7548883046,restorativeness,0.1,Very High,0.995
7580315774,restorativeness,0.1,Very High,0.995
7580324942,restorativeness,0.1,Very High,0.965
7620412418,restorativeness,0.1,Very High,0.99
7620412456,restorativeness,0.1,Very High,0.94
7620412461,restorativeness,0.1,Very High,0.765
7620412463,restorativeness,0.1,Very High,0.7
7620412466,restorativeness,0.1,Very High,0.805
7620415576,restorativeness,0.1,Very High,0.685
7728499328,restorativeness,0.1,Very High,0.98
7728503183,restorativeness,0.1,Very High,0.875
7728529801,restorativeness,0.1,Very High,0.895
7804547542,restorativeness,0.1,Very High,1.0
7806121149,restorativeness,0.1,Very High,0.95
7806507940,restorativeness,0.1,Very High,0.975
7843321033,restorativeness,0.1,Very High,0.91
7843321060,restorativeness,0.1,Very High,0.955
7928005193,restorativeness,0.1,Very High,0.995
7928451499,restorativeness,0.1,Very High,1.0
7948289895,restorativeness,0.1,Very High,0.97
7951767470,restorativeness,0.1,High,0.935
7951830085,restorativeness,0.1,High,0.68
7984593307,restorativeness,0.1,Very High,0.99
7992368574,restorativeness,0.1,Very High,0.96
8018283664,restorativeness,0.1,Very High,0.95
8022340239,restorativeness,0.1,Very High,1.0
8059272794,restorativeness,0.1,Very High,0.745
8059295526,restorativeness,0.1,Very High,0.71
8084750575,restorativeness,0.1,High,0.825
8084750600,restorativeness,0.1,High,0.825
8142670295,restorativeness,0.1,Very High,0.935
8147088870,restorativeness,0.1,Very High,0.995
8147088890,restorativeness,0.1,Very High,0.985
8168293420,restorativeness,0.1,Very High,0.955
8168293435,restorativeness,0.1,Very High,0.8
8234265720,restorativeness,0.1,Very High,0.99
8241311678,restorativeness,0.1,Very High,0.995
8241311694,restorativeness,0.1,Very High,0.995
8294058522,restorativeness,0.1,Very High,0.945
8297117023,restorativeness,0.1,Very High,0.985
8305267971,restorativeness,0.1,Very High,0.95
8443711109,restorativeness,0.1,Very High,0.95
8443712648,restorativeness,0.1,Very High,0.84
8467708169,restorativeness,0.1,Very High,0.93
8467801131,restorativeness,0.1,Very High,0.905
8486417293,restorativeness,0.1,Very High,0.99
8522652431,restorativeness,0.1,Very High,0.975
8522652463,restorativeness,0.1,Very High,0.995
8522653656,restorativeness,0.1,Very High,0.99
8567992266,restorativeness,0.1,Very High,0.63
8567992271,restorativeness,0.1,Very High,0.635
8567992275,restorativeness,0.1,High,0.5
8567992285,restorativeness,0.1,Very High,0.565
8567992299,restorativeness,0.1,Very High,0.955
8567992305,restorativeness,0.1,Very High,0.815
8778951943,restorativeness,0.1,Very High,0.98
8844588991,restorativeness,0.1,Very High,0.925
8844592428,restorativeness,0.1,Very High,0.955
8844592439,restorativeness,0.1,Very High,0.975
8844712057,restorativeness,0.1,Very High,0.99
8846476720,restorativeness,0.1,High,0.935
9094677321,restorativeness,0.1,Very High,1.0
9095905603,restorativeness,0.1,Very High,0.995
9095921431,restorativeness,0.1,Very High,0.995
9095921437,restorativeness,0.1,Very High,0.995
9121937519,restorativeness,0.1,Very High,0.915
9135617631,restorativeness,0.1,Very High,0.995
9171427497,restorativeness,0.1,Very High,1.0
9171480571,restorativeness,0.1,Very High,0.985
9186394286,restorativeness,0.1,Very High,0.525
9207623051,restorativeness,0.1,Very High,0.95
9248007099,restorativeness,0.1,Medium,0.775
9248011848,restorativeness,0.1,Medium,0.82
9248011886,restorativeness,0.1,High,0.795
9248011935,restorativeness,0.1,Medium,0.75
9248011945,restorativeness,0.1,High,0.79
9257313084,restorativeness,0.1,Very High,0.98
9257414624,restorativeness,0.1,High,0.665
9357775630,restorativeness,0.1,Very High,0.985
9357775659,restorativeness,0.1,Very High,0.995
9357775687,restorativeness,0.1,Very High,0.99
9372925151,restorativeness,0.1,Very High,1.0
9396648001,restorativeness,0.1,Very High,0.925
9396648012,restorativeness,0.1,Very High,0.93
9396649419,restorativeness,0.1,Very High,0.91
9417741857,restorativeness,0.1,Very High,0.975
9433347881,restorativeness,0.1,Very High,0.995
9466272405,restorativeness,0.1,Very High,0.99
9466602046,restorativeness,0.1,Very High,0.95
9532841658,restorativeness,0.1,Very High,0.99
9549302175,restorativeness,0.1,Very High,0.99
9602633511,restorativeness,0.1,High,0.885
9602657046,restorativeness,0.1,High,0.785
9602693150,restorativeness,0.1,High,0.68
9602777529,restorativeness,0.1,High,0.64
9602777532,restorativeness,0.1,High,0.665
9603355735,restorativeness,0.1,Very High,0.99
9612873590,restorativeness,0.1,Very High,0.99
9626133225,restorativeness,0.1,Very High,0.99
9628975662,restorativeness,0.1,Medium,0.8
9635553182,restorativeness,0.1,Very High,0.995
9683257699,restorativeness,0.1,Very High,0.915
9796684622,restorativeness,0.1,Very High,0.995
9796684639,restorativeness,0.1,Very High,0.995
9796684645,restorativeness,0.1,Very High,1.0
9798318356,restorativeness,0.1,Very High,0.975
9820783351,restorativeness,0.1,Very High,0.765
9834075289,restorativeness,0.1,Very High,0.965
9860535827,restorativeness,0.1,Very High,0.98
9922114735,restorativeness,0.1,Very High,0.985
9949070594,restorativeness,0.1,Very High,0.98
9966846106,restorativeness,0.1,High,0.525
9966846108,restorativeness,0.1,Very High,0.515
10092095611,restorativeness,0.1,Very High,0.695
10159726486,restorativeness,0.1,Very High,0.98
10174676167,restorativeness,0.1,High,0.67
10174676168,restorativeness,0.1,High,0.815
10174676170,restorativeness,0.1,High,0.805
10174676178,restorativeness,0.1,High,0.82
10174676187,restorativeness,0.1,High,0.78
10174676192,restorativeness,0.1,High,0.76
10174676201,restorativeness,0.1,High,0.845
10174676208,restorativeness,0.1,High,0.81
10174676211,restorativeness,0.1,High,0.86
10174676212,restorativeness,0.1,High,0.855
10174676216,restorativeness,0.1,High,0.77
10174708518,restorativeness,0.1,High,0.675
10174708523,restorativeness,0.1,High,0.56
10174708525,restorativeness,0.1,High,0.54
10174708529,restorativeness,0.1,Medium,0.55
10174708532,restorativeness,0.1,Medium,0.585
10174708534,restorativeness,0.1,Medium,0.6
10174708535,restorativeness,0.1,Medium,0.515
10174708536,restorativeness,0.1,Medium,0.55
10174708537,restorativeness,0.1,Medium,0.52
10174708540,restorativeness,0.1,Medium,0.52
10174708544,restorativeness,0.1,Medium,0.505
10174708566,restorativeness,0.1,Medium,0.57
10174708568,restorativeness,0.1,Medium,0.565
10174708577,restorativeness,0.1,Medium,0.515
10174708580,restorativeness,0.1,High,0.565
10174708582,restorativeness,0.1,High,0.73
10174708588,restorativeness,0.1,High,0.795
10174708602,restorativeness,0.1,Medium,0.545
10174708620,restorativeness,0.1,High,0.725
10174708624,restorativeness,0.1,High,0.725
10174708672,restorativeness,0.1,Medium,0.565
10174708679,restorativeness,0.1,High,0.595
10174708682,restorativeness,0.1,High,0.645
10174708684,restorativeness,0.1,High,0.665
10174708707,restorativeness,0.1,Medium,0.835
10174708711,restorativeness,0.1,Medium,0.835
10174708761,restorativeness,0.1,High,0.575
10174708764,restorativeness,0.1,High,0.51
10174708782,restorativeness,0.1,Medium,0.575
10174708783,restorativeness,0.1,Medium,0.51
10174708785,restorativeness,0.1,Medium,0.62
10174708786,restorativeness,0.1,Medium,0.59
10174708788,restorativeness,0.1,High,0.515
10174708791,restorativeness,0.1,High,0.51
10174708794,restorativeness,0.1,High,0.605
10174708808,restorativeness,0.1,High,0.775
10174708814,restorativeness,0.1,High,0.635
10174708836,restorativeness,0.1,High,0.87
10174708847,restorativeness,0.1,High,0.88
10182472800,restorativeness,0.1,Very High,1.0
10185850417,restorativeness,0.1,Very High,0.825
10185850467,restorativeness,0.1,Very High,0.805
10185850495,restorativeness,0.1,Very High,0.79
10185850502,restorativeness,0.1,Very High,0.735
10185850511,restorativeness,0.1,Very High,0.725
10185954636,restorativeness,0.1,Very High,0.94
10185954661,restorativeness,0.1,Very High,0.99
10185954678,restorativeness,0.1,Very High,0.995
10185954765,restorativeness,0.1,Very High,0.99
10262561799,restorativeness,0.1,Very High,0.515
10282459032,restorativeness,0.1,Very High,0.995
10300286341,restorativeness,0.1,Very High,0.985
10690393699,restorativeness,0.1,Very High,0.965
10720924158,restorativeness,0.1,Very High,0.605
10762109688,restorativeness,0.1,Very High,0.8
10764575126,restorativeness,0.1,High,0.545
10764575130,restorativeness,0.1,Medium,0.505
10764575135,restorativeness,0.1,High,0.65
10764575154,restorativeness,0.1,High,0.64
10764575156,restorativeness,0.1,High,0.71
10764575165,restorativeness,0.1,High,0.745
10765498098,restorativeness,0.1,Very High,0.94
10770607409,restorativeness,0.1,High,0.765
10770607414,restorativeness,0.1,High,0.635
10770607428,restorativeness,0.1,High,0.675
10770607434,restorativeness,0.1,High,0.615
10770607436,restorativeness,0.1,High,0.7
10770607437,restorativeness,0.1,High,0.55
10781466793,restorativeness,0.1,Very High,1.0
10782114175,restorativeness,0.1,High,0.84
10782114182,restorativeness,0.1,High,0.85
10782114187,restorativeness,0.1,High,0.805
10782114193,restorativeness,0.1,High,0.655
10782165711,restorativeness,0.1,High,0.615
10807135391,restorativeness,0.1,Very High,0.995
10807185817,restorativeness,0.1,Very High,0.965
10807185854,restorativeness,0.1,High,0.51
10807185864,restorativeness,0.1,Very High,0.995
10820325057,restorativeness,0.1,Very High,0.995
10824082848,restorativeness,0.1,Very High,1.0
10843102936,restorativeness,0.1,Very High,0.995
10852743401,restorativeness,0.1,Very High,0.985
10862625710,restorativeness,0.1,Very High,0.715
10862625726,restorativeness,0.1,Very High,0.645
10862625742,restorativeness,0.1,Very High,0.74
10862625753,restorativeness,0.1,Very High,0.725
10862625884,restorativeness,0.1,Very High,0.685
10862625891,restorativeness,0.1,Very High,0.68
10862625954,restorativeness,0.1,Very High,0.805
10862626059,restorativeness,0.1,High,0.795
10862626064,restorativeness,0.1,High,0.825
10864590116,restorativeness,0.1,Medium,0.92
10864590160,restorativeness,0.1,High,0.59
10864590178,restorativeness,0.1,Very High,0.535
10864590323,restorativeness,0.1,High,0.825
10864590327,restorativeness,0.1,High,0.64
10875049650,restorativeness,0.1,Very High,0.925
10875049654,restorativeness,0.1,Very High,0.9
10875049659,restorativeness,0.1,Very High,0.89
10875049662,restorativeness,0.1,Very High,0.73
10875049663,restorativeness,0.1,Very High,0.74
10875049664,restorativeness,0.1,Very High,0.67
10875049666,restorativeness,0.1,Very High,0.57
10875049670,restorativeness,0.1,Very High,0.54
10889016957,restorativeness,0.1,Very High,0.94
10943626000,restorativeness,0.1,High,0.665
10943669211,restorativeness,0.1,Very High,0.885
10948807008,restorativeness,0.1,Very High,0.965
10959368177,restorativeness,0.1,High,0.645
10965183585,restorativeness,0.1,Very High,0.875
10965191125,restorativeness,0.1,Very High,0.995
10969345508,restorativeness,0.1,Very High,0.94
10969389985,restorativeness,0.1,Very High,0.99
10969869017,restorativeness,0.1,Very High,0.915
10969869130,restorativeness,0.1,Very High,0.97
10969869178,restorativeness,0.1,Very High,0.97
10969885647,restorativeness,0.1,Very High,0.905
10969885650,restorativeness,0.1,Very High,0.93
10970847422,restorativeness,0.1,Very High,0.975
10974835618,restorativeness,0.1,High,0.775
10974835724,restorativeness,0.1,High,0.94
10983772523,restorativeness,0.1,Very High,0.98
10984439993,restorativeness,0.1,Very High,0.995
10984451455,restorativeness,0.1,Very High,0.98
10984795464,restorativeness,0.1,Very High,0.94
10989110091,restorativeness,0.1,Very High,0.985
10989630784,restorativeness,0.1,Very High,0.975
10989630785,restorativeness,0.1,Very High,0.98
10989630797,restorativeness,0.1,Very High,0.935
11013707527,restorativeness,0.1,High,0.71
11013707534,restorativeness,0.1,High,0.615
11013707538,restorativeness,0.1,High,0.535
11013707542,restorativeness,0.1,High,0.515
11013707543,restorativeness,0.1,High,0.55
11013707566,restorativeness,0.1,Medium,0.625
11013707567,restorativeness,0.1,Medium,0.635
11013707570,restorativeness,0.1,Medium,0.68
11013707572,restorativeness,0.1,Medium,0.76
11013707580,restorativeness,0.1,Medium,0.84
11013707589,restorativeness,0.1,Medium,0.82
11053698466,restorativeness,0.1,Very High,0.515
11053698478,restorativeness,0.1,High,0.515
11053698485,restorativeness,0.1,Very High,0.585
11053698493,restorativeness,0.1,Very High,0.515
11061413832,restorativeness,0.1,Medium,0.86
11061413833,restorativeness,0.1,Medium,0.875
11061413835,restorativeness,0.1,Medium,0.9
11061413837,restorativeness,0.1,Medium,0.9
11061413838,restorativeness,0.1,Medium,0.92
11061413839,restorativeness,0.1,Medium,0.88
11061413841,restorativeness,0.1,Medium,0.885
11061413842,restorativeness,0.1,High,0.705
11061413844,restorativeness,0.1,High,0.705
11061413845,restorativeness,0.1,High,0.605
11061413846,restorativeness,0.1,High,0.645
11061413848,restorativeness,0.1,High,0.655
11061413899,restorativeness,0.1,High,0.69
11061419907,restorativeness,0.1,High,0.65
11061419908,restorativeness,0.1,High,0.705
11061419912,restorativeness,0.1,High,0.51
11066863357,restorativeness,0.1,High,0.79
11104492426,restorativeness,0.1,Very High,1.0
11107400700,restorativeness,0.1,Very High,0.98
11113942097,restorativeness,0.1,High,0.5
11148431254,restorativeness,0.1,Very High,0.96
11165605602,restorativeness,0.1,Very High,0.805
11176102247,restorativeness,0.1,Very High,0.685
11180649875,restorativeness,0.1,Very High,1.0
11190449900,restorativeness,0.1,High,0.96
11193065877,restorativeness,0.1,Very High,0.91
11212068693,restorativeness,0.1,Very High,0.995
11215617881,restorativeness,0.1,High,0.71
11215617887,restorativeness,0.1,High,0.68
11215617908,restorativeness,0.1,High,0.88
11215617910,restorativeness,0.1,High,0.635
11215617954,restorativeness,0.1,High,0.755
11243787770,restorativeness,0.1,Very High,0.965
11245254256,restorativeness,0.1,Very High,0.995
11258540713,restorativeness,0.1,Very High,0.66
11258540726,restorativeness,0.1,Very High,0.695
11258545243,restorativeness,0.1,Very High,0.54
11258545246,restorativeness,0.1,High,0.565
11258545251,restorativeness,0.1,High,0.63
11260191606,restorativeness,0.1,Very High,0.675
11274535367,restorativeness,0.1,High,0.585
11277029428,restorativeness,0.1,Very High,0.97
11277029434,restorativeness,0.1,Very High,0.94
11277029451,restorativeness,0.1,Very High,0.975
11277029459,restorativeness,0.1,Very High,0.965
11288867320,restorativeness,0.1,Very High,0.98
11293289229,restorativeness,0.1,Very High,0.9
11293289233,restorativeness,0.1,Very High,0.85
11293289237,restorativeness,0.1,Very High,0.825
11293289241,restorativeness,0.1,Very High,0.785
11293289243,restorativeness,0.1,Very High,0.705
11293289246,restorativeness,0.1,Very High,0.565
11293289252,restorativeness,0.1,High,0.5
11327571894,restorativeness,0.1,Very High,1.0
11392399021,restorativeness,0.1,Very High,0.98
11396500473,restorativeness,0.1,Very High,1.0
11425682923,restorativeness,0.1,Very High,1.0
11429972491,restorativeness,0.1,High,0.945
11432906135,restorativeness,0.1,High,0.56
11432906138,restorativeness,0.1,High,0.545
11432906142,restorativeness,0.1,High,0.72
11432906145,restorativeness,0.1,High,0.735
11505686908,restorativeness,0.1,Very High,0.995
11513820872,restorativeness,0.1,Very High,0.99
11514003490,restorativeness,0.1,Very High,0.52
11514003618,restorativeness,0.1,High,0.7
11514003659,restorativeness,0.1,High,0.535
11514082203,restorativeness,0.1,Very High,0.99
11515987061,restorativeness,0.1,High,0.905
11515987065,restorativeness,0.1,High,0.94
11515987069,restorativeness,0.1,High,0.905
11515987072,restorativeness,0.1,High,0.92
11515987079,restorativeness,0.1,High,0.935
11527564842,restorativeness,0.1,Very High,0.955
11527564851,restorativeness,0.1,Very High,0.975
11527564852,restorativeness,0.1,Very High,0.96
11527564867,restorativeness,0.1,Very High,0.99
11532139728,restorativeness,0.1,High,0.785
11532523975,restorativeness,0.1,Very High,0.965
11570721023,restorativeness,0.1,Medium,0.62
11570721025,restorativeness,0.1,Medium,0.565
11570721027,restorativeness,0.1,Medium,0.57
11570721029,restorativeness,0.1,Medium,0.675
11570721034,restorativeness,0.1,Medium,0.66
11570721036,restorativeness,0.1,Medium,0.74
11570721037,restorativeness,0.1,Medium,0.75
11573383967,restorativeness,0.1,High,0.62
11573383984,restorativeness,0.1,High,0.685
11573383997,restorativeness,0.1,High,0.685
11727195684,restorativeness,0.1,Very High,0.965
11727195728,restorativeness,0.1,Very High,0.85
11783501643,restorativeness,0.1,Very High,0.925
11783501650,restorativeness,0.1,Very High,0.985
11783501664,restorativeness,0.1,High,0.75
11783501665,restorativeness,0.1,High,0.72
11783501667,restorativeness,0.1,High,0.87
11783509275,restorativeness,0.1,High,0.885
11783509288,restorativeness,0.1,High,0.54
11783509289,restorativeness,0.1,Very High,0.555
11783509294,restorativeness,0.1,Very High,0.695
11783509298,restorativeness,0.1,Very High,0.74
11783509302,restorativeness,0.1,Very High,0.88
11783509361,restorativeness,0.1,Very High,0.925
11783509365,restorativeness,0.1,High,0.835
11795188462,restorativeness,0.1,Very High,0.975
11795218787,restorativeness,0.1,Very High,0.985
11795218824,restorativeness,0.1,Very High,0.98
11795218835,restorativeness,0.1,Very High,0.995
11795264483,restorativeness,0.1,Very High,1.0
11795420506,restorativeness,0.1,Very High,0.985
11795420526,restorativeness,0.1,Very High,0.995
11795420545,restorativeness,0.1,Very High,0.97
11802276815,restorativeness,0.1,Very High,0.995
11803457978,restorativeness,0.1,Very High,0.995
11803458056,restorativeness,0.1,Very High,0.74
11811197853,restorativeness,0.1,Very High,1.0
11819306987,restorativeness,0.1,Very High,0.995
11821233258,restorativeness,0.1,Very High,1.0
11847828107,restorativeness,0.1,Very High,0.995
11865664335,restorativeness,0.1,Very High,0.99
11868804459,restorativeness,0.1,Very High,0.98
11898597265,restorativeness,0.1,Very High,0.97
11898597273,restorativeness,0.1,Very High,0.96
11898597895,restorativeness,0.1,High,0.71
11898597910,restorativeness,0.1,Very High,0.595
11898725990,restorativeness,0.1,Very High,0.59
11898725993,restorativeness,0.1,Very High,0.55
11898725998,restorativeness,0.1,Very High,0.615
11941854648,restorativeness,0.1,Very High,0.99
11941909371,restorativeness,0.1,Very High,1.0
11955680768,restorativeness,0.1,Very High,0.985
11992455236,restorativeness,0.1,Very High,0.87
12077416339,restorativeness,0.1,Very High,0.995
12140293163,restorativeness,0.1,High,0.78
12146326622,restorativeness,0.1,Very High,1.0
12147636333,restorativeness,0.1,Very High,0.925
12148197408,restorativeness,0.1,Very High,0.99
12382192929,restorativeness,0.1,Very High,0.995
12424652961,restorativeness,0.1,Very High,0.965
12424652965,restorativeness,0.1,Very High,0.985
12430718967,restorativeness,0.1,Very High,0.515
12430718982,restorativeness,0.1,High,0.59
12430718985,restorativeness,0.1,Very High,0.6
12430718999,restorativeness,0.1,Very High,0.61
12485105673,restorativeness,0.1,Very High,0.995
12522995826,restorativeness,0.1,Very High,0.98
12531973896,restorativeness,0.1,High,0.525
12531984404,restorativeness,0.1,Very High,0.77
12549478489,restorativeness,0.1,Very High,0.995
12549808196,restorativeness,0.1,Very High,0.995
12549820321,restorativeness,0.1,Very High,1.0
12549820333,restorativeness,0.1,Very High,0.97
12549925773,restorativeness,0.1,Very High,0.985
12551295536,restorativeness,0.1,Very High,0.995
12551295582,restorativeness,0.1,Very High,1.0
12551295599,restorativeness,0.1,Very High,1.0
12565104409,restorativeness,0.1,Very High,1.0
12565104470,restorativeness,0.1,Very High,1.0
12595228366,restorativeness,0.1,Very High,1.0
12595228399,restorativeness,0.1,Very High,0.995
12604059177,restorativeness,0.1,Very High,0.99
12604059190,restorativeness,0.1,Very High,0.995
12604521706,restorativeness,0.1,Very High,0.995
12604521732,restorativeness,0.1,Very High,0.99
12607094312,restorativeness,0.1,Very High,1.0
12607126625,restorativeness,0.1,Very High,0.975
12628688065,restorativeness,0.1,High,0.765
12636319154,restorativeness,0.1,Very High,1.0
12636319189,restorativeness,0.1,Very High,0.995
12639567742,restorativeness,0.1,Very High,0.995
12641784763,restorativeness,0.1,Very High,0.99
12641784775,restorativeness,0.1,Very High,0.93
12644019237,restorativeness,0.1,Very High,0.515
12644019263,restorativeness,0.1,High,0.855
12644019265,restorativeness,0.1,High,0.825
12644019272,restorativeness,0.1,High,0.805
12644019281,restorativeness,0.1,High,0.795
12647719174,restorativeness,0.1,Medium,0.7
12647719175,restorativeness,0.1,Medium,0.61
12647719259,restorativeness,0.1,High,0.525
12647719261,restorativeness,0.1,Medium,0.505
12647719262,restorativeness,0.1,Medium,0.56
12647719263,restorativeness,0.1,Medium,0.56
12647719265,restorativeness,0.1,Medium,0.57
12647719266,restorativeness,0.1,Medium,0.595
12647719354,restorativeness,0.1,High,0.66
12647719356,restorativeness,0.1,High,0.695
12648436039,restorativeness,0.1,High,0.585
12652485851,restorativeness,0.1,Very High,0.975
12655832976,restorativeness,0.1,Very High,0.99
12655848036,restorativeness,0.1,Very High,0.995
12656761390,restorativeness,0.1,Very High,0.975
12656782705,restorativeness,0.1,Very High,0.925
12673454380,restorativeness,0.1,Very High,0.975
12684727361,restorativeness,0.1,Very High,0.95
12726482693,restorativeness,0.1,Very High,0.885
12726512906,restorativeness,0.1,Very High,0.955
12726512992,restorativeness,0.1,Very High,0.965
12726513023,restorativeness,0.1,Very High,0.95
12726513025,restorativeness,0.1,Very High,0.915
12728226848,restorativeness,0.1,Very High,0.99
12728477228,restorativeness,0.1,Very High,0.955
12728636606,restorativeness,0.1,Very High,1.0
12728636634,restorativeness,0.1,Very High,1.0
12728664268,restorativeness,0.1,Very High,0.995
12728664287,restorativeness,0.1,Very High,1.0
12728719280,restorativeness,0.1,Very High,0.975
12728785706,restorativeness,0.1,Very High,0.995
12729291244,restorativeness,0.1,Very High,0.99
12729291602,restorativeness,0.1,Very High,0.98
12729291646,restorativeness,0.1,Very High,0.965
12730458390,restorativeness,0.1,Very High,0.99
12730458394,restorativeness,0.1,Very High,0.98
12730466824,restorativeness,0.1,Very High,0.99
12730466882,restorativeness,0.1,Very High,0.995
12730528439,restorativeness,0.1,Very High,1.0
12730599926,restorativeness,0.1,Very High,0.995
12730639856,restorativeness,0.1,Very High,1.0
12730738415,restorativeness,0.1,Very High,0.99
12730738463,restorativeness,0.1,Very High,0.995
12730738485,restorativeness,0.1,Very High,1.0
12730738503,restorativeness,0.1,Very High,1.0
12730828702,restorativeness,0.1,Very High,0.97
12730828735,restorativeness,0.1,Very High,0.96
12730828762,restorativeness,0.1,Very High,0.975
12731475236,restorativeness,0.1,Very High,0.99
12731475289,restorativeness,0.1,Very High,0.995
12731491628,restorativeness,0.1,Very High,1.0
12731491669,restorativeness,0.1,Very High,0.985
12731491672,restorativeness,0.1,Very High,0.985
12731491675,restorativeness,0.1,Very High,0.985
12731719277,restorativeness,0.1,Medium,0.89
12731719282,restorativeness,0.1,Medium,0.935
12731719283,restorativeness,0.1,Medium,0.92
12731719284,restorativeness,0.1,Medium,0.885
12731719295,restorativeness,0.1,Medium,0.9
12731728805,restorativeness,0.1,Medium,0.83
12731728812,restorativeness,0.1,Medium,0.865
12731728813,restorativeness,0.1,Medium,0.855
12731728816,restorativeness,0.1,Medium,0.855
12731728818,restorativeness,0.1,Medium,0.87
12731728823,restorativeness,0.1,Medium,0.92
12731728970,restorativeness,0.1,Medium,0.84
12731728977,restorativeness,0.1,Medium,0.87
12731728994,restorativeness,0.1,High,0.53
12731729007,restorativeness,0.1,High,0.54
12731729018,restorativeness,0.1,High,0.6
12731729028,restorativeness,0.1,High,0.585
12731729030,restorativeness,0.1,High,0.6
12731729031,restorativeness,0.1,High,0.58
12731729033,restorativeness,0.1,High,0.65
12731729035,restorativeness,0.1,High,0.65
12731729072,restorativeness,0.1,Medium,0.58
12731729074,restorativeness,0.1,Medium,0.895
12731729082,restorativeness,0.1,Medium,0.91
12731729083,restorativeness,0.1,Medium,0.91
12731780259,restorativeness,0.1,Medium,0.865
12731780266,restorativeness,0.1,Medium,0.875
12731780270,restorativeness,0.1,Medium,0.89
12731780271,restorativeness,0.1,Medium,0.935
12731780272,restorativeness,0.1,Medium,0.88
12731780273,restorativeness,0.1,Medium,0.915
12731780274,restorativeness,0.1,Medium,0.915
12731780275,restorativeness,0.1,Medium,0.81
12731780276,restorativeness,0.1,Medium,0.91
12731780277,restorativeness,0.1,Medium,0.89
12731780278,restorativeness,0.1,Medium,0.835
12731780279,restorativeness,0.1,Medium,0.83
12731780280,restorativeness,0.1,Medium,0.825
12731780281,restorativeness,0.1,Medium,0.745
12731780283,restorativeness,0.1,High,0.64
12732464838,restorativeness,0.1,Very High,0.99
12732464868,restorativeness,0.1,Very High,0.985
12732693516,restorativeness,0.1,Very High,0.995
12732693544,restorativeness,0.1,Very High,0.99
12732693552,restorativeness,0.1,Very High,0.995
12732693576,restorativeness,0.1,Very High,0.995
12732693584,restorativeness,0.1,Very High,0.995
12747733868,restorativeness,0.1,High,0.705
12747733871,restorativeness,0.1,High,0.65
12747733875,restorativeness,0.1,High,0.69
12747733879,restorativeness,0.1,Medium,0.855
12747733881,restorativeness,0.1,Medium,0.84
12747733882,restorativeness,0.1,Medium,0.89
12768149294,restorativeness,0.1,Very High,0.985
12768149297,restorativeness,0.1,Very High,0.97
12768197113,restorativeness,0.1,Very High,0.95
12768380983,restorativeness,0.1,Very High,0.985
12768381000,restorativeness,0.1,Very High,0.99
12768401522,restorativeness,0.1,Very High,0.985
12768401535,restorativeness,0.1,Very High,0.995
12768401563,restorativeness,0.1,Very High,0.97
12768401577,restorativeness,0.1,Very High,0.99
12768401623,restorativeness,0.1,Very High,0.985
12768401656,restorativeness,0.1,Very High,0.97
12768401707,restorativeness,0.1,Very High,0.965
12768401744,restorativeness,0.1,Very High,0.955
12768401747,restorativeness,0.1,Very High,0.95
12768441224,restorativeness,0.1,Very High,0.985
12768441236,restorativeness,0.1,Very High,0.95
12768441239,restorativeness,0.1,Very High,0.985
12768441260,restorativeness,0.1,Very High,0.965
12768441270,restorativeness,0.1,Very High,0.965
12768441271,restorativeness,0.1,Very High,0.955
12768725209,restorativeness,0.1,Very High,0.955
12768725273,restorativeness,0.1,Very High,0.965
12768725279,restorativeness,0.1,Very High,0.98
12768725281,restorativeness,0.1,Very High,0.94
12769049385,restorativeness,0.1,Very High,0.99
12769049389,restorativeness,0.1,Very High,0.985
12769824119,restorativeness,0.1,Very High,0.995
12769928884,restorativeness,0.1,Very High,0.99
12769951096,restorativeness,0.1,Very High,0.98
12769998616,restorativeness,0.1,Very High,0.99
12769998672,restorativeness,0.1,Very High,0.98
12769998680,restorativeness,0.1,Very High,0.99
12769998691,restorativeness,0.1,Very High,0.99
12769998694,restorativeness,0.1,Very High,0.98
12770065682,restorativeness,0.1,Very High,0.99
12771693017,restorativeness,0.1,Very High,0.94
12771693046,restorativeness,0.1,Very High,0.995
12771693070,restorativeness,0.1,Very High,0.955
12771693084,restorativeness,0.1,Very High,0.98
12771693099,restorativeness,0.1,Very High,0.97
12771694609,restorativeness,0.1,Very High,0.99
12771694620,restorativeness,0.1,Very High,0.985
12771694644,restorativeness,0.1,Very High,0.985
12771694687,restorativeness,0.1,Very High,0.97
12771694732,restorativeness,0.1,Very High,0.985
12771694752,restorativeness,0.1,Very High,0.99
12772010345,restorativeness,0.1,Very High,1.0
12772010372,restorativeness,0.1,Very High,0.985
12772010404,restorativeness,0.1,Very High,1.0
12772010426,restorativeness,0.1,Very High,1.0
12772010458,restorativeness,0.1,Very High,0.99
12772201879,restorativeness,0.1,Very High,0.965
12772205501,restorativeness,0.1,Very High,0.99
12772205558,restorativeness,0.1,Very High,0.99
12772205592,restorativeness,0.1,Very High,1.0
12772323421,restorativeness,0.1,Very High,0.995
12772323475,restorativeness,0.1,Very High,1.0
12772323481,restorativeness,0.1,Very High,0.98
12772323490,restorativeness,0.1,Very High,0.965
12773100949,restorativeness,0.1,High,0.65
12773100956,restorativeness,0.1,Medium,0.63
12785384650,restorativeness,0.1,Very High,0.995
12785384659,restorativeness,0.1,Very High,0.995
12785384685,restorativeness,0.1,Very High,0.995
12786327363,restorativeness,0.1,Very High,1.0
12786327381,restorativeness,0.1,Very High,0.99
12786327436,restorativeness,0.1,Very High,0.9
12786361567,restorativeness,0.1,Very High,0.995
12786361574,restorativeness,0.1,Very High,0.975
12786367939,restorativeness,0.1,Very High,0.99
12787592445,restorativeness,0.1,Very High,0.995
12787592471,restorativeness,0.1,Very High,0.995
12787592490,restorativeness,0.1,Very High,1.0
12787672087,restorativeness,0.1,Very High,1.0
12787726771,restorativeness,0.1,Very High,1.0
12787726787,restorativeness,0.1,Very High,0.985
12787737318,restorativeness,0.1,Very High,1.0
12787737325,restorativeness,0.1,Very High,0.995
12787737345,restorativeness,0.1,Very High,1.0
12787823749,restorativeness,0.1,Very High,0.995
12787823768,restorativeness,0.1,Very High,0.99
12787864222,restorativeness,0.1,Very High,0.995
12787864239,restorativeness,0.1,Very High,0.995
12787935017,restorativeness,0.1,Very High,0.995
12787935022,restorativeness,0.1,Very High,0.96
12787935047,restorativeness,0.1,Very High,0.91
12787935056,restorativeness,0.1,Very High,0.98
12787935076,restorativeness,0.1,Very High,0.945
12787935104,restorativeness,0.1,Very High,0.985
12787935194,restorativeness,0.1,Very High,0.785
12787997706,restorativeness,0.1,Very High,1.0
12787997801,restorativeness,0.1,Very High,0.985
12787997805,restorativeness,0.1,Very High,0.99
12789133026,restorativeness,0.1,Very High,1.0
12791177432,restorativeness,0.1,Very High,0.995
12791177444,restorativeness,0.1,Very High,0.995
12791177463,restorativeness,0.1,Very High,0.995
12791253876,restorativeness,0.1,Very High,1.0
12791265022,restorativeness,0.1,Very High,0.995
12791265101,restorativeness,0.1,Very High,0.995
12791325268,restorativeness,0.1,Very High,0.99
12791325276,restorativeness,0.1,Very High,1.0
12791325293,restorativeness,0.1,Very High,0.995
12791335403,restorativeness,0.1,Very High,0.99
12791335431,restorativeness,0.1,Very High,0.995
12791335454,restorativeness,0.1,Very High,0.99
12791485952,restorativeness,0.1,Very High,1.0
12791848834,restorativeness,0.1,Very High,0.99
12791848872,restorativeness,0.1,Very High,1.0
12791848898,restorativeness,0.1,Very High,0.95
12791882649,restorativeness,0.1,Very High,0.97
12791882728,restorativeness,0.1,Very High,0.99
12792079684,restorativeness,0.1,Very High,1.0
12792117626,restorativeness,0.1,Very High,0.98
12795862183,restorativeness,0.1,High,0.765
12795913106,restorativeness,0.1,High,0.635
12795913118,restorativeness,0.1,High,0.8
12795913160,restorativeness,0.1,High,0.83
12798426585,restorativeness,0.1,Very High,0.59
12798426588,restorativeness,0.1,Very High,0.55
12798455601,restorativeness,0.1,Very High,0.88
12798455623,restorativeness,0.1,Very High,0.95
12798455652,restorativeness,0.1,Very High,0.95
12798455660,restorativeness,0.1,Very High,0.97
12798455703,restorativeness,0.1,Very High,0.95
12800871737,restorativeness,0.1,Very High,0.56
12800871761,restorativeness,0.1,Very High,0.625
12800871786,restorativeness,0.1,Very High,0.82
12800871799,restorativeness,0.1,Very High,0.9
12800871822,restorativeness,0.1,Very High,0.95
12855417874,restorativeness,0.1,Very High,1.0
12921693543,restorativeness,0.1,Very High,0.99
12921693570,restorativeness,0.1,Very High,0.995
12921693581,restorativeness,0.1,Very High,0.995
13011475507,restorativeness,0.1,Very High,0.99
13036810031,restorativeness,0.1,Very High,1.0
13042739813,restorativeness,0.1,Medium,0.855
13042739816,restorativeness,0.1,High,0.61
13042739818,restorativeness,0.1,High,0.58
13042739839,restorativeness,0.1,Medium,0.545
13048692792,restorativeness,0.1,Very High,1.0
13074470732,restorativeness,0.1,Very High,0.885
13075574229,restorativeness,0.1,Very High,0.99
13075574254,restorativeness,0.1,Very High,0.985
13075574265,restorativeness,0.1,Very High,0.965
13075574515,restorativeness,0.1,Very High,0.985
13075755572,restorativeness,0.1,Very High,0.995
13075891044,restorativeness,0.1,Very High,0.96
13075891052,restorativeness,0.1,Very High,0.98
13075891065,restorativeness,0.1,Very High,0.965
13075891066,restorativeness,0.1,Very High,0.935
13075891072,restorativeness,0.1,Very High,0.975
13192125265,restorativeness,0.1,High,0.64
13192135506,restorativeness,0.1,High,0.515
13192135516,restorativeness,0.1,Medium,0.775
13208903748,restorativeness,0.1,High,0.745
13208903764,restorativeness,0.1,High,0.515
13208903775,restorativeness,0.1,High,0.545
13208903783,restorativeness,0.1,High,0.6
13208903791,restorativeness,0.1,High,0.68
13208925271,restorativeness,0.1,High,0.77
13236897775,restorativeness,0.1,High,0.53
13236897787,restorativeness,0.1,High,0.71
13236897795,restorativeness,0.1,High,0.79
13236903203,restorativeness,0.1,High,0.87
13236903207,restorativeness,0.1,High,0.795
13236903210,restorativeness,0.1,High,0.77
13236903252,restorativeness,0.1,High,0.535
13247989690,restorativeness,0.1,High,0.76
13248031603,restorativeness,0.1,High,0.835
13248789848,restorativeness,0.1,Very High,0.785
13248789863,restorativeness,0.1,Very High,0.775
13248902231,restorativeness,0.1,Very High,0.79
13248902255,restorativeness,0.1,Very High,0.825
13251409772,restorativeness,0.1,Very High,0.915
13251409775,restorativeness,0.1,Very High,0.895
13251427905,restorativeness,0.1,Very High,0.78
13251427910,restorativeness,0.1,Very High,0.78
13266798292,restorativeness,0.1,High,0.66
13266833877,restorativeness,0.1,Very High,0.825
13266833880,restorativeness,0.1,Very High,0.81
13278094142,restorativeness,0.1,Very High,0.935
13283310086,restorativeness,0.1,Very High,0.95
13283345525,restorativeness,0.1,High,0.55
13296601312,restorativeness,0.1,Very High,1.0
13305165223,restorativeness,0.1,High,0.785
13305165239,restorativeness,0.1,Medium,0.94
13305165249,restorativeness,0.1,Medium,0.95
13305165252,restorativeness,0.1,Medium,0.905
13305165253,restorativeness,0.1,Medium,0.92
13305165255,restorativeness,0.1,Medium,0.88
13333585760,restorativeness,0.1,High,0.695
13333594610,restorativeness,0.1,High,0.88
13363313378,restorativeness,0.1,Very High,0.925
13367428598,restorativeness,0.1,Very High,0.98
13476413486,restorativeness,0.1,High,0.765
13476413488,restorativeness,0.1,High,0.8
13476413490,restorativeness,0.1,High,0.82
13476800532,restorativeness,0.1,Very High,0.535
13479352079,restorativeness,0.1,High,0.885
13479352116,restorativeness,0.1,High,0.725
13479352119,restorativeness,0.1,High,0.86
13479352279,restorativeness,0.1,Very High,0.62
13479352298,restorativeness,0.1,High,0.515
13479352323,restorativeness,0.1,Very High,0.61
13479531033,restorativeness,0.1,Very High,0.98
13479531068,restorativeness,0.1,Very High,0.99
13479573156,restorativeness,0.1,High,0.825
13479573162,restorativeness,0.1,Medium,0.795
13479573166,restorativeness,0.1,Medium,0.58
13514569010,restorativeness,0.1,Very High,0.915
13514589346,restorativeness,0.1,Very High,1.0
13522359572,restorativeness,0.1,Very High,0.955
13522359574,restorativeness,0.1,Very High,0.945
13522359578,restorativeness,0.1,Very High,0.95
13522359582,restorativeness,0.1,Very High,0.95
13522386711,restorativeness,0.1,Very High,0.975
13522386715,restorativeness,0.1,Very High,0.97
13522439186,restorativeness,0.1,Very High,1.0
13524533766,restorativeness,0.1,Very High,0.99
13524533780,restorativeness,0.1,Very High,0.935
13524533788,restorativeness,0.1,High,0.945
13526623536,restorativeness,0.1,Very High,1.0
13529411167,restorativeness,0.1,Very High,0.98
13531702855,restorativeness,0.1,High,0.84
13531702857,restorativeness,0.1,High,0.775
13551342571,restorativeness,0.1,Very High,0.965
13556042699,restorativeness,0.1,High,0.585
13556103276,restorativeness,0.1,Medium,0.545
13556103286,restorativeness,0.1,High,0.55
13595807643,restorativeness,0.1,Very High,0.985
13595807668,restorativeness,0.1,Very High,0.925
13634243176,restorativeness,0.1,Very High,0.875
13644950324,restorativeness,0.1,Very High,0.99
13644950365,restorativeness,0.1,Very High,0.98
13652004830,restorativeness,0.1,Very High,1.0
13652004940,restorativeness,0.1,Very High,0.99
13652005057,restorativeness,0.1,Very High,0.975
13652005060,restorativeness,0.1,Very High,0.975
13652005063,restorativeness,0.1,Very High,1.0
13652005108,restorativeness,0.1,Very High,0.98
13652005164,restorativeness,0.1,Very High,0.99
13666609775,restorativeness,0.1,Very High,1.0
13666686522,restorativeness,0.1,Very High,0.995
13690616995,restorativeness,0.1,High,0.55
13690617000,restorativeness,0.1,High,0.655
13801355990,restorativeness,0.1,Very High,1.0
13801398609,restorativeness,0.1,Very High,0.985
13806300921,restorativeness,0.1,Very High,0.935
13810501988,restorativeness,0.1,Medium,0.51
31498903,nutrition,0.02,Medium,0.925
265659781,nutrition,0.02,Medium,0.695
265659817,nutrition,0.02,High,0.995
265659911,nutrition,0.02,High,1.0
265659912,nutrition,0.02,High,1.0
265659916,nutrition,0.02,High,0.995
265659926,nutrition,0.02,High,0.91
265669554,nutrition,0.02,Very High,1.0
265669562,nutrition,0.02,Very High,1.0
291582989,nutrition,0.02,Low,0.965
291584378,nutrition,0.02,Low,0.84
291584384,nutrition,0.02,Low,1.0
291584394,nutrition,0.02,Low,1.0
291584395,nutrition,0.02,Low,1.0
291584412,nutrition,0.02,Low,0.665
291584426,nutrition,0.02,Medium,1.0
291584812,nutrition,0.02,Low,0.84
291585357,nutrition,0.02,Low,1.0
291585468,nutrition,0.02,Low,0.77
291927192,nutrition,0.02,Low,1.0
291927228,nutrition,0.02,Low,1.0
291927260,nutrition,0.02,Low,1.0
291927310,nutrition,0.02,Low,1.0
291927385,nutrition,0.02,Low,1.0
291927461,nutrition,0.02,High,1.0
291950057,nutrition,0.02,Low,1.0
293850002,nutrition,0.02,High,1.0
293850123,nutrition,0.02,Medium,1.0
293850151,nutrition,0.02,Medium,1.0
293851624,nutrition,0.02,High,0.94
293851905,nutrition,0.02,High,0.785
293874114,nutrition,0.02,Medium,0.915
293876118,nutrition,0.02,High,0.995
293876279,nutrition,0.02,High,0.67
293876630,nutrition,0.02,High,1.0
297411543,nutrition,0.02,High,0.62
297414194,nutrition,0.02,Very High,0.925
297414210,nutrition,0.02,High,0.52
297414218,nutrition,0.02,High,1.0
299641717,nutrition,0.02,Very High,1.0
301801838,nutrition,0.02,Very High,1.0
301802251,nutrition,0.02,Very High,1.0
301802471,nutrition,0.02,Very High,1.0
301802511,nutrition,0.02,Very High,1.0
301806842,nutrition,0.02,Very High,1.0
301807418,nutrition,0.02,Very High,1.0
301811627,nutrition,0.02,Very High,1.0
301813602,nutrition,0.02,Very High,1.0
301814428,nutrition,0.02,High,0.99
302742175,nutrition,0.02,Very High,1.0
302742232,nutrition,0.02,Very High,1.0
302742300,nutrition,0.02,Very High,1.0
302742354,nutrition,0.02,Very High,1.0
302742399,nutrition,0.02,Very High,1.0
302742478,nutrition,0.02,Very High,1.0
302742975,nutrition,0.02,Very High,0.78
302743086,nutrition,0.02,Very High,1.0
302743402,nutrition,0.02,High,1.0
302743453,nutrition,0.02,High,1.0
302964118,nutrition,0.02,Medium,0.83
302964224,nutrition,0.02,Very High,0.995
302964252,nutrition,0.02,Very High,1.0
302964263,nutrition,0.02,Very High,1.0
302964281,nutrition,0.02,Very High,1.0
302964287,nutrition,0.02,Very High,1.0
302964815,nutrition,0.02,Very High,1.0
302964821,nutrition,0.02,Very High,1.0
302966012,nutrition,0.02,Very High,1.0
302966023,nutrition,0.02,Very High,1.0
302966036,nutrition,0.02,Very High,1.0
302966068,nutrition,0.02,Very High,1.0
302966075,nutrition,0.02,Very High,1.0
302966095,nutrition,0.02,Very High,1.0
303202278,nutrition,0.02,Very High,0.99
304576406,nutrition,0.02,Very High,1.0
304576474,nutrition,0.02,Very High,1.0
304576505,nutrition,0.02,Very High,1.0
304576529,nutrition,0.02,Very High,1.0
304576588,nutrition,0.02,Very High,1.0
304578785,nutrition,0.02,Very High,1.0
304579917,nutrition,0.02,Very High,0.975
304579937,nutrition,0.02,Very High,1.0
304580057,nutrition,0.02,Very High,1.0
304580241,nutrition,0.02,Very High,1.0
304580242,nutrition,0.02,Very High,1.0
304587571,nutrition,0.02,Very High,0.995
304587695,nutrition,0.02,Very High,1.0
304587716,nutrition,0.02,Very High,0.9
304587734,nutrition,0.02,Very High,1.0
304590295,nutrition,0.02,High,1.0
304591541,nutrition,0.02,High,0.87
304591556,nutrition,0.02,High,0.72
304591613,nutrition,0.02,High,0.715
304591620,nutrition,0.02,Medium,0.57
304594774,nutrition,0.02,High,1.0
304594780,nutrition,0.02,High,1.0
304594797,nutrition,0.02,High,1.0
304594812,nutrition,0.02,High,1.0
304594904,nutrition,0.02,High,1.0
304594909,nutrition,0.02,High,1.0
304596685,nutrition,0.02,High,1.0
304596716,nutrition,0.02,High,1.0
304617231,nutrition,0.02,High,0.695
304618715,nutrition,0.02,High,0.975
304618717,nutrition,0.02,High,0.795
304696625,nutrition,0.02,Very High,1.0
304697331,nutrition,0.02,Very High,0.99
304697339,nutrition,0.02,High,0.69
304697390,nutrition,0.02,Very High,0.7
304697393,nutrition,0.02,High,0.97
304698900,nutrition,0.02,Very High,0.945
304698938,nutrition,0.02,High,0.64
304698973,nutrition,0.02,High,0.56
304698982,nutrition,0.02,Very High,0.915
304699010,nutrition,0.02,High,0.745
304699026,nutrition,0.02,Very High,0.69
304699094,nutrition,0.02,Very High,0.91
304734593,nutrition,0.02,Very High,0.995
304734635,nutrition,0.02,Very High,0.995
304734701,nutrition,0.02,Very High,1.0
304734825,nutrition,0.02,Very High,1.0
304740408,nutrition,0.02,Very High,1.0
304742295,nutrition,0.02,Very High,1.0
304742336,nutrition,0.02,Very High,1.0
304742344,nutrition,0.02,Very High,1.0
304742347,nutrition,0.02,Very High,1.0
304743203,nutrition,0.02,Very High,0.92
304762056,nutrition,0.02,Very High,1.0
304762078,nutrition,0.02,Very High,1.0
304763196,nutrition,0.02,Very High,1.0
304763199,nutrition,0.02,Very High,1.0
304763222,nutrition,0.02,Very High,1.0
304763480,nutrition,0.02,Very High,0.965
304763503,nutrition,0.02,Very High,1.0
304763504,nutrition,0.02,Very High,0.9
304763691,nutrition,0.02,Very High,0.915
304763694,nutrition,0.02,High,0.51
304764048,nutrition,0.02,High,1.0
304764067,nutrition,0.02,High,1.0
304764101,nutrition,0.02,High,1.0
304764136,nutrition,0.02,High,1.0
306146053,nutrition,0.02,High,1.0
306223499,nutrition,0.02,High,1.0
306223896,nutrition,0.02,High,0.77
306223916,nutrition,0.02,High,1.0
306296872,nutrition,0.02,Very High,1.0
306296936,nutrition,0.02,Very High,1.0
306297151,nutrition,0.02,Very High,1.0
306299195,nutrition,0.02,High,0.9
306299246,nutrition,0.02,High,0.78
309848495,nutrition,0.02,Very High,1.0
309852361,nutrition,0.02,Low,1.0
309852363,nutrition,0.02,Low,1.0
309853032,nutrition,0.02,Low,1.0
309853211,nutrition,0.02,Low,1.0
309853247,nutrition,0.02,Low,0.97
309853613,nutrition,0.02,Low,1.0
309853615,nutrition,0.02,Low,1.0
313332541,nutrition,0.02,Very High,1.0
313606728,nutrition,0.02,Very High,1.0
314961291,nutrition,0.02,Very High,0.99
315238582,nutrition,0.02,Very High,0.985
315379816,nutrition,0.02,High,0.795
315379824,nutrition,0.02,Medium,0.61
315379825,nutrition,0.02,Medium,0.96
315381082,nutrition,0.02,High,1.0
315381085,nutrition,0.02,High,1.0
315381086,nutrition,0.02,High,1.0
315381096,nutrition,0.02,High,1.0
315381098,nutrition,0.02,High,1.0
315381272,nutrition,0.02,High,1.0
315381281,nutrition,0.02,High,1.0
315381331,nutrition,0.02,High,1.0
315381332,nutrition,0.02,High,1.0
315381452,nutrition,0.02,High,1.0
315381465,nutrition,0.02,High,0.975
315381751,nutrition,0.02,High,0.94
355011067,nutrition,0.02,Low,0.515
364333977,nutrition,0.02,Very High,1.0
364333981,nutrition,0.02,Very High,1.0
366517702,nutrition,0.02,Very High,1.0
366517772,nutrition,0.02,Very High,1.0
367928605,nutrition,0.02,High,1.0
368031696,nutrition,0.02,Very High,1.0
460352061,nutrition,0.02,Medium,0.965
460353192,nutrition,0.02,Medium,1.0
460353197,nutrition,0.02,Medium,1.0
460370994,nutrition,0.02,High,1.0
460371002,nutrition,0.02,High,1.0
460371535,nutrition,0.02,High,1.0
460371547,nutrition,0.02,High,1.0
460371597,nutrition,0.02,Very High,0.555
460374178,nutrition,0.02,High,0.995
460374206,nutrition,0.02,High,0.735
460384992,nutrition,0.02,Medium,1.0
460384997,nutrition,0.02,Medium,0.985
460385000,nutrition,0.02,Medium,0.825
460811662,nutrition,0.02,High,0.945
460815609,nutrition,0.02,High,1.0
460815980,nutrition,0.02,High,0.885
460831841,nutrition,0.02,High,0.965
460903974,nutrition,0.02,High,0.935
460904225,nutrition,0.02,High,0.955
460913592,nutrition,0.02,High,0.94
460914084,nutrition,0.02,High,1.0
460916521,nutrition,0.02,High,1.0
460927352,nutrition,0.02,High,0.88
460984536,nutrition,0.02,High,1.0
460984908,nutrition,0.02,Medium,1.0
460985089,nutrition,0.02,High,1.0
461001893,nutrition,0.02,High,0.735
461001991,nutrition,0.02,High,0.505
461002074,nutrition,0.02,Medium,0.505
1075548256,nutrition,0.02,High,1.0
1075548260,nutrition,0.02,High,1.0
1075548286,nutrition,0.02,High,1.0
1075548295,nutrition,0.02,High,1.0
1309637796,nutrition,0.02,High,0.895
1309637943,nutrition,0.02,High,0.715
1309638308,nutrition,0.02,Very High,1.0
1309638543,nutrition,0.02,Medium,1.0
1309639202,nutrition,0.02,Medium,1.0
1309639592,nutrition,0.02,Medium,1.0
1320036075,nutrition,0.02,Very High,1.0
1329890078,nutrition,0.02,Very High,1.0
1329890105,nutrition,0.02,Very High,1.0
1329890126,nutrition,0.02,Very High,1.0
1332645340,nutrition,0.02,Very High,0.96
1332668655,nutrition,0.02,High,0.965
1332699889,nutrition,0.02,Very High,0.99
1332719592,nutrition,0.02,Very High,1.0
1332719602,nutrition,0.02,Very High,0.95
1332769856,nutrition,0.02,Very High,1.0
1332775383,nutrition,0.02,Very High,1.0
1332775411,nutrition,0.02,Very High,1.0
1332785497,nutrition,0.02,Very High,1.0
1332790270,nutrition,0.02,Very High,1.0
1333269505,nutrition,0.02,Very High,1.0
1333397832,nutrition,0.02,Very High,1.0
1333404045,nutrition,0.02,Very High,0.995
1333538814,nutrition,0.02,Very High,1.0
1333540158,nutrition,0.02,Very High,0.645
1333555653,nutrition,0.02,High,0.985
1333588095,nutrition,0.02,Very High,1.0
1333605411,nutrition,0.02,Very High,1.0
1333624830,nutrition,0.02,Very High,0.775
1333686363,nutrition,0.02,Very High,1.0
1333752843,nutrition,0.02,Very High,1.0
1333775570,nutrition,0.02,Very High,1.0
1333791624,nutrition,0.02,Very High,0.87
1333799027,nutrition,0.02,Very High,0.9
1333879177,nutrition,0.02,High,0.655
1333925932,nutrition,0.02,Very High,1.0
1333965877,nutrition,0.02,High,0.995
1334351921,nutrition,0.02,Very High,1.0
1334519568,nutrition,0.02,High,0.975
1334519592,nutrition,0.02,High,1.0
1334519617,nutrition,0.02,High,1.0
1334519623,nutrition,0.02,High,1.0
1334519651,nutrition,0.02,High,1.0
1335370854,nutrition,0.02,Very High,0.99
1335400991,nutrition,0.02,Very High,1.0
1335716130,nutrition,0.02,High,0.56
1335716269,nutrition,0.02,High,1.0
1335858522,nutrition,0.02,Very High,1.0
1335900049,nutrition,0.02,High,1.0
1335903101,nutrition,0.02,Very High,1.0
1335936926,nutrition,0.02,Very High,1.0
1335949339,nutrition,0.02,Very High,1.0
1335962684,nutrition,0.02,Very High,1.0
1336450093,nutrition,0.02,Very High,0.995
1336450099,nutrition,0.02,Very High,0.955
1336450118,nutrition,0.02,Very High,1.0
1336481996,nutrition,0.02,Very High,1.0
1336655119,nutrition,0.02,High,0.785
1336672458,nutrition,0.02,Very High,0.91
1336688270,nutrition,0.02,Very High,0.615
1336737682,nutrition,0.02,High,1.0
1336737701,nutrition,0.02,High,1.0
1336737713,nutrition,0.02,High,1.0
1336904969,nutrition,0.02,Very High,1.0
1336911630,nutrition,0.02,Very High,1.0
1337032073,nutrition,0.02,Very High,0.845
1337086021,nutrition,0.02,High,0.53
1337104625,nutrition,0.02,High,0.515
1416167195,nutrition,0.02,High,0.67
1416167197,nutrition,0.02,High,0.81
1456255195,nutrition,0.02,Very High,1.0
1482300049,nutrition,0.02,Very High,0.64
1499300917,nutrition,0.02,High,1.0
1515277205,nutrition,0.02,Low,1.0
1515277209,nutrition,0.02,Low,1.0
1515277210,nutrition,0.02,Low,1.0
1515278363,nutrition,0.02,Low,0.995
1517776311,nutrition,0.02,Medium,1.0
1517780065,nutrition,0.02,Medium,0.71
1517799702,nutrition,0.02,Very High,1.0
1517894265,nutrition,0.02,Very High,1.0
1517894389,nutrition,0.02,Very High,1.0
1518680309,nutrition,0.02,Very High,0.925
1519301970,nutrition,0.02,High,0.965
1520083271,nutrition,0.02,Very High,1.0
1520083698,nutrition,0.02,Very High,1.0
1521099820,nutrition,0.02,Very High,1.0
1524484562,nutrition,0.02,High,0.735
1554374469,nutrition,0.02,Medium,1.0
1554374555,nutrition,0.02,Medium,1.0
1554374565,nutrition,0.02,Medium,1.0
1554374588,nutrition,0.02,Medium,1.0
1554374598,nutrition,0.02,Medium,1.0
1554374611,nutrition,0.02,Medium,1.0
1554374648,nutrition,0.02,Medium,0.925
1576984303,nutrition,0.02,Medium,0.94
1576984320,nutrition,0.02,Very High,0.815
1576987630,nutrition,0.02,High,0.97
1577002117,nutrition,0.02,Very High,1.0
1577002120,nutrition,0.02,Very High,0.99
1577003431,nutrition,0.02,High,0.745
1577003435,nutrition,0.02,Very High,0.89
1577003436,nutrition,0.02,High,0.955
1582411346,nutrition,0.02,Very High,1.0
1582420933,nutrition,0.02,Very High,1.0
1601530424,nutrition,0.02,Very High,1.0
1607732821,nutrition,0.02,High,1.0
1607732898,nutrition,0.02,Medium,0.975
1607732969,nutrition,0.02,Medium,1.0
1607732991,nutrition,0.02,High,1.0
1607870522,nutrition,0.02,Medium,1.0
1634571340,nutrition,0.02,High,0.905
1634571342,nutrition,0.02,High,0.975
1634571498,nutrition,0.02,High,0.81
1646145198,nutrition,0.02,Very High,0.515
1654943890,nutrition,0.02,Very High,0.82
1655958419,nutrition,0.02,High,0.695
1656878955,nutrition,0.02,Low,0.995
1656879008,nutrition,0.02,Low,1.0
1669281897,nutrition,0.02,Very High,0.99
1669281972,nutrition,0.02,Very High,0.995
1669385096,nutrition,0.02,Very High,0.995
1669391017,nutrition,0.02,Very High,0.665
1670467950,nutrition,0.02,Very High,1.0
1670774501,nutrition,0.02,High,0.995
1671052660,nutrition,0.02,Very High,1.0
1671052676,nutrition,0.02,Very High,1.0
1671107675,nutrition,0.02,Very High,1.0
1673201108,nutrition,0.02,Very High,1.0
1673398526,nutrition,0.02,Very High,1.0
1674550443,nutrition,0.02,Very High,1.0
1674550549,nutrition,0.02,Very High,1.0
1674798928,nutrition,0.02,Very High,1.0
1674798941,nutrition,0.02,Very High,1.0
1674799108,nutrition,0.02,Very High,1.0
1675779149,nutrition,0.02,Very High,1.0
1675787981,nutrition,0.02,Very High,1.0
1676722898,nutrition,0.02,Very High,1.0
1676723004,nutrition,0.02,High,1.0
1676723049,nutrition,0.02,Very High,1.0
1676723117,nutrition,0.02,Very High,1.0
1676857165,nutrition,0.02,Very High,1.0
1676874935,nutrition,0.02,Very High,1.0
1676930741,nutrition,0.02,Very High,1.0
1676930747,nutrition,0.02,Very High,1.0
1677395629,nutrition,0.02,Very High,1.0
1678144337,nutrition,0.02,Very High,1.0
1679571341,nutrition,0.02,Very High,1.0
1680813066,nutrition,0.02,Very High,1.0
1680817595,nutrition,0.02,Very High,1.0
1683133784,nutrition,0.02,Very High,0.965
1683149343,nutrition,0.02,Very High,0.91
1683419392,nutrition,0.02,High,0.9
1683419476,nutrition,0.02,Very High,0.98
1683419518,nutrition,0.02,Very High,0.99
1683530161,nutrition,0.02,High,0.96
1683616583,nutrition,0.02,Very High,0.95
1683616632,nutrition,0.02,Very High,0.995
1684754778,nutrition,0.02,High,0.97
1684754783,nutrition,0.02,High,0.98
1686023369,nutrition,0.02,Very High,0.95
1687418211,nutrition,0.02,High,1.0
1687702106,nutrition,0.02,Very High,0.73
1687705213,nutrition,0.02,Very High,0.985
1688374316,nutrition,0.02,High,1.0
1688374447,nutrition,0.02,High,1.0
1688374494,nutrition,0.02,High,1.0
1688374515,nutrition,0.02,High,0.875
1688401743,nutrition,0.02,High,1.0
1691714738,nutrition,0.02,Very High,1.0
1691892263,nutrition,0.02,High,0.87
1692037020,nutrition,0.02,High,1.0
1692037033,nutrition,0.02,High,1.0
1692448608,nutrition,0.02,Very High,0.64
1692448628,nutrition,0.02,High,0.905
1693050615,nutrition,0.02,High,1.0
1693307316,nutrition,0.02,Very High,1.0
1695229413,nutrition,0.02,Very High,1.0
1696284480,nutrition,0.02,Very High,1.0
1696297242,nutrition,0.02,Very High,0.885
1719680117,nutrition,0.02,Very High,0.995
1727511203,nutrition,0.02,Very High,0.945
1733233982,nutrition,0.02,Medium,0.995
1733233984,nutrition,0.02,Medium,1.0
1733234004,nutrition,0.02,Medium,1.0
1733234015,nutrition,0.02,Medium,1.0
1733234018,nutrition,0.02,Medium,0.995
1733234033,nutrition,0.02,Medium,1.0
1733234057,nutrition,0.02,Low,1.0
1733259450,nutrition,0.02,Low,1.0
1733259455,nutrition,0.02,Low,1.0
1739321161,nutrition,0.02,High,0.945
1748744712,nutrition,0.02,High,1.0
1748744790,nutrition,0.02,High,1.0
1748752437,nutrition,0.02,High,1.0
1748752554,nutrition,0.02,High,1.0
1748789991,nutrition,0.02,High,1.0
1750283342,nutrition,0.02,Very High,1.0
1752677525,nutrition,0.02,High,1.0
1752677708,nutrition,0.02,High,1.0
1752939244,nutrition,0.02,High,1.0
1752979743,nutrition,0.02,High,0.99
1752979813,nutrition,0.02,High,1.0
1752991477,nutrition,0.02,High,1.0
1753033755,nutrition,0.02,High,1.0
1753739585,nutrition,0.02,High,1.0
1755882802,nutrition,0.02,Very High,0.915
1758174742,nutrition,0.02,High,0.915
1762006333,nutrition,0.02,Very High,0.985
1762006353,nutrition,0.02,Very High,0.87
1762166889,nutrition,0.02,Very High,0.805
1762166903,nutrition,0.02,Very High,0.97
1762177612,nutrition,0.02,Very High,1.0
1767838635,nutrition,0.02,High,1.0
1771412280,nutrition,0.02,High,1.0
1783311722,nutrition,0.02,Medium,1.0
1821516873,nutrition,0.02,High,0.855
1833995997,nutrition,0.02,High,0.935
1912111979,nutrition,0.02,High,1.0
1959410503,nutrition,0.02,High,0.935
1959410634,nutrition,0.02,High,1.0
1976182212,nutrition,0.02,Very High,1.0
1976182230,nutrition,0.02,Very High,1.0
2048787814,nutrition,0.02,Very High,0.945
2102252140,nutrition,0.02,Very High,1.0
2140190743,nutrition,0.02,Very High,1.0
2161358988,nutrition,0.02,Very High,0.99
2161369349,nutrition,0.02,Very High,0.975
2161371310,nutrition,0.02,Very High,1.0
2307384385,nutrition,0.02,Very High,1.0
2400326002,nutrition,0.02,Very High,1.0
2422262678,nutrition,0.02,Very High,1.0
2433711113,nutrition,0.02,High,0.64
2433722241,nutrition,0.02,Very High,0.995
2537637988,nutrition,0.02,Medium,0.88
2537637993,nutrition,0.02,Medium,0.95
2537637997,nutrition,0.02,Medium,0.995
2537638001,nutrition,0.02,Medium,1.0
2537638005,nutrition,0.02,Medium,0.995
2537638007,nutrition,0.02,Medium,1.0
2537638090,nutrition,0.02,Medium,0.91
2537638091,nutrition,0.02,High,0.62
2537638093,nutrition,0.02,High,0.955
2537638095,nutrition,0.02,High,1.0
2543618332,nutrition,0.02,Very High,1.0
2550866372,nutrition,0.02,High,1.0
2550866427,nutrition,0.02,High,1.0
2550989572,nutrition,0.02,Very High,0.945
2551007719,nutrition,0.02,High,1.0
2551007746,nutrition,0.02,High,0.81
2551007757,nutrition,0.02,Medium,0.58
2551007781,nutrition,0.02,High,0.55
2551031955,nutrition,0.02,Very High,0.75
2552400217,nutrition,0.02,Very High,1.0
2624681386,nutrition,0.02,Low,1.0
2655580318,nutrition,0.02,Very High,1.0
2716878303,nutrition,0.02,Very High,0.57
2814813324,nutrition,0.02,High,0.985
2814816868,nutrition,0.02,High,1.0
2817142002,nutrition,0.02,High,1.0
2817144587,nutrition,0.02,High,0.995
2817153807,nutrition,0.02,High,0.845
2817167063,nutrition,0.02,Very High,1.0
2817246341,nutrition,0.02,Very High,1.0
2817659494,nutrition,0.02,Very High,0.98
2822871751,nutrition,0.02,Medium,1.0
2833044701,nutrition,0.02,High,0.635
2833058304,nutrition,0.02,High,1.0
2833058401,nutrition,0.02,High,1.0
2842383207,nutrition,0.02,Very High,0.84
2844479897,nutrition,0.02,High,1.0
2844479900,nutrition,0.02,Very High,0.99
2853259828,nutrition,0.02,Very High,1.0
2939669839,nutrition,0.02,Very High,1.0
2948657263,nutrition,0.02,High,1.0
2971775879,nutrition,0.02,Very High,0.94
3078449760,nutrition,0.02,Very High,1.0
3078449799,nutrition,0.02,Very High,1.0
3129277334,nutrition,0.02,Very High,1.0
3363528669,nutrition,0.02,Very High,0.975
3375251445,nutrition,0.02,Very High,1.0
3430936974,nutrition,0.02,Medium,1.0
3430936979,nutrition,0.02,Medium,0.99
3430936987,nutrition,0.02,Medium,0.995
3430942196,nutrition,0.02,Medium,1.0
3430942200,nutrition,0.02,Medium,0.995
3430942206,nutrition,0.02,Medium,0.965
3529181723,nutrition,0.02,Very High,1.0
3577241309,nutrition,0.02,Very High,0.93
3586834520,nutrition,0.02,Medium,0.825
3586834543,nutrition,0.02,Medium,0.855
3733079068,nutrition,0.02,Very High,0.995
3758452439,nutrition,0.02,Very High,1.0
3763287838,nutrition,0.02,Low,0.8
3763287855,nutrition,0.02,Low,0.985
3763287856,nutrition,0.02,Low,1.0
3763305372,nutrition,0.02,Low,1.0
3763305379,nutrition,0.02,Low,1.0
3763305380,nutrition,0.02,Low,1.0
3763305790,nutrition,0.02,Low,1.0
3763305791,nutrition,0.02,Very Low,1.0
3763305797,nutrition,0.02,Low,0.855
3763305798,nutrition,0.02,Medium,0.81
3763305805,nutrition,0.02,Low,0.75
3763305822,nutrition,0.02,Very Low,1.0
3763305834,nutrition,0.02,Very Low,1.0
3763305841,nutrition,0.02,Low,1.0
3763305846,nutrition,0.02,Low,1.0
3763309259,nutrition,0.02,Low,1.0
3763309281,nutrition,0.02,Very Low,1.0
3763309286,nutrition,0.02,Very Low,1.0
3763309289,nutrition,0.02,Very Low,1.0
3763309300,nutrition,0.02,Very Low,1.0
3763309301,nutrition,0.02,Low,1.0
3763309314,nutrition,0.02,Low,1.0
3763309316,nutrition,0.02,Very Low,1.0
3763309322,nutrition,0.02,Low,1.0
3763309333,nutrition,0.02,Low,1.0
3763309339,nutrition,0.02,Low,1.0
3763309342,nutrition,0.02,Low,1.0
3763309344,nutrition,0.02,Low,1.0
3763309348,nutrition,0.02,Low,1.0
3763309353,nutrition,0.02,Low,1.0
3763309355,nutrition,0.02,Low,1.0
3763309367,nutrition,0.02,Low,1.0
3763309373,nutrition,0.02,Low,1.0
3763309376,nutrition,0.02,Low,1.0
3763309379,nutrition,0.02,Low,1.0
3763309390,nutrition,0.02,Very Low,1.0
3771849226,nutrition,0.02,Medium,1.0
3771849227,nutrition,0.02,Medium,1.0
3771849228,nutrition,0.02,Medium,1.0
3771849229,nutrition,0.02,Medium,1.0
3806824101,nutrition,0.02,Very High,1.0
3809925650,nutrition,0.02,Very High,1.0
3812548070,nutrition,0.02,Very High,0.995
3816218870,nutrition,0.02,Very High,1.0
3877858786,nutrition,0.02,High,0.97
3961529297,nutrition,0.02,High,0.95
4028348297,nutrition,0.02,Very High,1.0
4038324228,nutrition,0.02,Medium,1.0
4044375747,nutrition,0.02,Very High,0.67
4050345394,nutrition,0.02,Very High,1.0
4050345815,nutrition,0.02,Very High,1.0
4050345950,nutrition,0.02,Very High,1.0
4069942819,nutrition,0.02,Very High,1.0
4071708549,nutrition,0.02,Very High,1.0
4120467620,nutrition,0.02,Very High,0.8
4138094680,nutrition,0.02,Very High,1.0
4228868789,nutrition,0.02,High,0.985
4229026795,nutrition,0.02,Very High,1.0
4229925893,nutrition,0.02,High,0.775
4230313514,nutrition,0.02,High,1.0
4230313555,nutrition,0.02,Very High,0.595
4230353709,nutrition,0.02,High,0.985
4230353759,nutrition,0.02,Very High,0.985
4230354780,nutrition,0.02,Very High,0.85
4230356132,nutrition,0.02,High,1.0
4230356143,nutrition,0.02,Very High,0.965
4230396300,nutrition,0.02,Very High,0.945
4235104793,nutrition,0.02,Very High,1.0
4235120611,nutrition,0.02,Very High,1.0
4235178591,nutrition,0.02,Very High,1.0
4235180094,nutrition,0.02,Very High,1.0
4235185589,nutrition,0.02,Very High,1.0
4235272707,nutrition,0.02,Very High,1.0
4235356889,nutrition,0.02,Very High,1.0
4241728252,nutrition,0.02,Very High,1.0
4241778004,nutrition,0.02,High,0.88
4241778012,nutrition,0.02,High,0.67
4241778023,nutrition,0.02,High,0.68
4241782001,nutrition,0.02,High,0.97
4242571114,nutrition,0.02,High,1.0
4242596805,nutrition,0.02,High,1.0
4242838921,nutrition,0.02,Very High,1.0
4242863366,nutrition,0.02,Very High,0.955
4242864833,nutrition,0.02,Very High,0.995
4242865422,nutrition,0.02,Very High,0.975
4242878102,nutrition,0.02,Very High,1.0
4242887289,nutrition,0.02,Very High,1.0
4242887290,nutrition,0.02,Very High,0.79
4243016495,nutrition,0.02,High,1.0
4244292013,nutrition,0.02,Very High,1.0
4244320393,nutrition,0.02,High,1.0
4244396190,nutrition,0.02,High,0.98
4244396289,nutrition,0.02,Medium,1.0
4244683532,nutrition,0.02,Very High,0.56
4245976092,nutrition,0.02,High,0.655
4259955458,nutrition,0.02,Very High,1.0
4406270890,nutrition,0.02,High,0.785
4406270938,nutrition,0.02,Medium,0.865
4425354702,nutrition,0.02,High,1.0
4557252953,nutrition,0.02,Very High,0.84
4668278614,nutrition,0.02,Medium,1.0
4668278617,nutrition,0.02,Medium,1.0
4668278626,nutrition,0.02,Medium,1.0
4668278636,nutrition,0.02,Medium,1.0
4668278646,nutrition,0.02,Medium,1.0
4668278661,nutrition,0.02,Medium,1.0
4668278663,nutrition,0.02,Low,0.81
4668278668,nutrition,0.02,Low,0.72
4668278674,nutrition,0.02,Low,0.935
4668279609,nutrition,0.02,Low,0.59
4668279619,nutrition,0.02,Medium,1.0
4668279630,nutrition,0.02,Medium,0.8
4668279656,nutrition,0.02,Medium,0.975
4820400254,nutrition,0.02,Medium,1.0
4820400287,nutrition,0.02,Medium,1.0
4820400289,nutrition,0.02,Medium,1.0
4820400291,nutrition,0.02,Medium,1.0
4820400294,nutrition,0.02,Medium,1.0
4820400295,nutrition,0.02,Medium,1.0
4820428243,nutrition,0.02,High,1.0
4820428244,nutrition,0.02,High,0.99
4820428249,nutrition,0.02,High,0.725
4820428252,nutrition,0.02,High,0.805
4820428263,nutrition,0.02,High,0.635
4820428264,nutrition,0.02,High,0.545
4820428266,nutrition,0.02,Medium,0.565
4820428268,nutrition,0.02,High,0.74
4899932460,nutrition,0.02,Medium,1.0
4902689737,nutrition,0.02,Very High,1.0
4902690046,nutrition,0.02,Very High,1.0
5205085828,nutrition,0.02,Very High,1.0
5338115314,nutrition,0.02,High,0.785
5338117821,nutrition,0.02,High,0.525
5359935172,nutrition,0.02,High,0.89
5364017472,nutrition,0.02,High,1.0
5365725281,nutrition,0.02,High,0.605
5412363649,nutrition,0.02,Very High,1.0
5471236076,nutrition,0.02,Very High,1.0
5514396514,nutrition,0.02,High,1.0
5545134740,nutrition,0.02,Very High,1.0
5563872873,nutrition,0.02,Medium,1.0
5563872908,nutrition,0.02,Medium,0.985
5563872945,nutrition,0.02,Medium,0.995
5563872989,nutrition,0.02,Medium,1.0
5578156044,nutrition,0.02,Very High,1.0
5831742595,nutrition,0.02,High,1.0
5972718215,nutrition,0.02,Low,0.995
5974229346,nutrition,0.02,Low,1.0
5974229351,nutrition,0.02,Low,1.0
5974229356,nutrition,0.02,Low,1.0
5974229358,nutrition,0.02,Low,1.0
5974229359,nutrition,0.02,Low,1.0
5974229361,nutrition,0.02,Low,1.0
5974229362,nutrition,0.02,Low,1.0
5974229364,nutrition,0.02,Low,1.0
5974229366,nutrition,0.02,Low,1.0
6034073764,nutrition,0.02,Very High,1.0
6049100072,nutrition,0.02,Very High,1.0
6086073177,nutrition,0.02,High,0.65
6086089286,nutrition,0.02,High,0.955
6086126706,nutrition,0.02,High,1.0
6086126787,nutrition,0.02,High,1.0
6086144463,nutrition,0.02,High,1.0
6086166519,nutrition,0.02,Very High,1.0
6086217569,nutrition,0.02,Very High,1.0
6093047863,nutrition,0.02,High,1.0
6093047884,nutrition,0.02,High,1.0
6093049092,nutrition,0.02,High,1.0
6093049103,nutrition,0.02,High,1.0
6093049135,nutrition,0.02,High,1.0
6093049202,nutrition,0.02,High,1.0
6093049238,nutrition,0.02,High,1.0
6093049257,nutrition,0.02,High,1.0
6093049270,nutrition,0.02,High,1.0
6093049280,nutrition,0.02,High,1.0
6093049289,nutrition,0.02,High,0.99
6093049298,nutrition,0.02,High,0.935
6093049326,nutrition,0.02,High,1.0
6093054716,nutrition,0.02,High,0.995
6093054724,nutrition,0.02,High,1.0
6106890865,nutrition,0.02,Very High,1.0
6122292644,nutrition,0.02,Very High,1.0
6131677268,nutrition,0.02,Very High,1.0
6149496208,nutrition,0.02,Very High,1.0
6149519804,nutrition,0.02,High,0.72
6149527865,nutrition,0.02,Very High,1.0
6149567917,nutrition,0.02,High,1.0
6149567919,nutrition,0.02,High,1.0
6167688903,nutrition,0.02,Very High,1.0
6168445900,nutrition,0.02,Very High,1.0
6168445916,nutrition,0.02,Very High,1.0
6170668966,nutrition,0.02,Very High,0.62
6188306586,nutrition,0.02,High,0.575
6229927409,nutrition,0.02,High,1.0
6247994297,nutrition,0.02,Very High,1.0
6267835216,nutrition,0.02,High,1.0
6293681656,nutrition,0.02,High,1.0
6300295619,nutrition,0.02,Medium,0.995
6305779529,nutrition,0.02,Very High,1.0
6328984333,nutrition,0.02,Very Low,1.0
6328984371,nutrition,0.02,Medium,0.835
6328984486,nutrition,0.02,Low,1.0
6328984493,nutrition,0.02,Low,1.0
6328984495,nutrition,0.02,Low,1.0
6339832471,nutrition,0.02,High,1.0
6339861223,nutrition,0.02,Very High,1.0
6369822475,nutrition,0.02,Very High,1.0
6372602414,nutrition,0.02,Low,1.0
6372602415,nutrition,0.02,Low,1.0
6372602417,nutrition,0.02,Low,1.0
6372602420,nutrition,0.02,Low,1.0
6403547181,nutrition,0.02,High,1.0
6418907296,nutrition,0.02,Very High,1.0
6440467754,nutrition,0.02,Very High,1.0
6491703571,nutrition,0.02,Very High,1.0
6524156244,nutrition,0.02,Very High,1.0
6533862314,nutrition,0.02,High,1.0
6533862318,nutrition,0.02,High,1.0
6533862335,nutrition,0.02,High,1.0
6535742408,nutrition,0.02,Very High,1.0
6539916754,nutrition,0.02,Very High,0.975
6643065710,nutrition,0.02,Medium,1.0
6667967517,nutrition,0.02,High,1.0
6681110385,nutrition,0.02,High,0.965
6775487582,nutrition,0.02,Medium,0.735
6775526307,nutrition,0.02,Low,0.89
6775526314,nutrition,0.02,Low,0.96
6789185270,nutrition,0.02,Very High,1.0
6789225156,nutrition,0.02,Medium,1.0
6789225172,nutrition,0.02,Medium,1.0
6789225180,nutrition,0.02,Medium,1.0
6789233492,nutrition,0.02,Medium,1.0
6882629397,nutrition,0.02,High,1.0
6948798797,nutrition,0.02,Medium,0.995
6948798804,nutrition,0.02,Medium,0.99
6948798835,nutrition,0.02,Medium,0.785
6975211183,nutrition,0.02,High,1.0
6989876509,nutrition,0.02,High,0.905
6990075663,nutrition,0.02,High,0.795
7007083454,nutrition,0.02,Medium,0.575
7088110119,nutrition,0.02,High,0.86
7176218411,nutrition,0.02,Very High,1.0
7177787606,nutrition,0.02,Very High,1.0
7190872700,nutrition,0.02,Very High,1.0
7354564223,nutrition,0.02,High,1.0
7354564228,nutrition,0.02,Medium,1.0
7389770068,nutrition,0.02,Very High,1.0
7466695670,nutrition,0.02,Very High,1.0
7522989639,nutrition,0.02,Very High,1.0
7548883046,nutrition,0.02,Very High,1.0
7580315774,nutrition,0.02,Very High,0.6
7580324942,nutrition,0.02,High,0.855
7620412418,nutrition,0.02,High,0.975
7620412456,nutrition,0.02,High,1.0
7620412461,nutrition,0.02,High,1.0
7620412463,nutrition,0.02,High,0.96
7620412466,nutrition,0.02,High,0.99
7620415576,nutrition,0.02,High,1.0
7728499328,nutrition,0.02,High,0.945
7728503183,nutrition,0.02,High,1.0
7728529801,nutrition,0.02,High,0.97
7804547542,nutrition,0.02,Very High,1.0
7806121149,nutrition,0.02,High,0.605
7806507940,nutrition,0.02,Very High,1.0
7843321033,nutrition,0.02,Very High,0.92
7843321060,nutrition,0.02,Very High,1.0
7928005193,nutrition,0.02,Very High,1.0
7928451499,nutrition,0.02,Very High,1.0
7948289895,nutrition,0.02,High,1.0
7951767470,nutrition,0.02,Medium,0.96
7951830085,nutrition,0.02,High,1.0
7984593307,nutrition,0.02,Very High,1.0
7992368574,nutrition,0.02,High,1.0
8018283664,nutrition,0.02,High,0.995
8022340239,nutrition,0.02,Very High,1.0
8059272794,nutrition,0.02,High,0.505
8059295526,nutrition,0.02,Medium,0.955
8084750575,nutrition,0.02,Low,1.0
8084750600,nutrition,0.02,Low,1.0
8142670295,nutrition,0.02,High,1.0
8147088870,nutrition,0.02,Very High,1.0
8147088890,nutrition,0.02,Very High,1.0
8168293420,nutrition,0.02,Very High,1.0
8168293435,nutrition,0.02,High,1.0
8234265720,nutrition,0.02,High,0.99
8241311678,nutrition,0.02,Very High,1.0
8241311694,nutrition,0.02,Very High,1.0
8294058522,nutrition,0.02,Very High,0.98
8297117023,nutrition,0.02,Very High,0.995
8305267971,nutrition,0.02,High,1.0
8443711109,nutrition,0.02,High,0.95
8443712648,nutrition,0.02,High,1.0
8467708169,nutrition,0.02,High,1.0
8467801131,nutrition,0.02,High,0.97
8486417293,nutrition,0.02,Very High,1.0
8522652431,nutrition,0.02,Very High,1.0
8522652463,nutrition,0.02,Very High,1.0
8522653656,nutrition,0.02,Very High,1.0
8567992266,nutrition,0.02,Medium,0.54
8567992271,nutrition,0.02,High,0.79
8567992275,nutrition,0.02,Medium,0.65
8567992285,nutrition,0.02,High,0.755
8567992299,nutrition,0.02,High,1.0
8567992305,nutrition,0.02,High,1.0
8778951943,nutrition,0.02,Very High,1.0
8844588991,nutrition,0.02,Very High,0.6
8844592428,nutrition,0.02,Very High,1.0
8844592439,nutrition,0.02,Very High,1.0
8844712057,nutrition,0.02,Very High,1.0
8846476720,nutrition,0.02,Medium,1.0
9094677321,nutrition,0.02,Very High,1.0
9095905603,nutrition,0.02,High,1.0
9095921431,nutrition,0.02,High,0.9
9095921437,nutrition,0.02,High,0.995
9121937519,nutrition,0.02,Very High,1.0
9135617631,nutrition,0.02,Very High,1.0
9171427497,nutrition,0.02,High,1.0
9171480571,nutrition,0.02,High,1.0
9186394286,nutrition,0.02,High,0.575
9207623051,nutrition,0.02,Very High,1.0
9248007099,nutrition,0.02,Very Low,1.0
9248011848,nutrition,0.02,Low,1.0
9248011886,nutrition,0.02,Low,1.0
9248011935,nutrition,0.02,Very Low,1.0
9248011945,nutrition,0.02,Low,1.0
9257313084,nutrition,0.02,Very High,1.0
9257414624,nutrition,0.02,High,1.0
9357775630,nutrition,0.02,Very High,1.0
9357775659,nutrition,0.02,Very High,0.995
9357775687,nutrition,0.02,Very High,0.885
9372925151,nutrition,0.02,Very High,1.0
9396648001,nutrition,0.02,Very High,0.89
9396648012,nutrition,0.02,High,0.875
9396649419,nutrition,0.02,High,1.0
9417741857,nutrition,0.02,Very High,1.0
9433347881,nutrition,0.02,Very High,1.0
9466272405,nutrition,0.02,Very High,1.0
9466602046,nutrition,0.02,High,0.98
9532841658,nutrition,0.02,Very High,0.96
9549302175,nutrition,0.02,Very High,1.0
9602633511,nutrition,0.02,Medium,0.995
9602657046,nutrition,0.02,Low,1.0
9602693150,nutrition,0.02,Medium,1.0
9602777529,nutrition,0.02,Medium,1.0
9602777532,nutrition,0.02,Medium,1.0
9603355735,nutrition,0.02,Very High,0.905
9612873590,nutrition,0.02,Very High,1.0
9626133225,nutrition,0.02,High,0.835
9628975662,nutrition,0.02,Low,0.775
9635553182,nutrition,0.02,Very High,1.0
9683257699,nutrition,0.02,Very High,0.655
9796684622,nutrition,0.02,Very High,1.0
9796684639,nutrition,0.02,Very High,1.0
9796684645,nutrition,0.02,Very High,1.0
9798318356,nutrition,0.02,Very High,0.98
9820783351,nutrition,0.02,High,0.71
9834075289,nutrition,0.02,Very High,1.0
9860535827,nutrition,0.02,Very High,1.0
9922114735,nutrition,0.02,Very High,1.0
9949070594,nutrition,0.02,Very High,0.62
9966846106,nutrition,0.02,Medium,1.0
9966846108,nutrition,0.02,Medium,1.0
10092095611,nutrition,0.02,High,1.0
10159726486,nutrition,0.02,Very High,0.995
10174676167,nutrition,0.02,Low,1.0
10174676168,nutrition,0.02,Low,1.0
10174676170,nutrition,0.02,Low,1.0
10174676178,nutrition,0.02,Low,1.0
10174676187,nutrition,0.02,Low,1.0
10174676192,nutrition,0.02,Low,1.0
10174676201,nutrition,0.02,Low,1.0
10174676208,nutrition,0.02,Low,1.0
10174676211,nutrition,0.02,Low,1.0
10174676212,nutrition,0.02,Low,1.0
10174676216,nutrition,0.02,Low,0.59
10174708518,nutrition,0.02,Low,0.87
10174708523,nutrition,0.02,Low,0.945
10174708525,nutrition,0.02,Low,0.995
10174708529,nutrition,0.02,Low,1.0
10174708532,nutrition,0.02,Low,1.0
10174708534,nutrition,0.02,Low,1.0
10174708535,nutrition,0.02,Low,1.0
10174708536,nutrition,0.02,Low,1.0
10174708537,nutrition,0.02,Low,1.0
10174708540,nutrition,0.02,Low,1.0
10174708544,nutrition,0.02,Low,1.0
10174708566,nutrition,0.02,Low,1.0
10174708568,nutrition,0.02,Low,1.0
10174708577,nutrition,0.02,Low,1.0
10174708580,nutrition,0.02,Low,1.0
10174708582,nutrition,0.02,Low,0.97
10174708588,nutrition,0.02,Medium,0.595
10174708602,nutrition,0.02,Low,1.0
10174708620,nutrition,0.02,Low,1.0
10174708624,nutrition,0.02,Low,1.0
10174708672,nutrition,0.02,Low,0.995
10174708679,nutrition,0.02,Low,1.0
10174708682,nutrition,0.02,Low,1.0
10174708684,nutrition,0.02,Low,1.0
10174708707,nutrition,0.02,Very Low,1.0
10174708711,nutrition,0.02,Very Low,1.0
10174708761,nutrition,0.02,Low,1.0
10174708764,nutrition,0.02,Low,1.0
10174708782,nutrition,0.02,Low,1.0
10174708783,nutrition,0.02,Low,1.0
10174708785,nutrition,0.02,Low,1.0
10174708786,nutrition,0.02,Low,1.0
10174708788,nutrition,0.02,Low,1.0
10174708791,nutrition,0.02,Low,1.0
10174708794,nutrition,0.02,Low,1.0
10174708808,nutrition,0.02,Low,0.89
10174708814,nutrition,0.02,Low,1.0
10174708836,nutrition,0.02,Low,0.835
10174708847,nutrition,0.02,Medium,0.595
10182472800,nutrition,0.02,Very High,1.0
10185850417,nutrition,0.02,High,0.83
10185850467,nutrition,0.02,Medium,0.91
10185850495,nutrition,0.02,Medium,0.985
10185850502,nutrition,0.02,Medium,1.0
10185850511,nutrition,0.02,Medium,1.0
10185954636,nutrition,0.02,High,1.0
10185954661,nutrition,0.02,High,0.995
10185954678,nutrition,0.02,High,1.0
10185954765,nutrition,0.02,High,1.0
10262561799,nutrition,0.02,Medium,0.985
10282459032,nutrition,0.02,Very High,1.0
10300286341,nutrition,0.02,Very High,0.99
10690393699,nutrition,0.02,High,1.0
10720924158,nutrition,0.02,High,1.0
10762109688,nutrition,0.02,High,0.8
10764575126,nutrition,0.02,Low,1.0
10764575130,nutrition,0.02,Low,1.0
10764575135,nutrition,0.02,Low,1.0
10764575154,nutrition,0.02,Low,1.0
10764575156,nutrition,0.02,Low,1.0
10764575165,nutrition,0.02,Low,1.0
10765498098,nutrition,0.02,High,0.895
10770607409,nutrition,0.02,Medium,1.0
10770607414,nutrition,0.02,Medium,1.0
10770607428,nutrition,0.02,Medium,1.0
10770607434,nutrition,0.02,Medium,1.0
10770607436,nutrition,0.02,Medium,1.0
10770607437,nutrition,0.02,Medium,1.0
10781466793,nutrition,0.02,Very High,1.0
10782114175,nutrition,0.02,Low,1.0
10782114182,nutrition,0.02,Low,1.0
10782114187,nutrition,0.02,Low,1.0
10782114193,nutrition,0.02,Very Low,1.0
10782165711,nutrition,0.02,Very Low,1.0
10807135391,nutrition,0.02,Very High,1.0
10807185817,nutrition,0.02,Very High,1.0
10807185854,nutrition,0.02,High,1.0
10807185864,nutrition,0.02,Very High,1.0
10820325057,nutrition,0.02,Very High,1.0
10824082848,nutrition,0.02,Very High,1.0
10843102936,nutrition,0.02,Very High,1.0
10852743401,nutrition,0.02,High,0.615
10862625710,nutrition,0.02,Medium,0.945
10862625726,nutrition,0.02,Medium,0.995
10862625742,nutrition,0.02,Medium,0.98
10862625753,nutrition,0.02,Medium,0.65
10862625884,nutrition,0.02,Medium,0.82
10862625891,nutrition,0.02,Medium,0.99
10862625954,nutrition,0.02,Medium,0.765
10862626059,nutrition,0.02,Low,1.0
10862626064,nutrition,0.02,Medium,0.995
10864590116,nutrition,0.02,Low,1.0
10864590160,nutrition,0.02,Medium,1.0
10864590178,nutrition,0.02,Medium,1.0
10864590323,nutrition,0.02,Low,1.0
10864590327,nutrition,0.02,Very Low,1.0
10875049650,nutrition,0.02,High,1.0
10875049654,nutrition,0.02,High,1.0
10875049659,nutrition,0.02,High,1.0
10875049662,nutrition,0.02,High,1.0
10875049663,nutrition,0.02,High,1.0
10875049664,nutrition,0.02,High,1.0
10875049666,nutrition,0.02,High,0.995
10875049670,nutrition,0.02,High,0.995
10889016957,nutrition,0.02,Very High,1.0
10943626000,nutrition,0.02,Medium,1.0
10943669211,nutrition,0.02,Very High,0.915
10948807008,nutrition,0.02,Very High,1.0
10959368177,nutrition,0.02,Medium,1.0
10965183585,nutrition,0.02,High,1.0
10965191125,nutrition,0.02,Very High,0.995
10969345508,nutrition,0.02,Very High,1.0
10969389985,nutrition,0.02,High,0.99
10969869017,nutrition,0.02,High,1.0
10969869130,nutrition,0.02,High,0.945
10969869178,nutrition,0.02,High,0.88
10969885647,nutrition,0.02,High,1.0
10969885650,nutrition,0.02,High,1.0
10970847422,nutrition,0.02,Very High,0.975
10974835618,nutrition,0.02,Medium,1.0
10974835724,nutrition,0.02,Medium,0.99
10983772523,nutrition,0.02,High,1.0
10984439993,nutrition,0.02,Very High,1.0
10984451455,nutrition,0.02,Very High,1.0
10984795464,nutrition,0.02,High,1.0
10989110091,nutrition,0.02,High,1.0
10989630784,nutrition,0.02,High,1.0
10989630785,nutrition,0.02,High,1.0
10989630797,nutrition,0.02,High,0.99
11013707527,nutrition,0.02,Low,1.0
11013707534,nutrition,0.02,Low,1.0
11013707538,nutrition,0.02,Low,1.0
11013707542,nutrition,0.02,Low,1.0
11013707543,nutrition,0.02,Low,1.0
11013707566,nutrition,0.02,Low,1.0
11013707567,nutrition,0.02,Low,0.995
11013707570,nutrition,0.02,Low,1.0
11013707572,nutrition,0.02,Low,0.98
11013707580,nutrition,0.02,Low,0.915
11013707589,nutrition,0.02,Low,0.905
11053698466,nutrition,0.02,Medium,1.0
11053698478,nutrition,0.02,Medium,1.0
11053698485,nutrition,0.02,Medium,0.995
11053698493,nutrition,0.02,Medium,1.0
11061413832,nutrition,0.02,Low,0.985
11061413833,nutrition,0.02,Low,0.975
11061413835,nutrition,0.02,Low,0.995
11061413837,nutrition,0.02,Low,0.98
11061413838,nutrition,0.02,Low,0.98
11061413839,nutrition,0.02,Low,0.99
11061413841,nutrition,0.02,Low,0.995
11061413842,nutrition,0.02,Medium,0.985
11061413844,nutrition,0.02,Medium,0.985
11061413845,nutrition,0.02,Medium,0.98
11061413846,nutrition,0.02,Medium,0.98
11061413848,nutrition,0.02,Medium,0.995
11061413899,nutrition,0.02,Low,1.0
11061419907,nutrition,0.02,Low,1.0
11061419908,nutrition,0.02,Low,0.54
11061419912,nutrition,0.02,Medium,1.0
11066863357,nutrition,0.02,Medium,1.0
11104492426,nutrition,0.02,Very High,1.0
11107400700,nutrition,0.02,Very High,1.0
11113942097,nutrition,0.02,Medium,1.0
11148431254,nutrition,0.02,Very High,1.0
11165605602,nutrition,0.02,High,1.0
11176102247,nutrition,0.02,Very High,0.67
11180649875,nutrition,0.02,Very High,1.0
11190449900,nutrition,0.02,Medium,0.62
11193065877,nutrition,0.02,High,0.875
11212068693,nutrition,0.02,Very High,1.0
11215617881,nutrition,0.02,Medium,0.995
11215617887,nutrition,0.02,Medium,0.97
11215617908,nutrition,0.02,Medium,1.0
11215617910,nutrition,0.02,Medium,0.96
11215617954,nutrition,0.02,Medium,1.0
11243787770,nutrition,0.02,High,0.93
11245254256,nutrition,0.02,Very High,1.0
11258540713,nutrition,0.02,High,0.995
11258540726,nutrition,0.02,High,1.0
11258545243,nutrition,0.02,High,1.0
11258545246,nutrition,0.02,High,1.0
11258545251,nutrition,0.02,High,1.0
11260191606,nutrition,0.02,High,0.97
11274535367,nutrition,0.02,Medium,0.605
11277029428,nutrition,0.02,High,1.0
11277029434,nutrition,0.02,High,1.0
11277029451,nutrition,0.02,High,1.0
11277029459,nutrition,0.02,High,1.0
11288867320,nutrition,0.02,High,0.995
11293289229,nutrition,0.02,High,1.0
11293289233,nutrition,0.02,High,1.0
11293289237,nutrition,0.02,High,1.0
11293289241,nutrition,0.02,High,1.0
11293289243,nutrition,0.02,High,0.895
11293289246,nutrition,0.02,High,0.67
11293289252,nutrition,0.02,High,0.58
11327571894,nutrition,0.02,Very High,1.0
11392399021,nutrition,0.02,Very High,0.665
11396500473,nutrition,0.02,Very High,1.0
11425682923,nutrition,0.02,Very High,1.0
11429972491,nutrition,0.02,High,0.975
11432906135,nutrition,0.02,Low,1.0
11432906138,nutrition,0.02,Low,1.0
11432906142,nutrition,0.02,Low,1.0
11432906145,nutrition,0.02,Low,1.0
11505686908,nutrition,0.02,Very High,0.98
11513820872,nutrition,0.02,High,1.0
11514003490,nutrition,0.02,Medium,1.0
11514003618,nutrition,0.02,Medium,0.985
11514003659,nutrition,0.02,Medium,1.0
11514082203,nutrition,0.02,Very High,1.0
11515987061,nutrition,0.02,Medium,0.93
11515987065,nutrition,0.02,Medium,0.98
11515987069,nutrition,0.02,Medium,0.98
11515987072,nutrition,0.02,Medium,0.96
11515987079,nutrition,0.02,Medium,0.98
11527564842,nutrition,0.02,High,1.0
11527564851,nutrition,0.02,High,1.0
11527564852,nutrition,0.02,High,0.885
11527564867,nutrition,0.02,High,1.0
11532139728,nutrition,0.02,High,0.965
11532523975,nutrition,0.02,High,1.0
11570721023,nutrition,0.02,Low,1.0
11570721025,nutrition,0.02,Low,1.0
11570721027,nutrition,0.02,Low,1.0
11570721029,nutrition,0.02,Low,1.0
11570721034,nutrition,0.02,Low,1.0
11570721036,nutrition,0.02,Low,1.0
11570721037,nutrition,0.02,Low,1.0
11573383967,nutrition,0.02,Low,1.0
11573383984,nutrition,0.02,Low,1.0
11573383997,nutrition,0.02,Low,1.0
11727195684,nutrition,0.02,High,1.0
11727195728,nutrition,0.02,High,0.62
11783501643,nutrition,0.02,High,1.0
11783501650,nutrition,0.02,High,1.0
11783501664,nutrition,0.02,High,0.56
11783501665,nutrition,0.02,Medium,0.66
11783501667,nutrition,0.02,Medium,0.995
11783509275,nutrition,0.02,Medium,1.0
11783509288,nutrition,0.02,Medium,0.57
11783509289,nutrition,0.02,High,0.81
11783509294,nutrition,0.02,High,0.995
11783509298,nutrition,0.02,High,1.0
11783509302,nutrition,0.02,High,1.0
11783509361,nutrition,0.02,High,1.0
11783509365,nutrition,0.02,Medium,0.94
11795188462,nutrition,0.02,High,0.87
11795218787,nutrition,0.02,Very High,1.0
11795218824,nutrition,0.02,Very High,0.96
11795218835,nutrition,0.02,High,0.61
11795264483,nutrition,0.02,Very High,1.0
11795420506,nutrition,0.02,High,0.995
11795420526,nutrition,0.02,High,0.77
11795420545,nutrition,0.02,High,1.0
11802276815,nutrition,0.02,Very High,1.0
11803457978,nutrition,0.02,Very High,0.89
11803458056,nutrition,0.02,High,0.82
11811197853,nutrition,0.02,Very High,1.0
11819306987,nutrition,0.02,Very High,0.995
11821233258,nutrition,0.02,Very High,1.0
11847828107,nutrition,0.02,Very High,0.87
11865664335,nutrition,0.02,Very High,1.0
11868804459,nutrition,0.02,Very High,0.95
11898597265,nutrition,0.02,Very High,0.78
11898597273,nutrition,0.02,Very High,0.63
11898597895,nutrition,0.02,Medium,0.985
11898597910,nutrition,0.02,Medium,1.0
11898725990,nutrition,0.02,Medium,1.0
11898725993,nutrition,0.02,Medium,0.99
11898725998,nutrition,0.02,Medium,1.0
11941854648,nutrition,0.02,Very High,1.0
11941909371,nutrition,0.02,Very High,1.0
11955680768,nutrition,0.02,High,0.905
11992455236,nutrition,0.02,Very High,0.91
12077416339,nutrition,0.02,Very High,1.0
12140293163,nutrition,0.02,Medium,1.0
12146326622,nutrition,0.02,Very High,1.0
12147636333,nutrition,0.02,High,0.845
12148197408,nutrition,0.02,Very High,0.825
12382192929,nutrition,0.02,Very High,1.0
12424652961,nutrition,0.02,High,0.99
12424652965,nutrition,0.02,High,0.51
12430718967,nutrition,0.02,Medium,1.0
12430718982,nutrition,0.02,Medium,1.0
12430718985,nutrition,0.02,Medium,1.0
12430718999,nutrition,0.02,Medium,1.0
12485105673,nutrition,0.02,Very High,1.0
12522995826,nutrition,0.02,High,0.655
12531973896,nutrition,0.02,High,0.93
12531984404,nutrition,0.02,High,1.0
12549478489,nutrition,0.02,Very High,1.0
12549808196,nutrition,0.02,Very High,1.0
12549820321,nutrition,0.02,Very High,1.0
12549820333,nutrition,0.02,Very High,1.0
12549925773,nutrition,0.02,Very High,1.0
12551295536,nutrition,0.02,Very High,1.0
12551295582,nutrition,0.02,Very High,1.0
12551295599,nutrition,0.02,Very High,1.0
12565104409,nutrition,0.02,Very High,1.0
12565104470,nutrition,0.02,Very High,1.0
12595228366,nutrition,0.02,Very High,1.0
12595228399,nutrition,0.02,Very High,1.0
12604059177,nutrition,0.02,Very High,1.0
12604059190,nutrition,0.02,Very High,1.0
12604521706,nutrition,0.02,Very High,1.0
12604521732,nutrition,0.02,Very High,1.0
12607094312,nutrition,0.02,Very High,1.0
12607126625,nutrition,0.02,Very High,0.785
12628688065,nutrition,0.02,Low,1.0
12636319154,nutrition,0.02,Very High,1.0
12636319189,nutrition,0.02,Very High,1.0
12639567742,nutrition,0.02,Very High,1.0
12641784763,nutrition,0.02,High,0.97
12641784775,nutrition,0.02,High,1.0
12644019237,nutrition,0.02,Medium,1.0
12644019263,nutrition,0.02,Low,0.995
12644019265,nutrition,0.02,Low,0.99
12644019272,nutrition,0.02,Low,0.99
12644019281,nutrition,0.02,Low,1.0
12647719174,nutrition,0.02,Low,1.0
12647719175,nutrition,0.02,Low,1.0
12647719259,nutrition,0.02,Low,1.0
12647719261,nutrition,0.02,Low,1.0
12647719262,nutrition,0.02,Low,1.0
12647719263,nutrition,0.02,Low,1.0
12647719265,nutrition,0.02,Low,1.0
12647719266,nutrition,0.02,Low,1.0
12647719354,nutrition,0.02,Low,1.0
12647719356,nutrition,0.02,Low,1.0
12648436039,nutrition,0.02,Low,1.0
12652485851,nutrition,0.02,Very High,0.985
12655832976,nutrition,0.02,Very High,1.0
12655848036,nutrition,0.02,Very High,1.0
12656761390,nutrition,0.02,High,1.0
12656782705,nutrition,0.02,High,1.0
12673454380,nutrition,0.02,Very High,1.0
12684727361,nutrition,0.02,Very High,0.89
12726482693,nutrition,0.02,Very High,0.99
12726512906,nutrition,0.02,Very High,1.0
12726512992,nutrition,0.02,Very High,1.0
12726513023,nutrition,0.02,Very High,1.0
12726513025,nutrition,0.02,Very High,0.995
12728226848,nutrition,0.02,Very High,1.0
12728477228,nutrition,0.02,High,0.99
12728636606,nutrition,0.02,Very High,1.0
12728636634,nutrition,0.02,Very High,1.0
12728664268,nutrition,0.02,Very High,1.0
12728664287,nutrition,0.02,Very High,1.0
12728719280,nutrition,0.02,Very High,0.99
12728785706,nutrition,0.02,Very High,1.0
12729291244,nutrition,0.02,Very High,0.995
12729291602,nutrition,0.02,High,0.63
12729291646,nutrition,0.02,Very High,1.0
12730458390,nutrition,0.02,Very High,1.0
12730458394,nutrition,0.02,Very High,1.0
12730466824,nutrition,0.02,Very High,1.0
12730466882,nutrition,0.02,Very High,0.97
12730528439,nutrition,0.02,Very High,1.0
12730599926,nutrition,0.02,Very High,1.0
12730639856,nutrition,0.02,Very High,1.0
12730738415,nutrition,0.02,Very High,1.0
12730738463,nutrition,0.02,Very High,1.0
12730738485,nutrition,0.02,Very High,1.0
12730738503,nutrition,0.02,Very High,1.0
12730828702,nutrition,0.02,High,1.0
12730828735,nutrition,0.02,High,0.99
12730828762,nutrition,0.02,High,0.605
12731475236,nutrition,0.02,Very High,1.0
12731475289,nutrition,0.02,Very High,1.0
12731491628,nutrition,0.02,Very High,1.0
12731491669,nutrition,0.02,High,0.86
12731491672,nutrition,0.02,High,0.875
12731491675,nutrition,0.02,Very High,0.935
12731719277,nutrition,0.02,Low,0.91
12731719282,nutrition,0.02,Low,0.905
12731719283,nutrition,0.02,Low,0.925
12731719284,nutrition,0.02,Low,0.93
12731719295,nutrition,0.02,Low,0.96
12731728805,nutrition,0.02,Low,0.96
12731728812,nutrition,0.02,Low,0.995
12731728813,nutrition,0.02,Low,1.0
12731728816,nutrition,0.02,Low,0.99
12731728818,nutrition,0.02,Low,0.995
12731728823,nutrition,0.02,Low,0.995
12731728970,nutrition,0.02,Low,0.985
12731728977,nutrition,0.02,Low,0.935
12731728994,nutrition,0.02,Low,1.0
12731729007,nutrition,0.02,Low,1.0
12731729018,nutrition,0.02,Low,1.0
12731729028,nutrition,0.02,Low,1.0
12731729030,nutrition,0.02,Low,1.0
12731729031,nutrition,0.02,Low,1.0
12731729033,nutrition,0.02,Low,1.0
12731729035,nutrition,0.02,Low,1.0
12731729072,nutrition,0.02,Medium,0.895
12731729074,nutrition,0.02,Low,1.0
12731729082,nutrition,0.02,Low,0.99
12731729083,nutrition,0.02,Low,1.0
12731780259,nutrition,0.02,Low,0.99
12731780266,nutrition,0.02,Low,1.0
12731780270,nutrition,0.02,Low,0.99
12731780271,nutrition,0.02,Low,0.99
12731780272,nutrition,0.02,Low,1.0
12731780273,nutrition,0.02,Low,0.99
12731780274,nutrition,0.02,Low,0.995
12731780275,nutrition,0.02,Low,1.0
12731780276,nutrition,0.02,Low,1.0
12731780277,nutrition,0.02,Low,1.0
12731780278,nutrition,0.02,Low,1.0
12731780279,nutrition,0.02,Low,1.0
12731780280,nutrition,0.02,Low,1.0
12731780281,nutrition,0.02,Low,1.0
12731780283,nutrition,0.02,Low,1.0
12732464838,nutrition,0.02,Very High,1.0
12732464868,nutrition,0.02,Very High,1.0
12732693516,nutrition,0.02,Very High,1.0
12732693544,nutrition,0.02,Very High,1.0
12732693552,nutrition,0.02,Very High,1.0
12732693576,nutrition,0.02,Very High,1.0
12732693584,nutrition,0.02,Very High,1.0
12747733868,nutrition,0.02,Low,1.0
12747733871,nutrition,0.02,Low,1.0
12747733875,nutrition,0.02,Low,1.0
12747733879,nutrition,0.02,Low,1.0
12747733881,nutrition,0.02,Low,0.995
12747733882,nutrition,0.02,Low,1.0
12768149294,nutrition,0.02,High,0.99
12768149297,nutrition,0.02,High,0.995
12768197113,nutrition,0.02,High,1.0
12768380983,nutrition,0.02,High,1.0
12768381000,nutrition,0.02,High,0.99
12768401522,nutrition,0.02,Very High,0.76
12768401535,nutrition,0.02,Very High,0.795
12768401563,nutrition,0.02,High,0.9
12768401577,nutrition,0.02,High,0.915
12768401623,nutrition,0.02,High,1.0
12768401656,nutrition,0.02,High,1.0
12768401707,nutrition,0.02,High,1.0
12768401744,nutrition,0.02,High,1.0
12768401747,nutrition,0.02,High,1.0
12768441224,nutrition,0.02,Very High,0.97
12768441236,nutrition,0.02,High,0.945
12768441239,nutrition,0.02,High,0.5
12768441260,nutrition,0.02,High,0.965
12768441270,nutrition,0.02,High,0.89
12768441271,nutrition,0.02,High,1.0
12768725209,nutrition,0.02,High,1.0
12768725273,nutrition,0.02,Very High,0.835
12768725279,nutrition,0.02,Very High,0.98
12768725281,nutrition,0.02,Very High,0.595
12769049385,nutrition,0.02,High,0.825
12769049389,nutrition,0.02,High,0.81
12769824119,nutrition,0.02,Very High,0.98
12769928884,nutrition,0.02,Very High,1.0
12769951096,nutrition,0.02,Very High,1.0
12769998616,nutrition,0.02,Very High,0.995
12769998672,nutrition,0.02,Very High,0.94
12769998680,nutrition,0.02,Very High,0.975
12769998691,nutrition,0.02,Very High,0.995
12769998694,nutrition,0.02,Very High,1.0
12770065682,nutrition,0.02,Very High,1.0
12771693017,nutrition,0.02,High,0.835
12771693046,nutrition,0.02,Very High,1.0
12771693070,nutrition,0.02,Very High,0.865
12771693084,nutrition,0.02,Very High,1.0
12771693099,nutrition,0.02,Very High,1.0
12771694609,nutrition,0.02,Very High,1.0
12771694620,nutrition,0.02,Very High,1.0
12771694644,nutrition,0.02,Very High,1.0
12771694687,nutrition,0.02,Very High,1.0
12771694732,nutrition,0.02,Very High,1.0
12771694752,nutrition,0.02,Very High,0.79
12772010345,nutrition,0.02,Very High,1.0
12772010372,nutrition,0.02,Very High,1.0
12772010404,nutrition,0.02,Very High,1.0
12772010426,nutrition,0.02,Very High,1.0
12772010458,nutrition,0.02,Very High,1.0
12772201879,nutrition,0.02,Very High,0.97
12772205501,nutrition,0.02,Very High,1.0
12772205558,nutrition,0.02,Very High,1.0
12772205592,nutrition,0.02,Very High,1.0
12772323421,nutrition,0.02,Very High,1.0
12772323475,nutrition,0.02,Very High,1.0
12772323481,nutrition,0.02,Very High,1.0
12772323490,nutrition,0.02,Very High,1.0
12773100949,nutrition,0.02,Low,1.0
12773100956,nutrition,0.02,Low,1.0
12785384650,nutrition,0.02,Very High,1.0
12785384659,nutrition,0.02,Very High,1.0
12785384685,nutrition,0.02,Very High,1.0
12786327363,nutrition,0.02,Very High,1.0
12786327381,nutrition,0.02,Very High,1.0
12786327436,nutrition,0.02,High,0.79
12786361567,nutrition,0.02,Very High,1.0
12786361574,nutrition,0.02,Very High,1.0
12786367939,nutrition,0.02,Very High,1.0
12787592445,nutrition,0.02,Very High,1.0
12787592471,nutrition,0.02,Very High,1.0
12787592490,nutrition,0.02,Very High,1.0
12787672087,nutrition,0.02,Very High,1.0
12787726771,nutrition,0.02,Very High,1.0
12787726787,nutrition,0.02,Very High,1.0
12787737318,nutrition,0.02,Very High,1.0
12787737325,nutrition,0.02,Very High,1.0
12787737345,nutrition,0.02,Very High,1.0
12787823749,nutrition,0.02,Very High,1.0
12787823768,nutrition,0.02,Very High,1.0
12787864222,nutrition,0.02,Very High,0.73
12787864239,nutrition,0.02,Very High,1.0
12787935017,nutrition,0.02,Very High,1.0
12787935022,nutrition,0.02,Very High,1.0
12787935047,nutrition,0.02,Very High,1.0
12787935056,nutrition,0.02,Very High,1.0
12787935076,nutrition,0.02,Very High,1.0
12787935104,nutrition,0.02,Very High,1.0
12787935194,nutrition,0.02,Medium,0.595
12787997706,nutrition,0.02,Very High,1.0
12787997801,nutrition,0.02,Very High,1.0
12787997805,nutrition,0.02,Very High,1.0
12789133026,nutrition,0.02,Very High,1.0
12791177432,nutrition,0.02,Very High,1.0
12791177444,nutrition,0.02,Very High,1.0
12791177463,nutrition,0.02,Very High,1.0
12791253876,nutrition,0.02,Very High,1.0
12791265022,nutrition,0.02,Very High,1.0
12791265101,nutrition,0.02,Very High,1.0
12791325268,nutrition,0.02,Very High,1.0
12791325276,nutrition,0.02,Very High,1.0
12791325293,nutrition,0.02,Very High,1.0
12791335403,nutrition,0.02,Very High,1.0
12791335431,nutrition,0.02,Very High,1.0
12791335454,nutrition,0.02,Very High,1.0
12791485952,nutrition,0.02,Very High,1.0
12791848834,nutrition,0.02,High,0.945
12791848872,nutrition,0.02,Very High,0.99
12791848898,nutrition,0.02,Very High,0.945
12791882649,nutrition,0.02,Very High,0.985
12791882728,nutrition,0.02,Very High,1.0
12792079684,nutrition,0.02,Very High,0.97
12792117626,nutrition,0.02,Very High,0.52
12795862183,nutrition,0.02,Medium,0.995
12795913106,nutrition,0.02,Medium,0.925
12795913118,nutrition,0.02,Medium,1.0
12795913160,nutrition,0.02,Medium,1.0
12798426585,nutrition,0.02,High,0.995
12798426588,nutrition,0.02,High,0.995
12798455601,nutrition,0.02,High,1.0
12798455623,nutrition,0.02,High,1.0
12798455652,nutrition,0.02,High,1.0
12798455660,nutrition,0.02,High,0.965
12798455703,nutrition,0.02,High,1.0
12800871737,nutrition,0.02,High,1.0
12800871761,nutrition,0.02,High,1.0
12800871786,nutrition,0.02,High,1.0
12800871799,nutrition,0.02,High,1.0
12800871822,nutrition,0.02,High,1.0
12855417874,nutrition,0.02,Very High,1.0
12921693543,nutrition,0.02,Very High,1.0
12921693570,nutrition,0.02,Very High,1.0
12921693581,nutrition,0.02,Very High,1.0
13011475507,nutrition,0.02,Very High,1.0
13036810031,nutrition,0.02,Very High,1.0
13042739813,nutrition,0.02,Low,0.985
13042739816,nutrition,0.02,Medium,0.97
13042739818,nutrition,0.02,Medium,0.95
13042739839,nutrition,0.02,Medium,0.985
13048692792,nutrition,0.02,Very High,1.0
13074470732,nutrition,0.02,High,1.0
13075574229,nutrition,0.02,Very High,0.95
13075574254,nutrition,0.02,Very High,0.775
13075574265,nutrition,0.02,High,0.995
13075574515,nutrition,0.02,High,0.915
13075755572,nutrition,0.02,Very High,1.0
13075891044,nutrition,0.02,Very High,1.0
13075891052,nutrition,0.02,Very High,1.0
13075891065,nutrition,0.02,Very High,1.0
13075891066,nutrition,0.02,Very High,1.0
13075891072,nutrition,0.02,Very High,1.0
13192125265,nutrition,0.02,Low,1.0
13192135506,nutrition,0.02,Low,1.0
13192135516,nutrition,0.02,Low,0.995
13208903748,nutrition,0.02,Medium,0.94
13208903764,nutrition,0.02,Medium,1.0
13208903775,nutrition,0.02,Medium,0.995
13208903783,nutrition,0.02,Medium,1.0
13208903791,nutrition,0.02,Medium,0.99
13208925271,nutrition,0.02,Medium,0.985
13236897775,nutrition,0.02,Medium,0.99
13236897787,nutrition,0.02,Medium,0.99
13236897795,nutrition,0.02,Medium,1.0
13236903203,nutrition,0.02,Medium,1.0
13236903207,nutrition,0.02,Medium,1.0
13236903210,nutrition,0.02,Medium,1.0
13236903252,nutrition,0.02,Medium,0.995
13247989690,nutrition,0.02,Medium,0.885
13248031603,nutrition,0.02,Medium,0.94
13248789848,nutrition,0.02,High,0.785
13248789863,nutrition,0.02,High,0.65
13248902231,nutrition,0.02,High,0.555
13248902255,nutrition,0.02,High,0.645
13251409772,nutrition,0.02,High,0.815
13251409775,nutrition,0.02,High,0.955
13251427905,nutrition,0.02,High,1.0
13251427910,nutrition,0.02,High,1.0
13266798292,nutrition,0.02,Low,1.0
13266833877,nutrition,0.02,High,0.65
13266833880,nutrition,0.02,High,0.715
13278094142,nutrition,0.02,High,1.0
13283310086,nutrition,0.02,Very High,1.0
13283345525,nutrition,0.02,Medium,0.995
13296601312,nutrition,0.02,Very High,1.0
13305165223,nutrition,0.02,Low,1.0
13305165239,nutrition,0.02,Low,1.0
13305165249,nutrition,0.02,Low,1.0
13305165252,nutrition,0.02,Low,1.0
13305165253,nutrition,0.02,Low,1.0
13305165255,nutrition,0.02,Low,1.0
13333585760,nutrition,0.02,Low,1.0
13333594610,nutrition,0.02,Low,1.0
13363313378,nutrition,0.02,Very High,1.0
13367428598,nutrition,0.02,Very High,0.995
13476413486,nutrition,0.02,Medium,0.99
13476413488,nutrition,0.02,Medium,1.0
13476413490,nutrition,0.02,Medium,1.0
13476800532,nutrition,0.02,Medium,1.0
13479352079,nutrition,0.02,Medium,0.915
13479352116,nutrition,0.02,Medium,1.0
13479352119,nutrition,0.02,Medium,1.0
13479352279,nutrition,0.02,Medium,1.0
13479352298,nutrition,0.02,Medium,1.0
13479352323,nutrition,0.02,Medium,1.0
13479531033,nutrition,0.02,Very High,1.0
13479531068,nutrition,0.02,Very High,1.0
13479573156,nutrition,0.02,Low,1.0
13479573162,nutrition,0.02,Low,0.98
13479573166,nutrition,0.02,Low,1.0
13514569010,nutrition,0.02,Very High,1.0
13514589346,nutrition,0.02,Very High,1.0
13522359572,nutrition,0.02,Very High,1.0
13522359574,nutrition,0.02,Very High,1.0
13522359578,nutrition,0.02,Very High,0.995
13522359582,nutrition,0.02,Very High,1.0
13522386711,nutrition,0.02,Very High,1.0
13522386715,nutrition,0.02,Very High,1.0
13522439186,nutrition,0.02,Very High,1.0
13524533766,nutrition,0.02,Very High,1.0
13524533780,nutrition,0.02,High,1.0
13524533788,nutrition,0.02,Medium,0.56
13526623536,nutrition,0.02,Very High,1.0
13529411167,nutrition,0.02,Very High,1.0
13531702855,nutrition,0.02,Low,1.0
13531702857,nutrition,0.02,Low,1.0
13551342571,nutrition,0.02,High,0.525
13556042699,nutrition,0.02,Low,1.0
13556103276,nutrition,0.02,Low,1.0
13556103286,nutrition,0.02,Low,1.0
13595807643,nutrition,0.02,High,1.0
13595807668,nutrition,0.02,High,1.0
13634243176,nutrition,0.02,High,1.0
13644950324,nutrition,0.02,High,0.895
13644950365,nutrition,0.02,High,0.535
13652004830,nutrition,0.02,High,0.515
13652004940,nutrition,0.02,High,0.66
13652005057,nutrition,0.02,High,0.645
13652005060,nutrition,0.02,Very High,0.735
13652005063,nutrition,0.02,High,0.685
13652005108,nutrition,0.02,High,0.94
13652005164,nutrition,0.02,Very High,0.59
13666609775,nutrition,0.02,Very High,1.0
13666686522,nutrition,0.02,Very High,1.0
13690616995,nutrition,0.02,High,1.0
13690617000,nutrition,0.02,High,0.995
13801355990,nutrition,0.02,Very High,1.0
13801398609,nutrition,0.02,Very High,0.955
13806300921,nutrition,0.02,Very High,1.0
13810501988,nutrition,0.02,Low,1.0
31498903,nutrition,0.05,Medium,0.705
265659781,nutrition,0.05,Medium,0.545
265659817,nutrition,0.05,High,0.88
265659911,nutrition,0.05,High,0.96
265659912,nutrition,0.05,High,0.985
265659916,nutrition,0.05,High,0.91
265659926,nutrition,0.05,High,0.66
265669554,nutrition,0.05,Very High,1.0
265669562,nutrition,0.05,Very High,0.995
291582989,nutrition,0.05,Low,0.775
291584378,nutrition,0.05,Low,0.655
291584384,nutrition,0.05,Low,0.915
291584394,nutrition,0.05,Low,0.99
291584395,nutrition,0.05,Low,0.96
291584412,nutrition,0.05,Low,0.575
291584426,nutrition,0.05,Medium,0.94
291584812,nutrition,0.05,Low,0.62
291585357,nutrition,0.05,Low,0.995
291585468,nutrition,0.05,Low,0.605
291927192,nutrition,0.05,Low,0.925
291927228,nutrition,0.05,Low,0.975
291927260,nutrition,0.05,Low,0.97
291927310,nutrition,0.05,Low,0.89
291927385,nutrition,0.05,Low,0.97
291927461,nutrition,0.05,High,0.985
291950057,nutrition,0.05,Low,0.975
293850002,nutrition,0.05,High,0.79
293850123,nutrition,0.05,Medium,0.935
293850151,nutrition,0.05,Medium,0.995
293851624,nutrition,0.05,High,0.75
293851905,nutrition,0.05,High,0.685
293874114,nutrition,0.05,Medium,0.74
293876118,nutrition,0.05,High,0.8
293876279,nutrition,0.05,High,0.535
293876630,nutrition,0.05,High,0.915
297411543,nutrition,0.05,High,0.615
297414194,nutrition,0.05,Very High,0.65
297414210,nutrition,0.05,High,0.565
297414218,nutrition,0.05,High,0.97
299641717,nutrition,0.05,Very High,1.0
301801838,nutrition,0.05,Very High,1.0
301802251,nutrition,0.05,Very High,1.0
301802471,nutrition,0.05,Very High,1.0
301802511,nutrition,0.05,Very High,1.0
301806842,nutrition,0.05,Very High,1.0
301807418,nutrition,0.05,Very High,1.0
301811627,nutrition,0.05,Very High,0.935
301813602,nutrition,0.05,Very High,0.995
301814428,nutrition,0.05,High,0.815
302742175,nutrition,0.05,Very High,1.0
302742232,nutrition,0.05,Very High,1.0
302742300,nutrition,0.05,Very High,0.91
302742354,nutrition,0.05,Very High,0.98
302742399,nutrition,0.05,Very High,1.0
302742478,nutrition,0.05,Very High,1.0
302742975,nutrition,0.05,Very High,0.635
302743086,nutrition,0.05,Very High,0.92
302743402,nutrition,0.05,High,0.93
302743453,nutrition,0.05,High,0.95
302964118,nutrition,0.05,Medium,0.635
302964224,nutrition,0.05,Very High,0.745
302964252,nutrition,0.05,Very High,0.97
302964263,nutrition,0.05,Very High,0.975
302964281,nutrition,0.05,Very High,0.905
302964287,nutrition,0.05,Very High,1.0
302964815,nutrition,0.05,Very High,1.0
302964821,nutrition,0.05,Very High,1.0
302966012,nutrition,0.05,Very High,1.0
302966023,nutrition,0.05,Very High,1.0
302966036,nutrition,0.05,Very High,0.99
302966068,nutrition,0.05,Very High,0.965
302966075,nutrition,0.05,Very High,1.0
302966095,nutrition,0.05,Very High,0.99
303202278,nutrition,0.05,Very High,0.8
304576406,nutrition,0.05,Very High,1.0
304576474,nutrition,0.05,Very High,1.0
304576505,nutrition,0.05,Very High,0.985
304576529,nutrition,0.05,Very High,1.0
304576588,nutrition,0.05,Very High,0.995
304578785,nutrition,0.05,Very High,0.97
304579917,nutrition,0.05,Very High,0.715
304579937,nutrition,0.05,Very High,0.87
304580057,nutrition,0.05,Very High,0.865
304580241,nutrition,0.05,Very High,0.955
304580242,nutrition,0.05,Very High,0.91
304587571,nutrition,0.05,Very High,0.835
304587695,nutrition,0.05,Very High,0.965
304587716,nutrition,0.05,Very High,0.63
304587734,nutrition,0.05,Very High,0.965
304590295,nutrition,0.05,High,0.975
304591541,nutrition,0.05,High,0.59
304591556,nutrition,0.05,High,0.51
304591613,nutrition,0.05,High,0.565
304591620,nutrition,0.05,Medium,0.595
304594774,nutrition,0.05,High,0.985
304594780,nutrition,0.05,High,0.985
304594797,nutrition,0.05,High,0.995
304594812,nutrition,0.05,High,0.99
304594904,nutrition,0.05,High,0.96
304594909,nutrition,0.05,High,0.95
304596685,nutrition,0.05,High,0.98
304596716,nutrition,0.05,High,0.99
304617231,nutrition,0.05,High,0.66
304618715,nutrition,0.05,High,0.755
304618717,nutrition,0.05,High,0.605
304696625,nutrition,0.05,Very High,0.79
304697331,nutrition,0.05,Very High,0.82
304697339,nutrition,0.05,High,0.565
304697390,nutrition,0.05,Very High,0.545
304697393,nutrition,0.05,High,0.78
304698900,nutrition,0.05,Very High,0.725
304698938,nutrition,0.05,High,0.57
304698973,nutrition,0.05,High,0.55
304698982,nutrition,0.05,Very High,0.68
304699010,nutrition,0.05,High,0.605
304699026,nutrition,0.05,Very High,0.56
304699094,nutrition,0.05,Very High,0.69
304734593,nutrition,0.05,Very High,0.85
304734635,nutrition,0.05,Very High,0.775
304734701,nutrition,0.05,Very High,0.975
304734825,nutrition,0.05,Very High,0.935
304740408,nutrition,0.05,Very High,0.965
304742295,nutrition,0.05,Very High,0.99
304742336,nutrition,0.05,Very High,0.97
304742344,nutrition,0.05,Very High,1.0
304742347,nutrition,0.05,Very High,0.98
304743203,nutrition,0.05,Very High,0.75
304762056,nutrition,0.05,Very High,1.0
304762078,nutrition,0.05,Very High,0.995
304763196,nutrition,0.05,Very High,1.0
304763199,nutrition,0.05,Very High,1.0
304763222,nutrition,0.05,Very High,0.92
304763480,nutrition,0.05,Very High,0.795
304763503,nutrition,0.05,Very High,0.875
304763504,nutrition,0.05,Very High,0.73
304763691,nutrition,0.05,Very High,0.71
304763694,nutrition,0.05,High,0.535
304764048,nutrition,0.05,High,0.99
304764067,nutrition,0.05,High,0.88
304764101,nutrition,0.05,High,0.935
304764136,nutrition,0.05,High,0.96
306146053,nutrition,0.05,High,0.9
306223499,nutrition,0.05,High,0.995
306223896,nutrition,0.05,High,0.585
306223916,nutrition,0.05,High,0.91
306296872,nutrition,0.05,Very High,0.98
306296936,nutrition,0.05,Very High,0.955
306297151,nutrition,0.05,Very High,0.82
306299195,nutrition,0.05,High,0.79
306299246,nutrition,0.05,High,0.71
309848495,nutrition,0.05,Very High,0.93
309852361,nutrition,0.05,Low,0.985
309852363,nutrition,0.05,Low,0.985
309853032,nutrition,0.05,Low,0.91
309853211,nutrition,0.05,Low,0.95
309853247,nutrition,0.05,Low,0.68
309853613,nutrition,0.05,Low,0.98
309853615,nutrition,0.05,Low,0.99
313332541,nutrition,0.05,Very High,0.95
313606728,nutrition,0.05,Very High,0.995
314961291,nutrition,0.05,Very High,0.855
315238582,nutrition,0.05,Very High,0.835
315379816,nutrition,0.05,High,0.59
315379824,nutrition,0.05,Medium,0.63
315379825,nutrition,0.05,Medium,0.785
315381082,nutrition,0.05,High,0.98
315381085,nutrition,0.05,High,1.0
315381086,nutrition,0.05,High,0.975
315381096,nutrition,0.05,High,0.98
315381098,nutrition,0.05,High,0.99
315381272,nutrition,0.05,High,0.98
315381281,nutrition,0.05,High,0.98
315381331,nutrition,0.05,High,0.945
315381332,nutrition,0.05,High,0.96
315381452,nutrition,0.05,High,0.95
315381465,nutrition,0.05,High,0.8
315381751,nutrition,0.05,High,0.68
355011067,nutrition,0.05,Low,0.515
364333977,nutrition,0.05,Very High,1.0
364333981,nutrition,0.05,Very High,1.0
366517702,nutrition,0.05,Very High,1.0
366517772,nutrition,0.05,Very High,1.0
367928605,nutrition,0.05,High,0.98
368031696,nutrition,0.05,Very High,1.0
460352061,nutrition,0.05,Medium,0.72
460353192,nutrition,0.05,Medium,0.915
460353197,nutrition,0.05,Medium,0.935
460370994,nutrition,0.05,High,0.965
460371002,nutrition,0.05,High,0.99
460371535,nutrition,0.05,High,0.93
460371547,nutrition,0.05,High,0.905
460371597,nutrition,0.05,High,0.505
460374178,nutrition,0.05,High,0.885
460374206,nutrition,0.05,High,0.615
460384992,nutrition,0.05,Medium,0.905
460384997,nutrition,0.05,Medium,0.82
460385000,nutrition,0.05,Medium,0.67
460811662,nutrition,0.05,High,0.785
460815609,nutrition,0.05,High,0.88
460815980,nutrition,0.05,High,0.7
460831841,nutrition,0.05,High,0.67
460903974,nutrition,0.05,High,0.665
460904225,nutrition,0.05,High,0.745
460913592,nutrition,0.05,High,0.65
460914084,nutrition,0.05,High,0.98
460916521,nutrition,0.05,High,0.905
460927352,nutrition,0.05,High,0.605
460984536,nutrition,0.05,High,0.995
460984908,nutrition,0.05,Medium,0.99
460985089,nutrition,0.05,High,0.925
461001893,nutrition,0.05,High,0.59
461001991,nutrition,0.05,High,0.545
461002074,nutrition,0.05,High,0.52
1075548256,nutrition,0.05,High,1.0
1075548260,nutrition,0.05,High,0.96
1075548286,nutrition,0.05,High,0.93
1075548295,nutrition,0.05,High,0.98
1309637796,nutrition,0.05,High,0.76
1309637943,nutrition,0.05,High,0.595
1309638308,nutrition,0.05,Very High,0.985
1309638543,nutrition,0.05,Medium,0.98
1309639202,nutrition,0.05,Medium,0.97
1309639592,nutrition,0.05,Medium,0.98
1320036075,nutrition,0.05,Very High,1.0
1329890078,nutrition,0.05,Very High,0.85
1329890105,nutrition,0.05,Very High,0.915
1329890126,nutrition,0.05,Very High,0.875
1332645340,nutrition,0.05,Very High,0.73
1332668655,nutrition,0.05,High,0.76
1332699889,nutrition,0.05,Very High,0.805
1332719592,nutrition,0.05,Very High,0.985
1332719602,nutrition,0.05,Very High,0.71
1332769856,nutrition,0.05,Very High,1.0
1332775383,nutrition,0.05,Very High,1.0
1332775411,nutrition,0.05,Very High,1.0
1332785497,nutrition,0.05,Very High,1.0
1332790270,nutrition,0.05,Very High,1.0
1333269505,nutrition,0.05,Very High,1.0
1333397832,nutrition,0.05,Very High,0.81
1333404045,nutrition,0.05,Very High,0.855
1333538814,nutrition,0.05,Very High,0.96
1333540158,nutrition,0.05,Very High,0.54
1333555653,nutrition,0.05,High,0.87
1333588095,nutrition,0.05,Very High,0.92
1333605411,nutrition,0.05,Very High,1.0
1333624830,nutrition,0.05,Very High,0.535
1333686363,nutrition,0.05,Very High,0.995
1333752843,nutrition,0.05,Very High,0.995
1333775570,nutrition,0.05,Very High,0.995
1333791624,nutrition,0.05,Very High,0.705
1333799027,nutrition,0.05,Very High,0.665
1333879177,nutrition,0.05,High,0.51
1333925932,nutrition,0.05,Very High,0.92
1333965877,nutrition,0.05,High,0.85
1334351921,nutrition,0.05,Very High,0.965
1334519568,nutrition,0.05,High,0.785
1334519592,nutrition,0.05,High,0.975
1334519617,nutrition,0.05,High,0.93
1334519623,nutrition,0.05,High,0.945
1334519651,nutrition,0.05,High,0.9
1335370854,nutrition,0.05,Very High,0.87
1335400991,nutrition,0.05,Very High,0.99
1335716130,nutrition,0.05,High,0.51
1335716269,nutrition,0.05,High,0.88
1335858522,nutrition,0.05,Very High,0.89
1335900049,nutrition,0.05,High,0.985
1335903101,nutrition,0.05,Very High,0.875
1335936926,nutrition,0.05,Very High,1.0
1335949339,nutrition,0.05,Very High,1.0
1335962684,nutrition,0.05,Very High,1.0
1336450093,nutrition,0.05,Very High,0.8
1336450099,nutrition,0.05,Very High,0.685
1336450118,nutrition,0.05,Very High,1.0
1336481996,nutrition,0.05,Very High,0.95
1336655119,nutrition,0.05,High,0.645
1336672458,nutrition,0.05,Very High,0.67
1336688270,nutrition,0.05,High,0.505
1336737682,nutrition,0.05,High,0.98
1336737701,nutrition,0.05,High,0.97
1336737713,nutrition,0.05,High,0.995
1336904969,nutrition,0.05,Very High,0.94
1336911630,nutrition,0.05,Very High,0.84
1337032073,nutrition,0.05,Very High,0.535
1337086021,nutrition,0.05,High,0.535
1337104625,nutrition,0.05,High,0.505
1416167195,nutrition,0.05,High,0.595
1416167197,nutrition,0.05,High,0.69
1456255195,nutrition,0.05,Very High,1.0
1482300049,nutrition,0.05,Very High,0.545
1499300917,nutrition,0.05,High,0.84
1515277205,nutrition,0.05,Low,0.925
1515277209,nutrition,0.05,Low,0.89
1515277210,nutrition,0.05,Low,0.915
1515278363,nutrition,0.05,Low,0.785
1517776311,nutrition,0.05,Medium,0.97
1517780065,nutrition,0.05,Medium,0.59
1517799702,nutrition,0.05,Very High,1.0
1517894265,nutrition,0.05,Very High,0.925
1517894389,nutrition,0.05,Very High,0.96
1518680309,nutrition,0.05,Very High,0.665
1519301970,nutrition,0.05,High,0.74
1520083271,nutrition,0.05,Very High,1.0
1520083698,nutrition,0.05,Very High,1.0
1521099820,nutrition,0.05,Very High,0.935
1524484562,nutrition,0.05,High,0.685
1554374469,nutrition,0.05,Medium,0.995
1554374555,nutrition,0.05,Medium,0.95
1554374565,nutrition,0.05,Medium,0.89
1554374588,nutrition,0.05,Medium,0.82
1554374598,nutrition,0.05,Medium,0.93
1554374611,nutrition,0.05,Medium,0.855
1554374648,nutrition,0.05,Medium,0.76
1576984303,nutrition,0.05,Medium,0.75
1576984320,nutrition,0.05,Very High,0.605
1576987630,nutrition,0.05,High,0.805
1577002117,nutrition,0.05,Very High,0.93
1577002120,nutrition,0.05,Very High,0.855
1577003431,nutrition,0.05,High,0.645
1577003435,nutrition,0.05,Very High,0.685
1577003436,nutrition,0.05,High,0.805
1582411346,nutrition,0.05,Very High,1.0
1582420933,nutrition,0.05,Very High,0.99
1601530424,nutrition,0.05,Very High,0.995
1607732821,nutrition,0.05,High,0.93
1607732898,nutrition,0.05,Medium,0.755
1607732969,nutrition,0.05,Medium,0.99
1607732991,nutrition,0.05,High,0.94
1607870522,nutrition,0.05,Medium,0.98
1634571340,nutrition,0.05,High,0.72
1634571342,nutrition,0.05,High,0.795
1634571498,nutrition,0.05,High,0.61
1646145198,nutrition,0.05,High,0.525
1654943890,nutrition,0.05,Very High,0.665
1655958419,nutrition,0.05,High,0.595
1656878955,nutrition,0.05,Low,0.875
1656879008,nutrition,0.05,Low,0.95
1669281897,nutrition,0.05,Very High,0.765
1669281972,nutrition,0.05,Very High,0.855
1669385096,nutrition,0.05,Very High,0.86
1669391017,nutrition,0.05,Very High,0.595
1670467950,nutrition,0.05,Very High,1.0
1670774501,nutrition,0.05,High,0.865
1671052660,nutrition,0.05,Very High,1.0
1671052676,nutrition,0.05,Very High,1.0
1671107675,nutrition,0.05,Very High,1.0
1673201108,nutrition,0.05,Very High,1.0
1673398526,nutrition,0.05,Very High,1.0
1674550443,nutrition,0.05,Very High,0.88
1674550549,nutrition,0.05,Very High,0.97
1674798928,nutrition,0.05,Very High,0.995
1674798941,nutrition,0.05,Very High,0.99
1674799108,nutrition,0.05,Very High,0.875
1675779149,nutrition,0.05,Very High,0.82
1675787981,nutrition,0.05,Very High,0.91
1676722898,nutrition,0.05,Very High,1.0
1676723004,nutrition,0.05,High,0.98
1676723049,nutrition,0.05,Very High,0.93
1676723117,nutrition,0.05,Very High,1.0
1676857165,nutrition,0.05,Very High,1.0
1676874935,nutrition,0.05,Very High,1.0
1676930741,nutrition,0.05,Very High,1.0
1676930747,nutrition,0.05,Very High,1.0
1677395629,nutrition,0.05,Very High,1.0
1678144337,nutrition,0.05,Very High,1.0
1679571341,nutrition,0.05,Very High,1.0
1680813066,nutrition,0.05,Very High,0.995
1680817595,nutrition,0.05,Very High,1.0
1683133784,nutrition,0.05,Very High,0.735
1683149343,nutrition,0.05,Very High,0.73
1683419392,nutrition,0.05,High,0.685
1683419476,nutrition,0.05,Very High,0.815
1683419518,nutrition,0.05,Very High,0.82
1683530161,nutrition,0.05,High,0.835
1683616583,nutrition,0.05,Very High,0.66
1683616632,nutrition,0.05,Very High,0.805
1684754778,nutrition,0.05,High,0.79
1684754783,nutrition,0.05,High,0.835
1686023369,nutrition,0.05,Very High,0.6
1687418211,nutrition,0.05,High,0.895
1687702106,nutrition,0.05,Very High,0.595
1687705213,nutrition,0.05,Very High,0.75
1688374316,nutrition,0.05,High,0.985
1688374447,nutrition,0.05,High,0.99
1688374494,nutrition,0.05,High,0.95
1688374515,nutrition,0.05,High,0.71
1688401743,nutrition,0.05,High,0.885
1691714738,nutrition,0.05,Very High,0.985
1691892263,nutrition,0.05,High,0.635
1692037020,nutrition,0.05,High,0.88
1692037033,nutrition,0.05,High,0.87
1692448608,nutrition,0.05,Very High,0.52
1692448628,nutrition,0.05,High,0.695
1693050615,nutrition,0.05,High,0.96
1693307316,nutrition,0.05,Very High,0.885
1695229413,nutrition,0.05,Very High,0.925
1696284480,nutrition,0.05,Very High,0.855
1696297242,nutrition,0.05,Very High,0.63
1719680117,nutrition,0.05,Very High,0.805
1727511203,nutrition,0.05,Very High,0.715
1733233982,nutrition,0.05,Medium,0.895
1733233984,nutrition,0.05,Medium,0.975
1733234004,nutrition,0.05,Medium,0.885
1733234015,nutrition,0.05,Medium,0.96
1733234018,nutrition,0.05,Medium,0.78
1733234033,nutrition,0.05,Medium,0.96
1733234057,nutrition,0.05,Low,0.985
1733259450,nutrition,0.05,Low,0.995
1733259455,nutrition,0.05,Low,0.98
1739321161,nutrition,0.05,High,0.79
1748744712,nutrition,0.05,High,0.98
1748744790,nutrition,0.05,High,0.995
1748752437,nutrition,0.05,High,0.945
1748752554,nutrition,0.05,High,1.0
1748789991,nutrition,0.05,High,0.975
1750283342,nutrition,0.05,Very High,0.95
1752677525,nutrition,0.05,High,0.955
1752677708,nutrition,0.05,High,0.975
1752939244,nutrition,0.05,High,0.925
1752979743,nutrition,0.05,High,0.83
1752979813,nutrition,0.05,High,0.95
1752991477,nutrition,0.05,High,0.955
1753033755,nutrition,0.05,High,0.92
1753739585,nutrition,0.05,High,0.945
1755882802,nutrition,0.05,Very High,0.715
1758174742,nutrition,0.05,High,0.785
1762006333,nutrition,0.05,Very High,0.79
1762006353,nutrition,0.05,Very High,0.63
1762166889,nutrition,0.05,Very High,0.58
1762166903,nutrition,0.05,Very High,0.74
1762177612,nutrition,0.05,Very High,0.915
1767838635,nutrition,0.05,High,0.885
1771412280,nutrition,0.05,High,0.975
1783311722,nutrition,0.05,Medium,0.885
1821516873,nutrition,0.05,High,0.63
1833995997,nutrition,0.05,High,0.725
1912111979,nutrition,0.05,High,0.995
1959410503,nutrition,0.05,High,0.71
1959410634,nutrition,0.05,High,0.99
1976182212,nutrition,0.05,Very High,1.0
1976182230,nutrition,0.05,Very High,1.0
2048787814,nutrition,0.05,Very High,0.66
2102252140,nutrition,0.05,Very High,1.0
2140190743,nutrition,0.05,Very High,0.805
2161358988,nutrition,0.05,Very High,0.795
2161369349,nutrition,0.05,Very High,0.73
2161371310,nutrition,0.05,Very High,0.815
2307384385,nutrition,0.05,Very High,1.0
2400326002,nutrition,0.05,Very High,1.0
2422262678,nutrition,0.05,Very High,0.97
2433711113,nutrition,0.05,High,0.57
2433722241,nutrition,0.05,Very High,0.78
2537637988,nutrition,0.05,Medium,0.665
2537637993,nutrition,0.05,Medium,0.825
2537637997,nutrition,0.05,Medium,0.86
2537638001,nutrition,0.05,Medium,0.875
2537638005,nutrition,0.05,Medium,0.88
2537638007,nutrition,0.05,Medium,0.84
2537638090,nutrition,0.05,Medium,0.725
2537638091,nutrition,0.05,High,0.51
2537638093,nutrition,0.05,High,0.755
2537638095,nutrition,0.05,High,0.865
2543618332,nutrition,0.05,Very High,0.975
2550866372,nutrition,0.05,High,0.955
2550866427,nutrition,0.05,High,0.87
2550989572,nutrition,0.05,Very High,0.67
2551007719,nutrition,0.05,High,0.89
2551007746,nutrition,0.05,High,0.62
2551007757,nutrition,0.05,High,0.52
2551007781,nutrition,0.05,High,0.58
2551031955,nutrition,0.05,Very High,0.515
2552400217,nutrition,0.05,Very High,1.0
2624681386,nutrition,0.05,Low,0.98
2655580318,nutrition,0.05,Very High,0.9
2716878303,nutrition,0.05,High,0.535
2814813324,nutrition,0.05,High,0.75
2814816868,nutrition,0.05,High,0.975
2817142002,nutrition,0.05,High,0.945
2817144587,nutrition,0.05,High,0.775
2817153807,nutrition,0.05,High,0.615
2817167063,nutrition,0.05,Very High,1.0
2817246341,nutrition,0.05,Very High,0.92
2817659494,nutrition,0.05,Very High,0.755
2822871751,nutrition,0.05,Medium,0.79
2833044701,nutrition,0.05,High,0.545
2833058304,nutrition,0.05,High,0.985
2833058401,nutrition,0.05,High,1.0
2842383207,nutrition,0.05,Very High,0.65
2844479897,nutrition,0.05,High,1.0
2844479900,nutrition,0.05,Very High,0.77
2853259828,nutrition,0.05,Very High,0.995
2939669839,nutrition,0.05,Very High,0.945
2948657263,nutrition,0.05,High,0.94
2971775879,nutrition,0.05,Very High,0.71
3078449760,nutrition,0.05,Very High,1.0
3078449799,nutrition,0.05,Very High,1.0
3129277334,nutrition,0.05,Very High,0.91
3363528669,nutrition,0.05,Very High,0.775
3375251445,nutrition,0.05,Very High,1.0
3430936974,nutrition,0.05,Medium,0.935
3430936979,nutrition,0.05,Medium,0.82
3430936987,nutrition,0.05,Medium,0.845
3430942196,nutrition,0.05,Medium,0.815
3430942200,nutrition,0.05,Medium,0.85
3430942206,nutrition,0.05,Medium,0.75
3529181723,nutrition,0.05,Very High,0.975
3577241309,nutrition,0.05,Very High,0.75
3586834520,nutrition,0.05,Medium,0.66
3586834543,nutrition,0.05,Medium,0.695
3733079068,nutrition,0.05,Very High,0.795
3758452439,nutrition,0.05,Very High,1.0
3763287838,nutrition,0.05,Low,0.625
3763287855,nutrition,0.05,Low,0.82
3763287856,nutrition,0.05,Low,0.85
3763305372,nutrition,0.05,Low,0.885
3763305379,nutrition,0.05,Low,0.95
3763305380,nutrition,0.05,Low,0.92
3763305790,nutrition,0.05,Low,0.97
3763305791,nutrition,0.05,Very Low,0.955
3763305797,nutrition,0.05,Low,0.67
3763305798,nutrition,0.05,Medium,0.595
3763305805,nutrition,0.05,Low,0.685
3763305822,nutrition,0.05,Very Low,0.935
3763305834,nutrition,0.05,Very Low,0.92
3763305841,nutrition,0.05,Low,0.97
3763305846,nutrition,0.05,Low,0.985
3763309259,nutrition,0.05,Low,0.99
3763309281,nutrition,0.05,Very Low,0.905
3763309286,nutrition,0.05,Very Low,0.965
3763309289,nutrition,0.05,Very Low,0.885
3763309300,nutrition,0.05,Very Low,0.96
3763309301,nutrition,0.05,Low,0.98
3763309314,nutrition,0.05,Low,0.985
3763309316,nutrition,0.05,Very Low,0.935
3763309322,nutrition,0.05,Low,0.97
3763309333,nutrition,0.05,Low,0.98
3763309339,nutrition,0.05,Low,0.99
3763309342,nutrition,0.05,Low,0.99
3763309344,nutrition,0.05,Low,0.995
3763309348,nutrition,0.05,Low,0.985
3763309353,nutrition,0.05,Low,1.0
3763309355,nutrition,0.05,Low,0.975
3763309367,nutrition,0.05,Low,0.975
3763309373,nutrition,0.05,Low,0.905
3763309376,nutrition,0.05,Low,0.89
3763309379,nutrition,0.05,Low,0.865
3763309390,nutrition,0.05,Very Low,0.985
3771849226,nutrition,0.05,Medium,0.9
3771849227,nutrition,0.05,Medium,0.9
3771849228,nutrition,0.05,Medium,0.955
3771849229,nutrition,0.05,Medium,0.955
3806824101,nutrition,0.05,Very High,0.945
3809925650,nutrition,0.05,Very High,1.0
3812548070,nutrition,0.05,Very High,0.89
3816218870,nutrition,0.05,Very High,1.0
3877858786,nutrition,0.05,High,0.86
3961529297,nutrition,0.05,High,0.7
4028348297,nutrition,0.05,Very High,0.985
4038324228,nutrition,0.05,Medium,0.87
4044375747,nutrition,0.05,High,0.52
4050345394,nutrition,0.05,Very High,0.965
4050345815,nutrition,0.05,Very High,1.0
4050345950,nutrition,0.05,Very High,1.0
4069942819,nutrition,0.05,Very High,0.99
4071708549,nutrition,0.05,Very High,0.99
4120467620,nutrition,0.05,Very High,0.575
4138094680,nutrition,0.05,Very High,0.99
4228868789,nutrition,0.05,High,0.855
4229026795,nutrition,0.05,Very High,1.0
4229925893,nutrition,0.05,High,0.655
4230313514,nutrition,0.05,High,0.86
4230313555,nutrition,0.05,High,0.505
4230353709,nutrition,0.05,High,0.81
4230353759,nutrition,0.05,Very High,0.85
4230354780,nutrition,0.05,Very High,0.62
4230356132,nutrition,0.05,High,0.975
4230356143,nutrition,0.05,Very High,0.705
4230396300,nutrition,0.05,Very High,0.795
4235104793,nutrition,0.05,Very High,0.945
4235120611,nutrition,0.05,Very High,0.995
4235178591,nutrition,0.05,Very High,1.0
4235180094,nutrition,0.05,Very High,0.99
4235185589,nutrition,0.05,Very High,0.985
4235272707,nutrition,0.05,Very High,1.0
4235356889,nutrition,0.05,Very High,0.975
4241728252,nutrition,0.05,Very High,1.0
4241778004,nutrition,0.05,High,0.67
4241778012,nutrition,0.05,High,0.6
4241778023,nutrition,0.05,High,0.585
4241782001,nutrition,0.05,High,0.675
4242571114,nutrition,0.05,High,0.95
4242596805,nutrition,0.05,High,0.985
4242838921,nutrition,0.05,Very High,0.88
4242863366,nutrition,0.05,Very High,0.77
4242864833,nutrition,0.05,Very High,0.84
4242865422,nutrition,0.05,Very High,0.69
4242878102,nutrition,0.05,Very High,0.93
4242887289,nutrition,0.05,Very High,0.915
4242887290,nutrition,0.05,Very High,0.63
4243016495,nutrition,0.05,High,0.985
4244292013,nutrition,0.05,Very High,0.88
4244320393,nutrition,0.05,High,0.99
4244396190,nutrition,0.05,High,0.845
4244396289,nutrition,0.05,Medium,0.945
4244683532,nutrition,0.05,High,0.5
4245976092,nutrition,0.05,High,0.55
4259955458,nutrition,0.05,Very High,0.99
4406270890,nutrition,0.05,High,0.64
4406270938,nutrition,0.05,Medium,0.685
4425354702,nutrition,0.05,High,0.915
4557252953,nutrition,0.05,Very High,0.615
4668278614,nutrition,0.05,Medium,0.985
4668278617,nutrition,0.05,Medium,0.97
4668278626,nutrition,0.05,Medium,0.995
4668278636,nutrition,0.05,Medium,0.985
4668278646,nutrition,0.05,Medium,0.965
4668278661,nutrition,0.05,Medium,0.995
4668278663,nutrition,0.05,Low,0.665
4668278668,nutrition,0.05,Low,0.57
4668278674,nutrition,0.05,Low,0.76
4668279609,nutrition,0.05,Low,0.525
4668279619,nutrition,0.05,Medium,0.955
4668279630,nutrition,0.05,Medium,0.62
4668279656,nutrition,0.05,Medium,0.785
4820400254,nutrition,0.05,Medium,0.825
4820400287,nutrition,0.05,Medium,0.975
4820400289,nutrition,0.05,Medium,0.975
4820400291,nutrition,0.05,Medium,0.95
4820400294,nutrition,0.05,Medium,0.97
4820400295,nutrition,0.05,Medium,0.97
4820428243,nutrition,0.05,High,0.945
4820428244,nutrition,0.05,High,0.835
4820428249,nutrition,0.05,High,0.54
4820428252,nutrition,0.05,High,0.58
4820428263,nutrition,0.05,High,0.545
4820428264,nutrition,0.05,Medium,0.525
4820428266,nutrition,0.05,Medium,0.545
4820428268,nutrition,0.05,High,0.65
4899932460,nutrition,0.05,Medium,0.835
4902689737,nutrition,0.05,Very High,0.965
4902690046,nutrition,0.05,Very High,0.96
5205085828,nutrition,0.05,Very High,0.96
5338115314,nutrition,0.05,High,0.72
5338117821,nutrition,0.05,Very High,0.54
5359935172,nutrition,0.05,High,0.6
5364017472,nutrition,0.05,High,0.915
5365725281,nutrition,0.05,High,0.535
5412363649,nutrition,0.05,Very High,0.97
5471236076,nutrition,0.05,Very High,1.0
5514396514,nutrition,0.05,High,0.915
5545134740,nutrition,0.05,Very High,0.995
5563872873,nutrition,0.05,Medium,0.96
5563872908,nutrition,0.05,Medium,0.86
5563872945,nutrition,0.05,Medium,0.865
5563872989,nutrition,0.05,Medium,0.99
5578156044,nutrition,0.05,Very High,0.925
5831742595,nutrition,0.05,High,0.97
5972718215,nutrition,0.05,Low,0.86
5974229346,nutrition,0.05,Low,1.0
5974229351,nutrition,0.05,Low,0.96
5974229356,nutrition,0.05,Low,0.905
5974229358,nutrition,0.05,Low,0.915
5974229359,nutrition,0.05,Low,0.96
5974229361,nutrition,0.05,Low,0.935
5974229362,nutrition,0.05,Low,0.965
5974229364,nutrition,0.05,Low,0.98
5974229366,nutrition,0.05,Low,0.99
6034073764,nutrition,0.05,Very High,0.915
6049100072,nutrition,0.05,Very High,0.94
6086073177,nutrition,0.05,High,0.575
6086089286,nutrition,0.05,High,0.775
6086126706,nutrition,0.05,High,0.985
6086126787,nutrition,0.05,High,0.995
6086144463,nutrition,0.05,High,0.905
6086166519,nutrition,0.05,Very High,0.93
6086217569,nutrition,0.05,Very High,0.995
6093047863,nutrition,0.05,High,0.975
6093047884,nutrition,0.05,High,0.945
6093049092,nutrition,0.05,High,1.0
6093049103,nutrition,0.05,High,0.97
6093049135,nutrition,0.05,High,0.995
6093049202,nutrition,0.05,High,0.995
6093049238,nutrition,0.05,High,0.99
6093049257,nutrition,0.05,High,0.94
6093049270,nutrition,0.05,High,0.935
6093049280,nutrition,0.05,High,0.87
6093049289,nutrition,0.05,High,0.725
6093049298,nutrition,0.05,High,0.75
6093049326,nutrition,0.05,High,0.995
6093054716,nutrition,0.05,High,0.94
6093054724,nutrition,0.05,High,0.98
6106890865,nutrition,0.05,Very High,0.995
6122292644,nutrition,0.05,Very High,1.0
6131677268,nutrition,0.05,Very High,0.96
6149496208,nutrition,0.05,Very High,0.93
6149519804,nutrition,0.05,High,0.59
6149527865,nutrition,0.05,Very High,0.995
6149567917,nutrition,0.05,High,0.97
6149567919,nutrition,0.05,High,0.965
6167688903,nutrition,0.05,Very High,1.0
6168445900,nutrition,0.05,Very High,1.0
6168445916,nutrition,0.05,Very High,0.995
6170668966,nutrition,0.05,Very High,0.545
6188306586,nutrition,0.05,High,0.505
6229927409,nutrition,0.05,High,0.96
6247994297,nutrition,0.05,Very High,1.0
6267835216,nutrition,0.05,High,0.98
6293681656,nutrition,0.05,High,0.875
6300295619,nutrition,0.05,Medium,0.865
6305779529,nutrition,0.05,Very High,1.0
6328984333,nutrition,0.05,Very Low,0.95
6328984371,nutrition,0.05,Medium,0.67
6328984486,nutrition,0.05,Low,0.875
6328984493,nutrition,0.05,Low,0.945
6328984495,nutrition,0.05,Low,0.935
6339832471,nutrition,0.05,High,0.985
6339861223,nutrition,0.05,Very High,1.0
6369822475,nutrition,0.05,Very High,1.0
6372602414,nutrition,0.05,Low,0.985
6372602415,nutrition,0.05,Low,0.99
6372602417,nutrition,0.05,Low,0.975
6372602420,nutrition,0.05,Low,0.98
6403547181,nutrition,0.05,High,0.93
6418907296,nutrition,0.05,Very High,0.92
6440467754,nutrition,0.05,Very High,0.99
6491703571,nutrition,0.05,Very High,1.0
6524156244,nutrition,0.05,Very High,0.985
6533862314,nutrition,0.05,High,0.985
6533862318,nutrition,0.05,High,0.99
6533862335,nutrition,0.05,High,0.985
6535742408,nutrition,0.05,Very High,0.985
6539916754,nutrition,0.05,Very High,0.8
6643065710,nutrition,0.05,Medium,0.935
6667967517,nutrition,0.05,High,0.99
6681110385,nutrition,0.05,High,0.805
6775487582,nutrition,0.05,Medium,0.585
6775526307,nutrition,0.05,Low,0.64
6775526314,nutrition,0.05,Low,0.785
6789185270,nutrition,0.05,Very High,1.0
6789225156,nutrition,0.05,Medium,0.99
6789225172,nutrition,0.05,Medium,0.985
6789225180,nutrition,0.05,Medium,0.99
6789233492,nutrition,0.05,Medium,0.98
6882629397,nutrition,0.05,High,0.98
6948798797,nutrition,0.05,Medium,0.815
6948798804,nutrition,0.05,Medium,0.81
6948798835,nutrition,0.05,Medium,0.665
6975211183,nutrition,0.05,High,0.99
6989876509,nutrition,0.05,High,0.745
6990075663,nutrition,0.05,High,0.555
7007083454,nutrition,0.05,High,0.51
7088110119,nutrition,0.05,High,0.675
7176218411,nutrition,0.05,Very High,1.0
7177787606,nutrition,0.05,Very High,1.0
7190872700,nutrition,0.05,Very High,1.0
7354564223,nutrition,0.05,High,0.965
7354564228,nutrition,0.05,Medium,0.96
7389770068,nutrition,0.05,Very High,0.995
7466695670,nutrition,0.05,Very High,1.0
7522989639,nutrition,0.05,Very High,0.995
7548883046,nutrition,0.05,Very High,1.0
7580315774,nutrition,0.05,Very High,0.565
7580324942,nutrition,0.05,High,0.725
7620412418,nutrition,0.05,High,0.8
7620412456,nutrition,0.05,High,0.995
7620412461,nutrition,0.05,High,0.95
7620412463,nutrition,0.05,High,0.745
7620412466,nutrition,0.05,High,0.8
7620415576,nutrition,0.05,High,0.9
7728499328,nutrition,0.05,High,0.73
7728503183,nutrition,0.05,High,0.92
7728529801,nutrition,0.05,High,0.795
7804547542,nutrition,0.05,Very High,1.0
7806121149,nutrition,0.05,High,0.59
7806507940,nutrition,0.05,Very High,0.875
7843321033,nutrition,0.05,Very High,0.745
7843321060,nutrition,0.05,Very High,0.935
7928005193,nutrition,0.05,Very High,0.985
7928451499,nutrition,0.05,Very High,0.995
7948289895,nutrition,0.05,High,0.86
7951767470,nutrition,0.05,Medium,0.785
7951830085,nutrition,0.05,High,0.945
7984593307,nutrition,0.05,Very High,1.0
7992368574,nutrition,0.05,High,0.93
8018283664,nutrition,0.05,High,0.89
8022340239,nutrition,0.05,Very High,1.0
8059272794,nutrition,0.05,High,0.505
8059295526,nutrition,0.05,Medium,0.77
8084750575,nutrition,0.05,Low,0.985
8084750600,nutrition,0.05,Low,0.99
8142670295,nutrition,0.05,High,1.0
8147088870,nutrition,0.05,Very High,0.95
8147088890,nutrition,0.05,Very High,0.955
8168293420,nutrition,0.05,Very High,0.895
8168293435,nutrition,0.05,High,0.98
8234265720,nutrition,0.05,High,0.88
8241311678,nutrition,0.05,Very High,1.0
8241311694,nutrition,0.05,Very High,1.0
8294058522,nutrition,0.05,Very High,0.745
8297117023,nutrition,0.05,Very High,0.91
8305267971,nutrition,0.05,High,0.975
8443711109,nutrition,0.05,High,0.82
8443712648,nutrition,0.05,High,0.935
8467708169,nutrition,0.05,High,0.84
8467801131,nutrition,0.05,High,0.665
8486417293,nutrition,0.05,Very High,0.995
8522652431,nutrition,0.05,Very High,0.975
8522652463,nutrition,0.05,Very High,1.0
8522653656,nutrition,0.05,Very High,0.88
8567992266,nutrition,0.05,Medium,0.5
8567992271,nutrition,0.05,High,0.595
8567992275,nutrition,0.05,Medium,0.565
8567992285,nutrition,0.05,High,0.59
8567992299,nutrition,0.05,High,0.99
8567992305,nutrition,0.05,High,0.96
8778951943,nutrition,0.05,Very High,0.995
8844588991,nutrition,0.05,High,0.51
8844592428,nutrition,0.05,Very High,0.95
8844592439,nutrition,0.05,Very High,0.99
8844712057,nutrition,0.05,Very High,0.96
8846476720,nutrition,0.05,Medium,0.98
9094677321,nutrition,0.05,Very High,0.955
9095905603,nutrition,0.05,High,0.955
9095921431,nutrition,0.05,High,0.715
9095921437,nutrition,0.05,High,0.835
9121937519,nutrition,0.05,Very High,0.92
9135617631,nutrition,0.05,Very High,0.935
9171427497,nutrition,0.05,High,0.985
9171480571,nutrition,0.05,High,0.995
9186394286,nutrition,0.05,High,0.505
9207623051,nutrition,0.05,Very High,0.925
9248007099,nutrition,0.05,Very Low,1.0
9248011848,nutrition,0.05,Low,0.985
9248011886,nutrition,0.05,Low,0.995
9248011935,nutrition,0.05,Very Low,0.985
9248011945,nutrition,0.05,Low,0.99
9257313084,nutrition,0.05,Very High,0.985
9257414624,nutrition,0.05,High,0.91
9357775630,nutrition,0.05,Very High,0.98
9357775659,nutrition,0.05,Very High,0.79
9357775687,nutrition,0.05,Very High,0.655
9372925151,nutrition,0.05,Very High,0.995
9396648001,nutrition,0.05,Very High,0.585
9396648012,nutrition,0.05,High,0.72
9396649419,nutrition,0.05,High,0.995
9417741857,nutrition,0.05,Very High,0.955
9433347881,nutrition,0.05,Very High,0.97
9466272405,nutrition,0.05,Very High,0.95
9466602046,nutrition,0.05,High,0.755
9532841658,nutrition,0.05,Very High,0.78
9549302175,nutrition,0.05,Very High,0.995
9602633511,nutrition,0.05,Medium,0.82
9602657046,nutrition,0.05,Low,0.95
9602693150,nutrition,0.05,Medium,0.995
9602777529,nutrition,0.05,Medium,0.995
9602777532,nutrition,0.05,Medium,0.985
9603355735,nutrition,0.05,Very High,0.72
9612873590,nutrition,0.05,Very High,0.895
9626133225,nutrition,0.05,High,0.655
9628975662,nutrition,0.05,Low,0.65
9635553182,nutrition,0.05,Very High,1.0
9683257699,nutrition,0.05,High,0.56
9796684622,nutrition,0.05,Very High,0.99
9796684639,nutrition,0.05,Very High,0.965
9796684645,nutrition,0.05,Very High,0.945
9798318356,nutrition,0.05,Very High,0.79
9820783351,nutrition,0.05,High,0.615
9834075289,nutrition,0.05,Very High,0.99
9860535827,nutrition,0.05,Very High,1.0
9922114735,nutrition,0.05,Very High,1.0
9949070594,nutrition,0.05,Very High,0.585
9966846106,nutrition,0.05,Medium,0.99
9966846108,nutrition,0.05,Medium,0.995
10092095611,nutrition,0.05,High,0.945
10159726486,nutrition,0.05,Very High,0.905
10174676167,nutrition,0.05,Low,0.98
10174676168,nutrition,0.05,Low,0.995
10174676170,nutrition,0.05,Low,0.99
10174676178,nutrition,0.05,Low,0.98
10174676187,nutrition,0.05,Low,0.985
10174676192,nutrition,0.05,Low,0.985
10174676201,nutrition,0.05,Low,0.995
10174676208,nutrition,0.05,Low,0.985
10174676211,nutrition,0.05,Low,0.99
10174676212,nutrition,0.05,Low,0.995
10174676216,nutrition,0.05,Low,0.575
10174708518,nutrition,0.05,Low,0.715
10174708523,nutrition,0.05,Low,0.72
10174708525,nutrition,0.05,Low,0.875
10174708529,nutrition,0.05,Low,0.965
10174708532,nutrition,0.05,Low,0.98
10174708534,nutrition,0.05,Low,0.985
10174708535,nutrition,0.05,Low,0.995
10174708536,nutrition,0.05,Low,0.995
10174708537,nutrition,0.05,Low,1.0
10174708540,nutrition,0.05,Low,0.995
10174708544,nutrition,0.05,Low,0.995
10174708566,nutrition,0.05,Low,0.99
10174708568,nutrition,0.05,Low,0.98
10174708577,nutrition,0.05,Low,0.925
10174708580,nutrition,0.05,Low,0.815
10174708582,nutrition,0.05,Low,0.77
10174708588,nutrition,0.05,Medium,0.555
10174708602,nutrition,0.05,Low,0.995
10174708620,nutrition,0.05,Low,0.985
10174708624,nutrition,0.05,Low,0.99
10174708672,nutrition,0.05,Low,0.93
10174708679,nutrition,0.05,Low,0.945
10174708682,nutrition,0.05,Low,0.965
10174708684,nutrition,0.05,Low,0.97
10174708707,nutrition,0.05,Very Low,0.98
10174708711,nutrition,0.05,Very Low,0.98
10174708761,nutrition,0.05,Low,0.975
10174708764,nutrition,0.05,Low,0.975
10174708782,nutrition,0.05,Low,0.94
10174708783,nutrition,0.05,Low,0.895
10174708785,nutrition,0.05,Low,0.94
10174708786,nutrition,0.05,Low,0.94
10174708788,nutrition,0.05,Low,1.0
10174708791,nutrition,0.05,Low,0.995
10174708794,nutrition,0.05,Low,0.995
10174708808,nutrition,0.05,Low,0.685
10174708814,nutrition,0.05,Low,0.98
10174708836,nutrition,0.05,Low,0.685
10174708847,nutrition,0.05,Medium,0.515
10182472800,nutrition,0.05,Very High,0.835
10185850417,nutrition,0.05,High,0.74
10185850467,nutrition,0.05,Medium,0.69
10185850495,nutrition,0.05,Medium,0.865
10185850502,nutrition,0.05,Medium,0.87
10185850511,nutrition,0.05,Medium,0.875
10185954636,nutrition,0.05,High,0.97
10185954661,nutrition,0.05,High,0.92
10185954678,nutrition,0.05,High,0.945
10185954765,nutrition,0.05,High,0.985
10262561799,nutrition,0.05,Medium,0.835
10282459032,nutrition,0.05,Very High,0.925
10300286341,nutrition,0.05,Very High,0.775
10690393699,nutrition,0.05,High,0.97
10720924158,nutrition,0.05,High,0.98
10762109688,nutrition,0.05,High,0.685
10764575126,nutrition,0.05,Low,0.86
10764575130,nutrition,0.05,Low,0.85
10764575135,nutrition,0.05,Low,0.85
10764575154,nutrition,0.05,Low,0.95
10764575156,nutrition,0.05,Low,0.97
10764575165,nutrition,0.05,Low,0.965
10765498098,nutrition,0.05,High,0.695
10770607409,nutrition,0.05,Medium,0.95
10770607414,nutrition,0.05,Medium,0.945
10770607428,nutrition,0.05,Medium,0.985
10770607434,nutrition,0.05,Medium,0.995
10770607436,nutrition,0.05,Medium,0.995
10770607437,nutrition,0.05,Medium,0.975
10781466793,nutrition,0.05,Very High,1.0
10782114175,nutrition,0.05,Low,0.98
10782114182,nutrition,0.05,Low,0.985
10782114187,nutrition,0.05,Low,0.99
10782114193,nutrition,0.05,Very Low,0.955
10782165711,nutrition,0.05,Very Low,0.955
10807135391,nutrition,0.05,Very High,1.0
10807185817,nutrition,0.05,Very High,0.935
10807185854,nutrition,0.05,High,0.99
10807185864,nutrition,0.05,Very High,1.0
10820325057,nutrition,0.05,Very High,0.995
10824082848,nutrition,0.05,Very High,1.0
10843102936,nutrition,0.05,Very High,0.995
10852743401,nutrition,0.05,High,0.545
10862625710,nutrition,0.05,Medium,0.74
10862625726,nutrition,0.05,Medium,0.84
10862625742,nutrition,0.05,Medium,0.8
10862625753,nutrition,0.05,Medium,0.56
10862625884,nutrition,0.05,Medium,0.655
10862625891,nutrition,0.05,Medium,0.755
10862625954,nutrition,0.05,Medium,0.625
10862626059,nutrition,0.05,Low,0.945
10862626064,nutrition,0.05,Medium,0.9
10864590116,nutrition,0.05,Low,0.995
10864590160,nutrition,0.05,Medium,0.995
10864590178,nutrition,0.05,Medium,0.95
10864590323,nutrition,0.05,Low,0.99
10864590327,nutrition,0.05,Very Low,0.92
10875049650,nutrition,0.05,High,0.98
10875049654,nutrition,0.05,High,0.995
10875049659,nutrition,0.05,High,0.99
10875049662,nutrition,0.05,High,0.975
10875049663,nutrition,0.05,High,0.965
10875049664,nutrition,0.05,High,0.925
10875049666,nutrition,0.05,High,0.9
10875049670,nutrition,0.05,High,0.86
10889016957,nutrition,0.05,Very High,0.91
10943626000,nutrition,0.05,Medium,0.97
10943669211,nutrition,0.05,Very High,0.735
10948807008,nutrition,0.05,Very High,0.945
10959368177,nutrition,0.05,Medium,0.985
10965183585,nutrition,0.05,High,0.945
10965191125,nutrition,0.05,Very High,0.795
10969345508,nutrition,0.05,Very High,0.95
10969389985,nutrition,0.05,High,0.8
10969869017,nutrition,0.05,High,0.985
10969869130,nutrition,0.05,High,0.73
10969869178,nutrition,0.05,High,0.66
10969885647,nutrition,0.05,High,0.995
10969885650,nutrition,0.05,High,0.985
10970847422,nutrition,0.05,Very High,0.74
10974835618,nutrition,0.05,Medium,0.985
10974835724,nutrition,0.05,Medium,0.82
10983772523,nutrition,0.05,High,0.935
10984439993,nutrition,0.05,Very High,0.91
10984451455,nutrition,0.05,Very High,0.92
10984795464,nutrition,0.05,High,0.95
10989110091,nutrition,0.05,High,0.965
10989630784,nutrition,0.05,High,0.98
10989630785,nutrition,0.05,High,0.995
10989630797,nutrition,0.05,High,0.775
11013707527,nutrition,0.05,Low,0.935
11013707534,nutrition,0.05,Low,0.91
11013707538,nutrition,0.05,Low,0.905
11013707542,nutrition,0.05,Low,0.89
11013707543,nutrition,0.05,Low,0.88
11013707566,nutrition,0.05,Low,0.825
11013707567,nutrition,0.05,Low,0.805
11013707570,nutrition,0.05,Low,0.76
11013707572,nutrition,0.05,Low,0.7
11013707580,nutrition,0.05,Low,0.635
11013707589,nutrition,0.05,Low,0.62
11053698466,nutrition,0.05,Medium,0.955
11053698478,nutrition,0.05,Medium,0.93
11053698485,nutrition,0.05,Medium,0.905
11053698493,nutrition,0.05,Medium,0.95
11061413832,nutrition,0.05,Low,0.815
11061413833,nutrition,0.05,Low,0.79
11061413835,nutrition,0.05,Low,0.825
11061413837,nutrition,0.05,Low,0.78
11061413838,nutrition,0.05,Low,0.73
11061413839,nutrition,0.05,Low,0.705
11061413841,nutrition,0.05,Low,0.82
11061413842,nutrition,0.05,Medium,0.81
11061413844,nutrition,0.05,Medium,0.81
11061413845,nutrition,0.05,Medium,0.795
11061413846,nutrition,0.05,Medium,0.84
11061413848,nutrition,0.05,Medium,0.845
11061413899,nutrition,0.05,Low,0.98
11061419907,nutrition,0.05,Low,0.96
11061419908,nutrition,0.05,Low,0.545
11061419912,nutrition,0.05,Medium,0.995
11066863357,nutrition,0.05,Medium,0.99
11104492426,nutrition,0.05,Very High,1.0
11107400700,nutrition,0.05,Very High,1.0
11113942097,nutrition,0.05,Medium,0.97
11148431254,nutrition,0.05,Very High,0.975
11165605602,nutrition,0.05,High,0.96
11176102247,nutrition,0.05,Very High,0.505
11180649875,nutrition,0.05,Very High,1.0
11190449900,nutrition,0.05,Medium,0.56
11193065877,nutrition,0.05,High,0.7
11212068693,nutrition,0.05,Very High,1.0
11215617881,nutrition,0.05,Medium,0.815
11215617887,nutrition,0.05,Medium,0.715
11215617908,nutrition,0.05,Medium,0.9
11215617910,nutrition,0.05,Medium,0.735
11215617954,nutrition,0.05,Medium,0.89
11243787770,nutrition,0.05,High,0.675
11245254256,nutrition,0.05,Very High,1.0
11258540713,nutrition,0.05,High,0.835
11258540726,nutrition,0.05,High,0.825
11258545243,nutrition,0.05,High,0.92
11258545246,nutrition,0.05,High,0.885
11258545251,nutrition,0.05,High,0.915
11260191606,nutrition,0.05,High,0.805
11274535367,nutrition,0.05,Medium,0.505
11277029428,nutrition,0.05,High,0.975
11277029434,nutrition,0.05,High,0.885
11277029451,nutrition,0.05,High,0.95
11277029459,nutrition,0.05,High,0.92
11288867320,nutrition,0.05,High,0.87
11293289229,nutrition,0.05,High,0.965
11293289233,nutrition,0.05,High,0.96
11293289237,nutrition,0.05,High,0.895
11293289241,nutrition,0.05,High,0.87
11293289243,nutrition,0.05,High,0.61
11293289246,nutrition,0.05,High,0.535
11293289252,nutrition,0.05,High,0.58
11327571894,nutrition,0.05,Very High,1.0
11392399021,nutrition,0.05,Very High,0.52
11396500473,nutrition,0.05,Very High,1.0
11425682923,nutrition,0.05,Very High,1.0
11429972491,nutrition,0.05,High,0.785
11432906135,nutrition,0.05,Low,0.99
11432906138,nutrition,0.05,Low,0.945
11432906142,nutrition,0.05,Low,0.955
11432906145,nutrition,0.05,Low,0.91
11505686908,nutrition,0.05,Very High,0.875
11513820872,nutrition,0.05,High,0.985
11514003490,nutrition,0.05,Medium,0.885
11514003618,nutrition,0.05,Medium,0.85
11514003659,nutrition,0.05,Medium,0.895
11514082203,nutrition,0.05,Very High,0.925
11515987061,nutrition,0.05,Medium,0.685
11515987065,nutrition,0.05,Medium,0.845
11515987069,nutrition,0.05,Medium,0.82
11515987072,nutrition,0.05,Medium,0.76
11515987079,nutrition,0.05,Medium,0.83
11527564842,nutrition,0.05,High,0.955
11527564851,nutrition,0.05,High,0.965
11527564852,nutrition,0.05,High,0.665
11527564867,nutrition,0.05,High,0.875
11532139728,nutrition,0.05,High,0.79
11532523975,nutrition,0.05,High,0.985
11570721023,nutrition,0.05,Low,0.98
11570721025,nutrition,0.05,Low,0.965
11570721027,nutrition,0.05,Low,0.97
11570721029,nutrition,0.05,Low,0.995
11570721034,nutrition,0.05,Low,0.985
11570721036,nutrition,0.05,Low,0.99
11570721037,nutrition,0.05,Low,0.99
11573383967,nutrition,0.05,Low,0.935
11573383984,nutrition,0.05,Low,0.975
11573383997,nutrition,0.05,Low,0.93
11727195684,nutrition,0.05,High,0.925
11727195728,nutrition,0.05,High,0.535
11783501643,nutrition,0.05,High,0.97
11783501650,nutrition,0.05,High,0.915
11783501664,nutrition,0.05,High,0.515
11783501665,nutrition,0.05,Medium,0.57
11783501667,nutrition,0.05,Medium,0.78
11783509275,nutrition,0.05,Medium,0.965
11783509288,nutrition,0.05,Medium,0.585
11783509289,nutrition,0.05,High,0.655
11783509294,nutrition,0.05,High,0.825
11783509298,nutrition,0.05,High,0.87
11783509302,nutrition,0.05,High,0.995
11783509361,nutrition,0.05,High,0.935
11783509365,nutrition,0.05,Medium,0.79
11795188462,nutrition,0.05,High,0.695
11795218787,nutrition,0.05,Very High,0.98
11795218824,nutrition,0.05,Very High,0.685
11795218835,nutrition,0.05,High,0.625
11795264483,nutrition,0.05,Very High,1.0
11795420506,nutrition,0.05,High,0.91
11795420526,nutrition,0.05,High,0.635
11795420545,nutrition,0.05,High,0.97
11802276815,nutrition,0.05,Very High,0.865
11803457978,nutrition,0.05,Very High,0.68
11803458056,nutrition,0.05,High,0.615
11811197853,nutrition,0.05,Very High,1.0
11819306987,nutrition,0.05,Very High,0.865
11821233258,nutrition,0.05,Very High,1.0
11847828107,nutrition,0.05,Very High,0.655
11865664335,nutrition,0.05,Very High,0.965
11868804459,nutrition,0.05,Very High,0.74
11898597265,nutrition,0.05,Very High,0.58
11898597273,nutrition,0.05,High,0.55
11898597895,nutrition,0.05,Medium,0.81
11898597910,nutrition,0.05,Medium,0.91
11898725990,nutrition,0.05,Medium,0.89
11898725993,nutrition,0.05,Medium,0.875
11898725998,nutrition,0.05,Medium,0.855
11941854648,nutrition,0.05,Very High,1.0
11941909371,nutrition,0.05,Very High,1.0
11955680768,nutrition,0.05,High,0.71
11992455236,nutrition,0.05,Very High,0.72
12077416339,nutrition,0.05,Very High,0.975
12140293163,nutrition,0.05,Medium,0.99
12146326622,nutrition,0.05,Very High,1.0
12147636333,nutrition,0.05,High,0.715
12148197408,nutrition,0.05,Very High,0.615
12382192929,nutrition,0.05,Very High,1.0
12424652961,nutrition,0.05,High,0.905
12424652965,nutrition,0.05,High,0.54
12430718967,nutrition,0.05,Medium,0.99
12430718982,nutrition,0.05,Medium,0.975
12430718985,nutrition,0.05,Medium,0.985
12430718999,nutrition,0.05,Medium,0.995
12485105673,nutrition,0.05,Very High,1.0
12522995826,nutrition,0.05,High,0.59
12531973896,nutrition,0.05,High,0.725
12531984404,nutrition,0.05,High,0.955
12549478489,nutrition,0.05,Very High,1.0
12549808196,nutrition,0.05,Very High,1.0
12549820321,nutrition,0.05,Very High,1.0
12549820333,nutrition,0.05,Very High,0.99
12549925773,nutrition,0.05,Very High,0.96
12551295536,nutrition,0.05,Very High,0.86
12551295582,nutrition,0.05,Very High,0.995
12551295599,nutrition,0.05,Very High,0.99
12565104409,nutrition,0.05,Very High,1.0
12565104470,nutrition,0.05,Very High,1.0
12595228366,nutrition,0.05,Very High,0.92
12595228399,nutrition,0.05,Very High,0.98
12604059177,nutrition,0.05,Very High,1.0
12604059190,nutrition,0.05,Very High,1.0
12604521706,nutrition,0.05,Very High,0.92
12604521732,nutrition,0.05,Very High,0.965
12607094312,nutrition,0.05,Very High,1.0
12607126625,nutrition,0.05,Very High,0.65
12628688065,nutrition,0.05,Low,0.985
12636319154,nutrition,0.05,Very High,0.99
12636319189,nutrition,0.05,Very High,1.0
12639567742,nutrition,0.05,Very High,0.985
12641784763,nutrition,0.05,High,0.815
12641784775,nutrition,0.05,High,0.985
12644019237,nutrition,0.05,Medium,0.935
12644019263,nutrition,0.05,Low,0.825
12644019265,nutrition,0.05,Low,0.835
12644019272,nutrition,0.05,Low,0.905
12644019281,nutrition,0.05,Low,0.98
12647719174,nutrition,0.05,Low,0.99
12647719175,nutrition,0.05,Low,0.975
12647719259,nutrition,0.05,Low,0.985
12647719261,nutrition,0.05,Low,0.98
12647719262,nutrition,0.05,Low,0.975
12647719263,nutrition,0.05,Low,0.985
12647719265,nutrition,0.05,Low,0.985
12647719266,nutrition,0.05,Low,0.975
12647719354,nutrition,0.05,Low,0.975
12647719356,nutrition,0.05,Low,0.995
12648436039,nutrition,0.05,Low,0.98
12652485851,nutrition,0.05,Very High,0.805
12655832976,nutrition,0.05,Very High,0.99
12655848036,nutrition,0.05,Very High,0.94
12656761390,nutrition,0.05,High,0.955
12656782705,nutrition,0.05,High,0.875
12673454380,nutrition,0.05,Very High,0.92
12684727361,nutrition,0.05,Very High,0.625
12726482693,nutrition,0.05,Very High,0.795
12726512906,nutrition,0.05,Very High,0.98
12726512992,nutrition,0.05,Very High,0.99
12726513023,nutrition,0.05,Very High,0.965
12726513025,nutrition,0.05,Very High,0.825
12728226848,nutrition,0.05,Very High,1.0
12728477228,nutrition,0.05,High,0.82
12728636606,nutrition,0.05,Very High,1.0
12728636634,nutrition,0.05,Very High,1.0
12728664268,nutrition,0.05,Very High,1.0
12728664287,nutrition,0.05,Very High,1.0
12728719280,nutrition,0.05,Very High,0.825
12728785706,nutrition,0.05,Very High,1.0
12729291244,nutrition,0.05,Very High,0.765
12729291602,nutrition,0.05,High,0.545
12729291646,nutrition,0.05,Very High,0.995
12730458390,nutrition,0.05,Very High,0.91
12730458394,nutrition,0.05,Very High,0.965
12730466824,nutrition,0.05,Very High,0.995
12730466882,nutrition,0.05,Very High,0.785
12730528439,nutrition,0.05,Very High,0.995
12730599926,nutrition,0.05,Very High,1.0
12730639856,nutrition,0.05,Very High,0.995
12730738415,nutrition,0.05,Very High,1.0
12730738463,nutrition,0.05,Very High,1.0
12730738485,nutrition,0.05,Very High,1.0
12730738503,nutrition,0.05,Very High,1.0
12730828702,nutrition,0.05,High,0.99
12730828735,nutrition,0.05,High,0.88
12730828762,nutrition,0.05,High,0.56
12731475236,nutrition,0.05,Very High,1.0
12731475289,nutrition,0.05,Very High,1.0
12731491628,nutrition,0.05,Very High,0.915
12731491669,nutrition,0.05,High,0.725
12731491672,nutrition,0.05,High,0.735
12731491675,nutrition,0.05,Very High,0.69
12731719277,nutrition,0.05,Low,0.71
12731719282,nutrition,0.05,Low,0.68
12731719283,nutrition,0.05,Low,0.65
12731719284,nutrition,0.05,Low,0.695
12731719295,nutrition,0.05,Low,0.715
12731728805,nutrition,0.05,Low,0.77
12731728812,nutrition,0.05,Low,0.82
12731728813,nutrition,0.05,Low,0.78
12731728816,nutrition,0.05,Low,0.845
12731728818,nutrition,0.05,Low,0.84
12731728823,nutrition,0.05,Low,0.78
12731728970,nutrition,0.05,Low,0.785
12731728977,nutrition,0.05,Low,0.71
12731728994,nutrition,0.05,Low,0.98
12731729007,nutrition,0.05,Low,0.985
12731729018,nutrition,0.05,Low,1.0
12731729028,nutrition,0.05,Low,0.995
12731729030,nutrition,0.05,Low,0.995
12731729031,nutrition,0.05,Low,0.995
12731729033,nutrition,0.05,Low,0.995
12731729035,nutrition,0.05,Low,0.995
12731729072,nutrition,0.05,Medium,0.78
12731729074,nutrition,0.05,Low,0.77
12731729082,nutrition,0.05,Low,0.84
12731729083,nutrition,0.05,Low,0.995
12731780259,nutrition,0.05,Low,0.86
12731780266,nutrition,0.05,Low,0.905
12731780270,nutrition,0.05,Low,0.795
12731780271,nutrition,0.05,Low,0.845
12731780272,nutrition,0.05,Low,0.87
12731780273,nutrition,0.05,Low,0.825
12731780274,nutrition,0.05,Low,0.83
12731780275,nutrition,0.05,Low,0.99
12731780276,nutrition,0.05,Low,0.99
12731780277,nutrition,0.05,Low,0.985
12731780278,nutrition,0.05,Low,0.99
12731780279,nutrition,0.05,Low,0.985
12731780280,nutrition,0.05,Low,0.89
12731780281,nutrition,0.05,Low,0.9
12731780283,nutrition,0.05,Low,0.97
12732464838,nutrition,0.05,Very High,0.995
12732464868,nutrition,0.05,Very High,1.0
12732693516,nutrition,0.05,Very High,1.0
12732693544,nutrition,0.05,Very High,0.99
12732693552,nutrition,0.05,Very High,1.0
12732693576,nutrition,0.05,Very High,0.935
12732693584,nutrition,0.05,Very High,0.85
12747733868,nutrition,0.05,Low,0.985
12747733871,nutrition,0.05,Low,0.985
12747733875,nutrition,0.05,Low,0.975
12747733879,nutrition,0.05,Low,0.855
12747733881,nutrition,0.05,Low,0.895
12747733882,nutrition,0.05,Low,0.87
12768149294,nutrition,0.05,High,0.71
12768149297,nutrition,0.05,High,0.83
12768197113,nutrition,0.05,High,0.905
12768380983,nutrition,0.05,High,0.92
12768381000,nutrition,0.05,High,0.855
12768401522,nutrition,0.05,Very High,0.635
12768401535,nutrition,0.05,Very High,0.585
12768401563,nutrition,0.05,High,0.67
12768401577,nutrition,0.05,High,0.785
12768401623,nutrition,0.05,High,0.935
12768401656,nutrition,0.05,High,0.985
12768401707,nutrition,0.05,High,0.995
12768401744,nutrition,0.05,High,0.995
12768401747,nutrition,0.05,High,0.975
12768441224,nutrition,0.05,Very High,0.76
12768441236,nutrition,0.05,High,0.77
12768441239,nutrition,0.05,High,0.615
12768441260,nutrition,0.05,High,0.735
12768441270,nutrition,0.05,High,0.71
12768441271,nutrition,0.05,High,0.96
12768725209,nutrition,0.05,High,0.86
12768725273,nutrition,0.05,Very High,0.53
12768725279,nutrition,0.05,Very High,0.705
12768725281,nutrition,0.05,Very High,0.515
12769049385,nutrition,0.05,High,0.67
12769049389,nutrition,0.05,High,0.655
12769824119,nutrition,0.05,Very High,0.685
12769928884,nutrition,0.05,Very High,0.96
12769951096,nutrition,0.05,Very High,0.785
12769998616,nutrition,0.05,Very High,0.86
12769998672,nutrition,0.05,Very High,0.71
12769998680,nutrition,0.05,Very High,0.815
12769998691,nutrition,0.05,Very High,0.86
12769998694,nutrition,0.05,Very High,0.8
12770065682,nutrition,0.05,Very High,0.905
12771693017,nutrition,0.05,High,0.725
12771693046,nutrition,0.05,Very High,0.88
12771693070,nutrition,0.05,Very High,0.675
12771693084,nutrition,0.05,Very High,0.97
12771693099,nutrition,0.05,Very High,0.895
12771694609,nutrition,0.05,Very High,0.97
12771694620,nutrition,0.05,Very High,0.99
12771694644,nutrition,0.05,Very High,0.915
12771694687,nutrition,0.05,Very High,0.885
12771694732,nutrition,0.05,Very High,0.895
12771694752,nutrition,0.05,Very High,0.58
12772010345,nutrition,0.05,Very High,1.0
12772010372,nutrition,0.05,Very High,1.0
12772010404,nutrition,0.05,Very High,1.0
12772010426,nutrition,0.05,Very High,1.0
12772010458,nutrition,0.05,Very High,1.0
12772201879,nutrition,0.05,Very High,0.655
12772205501,nutrition,0.05,Very High,0.97
12772205558,nutrition,0.05,Very High,1.0
12772205592,nutrition,0.05,Very High,1.0
12772323421,nutrition,0.05,Very High,1.0
12772323475,nutrition,0.05,Very High,1.0
12772323481,nutrition,0.05,Very High,1.0
12772323490,nutrition,0.05,Very High,0.975
12773100949,nutrition,0.05,Low,0.98
12773100956,nutrition,0.05,Low,0.92
12785384650,nutrition,0.05,Very High,1.0
12785384659,nutrition,0.05,Very High,1.0
12785384685,nutrition,0.05,Very High,1.0
12786327363,nutrition,0.05,Very High,0.99
12786327381,nutrition,0.05,Very High,1.0
12786327436,nutrition,0.05,High,0.665
12786361567,nutrition,0.05,Very High,1.0
12786361574,nutrition,0.05,Very High,1.0
12786367939,nutrition,0.05,Very High,1.0
12787592445,nutrition,0.05,Very High,0.995
12787592471,nutrition,0.05,Very High,1.0
12787592490,nutrition,0.05,Very High,1.0
12787672087,nutrition,0.05,Very High,1.0
12787726771,nutrition,0.05,Very High,1.0
12787726787,nutrition,0.05,Very High,0.995
12787737318,nutrition,0.05,Very High,1.0
12787737325,nutrition,0.05,Very High,1.0
12787737345,nutrition,0.05,Very High,1.0
12787823749,nutrition,0.05,Very High,1.0
12787823768,nutrition,0.05,Very High,0.995
12787864222,nutrition,0.05,Very High,0.56
12787864239,nutrition,0.05,Very High,1.0
12787935017,nutrition,0.05,Very High,1.0
12787935022,nutrition,0.05,Very High,0.945
12787935047,nutrition,0.05,Very High,0.835
12787935056,nutrition,0.05,Very High,0.92
12787935076,nutrition,0.05,Very High,0.87
12787935104,nutrition,0.05,Very High,0.995
12787935194,nutrition,0.05,High,0.54
12787997706,nutrition,0.05,Very High,1.0
12787997801,nutrition,0.05,Very High,1.0
12787997805,nutrition,0.05,Very High,0.995
12789133026,nutrition,0.05,Very High,1.0
12791177432,nutrition,0.05,Very High,1.0
12791177444,nutrition,0.05,Very High,1.0
12791177463,nutrition,0.05,Very High,1.0
12791253876,nutrition,0.05,Very High,1.0
12791265022,nutrition,0.05,Very High,1.0
12791265101,nutrition,0.05,Very High,1.0
12791325268,nutrition,0.05,Very High,1.0
12791325276,nutrition,0.05,Very High,1.0
12791325293,nutrition,0.05,Very High,0.995
12791335403,nutrition,0.05,Very High,0.99
12791335431,nutrition,0.05,Very High,1.0
12791335454,nutrition,0.05,Very High,1.0
12791485952,nutrition,0.05,Very High,0.98
12791848834,nutrition,0.05,High,0.825
12791848872,nutrition,0.05,Very High,0.805
12791848898,nutrition,0.05,Very High,0.705
12791882649,nutrition,0.05,Very High,0.77
12791882728,nutrition,0.05,Very High,1.0
12792079684,nutrition,0.05,Very High,0.685
12792117626,nutrition,0.05,High,0.555
12795862183,nutrition,0.05,Medium,0.885
12795913106,nutrition,0.05,Medium,0.71
12795913118,nutrition,0.05,Medium,0.945
12795913160,nutrition,0.05,Medium,0.985
12798426585,nutrition,0.05,High,0.87
12798426588,nutrition,0.05,High,0.865
12798455601,nutrition,0.05,High,0.985
12798455623,nutrition,0.05,High,0.915
12798455652,nutrition,0.05,High,0.915
12798455660,nutrition,0.05,High,0.765
12798455703,nutrition,0.05,High,0.87
12800871737,nutrition,0.05,High,0.85
12800871761,nutrition,0.05,High,0.845
12800871786,nutrition,0.05,High,0.98
12800871799,nutrition,0.05,High,0.98
12800871822,nutrition,0.05,High,0.92
12855417874,nutrition,0.05,Very High,1.0
12921693543,nutrition,0.05,Very High,0.92
12921693570,nutrition,0.05,Very High,0.985
12921693581,nutrition,0.05,Very High,0.885
13011475507,nutrition,0.05,Very High,0.91
13036810031,nutrition,0.05,Very High,0.94
13042739813,nutrition,0.05,Low,0.785
13042739816,nutrition,0.05,Medium,0.73
13042739818,nutrition,0.05,Medium,0.785
13042739839,nutrition,0.05,Medium,0.78
13048692792,nutrition,0.05,Very High,1.0
13074470732,nutrition,0.05,High,0.905
13075574229,nutrition,0.05,Very High,0.665
13075574254,nutrition,0.05,Very High,0.595
13075574265,nutrition,0.05,High,0.865
13075574515,nutrition,0.05,High,0.66
13075755572,nutrition,0.05,Very High,1.0
13075891044,nutrition,0.05,Very High,0.905
13075891052,nutrition,0.05,Very High,0.955
13075891065,nutrition,0.05,Very High,0.93
13075891066,nutrition,0.05,Very High,0.975
13075891072,nutrition,0.05,Very High,0.975
13192125265,nutrition,0.05,Low,0.975
13192135506,nutrition,0.05,Low,0.97
13192135516,nutrition,0.05,Low,0.91
13208903748,nutrition,0.05,Medium,0.75
13208903764,nutrition,0.05,Medium,0.955
13208903775,nutrition,0.05,Medium,0.89
13208903783,nutrition,0.05,Medium,0.935
13208903791,nutrition,0.05,Medium,0.885
13208925271,nutrition,0.05,Medium,0.86
13236897775,nutrition,0.05,Medium,0.895
13236897787,nutrition,0.05,Medium,0.895
13236897795,nutrition,0.05,Medium,0.91
13236903203,nutrition,0.05,Medium,0.97
13236903207,nutrition,0.05,Medium,0.93
13236903210,nutrition,0.05,Medium,0.975
13236903252,nutrition,0.05,Medium,0.94
13247989690,nutrition,0.05,Medium,0.645
13248031603,nutrition,0.05,Medium,0.785
13248789848,nutrition,0.05,High,0.66
13248789863,nutrition,0.05,High,0.59
13248902231,nutrition,0.05,High,0.575
13248902255,nutrition,0.05,High,0.545
13251409772,nutrition,0.05,High,0.635
13251409775,nutrition,0.05,High,0.745
13251427905,nutrition,0.05,High,0.97
13251427910,nutrition,0.05,High,0.94
13266798292,nutrition,0.05,Low,0.98
13266833877,nutrition,0.05,High,0.66
13266833880,nutrition,0.05,High,0.615
13278094142,nutrition,0.05,High,0.96
13283310086,nutrition,0.05,Very High,0.885
13283345525,nutrition,0.05,Medium,0.88
13296601312,nutrition,0.05,Very High,1.0
13305165223,nutrition,0.05,Low,0.995
13305165239,nutrition,0.05,Low,0.845
13305165249,nutrition,0.05,Low,0.86
13305165252,nutrition,0.05,Low,1.0
13305165253,nutrition,0.05,Low,0.985
13305165255,nutrition,0.05,Low,1.0
13333585760,nutrition,0.05,Low,0.99
13333594610,nutrition,0.05,Low,0.985
13363313378,nutrition,0.05,Very High,0.97
13367428598,nutrition,0.05,Very High,0.775
13476413486,nutrition,0.05,Medium,0.91
13476413488,nutrition,0.05,Medium,0.92
13476413490,nutrition,0.05,Medium,0.95
13476800532,nutrition,0.05,Medium,0.99
13479352079,nutrition,0.05,Medium,0.65
13479352116,nutrition,0.05,Medium,1.0
13479352119,nutrition,0.05,Medium,0.905
13479352279,nutrition,0.05,Medium,0.975
13479352298,nutrition,0.05,Medium,0.98
13479352323,nutrition,0.05,Medium,0.985
13479531033,nutrition,0.05,Very High,0.95
13479531068,nutrition,0.05,Very High,0.995
13479573156,nutrition,0.05,Low,0.95
13479573162,nutrition,0.05,Low,0.79
13479573166,nutrition,0.05,Low,0.92
13514569010,nutrition,0.05,Very High,0.875
13514589346,nutrition,0.05,Very High,1.0
13522359572,nutrition,0.05,Very High,0.965
13522359574,nutrition,0.05,Very High,0.94
13522359578,nutrition,0.05,Very High,0.89
13522359582,nutrition,0.05,Very High,0.95
13522386711,nutrition,0.05,Very High,0.99
13522386715,nutrition,0.05,Very High,0.955
13522439186,nutrition,0.05,Very High,1.0
13524533766,nutrition,0.05,Very High,0.955
13524533780,nutrition,0.05,High,0.9
13524533788,nutrition,0.05,High,0.53
13526623536,nutrition,0.05,Very High,1.0
13529411167,nutrition,0.05,Very High,1.0
13531702855,nutrition,0.05,Low,0.995
13531702857,nutrition,0.05,Low,0.995
13551342571,nutrition,0.05,High,0.595
13556042699,nutrition,0.05,Low,0.92
13556103276,nutrition,0.05,Low,0.815
13556103286,nutrition,0.05,Low,0.88
13595807643,nutrition,0.05,High,1.0
13595807668,nutrition,0.05,High,1.0
13634243176,nutrition,0.05,High,0.955
13644950324,nutrition,0.05,High,0.785
13644950365,nutrition,0.05,High,0.58
13652004830,nutrition,0.05,High,0.585
13652004940,nutrition,0.05,High,0.645
13652005057,nutrition,0.05,High,0.635
13652005060,nutrition,0.05,Very High,0.535
13652005063,nutrition,0.05,High,0.72
13652005108,nutrition,0.05,High,0.775
13652005164,nutrition,0.05,High,0.5
13666609775,nutrition,0.05,Very High,0.905
13666686522,nutrition,0.05,Very High,0.915
13690616995,nutrition,0.05,High,0.95
13690617000,nutrition,0.05,High,0.935
13801355990,nutrition,0.05,Very High,1.0
13801398609,nutrition,0.05,Very High,0.705
13806300921,nutrition,0.05,Very High,0.895
13810501988,nutrition,0.05,Low,0.96
31498903,nutrition,0.1,Medium,0.66
265659781,nutrition,0.1,Medium,0.605
265659817,nutrition,0.1,High,0.705
265659911,nutrition,0.1,High,0.795
265659912,nutrition,0.1,High,0.79
265659916,nutrition,0.1,High,0.715
265659926,nutrition,0.1,High,0.575
265669554,nutrition,0.1,Very High,0.955
265669562,nutrition,0.1,Very High,0.91
291582989,nutrition,0.1,Low,0.58
291584378,nutrition,0.1,Low,0.51
291584384,nutrition,0.1,Low,0.665
291584394,nutrition,0.1,Low,0.825
291584395,nutrition,0.1,Low,0.835
291584412,nutrition,0.1,Low,0.575
291584426,nutrition,0.1,Medium,0.73
291584812,nutrition,0.1,Low,0.535
291585357,nutrition,0.1,Low,0.815
291585468,nutrition,0.1,Low,0.59
291927192,nutrition,0.1,Low,0.66
291927228,nutrition,0.1,Low,0.76
291927260,nutrition,0.1,Low,0.755
291927310,nutrition,0.1,Low,0.675
291927385,nutrition,0.1,Low,0.825
291927461,nutrition,0.1,High,0.835
291950057,nutrition,0.1,Low,0.84
293850002,nutrition,0.1,High,0.66
293850123,nutrition,0.1,Medium,0.775
293850151,nutrition,0.1,Medium,0.775
293851624,nutrition,0.1,High,0.66
293851905,nutrition,0.1,High,0.635
293874114,nutrition,0.1,Medium,0.71
293876118,nutrition,0.1,High,0.585
293876279,nutrition,0.1,Medium,0.51
293876630,nutrition,0.1,High,0.725
297411543,nutrition,0.1,High,0.61
297414194,nutrition,0.1,Very High,0.525
297414210,nutrition,0.1,High,0.52
297414218,nutrition,0.1,High,0.76
299641717,nutrition,0.1,Very High,0.925
301801838,nutrition,0.1,Very High,0.975
301802251,nutrition,0.1,Very High,0.99
301802471,nutrition,0.1,Very High,0.955
301802511,nutrition,0.1,Very High,0.95
301806842,nutrition,0.1,Very High,0.965
301807418,nutrition,0.1,Very High,0.965
301811627,nutrition,0.1,Very High,0.7
301813602,nutrition,0.1,Very High,0.88
301814428,nutrition,0.1,High,0.71
302742175,nutrition,0.1,Very High,0.915
302742232,nutrition,0.1,Very High,0.965
302742300,nutrition,0.1,Very High,0.67
302742354,nutrition,0.1,Very High,0.895
302742399,nutrition,0.1,Very High,0.955
302742478,nutrition,0.1,Very High,0.93
302742975,nutrition,0.1,High,0.535
302743086,nutrition,0.1,Very High,0.76
302743402,nutrition,0.1,High,0.8
302743453,nutrition,0.1,High,0.785
302964118,nutrition,0.1,Medium,0.555
302964224,nutrition,0.1,Very High,0.59
302964252,nutrition,0.1,Very High,0.755
302964263,nutrition,0.1,Very High,0.845
302964281,nutrition,0.1,Very High,0.72
302964287,nutrition,0.1,Very High,0.885
302964815,nutrition,0.1,Very High,0.955
302964821,nutrition,0.1,Very High,0.95
302966012,nutrition,0.1,Very High,0.965
302966023,nutrition,0.1,Very High,0.935
302966036,nutrition,0.1,Very High,0.84
302966068,nutrition,0.1,Very High,0.785
302966075,nutrition,0.1,Very High,0.935
302966095,nutrition,0.1,Very High,0.84
303202278,nutrition,0.1,Very High,0.605
304576406,nutrition,0.1,Very High,0.845
304576474,nutrition,0.1,Very High,0.905
304576505,nutrition,0.1,Very High,0.87
304576529,nutrition,0.1,Very High,0.905
304576588,nutrition,0.1,Very High,0.915
304578785,nutrition,0.1,Very High,0.825
304579917,nutrition,0.1,Very High,0.655
304579937,nutrition,0.1,Very High,0.565
304580057,nutrition,0.1,Very High,0.64
304580241,nutrition,0.1,Very High,0.76
304580242,nutrition,0.1,Very High,0.72
304587571,nutrition,0.1,Very High,0.61
304587695,nutrition,0.1,Very High,0.785
304587716,nutrition,0.1,Very High,0.565
304587734,nutrition,0.1,Very High,0.79
304590295,nutrition,0.1,High,0.795
304591541,nutrition,0.1,High,0.515
304591556,nutrition,0.1,Medium,0.525
304591613,nutrition,0.1,High,0.53
304591620,nutrition,0.1,Medium,0.56
304594774,nutrition,0.1,High,0.775
304594780,nutrition,0.1,High,0.81
304594797,nutrition,0.1,High,0.775
304594812,nutrition,0.1,High,0.865
304594904,nutrition,0.1,High,0.775
304594909,nutrition,0.1,High,0.765
304596685,nutrition,0.1,High,0.87
304596716,nutrition,0.1,High,0.82
304617231,nutrition,0.1,High,0.55
304618715,nutrition,0.1,High,0.68
304618717,nutrition,0.1,High,0.6
304696625,nutrition,0.1,Very High,0.67
304697331,nutrition,0.1,Very High,0.62
304697339,nutrition,0.1,High,0.59
304697390,nutrition,0.1,Very High,0.535
304697393,nutrition,0.1,High,0.685
304698900,nutrition,0.1,Very High,0.6
304698938,nutrition,0.1,High,0.545
304698973,nutrition,0.1,High,0.62
304698982,nutrition,0.1,Very High,0.535
304699010,nutrition,0.1,High,0.64
304699026,nutrition,0.1,High,0.515
304699094,nutrition,0.1,Very High,0.6
304734593,nutrition,0.1,Very High,0.625
304734635,nutrition,0.1,Very High,0.655
304734701,nutrition,0.1,Very High,0.805
304734825,nutrition,0.1,Very High,0.695
304740408,nutrition,0.1,Very High,0.75
304742295,nutrition,0.1,Very High,0.845
304742336,nutrition,0.1,Very High,0.82
304742344,nutrition,0.1,Very High,0.86
304742347,nutrition,0.1,Very High,0.835
304743203,nutrition,0.1,Very High,0.545
304762056,nutrition,0.1,Very High,0.875
304762078,nutrition,0.1,Very High,0.915
304763196,nutrition,0.1,Very High,0.91
304763199,nutrition,0.1,Very High,0.915
304763222,nutrition,0.1,Very High,0.735
304763480,nutrition,0.1,Very High,0.57
304763503,nutrition,0.1,Very High,0.655
304763504,nutrition,0.1,Very High,0.55
304763691,nutrition,0.1,Very High,0.585
304763694,nutrition,0.1,High,0.605
304764048,nutrition,0.1,High,0.83
304764067,nutrition,0.1,High,0.765
304764101,nutrition,0.1,High,0.855
304764136,nutrition,0.1,High,0.8
306146053,nutrition,0.1,High,0.72
306223499,nutrition,0.1,High,0.825
306223896,nutrition,0.1,High,0.58
306223916,nutrition,0.1,High,0.76
306296872,nutrition,0.1,Very High,0.82
306296936,nutrition,0.1,Very High,0.735
306297151,nutrition,0.1,Very High,0.6
306299195,nutrition,0.1,High,0.645
306299246,nutrition,0.1,High,0.685
309848495,nutrition,0.1,Very High,0.7
309852361,nutrition,0.1,Low,0.81
309852363,nutrition,0.1,Low,0.865
309853032,nutrition,0.1,Low,0.735
309853211,nutrition,0.1,Low,0.8
309853247,nutrition,0.1,Low,0.5
309853613,nutrition,0.1,Low,0.805
309853615,nutrition,0.1,Low,0.825
313332541,nutrition,0.1,Very High,0.735
313606728,nutrition,0.1,Very High,0.905
314961291,nutrition,0.1,Very High,0.645
315238582,nutrition,0.1,Very High,0.56
315379816,nutrition,0.1,High,0.52
315379824,nutrition,0.1,Medium,0.535
315379825,nutrition,0.1,Medium,0.585
315381082,nutrition,0.1,High,0.815
315381085,nutrition,0.1,High,0.845
315381086,nutrition,0.1,High,0.755
315381096,nutrition,0.1,High,0.765
315381098,nutrition,0.1,High,0.815
315381272,nutrition,0.1,High,0.785
315381281,nutrition,0.1,High,0.795
315381331,nutrition,0.1,High,0.77
315381332,nutrition,0.1,High,0.685
315381452,nutrition,0.1,High,0.79
315381465,nutrition,0.1,High,0.625
315381751,nutrition,0.1,High,0.59
355011067,nutrition,0.1,Low,0.54
364333977,nutrition,0.1,Very High,0.975
364333981,nutrition,0.1,Very High,0.93
366517702,nutrition,0.1,Very High,0.905
366517772,nutrition,0.1,Very High,0.86
367928605,nutrition,0.1,High,0.78
368031696,nutrition,0.1,Very High,0.975
460352061,nutrition,0.1,Medium,0.68
460353192,nutrition,0.1,Medium,0.76
460353197,nutrition,0.1,Medium,0.79
460370994,nutrition,0.1,High,0.72
460371002,nutrition,0.1,High,0.82
460371535,nutrition,0.1,High,0.765
460371547,nutrition,0.1,High,0.785
460371597,nutrition,0.1,High,0.55
460374178,nutrition,0.1,High,0.765
460374206,nutrition,0.1,High,0.675
460384992,nutrition,0.1,Medium,0.71
460384997,nutrition,0.1,Medium,0.715
460385000,nutrition,0.1,Medium,0.635
460811662,nutrition,0.1,High,0.575
460815609,nutrition,0.1,High,0.655
460815980,nutrition,0.1,High,0.53
460831841,nutrition,0.1,High,0.555
460903974,nutrition,0.1,High,0.6
460904225,nutrition,0.1,High,0.615
460913592,nutrition,0.1,High,0.56
460914084,nutrition,0.1,High,0.8
460916521,nutrition,0.1,High,0.8
460927352,nutrition,0.1,High,0.495
460984536,nutrition,0.1,High,0.82
460984908,nutrition,0.1,Medium,0.835
460985089,nutrition,0.1,High,0.725
461001893,nutrition,0.1,High,0.525
461001991,nutrition,0.1,Medium,0.54
461002074,nutrition,0.1,Medium,0.585
1075548256,nutrition,0.1,High,0.78
1075548260,nutrition,0.1,High,0.81
1075548286,nutrition,0.1,High,0.73
1075548295,nutrition,0.1,High,0.86
1309637796,nutrition,0.1,High,0.6
1309637943,nutrition,0.1,High,0.565
1309638308,nutrition,0.1,Very High,0.85
1309638543,nutrition,0.1,Medium,0.785
1309639202,nutrition,0.1,Medium,0.785
1309639592,nutrition,0.1,Medium,0.815
1320036075,nutrition,0.1,Very High,0.985
1329890078,nutrition,0.1,Very High,0.63
1329890105,nutrition,0.1,Very High,0.675
1329890126,nutrition,0.1,Very High,0.635
1332645340,nutrition,0.1,Very High,0.515
1332668655,nutrition,0.1,High,0.685
1332699889,nutrition,0.1,Very High,0.575
1332719592,nutrition,0.1,Very High,0.88
1332719602,nutrition,0.1,Very High,0.555
1332769856,nutrition,0.1,Very High,0.925
1332775383,nutrition,0.1,Very High,0.85
1332775411,nutrition,0.1,Very High,0.88
1332785497,nutrition,0.1,Very High,0.965
1332790270,nutrition,0.1,Very High,0.955
1333269505,nutrition,0.1,Very High,0.935
1333397832,nutrition,0.1,Very High,0.67
1333404045,nutrition,0.1,Very High,0.555
1333538814,nutrition,0.1,Very High,0.78
1333540158,nutrition,0.1,High,0.505
1333555653,nutrition,0.1,High,0.7
1333588095,nutrition,0.1,Very High,0.76
1333605411,nutrition,0.1,Very High,0.895
1333624830,nutrition,0.1,High,0.59
1333686363,nutrition,0.1,Very High,0.915
1333752843,nutrition,0.1,Very High,0.93
1333775570,nutrition,0.1,Very High,0.89
1333791624,nutrition,0.1,Very High,0.59
1333799027,nutrition,0.1,Very High,0.58
1333879177,nutrition,0.1,High,0.565
1333925932,nutrition,0.1,Very High,0.735
1333965877,nutrition,0.1,High,0.74
1334351921,nutrition,0.1,Very High,0.81
1334519568,nutrition,0.1,High,0.695
1334519592,nutrition,0.1,High,0.76
1334519617,nutrition,0.1,High,0.73
1334519623,nutrition,0.1,High,0.8
1334519651,nutrition,0.1,High,0.74
1335370854,nutrition,0.1,Very High,0.725
1335400991,nutrition,0.1,Very High,0.86
1335716130,nutrition,0.1,High,0.555
1335716269,nutrition,0.1,High,0.68
1335858522,nutrition,0.1,Very High,0.64
1335900049,nutrition,0.1,High,0.83
1335903101,nutrition,0.1,Very High,0.66
1335936926,nutrition,0.1,Very High,0.945
1335949339,nutrition,0.1,Very High,0.95
1335962684,nutrition,0.1,Very High,0.965
1336450093,nutrition,0.1,Very High,0.675
1336450099,nutrition,0.1,Very High,0.55
1336450118,nutrition,0.1,Very High,0.89
1336481996,nutrition,0.1,Very High,0.82
1336655119,nutrition,0.1,High,0.655
1336672458,nutrition,0.1,Very High,0.54
1336688270,nutrition,0.1,High,0.54
1336737682,nutrition,0.1,High,0.82
1336737701,nutrition,0.1,High,0.805
1336737713,nutrition,0.1,High,0.8
1336904969,nutrition,0.1,Very High,0.77
1336911630,nutrition,0.1,Very High,0.695
1337032073,nutrition,0.1,High,0.525
1337086021,nutrition,0.1,High,0.61
1337104625,nutrition,0.1,High,0.565
1416167195,nutrition,0.1,High,0.66
1416167197,nutrition,0.1,High,0.605
1456255195,nutrition,0.1,Very High,0.91
1482300049,nutrition,0.1,High,0.53
1499300917,nutrition,0.1,High,0.72
1515277205,nutrition,0.1,Low,0.71
1515277209,nutrition,0.1,Low,0.69
1515277210,nutrition,0.1,Low,0.74
1515278363,nutrition,0.1,Low,0.595
1517776311,nutrition,0.1,Medium,0.79
1517780065,nutrition,0.1,Medium,0.55
1517799702,nutrition,0.1,Very High,0.975
1517894265,nutrition,0.1,Very High,0.68
1517894389,nutrition,0.1,Very High,0.815
1518680309,nutrition,0.1,Very High,0.53
1519301970,nutrition,0.1,High,0.675
1520083271,nutrition,0.1,Very High,0.925
1520083698,nutrition,0.1,Very High,0.975
1521099820,nutrition,0.1,Very High,0.81
1524484562,nutrition,0.1,High,0.65
1554374469,nutrition,0.1,Medium,0.815
1554374555,nutrition,0.1,Medium,0.76
1554374565,nutrition,0.1,Medium,0.675
1554374588,nutrition,0.1,Medium,0.69
1554374598,nutrition,0.1,Medium,0.745
1554374611,nutrition,0.1,Medium,0.685
1554374648,nutrition,0.1,Medium,0.6
1576984303,nutrition,0.1,Medium,0.755
1576984320,nutrition,0.1,Very High,0.56
1576987630,nutrition,0.1,High,0.755
1577002117,nutrition,0.1,Very High,0.745
1577002120,nutrition,0.1,Very High,0.55
1577003431,nutrition,0.1,High,0.63
1577003435,nutrition,0.1,High,0.56
1577003436,nutrition,0.1,High,0.675
1582411346,nutrition,0.1,Very High,0.965
1582420933,nutrition,0.1,Very High,0.815
1601530424,nutrition,0.1,Very High,0.98
1607732821,nutrition,0.1,High,0.745
1607732898,nutrition,0.1,Medium,0.71
1607732969,nutrition,0.1,Medium,0.84
1607732991,nutrition,0.1,High,0.725
1607870522,nutrition,0.1,Medium,0.83
1634571340,nutrition,0.1,High,0.65
1634571342,nutrition,0.1,High,0.685
1634571498,nutrition,0.1,High,0.63
1646145198,nutrition,0.1,High,0.525
1654943890,nutrition,0.1,High,0.505
1655958419,nutrition,0.1,High,0.575
1656878955,nutrition,0.1,Low,0.595
1656879008,nutrition,0.1,Low,0.78
1669281897,nutrition,0.1,Very High,0.645
1669281972,nutrition,0.1,Very High,0.625
1669385096,nutrition,0.1,Very High,0.62
1669391017,nutrition,0.1,Very High,0.52
1670467950,nutrition,0.1,Very High,0.99
1670774501,nutrition,0.1,High,0.69
1671052660,nutrition,0.1,Very High,0.95
1671052676,nutrition,0.1,Very High,0.965
1671107675,nutrition,0.1,Very High,0.905
1673201108,nutrition,0.1,Very High,0.99
1673398526,nutrition,0.1,Very High,0.965
1674550443,nutrition,0.1,Very High,0.655
1674550549,nutrition,0.1,Very High,0.805
1674798928,nutrition,0.1,Very High,0.915
1674798941,nutrition,0.1,Very High,0.89
1674799108,nutrition,0.1,Very High,0.68
1675779149,nutrition,0.1,Very High,0.665
1675787981,nutrition,0.1,Very High,0.71
1676722898,nutrition,0.1,Very High,0.89
1676723004,nutrition,0.1,High,0.79
1676723049,nutrition,0.1,Very High,0.695
1676723117,nutrition,0.1,Very High,0.87
1676857165,nutrition,0.1,Very High,0.91
1676874935,nutrition,0.1,Very High,0.96
1676930741,nutrition,0.1,Very High,0.91
1676930747,nutrition,0.1,Very High,0.93
1677395629,nutrition,0.1,Very High,0.935
1678144337,nutrition,0.1,Very High,0.875
1679571341,nutrition,0.1,Very High,0.94
1680813066,nutrition,0.1,Very High,0.87
1680817595,nutrition,0.1,Very High,0.95
1683133784,nutrition,0.1,Very High,0.535
1683149343,nutrition,0.1,Very High,0.585
1683419392,nutrition,0.1,High,0.68
1683419476,nutrition,0.1,Very High,0.655
1683419518,nutrition,0.1,Very High,0.66
1683530161,nutrition,0.1,High,0.7
1683616583,nutrition,0.1,Very High,0.515
1683616632,nutrition,0.1,Very High,0.605
1684754778,nutrition,0.1,High,0.67
1684754783,nutrition,0.1,High,0.69
1686023369,nutrition,0.1,Very High,0.56
1687418211,nutrition,0.1,High,0.785
1687702106,nutrition,0.1,Very High,0.52
1687705213,nutrition,0.1,Very High,0.61
1688374316,nutrition,0.1,High,0.83
1688374447,nutrition,0.1,High,0.825
1688374494,nutrition,0.1,High,0.775
1688374515,nutrition,0.1,High,0.6
1688401743,nutrition,0.1,High,0.73
1691714738,nutrition,0.1,Very High,0.855
1691892263,nutrition,0.1,High,0.6
1692037020,nutrition,0.1,High,0.655
1692037033,nutrition,0.1,High,0.71
1692448608,nutrition,0.1,High,0.515
1692448628,nutrition,0.1,High,0.65
1693050615,nutrition,0.1,High,0.76
1693307316,nutrition,0.1,Very High,0.67
1695229413,nutrition,0.1,Very High,0.71
1696284480,nutrition,0.1,Very High,0.695
1696297242,nutrition,0.1,Very High,0.515
1719680117,nutrition,0.1,Very High,0.645
1727511203,nutrition,0.1,Very High,0.58
1733233982,nutrition,0.1,Medium,0.72
1733233984,nutrition,0.1,Medium,0.78
1733234004,nutrition,0.1,Medium,0.76
1733234015,nutrition,0.1,Medium,0.82
1733234018,nutrition,0.1,Medium,0.615
1733234033,nutrition,0.1,Medium,0.81
1733234057,nutrition,0.1,Low,0.84
1733259450,nutrition,0.1,Low,0.78
1733259455,nutrition,0.1,Low,0.825
1739321161,nutrition,0.1,High,0.595
1748744712,nutrition,0.1,High,0.855
1748744790,nutrition,0.1,High,0.76
1748752437,nutrition,0.1,High,0.81
1748752554,nutrition,0.1,High,0.825
1748789991,nutrition,0.1,High,0.82
1750283342,nutrition,0.1,Very High,0.74
1752677525,nutrition,0.1,High,0.85
1752677708,nutrition,0.1,High,0.795
1752939244,nutrition,0.1,High,0.76
1752979743,nutrition,0.1,High,0.73
1752979813,nutrition,0.1,High,0.775
1752991477,nutrition,0.1,High,0.79
1753033755,nutrition,0.1,High,0.75
1753739585,nutrition,0.1,High,0.73
1755882802,nutrition,0.1,Very High,0.52
1758174742,nutrition,0.1,High,0.72
1762006333,nutrition,0.1,Very High,0.6
1762006353,nutrition,0.1,Very High,0.51
1762166889,nutrition,0.1,Very High,0.56
1762166903,nutrition,0.1,Very High,0.52
1762177612,nutrition,0.1,Very High,0.665
1767838635,nutrition,0.1,High,0.71
1771412280,nutrition,0.1,High,0.8
1783311722,nutrition,0.1,Medium,0.77
1821516873,nutrition,0.1,High,0.66
1833995997,nutrition,0.1,High,0.69
1912111979,nutrition,0.1,High,0.845
1959410503,nutrition,0.1,High,0.615
1959410634,nutrition,0.1,High,0.82
1976182212,nutrition,0.1,Very High,0.95
1976182230,nutrition,0.1,Very High,0.925
2048787814,nutrition,0.1,Very High,0.51
2102252140,nutrition,0.1,Very High,0.985
2140190743,nutrition,0.1,Very High,0.6
2161358988,nutrition,0.1,Very High,0.57
2161369349,nutrition,0.1,Very High,0.6
2161371310,nutrition,0.1,Very High,0.655
2307384385,nutrition,0.1,Very High,0.98
2400326002,nutrition,0.1,Very High,0.99
2422262678,nutrition,0.1,Very High,0.83
2433711113,nutrition,0.1,High,0.615
2433722241,nutrition,0.1,Very High,0.645
2537637988,nutrition,0.1,Medium,0.65
2537637993,nutrition,0.1,Medium,0.73
2537637997,nutrition,0.1,Medium,0.705
2537638001,nutrition,0.1,Medium,0.745
2537638005,nutrition,0.1,Medium,0.755
2537638007,nutrition,0.1,Medium,0.695
2537638090,nutrition,0.1,Medium,0.64
2537638091,nutrition,0.1,Medium,0.52
2537638093,nutrition,0.1,High,0.585
2537638095,nutrition,0.1,High,0.64
2543618332,nutrition,0.1,Very High,0.815
2550866372,nutrition,0.1,High,0.75
2550866427,nutrition,0.1,High,0.775
2550989572,nutrition,0.1,Very High,0.52
2551007719,nutrition,0.1,High,0.665
2551007746,nutrition,0.1,High,0.565
2551007757,nutrition,0.1,Medium,0.52
2551007781,nutrition,0.1,High,0.51
2551031955,nutrition,0.1,High,0.555
2552400217,nutrition,0.1,Very High,0.975
2624681386,nutrition,0.1,Low,0.81
2655580318,nutrition,0.1,Very High,0.7
2716878303,nutrition,0.1,High,0.555
2814813324,nutrition,0.1,High,0.56
2814816868,nutrition,0.1,High,0.795
2817142002,nutrition,0.1,High,0.725
2817144587,nutrition,0.1,High,0.605
2817153807,nutrition,0.1,High,0.585
2817167063,nutrition,0.1,Very High,0.95
2817246341,nutrition,0.1,Very High,0.7
2817659494,nutrition,0.1,Very High,0.595
2822871751,nutrition,0.1,Medium,0.68
2833044701,nutrition,0.1,High,0.5
2833058304,nutrition,0.1,High,0.865
2833058401,nutrition,0.1,High,0.81
2842383207,nutrition,0.1,Very High,0.53
2844479897,nutrition,0.1,High,0.79
2844479900,nutrition,0.1,Very High,0.595
2853259828,nutrition,0.1,Very High,0.855
2939669839,nutrition,0.1,Very High,0.755
2948657263,nutrition,0.1,High,0.785
2971775879,nutrition,0.1,Very High,0.595
3078449760,nutrition,0.1,Very High,0.925
3078449799,nutrition,0.1,Very High,0.95
3129277334,nutrition,0.1,Very High,0.735
3363528669,nutrition,0.1,Very High,0.56
3375251445,nutrition,0.1,Very High,0.975
3430936974,nutrition,0.1,Medium,0.77
3430936979,nutrition,0.1,Medium,0.68
3430936987,nutrition,0.1,Medium,0.7
3430942196,nutrition,0.1,Medium,0.77
3430942200,nutrition,0.1,Medium,0.69
3430942206,nutrition,0.1,Medium,0.725
3529181723,nutrition,0.1,Very High,0.77
3577241309,nutrition,0.1,High,0.505
3586834520,nutrition,0.1,Medium,0.645
3586834543,nutrition,0.1,Medium,0.575
3733079068,nutrition,0.1,Very High,0.64
3758452439,nutrition,0.1,Very High,0.975
3763287838,nutrition,0.1,Low,0.565
3763287855,nutrition,0.1,Low,0.6
3763287856,nutrition,0.1,Low,0.715
3763305372,nutrition,0.1,Low,0.745
3763305379,nutrition,0.1,Low,0.75
3763305380,nutrition,0.1,Low,0.76
3763305790,nutrition,0.1,Low,0.835
3763305791,nutrition,0.1,Very Low,0.775
3763305797,nutrition,0.1,Low,0.64
3763305798,nutrition,0.1,Medium,0.615
3763305805,nutrition,0.1,Low,0.57
3763305822,nutrition,0.1,Very Low,0.8
3763305834,nutrition,0.1,Very Low,0.815
3763305841,nutrition,0.1,Low,0.755
3763305846,nutrition,0.1,Low,0.79
3763309259,nutrition,0.1,Low,0.785
3763309281,nutrition,0.1,Very Low,0.75
3763309286,nutrition,0.1,Very Low,0.815
3763309289,nutrition,0.1,Very Low,0.77
3763309300,nutrition,0.1,Very Low,0.815
3763309301,nutrition,0.1,Low,0.825
3763309314,nutrition,0.1,Low,0.805
3763309316,nutrition,0.1,Very Low,0.775
3763309322,nutrition,0.1,Low,0.72
3763309333,nutrition,0.1,Low,0.82
3763309339,nutrition,0.1,Low,0.83
3763309342,nutrition,0.1,Low,0.815
3763309344,nutrition,0.1,Low,0.79
3763309348,nutrition,0.1,Low,0.88
3763309353,nutrition,0.1,Low,0.8
3763309355,nutrition,0.1,Low,0.85
3763309367,nutrition,0.1,Low,0.82
3763309373,nutrition,0.1,Low,0.73
3763309376,nutrition,0.1,Low,0.735
3763309379,nutrition,0.1,Low,0.73
3763309390,nutrition,0.1,Very Low,0.83
3771849226,nutrition,0.1,Medium,0.685
3771849227,nutrition,0.1,Medium,0.68
3771849228,nutrition,0.1,Medium,0.74
3771849229,nutrition,0.1,Medium,0.85
3806824101,nutrition,0.1,Very High,0.69
3809925650,nutrition,0.1,Very High,0.865
3812548070,nutrition,0.1,Very High,0.63
3816218870,nutrition,0.1,Very High,0.97
3877858786,nutrition,0.1,High,0.73
3961529297,nutrition,0.1,High,0.595
4028348297,nutrition,0.1,Very High,0.87
4038324228,nutrition,0.1,Medium,0.755
4044375747,nutrition,0.1,Very High,0.52
4050345394,nutrition,0.1,Very High,0.73
4050345815,nutrition,0.1,Very High,0.89
4050345950,nutrition,0.1,Very High,0.915
4069942819,nutrition,0.1,Very High,0.795
4071708549,nutrition,0.1,Very High,0.87
4120467620,nutrition,0.1,High,0.51
4138094680,nutrition,0.1,Very High,0.885
4228868789,nutrition,0.1,High,0.69
4229026795,nutrition,0.1,Very High,0.94
4229925893,nutrition,0.1,High,0.605
4230313514,nutrition,0.1,High,0.72
4230313555,nutrition,0.1,High,0.56
4230353709,nutrition,0.1,High,0.645
4230353759,nutrition,0.1,Very High,0.68
4230354780,nutrition,0.1,High,0.52
4230356132,nutrition,0.1,High,0.825
4230356143,nutrition,0.1,Very High,0.53
4230396300,nutrition,0.1,Very High,0.6
4235104793,nutrition,0.1,Very High,0.735
4235120611,nutrition,0.1,Very High,0.92
4235178591,nutrition,0.1,Very High,0.935
4235180094,nutrition,0.1,Very High,0.86
4235185589,nutrition,0.1,Very High,0.86
4235272707,nutrition,0.1,Very High,0.98
4235356889,nutrition,0.1,Very High,0.82
4241728252,nutrition,0.1,Very High,0.925
4241778004,nutrition,0.1,High,0.55
4241778012,nutrition,0.1,High,0.515
4241778023,nutrition,0.1,High,0.535
4241782001,nutrition,0.1,High,0.55
4242571114,nutrition,0.1,High,0.735
4242596805,nutrition,0.1,High,0.805
4242838921,nutrition,0.1,Very High,0.645
4242863366,nutrition,0.1,Very High,0.62
4242864833,nutrition,0.1,Very High,0.555
4242865422,nutrition,0.1,Very High,0.555
4242878102,nutrition,0.1,Very High,0.795
4242887289,nutrition,0.1,Very High,0.72
4242887290,nutrition,0.1,High,0.5
4243016495,nutrition,0.1,High,0.815
4244292013,nutrition,0.1,Very High,0.645
4244320393,nutrition,0.1,High,0.86
4244396190,nutrition,0.1,High,0.695
4244396289,nutrition,0.1,Medium,0.765
4244683532,nutrition,0.1,High,0.53
4245976092,nutrition,0.1,High,0.54
4259955458,nutrition,0.1,Very High,0.84
4406270890,nutrition,0.1,High,0.505
4406270938,nutrition,0.1,Medium,0.61
4425354702,nutrition,0.1,High,0.74
4557252953,nutrition,0.1,Very High,0.55
4668278614,nutrition,0.1,Medium,0.79
4668278617,nutrition,0.1,Medium,0.76
4668278626,nutrition,0.1,Medium,0.8
4668278636,nutrition,0.1,Medium,0.805
4668278646,nutrition,0.1,Medium,0.765
4668278661,nutrition,0.1,Medium,0.835
4668278663,nutrition,0.1,Low,0.575
4668278668,nutrition,0.1,Low,0.575
4668278674,nutrition,0.1,Low,0.675
4668279609,nutrition,0.1,Low,0.56
4668279619,nutrition,0.1,Medium,0.73
4668279630,nutrition,0.1,Medium,0.5
4668279656,nutrition,0.1,Medium,0.625
4820400254,nutrition,0.1,Medium,0.745
4820400287,nutrition,0.1,Medium,0.73
4820400289,nutrition,0.1,Medium,0.785
4820400291,nutrition,0.1,Medium,0.79
4820400294,nutrition,0.1,Medium,0.79
4820400295,nutrition,0.1,Medium,0.84
4820428243,nutrition,0.1,High,0.71
4820428244,nutrition,0.1,High,0.61
4820428249,nutrition,0.1,Medium,0.515
4820428252,nutrition,0.1,Medium,0.535
4820428263,nutrition,0.1,Medium,0.525
4820428264,nutrition,0.1,Medium,0.58
4820428266,nutrition,0.1,Medium,0.565
4820428268,nutrition,0.1,High,0.525
4899932460,nutrition,0.1,Medium,0.725
4902689737,nutrition,0.1,Very High,0.77
4902690046,nutrition,0.1,Very High,0.78
5205085828,nutrition,0.1,Very High,0.885
5338115314,nutrition,0.1,High,0.63
5338117821,nutrition,0.1,High,0.575
5359935172,nutrition,0.1,High,0.5
5364017472,nutrition,0.1,High,0.75
5365725281,nutrition,0.1,High,0.55
5412363649,nutrition,0.1,Very High,0.795
5471236076,nutrition,0.1,Very High,0.95
5514396514,nutrition,0.1,High,0.81
5545134740,nutrition,0.1,Very High,0.845
5563872873,nutrition,0.1,Medium,0.75
5563872908,nutrition,0.1,Medium,0.73
5563872945,nutrition,0.1,Medium,0.71
5563872989,nutrition,0.1,Medium,0.795
5578156044,nutrition,0.1,Very High,0.705
5831742595,nutrition,0.1,High,0.755
5972718215,nutrition,0.1,Low,0.7
5974229346,nutrition,0.1,Low,0.805
5974229351,nutrition,0.1,Low,0.79
5974229356,nutrition,0.1,Low,0.735
5974229358,nutrition,0.1,Low,0.73
5974229359,nutrition,0.1,Low,0.785
5974229361,nutrition,0.1,Low,0.71
5974229362,nutrition,0.1,Low,0.79
5974229364,nutrition,0.1,Low,0.81
5974229366,nutrition,0.1,Low,0.835
6034073764,nutrition,0.1,Very High,0.735
6049100072,nutrition,0.1,Very High,0.78
6086073177,nutrition,0.1,High,0.53
6086089286,nutrition,0.1,High,0.605
6086126706,nutrition,0.1,High,0.79
6086126787,nutrition,0.1,High,0.845
6086144463,nutrition,0.1,High,0.745
6086166519,nutrition,0.1,Very High,0.745
6086217569,nutrition,0.1,Very High,0.825
6093047863,nutrition,0.1,High,0.885
6093047884,nutrition,0.1,High,0.755
6093049092,nutrition,0.1,High,0.84
6093049103,nutrition,0.1,High,0.79
6093049135,nutrition,0.1,High,0.795
6093049202,nutrition,0.1,High,0.83
6093049238,nutrition,0.1,High,0.8
6093049257,nutrition,0.1,High,0.74
6093049270,nutrition,0.1,High,0.76
6093049280,nutrition,0.1,High,0.705
6093049289,nutrition,0.1,High,0.635
6093049298,nutrition,0.1,High,0.61
6093049326,nutrition,0.1,High,0.835
6093054716,nutrition,0.1,High,0.73
6093054724,nutrition,0.1,High,0.81
6106890865,nutrition,0.1,Very High,0.865
6122292644,nutrition,0.1,Very High,0.945
6131677268,nutrition,0.1,Very High,0.725
6149496208,nutrition,0.1,Very High,0.81
6149519804,nutrition,0.1,High,0.575
6149527865,nutrition,0.1,Very High,0.91
6149567917,nutrition,0.1,High,0.825
6149567919,nutrition,0.1,High,0.755
6167688903,nutrition,0.1,Very High,0.99
6168445900,nutrition,0.1,Very High,0.955
6168445916,nutrition,0.1,Very High,0.94
6170668966,nutrition,0.1,High,0.505
6188306586,nutrition,0.1,Medium,0.53
6229927409,nutrition,0.1,High,0.78
6247994297,nutrition,0.1,Very High,0.955
6267835216,nutrition,0.1,High,0.815
6293681656,nutrition,0.1,High,0.735
6300295619,nutrition,0.1,Medium,0.72
6305779529,nutrition,0.1,Very High,0.91
6328984333,nutrition,0.1,Very Low,0.79
6328984371,nutrition,0.1,Medium,0.52
6328984486,nutrition,0.1,Low,0.63
6328984493,nutrition,0.1,Low,0.735
6328984495,nutrition,0.1,Low,0.725
6339832471,nutrition,0.1,High,0.815
6339861223,nutrition,0.1,Very High,0.93
6369822475,nutrition,0.1,Very High,0.97
6372602414,nutrition,0.1,Low,0.81
6372602415,nutrition,0.1,Low,0.83
6372602417,nutrition,0.1,Low,0.785
6372602420,nutrition,0.1,Low,0.705
6403547181,nutrition,0.1,High,0.795
6418907296,nutrition,0.1,Very High,0.72
6440467754,nutrition,0.1,Very High,0.845
6491703571,nutrition,0.1,Very High,0.965
6524156244,nutrition,0.1,Very High,0.75
6533862314,nutrition,0.1,High,0.815
6533862318,nutrition,0.1,High,0.845
6533862335,nutrition,0.1,High,0.8
6535742408,nutrition,0.1,Very High,0.745
6539916754,nutrition,0.1,Very High,0.63
6643065710,nutrition,0.1,Medium,0.775
6667967517,nutrition,0.1,High,0.835
6681110385,nutrition,0.1,High,0.665
6775487582,nutrition,0.1,Medium,0.5
6775526307,nutrition,0.1,Low,0.56
6775526314,nutrition,0.1,Low,0.655
6789185270,nutrition,0.1,Very High,0.955
6789225156,nutrition,0.1,Medium,0.835
6789225172,nutrition,0.1,Medium,0.835
6789225180,nutrition,0.1,Medium,0.88
6789233492,nutrition,0.1,Medium,0.8
6882629397,nutrition,0.1,High,0.82
6948798797,nutrition,0.1,Medium,0.72
6948798804,nutrition,0.1,Medium,0.64
6948798835,nutrition,0.1,Medium,0.605
6975211183,nutrition,0.1,High,0.82
6989876509,nutrition,0.1,High,0.55
6990075663,nutrition,0.1,High,0.545
7007083454,nutrition,0.1,Medium,0.57
7088110119,nutrition,0.1,High,0.68
7176218411,nutrition,0.1,Very High,0.97
7177787606,nutrition,0.1,Very High,0.93
7190872700,nutrition,0.1,Very High,0.87
7354564223,nutrition,0.1,High,0.775
7354564228,nutrition,0.1,Medium,0.76
7389770068,nutrition,0.1,Very High,0.905
7466695670,nutrition,0.1,Very High,0.95
7522989639,nutrition,0.1,Very High,0.9
7548883046,nutrition,0.1,Very High,0.92
7580315774,nutrition,0.1,High,0.52
7580324942,nutrition,0.1,High,0.745
7620412418,nutrition,0.1,High,0.735
7620412456,nutrition,0.1,High,0.825
7620412461,nutrition,0.1,High,0.76
7620412463,nutrition,0.1,High,0.61
7620412466,nutrition,0.1,High,0.645
7620415576,nutrition,0.1,High,0.69
7728499328,nutrition,0.1,High,0.685
7728503183,nutrition,0.1,High,0.79
7728529801,nutrition,0.1,High,0.64
7804547542,nutrition,0.1,Very High,0.935
7806121149,nutrition,0.1,High,0.59
7806507940,nutrition,0.1,Very High,0.685
7843321033,nutrition,0.1,Very High,0.585
7843321060,nutrition,0.1,Very High,0.71
7928005193,nutrition,0.1,Very High,0.9
7928451499,nutrition,0.1,Very High,0.82
7948289895,nutrition,0.1,High,0.74
7951767470,nutrition,0.1,Medium,0.67
7951830085,nutrition,0.1,High,0.71
7984593307,nutrition,0.1,Very High,0.985
7992368574,nutrition,0.1,High,0.81
8018283664,nutrition,0.1,High,0.72
8022340239,nutrition,0.1,Very High,0.94
8059272794,nutrition,0.1,High,0.52
8059295526,nutrition,0.1,Medium,0.585
8084750575,nutrition,0.1,Low,0.795
8084750600,nutrition,0.1,Low,0.825
8142670295,nutrition,0.1,High,0.87
8147088870,nutrition,0.1,Very High,0.765
8147088890,nutrition,0.1,Very High,0.8
8168293420,nutrition,0.1,Very High,0.67
8168293435,nutrition,0.1,High,0.785
8234265720,nutrition,0.1,High,0.745
8241311678,nutrition,0.1,Very High,0.955
8241311694,nutrition,0.1,Very High,0.96
8294058522,nutrition,0.1,Very High,0.57
8297117023,nutrition,0.1,Very High,0.625
8305267971,nutrition,0.1,High,0.86
8443711109,nutrition,0.1,High,0.665
8443712648,nutrition,0.1,High,0.825
8467708169,nutrition,0.1,High,0.64
8467801131,nutrition,0.1,High,0.505
8486417293,nutrition,0.1,Very High,0.845
8522652431,nutrition,0.1,Very High,0.84
8522652463,nutrition,0.1,Very High,0.96
8522653656,nutrition,0.1,Very High,0.7
8567992266,nutrition,0.1,Medium,0.495
8567992271,nutrition,0.1,Medium,0.495
8567992275,nutrition,0.1,Medium,0.59
8567992285,nutrition,0.1,High,0.545
8567992299,nutrition,0.1,High,0.815
8567992305,nutrition,0.1,High,0.73
8778951943,nutrition,0.1,Very High,0.87
8844588991,nutrition,0.1,High,0.535
8844592428,nutrition,0.1,Very High,0.77
8844592439,nutrition,0.1,Very High,0.825
8844712057,nutrition,0.1,Very High,0.8
8846476720,nutrition,0.1,Medium,0.77
9094677321,nutrition,0.1,Very High,0.78
9095905603,nutrition,0.1,High,0.835
9095921431,nutrition,0.1,High,0.695
9095921437,nutrition,0.1,High,0.69
9121937519,nutrition,0.1,Very High,0.705
9135617631,nutrition,0.1,Very High,0.695
9171427497,nutrition,0.1,High,0.82
9171480571,nutrition,0.1,High,0.795
9186394286,nutrition,0.1,Medium,0.505
9207623051,nutrition,0.1,Very High,0.715
9248007099,nutrition,0.1,Very Low,0.845
9248011848,nutrition,0.1,Low,0.825
9248011886,nutrition,0.1,Low,0.87
9248011935,nutrition,0.1,Very Low,0.915
9248011945,nutrition,0.1,Low,0.795
9257313084,nutrition,0.1,Very High,0.825
9257414624,nutrition,0.1,High,0.695
9357775630,nutrition,0.1,Very High,0.83
9357775659,nutrition,0.1,Very High,0.62
9357775687,nutrition,0.1,Very High,0.51
9372925151,nutrition,0.1,Very High,0.915
9396648001,nutrition,0.1,High,0.515
9396648012,nutrition,0.1,High,0.625
9396649419,nutrition,0.1,High,0.855
9417741857,nutrition,0.1,Very High,0.63
9433347881,nutrition,0.1,Very High,0.78
9466272405,nutrition,0.1,Very High,0.695
9466602046,nutrition,0.1,High,0.65
9532841658,nutrition,0.1,Very High,0.585
9549302175,nutrition,0.1,Very High,0.905
9602633511,nutrition,0.1,Medium,0.66
9602657046,nutrition,0.1,Low,0.77
9602693150,nutrition,0.1,Medium,0.815
9602777529,nutrition,0.1,Medium,0.815
9602777532,nutrition,0.1,Medium,0.805
9603355735,nutrition,0.1,Very High,0.54
9612873590,nutrition,0.1,Very High,0.695
9626133225,nutrition,0.1,High,0.665
9628975662,nutrition,0.1,Very Low,0.55
9635553182,nutrition,0.1,Very High,0.955
9683257699,nutrition,0.1,High,0.515
9796684622,nutrition,0.1,Very High,0.825
9796684639,nutrition,0.1,Very High,0.815
9796684645,nutrition,0.1,Very High,0.735
9798318356,nutrition,0.1,Very High,0.605
9820783351,nutrition,0.1,High,0.62
9834075289,nutrition,0.1,Very High,0.82
9860535827,nutrition,0.1,Very High,0.885
9922114735,nutrition,0.1,Very High,0.965
9949070594,nutrition,0.1,High,0.515
9966846106,nutrition,0.1,Medium,0.845
9966846108,nutrition,0.1,Medium,0.785
10092095611,nutrition,0.1,High,0.755
10159726486,nutrition,0.1,Very High,0.725
10174676167,nutrition,0.1,Low,0.795
10174676168,nutrition,0.1,Low,0.85
10174676170,nutrition,0.1,Low,0.78
10174676178,nutrition,0.1,Low,0.8
10174676187,nutrition,0.1,Low,0.855
10174676192,nutrition,0.1,Low,0.835
10174676201,nutrition,0.1,Low,0.81
10174676208,nutrition,0.1,Low,0.82
10174676211,nutrition,0.1,Low,0.79
10174676212,nutrition,0.1,Low,0.79
10174676216,nutrition,0.1,Low,0.5
10174708518,nutrition,0.1,Low,0.585
10174708523,nutrition,0.1,Low,0.665
10174708525,nutrition,0.1,Low,0.705
10174708529,nutrition,0.1,Low,0.795
10174708532,nutrition,0.1,Low,0.825
10174708534,nutrition,0.1,Low,0.78
10174708535,nutrition,0.1,Low,0.775
10174708536,nutrition,0.1,Low,0.82
10174708537,nutrition,0.1,Low,0.84
10174708540,nutrition,0.1,Low,0.81
10174708544,nutrition,0.1,Low,0.795
10174708566,nutrition,0.1,Low,0.76
10174708568,nutrition,0.1,Low,0.84
10174708577,nutrition,0.1,Low,0.805
10174708580,nutrition,0.1,Low,0.72
10174708582,nutrition,0.1,Low,0.675
10174708588,nutrition,0.1,Medium,0.515
10174708602,nutrition,0.1,Low,0.775
10174708620,nutrition,0.1,Low,0.805
10174708624,nutrition,0.1,Low,0.795
10174708672,nutrition,0.1,Low,0.695
10174708679,nutrition,0.1,Low,0.805
10174708682,nutrition,0.1,Low,0.79
10174708684,nutrition,0.1,Low,0.82
10174708707,nutrition,0.1,Very Low,0.89
10174708711,nutrition,0.1,Very Low,0.855
10174708761,nutrition,0.1,Low,0.755
10174708764,nutrition,0.1,Low,0.72
10174708782,nutrition,0.1,Low,0.75
10174708783,nutrition,0.1,Low,0.72
10174708785,nutrition,0.1,Low,0.7
10174708786,nutrition,0.1,Low,0.73
10174708788,nutrition,0.1,Low,0.795
10174708791,nutrition,0.1,Low,0.855
10174708794,nutrition,0.1,Low,0.805
10174708808,nutrition,0.1,Low,0.61
10174708814,nutrition,0.1,Low,0.84
10174708836,nutrition,0.1,Low,0.64
10174708847,nutrition,0.1,Low,0.52
10182472800,nutrition,0.1,Very High,0.68
10185850417,nutrition,0.1,High,0.62
10185850467,nutrition,0.1,Medium,0.665
10185850495,nutrition,0.1,Medium,0.665
10185850502,nutrition,0.1,Medium,0.73
10185850511,nutrition,0.1,Medium,0.665
10185954636,nutrition,0.1,High,0.825
10185954661,nutrition,0.1,High,0.77
10185954678,nutrition,0.1,High,0.805
10185954765,nutrition,0.1,High,0.805
10262561799,nutrition,0.1,Medium,0.655
10282459032,nutrition,0.1,Very High,0.685
10300286341,nutrition,0.1,Very High,0.54
10690393699,nutrition,0.1,High,0.76
10720924158,nutrition,0.1,High,0.835
10762109688,nutrition,0.1,High,0.655
10764575126,nutrition,0.1,Low,0.65
10764575130,nutrition,0.1,Low,0.6
10764575135,nutrition,0.1,Low,0.61
10764575154,nutrition,0.1,Low,0.74
10764575156,nutrition,0.1,Low,0.695
10764575165,nutrition,0.1,Low,0.71
10765498098,nutrition,0.1,High,0.625
10770607409,nutrition,0.1,Medium,0.78
10770607414,nutrition,0.1,Medium,0.79
10770607428,nutrition,0.1,Medium,0.835
10770607434,nutrition,0.1,Medium,0.795
10770607436,nutrition,0.1,Medium,0.78
10770607437,nutrition,0.1,Medium,0.82
10781466793,nutrition,0.1,Very High,0.95
10782114175,nutrition,0.1,Low,0.78
10782114182,nutrition,0.1,Low,0.83
10782114187,nutrition,0.1,Low,0.84
10782114193,nutrition,0.1,Very Low,0.745
10782165711,nutrition,0.1,Very Low,0.815
10807135391,nutrition,0.1,Very High,0.93
10807185817,nutrition,0.1,Very High,0.725
10807185854,nutrition,0.1,High,0.81
10807185864,nutrition,0.1,Very High,0.955
10820325057,nutrition,0.1,Very High,0.885
10824082848,nutrition,0.1,Very High,0.955
10843102936,nutrition,0.1,Very High,0.87
10852743401,nutrition,0.1,High,0.595
10862625710,nutrition,0.1,Medium,0.7
10862625726,nutrition,0.1,Medium,0.67
10862625742,nutrition,0.1,Medium,0.675
10862625753,nutrition,0.1,Medium,0.505
10862625884,nutrition,0.1,Medium,0.565
10862625891,nutrition,0.1,Medium,0.635
10862625954,nutrition,0.1,Medium,0.615
10862626059,nutrition,0.1,Low,0.765
10862626064,nutrition,0.1,Medium,0.7
10864590116,nutrition,0.1,Low,0.81
10864590160,nutrition,0.1,Medium,0.815
10864590178,nutrition,0.1,Medium,0.755
10864590323,nutrition,0.1,Low,0.83
10864590327,nutrition,0.1,Very Low,0.805
10875049650,nutrition,0.1,High,0.83
10875049654,nutrition,0.1,High,0.805
10875049659,nutrition,0.1,High,0.845
10875049662,nutrition,0.1,High,0.76
10875049663,nutrition,0.1,High,0.78
10875049664,nutrition,0.1,High,0.705
10875049666,nutrition,0.1,High,0.755
10875049670,nutrition,0.1,High,0.68
10889016957,nutrition,0.1,Very High,0.705
10943626000,nutrition,0.1,Medium,0.755
10943669211,nutrition,0.1,Very High,0.58
10948807008,nutrition,0.1,Very High,0.75
10959368177,nutrition,0.1,Medium,0.815
10965183585,nutrition,0.1,High,0.83
10965191125,nutrition,0.1,Very High,0.56
10969345508,nutrition,0.1,Very High,0.805
10969389985,nutrition,0.1,High,0.62
10969869017,nutrition,0.1,High,0.815
10969869130,nutrition,0.1,High,0.675
10969869178,nutrition,0.1,High,0.65
10969885647,nutrition,0.1,High,0.81
10969885650,nutrition,0.1,High,0.77
10970847422,nutrition,0.1,Very High,0.585
10974835618,nutrition,0.1,Medium,0.815
10974835724,nutrition,0.1,Medium,0.71
10983772523,nutrition,0.1,High,0.675
10984439993,nutrition,0.1,Very High,0.72
10984451455,nutrition,0.1,Very High,0.7
10984795464,nutrition,0.1,High,0.77
10989110091,nutrition,0.1,High,0.78
10989630784,nutrition,0.1,High,0.84
10989630785,nutrition,0.1,High,0.785
10989630797,nutrition,0.1,High,0.69
11013707527,nutrition,0.1,Low,0.715
11013707534,nutrition,0.1,Low,0.65
11013707538,nutrition,0.1,Low,0.685
11013707542,nutrition,0.1,Low,0.64
11013707543,nutrition,0.1,Low,0.69
11013707566,nutrition,0.1,Low,0.6
11013707567,nutrition,0.1,Low,0.615
11013707570,nutrition,0.1,Low,0.63
11013707572,nutrition,0.1,Low,0.51
11013707580,nutrition,0.1,Low,0.56
11013707589,nutrition,0.1,Low,0.545
11053698466,nutrition,0.1,Medium,0.76
11053698478,nutrition,0.1,Medium,0.73
11053698485,nutrition,0.1,Medium,0.765
11053698493,nutrition,0.1,Medium,0.785
11061413832,nutrition,0.1,Low,0.56
11061413833,nutrition,0.1,Low,0.525
11061413835,nutrition,0.1,Low,0.645
11061413837,nutrition,0.1,Low,0.635
11061413838,nutrition,0.1,Low,0.645
11061413839,nutrition,0.1,Low,0.61
11061413841,nutrition,0.1,Low,0.605
11061413842,nutrition,0.1,Medium,0.685
11061413844,nutrition,0.1,Medium,0.63
11061413845,nutrition,0.1,Medium,0.575
11061413846,nutrition,0.1,Medium,0.645
11061413848,nutrition,0.1,Medium,0.675
11061413899,nutrition,0.1,Low,0.775
11061419907,nutrition,0.1,Low,0.765
11061419908,nutrition,0.1,Medium,0.505
11061419912,nutrition,0.1,Medium,0.82
11066863357,nutrition,0.1,Medium,0.835
11104492426,nutrition,0.1,Very High,0.955
11107400700,nutrition,0.1,Very High,0.88
11113942097,nutrition,0.1,Medium,0.815
11148431254,nutrition,0.1,Very High,0.795
11165605602,nutrition,0.1,High,0.72
11176102247,nutrition,0.1,High,0.585
11180649875,nutrition,0.1,Very High,0.885
11190449900,nutrition,0.1,Medium,0.645
11193065877,nutrition,0.1,High,0.63
11212068693,nutrition,0.1,Very High,0.91
11215617881,nutrition,0.1,Medium,0.685
11215617887,nutrition,0.1,Medium,0.66
11215617908,nutrition,0.1,Medium,0.74
11215617910,nutrition,0.1,Medium,0.68
11215617954,nutrition,0.1,Medium,0.715
11243787770,nutrition,0.1,High,0.65
11245254256,nutrition,0.1,Very High,0.85
11258540713,nutrition,0.1,High,0.62
11258540726,nutrition,0.1,High,0.66
11258545243,nutrition,0.1,High,0.69
11258545246,nutrition,0.1,High,0.74
11258545251,nutrition,0.1,High,0.71
11260191606,nutrition,0.1,High,0.685
11274535367,nutrition,0.1,Medium,0.515
11277029428,nutrition,0.1,High,0.775
11277029434,nutrition,0.1,High,0.71
11277029451,nutrition,0.1,High,0.84
11277029459,nutrition,0.1,High,0.74
11288867320,nutrition,0.1,High,0.72
11293289229,nutrition,0.1,High,0.805
11293289233,nutrition,0.1,High,0.73
11293289237,nutrition,0.1,High,0.765
11293289241,nutrition,0.1,High,0.715
11293289243,nutrition,0.1,High,0.615
11293289246,nutrition,0.1,High,0.5
11293289252,nutrition,0.1,Medium,0.575
11327571894,nutrition,0.1,Very High,0.935
11392399021,nutrition,0.1,Very High,0.505
11396500473,nutrition,0.1,Very High,0.965
11425682923,nutrition,0.1,Very High,0.89
11429972491,nutrition,0.1,High,0.58
11432906135,nutrition,0.1,Low,0.79
11432906138,nutrition,0.1,Low,0.85
11432906142,nutrition,0.1,Low,0.79
11432906145,nutrition,0.1,Low,0.785
11505686908,nutrition,0.1,Very High,0.62
11513820872,nutrition,0.1,High,0.805
11514003490,nutrition,0.1,Medium,0.72
11514003618,nutrition,0.1,Medium,0.665
11514003659,nutrition,0.1,Medium,0.71
11514082203,nutrition,0.1,Very High,0.705
11515987061,nutrition,0.1,Medium,0.745
11515987065,nutrition,0.1,Medium,0.71
11515987069,nutrition,0.1,Medium,0.7
11515987072,nutrition,0.1,Medium,0.665
11515987079,nutrition,0.1,Medium,0.7
11527564842,nutrition,0.1,High,0.765
11527564851,nutrition,0.1,High,0.805
11527564852,nutrition,0.1,High,0.71
11527564867,nutrition,0.1,High,0.76
11532139728,nutrition,0.1,High,0.555
11532523975,nutrition,0.1,High,0.835
11570721023,nutrition,0.1,Low,0.775
11570721025,nutrition,0.1,Low,0.785
11570721027,nutrition,0.1,Low,0.825
11570721029,nutrition,0.1,Low,0.83
11570721034,nutrition,0.1,Low,0.85
11570721036,nutrition,0.1,Low,0.775
11570721037,nutrition,0.1,Low,0.83
11573383967,nutrition,0.1,Low,0.755
11573383984,nutrition,0.1,Low,0.76
11573383997,nutrition,0.1,Low,0.8
11727195684,nutrition,0.1,High,0.77
11727195728,nutrition,0.1,High,0.53
11783501643,nutrition,0.1,High,0.85
11783501650,nutrition,0.1,High,0.74
11783501664,nutrition,0.1,Medium,0.525
11783501665,nutrition,0.1,Medium,0.57
11783501667,nutrition,0.1,Medium,0.69
11783509275,nutrition,0.1,Medium,0.74
11783509288,nutrition,0.1,Medium,0.535
11783509289,nutrition,0.1,High,0.59
11783509294,nutrition,0.1,High,0.645
11783509298,nutrition,0.1,High,0.655
11783509302,nutrition,0.1,High,0.805
11783509361,nutrition,0.1,High,0.74
11783509365,nutrition,0.1,Medium,0.65
11795188462,nutrition,0.1,High,0.66
11795218787,nutrition,0.1,Very High,0.82
11795218824,nutrition,0.1,Very High,0.62
11795218835,nutrition,0.1,High,0.525
11795264483,nutrition,0.1,Very High,0.93
11795420506,nutrition,0.1,High,0.78
11795420526,nutrition,0.1,High,0.585
11795420545,nutrition,0.1,High,0.82
11802276815,nutrition,0.1,Very High,0.57
11803457978,nutrition,0.1,Very High,0.57
11803458056,nutrition,0.1,High,0.535
11811197853,nutrition,0.1,Very High,0.9
11819306987,nutrition,0.1,Very High,0.625
11821233258,nutrition,0.1,Very High,0.965
11847828107,nutrition,0.1,High,0.5
11865664335,nutrition,0.1,Very High,0.815
11868804459,nutrition,0.1,Very High,0.59
11898597265,nutrition,0.1,Very High,0.515
11898597273,nutrition,0.1,High,0.565
11898597895,nutrition,0.1,Medium,0.735
11898597910,nutrition,0.1,Medium,0.725
11898725990,nutrition,0.1,Medium,0.67
11898725993,nutrition,0.1,Medium,0.68
11898725998,nutrition,0.1,Medium,0.73
11941854648,nutrition,0.1,Very High,0.985
11941909371,nutrition,0.1,Very High,0.97
11955680768,nutrition,0.1,High,0.65
11992455236,nutrition,0.1,Very High,0.575
12077416339,nutrition,0.1,Very High,0.88
12140293163,nutrition,0.1,Medium,0.845
12146326622,nutrition,0.1,Very High,0.985
12147636333,nutrition,0.1,High,0.585
12148197408,nutrition,0.1,High,0.52
12382192929,nutrition,0.1,Very High,0.96
12424652961,nutrition,0.1,High,0.745
12424652965,nutrition,0.1,High,0.595
12430718967,nutrition,0.1,Medium,0.78
12430718982,nutrition,0.1,Medium,0.82
12430718985,nutrition,0.1,Medium,0.795
12430718999,nutrition,0.1,Medium,0.805
12485105673,nutrition,0.1,Very High,0.995
12522995826,nutrition,0.1,High,0.51
12531973896,nutrition,0.1,High,0.555
12531984404,nutrition,0.1,High,0.78
12549478489,nutrition,0.1,Very High,0.955
12549808196,nutrition,0.1,Very High,0.92
12549820321,nutrition,0.1,Very High,0.87
12549820333,nutrition,0.1,Very High,0.89
12549925773,nutrition,0.1,Very High,0.79
12551295536,nutrition,0.1,Very High,0.705
12551295582,nutrition,0.1,Very High,0.87
12551295599,nutrition,0.1,Very High,0.825
12565104409,nutrition,0.1,Very High,0.96
12565104470,nutrition,0.1,Very High,0.915
12595228366,nutrition,0.1,Very High,0.73
12595228399,nutrition,0.1,Very High,0.795
12604059177,nutrition,0.1,Very High,0.925
12604059190,nutrition,0.1,Very High,0.95
12604521706,nutrition,0.1,Very High,0.725
12604521732,nutrition,0.1,Very High,0.815
12607094312,nutrition,0.1,Very High,0.915
12607126625,nutrition,0.1,Very High,0.53
12628688065,nutrition,0.1,Low,0.795
12636319154,nutrition,0.1,Very High,0.83
12636319189,nutrition,0.1,Very High,0.89
12639567742,nutrition,0.1,Very High,0.81
12641784763,nutrition,0.1,High,0.695
12641784775,nutrition,0.1,High,0.785
12644019237,nutrition,0.1,Medium,0.81
12644019263,nutrition,0.1,Low,0.715
12644019265,nutrition,0.1,Low,0.73
12644019272,nutrition,0.1,Low,0.8
12644019281,nutrition,0.1,Low,0.825
12647719174,nutrition,0.1,Low,0.785
12647719175,nutrition,0.1,Low,0.79
12647719259,nutrition,0.1,Low,0.81
12647719261,nutrition,0.1,Low,0.8
12647719262,nutrition,0.1,Low,0.74
12647719263,nutrition,0.1,Low,0.85
12647719265,nutrition,0.1,Low,0.82
12647719266,nutrition,0.1,Low,0.785
12647719354,nutrition,0.1,Low,0.82
12647719356,nutrition,0.1,Low,0.83
12648436039,nutrition,0.1,Low,0.78
12652485851,nutrition,0.1,Very High,0.62
12655832976,nutrition,0.1,Very High,0.875
12655848036,nutrition,0.1,Very High,0.73
12656761390,nutrition,0.1,High,0.775
12656782705,nutrition,0.1,High,0.635
12673454380,nutrition,0.1,Very High,0.705
12684727361,nutrition,0.1,Very High,0.59
12726482693,nutrition,0.1,Very High,0.58
12726512906,nutrition,0.1,Very High,0.79
12726512992,nutrition,0.1,Very High,0.845
12726513023,nutrition,0.1,Very High,0.775
12726513025,nutrition,0.1,Very High,0.68
12728226848,nutrition,0.1,Very High,0.905
12728477228,nutrition,0.1,High,0.76
12728636606,nutrition,0.1,Very High,0.975
12728636634,nutrition,0.1,Very High,0.96
12728664268,nutrition,0.1,Very High,0.965
12728664287,nutrition,0.1,Very High,0.98
12728719280,nutrition,0.1,Very High,0.605
12728785706,nutrition,0.1,Very High,0.955
12729291244,nutrition,0.1,Very High,0.575
12729291602,nutrition,0.1,High,0.62
12729291646,nutrition,0.1,Very High,0.815
12730458390,nutrition,0.1,Very High,0.75
12730458394,nutrition,0.1,Very High,0.815
12730466824,nutrition,0.1,Very High,0.815
12730466882,nutrition,0.1,Very High,0.63
12730528439,nutrition,0.1,Very High,0.8
12730599926,nutrition,0.1,Very High,0.99
12730639856,nutrition,0.1,Very High,0.91
12730738415,nutrition,0.1,Very High,0.935
12730738463,nutrition,0.1,Very High,0.935
12730738485,nutrition,0.1,Very High,0.975
12730738503,nutrition,0.1,Very High,0.955
12730828702,nutrition,0.1,High,0.82
12730828735,nutrition,0.1,High,0.705
12730828762,nutrition,0.1,High,0.565
12731475236,nutrition,0.1,Very High,0.955
12731475289,nutrition,0.1,Very High,0.965
12731491628,nutrition,0.1,Very High,0.695
12731491669,nutrition,0.1,High,0.645
12731491672,nutrition,0.1,High,0.685
12731491675,nutrition,0.1,High,0.5
12731719277,nutrition,0.1,Low,0.545
12731719282,nutrition,0.1,Low,0.545
12731719283,nutrition,0.1,Very Low,0.52
12731719284,nutrition,0.1,Low,0.565
12731719295,nutrition,0.1,Low,0.52
12731728805,nutrition,0.1,Low,0.635
12731728812,nutrition,0.1,Low,0.62
12731728813,nutrition,0.1,Low,0.68
12731728816,nutrition,0.1,Low,0.615
12731728818,nutrition,0.1,Low,0.59
12731728823,nutrition,0.1,Low,0.6
12731728970,nutrition,0.1,Low,0.63
12731728977,nutrition,0.1,Low,0.505
12731728994,nutrition,0.1,Low,0.85
12731729007,nutrition,0.1,Low,0.82
12731729018,nutrition,0.1,Low,0.85
12731729028,nutrition,0.1,Low,0.84
12731729030,nutrition,0.1,Low,0.84
12731729031,nutrition,0.1,Low,0.79
12731729033,nutrition,0.1,Low,0.81
12731729035,nutrition,0.1,Low,0.835
12731729072,nutrition,0.1,Medium,0.565
12731729074,nutrition,0.1,Low,0.605
12731729082,nutrition,0.1,Low,0.645
12731729083,nutrition,0.1,Low,0.845
12731780259,nutrition,0.1,Low,0.645
12731780266,nutrition,0.1,Low,0.675
12731780270,nutrition,0.1,Low,0.65
12731780271,nutrition,0.1,Low,0.68
12731780272,nutrition,0.1,Low,0.625
12731780273,nutrition,0.1,Low,0.67
12731780274,nutrition,0.1,Low,0.615
12731780275,nutrition,0.1,Low,0.8
12731780276,nutrition,0.1,Low,0.825
12731780277,nutrition,0.1,Low,0.795
12731780278,nutrition,0.1,Low,0.85
12731780279,nutrition,0.1,Low,0.82
12731780280,nutrition,0.1,Low,0.72
12731780281,nutrition,0.1,Low,0.765
12731780283,nutrition,0.1,Low,0.735
12732464838,nutrition,0.1,Very High,0.855
12732464868,nutrition,0.1,Very High,0.87
12732693516,nutrition,0.1,Very High,0.92
12732693544,nutrition,0.1,Very High,0.87
12732693552,nutrition,0.1,Very High,0.79
12732693576,nutrition,0.1,Very High,0.735
12732693584,nutrition,0.1,Very High,0.68
12747733868,nutrition,0.1,Low,0.805
12747733871,nutrition,0.1,Low,0.855
12747733875,nutrition,0.1,Low,0.785
12747733879,nutrition,0.1,Low,0.685
12747733881,nutrition,0.1,Low,0.66
12747733882,nutrition,0.1,Low,0.645
12768149294,nutrition,0.1,High,0.66
12768149297,nutrition,0.1,High,0.675
12768197113,nutrition,0.1,High,0.785
12768380983,nutrition,0.1,High,0.795
12768381000,nutrition,0.1,High,0.72
12768401522,nutrition,0.1,High,0.545
12768401535,nutrition,0.1,Very High,0.53
12768401563,nutrition,0.1,High,0.585
12768401577,nutrition,0.1,High,0.635
12768401623,nutrition,0.1,High,0.79
12768401656,nutrition,0.1,High,0.86
12768401707,nutrition,0.1,High,0.815
12768401744,nutrition,0.1,High,0.815
12768401747,nutrition,0.1,High,0.785
12768441224,nutrition,0.1,Very High,0.595
12768441236,nutrition,0.1,High,0.575
12768441239,nutrition,0.1,High,0.55
12768441260,nutrition,0.1,High,0.755
12768441270,nutrition,0.1,High,0.65
12768441271,nutrition,0.1,High,0.79
12768725209,nutrition,0.1,High,0.71
12768725273,nutrition,0.1,Very High,0.51
12768725279,nutrition,0.1,Very High,0.595
12768725281,nutrition,0.1,High,0.53
12769049385,nutrition,0.1,High,0.565
12769049389,nutrition,0.1,High,0.565
12769824119,nutrition,0.1,Very High,0.52
12769928884,nutrition,0.1,Very High,0.775
12769951096,nutrition,0.1,Very High,0.555
12769998616,nutrition,0.1,Very High,0.68
12769998672,nutrition,0.1,Very High,0.58
12769998680,nutrition,0.1,Very High,0.55
12769998691,nutrition,0.1,Very High,0.665
12769998694,nutrition,0.1,Very High,0.555
12770065682,nutrition,0.1,Very High,0.725
12771693017,nutrition,0.1,High,0.655
12771693046,nutrition,0.1,Very High,0.695
12771693070,nutrition,0.1,Very High,0.565
12771693084,nutrition,0.1,Very High,0.855
12771693099,nutrition,0.1,Very High,0.745
12771694609,nutrition,0.1,Very High,0.785
12771694620,nutrition,0.1,Very High,0.835
12771694644,nutrition,0.1,Very High,0.695
12771694687,nutrition,0.1,Very High,0.635
12771694732,nutrition,0.1,Very High,0.735
12771694752,nutrition,0.1,Very High,0.525
12772010345,nutrition,0.1,Very High,0.98
12772010372,nutrition,0.1,Very High,0.985
12772010404,nutrition,0.1,Very High,0.965
12772010426,nutrition,0.1,Very High,0.945
12772010458,nutrition,0.1,Very High,0.925
12772201879,nutrition,0.1,Very High,0.625
12772205501,nutrition,0.1,Very High,0.825
12772205558,nutrition,0.1,Very High,0.96
12772205592,nutrition,0.1,Very High,0.965
12772323421,nutrition,0.1,Very High,0.93
12772323475,nutrition,0.1,Very High,0.935
12772323481,nutrition,0.1,Very High,0.96
12772323490,nutrition,0.1,Very High,0.83
12773100949,nutrition,0.1,Low,0.79
12773100956,nutrition,0.1,Low,0.71
12785384650,nutrition,0.1,Very High,0.935
12785384659,nutrition,0.1,Very High,0.93
12785384685,nutrition,0.1,Very High,0.9
12786327363,nutrition,0.1,Very High,0.805
12786327381,nutrition,0.1,Very High,0.785
12786327436,nutrition,0.1,High,0.645
12786361567,nutrition,0.1,Very High,0.93
12786361574,nutrition,0.1,Very High,0.93
12786367939,nutrition,0.1,Very High,0.975
12787592445,nutrition,0.1,Very High,0.935
12787592471,nutrition,0.1,Very High,0.905
12787592490,nutrition,0.1,Very High,0.895
12787672087,nutrition,0.1,Very High,0.975
12787726771,nutrition,0.1,Very High,0.89
12787726787,nutrition,0.1,Very High,0.79
12787737318,nutrition,0.1,Very High,0.925
12787737325,nutrition,0.1,Very High,0.955
12787737345,nutrition,0.1,Very High,0.96
12787823749,nutrition,0.1,Very High,0.91
12787823768,nutrition,0.1,Very High,0.87
12787864222,nutrition,0.1,Very High,0.535
12787864239,nutrition,0.1,Very High,0.95
12787935017,nutrition,0.1,Very High,0.87
12787935022,nutrition,0.1,Very High,0.785
12787935047,nutrition,0.1,Very High,0.59
12787935056,nutrition,0.1,Very High,0.67
12787935076,nutrition,0.1,Very High,0.675
12787935104,nutrition,0.1,Very High,0.83
12787935194,nutrition,0.1,Medium,0.505
12787997706,nutrition,0.1,Very High,0.975
12787997801,nutrition,0.1,Very High,0.815
12787997805,nutrition,0.1,Very High,0.925
12789133026,nutrition,0.1,Very High,0.965
12791177432,nutrition,0.1,Very High,0.96
12791177444,nutrition,0.1,Very High,0.965
12791177463,nutrition,0.1,Very High,0.965
12791253876,nutrition,0.1,Very High,0.975
12791265022,nutrition,0.1,Very High,0.96
12791265101,nutrition,0.1,Very High,0.975
12791325268,nutrition,0.1,Very High,0.86
12791325276,nutrition,0.1,Very High,0.94
12791325293,nutrition,0.1,Very High,0.895
12791335403,nutrition,0.1,Very High,0.85
12791335431,nutrition,0.1,Very High,0.945
12791335454,nutrition,0.1,Very High,0.945
12791485952,nutrition,0.1,Very High,0.815
12791848834,nutrition,0.1,High,0.74
12791848872,nutrition,0.1,Very High,0.52
12791848898,nutrition,0.1,High,0.505
12791882649,nutrition,0.1,Very High,0.525
12791882728,nutrition,0.1,Very High,0.955
12792079684,nutrition,0.1,Very High,0.61
12792117626,nutrition,0.1,High,0.575
12795862183,nutrition,0.1,Medium,0.75
12795913106,nutrition,0.1,Medium,0.65
12795913118,nutrition,0.1,Medium,0.815
12795913160,nutrition,0.1,Medium,0.85
12798426585,nutrition,0.1,High,0.71
12798426588,nutrition,0.1,High,0.675
12798455601,nutrition,0.1,High,0.795
12798455623,nutrition,0.1,High,0.745
12798455652,nutrition,0.1,High,0.74
12798455660,nutrition,0.1,High,0.65
12798455703,nutrition,0.1,High,0.755
12800871737,nutrition,0.1,High,0.7
12800871761,nutrition,0.1,High,0.68
12800871786,nutrition,0.1,High,0.845
12800871799,nutrition,0.1,High,0.81
12800871822,nutrition,0.1,High,0.765
12855417874,nutrition,0.1,Very High,0.955
12921693543,nutrition,0.1,Very High,0.74
12921693570,nutrition,0.1,Very High,0.76
12921693581,nutrition,0.1,Very High,0.675
13011475507,nutrition,0.1,Very High,0.725
13036810031,nutrition,0.1,Very High,0.645
13042739813,nutrition,0.1,Low,0.625
13042739816,nutrition,0.1,Medium,0.51
13042739818,nutrition,0.1,Medium,0.61
13042739839,nutrition,0.1,Medium,0.655
13048692792,nutrition,0.1,Very High,0.97
13074470732,nutrition,0.1,High,0.71
13075574229,nutrition,0.1,Very High,0.53
13075574254,nutrition,0.1,High,0.5
13075574265,nutrition,0.1,High,0.735
13075574515,nutrition,0.1,High,0.655
13075755572,nutrition,0.1,Very High,0.88
13075891044,nutrition,0.1,Very High,0.69
13075891052,nutrition,0.1,Very High,0.73
13075891065,nutrition,0.1,Very High,0.71
13075891066,nutrition,0.1,Very High,0.765
13075891072,nutrition,0.1,Very High,0.84
13192125265,nutrition,0.1,Low,0.79
13192135506,nutrition,0.1,Low,0.71
13192135516,nutrition,0.1,Low,0.655
13208903748,nutrition,0.1,Medium,0.635
13208903764,nutrition,0.1,Medium,0.72
13208903775,nutrition,0.1,Medium,0.76
13208903783,nutrition,0.1,Medium,0.755
13208903791,nutrition,0.1,Medium,0.68
13208925271,nutrition,0.1,Medium,0.735
13236897775,nutrition,0.1,Medium,0.74
13236897787,nutrition,0.1,Medium,0.74
13236897795,nutrition,0.1,Medium,0.735
13236903203,nutrition,0.1,Medium,0.77
13236903207,nutrition,0.1,Medium,0.795
13236903210,nutrition,0.1,Medium,0.775
13236903252,nutrition,0.1,Medium,0.74
13247989690,nutrition,0.1,Medium,0.565
13248031603,nutrition,0.1,Medium,0.69
13248789848,nutrition,0.1,High,0.54
13248789863,nutrition,0.1,High,0.545
13248902231,nutrition,0.1,High,0.53
13248902255,nutrition,0.1,Medium,0.54
13251409772,nutrition,0.1,High,0.645
13251409775,nutrition,0.1,High,0.655
13251427905,nutrition,0.1,High,0.82
13251427910,nutrition,0.1,High,0.825
13266798292,nutrition,0.1,Low,0.755
13266833877,nutrition,0.1,High,0.565
13266833880,nutrition,0.1,High,0.61
13278094142,nutrition,0.1,High,0.775
13283310086,nutrition,0.1,Very High,0.685
13283345525,nutrition,0.1,Medium,0.65
13296601312,nutrition,0.1,Very High,0.965
13305165223,nutrition,0.1,Low,0.81
13305165239,nutrition,0.1,Low,0.66
13305165249,nutrition,0.1,Low,0.58
13305165252,nutrition,0.1,Low,0.78
13305165253,nutrition,0.1,Low,0.8
13305165255,nutrition,0.1,Low,0.81
13333585760,nutrition,0.1,Low,0.8
13333594610,nutrition,0.1,Low,0.795
13363313378,nutrition,0.1,Very High,0.76
13367428598,nutrition,0.1,Very High,0.56
13476413486,nutrition,0.1,Medium,0.71
13476413488,nutrition,0.1,Medium,0.7
13476413490,nutrition,0.1,Medium,0.825
13476800532,nutrition,0.1,Medium,0.885
13479352079,nutrition,0.1,Medium,0.545
13479352116,nutrition,0.1,Medium,0.83
13479352119,nutrition,0.1,Medium,0.72
13479352279,nutrition,0.1,Medium,0.77
13479352298,nutrition,0.1,Medium,0.83
13479352323,nutrition,0.1,Medium,0.83
13479531033,nutrition,0.1,Very High,0.755
13479531068,nutrition,0.1,Very High,0.84
13479573156,nutrition,0.1,Low,0.785
13479573162,nutrition,0.1,Low,0.645
13479573166,nutrition,0.1,Low,0.64
13514569010,nutrition,0.1,Very High,0.64
13514589346,nutrition,0.1,Very High,0.95
13522359572,nutrition,0.1,Very High,0.78
13522359574,nutrition,0.1,Very High,0.76
13522359578,nutrition,0.1,Very High,0.675
13522359582,nutrition,0.1,Very High,0.8
13522386711,nutrition,0.1,Very High,0.815
13522386715,nutrition,0.1,Very High,0.775
13522439186,nutrition,0.1,Very High,0.975
13524533766,nutrition,0.1,Very High,0.72
13524533780,nutrition,0.1,High,0.785
13524533788,nutrition,0.1,Medium,0.63
13526623536,nutrition,0.1,Very High,0.93
13529411167,nutrition,0.1,Very High,0.86
13531702855,nutrition,0.1,Low,0.78
13531702857,nutrition,0.1,Low,0.8
13551342571,nutrition,0.1,High,0.535
13556042699,nutrition,0.1,Low,0.71
13556103276,nutrition,0.1,Low,0.575
13556103286,nutrition,0.1,Low,0.675
13595807643,nutrition,0.1,High,0.835
13595807668,nutrition,0.1,High,0.785
13634243176,nutrition,0.1,High,0.825
13644950324,nutrition,0.1,High,0.76
13644950365,nutrition,0.1,High,0.55
13652004830,nutrition,0.1,High,0.595
13652004940,nutrition,0.1,High,0.59
13652005057,nutrition,0.1,High,0.61
13652005060,nutrition,0.1,High,0.54
13652005063,nutrition,0.1,High,0.63
13652005108,nutrition,0.1,High,0.71
13652005164,nutrition,0.1,Very High,0.55
13666609775,nutrition,0.1,Very High,0.715
13666686522,nutrition,0.1,Very High,0.655
13690616995,nutrition,0.1,High,0.815
13690617000,nutrition,0.1,High,0.74
13801355990,nutrition,0.1,Very High,0.97
13801398609,nutrition,0.1,Very High,0.555
13806300921,nutrition,0.1,Very High,0.655
13810501988,nutrition,0.1,Low,0.74
31498903,care,0.02,High,1.0
265659781,care,0.02,High,0.535
265659817,care,0.02,High,0.775
265659911,care,0.02,High,0.985
265659912,care,0.02,High,1.0
265659916,care,0.02,High,1.0
265659926,care,0.02,High,1.0
265669554,care,0.02,Very High,0.98
265669562,care,0.02,Very High,1.0
291582989,care,0.02,Low,0.795
291584378,care,0.02,Low,1.0
291584384,care,0.02,Low,0.94
291584394,care,0.02,Medium,0.985
291584395,care,0.02,Medium,1.0
291584412,care,0.02,Medium,1.0
291584426,care,0.02,Medium,0.995
291584812,care,0.02,Low,1.0
291585357,care,0.02,Medium,0.855
291585468,care,0.02,Low,0.85
291927192,care,0.02,Low,0.9
291927228,care,0.02,Medium,0.945
291927260,care,0.02,Medium,0.975
291927310,care,0.02,Low,0.9
291927385,care,0.02,Medium,0.98
291927461,care,0.02,High,0.965
291950057,care,0.02,Medium,0.655
293850002,care,0.02,High,1.0
293850123,care,0.02,High,0.945
293850151,care,0.02,High,1.0
293851624,care,0.02,High,0.985
293851905,care,0.02,Very High,0.58
293874114,care,0.02,High,1.0
293876118,care,0.02,High,1.0
293876279,care,0.02,High,1.0
293876630,care,0.02,Very High,0.76
297411543,care,0.02,High,0.905
297414194,care,0.02,High,1.0
297414210,care,0.02,High,0.995
297414218,care,0.02,High,1.0
299641717,care,0.02,Very High,1.0
301801838,care,0.02,Very High,0.995
301802251,care,0.02,Very High,0.98
301802471,care,0.02,Very High,0.99
301802511,care,0.02,Very High,0.975
301806842,care,0.02,Very High,0.76
301807418,care,0.02,Very High,0.595
301811627,care,0.02,Very High,0.975
301813602,care,0.02,Very High,0.955
301814428,care,0.02,High,0.915
302742175,care,0.02,Very High,0.985
302742232,care,0.02,Very High,0.99
302742300,care,0.02,High,0.63
302742354,care,0.02,Very High,0.695
302742399,care,0.02,Very High,0.72
302742478,care,0.02,Very High,0.59
302742975,care,0.02,High,0.995
302743086,care,0.02,High,0.56
302743402,care,0.02,High,1.0
302743453,care,0.02,High,1.0
302964118,care,0.02,High,1.0
302964224,care,0.02,High,1.0
302964252,care,0.02,High,0.985
302964263,care,0.02,High,0.94
302964281,care,0.02,High,0.975
302964287,care,0.02,High,0.75
302964815,care,0.02,Very High,1.0
302964821,care,0.02,Very High,1.0
302966012,care,0.02,Very High,1.0
302966023,care,0.02,Very High,1.0
302966036,care,0.02,Very High,0.975
302966068,care,0.02,Very High,0.98
302966075,care,0.02,Very High,0.995
302966095,care,0.02,Very High,0.99
303202278,care,0.02,Very High,0.78
304576406,care,0.02,Very High,1.0
304576474,care,0.02,Very High,0.995
304576505,care,0.02,Very High,1.0
304576529,care,0.02,Very High,1.0
304576588,care,0.02,Very High,1.0
304578785,care,0.02,Very High,0.99
304579917,care,0.02,Very High,1.0
304579937,care,0.02,Very High,0.995
304580057,care,0.02,Very High,0.995
304580241,care,0.02,Very High,1.0
304580242,care,0.02,Very High,0.96
304587571,care,0.02,Very High,0.945
304587695,care,0.02,Very High,0.995
304587716,care,0.02,Very High,0.99
304587734,care,0.02,Very High,1.0
304590295,care,0.02,Very High,0.505
304591541,care,0.02,High,1.0
304591556,care,0.02,High,1.0
304591613,care,0.02,High,1.0
304591620,care,0.02,High,1.0
304594774,care,0.02,High,0.995
304594780,care,0.02,High,0.99
304594797,care,0.02,High,0.965
304594812,care,0.02,High,0.97
304594904,care,0.02,High,0.73
304594909,care,0.02,High,0.73
304596685,care,0.02,High,0.5
304596716,care,0.02,High,0.63
304617231,care,0.02,High,0.915
304618715,care,0.02,High,0.965
304618717,care,0.02,High,0.965
304696625,care,0.02,High,0.535
304697331,care,0.02,Very High,0.695
304697339,care,0.02,Very High,0.61
304697390,care,0.02,High,0.505
304697393,care,0.02,High,0.615
304698900,care,0.02,Very High,0.785
304698938,care,0.02,Very High,0.725
304698973,care,0.02,High,0.73
304698982,care,0.02,High,0.625
304699010,care,0.02,Very High,0.905
304699026,care,0.02,Very High,0.975
304699094,care,0.02,Very High,0.96
304734593,care,0.02,Very High,0.585
304734635,care,0.02,Very High,0.785
304734701,care,0.02,Very High,0.835
304734825,care,0.02,High,0.865
304740408,care,0.02,Very High,0.59
304742295,care,0.02,Very High,0.99
304742336,care,0.02,Very High,1.0
304742344,care,0.02,Very High,1.0
304742347,care,0.02,Very High,1.0
304743203,care,0.02,Very High,0.81
304762056,care,0.02,Very High,1.0
304762078,care,0.02,Very High,1.0
304763196,care,0.02,Very High,1.0
304763199,care,0.02,Very High,1.0
304763222,care,0.02,Very High,0.985
304763480,care,0.02,Very High,1.0
304763503,care,0.02,Very High,0.995
304763504,care,0.02,Very High,0.995
304763691,care,0.02,Very High,0.965
304763694,care,0.02,Very High,0.935
304764048,care,0.02,Very High,0.615
304764067,care,0.02,Very High,0.795
304764101,care,0.02,Very High,0.63
304764136,care,0.02,High,0.56
306146053,care,0.02,High,0.865
306223499,care,0.02,High,1.0
306223896,care,0.02,High,0.635
306223916,care,0.02,High,0.985
306296872,care,0.02,High,0.94
306296936,care,0.02,High,1.0
306297151,care,0.02,High,1.0
306299195,care,0.02,High,1.0
306299246,care,0.02,High,1.0
309848495,care,0.02,Very High,0.95
309852361,care,0.02,Low,0.59
309852363,care,0.02,Medium,0.51
309853032,care,0.02,Medium,1.0
309853211,care,0.02,Medium,1.0
309853247,care,0.02,Low,1.0
309853613,care,0.02,Medium,0.995
309853615,care,0.02,Medium,0.985
313332541,care,0.02,Very High,0.95
313606728,care,0.02,Very High,1.0
314961291,care,0.02,High,0.73
315238582,care,0.02,Very High,1.0
315379816,care,0.02,High,0.8
315379824,care,0.02,High,0.84
315379825,care,0.02,High,0.755
315381082,care,0.02,High,1.0
315381085,care,0.02,High,1.0
315381086,care,0.02,High,1.0
315381096,care,0.02,High,0.935
315381098,care,0.02,High,0.95
315381272,care,0.02,High,0.855
315381281,care,0.02,High,0.9
315381331,care,0.02,High,0.925
315381332,care,0.02,High,0.905
315381452,care,0.02,High,0.925
315381465,care,0.02,High,0.9
315381751,care,0.02,High,0.87
355011067,care,0.02,Low,0.855
364333977,care,0.02,Very High,0.925
364333981,care,0.02,Very High,0.925
366517702,care,0.02,Very High,0.515
366517772,care,0.02,High,0.58
367928605,care,0.02,High,1.0
368031696,care,0.02,Very High,0.905
460352061,care,0.02,High,1.0
460353192,care,0.02,High,1.0
460353197,care,0.02,High,1.0
460370994,care,0.02,High,1.0
460371002,care,0.02,High,1.0
460371535,care,0.02,High,0.9
460371547,care,0.02,High,0.805
460371597,care,0.02,High,0.53
460374178,care,0.02,High,0.735
460374206,care,0.02,High,0.57
460384992,care,0.02,High,0.995
460384997,care,0.02,High,1.0
460385000,care,0.02,High,1.0
460811662,care,0.02,High,1.0
460815609,care,0.02,High,1.0
460815980,care,0.02,High,1.0
460831841,care,0.02,High,1.0
460903974,care,0.02,High,0.92
460904225,care,0.02,High,0.935
460913592,care,0.02,High,0.865
460914084,care,0.02,High,1.0
460916521,care,0.02,High,0.995
460927352,care,0.02,High,0.835
460984536,care,0.02,High,1.0
460984908,care,0.02,Medium,0.99
460985089,care,0.02,High,0.995
461001893,care,0.02,High,0.83
461001991,care,0.02,High,0.81
461002074,care,0.02,High,0.78
1075548256,care,0.02,High,1.0
1075548260,care,0.02,High,1.0
1075548286,care,0.02,High,0.985
1075548295,care,0.02,High,1.0
1309637796,care,0.02,High,0.9
1309637943,care,0.02,High,0.93
1309638308,care,0.02,Very High,0.71
1309638543,care,0.02,High,0.94
1309639202,care,0.02,Medium,0.97
1309639592,care,0.02,Medium,0.7
1320036075,care,0.02,Very High,0.975
1329890078,care,0.02,High,0.995
1329890105,care,0.02,High,1.0
1329890126,care,0.02,High,0.99
1332645340,care,0.02,Very High,0.55
1332668655,care,0.02,High,0.775
1332699889,care,0.02,Very High,0.795
1332719592,care,0.02,Very High,0.995
1332719602,care,0.02,Very High,0.68
1332769856,care,0.02,Very High,0.99
1332775383,care,0.02,Very High,0.99
1332775411,care,0.02,Very High,1.0
1332785497,care,0.02,Very High,0.995
1332790270,care,0.02,Very High,0.98
1333269505,care,0.02,Very High,0.995
1333397832,care,0.02,Very High,0.985
1333404045,care,0.02,Very High,0.985
1333538814,care,0.02,High,0.825
1333540158,care,0.02,High,1.0
1333555653,care,0.02,High,1.0
1333588095,care,0.02,High,0.625
1333605411,care,0.02,High,0.705
1333624830,care,0.02,High,0.87
1333686363,care,0.02,Very High,0.995
1333752843,care,0.02,Very High,1.0
1333775570,care,0.02,Very High,0.875
1333791624,care,0.02,Very High,0.945
1333799027,care,0.02,Very High,0.895
1333879177,care,0.02,Very High,0.995
1333925932,care,0.02,Very High,1.0
1333965877,care,0.02,Very High,0.65
1334351921,care,0.02,Very High,1.0
1334519568,care,0.02,High,0.925
1334519592,care,0.02,High,0.93
1334519617,care,0.02,High,0.985
1334519623,care,0.02,High,0.95
1334519651,care,0.02,High,0.88
1335370854,care,0.02,Very High,0.985
1335400991,care,0.02,Very High,1.0
1335716130,care,0.02,Very High,0.57
1335716269,care,0.02,High,1.0
1335858522,care,0.02,Very High,0.97
1335900049,care,0.02,High,0.945
1335903101,care,0.02,Very High,0.985
1335936926,care,0.02,Very High,1.0
1335949339,care,0.02,Very High,1.0
1335962684,care,0.02,Very High,1.0
1336450093,care,0.02,Very High,0.98
1336450099,care,0.02,Very High,0.99
1336450118,care,0.02,Very High,1.0
1336481996,care,0.02,Very High,0.995
1336655119,care,0.02,Very High,0.825
1336672458,care,0.02,Very High,0.96
1336688270,care,0.02,Very High,0.94
1336737682,care,0.02,High,0.93
1336737701,care,0.02,High,0.97
1336737713,care,0.02,High,0.62
1336904969,care,0.02,High,0.54
1336911630,care,0.02,High,0.73
1337032073,care,0.02,High,0.87
1337086021,care,0.02,High,0.9
1337104625,care,0.02,High,0.805
1416167195,care,0.02,Very High,0.955
1416167197,care,0.02,Very High,0.88
1456255195,care,0.02,Very High,0.995
1482300049,care,0.02,High,0.805
1499300917,care,0.02,High,1.0
1515277205,care,0.02,Low,0.875
1515277209,care,0.02,Low,0.9
1515277210,care,0.02,Low,0.94
1515278363,care,0.02,Low,1.0
1517776311,care,0.02,High,0.975
1517780065,care,0.02,High,1.0
1517799702,care,0.02,Very High,0.96
1517894265,care,0.02,Very High,0.63
1517894389,care,0.02,Very High,0.69
1518680309,care,0.02,Very High,0.71
1519301970,care,0.02,High,0.695
1520083271,care,0.02,Very High,0.81
1520083698,care,0.02,Very High,0.91
1521099820,care,0.02,High,0.66
1524484562,care,0.02,Very High,0.76
1554374469,care,0.02,Medium,0.74
1554374555,care,0.02,Medium,0.99
1554374565,care,0.02,Medium,1.0
1554374588,care,0.02,Medium,1.0
1554374598,care,0.02,Medium,1.0
1554374611,care,0.02,Medium,0.995
1554374648,care,0.02,Medium,1.0
1576984303,care,0.02,High,1.0
1576984320,care,0.02,Very High,0.64
1576987630,care,0.02,High,0.75
1577002117,care,0.02,Very High,0.93
1577002120,care,0.02,Very High,0.8
1577003431,care,0.02,High,0.625
1577003435,care,0.02,Very High,0.665
1577003436,care,0.02,High,0.705
1582411346,care,0.02,Very High,1.0
1582420933,care,0.02,Very High,0.93
1601530424,care,0.02,Very High,0.945
1607732821,care,0.02,High,1.0
1607732898,care,0.02,High,1.0
1607732969,care,0.02,High,1.0
1607732991,care,0.02,High,1.0
1607870522,care,0.02,High,0.9
1634571340,care,0.02,High,0.955
1634571342,care,0.02,High,0.99
1634571498,care,0.02,High,0.915
1646145198,care,0.02,High,0.92
1654943890,care,0.02,Very High,0.985
1655958419,care,0.02,Very High,0.955
1656878955,care,0.02,Low,0.995
1656879008,care,0.02,Medium,1.0
1669281897,care,0.02,Very High,0.89
1669281972,care,0.02,Very High,0.945
1669385096,care,0.02,Very High,0.995
1669391017,care,0.02,Very High,0.535
1670467950,care,0.02,Very High,0.935
1670774501,care,0.02,High,0.99
1671052660,care,0.02,Very High,0.98
1671052676,care,0.02,Very High,0.995
1671107675,care,0.02,Very High,0.99
1673201108,care,0.02,Very High,0.83
1673398526,care,0.02,Very High,0.95
1674550443,care,0.02,High,1.0
1674550549,care,0.02,High,0.995
1674798928,care,0.02,High,0.885
1674798941,care,0.02,High,0.92
1674799108,care,0.02,High,0.99
1675779149,care,0.02,High,0.865
1675787981,care,0.02,High,0.765
1676722898,care,0.02,High,0.785
1676723004,care,0.02,High,1.0
1676723049,care,0.02,High,0.97
1676723117,care,0.02,High,0.73
1676857165,care,0.02,Very High,0.885
1676874935,care,0.02,Very High,0.99
1676930741,care,0.02,Very High,0.94
1676930747,care,0.02,Very High,0.975
1677395629,care,0.02,Very High,0.885
1678144337,care,0.02,Very High,0.995
1679571341,care,0.02,Very High,0.995
1680813066,care,0.02,Very High,1.0
1680817595,care,0.02,Very High,1.0
1683133784,care,0.02,High,1.0
1683149343,care,0.02,High,1.0
1683419392,care,0.02,High,1.0
1683419476,care,0.02,High,1.0
1683419518,care,0.02,High,1.0
1683530161,care,0.02,High,1.0
1683616583,care,0.02,High,1.0
1683616632,care,0.02,High,1.0
1684754778,care,0.02,High,1.0
1684754783,care,0.02,High,1.0
1686023369,care,0.02,High,0.87
1687418211,care,0.02,High,0.87
1687702106,care,0.02,High,0.76
1687705213,care,0.02,High,0.915
1688374316,care,0.02,High,0.98
1688374447,care,0.02,High,0.96
1688374494,care,0.02,High,0.945
1688374515,care,0.02,High,0.67
1688401743,care,0.02,Medium,0.555
1691714738,care,0.02,High,0.89
1691892263,care,0.02,High,0.67
1692037020,care,0.02,High,0.97
1692037033,care,0.02,High,0.94
1692448608,care,0.02,High,0.945
1692448628,care,0.02,High,0.955
1693050615,care,0.02,Very High,0.73
1693307316,care,0.02,High,0.91
1695229413,care,0.02,Very High,0.675
1696284480,care,0.02,Very High,0.56
1696297242,care,0.02,High,0.94
1719680117,care,0.02,High,0.59
1727511203,care,0.02,Very High,0.99
1733233982,care,0.02,High,0.995
1733233984,care,0.02,High,0.995
1733234004,care,0.02,Medium,1.0
1733234015,care,0.02,Medium,0.985
1733234018,care,0.02,Medium,1.0
1733234033,care,0.02,High,0.945
1733234057,care,0.02,Medium,0.89
1733259450,care,0.02,Medium,0.875
1733259455,care,0.02,Medium,0.975
1739321161,care,0.02,High,0.99
1748744712,care,0.02,High,0.735
1748744790,care,0.02,High,0.86
1748752437,care,0.02,Very High,0.515
1748752554,care,0.02,High,0.925
1748789991,care,0.02,High,0.96
1750283342,care,0.02,Very High,0.95
1752677525,care,0.02,Very High,0.51
1752677708,care,0.02,Very High,0.665
1752939244,care,0.02,Very High,0.72
1752979743,care,0.02,Very High,0.79
1752979813,care,0.02,Very High,0.71
1752991477,care,0.02,High,0.94
1753033755,care,0.02,High,0.565
1753739585,care,0.02,High,0.81
1755882802,care,0.02,Very High,0.69
1758174742,care,0.02,Very High,0.78
1762006333,care,0.02,Very High,0.79
1762006353,care,0.02,Very High,0.815
1762166889,care,0.02,High,0.66
1762166903,care,0.02,Very High,0.535
1762177612,care,0.02,High,0.545
1767838635,care,0.02,High,1.0
1771412280,care,0.02,High,1.0
1783311722,care,0.02,High,1.0
1821516873,care,0.02,High,0.84
1833995997,care,0.02,High,0.87
1912111979,care,0.02,High,1.0
1959410503,care,0.02,High,1.0
1959410634,care,0.02,High,1.0
1976182212,care,0.02,Very High,0.955
1976182230,care,0.02,Very High,0.965
2048787814,care,0.02,High,0.75
2102252140,care,0.02,Very High,0.975
2140190743,care,0.02,High,1.0
2161358988,care,0.02,High,0.76
2161369349,care,0.02,High,0.81
2161371310,care,0.02,High,0.575
2307384385,care,0.02,Very High,0.97
2400326002,care,0.02,Very High,0.935
2422262678,care,0.02,Very High,0.995
2433711113,care,0.02,Very High,0.98
2433722241,care,0.02,High,0.985
2537637988,care,0.02,High,0.955
2537637993,care,0.02,High,0.98
2537637997,care,0.02,High,0.98
2537638001,care,0.02,High,0.995
2537638005,care,0.02,High,1.0
2537638007,care,0.02,High,1.0
2537638090,care,0.02,High,0.985
2537638091,care,0.02,High,0.965
2537638093,care,0.02,High,0.965
2537638095,care,0.02,High,0.97
2543618332,care,0.02,Very High,0.98
2550866372,care,0.02,Very High,0.66
2550866427,care,0.02,High,0.95
2550989572,care,0.02,High,0.995
2551007719,care,0.02,High,0.945
2551007746,care,0.02,High,0.66
2551007757,care,0.02,High,0.51
2551007781,care,0.02,High,0.58
2551031955,care,0.02,High,1.0
2552400217,care,0.02,Very High,0.95
2624681386,care,0.02,Medium,0.925
2655580318,care,0.02,Very High,0.98
2716878303,care,0.02,High,0.96
2814813324,care,0.02,High,0.61
2814816868,care,0.02,High,0.925
2817142002,care,0.02,High,1.0
2817144587,care,0.02,High,0.945
2817153807,care,0.02,High,0.845
2817167063,care,0.02,Very High,0.935
2817246341,care,0.02,Very High,0.84
2817659494,care,0.02,High,0.99
2822871751,care,0.02,High,1.0
2833044701,care,0.02,High,0.81
2833058304,care,0.02,High,1.0
2833058401,care,0.02,High,1.0
2842383207,care,0.02,High,1.0
2844479897,care,0.02,High,1.0
2844479900,care,0.02,High,1.0
2853259828,care,0.02,Very High,0.975
2939669839,care,0.02,Very High,0.935
2948657263,care,0.02,Very High,0.545
2971775879,care,0.02,High,1.0
3078449760,care,0.02,Very High,0.64
3078449799,care,0.02,Very High,0.57
3129277334,care,0.02,High,0.975
3363528669,care,0.02,High,1.0
3375251445,care,0.02,Very High,0.985
3430936974,care,0.02,High,0.94
3430936979,care,0.02,High,1.0
3430936987,care,0.02,High,1.0
3430942196,care,0.02,High,1.0
3430942200,care,0.02,High,1.0
3430942206,care,0.02,High,1.0
3529181723,care,0.02,Very High,1.0
3577241309,care,0.02,High,0.585
3586834520,care,0.02,High,1.0
3586834543,care,0.02,High,1.0
3733079068,care,0.02,High,1.0
3758452439,care,0.02,Very High,0.68
3763287838,care,0.02,Medium,1.0
3763287855,care,0.02,Medium,1.0
3763287856,care,0.02,Medium,1.0
3763305372,care,0.02,Medium,1.0
3763305379,care,0.02,Medium,1.0
3763305380,care,0.02,Medium,1.0
3763305790,care,0.02,Medium,0.995
3763305791,care,0.02,Very Low,0.875
3763305797,care,0.02,Medium,1.0
3763305798,care,0.02,Medium,1.0
3763305805,care,0.02,Medium,1.0
3763305822,care,0.02,Very Low,0.88
3763305834,care,0.02,Very Low,0.785
3763305841,care,0.02,Low,0.77
3763305846,care,0.02,Low,0.515
3763309259,care,0.02,Medium,0.7
3763309281,care,0.02,Very Low,0.585
3763309286,care,0.02,Low,0.62
3763309289,care,0.02,Low,0.765
3763309300,care,0.02,Very Low,0.925
3763309301,care,0.02,Medium,1.0
3763309314,care,0.02,Medium,1.0
3763309316,care,0.02,Very Low,0.94
3763309322,care,0.02,Low,0.855
3763309333,care,0.02,Medium,0.73
3763309339,care,0.02,Medium,0.85
3763309342,care,0.02,Medium,0.875
3763309344,care,0.02,Medium,0.935
3763309348,care,0.02,Medium,0.965
3763309353,care,0.02,Medium,0.97
3763309355,care,0.02,Medium,0.98
3763309367,care,0.02,Medium,0.995
3763309373,care,0.02,Medium,1.0
3763309376,care,0.02,Medium,1.0
3763309379,care,0.02,Medium,1.0
3763309390,care,0.02,Very Low,0.95
3771849226,care,0.02,Medium,1.0
3771849227,care,0.02,Medium,1.0
3771849228,care,0.02,Medium,0.965
3771849229,care,0.02,Medium,0.86
3806824101,care,0.02,High,0.995
3809925650,care,0.02,High,0.635
3812548070,care,0.02,High,0.99
3816218870,care,0.02,Very High,0.96
3877858786,care,0.02,High,1.0
3961529297,care,0.02,High,0.615
4028348297,care,0.02,Very High,0.755
4038324228,care,0.02,High,1.0
4044375747,care,0.02,Very High,0.995
4050345394,care,0.02,Very High,0.955
4050345815,care,0.02,Very High,1.0
4050345950,care,0.02,Very High,1.0
4069942819,care,0.02,Very High,0.735
4071708549,care,0.02,Very High,0.695
4120467620,care,0.02,High,1.0
4138094680,care,0.02,Very High,0.67
4228868789,care,0.02,Very High,0.835
4229026795,care,0.02,Very High,1.0
4229925893,care,0.02,High,1.0
4230313514,care,0.02,High,0.99
4230313555,care,0.02,High,1.0
4230353709,care,0.02,High,1.0
4230353759,care,0.02,High,1.0
4230354780,care,0.02,High,1.0
4230356132,care,0.02,High,1.0
4230356143,care,0.02,High,1.0
4230396300,care,0.02,High,0.995
4235104793,care,0.02,Very High,0.98
4235120611,care,0.02,Very High,1.0
4235178591,care,0.02,Very High,1.0
4235180094,care,0.02,Very High,0.975
4235185589,care,0.02,Very High,1.0
4235272707,care,0.02,Very High,0.975
4235356889,care,0.02,Very High,0.995
4241728252,care,0.02,Very High,0.98
4241778004,care,0.02,High,0.89
4241778012,care,0.02,High,0.835
4241778023,care,0.02,High,0.8
4241782001,care,0.02,High,0.74
4242571114,care,0.02,High,0.995
4242596805,care,0.02,High,0.95
4242838921,care,0.02,High,0.765
4242863366,care,0.02,Very High,0.675
4242864833,care,0.02,Very High,0.775
4242865422,care,0.02,High,0.795
4242878102,care,0.02,Very High,0.52
4242887289,care,0.02,High,0.5
4242887290,care,0.02,Very High,0.85
4243016495,care,0.02,High,0.925
4244292013,care,0.02,Very High,0.835
4244320393,care,0.02,High,0.67
4244396190,care,0.02,Very High,0.92
4244396289,care,0.02,High,1.0
4244683532,care,0.02,Very High,0.965
4245976092,care,0.02,Very High,0.91
4259955458,care,0.02,High,0.935
4406270890,care,0.02,High,1.0
4406270938,care,0.02,High,1.0
4425354702,care,0.02,Very High,0.84
4557252953,care,0.02,High,0.965
4668278614,care,0.02,Medium,0.985
4668278617,care,0.02,Medium,0.955
4668278626,care,0.02,High,0.73
4668278636,care,0.02,Medium,0.79
4668278646,care,0.02,Medium,0.99
4668278661,care,0.02,Medium,0.785
4668278663,care,0.02,Medium,1.0
4668278668,care,0.02,Medium,1.0
4668278674,care,0.02,Medium,1.0
4668279609,care,0.02,Medium,1.0
4668279619,care,0.02,Medium,1.0
4668279630,care,0.02,Medium,1.0
4668279656,care,0.02,Medium,1.0
4820400254,care,0.02,High,0.98
4820400287,care,0.02,High,1.0
4820400289,care,0.02,High,1.0
4820400291,care,0.02,High,1.0
4820400294,care,0.02,High,1.0
4820400295,care,0.02,High,0.995
4820428243,care,0.02,High,0.965
4820428244,care,0.02,High,0.98
4820428249,care,0.02,High,0.965
4820428252,care,0.02,High,0.985
4820428263,care,0.02,High,0.915
4820428264,care,0.02,High,0.885
4820428266,care,0.02,High,0.905
4820428268,care,0.02,High,0.965
4899932460,care,0.02,High,1.0
4902689737,care,0.02,Very High,1.0
4902690046,care,0.02,Very High,0.995
5205085828,care,0.02,Very High,0.95
5338115314,care,0.02,High,0.895
5338117821,care,0.02,High,0.87
5359935172,care,0.02,High,1.0
5364017472,care,0.02,High,0.995
5365725281,care,0.02,Very High,0.99
5412363649,care,0.02,Very High,0.97
5471236076,care,0.02,Very High,0.98
5514396514,care,0.02,High,0.845
5545134740,care,0.02,Very High,1.0
5563872873,care,0.02,High,1.0
5563872908,care,0.02,High,1.0
5563872945,care,0.02,High,1.0
5563872989,care,0.02,High,1.0
5578156044,care,0.02,High,0.7
5831742595,care,0.02,High,1.0
5972718215,care,0.02,Low,0.845
5974229346,care,0.02,Low,0.995
5974229351,care,0.02,Low,0.87
5974229356,care,0.02,Low,0.815
5974229358,care,0.02,Low,0.89
5974229359,care,0.02,Low,0.92
5974229361,care,0.02,Low,0.94
5974229362,care,0.02,Low,0.985
5974229364,care,0.02,Low,1.0
5974229366,care,0.02,Low,1.0
6034073764,care,0.02,Very High,1.0
6049100072,care,0.02,High,0.99
6086073177,care,0.02,High,0.885
6086089286,care,0.02,High,0.805
6086126706,care,0.02,High,1.0
6086126787,care,0.02,High,1.0
6086144463,care,0.02,High,1.0
6086166519,care,0.02,Very High,0.97
6086217569,care,0.02,High,0.85
6093047863,care,0.02,High,1.0
6093047884,care,0.02,High,1.0
6093049092,care,0.02,High,1.0
6093049103,care,0.02,High,1.0
6093049135,care,0.02,High,1.0
6093049202,care,0.02,High,1.0
6093049238,care,0.02,High,1.0
6093049257,care,0.02,High,0.985
6093049270,care,0.02,High,1.0
6093049280,care,0.02,High,0.985
6093049289,care,0.02,High,0.935
6093049298,care,0.02,High,0.94
6093049326,care,0.02,High,1.0
6093054716,care,0.02,High,1.0
6093054724,care,0.02,High,1.0
6106890865,care,0.02,Very High,1.0
6122292644,care,0.02,Very High,0.995
6131677268,care,0.02,Very High,0.945
6149496208,care,0.02,Very High,0.97
6149519804,care,0.02,High,1.0
6149527865,care,0.02,Very High,0.86
6149567917,care,0.02,High,0.995
6149567919,care,0.02,High,1.0
6167688903,care,0.02,Very High,0.9
6168445900,care,0.02,Very High,1.0
6168445916,care,0.02,Very High,1.0
6170668966,care,0.02,High,1.0
6188306586,care,0.02,High,1.0
6229927409,care,0.02,High,0.985
6247994297,care,0.02,Very High,0.995
6267835216,care,0.02,High,0.985
6293681656,care,0.02,High,1.0
6300295619,care,0.02,High,1.0
6305779529,care,0.02,Very High,0.9
6328984333,care,0.02,Very Low,0.97
6328984371,care,0.02,Medium,1.0
6328984486,care,0.02,Low,0.995
6328984493,care,0.02,Low,0.775
6328984495,care,0.02,Low,0.675
6339832471,care,0.02,High,0.93
6339861223,care,0.02,High,0.73
6369822475,care,0.02,Very High,0.96
6372602414,care,0.02,Low,0.895
6372602415,care,0.02,Low,0.86
6372602417,care,0.02,Low,0.825
6372602420,care,0.02,Low,0.805
6403547181,care,0.02,High,0.63
6418907296,care,0.02,Very High,0.995
6440467754,care,0.02,Very High,1.0
6491703571,care,0.02,Very High,0.99
6524156244,care,0.02,High,0.99
6533862314,care,0.02,High,0.935
6533862318,care,0.02,High,0.97
6533862335,care,0.02,High,1.0
6535742408,care,0.02,Very High,0.91
6539916754,care,0.02,High,0.685
6643065710,care,0.02,High,0.995
6667967517,care,0.02,High,0.965
6681110385,care,0.02,High,0.76
6775487582,care,0.02,Medium,1.0
6775526307,care,0.02,Medium,1.0
6775526314,care,0.02,Medium,1.0
6789185270,care,0.02,Very High,0.97
6789225156,care,0.02,High,0.68
6789225172,care,0.02,High,0.785
6789225180,care,0.02,Medium,0.59
6789233492,care,0.02,High,0.94
6882629397,care,0.02,High,0.575
6948798797,care,0.02,Medium,0.695
6948798804,care,0.02,Medium,0.725
6948798835,care,0.02,Medium,0.645
6975211183,care,0.02,High,1.0
6989876509,care,0.02,High,0.865
6990075663,care,0.02,High,0.87
7007083454,care,0.02,Medium,0.565
7088110119,care,0.02,Very High,0.89
7176218411,care,0.02,Very High,0.985
7177787606,care,0.02,Very High,1.0
7190872700,care,0.02,Very High,1.0
7354564223,care,0.02,High,1.0
7354564228,care,0.02,Medium,0.995
7389770068,care,0.02,High,0.79
7466695670,care,0.02,Very High,1.0
7522989639,care,0.02,Very High,0.85
7548883046,care,0.02,Very High,1.0
7580315774,care,0.02,High,0.81
7580324942,care,0.02,High,0.96
7620412418,care,0.02,High,1.0
7620412456,care,0.02,High,1.0
7620412461,care,0.02,High,0.945
7620412463,care,0.02,High,0.745
7620412466,care,0.02,High,0.95
7620415576,care,0.02,High,0.785
7728499328,care,0.02,Very High,0.895
7728503183,care,0.02,Very High,0.65
7728529801,care,0.02,Very High,0.695
7804547542,care,0.02,Very High,0.99
7806121149,care,0.02,Very High,0.62
7806507940,care,0.02,Very High,0.985
7843321033,care,0.02,Very High,0.905
7843321060,care,0.02,Very High,0.99
7928005193,care,0.02,Very High,0.8
7928451499,care,0.02,Very High,1.0
7948289895,care,0.02,High,1.0
7951767470,care,0.02,High,1.0
7951830085,care,0.02,High,1.0
7984593307,care,0.02,Very High,0.995
7992368574,care,0.02,Very High,0.68
8018283664,care,0.02,High,0.96
8022340239,care,0.02,High,0.63
8059272794,care,0.02,High,1.0
8059295526,care,0.02,High,1.0
8084750575,care,0.02,Medium,0.955
8084750600,care,0.02,Medium,0.955
8142670295,care,0.02,High,0.66
8147088870,care,0.02,High,0.99
8147088890,care,0.02,High,0.955
8168293420,care,0.02,High,0.985
8168293435,care,0.02,High,1.0
8234265720,care,0.02,High,0.645
8241311678,care,0.02,Very High,0.81
8241311694,care,0.02,Very High,0.9
8294058522,care,0.02,Very High,0.995
8297117023,care,0.02,High,0.995
8305267971,care,0.02,High,1.0
8443711109,care,0.02,High,1.0
8443712648,care,0.02,High,1.0
8467708169,care,0.02,High,0.99
8467801131,care,0.02,High,0.975
8486417293,care,0.02,High,0.535
8522652431,care,0.02,Very High,0.96
8522652463,care,0.02,Very High,0.955
8522653656,care,0.02,High,0.69
8567992266,care,0.02,High,0.635
8567992271,care,0.02,High,0.755
8567992275,care,0.02,High,0.595
8567992285,care,0.02,High,0.635
8567992299,care,0.02,High,1.0
8567992305,care,0.02,High,1.0
8778951943,care,0.02,Very High,0.745
8844588991,care,0.02,High,0.995
8844592428,care,0.02,High,0.945
8844592439,care,0.02,High,0.92
8844712057,care,0.02,High,0.875
8846476720,care,0.02,High,0.995
9094677321,care,0.02,Very High,0.675
9095905603,care,0.02,High,1.0
9095921431,care,0.02,High,1.0
9095921437,care,0.02,High,1.0
9121937519,care,0.02,High,0.895
9135617631,care,0.02,Very High,0.995
9171427497,care,0.02,High,1.0
9171480571,care,0.02,High,1.0
9186394286,care,0.02,High,1.0
9207623051,care,0.02,High,0.975
9248007099,care,0.02,Very Low,0.995
9248011848,care,0.02,Medium,0.995
9248011886,care,0.02,Medium,0.84
9248011935,care,0.02,Very Low,1.0
9248011945,care,0.02,Medium,0.95
9257313084,care,0.02,Very High,0.995
9257414624,care,0.02,High,1.0
9357775630,care,0.02,High,0.975
9357775659,care,0.02,High,1.0
9357775687,care,0.02,High,1.0
9372925151,care,0.02,Very High,0.83
9396648001,care,0.02,Very High,0.765
9396648012,care,0.02,Very High,0.86
9396649419,care,0.02,High,0.74
9417741857,care,0.02,High,0.63
9433347881,care,0.02,High,0.96
9466272405,care,0.02,Very High,0.95
9466602046,care,0.02,High,1.0
9532841658,care,0.02,High,0.635
9549302175,care,0.02,Very High,0.86
9602633511,care,0.02,Medium,1.0
9602657046,care,0.02,Medium,1.0
9602693150,care,0.02,Medium,0.555
9602777529,care,0.02,Medium,0.635
9602777532,care,0.02,High,0.59
9603355735,care,0.02,High,1.0
9612873590,care,0.02,High,1.0
9626133225,care,0.02,High,1.0
9628975662,care,0.02,Low,1.0
9635553182,care,0.02,Very High,1.0
9683257699,care,0.02,Very High,0.93
9796684622,care,0.02,High,0.99
9796684639,care,0.02,High,0.99
9796684645,care,0.02,High,0.99
9798318356,care,0.02,High,1.0
9820783351,care,0.02,High,0.65
9834075289,care,0.02,Very High,0.995
9860535827,care,0.02,Very High,0.885
9922114735,care,0.02,Very High,1.0
9949070594,care,0.02,High,1.0
9966846106,care,0.02,High,0.88
9966846108,care,0.02,High,0.815
10092095611,care,0.02,High,0.98
10159726486,care,0.02,High,0.995
10174676167,care,0.02,Low,0.875
10174676168,care,0.02,Low,0.955
10174676170,care,0.02,Low,0.96
10174676178,care,0.02,Low,0.955
10174676187,care,0.02,Low,0.86
10174676192,care,0.02,Low,0.86
10174676201,care,0.02,Low,0.9
10174676208,care,0.02,Low,0.93
10174676211,care,0.02,Low,0.94
10174676212,care,0.02,Low,0.925
10174676216,care,0.02,Medium,1.0
10174708518,care,0.02,Medium,1.0
10174708523,care,0.02,Medium,1.0
10174708525,care,0.02,Medium,1.0
10174708529,care,0.02,Medium,1.0
10174708532,care,0.02,Medium,0.985
10174708534,care,0.02,Medium,0.995
10174708535,care,0.02,Medium,0.975
10174708536,care,0.02,Medium,0.95
10174708537,care,0.02,Medium,0.885
10174708540,care,0.02,Medium,0.845
10174708544,care,0.02,Medium,0.685
10174708566,care,0.02,Medium,0.88
10174708568,care,0.02,Medium,0.915
10174708577,care,0.02,Medium,1.0
10174708580,care,0.02,Medium,1.0
10174708582,care,0.02,Medium,1.0
10174708588,care,0.02,Medium,1.0
10174708602,care,0.02,Medium,0.775
10174708620,care,0.02,Medium,0.74
10174708624,care,0.02,Medium,0.815
10174708672,care,0.02,Low,0.89
10174708679,care,0.02,Medium,1.0
10174708682,care,0.02,Medium,0.995
10174708684,care,0.02,Medium,0.995
10174708707,care,0.02,Very Low,0.985
10174708711,care,0.02,Very Low,0.99
10174708761,care,0.02,Low,0.585
10174708764,care,0.02,Low,0.605
10174708782,care,0.02,Low,0.895
10174708783,care,0.02,Low,0.935
10174708785,care,0.02,Low,0.95
10174708786,care,0.02,Low,0.98
10174708788,care,0.02,Medium,0.995
10174708791,care,0.02,Medium,0.99
10174708794,care,0.02,Medium,0.995
10174708808,care,0.02,Medium,1.0
10174708814,care,0.02,Medium,0.995
10174708836,care,0.02,Medium,1.0
10174708847,care,0.02,Medium,1.0
10182472800,care,0.02,High,0.515
10185850417,care,0.02,High,0.945
10185850467,care,0.02,Medium,0.635
10185850495,care,0.02,Medium,0.645
10185850502,care,0.02,Medium,0.65
10185850511,care,0.02,Medium,0.72
10185954636,care,0.02,High,1.0
10185954661,care,0.02,High,1.0
10185954678,care,0.02,High,1.0
10185954765,care,0.02,High,1.0
10262561799,care,0.02,High,0.995
10282459032,care,0.02,High,1.0
10300286341,care,0.02,High,0.87
10690393699,care,0.02,High,0.875
10720924158,care,0.02,High,1.0
10762109688,care,0.02,High,1.0
10764575126,care,0.02,Low,0.995
10764575130,care,0.02,Low,0.995
10764575135,care,0.02,Low,0.97
10764575154,care,0.02,Low,0.775
10764575156,care,0.02,Low,0.805
10764575165,care,0.02,Low,0.79
10765498098,care,0.02,High,1.0
10770607409,care,0.02,Medium,0.93
10770607414,care,0.02,Medium,0.935
10770607428,care,0.02,High,0.91
10770607434,care,0.02,High,0.875
10770607436,care,0.02,High,0.66
10770607437,care,0.02,High,0.975
10781466793,care,0.02,Very High,0.895
10782114175,care,0.02,Medium,0.95
10782114182,care,0.02,Medium,0.965
10782114187,care,0.02,Medium,0.935
10782114193,care,0.02,Very Low,0.95
10782165711,care,0.02,Very Low,0.985
10807135391,care,0.02,Very High,1.0
10807185817,care,0.02,Very High,0.91
10807185854,care,0.02,High,0.985
10807185864,care,0.02,Very High,0.995
10820325057,care,0.02,Very High,1.0
10824082848,care,0.02,Very High,1.0
10843102936,care,0.02,Very High,1.0
10852743401,care,0.02,Very High,0.97
10862625710,care,0.02,High,1.0
10862625726,care,0.02,High,0.995
10862625742,care,0.02,High,0.995
10862625753,care,0.02,High,1.0
10862625884,care,0.02,High,1.0
10862625891,care,0.02,High,1.0
10862625954,care,0.02,High,1.0
10862626059,care,0.02,Medium,1.0
10862626064,care,0.02,Medium,1.0
10864590116,care,0.02,Medium,0.89
10864590160,care,0.02,High,0.795
10864590178,care,0.02,High,0.99
10864590323,care,0.02,Medium,0.855
10864590327,care,0.02,Very Low,0.945
10875049650,care,0.02,High,0.995
10875049654,care,0.02,High,0.985
10875049659,care,0.02,High,0.975
10875049662,care,0.02,High,0.91
10875049663,care,0.02,High,0.91
10875049664,care,0.02,High,0.825
10875049666,care,0.02,High,0.81
10875049670,care,0.02,High,0.65
10889016957,care,0.02,Very High,0.92
10943626000,care,0.02,Medium,0.97
10943669211,care,0.02,High,0.775
10948807008,care,0.02,Very High,0.55
10959368177,care,0.02,High,0.83
10965183585,care,0.02,High,0.99
10965191125,care,0.02,High,0.945
10969345508,care,0.02,Very High,0.985
10969389985,care,0.02,High,1.0
10969869017,care,0.02,High,0.635
10969869130,care,0.02,Very High,0.89
10969869178,care,0.02,Very High,0.925
10969885647,care,0.02,High,0.505
10969885650,care,0.02,High,0.68
10970847422,care,0.02,Very High,0.545
10974835618,care,0.02,Medium,0.77
10974835724,care,0.02,Medium,1.0
10983772523,care,0.02,High,0.835
10984439993,care,0.02,Very High,1.0
10984451455,care,0.02,Very High,0.995
10984795464,care,0.02,High,1.0
10989110091,care,0.02,High,1.0
10989630784,care,0.02,High,1.0
10989630785,care,0.02,High,1.0
10989630797,care,0.02,High,0.82
11013707527,care,0.02,Low,0.8
11013707534,care,0.02,Low,0.9
11013707538,care,0.02,Low,0.98
11013707542,care,0.02,Low,0.965
11013707543,care,0.02,Low,0.965
11013707566,care,0.02,Low,0.985
11013707567,care,0.02,Low,1.0
11013707570,care,0.02,Low,0.995
11013707572,care,0.02,Low,1.0
11013707580,care,0.02,Low,1.0
11013707589,care,0.02,Low,1.0
11053698466,care,0.02,High,0.975
11053698478,care,0.02,High,0.995
11053698485,care,0.02,High,0.995
11053698493,care,0.02,High,0.985
11061413832,care,0.02,Low,1.0
11061413833,care,0.02,Low,0.995
11061413835,care,0.02,Low,1.0
11061413837,care,0.02,Low,1.0
11061413838,care,0.02,Low,1.0
11061413839,care,0.02,Low,1.0
11061413841,care,0.02,Low,1.0
11061413842,care,0.02,Medium,1.0
11061413844,care,0.02,Medium,1.0
11061413845,care,0.02,Medium,1.0
11061413846,care,0.02,Medium,1.0
11061413848,care,0.02,Medium,1.0
11061413899,care,0.02,Medium,1.0
11061419907,care,0.02,Medium,1.0
11061419908,care,0.02,Medium,1.0
11061419912,care,0.02,High,0.935
11066863357,care,0.02,Medium,0.56
11104492426,care,0.02,Very High,0.995
11107400700,care,0.02,Very High,0.72
11113942097,care,0.02,High,0.995
11148431254,care,0.02,Very High,0.97
11165605602,care,0.02,High,0.91
11176102247,care,0.02,High,1.0
11180649875,care,0.02,Very High,1.0
11190449900,care,0.02,High,0.99
11193065877,care,0.02,High,0.915
11212068693,care,0.02,Very High,0.56
11215617881,care,0.02,High,1.0
11215617887,care,0.02,High,1.0
11215617908,care,0.02,High,1.0
11215617910,care,0.02,High,1.0
11215617954,care,0.02,High,1.0
11243787770,care,0.02,High,1.0
11245254256,care,0.02,High,0.735
11258540713,care,0.02,High,1.0
11258540726,care,0.02,High,1.0
11258545243,care,0.02,High,1.0
11258545246,care,0.02,High,1.0
11258545251,care,0.02,High,1.0
11260191606,care,0.02,High,0.8
11274535367,care,0.02,High,1.0
11277029428,care,0.02,High,1.0
11277029434,care,0.02,High,1.0
11277029451,care,0.02,High,1.0
11277029459,care,0.02,High,1.0
11288867320,care,0.02,High,1.0
11293289229,care,0.02,High,1.0
11293289233,care,0.02,High,1.0
11293289237,care,0.02,High,0.99
11293289241,care,0.02,High,0.98
11293289243,care,0.02,High,0.855
11293289246,care,0.02,High,0.89
11293289252,care,0.02,High,0.865
11327571894,care,0.02,Very High,0.85
11392399021,care,0.02,High,1.0
11396500473,care,0.02,Very High,0.995
11425682923,care,0.02,Very High,0.735
11429972491,care,0.02,High,1.0
11432906135,care,0.02,Medium,1.0
11432906138,care,0.02,Medium,1.0
11432906142,care,0.02,Medium,1.0
11432906145,care,0.02,Medium,0.995
11505686908,care,0.02,High,0.61
11513820872,care,0.02,High,0.975
11514003490,care,0.02,High,1.0
11514003618,care,0.02,High,1.0
11514003659,care,0.02,High,1.0
11514082203,care,0.02,Very High,0.965
11515987061,care,0.02,High,1.0
11515987065,care,0.02,High,1.0
11515987069,care,0.02,High,1.0
11515987072,care,0.02,High,1.0
11515987079,care,0.02,High,1.0
11527564842,care,0.02,High,1.0
11527564851,care,0.02,High,1.0
11527564852,care,0.02,High,0.975
11527564867,care,0.02,High,0.98
11532139728,care,0.02,High,1.0
11532523975,care,0.02,High,1.0
11570721023,care,0.02,Medium,0.6
11570721025,care,0.02,Medium,0.605
11570721027,care,0.02,Low,0.53
11570721029,care,0.02,Medium,0.55
11570721034,care,0.02,Medium,0.51
11570721036,care,0.02,Low,0.58
11570721037,care,0.02,Low,0.535
11573383967,care,0.02,Low,0.77
11573383984,care,0.02,Low,0.91
11573383997,care,0.02,Low,0.735
11727195684,care,0.02,High,1.0
11727195728,care,0.02,High,0.76
11783501643,care,0.02,High,0.995
11783501650,care,0.02,High,0.995
11783501664,care,0.02,High,1.0
11783501665,care,0.02,High,1.0
11783501667,care,0.02,High,1.0
11783509275,care,0.02,High,1.0
11783509288,care,0.02,High,1.0
11783509289,care,0.02,High,1.0
11783509294,care,0.02,High,1.0
11783509298,care,0.02,High,1.0
11783509302,care,0.02,High,1.0
11783509361,care,0.02,High,0.99
11783509365,care,0.02,High,1.0
11795188462,care,0.02,High,1.0
11795218787,care,0.02,High,0.995
11795218824,care,0.02,High,1.0
11795218835,care,0.02,High,1.0
11795264483,care,0.02,Very High,0.875
11795420506,care,0.02,High,1.0
11795420526,care,0.02,High,1.0
11795420545,care,0.02,High,1.0
11802276815,care,0.02,High,0.595
11803457978,care,0.02,High,1.0
11803458056,care,0.02,High,0.85
11811197853,care,0.02,Very High,0.97
11819306987,care,0.02,High,0.995
11821233258,care,0.02,Very High,0.71
11847828107,care,0.02,High,1.0
11865664335,care,0.02,Very High,0.995
11868804459,care,0.02,Very High,1.0
11898597265,care,0.02,Very High,0.96
11898597273,care,0.02,Very High,0.945
11898597895,care,0.02,High,1.0
11898597910,care,0.02,High,1.0
11898725990,care,0.02,High,1.0
11898725993,care,0.02,High,1.0
11898725998,care,0.02,High,1.0
11941854648,care,0.02,Very High,0.975
11941909371,care,0.02,Very High,0.965
11955680768,care,0.02,Very High,0.995
11992455236,care,0.02,Very High,0.695
12077416339,care,0.02,Very High,0.96
12140293163,care,0.02,High,0.54
12146326622,care,0.02,Very High,0.99
12147636333,care,0.02,High,0.605
12148197408,care,0.02,High,1.0
12382192929,care,0.02,Very High,0.98
12424652961,care,0.02,High,0.995
12424652965,care,0.02,High,0.925
12430718967,care,0.02,High,0.96
12430718982,care,0.02,High,0.93
12430718985,care,0.02,High,0.905
12430718999,care,0.02,High,0.965
12485105673,care,0.02,Very High,0.51
12522995826,care,0.02,Very High,0.95
12531973896,care,0.02,High,0.565
12531984404,care,0.02,High,0.895
12549478489,care,0.02,Very High,0.96
12549808196,care,0.02,Very High,0.995
12549820321,care,0.02,Very High,1.0
12549820333,care,0.02,Very High,0.985
12549925773,care,0.02,Very High,0.99
12551295536,care,0.02,Very High,0.99
12551295582,care,0.02,Very High,1.0
12551295599,care,0.02,Very High,0.995
12565104409,care,0.02,Very High,0.665
12565104470,care,0.02,High,0.515
12595228366,care,0.02,Very High,0.93
12595228399,care,0.02,Very High,0.975
12604059177,care,0.02,Very High,1.0
12604059190,care,0.02,Very High,1.0
12604521706,care,0.02,High,0.84
12604521732,care,0.02,High,0.915
12607094312,care,0.02,High,0.63
12607126625,care,0.02,Very High,0.995
12628688065,care,0.02,Low,0.75
12636319154,care,0.02,Very High,1.0
12636319189,care,0.02,Very High,1.0
12639567742,care,0.02,Very High,0.995
12641784763,care,0.02,High,1.0
12641784775,care,0.02,High,1.0
12644019237,care,0.02,High,0.935
12644019263,care,0.02,Medium,1.0
12644019265,care,0.02,Medium,1.0
12644019272,care,0.02,Medium,1.0
12644019281,care,0.02,Medium,0.985
12647719174,care,0.02,Medium,1.0
12647719175,care,0.02,Medium,1.0
12647719259,care,0.02,Medium,0.65
12647719261,care,0.02,Medium,0.65
12647719262,care,0.02,Medium,0.62
12647719263,care,0.02,Medium,0.515
12647719265,care,0.02,Medium,0.575
12647719266,care,0.02,Low,0.52
12647719354,care,0.02,Medium,0.925
12647719356,care,0.02,Medium,0.98
12648436039,care,0.02,Medium,1.0
12652485851,care,0.02,Very High,0.56
12655832976,care,0.02,Very High,1.0
12655848036,care,0.02,Very High,0.995
12656761390,care,0.02,High,0.99
12656782705,care,0.02,High,0.97
12673454380,care,0.02,Very High,1.0
12684727361,care,0.02,Very High,0.97
12726482693,care,0.02,Very High,0.695
12726512906,care,0.02,Very High,0.99
12726512992,care,0.02,Very High,0.995
12726513023,care,0.02,Very High,0.965
12726513025,care,0.02,Very High,0.92
12728226848,care,0.02,Very High,0.98
12728477228,care,0.02,High,1.0
12728636606,care,0.02,Very High,0.975
12728636634,care,0.02,Very High,0.81
12728664268,care,0.02,Very High,0.91
12728664287,care,0.02,Very High,0.985
12728719280,care,0.02,High,1.0
12728785706,care,0.02,Very High,0.995
12729291244,care,0.02,Very High,0.82
12729291602,care,0.02,Very High,0.975
12729291646,care,0.02,Very High,0.995
12730458390,care,0.02,Very High,0.975
12730458394,care,0.02,Very High,0.975
12730466824,care,0.02,Very High,0.97
12730466882,care,0.02,Very High,0.845
12730528439,care,0.02,Very High,0.99
12730599926,care,0.02,Very High,0.995
12730639856,care,0.02,Very High,1.0
12730738415,care,0.02,Very High,1.0
12730738463,care,0.02,Very High,0.99
12730738485,care,0.02,Very High,0.99
12730738503,care,0.02,Very High,0.995
12730828702,care,0.02,High,0.68
12730828735,care,0.02,Very High,0.77
12730828762,care,0.02,Very High,0.805
12731475236,care,0.02,High,0.6
12731475289,care,0.02,Very High,0.74
12731491628,care,0.02,Very High,0.575
12731491669,care,0.02,High,0.92
12731491672,care,0.02,High,0.935
12731491675,care,0.02,High,0.735
12731719277,care,0.02,Low,1.0
12731719282,care,0.02,Low,1.0
12731719283,care,0.02,Low,1.0
12731719284,care,0.02,Low,1.0
12731719295,care,0.02,Low,1.0
12731728805,care,0.02,Low,1.0
12731728812,care,0.02,Low,1.0
12731728813,care,0.02,Low,1.0
12731728816,care,0.02,Low,1.0
12731728818,care,0.02,Low,1.0
12731728823,care,0.02,Low,1.0
12731728970,care,0.02,Low,1.0
12731728977,care,0.02,Low,1.0
12731728994,care,0.02,Medium,0.995
12731729007,care,0.02,Medium,0.995
12731729018,care,0.02,Medium,0.98
12731729028,care,0.02,Medium,0.93
12731729030,care,0.02,Medium,0.975
12731729031,care,0.02,Medium,0.965
12731729033,care,0.02,Medium,0.955
12731729035,care,0.02,Medium,0.965
12731729072,care,0.02,Medium,1.0
12731729074,care,0.02,Low,1.0
12731729082,care,0.02,Low,0.995
12731729083,care,0.02,Medium,0.86
12731780259,care,0.02,Low,0.99
12731780266,care,0.02,Low,1.0
12731780270,care,0.02,Low,1.0
12731780271,care,0.02,Low,0.99
12731780272,care,0.02,Low,0.995
12731780273,care,0.02,Low,1.0
12731780274,care,0.02,Low,0.995
12731780275,care,0.02,Medium,0.945
12731780276,care,0.02,Medium,0.815
12731780277,care,0.02,Medium,0.835
12731780278,care,0.02,Medium,0.78
12731780279,care,0.02,Medium,0.835
12731780280,care,0.02,Low,0.93
12731780281,care,0.02,Low,0.925
12731780283,care,0.02,Low,0.79
12732464838,care,0.02,High,0.93
12732464868,care,0.02,High,0.795
12732693516,care,0.02,Very High,0.545
12732693544,care,0.02,High,0.905
12732693552,care,0.02,High,0.96
12732693576,care,0.02,High,0.99
12732693584,care,0.02,High,1.0
12747733868,care,0.02,Low,0.82
12747733871,care,0.02,Low,0.82
12747733875,care,0.02,Low,0.83
12747733879,care,0.02,Low,0.98
12747733881,care,0.02,Low,0.995
12747733882,care,0.02,Low,0.99
12768149294,care,0.02,High,0.935
12768149297,care,0.02,High,0.965
12768197113,care,0.02,High,0.98
12768380983,care,0.02,Very High,0.64
12768381000,care,0.02,High,0.54
12768401522,care,0.02,High,0.685
12768401535,care,0.02,High,0.67
12768401563,care,0.02,High,0.61
12768401577,care,0.02,High,0.695
12768401623,care,0.02,High,0.765
12768401656,care,0.02,High,0.91
12768401707,care,0.02,High,0.93
12768401744,care,0.02,High,1.0
12768401747,care,0.02,High,0.94
12768441224,care,0.02,Very High,0.99
12768441236,care,0.02,Very High,0.92
12768441239,care,0.02,Very High,0.98
12768441260,care,0.02,Very High,0.885
12768441270,care,0.02,Very High,0.925
12768441271,care,0.02,Very High,0.59
12768725209,care,0.02,Very High,0.755
12768725273,care,0.02,Very High,0.975
12768725279,care,0.02,Very High,0.995
12768725281,care,0.02,Very High,0.96
12769049385,care,0.02,Very High,0.53
12769049389,care,0.02,Very High,0.76
12769824119,care,0.02,Very High,0.55
12769928884,care,0.02,High,0.5
12769951096,care,0.02,Very High,0.645
12769998616,care,0.02,Very High,0.87
12769998672,care,0.02,Very High,0.615
12769998680,care,0.02,Very High,0.865
12769998691,care,0.02,High,0.51
12769998694,care,0.02,Very High,0.51
12770065682,care,0.02,Very High,0.74
12771693017,care,0.02,Very High,0.82
12771693046,care,0.02,Very High,0.965
12771693070,care,0.02,Very High,0.915
12771693084,care,0.02,Very High,0.99
12771693099,care,0.02,Very High,0.875
12771694609,care,0.02,Very High,0.98
12771694620,care,0.02,Very High,0.995
12771694644,care,0.02,Very High,0.985
12771694687,care,0.02,High,0.91
12771694732,care,0.02,High,0.78
12771694752,care,0.02,High,0.93
12772010345,care,0.02,Very High,0.97
12772010372,care,0.02,Very High,0.985
12772010404,care,0.02,Very High,0.985
12772010426,care,0.02,Very High,0.91
12772010458,care,0.02,Very High,0.77
12772201879,care,0.02,Very High,0.995
12772205501,care,0.02,Very High,0.995
12772205558,care,0.02,Very High,1.0
12772205592,care,0.02,Very High,1.0
12772323421,care,0.02,Very High,1.0
12772323475,care,0.02,Very High,1.0
12772323481,care,0.02,Very High,1.0
12772323490,care,0.02,Very High,0.98
12773100949,care,0.02,Low,0.66
12773100956,care,0.02,Low,0.995
12785384650,care,0.02,Very High,1.0
12785384659,care,0.02,Very High,1.0
12785384685,care,0.02,Very High,1.0
12786327363,care,0.02,Very High,0.99
12786327381,care,0.02,Very High,0.995
12786327436,care,0.02,High,0.61
12786361567,care,0.02,Very High,1.0
12786361574,care,0.02,Very High,1.0
12786367939,care,0.02,Very High,0.995
12787592445,care,0.02,Very High,0.99
12787592471,care,0.02,Very High,1.0
12787592490,care,0.02,Very High,1.0
12787672087,care,0.02,Very High,0.985
12787726771,care,0.02,High,0.59
12787726787,care,0.02,High,0.71
12787737318,care,0.02,Very High,0.545
12787737325,care,0.02,Very High,0.765
12787737345,care,0.02,Very High,0.83
12787823749,care,0.02,High,0.605
12787823768,care,0.02,High,0.785
12787864222,care,0.02,High,1.0
12787864239,care,0.02,High,0.545
12787935017,care,0.02,Very High,0.835
12787935022,care,0.02,Very High,0.635
12787935047,care,0.02,High,0.595
12787935056,care,0.02,High,0.565
12787935076,care,0.02,High,0.61
12787935104,care,0.02,Very High,0.73
12787935194,care,0.02,High,1.0
12787997706,care,0.02,Very High,0.985
12787997801,care,0.02,Very High,0.79
12787997805,care,0.02,Very High,0.855
12789133026,care,0.02,Very High,0.985
12791177432,care,0.02,Very High,0.89
12791177444,care,0.02,Very High,0.98
12791177463,care,0.02,Very High,0.955
12791253876,care,0.02,Very High,0.96
12791265022,care,0.02,Very High,0.77
12791265101,care,0.02,Very High,0.965
12791325268,care,0.02,High,0.89
12791325276,care,0.02,High,0.805
12791325293,care,0.02,High,0.69
12791335403,care,0.02,High,0.72
12791335431,care,0.02,Very High,0.58
12791335454,care,0.02,High,0.54
12791485952,care,0.02,High,0.985
12791848834,care,0.02,High,1.0
12791848872,care,0.02,High,1.0
12791848898,care,0.02,High,1.0
12791882649,care,0.02,High,1.0
12791882728,care,0.02,High,0.66
12792079684,care,0.02,High,1.0
12792117626,care,0.02,High,1.0
12795862183,care,0.02,High,0.995
12795913106,care,0.02,High,1.0
12795913118,care,0.02,High,1.0
12795913160,care,0.02,High,1.0
12798426585,care,0.02,High,0.57
12798426588,care,0.02,High,0.755
12798455601,care,0.02,High,0.965
12798455623,care,0.02,High,1.0
12798455652,care,0.02,High,1.0
12798455660,care,0.02,High,1.0
12798455703,care,0.02,High,1.0
12800871737,care,0.02,High,0.52
12800871761,care,0.02,High,0.77
12800871786,care,0.02,High,0.865
12800871799,care,0.02,High,0.98
12800871822,care,0.02,High,1.0
12855417874,care,0.02,Very High,0.96
12921693543,care,0.02,High,0.99
12921693570,care,0.02,High,0.985
12921693581,care,0.02,High,0.995
13011475507,care,0.02,High,0.78
13036810031,care,0.02,High,0.73
13042739813,care,0.02,Low,0.995
13042739816,care,0.02,Medium,1.0
13042739818,care,0.02,Medium,1.0
13042739839,care,0.02,Medium,1.0
13048692792,care,0.02,Very High,0.995
13074470732,care,0.02,High,0.99
13075574229,care,0.02,High,1.0
13075574254,care,0.02,High,1.0
13075574265,care,0.02,High,1.0
13075574515,care,0.02,High,1.0
13075755572,care,0.02,High,0.715
13075891044,care,0.02,Very High,0.925
13075891052,care,0.02,Very High,0.55
13075891065,care,0.02,Very High,0.985
13075891066,care,0.02,Very High,0.99
13075891072,care,0.02,Very High,0.985
13192125265,care,0.02,Medium,0.54
13192135506,care,0.02,Low,0.82
13192135516,care,0.02,Low,0.995
13208903748,care,0.02,High,1.0
13208903764,care,0.02,High,1.0
13208903775,care,0.02,High,1.0
13208903783,care,0.02,High,1.0
13208903791,care,0.02,High,1.0
13208925271,care,0.02,High,1.0
13236897775,care,0.02,High,0.995
13236897787,care,0.02,High,1.0
13236897795,care,0.02,High,0.99
13236903203,care,0.02,High,0.985
13236903207,care,0.02,High,1.0
13236903210,care,0.02,High,1.0
13236903252,care,0.02,High,1.0
13247989690,care,0.02,High,1.0
13248031603,care,0.02,High,1.0
13248789848,care,0.02,High,0.94
13248789863,care,0.02,High,0.865
13248902231,care,0.02,High,0.84
13248902255,care,0.02,High,0.895
13251409772,care,0.02,High,0.575
13251409775,care,0.02,High,0.745
13251427905,care,0.02,High,0.99
13251427910,care,0.02,High,1.0
13266798292,care,0.02,Low,0.765
13266833877,care,0.02,High,0.595
13266833880,care,0.02,High,0.505
13278094142,care,0.02,Very High,0.59
13283310086,care,0.02,Very High,0.875
13283345525,care,0.02,Medium,0.68
13296601312,care,0.02,Very High,0.98
13305165223,care,0.02,Low,0.91
13305165239,care,0.02,Low,0.995
13305165249,care,0.02,Low,1.0
13305165252,care,0.02,Medium,0.915
13305165253,care,0.02,Medium,0.92
13305165255,care,0.02,Medium,0.895
13333585760,care,0.02,Low,0.845
13333594610,care,0.02,Low,0.985
13363313378,care,0.02,Very High,0.975
13367428598,care,0.02,Very High,1.0
13476413486,care,0.02,High,1.0
13476413488,care,0.02,High,1.0
13476413490,care,0.02,High,1.0
13476800532,care,0.02,High,0.825
13479352079,care,0.02,Medium,1.0
13479352116,care,0.02,Medium,0.64
13479352119,care,0.02,Medium,0.995
13479352279,care,0.02,High,0.96
13479352298,care,0.02,High,0.93
13479352323,care,0.02,High,0.92
13479531033,care,0.02,High,0.985
13479531068,care,0.02,High,0.87
13479573156,care,0.02,Medium,1.0
13479573162,care,0.02,Medium,1.0
13479573166,care,0.02,Low,1.0
13514569010,care,0.02,Very High,0.975
13514589346,care,0.02,Very High,0.715
13522359572,care,0.02,Very High,0.55
13522359574,care,0.02,High,0.55
13522359578,care,0.02,High,0.655
13522359582,care,0.02,Very High,0.56
13522386711,care,0.02,Very High,0.675
13522386715,care,0.02,Very High,0.545
13522439186,care,0.02,Very High,0.99
13524533766,care,0.02,High,0.815
13524533780,care,0.02,High,0.995
13524533788,care,0.02,High,1.0
13526623536,care,0.02,Very High,0.995
13529411167,care,0.02,Very High,0.84
13531702855,care,0.02,Low,0.86
13531702857,care,0.02,Low,0.845
13551342571,care,0.02,High,0.845
13556042699,care,0.02,Low,0.97
13556103276,care,0.02,Low,1.0
13556103286,care,0.02,Low,0.985
13595807643,care,0.02,High,0.965
13595807668,care,0.02,High,0.96
13634243176,care,0.02,Very High,0.97
13644950324,care,0.02,High,1.0
13644950365,care,0.02,High,1.0
13652004830,care,0.02,High,1.0
13652004940,care,0.02,High,1.0
13652005057,care,0.02,High,1.0
13652005060,care,0.02,High,1.0
13652005063,care,0.02,High,1.0
13652005108,care,0.02,High,1.0
13652005164,care,0.02,High,1.0
13666609775,care,0.02,High,1.0
13666686522,care,0.02,High,1.0
13690616995,care,0.02,High,1.0
13690617000,care,0.02,High,1.0
13801355990,care,0.02,Very High,0.96
13801398609,care,0.02,Very High,0.975
13806300921,care,0.02,Very High,0.985
13810501988,care,0.02,Low,0.71
31498903,care,0.05,High,0.98
265659781,care,0.05,Medium,0.525
265659817,care,0.05,High,0.705
265659911,care,0.05,High,0.815
265659912,care,0.05,High,0.905
265659916,care,0.05,High,0.965
265659926,care,0.05,High,0.985
265669554,care,0.05,Very High,0.79
265669562,care,0.05,Very High,0.905
291582989,care,0.05,Low,0.505
291584378,care,0.05,Low,0.985
291584384,care,0.05,Low,0.795
291584394,care,0.05,Medium,0.875
291584395,care,0.05,Medium,0.9
291584412,care,0.05,Medium,0.995
291584426,care,0.05,Medium,0.9
291584812,care,0.05,Low,0.95
291585357,care,0.05,Medium,0.675
291585468,care,0.05,Low,0.5
291927192,care,0.05,Low,0.76
291927228,care,0.05,Medium,0.85
291927260,care,0.05,Medium,0.85
291927310,care,0.05,Low,0.75
291927385,care,0.05,Medium,0.8
291927461,care,0.05,High,0.825
291950057,care,0.05,Medium,0.58
293850002,care,0.05,High,0.9
293850123,care,0.05,High,0.63
293850151,care,0.05,High,0.915
293851624,care,0.05,High,0.885
293851905,care,0.05,Very High,0.595
293874114,care,0.05,High,0.865
293876118,care,0.05,High,0.975
293876279,care,0.05,High,0.895
293876630,care,0.05,Very High,0.655
297411543,care,0.05,High,0.705
297414194,care,0.05,High,0.955
297414210,care,0.05,High,0.92
297414218,care,0.05,High,0.94
299641717,care,0.05,Very High,0.945
301801838,care,0.05,Very High,0.82
301802251,care,0.05,Very High,0.735
301802471,care,0.05,Very High,0.82
301802511,care,0.05,Very High,0.81
301806842,care,0.05,Very High,0.585
301807418,care,0.05,Very High,0.56
301811627,care,0.05,Very High,0.76
301813602,care,0.05,Very High,0.745
301814428,care,0.05,High,0.67
302742175,care,0.05,Very High,0.81
302742232,care,0.05,Very High,0.755
302742300,care,0.05,High,0.55
302742354,care,0.05,Very High,0.575
302742399,care,0.05,Very High,0.63
302742478,care,0.05,Very High,0.61
302742975,care,0.05,High,0.8
302743086,care,0.05,High,0.515
302743402,care,0.05,High,0.92
302743453,care,0.05,High,0.915
302964118,care,0.05,High,0.895
302964224,care,0.05,High,0.86
302964252,care,0.05,High,0.82
302964263,care,0.05,High,0.74
302964281,care,0.05,High,0.82
302964287,care,0.05,High,0.63
302964815,care,0.05,Very High,0.97
302964821,care,0.05,Very High,0.97
302966012,care,0.05,Very High,0.935
302966023,care,0.05,Very High,0.955
302966036,care,0.05,Very High,0.77
302966068,care,0.05,Very High,0.74
302966075,care,0.05,Very High,0.76
302966095,care,0.05,Very High,0.835
303202278,care,0.05,Very High,0.695
304576406,care,0.05,Very High,0.89
304576474,care,0.05,Very High,0.895
304576505,care,0.05,Very High,0.895
304576529,care,0.05,Very High,0.89
304576588,care,0.05,Very High,0.905
304578785,care,0.05,Very High,0.865
304579917,care,0.05,Very High,0.885
304579937,care,0.05,Very High,0.84
304580057,care,0.05,Very High,0.875
304580241,care,0.05,Very High,0.825
304580242,care,0.05,Very High,0.765
304587571,care,0.05,Very High,0.715
304587695,care,0.05,Very High,0.855
304587716,care,0.05,Very High,0.835
304587734,care,0.05,Very High,0.815
304590295,care,0.05,High,0.53
304591541,care,0.05,High,0.95
304591556,care,0.05,High,0.92
304591613,care,0.05,High,0.905
304591620,care,0.05,High,0.975
304594774,care,0.05,High,0.85
304594780,care,0.05,High,0.825
304594797,care,0.05,High,0.785
304594812,care,0.05,High,0.765
304594904,care,0.05,High,0.59
304594909,care,0.05,High,0.645
304596685,care,0.05,Very High,0.545
304596716,care,0.05,High,0.545
304617231,care,0.05,High,0.685
304618715,care,0.05,High,0.805
304618717,care,0.05,High,0.76
304696625,care,0.05,Very High,0.54
304697331,care,0.05,Very High,0.56
304697339,care,0.05,High,0.5
304697390,care,0.05,High,0.515
304697393,care,0.05,High,0.55
304698900,care,0.05,Very High,0.66
304698938,care,0.05,Very High,0.535
304698973,care,0.05,High,0.62
304698982,care,0.05,High,0.54
304699010,care,0.05,Very High,0.66
304699026,care,0.05,Very High,0.72
304699094,care,0.05,Very High,0.71
304734593,care,0.05,Very High,0.565
304734635,care,0.05,Very High,0.635
304734701,care,0.05,Very High,0.665
304734825,care,0.05,High,0.655
304740408,care,0.05,Very High,0.58
304742295,care,0.05,Very High,0.82
304742336,care,0.05,Very High,0.84
304742344,care,0.05,Very High,0.895
304742347,care,0.05,Very High,0.855
304743203,care,0.05,Very High,0.65
304762056,care,0.05,Very High,0.875
304762078,care,0.05,Very High,0.895
304763196,care,0.05,Very High,0.93
304763199,care,0.05,Very High,0.925
304763222,care,0.05,Very High,0.8
304763480,care,0.05,Very High,0.905
304763503,care,0.05,Very High,0.87
304763504,care,0.05,Very High,0.835
304763691,care,0.05,Very High,0.77
304763694,care,0.05,Very High,0.755
304764048,care,0.05,Very High,0.55
304764067,care,0.05,Very High,0.67
304764101,care,0.05,Very High,0.555
304764136,care,0.05,Very High,0.505
306146053,care,0.05,High,0.725
306223499,care,0.05,High,0.94
306223896,care,0.05,High,0.66
306223916,care,0.05,High,0.885
306296872,care,0.05,High,0.81
306296936,care,0.05,High,0.925
306297151,care,0.05,High,0.94
306299195,care,0.05,High,1.0
306299246,care,0.05,High,0.995
309848495,care,0.05,Very High,0.75
309852361,care,0.05,Low,0.58
309852363,care,0.05,Low,0.54
309853032,care,0.05,Medium,0.955
309853211,care,0.05,Medium,0.965
309853247,care,0.05,Low,0.9
309853613,care,0.05,Medium,0.83
309853615,care,0.05,Medium,0.81
313332541,care,0.05,Very High,0.805
313606728,care,0.05,Very High,0.915
314961291,care,0.05,High,0.6
315238582,care,0.05,Very High,0.89
315379816,care,0.05,High,0.665
315379824,care,0.05,High,0.695
315379825,care,0.05,High,0.565
315381082,care,0.05,High,0.99
315381085,care,0.05,High,0.985
315381086,care,0.05,High,0.945
315381096,care,0.05,High,0.75
315381098,care,0.05,High,0.74
315381272,care,0.05,High,0.755
315381281,care,0.05,High,0.72
315381331,care,0.05,High,0.77
315381332,care,0.05,High,0.8
315381452,care,0.05,High,0.775
315381465,care,0.05,High,0.765
315381751,care,0.05,High,0.74
355011067,care,0.05,Low,0.53
364333977,care,0.05,Very High,0.615
364333981,care,0.05,Very High,0.69
366517702,care,0.05,High,0.51
366517772,care,0.05,High,0.585
367928605,care,0.05,High,0.985
368031696,care,0.05,Very High,0.82
460352061,care,0.05,High,0.925
460353192,care,0.05,High,0.97
460353197,care,0.05,High,0.91
460370994,care,0.05,High,0.965
460371002,care,0.05,High,0.92
460371535,care,0.05,High,0.705
460371547,care,0.05,High,0.665
460371597,care,0.05,Very High,0.51
460374178,care,0.05,High,0.68
460374206,care,0.05,High,0.535
460384992,care,0.05,High,0.85
460384997,care,0.05,High,0.91
460385000,care,0.05,High,0.945
460811662,care,0.05,High,0.955
460815609,care,0.05,High,0.955
460815980,care,0.05,High,0.975
460831841,care,0.05,High,0.965
460903974,care,0.05,High,0.755
460904225,care,0.05,High,0.785
460913592,care,0.05,High,0.735
460914084,care,0.05,High,0.905
460916521,care,0.05,High,0.915
460927352,care,0.05,High,0.74
460984536,care,0.05,High,0.935
460984908,care,0.05,Medium,0.88
460985089,care,0.05,High,0.905
461001893,care,0.05,High,0.705
461001991,care,0.05,High,0.655
461002074,care,0.05,High,0.65
1075548256,care,0.05,High,0.92
1075548260,care,0.05,High,0.905
1075548286,care,0.05,High,0.93
1075548295,care,0.05,High,0.98
1309637796,care,0.05,High,0.79
1309637943,care,0.05,High,0.72
1309638308,care,0.05,Very High,0.56
1309638543,care,0.05,High,0.61
1309639202,care,0.05,Medium,0.905
1309639592,care,0.05,Medium,0.705
1320036075,care,0.05,Very High,0.75
1329890078,care,0.05,High,0.905
1329890105,care,0.05,High,0.875
1329890126,care,0.05,High,0.84
1332645340,care,0.05,Very High,0.615
1332668655,care,0.05,High,0.675
1332699889,care,0.05,Very High,0.655
1332719592,care,0.05,Very High,0.86
1332719602,care,0.05,Very High,0.65
1332769856,care,0.05,Very High,0.845
1332775383,care,0.05,Very High,0.895
1332775411,care,0.05,Very High,0.89
1332785497,care,0.05,Very High,0.785
1332790270,care,0.05,Very High,0.73
1333269505,care,0.05,Very High,0.85
1333397832,care,0.05,Very High,0.74
1333404045,care,0.05,Very High,0.785
1333538814,care,0.05,High,0.68
1333540158,care,0.05,High,0.87
1333555653,care,0.05,High,0.9
1333588095,care,0.05,High,0.575
1333605411,care,0.05,High,0.64
1333624830,care,0.05,High,0.69
1333686363,care,0.05,Very High,0.77
1333752843,care,0.05,Very High,0.875
1333775570,care,0.05,Very High,0.71
1333791624,care,0.05,Very High,0.77
1333799027,care,0.05,Very High,0.73
1333879177,care,0.05,Very High,0.85
1333925932,care,0.05,Very High,0.91
1333965877,care,0.05,Very High,0.56
1334351921,care,0.05,Very High,0.81
1334519568,care,0.05,High,0.74
1334519592,care,0.05,High,0.76
1334519617,care,0.05,High,0.84
1334519623,care,0.05,High,0.83
1334519651,care,0.05,High,0.72
1335370854,care,0.05,Very High,0.785
1335400991,care,0.05,Very High,0.89
1335716130,care,0.05,Very High,0.58
1335716269,care,0.05,High,0.97
1335858522,care,0.05,Very High,0.81
1335900049,care,0.05,High,0.78
1335903101,care,0.05,Very High,0.75
1335936926,care,0.05,Very High,0.95
1335949339,care,0.05,Very High,0.92
1335962684,care,0.05,Very High,0.92
1336450093,care,0.05,Very High,0.82
1336450099,care,0.05,Very High,0.9
1336450118,care,0.05,Very High,0.905
1336481996,care,0.05,Very High,0.88
1336655119,care,0.05,Very High,0.67
1336672458,care,0.05,Very High,0.825
1336688270,care,0.05,Very High,0.805
1336737682,care,0.05,High,0.72
1336737701,care,0.05,High,0.76
1336737713,care,0.05,High,0.6
1336904969,care,0.05,High,0.52
1336911630,care,0.05,High,0.65
1337032073,care,0.05,High,0.69
1337086021,care,0.05,High,0.68
1337104625,care,0.05,High,0.63
1416167195,care,0.05,Very High,0.725
1416167197,care,0.05,Very High,0.68
1456255195,care,0.05,Very High,0.895
1482300049,care,0.05,High,0.64
1499300917,care,0.05,High,0.985
1515277205,care,0.05,Low,0.78
1515277209,care,0.05,Low,0.735
1515277210,care,0.05,Low,0.755
1515278363,care,0.05,Low,0.885
1517776311,care,0.05,High,0.68
1517780065,care,0.05,High,0.93
1517799702,care,0.05,Very High,0.765
1517894265,care,0.05,Very High,0.61
1517894389,care,0.05,Very High,0.61
1518680309,care,0.05,Very High,0.59
1519301970,care,0.05,High,0.625
1520083271,care,0.05,Very High,0.625
1520083698,care,0.05,Very High,0.715
1521099820,care,0.05,Very High,0.515
1524484562,care,0.05,Very High,0.62
1554374469,care,0.05,Medium,0.69
1554374555,care,0.05,Medium,0.855
1554374565,care,0.05,Medium,0.95
1554374588,care,0.05,Medium,0.95
1554374598,care,0.05,Medium,0.915
1554374611,care,0.05,Medium,0.955
1554374648,care,0.05,Medium,0.98
1576984303,care,0.05,High,0.985
1576984320,care,0.05,Very High,0.58
1576987630,care,0.05,High,0.595
1577002117,care,0.05,Very High,0.645
1577002120,care,0.05,Very High,0.67
1577003431,care,0.05,High,0.565
1577003435,care,0.05,Very High,0.59
1577003436,care,0.05,High,0.63
1582411346,care,0.05,Very High,0.96
1582420933,care,0.05,Very High,0.72
1601530424,care,0.05,Very High,0.735
1607732821,care,0.05,High,0.965
1607732898,care,0.05,High,0.965
1607732969,care,0.05,High,0.81
1607732991,care,0.05,High,0.91
1607870522,care,0.05,High,0.575
1634571340,care,0.05,High,0.735
1634571342,care,0.05,High,0.805
1634571498,care,0.05,High,0.68
1646145198,care,0.05,High,0.7
1654943890,care,0.05,Very High,0.825
1655958419,care,0.05,Very High,0.805
1656878955,care,0.05,Low,0.92
1656879008,care,0.05,Medium,0.965
1669281897,care,0.05,Very High,0.72
1669281972,care,0.05,Very High,0.77
1669385096,care,0.05,Very High,0.73
1669391017,care,0.05,High,0.515
1670467950,care,0.05,Very High,0.725
1670774501,care,0.05,High,0.795
1671052660,care,0.05,Very High,0.8
1671052676,care,0.05,Very High,0.88
1671107675,care,0.05,Very High,0.805
1673201108,care,0.05,Very High,0.65
1673398526,care,0.05,Very High,0.65
1674550443,care,0.05,High,0.89
1674550549,care,0.05,High,0.845
1674798928,care,0.05,High,0.595
1674798941,care,0.05,High,0.715
1674799108,care,0.05,High,0.82
1675779149,care,0.05,High,0.625
1675787981,care,0.05,High,0.63
1676722898,care,0.05,High,0.635
1676723004,care,0.05,High,0.98
1676723049,care,0.05,High,0.8
1676723117,care,0.05,High,0.615
1676857165,care,0.05,Very High,0.64
1676874935,care,0.05,Very High,0.805
1676930741,care,0.05,Very High,0.78
1676930747,care,0.05,Very High,0.81
1677395629,care,0.05,Very High,0.72
1678144337,care,0.05,Very High,0.865
1679571341,care,0.05,Very High,0.89
1680813066,care,0.05,Very High,0.91
1680817595,care,0.05,Very High,0.925
1683133784,care,0.05,High,0.955
1683149343,care,0.05,High,0.945
1683419392,care,0.05,High,0.99
1683419476,care,0.05,High,0.965
1683419518,care,0.05,High,0.96
1683530161,care,0.05,High,0.99
1683616583,care,0.05,High,0.985
1683616632,care,0.05,High,0.985
1684754778,care,0.05,High,0.98
1684754783,care,0.05,High,0.995
1686023369,care,0.05,High,0.685
1687418211,care,0.05,High,0.65
1687702106,care,0.05,High,0.525
1687705213,care,0.05,High,0.725
1688374316,care,0.05,High,0.85
1688374447,care,0.05,High,0.795
1688374494,care,0.05,High,0.775
1688374515,care,0.05,High,0.61
1688401743,care,0.05,High,0.525
1691714738,care,0.05,High,0.73
1691892263,care,0.05,High,0.59
1692037020,care,0.05,High,0.85
1692037033,care,0.05,High,0.78
1692448608,care,0.05,High,0.675
1692448628,care,0.05,High,0.785
1693050615,care,0.05,Very High,0.59
1693307316,care,0.05,High,0.73
1695229413,care,0.05,Very High,0.65
1696284480,care,0.05,Very High,0.54
1696297242,care,0.05,High,0.76
1719680117,care,0.05,High,0.53
1727511203,care,0.05,Very High,0.745
1733233982,care,0.05,High,0.775
1733233984,care,0.05,High,0.69
1733234004,care,0.05,Medium,0.95
1733234015,care,0.05,Medium,0.9
1733234018,care,0.05,Medium,0.97
1733234033,care,0.05,High,0.63
1733234057,care,0.05,Medium,0.7
1733259450,care,0.05,Medium,0.64
1733259455,care,0.05,Medium,0.765
1739321161,care,0.05,High,0.895
1748744712,care,0.05,High,0.625
1748744790,care,0.05,High,0.675
1748752437,care,0.05,High,0.525
1748752554,care,0.05,High,0.73
1748789991,care,0.05,High,0.755
1750283342,care,0.05,Very High,0.765
1752677525,care,0.05,High,0.52
1752677708,care,0.05,Very High,0.59
1752939244,care,0.05,Very High,0.67
1752979743,care,0.05,Very High,0.68
1752979813,care,0.05,Very High,0.535
1752991477,care,0.05,High,0.78
1753033755,care,0.05,High,0.505
1753739585,care,0.05,High,0.625
1755882802,care,0.05,Very High,0.545
1758174742,care,0.05,Very High,0.625
1762006333,care,0.05,Very High,0.67
1762006353,care,0.05,Very High,0.63
1762166889,care,0.05,Very High,0.535
1762166903,care,0.05,High,0.5
1762177612,care,0.05,Very High,0.565
1767838635,care,0.05,High,0.98
1771412280,care,0.05,High,0.965
1783311722,care,0.05,High,0.87
1821516873,care,0.05,High,0.665
1833995997,care,0.05,High,0.675
1912111979,care,0.05,High,0.955
1959410503,care,0.05,High,0.995
1959410634,care,0.05,High,0.96
1976182212,care,0.05,Very High,0.76
1976182230,care,0.05,Very High,0.775
2048787814,care,0.05,High,0.575
2102252140,care,0.05,Very High,0.8
2140190743,care,0.05,High,0.88
2161358988,care,0.05,High,0.6
2161369349,care,0.05,High,0.57
2161371310,care,0.05,High,0.52
2307384385,care,0.05,Very High,0.78
2400326002,care,0.05,Very High,0.725
2422262678,care,0.05,Very High,0.875
2433711113,care,0.05,Very High,0.84
2433722241,care,0.05,High,0.81
2537637988,care,0.05,High,0.705
2537637993,care,0.05,High,0.795
2537637997,care,0.05,High,0.87
2537638001,care,0.05,High,0.865
2537638005,care,0.05,High,0.9
2537638007,care,0.05,High,0.92
2537638090,care,0.05,High,0.845
2537638091,care,0.05,High,0.795
2537638093,care,0.05,High,0.765
2537638095,care,0.05,High,0.78
2543618332,care,0.05,Very High,0.765
2550866372,care,0.05,Very High,0.535
2550866427,care,0.05,High,0.78
2550989572,care,0.05,High,0.875
2551007719,care,0.05,High,0.795
2551007746,care,0.05,High,0.665
2551007757,care,0.05,High,0.57
2551007781,care,0.05,High,0.6
2551031955,care,0.05,High,0.98
2552400217,care,0.05,Very High,0.76
2624681386,care,0.05,Medium,0.76
2655580318,care,0.05,Very High,0.76
2716878303,care,0.05,High,0.755
2814813324,care,0.05,High,0.705
2814816868,care,0.05,High,0.685
2817142002,care,0.05,High,0.905
2817144587,care,0.05,High,0.775
2817153807,care,0.05,High,0.71
2817167063,care,0.05,Very High,0.685
2817246341,care,0.05,Very High,0.625
2817659494,care,0.05,High,0.84
2822871751,care,0.05,High,0.97
2833044701,care,0.05,High,0.705
2833058304,care,0.05,High,0.955
2833058401,care,0.05,High,0.99
2842383207,care,0.05,High,0.99
2844479897,care,0.05,High,0.96
2844479900,care,0.05,High,0.985
2853259828,care,0.05,Very High,0.805
2939669839,care,0.05,Very High,0.75
2948657263,care,0.05,Very High,0.525
2971775879,care,0.05,High,0.97
3078449760,care,0.05,Very High,0.585
3078449799,care,0.05,High,0.52
3129277334,care,0.05,High,0.79
3363528669,care,0.05,High,0.97
3375251445,care,0.05,Very High,0.77
3430936974,care,0.05,High,0.76
3430936979,care,0.05,High,0.975
3430936987,care,0.05,High,0.975
3430942196,care,0.05,High,0.99
3430942200,care,0.05,High,0.965
3430942206,care,0.05,High,0.98
3529181723,care,0.05,Very High,0.895
3577241309,care,0.05,High,0.525
3586834520,care,0.05,High,0.98
3586834543,care,0.05,High,0.96
3733079068,care,0.05,High,0.975
3758452439,care,0.05,Very High,0.59
3763287838,care,0.05,Medium,0.995
3763287855,care,0.05,Medium,0.965
3763287856,care,0.05,Medium,0.985
3763305372,care,0.05,Medium,0.98
3763305379,care,0.05,Medium,0.905
3763305380,care,0.05,Medium,0.905
3763305790,care,0.05,Medium,0.795
3763305791,care,0.05,Very Low,0.695
3763305797,care,0.05,Medium,0.95
3763305798,care,0.05,Medium,0.98
3763305805,care,0.05,Medium,0.965
3763305822,care,0.05,Very Low,0.63
3763305834,care,0.05,Very Low,0.635
3763305841,care,0.05,Low,0.71
3763305846,care,0.05,Low,0.665
3763309259,care,0.05,Low,0.545
3763309281,care,0.05,Very Low,0.565
3763309286,care,0.05,Very Low,0.5
3763309289,care,0.05,Low,0.57
3763309300,care,0.05,Very Low,0.72
3763309301,care,0.05,Medium,0.865
3763309314,care,0.05,Medium,0.94
3763309316,care,0.05,Very Low,0.695
3763309322,care,0.05,Low,0.75
3763309333,care,0.05,Medium,0.52
3763309339,care,0.05,Low,0.5
3763309342,care,0.05,Medium,0.635
3763309344,care,0.05,Medium,0.635
3763309348,care,0.05,Medium,0.67
3763309353,care,0.05,Medium,0.69
3763309355,care,0.05,Medium,0.765
3763309367,care,0.05,Medium,0.795
3763309373,care,0.05,Medium,0.92
3763309376,care,0.05,Medium,0.875
3763309379,care,0.05,Medium,0.935
3763309390,care,0.05,Very Low,0.71
3771849226,care,0.05,Medium,0.955
3771849227,care,0.05,Medium,0.945
3771849228,care,0.05,Medium,0.83
3771849229,care,0.05,Medium,0.8
3806824101,care,0.05,High,0.805
3809925650,care,0.05,High,0.555
3812548070,care,0.05,High,0.77
3816218870,care,0.05,Very High,0.755
3877858786,care,0.05,High,0.995
3961529297,care,0.05,High,0.62
4028348297,care,0.05,Very High,0.655
4038324228,care,0.05,High,0.83
4044375747,care,0.05,Very High,0.845
4050345394,care,0.05,Very High,0.765
4050345815,care,0.05,Very High,0.92
4050345950,care,0.05,Very High,0.88
4069942819,care,0.05,Very High,0.65
4071708549,care,0.05,Very High,0.59
4120467620,care,0.05,High,0.98
4138094680,care,0.05,Very High,0.565
4228868789,care,0.05,Very High,0.67
4229026795,care,0.05,Very High,0.92
4229925893,care,0.05,High,0.97
4230313514,care,0.05,High,0.895
4230313555,care,0.05,High,0.95
4230353709,care,0.05,High,0.995
4230353759,care,0.05,High,0.875
4230354780,care,0.05,High,0.975
4230356132,care,0.05,High,0.955
4230356143,care,0.05,High,0.965
4230396300,care,0.05,High,0.9
4235104793,care,0.05,Very High,0.825
4235120611,care,0.05,Very High,0.93
4235178591,care,0.05,Very High,0.94
4235180094,care,0.05,Very High,0.86
4235185589,care,0.05,Very High,0.905
4235272707,care,0.05,Very High,0.72
4235356889,care,0.05,Very High,0.865
4241728252,care,0.05,Very High,0.79
4241778004,care,0.05,High,0.675
4241778012,care,0.05,High,0.715
4241778023,care,0.05,High,0.69
4241782001,care,0.05,High,0.63
4242571114,care,0.05,High,0.905
4242596805,care,0.05,High,0.83
4242838921,care,0.05,High,0.545
4242863366,care,0.05,Very High,0.555
4242864833,care,0.05,Very High,0.56
4242865422,care,0.05,High,0.67
4242878102,care,0.05,High,0.525
4242887289,care,0.05,Very High,0.545
4242887290,care,0.05,Very High,0.665
4243016495,care,0.05,High,0.75
4244292013,care,0.05,Very High,0.695
4244320393,care,0.05,High,0.62
4244396190,care,0.05,Very High,0.68
4244396289,care,0.05,High,0.88
4244683532,care,0.05,Very High,0.74
4245976092,care,0.05,Very High,0.675
4259955458,care,0.05,High,0.685
4406270890,care,0.05,High,0.955
4406270938,care,0.05,High,0.975
4425354702,care,0.05,Very High,0.605
4557252953,care,0.05,High,0.79
4668278614,care,0.05,Medium,0.875
4668278617,care,0.05,Medium,0.845
4668278626,care,0.05,Medium,0.57
4668278636,care,0.05,Medium,0.705
4668278646,care,0.05,Medium,0.91
4668278661,care,0.05,Medium,0.755
4668278663,care,0.05,Medium,1.0
4668278668,care,0.05,Medium,0.995
4668278674,care,0.05,Medium,0.99
4668279609,care,0.05,Medium,1.0
4668279619,care,0.05,Medium,0.88
4668279630,care,0.05,Medium,0.99
4668279656,care,0.05,Medium,0.97
4820400254,care,0.05,High,0.775
4820400287,care,0.05,High,0.86
4820400289,care,0.05,High,0.87
4820400291,care,0.05,High,0.95
4820400294,care,0.05,High,0.865
4820400295,care,0.05,High,0.865
4820428243,care,0.05,High,0.755
4820428244,care,0.05,High,0.73
4820428249,care,0.05,High,0.82
4820428252,care,0.05,High,0.82
4820428263,care,0.05,High,0.715
4820428264,care,0.05,High,0.69
4820428266,care,0.05,High,0.72
4820428268,care,0.05,High,0.8
4899932460,care,0.05,High,0.87
4902689737,care,0.05,Very High,0.87
4902690046,care,0.05,Very High,0.84
5205085828,care,0.05,Very High,0.795
5338115314,care,0.05,High,0.73
5338117821,care,0.05,High,0.635
5359935172,care,0.05,High,0.9
5364017472,care,0.05,High,0.875
5365725281,care,0.05,Very High,0.845
5412363649,care,0.05,Very High,0.79
5471236076,care,0.05,Very High,0.815
5514396514,care,0.05,High,0.68
5545134740,care,0.05,Very High,0.795
5563872873,care,0.05,High,0.98
5563872908,care,0.05,High,0.99
5563872945,care,0.05,High,0.995
5563872989,care,0.05,High,0.94
5578156044,care,0.05,High,0.635
5831742595,care,0.05,High,0.92
5972718215,care,0.05,Low,0.51
5974229346,care,0.05,Low,0.865
5974229351,care,0.05,Low,0.55
5974229356,care,0.05,Medium,0.505
5974229358,care,0.05,Low,0.595
5974229359,care,0.05,Low,0.605
5974229361,care,0.05,Low,0.595
5974229362,care,0.05,Low,0.725
5974229364,care,0.05,Low,0.865
5974229366,care,0.05,Low,0.85
6034073764,care,0.05,Very High,0.915
6049100072,care,0.05,High,0.83
6086073177,care,0.05,High,0.68
6086089286,care,0.05,High,0.705
6086126706,care,0.05,High,0.925
6086126787,care,0.05,High,0.94
6086144463,care,0.05,High,0.98
6086166519,care,0.05,Very High,0.685
6086217569,care,0.05,High,0.665
6093047863,care,0.05,High,0.98
6093047884,care,0.05,High,0.98
6093049092,care,0.05,High,0.975
6093049103,care,0.05,High,0.975
6093049135,care,0.05,High,0.965
6093049202,care,0.05,High,0.93
6093049238,care,0.05,High,0.935
6093049257,care,0.05,High,0.855
6093049270,care,0.05,High,0.92
6093049280,care,0.05,High,0.86
6093049289,care,0.05,High,0.755
6093049298,care,0.05,High,0.805
6093049326,care,0.05,High,0.98
6093054716,care,0.05,High,0.99
6093054724,care,0.05,High,0.99
6106890865,care,0.05,Very High,0.875
6122292644,care,0.05,Very High,0.81
6131677268,care,0.05,Very High,0.715
6149496208,care,0.05,Very High,0.78
6149519804,care,0.05,High,0.99
6149527865,care,0.05,Very High,0.635
6149567917,care,0.05,High,0.885
6149567919,care,0.05,High,0.9
6167688903,care,0.05,Very High,0.64
6168445900,care,0.05,Very High,0.95
6168445916,care,0.05,Very High,0.945
6170668966,care,0.05,High,0.99
6188306586,care,0.05,High,0.98
6229927409,care,0.05,High,0.87
6247994297,care,0.05,Very High,0.82
6267835216,care,0.05,High,0.89
6293681656,care,0.05,High,0.99
6300295619,care,0.05,High,0.955
6305779529,care,0.05,Very High,0.675
6328984333,care,0.05,Very Low,0.73
6328984371,care,0.05,Medium,0.97
6328984486,care,0.05,Low,0.825
6328984493,care,0.05,Low,0.725
6328984495,care,0.05,Low,0.65
6339832471,care,0.05,High,0.8
6339861223,care,0.05,High,0.575
6369822475,care,0.05,Very High,0.71
6372602414,care,0.05,Low,0.565
6372602415,care,0.05,Low,0.505
6372602417,care,0.05,Low,0.52
6372602420,care,0.05,Low,0.53
6403547181,care,0.05,High,0.57
6418907296,care,0.05,Very High,0.895
6440467754,care,0.05,Very High,0.86
6491703571,care,0.05,Very High,0.85
6524156244,care,0.05,High,0.825
6533862314,care,0.05,High,0.775
6533862318,care,0.05,High,0.845
6533862335,care,0.05,High,0.93
6535742408,care,0.05,Very High,0.74
6539916754,care,0.05,High,0.62
6643065710,care,0.05,High,0.72
6667967517,care,0.05,High,0.805
6681110385,care,0.05,High,0.665
6775487582,care,0.05,Medium,0.99
6775526307,care,0.05,Medium,1.0
6775526314,care,0.05,Medium,0.98
6789185270,care,0.05,Very High,0.795
6789225156,care,0.05,Medium,0.555
6789225172,care,0.05,Medium,0.515
6789225180,care,0.05,Medium,0.58
6789233492,care,0.05,High,0.555
6882629397,care,0.05,Very High,0.6
6948798797,care,0.05,Medium,0.55
6948798804,care,0.05,Medium,0.545
6948798835,care,0.05,High,0.535
6975211183,care,0.05,High,0.955
6989876509,care,0.05,High,0.7
6990075663,care,0.05,High,0.73
7007083454,care,0.05,High,0.555
7088110119,care,0.05,Very High,0.7
7176218411,care,0.05,Very High,0.83
7177787606,care,0.05,Very High,0.935
7190872700,care,0.05,Very High,0.91
7354564223,care,0.05,High,0.93
7354564228,care,0.05,Medium,0.895
7389770068,care,0.05,High,0.665
7466695670,care,0.05,Very High,0.965
7522989639,care,0.05,Very High,0.645
7548883046,care,0.05,Very High,0.905
7580315774,care,0.05,High,0.61
7580324942,care,0.05,High,0.735
7620412418,care,0.05,High,0.965
7620412456,care,0.05,High,0.935
7620412461,care,0.05,High,0.77
7620412463,care,0.05,High,0.675
7620412466,care,0.05,High,0.75
7620415576,care,0.05,High,0.675
7728499328,care,0.05,Very High,0.67
7728503183,care,0.05,Very High,0.61
7728529801,care,0.05,Very High,0.59
7804547542,care,0.05,Very High,0.86
7806121149,care,0.05,Very High,0.56
7806507940,care,0.05,Very High,0.825
7843321033,care,0.05,Very High,0.685
7843321060,care,0.05,Very High,0.86
7928005193,care,0.05,Very High,0.595
7928451499,care,0.05,Very High,0.865
7948289895,care,0.05,High,0.86
7951767470,care,0.05,High,0.87
7951830085,care,0.05,High,0.87
7984593307,care,0.05,Very High,0.805
7992368574,care,0.05,Very High,0.67
8018283664,care,0.05,High,0.8
8022340239,care,0.05,Very High,0.515
8059272794,care,0.05,High,0.93
8059295526,care,0.05,High,0.865
8084750575,care,0.05,Medium,0.725
8084750600,care,0.05,Medium,0.685
8142670295,care,0.05,High,0.565
8147088870,care,0.05,High,0.795
8147088890,care,0.05,High,0.785
8168293420,care,0.05,High,0.76
8168293435,care,0.05,High,0.955
8234265720,care,0.05,High,0.57
8241311678,care,0.05,Very High,0.605
8241311694,care,0.05,Very High,0.67
8294058522,care,0.05,Very High,0.855
8297117023,care,0.05,High,0.835
8305267971,care,0.05,High,0.98
8443711109,care,0.05,High,0.965
8443712648,care,0.05,High,0.965
8467708169,care,0.05,High,0.885
8467801131,care,0.05,High,0.89
8486417293,care,0.05,High,0.575
8522652431,care,0.05,Very High,0.67
8522652463,care,0.05,Very High,0.775
8522653656,care,0.05,High,0.575
8567992266,care,0.05,High,0.58
8567992271,care,0.05,High,0.65
8567992275,care,0.05,High,0.54
8567992285,care,0.05,High,0.645
8567992299,care,0.05,High,0.965
8567992305,care,0.05,High,0.93
8778951943,care,0.05,Very High,0.67
8844588991,care,0.05,High,0.845
8844592428,care,0.05,High,0.715
8844592439,care,0.05,High,0.645
8844712057,care,0.05,High,0.645
8846476720,care,0.05,High,0.795
9094677321,care,0.05,Very High,0.57
9095905603,care,0.05,High,0.98
9095921431,care,0.05,High,0.995
9095921437,care,0.05,High,1.0
9121937519,care,0.05,High,0.72
9135617631,care,0.05,Very High,0.815
9171427497,care,0.05,High,0.955
9171480571,care,0.05,High,0.96
9186394286,care,0.05,High,0.94
9207623051,care,0.05,High,0.735
9248007099,care,0.05,Very Low,0.92
9248011848,care,0.05,Medium,0.89
9248011886,care,0.05,Medium,0.67
9248011935,care,0.05,Very Low,0.935
9248011945,care,0.05,Medium,0.73
9257313084,care,0.05,Very High,0.865
9257414624,care,0.05,High,0.92
9357775630,care,0.05,High,0.795
9357775659,care,0.05,High,0.855
9357775687,care,0.05,High,0.93
9372925151,care,0.05,Very High,0.665
9396648001,care,0.05,Very High,0.62
9396648012,care,0.05,Very High,0.67
9396649419,care,0.05,High,0.63
9417741857,care,0.05,Very High,0.52
9433347881,care,0.05,High,0.81
9466272405,care,0.05,Very High,0.675
9466602046,care,0.05,High,0.985
9532841658,care,0.05,High,0.635
9549302175,care,0.05,Very High,0.68
9602633511,care,0.05,Medium,0.975
9602657046,care,0.05,Medium,0.94
9602693150,care,0.05,Medium,0.595
9602777529,care,0.05,Medium,0.69
9602777532,care,0.05,Medium,0.55
9603355735,care,0.05,High,0.98
9612873590,care,0.05,High,0.915
9626133225,care,0.05,High,0.985
9628975662,care,0.05,Low,0.975
9635553182,care,0.05,Very High,0.96
9683257699,care,0.05,Very High,0.725
9796684622,care,0.05,High,0.805
9796684639,care,0.05,High,0.86
9796684645,care,0.05,High,0.805
9798318356,care,0.05,High,0.905
9820783351,care,0.05,High,0.535
9834075289,care,0.05,Very High,0.815
9860535827,care,0.05,Very High,0.71
9922114735,care,0.05,Very High,0.955
9949070594,care,0.05,High,0.985
9966846106,care,0.05,High,0.56
9966846108,care,0.05,Medium,0.515
10092095611,care,0.05,High,0.68
10159726486,care,0.05,High,0.785
10174676167,care,0.05,Low,0.61
10174676168,care,0.05,Low,0.63
10174676170,care,0.05,Low,0.62
10174676178,care,0.05,Low,0.735
10174676187,care,0.05,Medium,0.515
10174676192,care,0.05,Medium,0.51
10174676201,care,0.05,Low,0.64
10174676208,care,0.05,Low,0.635
10174676211,care,0.05,Low,0.645
10174676212,care,0.05,Low,0.55
10174676216,care,0.05,Medium,0.995
10174708518,care,0.05,Medium,0.965
10174708523,care,0.05,Medium,0.95
10174708525,care,0.05,Medium,0.925
10174708529,care,0.05,Medium,0.835
10174708532,care,0.05,Medium,0.76
10174708534,care,0.05,Medium,0.73
10174708535,care,0.05,Medium,0.645
10174708536,care,0.05,Medium,0.695
10174708537,care,0.05,Medium,0.6
10174708540,care,0.05,Medium,0.525
10174708544,care,0.05,Low,0.545
10174708566,care,0.05,Medium,0.52
10174708568,care,0.05,Medium,0.62
10174708577,care,0.05,Medium,0.865
10174708580,care,0.05,Medium,0.95
10174708582,care,0.05,Medium,0.965
10174708588,care,0.05,Medium,0.97
10174708602,care,0.05,Medium,0.505
10174708620,care,0.05,Medium,0.515
10174708624,care,0.05,Medium,0.52
10174708672,care,0.05,Low,0.775
10174708679,care,0.05,Medium,0.905
10174708682,care,0.05,Medium,0.88
10174708684,care,0.05,Medium,0.915
10174708707,care,0.05,Very Low,0.82
10174708711,care,0.05,Very Low,0.845
10174708761,care,0.05,Low,0.635
10174708764,care,0.05,Low,0.645
10174708782,care,0.05,Low,0.76
10174708783,care,0.05,Low,0.77
10174708785,care,0.05,Low,0.81
10174708786,care,0.05,Low,0.855
10174708788,care,0.05,Medium,0.85
10174708791,care,0.05,Medium,0.845
10174708794,care,0.05,Medium,0.855
10174708808,care,0.05,Medium,0.995
10174708814,care,0.05,Medium,0.86
10174708836,care,0.05,Medium,1.0
10174708847,care,0.05,Medium,1.0
10182472800,care,0.05,Very High,0.52
10185850417,care,0.05,High,0.78
10185850467,care,0.05,Medium,0.505
10185850495,care,0.05,Medium,0.56
10185850502,care,0.05,Medium,0.58
10185850511,care,0.05,Medium,0.575
10185954636,care,0.05,High,0.92
10185954661,care,0.05,High,1.0
10185954678,care,0.05,High,0.985
10185954765,care,0.05,High,0.9
10262561799,care,0.05,High,0.935
10282459032,care,0.05,High,0.975
10300286341,care,0.05,High,0.635
10690393699,care,0.05,High,0.67
10720924158,care,0.05,High,0.935
10762109688,care,0.05,High,0.835
10764575126,care,0.05,Low,0.83
10764575130,care,0.05,Low,0.87
10764575135,care,0.05,Low,0.805
10764575154,care,0.05,Low,0.705
10764575156,care,0.05,Low,0.685
10764575165,care,0.05,Low,0.695
10765498098,care,0.05,High,0.91
10770607409,care,0.05,Medium,0.845
10770607414,care,0.05,Medium,0.84
10770607428,care,0.05,High,0.58
10770607434,care,0.05,High,0.56
10770607436,care,0.05,Medium,0.625
10770607437,care,0.05,High,0.67
10781466793,care,0.05,Very High,0.64
10782114175,care,0.05,Medium,0.735
10782114182,care,0.05,Medium,0.725
10782114187,care,0.05,Medium,0.73
10782114193,care,0.05,Very Low,0.75
10782165711,care,0.05,Very Low,0.75
10807135391,care,0.05,Very High,0.84
10807185817,care,0.05,Very High,0.675
10807185854,care,0.05,High,0.78
10807185864,care,0.05,Very High,0.855
10820325057,care,0.05,Very High,0.845
10824082848,care,0.05,Very High,0.86
10843102936,care,0.05,Very High,0.885
10852743401,care,0.05,Very High,0.715
10862625710,care,0.05,High,0.88
10862625726,care,0.05,High,0.825
10862625742,care,0.05,High,0.87
10862625753,care,0.05,High,0.94
10862625884,care,0.05,High,0.92
10862625891,care,0.05,High,0.885
10862625954,care,0.05,High,0.91
10862626059,care,0.05,Medium,0.945
10862626064,care,0.05,Medium,0.9
10864590116,care,0.05,Medium,0.61
10864590160,care,0.05,High,0.6
10864590178,care,0.05,High,0.725
10864590323,care,0.05,Medium,0.665
10864590327,care,0.05,Very Low,0.775
10875049650,care,0.05,High,0.895
10875049654,care,0.05,High,0.845
10875049659,care,0.05,High,0.81
10875049662,care,0.05,High,0.76
10875049663,care,0.05,High,0.77
10875049664,care,0.05,High,0.71
10875049666,care,0.05,High,0.68
10875049670,care,0.05,High,0.67
10889016957,care,0.05,Very High,0.66
10943626000,care,0.05,Medium,0.845
10943669211,care,0.05,High,0.675
10948807008,care,0.05,Very High,0.53
10959368177,care,0.05,High,0.53
10965183585,care,0.05,High,0.91
10965191125,care,0.05,High,0.715
10969345508,care,0.05,Very High,0.8
10969389985,care,0.05,High,0.98
10969869017,care,0.05,High,0.555
10969869130,care,0.05,Very High,0.685
10969869178,care,0.05,Very High,0.745
10969885647,care,0.05,High,0.52
10969885650,care,0.05,High,0.615
10970847422,care,0.05,Very High,0.52
10974835618,care,0.05,Medium,0.715
10974835724,care,0.05,Medium,0.965
10983772523,care,0.05,High,0.7
10984439993,care,0.05,Very High,0.855
10984451455,care,0.05,Very High,0.845
10984795464,care,0.05,High,0.915
10989110091,care,0.05,High,0.98
10989630784,care,0.05,High,0.94
10989630785,care,0.05,High,0.955
10989630797,care,0.05,High,0.73
11013707527,care,0.05,Low,0.74
11013707534,care,0.05,Low,0.73
11013707538,care,0.05,Low,0.81
11013707542,care,0.05,Low,0.815
11013707543,care,0.05,Low,0.83
11013707566,care,0.05,Low,0.89
11013707567,care,0.05,Low,0.865
11013707570,care,0.05,Low,0.905
11013707572,care,0.05,Low,0.92
11013707580,care,0.05,Low,0.93
11013707589,care,0.05,Low,0.945
11053698466,care,0.05,High,0.655
11053698478,care,0.05,High,0.76
11053698485,care,0.05,High,0.74
11053698493,care,0.05,High,0.71
11061413832,care,0.05,Low,0.93
11061413833,care,0.05,Low,0.955
11061413835,care,0.05,Low,0.925
11061413837,care,0.05,Low,0.925
11061413838,care,0.05,Low,0.915
11061413839,care,0.05,Low,0.93
11061413841,care,0.05,Low,0.935
11061413842,care,0.05,Medium,0.975
11061413844,care,0.05,Medium,0.98
11061413845,care,0.05,Medium,0.965
11061413846,care,0.05,Medium,0.98
11061413848,care,0.05,Medium,0.97
11061413899,care,0.05,Medium,0.93
11061419907,care,0.05,Medium,0.91
11061419908,care,0.05,Medium,0.995
11061419912,care,0.05,High,0.65
11066863357,care,0.05,Medium,0.6
11104492426,care,0.05,Very High,0.825
11107400700,care,0.05,Very High,0.54
11113942097,care,0.05,High,0.72
11148431254,care,0.05,Very High,0.775
11165605602,care,0.05,High,0.7
11176102247,care,0.05,High,0.905
11180649875,care,0.05,Very High,0.8
11190449900,care,0.05,High,0.89
11193065877,care,0.05,High,0.715
11212068693,care,0.05,Very High,0.61
11215617881,care,0.05,High,0.98
11215617887,care,0.05,High,0.975
11215617908,care,0.05,High,0.98
11215617910,care,0.05,High,0.985
11215617954,care,0.05,High,0.995
11243787770,care,0.05,High,0.995
11245254256,care,0.05,High,0.58
11258540713,care,0.05,High,0.955
11258540726,care,0.05,High,0.955
11258545243,care,0.05,High,0.93
11258545246,care,0.05,High,0.875
11258545251,care,0.05,High,0.91
11260191606,care,0.05,High,0.68
11274535367,care,0.05,High,0.955
11277029428,care,0.05,High,0.995
11277029434,care,0.05,High,0.97
11277029451,care,0.05,High,0.99
11277029459,care,0.05,High,0.995
11288867320,care,0.05,High,0.995
11293289229,care,0.05,High,0.905
11293289233,care,0.05,High,0.915
11293289237,care,0.05,High,0.855
11293289241,care,0.05,High,0.845
11293289243,care,0.05,High,0.72
11293289246,care,0.05,High,0.7
11293289252,care,0.05,High,0.645
11327571894,care,0.05,Very High,0.715
11392399021,care,0.05,High,0.955
11396500473,care,0.05,Very High,0.83
11425682923,care,0.05,Very High,0.675
11429972491,care,0.05,High,0.97
11432906135,care,0.05,Medium,0.89
11432906138,care,0.05,Medium,0.87
11432906142,care,0.05,Medium,0.935
11432906145,care,0.05,Medium,0.935
11505686908,care,0.05,Very High,0.525
11513820872,care,0.05,High,0.77
11514003490,care,0.05,High,0.905
11514003618,care,0.05,High,0.98
11514003659,care,0.05,High,0.935
11514082203,care,0.05,Very High,0.79
11515987061,care,0.05,High,0.87
11515987065,care,0.05,High,0.885
11515987069,care,0.05,High,0.865
11515987072,care,0.05,High,0.91
11515987079,care,0.05,High,0.84
11527564842,care,0.05,High,0.94
11527564851,care,0.05,High,0.865
11527564852,care,0.05,High,0.785
11527564867,care,0.05,High,0.835
11532139728,care,0.05,High,0.975
11532523975,care,0.05,High,0.935
11570721023,care,0.05,Medium,0.51
11570721025,care,0.05,Medium,0.525
11570721027,care,0.05,Low,0.505
11570721029,care,0.05,Medium,0.515
11570721034,care,0.05,Medium,0.54
11570721036,care,0.05,Low,0.585
11570721037,care,0.05,Low,0.525
11573383967,care,0.05,Medium,0.535
11573383984,care,0.05,Low,0.545
11573383997,care,0.05,Medium,0.525
11727195684,care,0.05,High,0.985
11727195728,care,0.05,High,0.625
11783501643,care,0.05,High,0.895
11783501650,care,0.05,High,0.85
11783501664,care,0.05,High,0.97
11783501665,care,0.05,High,0.95
11783501667,care,0.05,High,0.94
11783509275,care,0.05,High,0.945
11783509288,care,0.05,High,0.85
11783509289,care,0.05,High,0.96
11783509294,care,0.05,High,1.0
11783509298,care,0.05,High,0.98
11783509302,care,0.05,High,0.985
11783509361,care,0.05,High,0.89
11783509365,care,0.05,High,0.945
11795188462,care,0.05,High,0.98
11795218787,care,0.05,High,0.83
11795218824,care,0.05,High,0.965
11795218835,care,0.05,High,0.995
11795264483,care,0.05,Very High,0.715
11795420506,care,0.05,High,0.99
11795420526,care,0.05,High,0.985
11795420545,care,0.05,High,0.975
11802276815,care,0.05,High,0.545
11803457978,care,0.05,High,0.99
11803458056,care,0.05,High,0.645
11811197853,care,0.05,Very High,0.82
11819306987,care,0.05,High,0.91
11821233258,care,0.05,Very High,0.61
11847828107,care,0.05,High,0.985
11865664335,care,0.05,Very High,0.9
11868804459,care,0.05,Very High,0.93
11898597265,care,0.05,Very High,0.74
11898597273,care,0.05,Very High,0.735
11898597895,care,0.05,High,0.865
11898597910,care,0.05,High,0.93
11898725990,care,0.05,High,0.94
11898725993,care,0.05,High,0.94
11898725998,care,0.05,High,0.925
11941854648,care,0.05,Very High,0.745
11941909371,care,0.05,Very High,0.78
11955680768,care,0.05,Very High,0.835
11992455236,care,0.05,Very High,0.535
12077416339,care,0.05,Very High,0.805
12140293163,care,0.05,Medium,0.57
12146326622,care,0.05,Very High,0.835
12147636333,care,0.05,High,0.605
12148197408,care,0.05,High,0.97
12382192929,care,0.05,Very High,0.77
12424652961,care,0.05,High,0.805
12424652965,care,0.05,High,0.76
12430718967,care,0.05,High,0.645
12430718982,care,0.05,High,0.64
12430718985,care,0.05,High,0.595
12430718999,care,0.05,High,0.69
12485105673,care,0.05,Very High,0.535
12522995826,care,0.05,Very High,0.73
12531973896,care,0.05,High,0.575
12531984404,care,0.05,High,0.78
12549478489,care,0.05,Very High,0.81
12549808196,care,0.05,Very High,0.87
12549820321,care,0.05,Very High,0.85
12549820333,care,0.05,Very High,0.8
12549925773,care,0.05,Very High,0.85
12551295536,care,0.05,Very High,0.76
12551295582,care,0.05,Very High,0.91
12551295599,care,0.05,Very High,0.895
12565104409,care,0.05,Very High,0.55
12565104470,care,0.05,High,0.505
12595228366,care,0.05,Very High,0.685
12595228399,care,0.05,Very High,0.81
12604059177,care,0.05,Very High,0.89
12604059190,care,0.05,Very High,0.955
12604521706,care,0.05,High,0.66
12604521732,care,0.05,High,0.695
12607094312,care,0.05,High,0.51
12607126625,care,0.05,Very High,0.775
12628688065,care,0.05,Low,0.635
12636319154,care,0.05,Very High,0.835
12636319189,care,0.05,Very High,0.875
12639567742,care,0.05,Very High,0.87
12641784763,care,0.05,High,0.985
12641784775,care,0.05,High,0.985
12644019237,care,0.05,High,0.63
12644019263,care,0.05,Medium,0.975
12644019265,care,0.05,Medium,0.995
12644019272,care,0.05,Medium,0.95
12644019281,care,0.05,Medium,0.83
12647719174,care,0.05,Medium,0.77
12647719175,care,0.05,Medium,0.79
12647719259,care,0.05,Medium,0.615
12647719261,care,0.05,Medium,0.525
12647719262,care,0.05,Medium,0.525
12647719263,care,0.05,Low,0.5
12647719265,care,0.05,Medium,0.625
12647719266,care,0.05,Medium,0.515
12647719354,care,0.05,Medium,0.705
12647719356,care,0.05,Medium,0.785
12648436039,care,0.05,Medium,0.9
12652485851,care,0.05,Very High,0.585
12655832976,care,0.05,Very High,0.905
12655848036,care,0.05,Very High,0.785
12656761390,care,0.05,High,0.89
12656782705,care,0.05,High,0.86
12673454380,care,0.05,Very High,0.915
12684727361,care,0.05,Very High,0.71
12726482693,care,0.05,Very High,0.59
12726512906,care,0.05,Very High,0.85
12726512992,care,0.05,Very High,0.9
12726513023,care,0.05,Very High,0.77
12726513025,care,0.05,Very High,0.745
12728226848,care,0.05,Very High,0.855
12728477228,care,0.05,High,0.965
12728636606,care,0.05,Very High,0.795
12728636634,care,0.05,Very High,0.665
12728664268,care,0.05,Very High,0.71
12728664287,care,0.05,Very High,0.73
12728719280,care,0.05,High,0.89
12728785706,care,0.05,Very High,0.8
12729291244,care,0.05,Very High,0.595
12729291602,care,0.05,Very High,0.745
12729291646,care,0.05,Very High,0.865
12730458390,care,0.05,Very High,0.81
12730458394,care,0.05,Very High,0.805
12730466824,care,0.05,Very High,0.765
12730466882,care,0.05,Very High,0.595
12730528439,care,0.05,Very High,0.855
12730599926,care,0.05,Very High,0.82
12730639856,care,0.05,Very High,0.825
12730738415,care,0.05,Very High,0.94
12730738463,care,0.05,Very High,0.825
12730738485,care,0.05,Very High,0.82
12730738503,care,0.05,Very High,0.81
12730828702,care,0.05,High,0.565
12730828735,care,0.05,Very High,0.675
12730828762,care,0.05,Very High,0.635
12731475236,care,0.05,Very High,0.51
12731475289,care,0.05,Very High,0.61
12731491628,care,0.05,Very High,0.605
12731491669,care,0.05,High,0.73
12731491672,care,0.05,High,0.685
12731491675,care,0.05,High,0.59
12731719277,care,0.05,Low,0.95
12731719282,care,0.05,Low,0.965
12731719283,care,0.05,Low,0.94
12731719284,care,0.05,Low,0.965
12731719295,care,0.05,Low,0.975
12731728805,care,0.05,Low,0.91
12731728812,care,0.05,Low,0.915
12731728813,care,0.05,Low,0.855
12731728816,care,0.05,Low,0.875
12731728818,care,0.05,Low,0.895
12731728823,care,0.05,Low,0.91
12731728970,care,0.05,Low,0.94
12731728977,care,0.05,Low,0.95
12731728994,care,0.05,Medium,0.84
12731729007,care,0.05,Medium,0.865
12731729018,care,0.05,Medium,0.83
12731729028,care,0.05,Medium,0.82
12731729030,care,0.05,Medium,0.825
12731729031,care,0.05,Medium,0.79
12731729033,care,0.05,Medium,0.785
12731729035,care,0.05,Medium,0.795
12731729072,care,0.05,Medium,0.99
12731729074,care,0.05,Low,0.94
12731729082,care,0.05,Low,0.935
12731729083,care,0.05,Medium,0.665
12731780259,care,0.05,Low,0.895
12731780266,care,0.05,Low,0.895
12731780270,care,0.05,Low,0.855
12731780271,care,0.05,Low,0.87
12731780272,care,0.05,Low,0.855
12731780273,care,0.05,Low,0.915
12731780274,care,0.05,Low,0.88
12731780275,care,0.05,Medium,0.785
12731780276,care,0.05,Medium,0.71
12731780277,care,0.05,Medium,0.605
12731780278,care,0.05,Medium,0.615
12731780279,care,0.05,Medium,0.64
12731780280,care,0.05,Low,0.71
12731780281,care,0.05,Low,0.74
12731780283,care,0.05,Low,0.535
12732464838,care,0.05,High,0.74
12732464868,care,0.05,High,0.64
12732693516,care,0.05,High,0.52
12732693544,care,0.05,High,0.765
12732693552,care,0.05,High,0.79
12732693576,care,0.05,High,0.85
12732693584,care,0.05,High,0.89
12747733868,care,0.05,Low,0.55
12747733871,care,0.05,Low,0.525
12747733875,care,0.05,Low,0.59
12747733879,care,0.05,Low,0.885
12747733881,care,0.05,Low,0.85
12747733882,care,0.05,Low,0.805
12768149294,care,0.05,High,0.74
12768149297,care,0.05,High,0.81
12768197113,care,0.05,High,0.765
12768380983,care,0.05,Very High,0.545
12768381000,care,0.05,High,0.5
12768401522,care,0.05,High,0.525
12768401535,care,0.05,High,0.595
12768401563,care,0.05,High,0.535
12768401577,care,0.05,High,0.59
12768401623,care,0.05,High,0.62
12768401656,care,0.05,High,0.735
12768401707,care,0.05,High,0.66
12768401744,care,0.05,High,0.835
12768401747,care,0.05,High,0.73
12768441224,care,0.05,Very High,0.85
12768441236,care,0.05,Very High,0.68
12768441239,care,0.05,Very High,0.82
12768441260,care,0.05,Very High,0.67
12768441270,care,0.05,Very High,0.69
12768441271,care,0.05,Very High,0.6
12768725209,care,0.05,Very High,0.65
12768725273,care,0.05,Very High,0.82
12768725279,care,0.05,Very High,0.815
12768725281,care,0.05,Very High,0.79
12769049385,care,0.05,Very High,0.555
12769049389,care,0.05,Very High,0.645
12769824119,care,0.05,Very High,0.585
12769928884,care,0.05,Very High,0.505
12769951096,care,0.05,Very High,0.525
12769998616,care,0.05,Very High,0.66
12769998672,care,0.05,Very High,0.57
12769998680,care,0.05,Very High,0.64
12769998691,care,0.05,High,0.545
12769998694,care,0.05,High,0.545
12770065682,care,0.05,Very High,0.665
12771693017,care,0.05,Very High,0.67
12771693046,care,0.05,Very High,0.77
12771693070,care,0.05,Very High,0.71
12771693084,care,0.05,Very High,0.865
12771693099,care,0.05,Very High,0.62
12771694609,care,0.05,Very High,0.795
12771694620,care,0.05,Very High,0.845
12771694644,care,0.05,Very High,0.825
12771694687,care,0.05,High,0.75
12771694732,care,0.05,High,0.66
12771694752,care,0.05,High,0.69
12772010345,care,0.05,Very High,0.77
12772010372,care,0.05,Very High,0.77
12772010404,care,0.05,Very High,0.84
12772010426,care,0.05,Very High,0.63
12772010458,care,0.05,Very High,0.59
12772201879,care,0.05,Very High,0.845
12772205501,care,0.05,Very High,0.85
12772205558,care,0.05,Very High,0.935
12772205592,care,0.05,Very High,0.96
12772323421,care,0.05,Very High,0.92
12772323475,care,0.05,Very High,0.94
12772323481,care,0.05,Very High,0.975
12772323490,care,0.05,Very High,0.855
12773100949,care,0.05,Low,0.7
12773100956,care,0.05,Low,0.885
12785384650,care,0.05,Very High,0.92
12785384659,care,0.05,Very High,0.915
12785384685,care,0.05,Very High,0.91
12786327363,care,0.05,Very High,0.87
12786327381,care,0.05,Very High,0.9
12786327436,care,0.05,High,0.505
12786361567,care,0.05,Very High,0.92
12786361574,care,0.05,Very High,0.935
12786367939,care,0.05,Very High,0.955
12787592445,care,0.05,Very High,0.87
12787592471,care,0.05,Very High,0.895
12787592490,care,0.05,Very High,0.94
12787672087,care,0.05,Very High,0.81
12787726771,care,0.05,High,0.535
12787726787,care,0.05,High,0.625
12787737318,care,0.05,Very High,0.51
12787737325,care,0.05,Very High,0.6
12787737345,care,0.05,Very High,0.63
12787823749,care,0.05,High,0.555
12787823768,care,0.05,High,0.665
12787864222,care,0.05,High,0.975
12787864239,care,0.05,Very High,0.55
12787935017,care,0.05,Very High,0.68
12787935022,care,0.05,Very High,0.525
12787935047,care,0.05,High,0.56
12787935056,care,0.05,High,0.56
12787935076,care,0.05,High,0.575
12787935104,care,0.05,Very High,0.6
12787935194,care,0.05,High,0.93
12787997706,care,0.05,Very High,0.815
12787997801,care,0.05,Very High,0.57
12787997805,care,0.05,Very High,0.65
12789133026,care,0.05,Very High,0.775
12791177432,care,0.05,Very High,0.74
12791177444,care,0.05,Very High,0.83
12791177463,care,0.05,Very High,0.7
12791253876,care,0.05,Very High,0.76
12791265022,care,0.05,Very High,0.65
12791265101,care,0.05,Very High,0.765
12791325268,care,0.05,High,0.595
12791325276,care,0.05,High,0.585
12791325293,care,0.05,High,0.58
12791335403,care,0.05,High,0.55
12791335431,care,0.05,Very High,0.575
12791335454,care,0.05,High,0.53
12791485952,care,0.05,High,0.76
12791848834,care,0.05,High,0.995
12791848872,care,0.05,High,0.965
12791848898,care,0.05,High,0.96
12791882649,care,0.05,High,0.95
12791882728,care,0.05,High,0.55
12792079684,care,0.05,High,0.995
12792117626,care,0.05,High,0.995
12795862183,care,0.05,High,0.79
12795913106,care,0.05,High,0.935
12795913118,care,0.05,High,0.925
12795913160,care,0.05,High,0.865
12798426585,care,0.05,High,0.6
12798426588,care,0.05,High,0.68
12798455601,care,0.05,High,0.855
12798455623,care,0.05,High,0.955
12798455652,care,0.05,High,0.965
12798455660,care,0.05,High,1.0
12798455703,care,0.05,High,0.93
12800871737,care,0.05,Medium,0.525
12800871761,care,0.05,High,0.65
12800871786,care,0.05,High,0.715
12800871799,care,0.05,High,0.85
12800871822,care,0.05,High,0.975
12855417874,care,0.05,Very High,0.71
12921693543,care,0.05,High,0.855
12921693570,care,0.05,High,0.81
12921693581,care,0.05,High,0.885
13011475507,care,0.05,High,0.555
13036810031,care,0.05,High,0.59
13042739813,care,0.05,Low,0.895
13042739816,care,0.05,Medium,0.99
13042739818,care,0.05,Medium,0.985
13042739839,care,0.05,Medium,0.985
13048692792,care,0.05,Very High,0.81
13074470732,care,0.05,High,0.85
13075574229,care,0.05,High,0.97
13075574254,care,0.05,High,0.975
13075574265,care,0.05,High,0.99
13075574515,care,0.05,High,0.995
13075755572,care,0.05,High,0.585
13075891044,care,0.05,Very High,0.69
13075891052,care,0.05,Very High,0.575
13075891065,care,0.05,Very High,0.8
13075891066,care,0.05,Very High,0.815
13075891072,care,0.05,Very High,0.795
13192125265,care,0.05,Low,0.555
13192135506,care,0.05,Low,0.72
13192135516,care,0.05,Low,0.87
13208903748,care,0.05,High,0.955
13208903764,care,0.05,High,0.98
13208903775,care,0.05,High,1.0
13208903783,care,0.05,High,0.97
13208903791,care,0.05,High,0.99
13208925271,care,0.05,High,0.965
13236897775,care,0.05,High,0.9
13236897787,care,0.05,High,0.865
13236897795,care,0.05,High,0.86
13236903203,care,0.05,High,0.805
13236903207,care,0.05,High,0.825
13236903210,care,0.05,High,0.975
13236903252,care,0.05,High,0.94
13247989690,care,0.05,High,0.9
13248031603,care,0.05,High,0.915
13248789848,care,0.05,High,0.81
13248789863,care,0.05,High,0.785
13248902231,care,0.05,High,0.67
13248902255,care,0.05,High,0.775
13251409772,care,0.05,High,0.53
13251409775,care,0.05,High,0.55
13251427905,care,0.05,High,0.855
13251427910,care,0.05,High,0.86
13266798292,care,0.05,Medium,0.535
13266833877,care,0.05,High,0.54
13266833880,care,0.05,Very High,0.52
13278094142,care,0.05,Very High,0.56
13283310086,care,0.05,Very High,0.725
13283345525,care,0.05,Medium,0.71
13296601312,care,0.05,Very High,0.81
13305165223,care,0.05,Low,0.585
13305165239,care,0.05,Low,0.875
13305165249,care,0.05,Low,0.87
13305165252,care,0.05,Medium,0.655
13305165253,care,0.05,Medium,0.64
13305165255,care,0.05,Medium,0.61
13333585760,care,0.05,Low,0.555
13333594610,care,0.05,Low,0.71
13363313378,care,0.05,Very High,0.76
13367428598,care,0.05,Very High,0.835
13476413486,care,0.05,High,0.99
13476413488,care,0.05,High,0.995
13476413490,care,0.05,High,0.975
13476800532,care,0.05,High,0.57
13479352079,care,0.05,Medium,0.99
13479352116,care,0.05,Medium,0.73
13479352119,care,0.05,Medium,0.91
13479352279,care,0.05,High,0.65
13479352298,care,0.05,High,0.65
13479352323,care,0.05,High,0.55
13479531033,care,0.05,High,0.8
13479531068,care,0.05,High,0.69
13479573156,care,0.05,Medium,0.965
13479573162,care,0.05,Medium,0.99
13479573166,care,0.05,Low,0.91
13514569010,care,0.05,Very High,0.81
13514589346,care,0.05,Very High,0.62
13522359572,care,0.05,High,0.5
13522359574,care,0.05,High,0.57
13522359578,care,0.05,High,0.595
13522359582,care,0.05,High,0.535
13522386711,care,0.05,Very High,0.53
13522386715,care,0.05,Very High,0.58
13522439186,care,0.05,Very High,0.815
13524533766,care,0.05,High,0.635
13524533780,care,0.05,High,0.88
13524533788,care,0.05,High,0.86
13526623536,care,0.05,Very High,0.85
13529411167,care,0.05,Very High,0.625
13531702855,care,0.05,Low,0.56
13531702857,care,0.05,Medium,0.505
13551342571,care,0.05,High,0.68
13556042699,care,0.05,Low,0.87
13556103276,care,0.05,Low,0.9
13556103286,care,0.05,Low,0.91
13595807643,care,0.05,High,0.805
13595807668,care,0.05,High,0.785
13634243176,care,0.05,Very High,0.715
13644950324,care,0.05,High,0.98
13644950365,care,0.05,High,0.975
13652004830,care,0.05,High,0.985
13652004940,care,0.05,High,0.98
13652005057,care,0.05,High,0.955
13652005060,care,0.05,High,0.945
13652005063,care,0.05,High,0.98
13652005108,care,0.05,High,0.985
13652005164,care,0.05,High,0.97
13666609775,care,0.05,High,0.935
13666686522,care,0.05,High,0.945
13690616995,care,0.05,High,0.92
13690617000,care,0.05,High,0.93
13801355990,care,0.05,Very High,0.785
13801398609,care,0.05,Very High,0.785
13806300921,care,0.05,Very High,0.81
13810501988,care,0.05,Low,0.65
31498903,care,0.1,High,0.735
265659781,care,0.1,High,0.56
265659817,care,0.1,High,0.625
265659911,care,0.1,High,0.775
265659912,care,0.1,High,0.82
265659916,care,0.1,High,0.83
265659926,care,0.1,High,0.805
265669554,care,0.1,Very High,0.64
265669562,care,0.1,Very High,0.67
291582989,care,0.1,Medium,0.605
291584378,care,0.1,Low,0.845
291584384,care,0.1,Low,0.695
291584394,care,0.1,Medium,0.65
291584395,care,0.1,Medium,0.755
291584412,care,0.1,Medium,0.885
291584426,care,0.1,Medium,0.805
291584812,care,0.1,Low,0.825
291585357,care,0.1,Medium,0.565
291585468,care,0.1,Medium,0.67
291927192,care,0.1,Low,0.665
291927228,care,0.1,Medium,0.665
291927260,care,0.1,Medium,0.66
291927310,care,0.1,Low,0.57
291927385,care,0.1,Medium,0.705
291927461,care,0.1,High,0.745
291950057,care,0.1,Medium,0.555
293850002,care,0.1,High,0.7
293850123,care,0.1,High,0.515
293850151,care,0.1,High,0.72
293851624,care,0.1,High,0.77
293851905,care,0.1,High,0.58
293874114,care,0.1,High,0.66
293876118,care,0.1,High,0.765
293876279,care,0.1,High,0.665
293876630,care,0.1,Very High,0.565
297411543,care,0.1,High,0.62
297414194,care,0.1,High,0.83
297414210,care,0.1,High,0.73
297414218,care,0.1,High,0.79
299641717,care,0.1,Very High,0.705
301801838,care,0.1,Very High,0.68
301802251,care,0.1,Very High,0.635
301802471,care,0.1,Very High,0.69
301802511,care,0.1,Very High,0.645
301806842,care,0.1,Very High,0.615
301807418,care,0.1,Very High,0.59
301811627,care,0.1,Very High,0.68
301813602,care,0.1,Very High,0.655
301814428,care,0.1,High,0.6
302742175,care,0.1,Very High,0.77
302742232,care,0.1,Very High,0.695
302742300,care,0.1,High,0.565
302742354,care,0.1,Very High,0.565
302742399,care,0.1,Very High,0.56
302742478,care,0.1,Very High,0.565
302742975,care,0.1,High,0.73
302743086,care,0.1,High,0.505
302743402,care,0.1,High,0.76
302743453,care,0.1,High,0.815
302964118,care,0.1,High,0.82
302964224,care,0.1,High,0.7
302964252,care,0.1,High,0.615
302964263,care,0.1,High,0.6
302964281,care,0.1,High,0.64
302964287,care,0.1,Very High,0.575
302964815,care,0.1,Very High,0.81
302964821,care,0.1,Very High,0.795
302966012,care,0.1,Very High,0.755
302966023,care,0.1,Very High,0.785
302966036,care,0.1,Very High,0.635
302966068,care,0.1,Very High,0.625
302966075,care,0.1,Very High,0.605
302966095,care,0.1,Very High,0.64
303202278,care,0.1,Very High,0.525
304576406,care,0.1,Very High,0.735
304576474,care,0.1,Very High,0.735
304576505,care,0.1,Very High,0.72
304576529,care,0.1,Very High,0.75
304576588,care,0.1,Very High,0.785
304578785,care,0.1,Very High,0.67
304579917,care,0.1,Very High,0.705
304579937,care,0.1,Very High,0.715
304580057,care,0.1,Very High,0.715
304580241,care,0.1,Very High,0.665
304580242,care,0.1,Very High,0.595
304587571,care,0.1,Very High,0.575
304587695,care,0.1,Very High,0.69
304587716,care,0.1,Very High,0.65
304587734,care,0.1,Very High,0.68
304590295,care,0.1,High,0.56
304591541,care,0.1,High,0.755
304591556,care,0.1,High,0.795
304591613,care,0.1,High,0.81
304591620,care,0.1,High,0.81
304594774,care,0.1,High,0.64
304594780,care,0.1,High,0.71
304594797,care,0.1,High,0.7
304594812,care,0.1,High,0.715
304594904,care,0.1,High,0.525
304594909,care,0.1,High,0.52
304596685,care,0.1,High,0.505
304596716,care,0.1,High,0.53
304617231,care,0.1,High,0.65
304618715,care,0.1,High,0.715
304618717,care,0.1,High,0.63
304696625,care,0.1,Very High,0.545
304697331,care,0.1,Very High,0.535
304697339,care,0.1,Very High,0.505
304697390,care,0.1,High,0.615
304697393,care,0.1,High,0.525
304698900,care,0.1,Very High,0.55
304698938,care,0.1,Very High,0.57
304698973,care,0.1,High,0.565
304698982,care,0.1,High,0.525
304699010,care,0.1,Very High,0.605
304699026,care,0.1,Very High,0.51
304699094,care,0.1,Very High,0.565
304734593,care,0.1,Very High,0.515
304734635,care,0.1,Very High,0.55
304734701,care,0.1,Very High,0.65
304734825,care,0.1,High,0.61
304740408,care,0.1,High,0.51
304742295,care,0.1,Very High,0.675
304742336,care,0.1,Very High,0.725
304742344,care,0.1,Very High,0.725
304742347,care,0.1,Very High,0.71
304743203,care,0.1,Very High,0.535
304762056,care,0.1,Very High,0.73
304762078,care,0.1,Very High,0.75
304763196,care,0.1,Very High,0.73
304763199,care,0.1,Very High,0.69
304763222,care,0.1,Very High,0.62
304763480,care,0.1,Very High,0.725
304763503,care,0.1,Very High,0.645
304763504,care,0.1,Very High,0.715
304763691,care,0.1,Very High,0.58
304763694,care,0.1,Very High,0.64
304764048,care,0.1,Very High,0.505
304764067,care,0.1,Very High,0.61
304764101,care,0.1,Very High,0.52
304764136,care,0.1,High,0.515
306146053,care,0.1,High,0.685
306223499,care,0.1,High,0.82
306223896,care,0.1,High,0.665
306223916,care,0.1,High,0.765
306296872,care,0.1,High,0.58
306296936,care,0.1,High,0.71
306297151,care,0.1,High,0.77
306299195,care,0.1,High,0.865
306299246,care,0.1,High,0.875
309848495,care,0.1,Very High,0.59
309852361,care,0.1,Low,0.54
309852363,care,0.1,Medium,0.535
309853032,care,0.1,Medium,0.825
309853211,care,0.1,Medium,0.79
309853247,care,0.1,Low,0.77
309853613,care,0.1,Medium,0.76
309853615,care,0.1,Medium,0.735
313332541,care,0.1,Very High,0.575
313606728,care,0.1,Very High,0.785
314961291,care,0.1,High,0.57
315238582,care,0.1,Very High,0.69
315379816,care,0.1,High,0.595
315379824,care,0.1,High,0.68
315379825,care,0.1,Medium,0.545
315381082,care,0.1,High,0.835
315381085,care,0.1,High,0.825
315381086,care,0.1,High,0.79
315381096,care,0.1,High,0.735
315381098,care,0.1,High,0.7
315381272,care,0.1,High,0.68
315381281,care,0.1,High,0.685
315381331,care,0.1,High,0.635
315381332,care,0.1,High,0.705
315381452,care,0.1,High,0.725
315381465,care,0.1,High,0.645
315381751,care,0.1,High,0.695
355011067,care,0.1,Medium,0.64
364333977,care,0.1,Very High,0.595
364333981,care,0.1,Very High,0.595
366517702,care,0.1,Very High,0.56
366517772,care,0.1,Very High,0.53
367928605,care,0.1,High,0.845
368031696,care,0.1,Very High,0.63
460352061,care,0.1,High,0.71
460353192,care,0.1,High,0.67
460353197,care,0.1,High,0.695
460370994,care,0.1,High,0.83
460371002,care,0.1,High,0.735
460371535,care,0.1,High,0.665
460371547,care,0.1,High,0.625
460371597,care,0.1,High,0.61
460374178,care,0.1,High,0.595
460374206,care,0.1,High,0.59
460384992,care,0.1,High,0.51
460384997,care,0.1,High,0.63
460385000,care,0.1,High,0.73
460811662,care,0.1,High,0.75
460815609,care,0.1,High,0.815
460815980,care,0.1,High,0.835
460831841,care,0.1,High,0.815
460903974,care,0.1,High,0.68
460904225,care,0.1,High,0.695
460913592,care,0.1,High,0.655
460914084,care,0.1,High,0.82
460916521,care,0.1,High,0.77
460927352,care,0.1,High,0.705
460984536,care,0.1,High,0.845
460984908,care,0.1,Medium,0.755
460985089,care,0.1,High,0.745
461001893,care,0.1,High,0.64
461001991,care,0.1,High,0.585
461002074,care,0.1,High,0.595
1075548256,care,0.1,High,0.82
1075548260,care,0.1,High,0.795
1075548286,care,0.1,High,0.85
1075548295,care,0.1,High,0.845
1309637796,care,0.1,High,0.695
1309637943,care,0.1,High,0.665
1309638308,care,0.1,Very High,0.575
1309638543,care,0.1,Medium,0.55
1309639202,care,0.1,Medium,0.8
1309639592,care,0.1,Medium,0.655
1320036075,care,0.1,Very High,0.685
1329890078,care,0.1,High,0.755
1329890105,care,0.1,High,0.705
1329890126,care,0.1,High,0.76
1332645340,care,0.1,Very High,0.5
1332668655,care,0.1,High,0.675
1332699889,care,0.1,Very High,0.525
1332719592,care,0.1,Very High,0.68
1332719602,care,0.1,High,0.51
1332769856,care,0.1,Very High,0.68
1332775383,care,0.1,Very High,0.645
1332775411,care,0.1,Very High,0.715
1332785497,care,0.1,Very High,0.695
1332790270,care,0.1,Very High,0.615
1333269505,care,0.1,Very High,0.695
1333397832,care,0.1,Very High,0.615
1333404045,care,0.1,Very High,0.665
1333538814,care,0.1,High,0.635
1333540158,care,0.1,High,0.68
1333555653,care,0.1,High,0.745
1333588095,care,0.1,High,0.56
1333605411,care,0.1,High,0.53
1333624830,care,0.1,High,0.625
1333686363,care,0.1,Very High,0.685
1333752843,care,0.1,Very High,0.745
1333775570,care,0.1,Very High,0.57
1333791624,care,0.1,Very High,0.59
1333799027,care,0.1,Very High,0.625
1333879177,care,0.1,Very High,0.725
1333925932,care,0.1,Very High,0.705
1333965877,care,0.1,High,0.53
1334351921,care,0.1,Very High,0.665
1334519568,care,0.1,High,0.77
1334519592,care,0.1,High,0.71
1334519617,care,0.1,High,0.71
1334519623,care,0.1,High,0.705
1334519651,care,0.1,High,0.61
1335370854,care,0.1,Very High,0.615
1335400991,care,0.1,Very High,0.605
1335716130,care,0.1,High,0.595
1335716269,care,0.1,High,0.81
1335858522,care,0.1,Very High,0.56
1335900049,care,0.1,High,0.695
1335903101,care,0.1,Very High,0.62
1335936926,care,0.1,Very High,0.73
1335949339,care,0.1,Very High,0.77
1335962684,care,0.1,Very High,0.79
1336450093,care,0.1,Very High,0.69
1336450099,care,0.1,Very High,0.645
1336450118,care,0.1,Very High,0.69
1336481996,care,0.1,Very High,0.735
1336655119,care,0.1,Very High,0.59
1336672458,care,0.1,Very High,0.655
1336688270,care,0.1,Very High,0.6
1336737682,care,0.1,High,0.61
1336737701,care,0.1,High,0.72
1336737713,care,0.1,High,0.635
1336904969,care,0.1,High,0.53
1336911630,care,0.1,High,0.495
1337032073,care,0.1,High,0.565
1337086021,care,0.1,High,0.545
1337104625,care,0.1,High,0.62
1416167195,care,0.1,Very High,0.615
1416167197,care,0.1,Very High,0.585
1456255195,care,0.1,Very High,0.75
1482300049,care,0.1,High,0.65
1499300917,care,0.1,High,0.83
1515277205,care,0.1,Low,0.58
1515277209,care,0.1,Low,0.64
1515277210,care,0.1,Low,0.68
1515278363,care,0.1,Low,0.745
1517776311,care,0.1,High,0.545
1517780065,care,0.1,High,0.73
1517799702,care,0.1,Very High,0.64
1517894265,care,0.1,High,0.525
1517894389,care,0.1,High,0.515
1518680309,care,0.1,High,0.495
1519301970,care,0.1,High,0.595
1520083271,care,0.1,Very High,0.605
1520083698,care,0.1,Very High,0.63
1521099820,care,0.1,High,0.56
1524484562,care,0.1,Very High,0.525
1554374469,care,0.1,Medium,0.685
1554374555,care,0.1,Medium,0.795
1554374565,care,0.1,Medium,0.845
1554374588,care,0.1,Medium,0.805
1554374598,care,0.1,Medium,0.78
1554374611,care,0.1,Medium,0.845
1554374648,care,0.1,Medium,0.875
1576984303,care,0.1,High,0.775
1576984320,care,0.1,High,0.5
1576987630,care,0.1,High,0.625
1577002117,care,0.1,Very High,0.6
1577002120,care,0.1,High,0.535
1577003431,care,0.1,High,0.525
1577003435,care,0.1,High,0.58
1577003436,care,0.1,High,0.64
1582411346,care,0.1,Very High,0.765
1582420933,care,0.1,Very High,0.54
1601530424,care,0.1,Very High,0.655
1607732821,care,0.1,High,0.715
1607732898,care,0.1,High,0.74
1607732969,care,0.1,High,0.6
1607732991,care,0.1,High,0.635
1607870522,care,0.1,High,0.575
1634571340,care,0.1,High,0.635
1634571342,care,0.1,High,0.605
1634571498,care,0.1,High,0.61
1646145198,care,0.1,High,0.6
1654943890,care,0.1,Very High,0.66
1655958419,care,0.1,Very High,0.63
1656878955,care,0.1,Low,0.71
1656879008,care,0.1,Medium,0.775
1669281897,care,0.1,Very High,0.525
1669281972,care,0.1,Very High,0.655
1669385096,care,0.1,Very High,0.64
1669391017,care,0.1,High,0.515
1670467950,care,0.1,Very High,0.64
1670774501,care,0.1,High,0.655
1671052660,care,0.1,Very High,0.63
1671052676,care,0.1,Very High,0.685
1671107675,care,0.1,Very High,0.675
1673201108,care,0.1,Very High,0.63
1673398526,care,0.1,Very High,0.63
1674550443,care,0.1,High,0.78
1674550549,care,0.1,High,0.645
1674798928,care,0.1,Very High,0.51
1674798941,care,0.1,High,0.535
1674799108,care,0.1,High,0.675
1675779149,care,0.1,High,0.69
1675787981,care,0.1,High,0.59
1676722898,care,0.1,Very High,0.535
1676723004,care,0.1,High,0.855
1676723049,care,0.1,High,0.62
1676723117,care,0.1,Very High,0.535
1676857165,care,0.1,Very High,0.585
1676874935,care,0.1,Very High,0.6
1676930741,care,0.1,Very High,0.635
1676930747,care,0.1,Very High,0.67
1677395629,care,0.1,Very High,0.585
1678144337,care,0.1,Very High,0.635
1679571341,care,0.1,Very High,0.74
1680813066,care,0.1,Very High,0.745
1680817595,care,0.1,Very High,0.74
1683133784,care,0.1,High,0.75
1683149343,care,0.1,High,0.78
1683419392,care,0.1,High,0.845
1683419476,care,0.1,High,0.805
1683419518,care,0.1,High,0.755
1683530161,care,0.1,High,0.84
1683616583,care,0.1,High,0.78
1683616632,care,0.1,High,0.76
1684754778,care,0.1,High,0.845
1684754783,care,0.1,High,0.82
1686023369,care,0.1,High,0.6
1687418211,care,0.1,High,0.655
1687702106,care,0.1,High,0.62
1687705213,care,0.1,High,0.675
1688374316,care,0.1,High,0.74
1688374447,care,0.1,High,0.73
1688374494,care,0.1,High,0.64
1688374515,care,0.1,High,0.645
1688401743,care,0.1,Medium,0.5
1691714738,care,0.1,High,0.52
1691892263,care,0.1,High,0.625
1692037020,care,0.1,High,0.73
1692037033,care,0.1,High,0.72
1692448608,care,0.1,High,0.675
1692448628,care,0.1,High,0.66
1693050615,care,0.1,Very High,0.51
1693307316,care,0.1,High,0.62
1695229413,care,0.1,High,0.505
1696284480,care,0.1,High,0.52
1696297242,care,0.1,High,0.69
1719680117,care,0.1,High,0.62
1727511203,care,0.1,Very High,0.595
1733233982,care,0.1,High,0.595
1733233984,care,0.1,High,0.57
1733234004,care,0.1,Medium,0.825
1733234015,care,0.1,Medium,0.73
1733234018,care,0.1,Medium,0.865
1733234033,care,0.1,Medium,0.53
1733234057,care,0.1,Medium,0.61
1733259450,care,0.1,Medium,0.64
1733259455,care,0.1,Medium,0.71
1739321161,care,0.1,High,0.79
1748744712,care,0.1,High,0.58
1748744790,care,0.1,High,0.61
1748752437,care,0.1,High,0.495
1748752554,care,0.1,High,0.6
1748789991,care,0.1,High,0.72
1750283342,care,0.1,Very High,0.565
1752677525,care,0.1,High,0.575
1752677708,care,0.1,High,0.5
1752939244,care,0.1,Very High,0.595
1752979743,care,0.1,Very High,0.53
1752979813,care,0.1,Very High,0.495
1752991477,care,0.1,High,0.615
1753033755,care,0.1,Very High,0.5
1753739585,care,0.1,High,0.56
1755882802,care,0.1,High,0.495
1758174742,care,0.1,Very High,0.55
1762006333,care,0.1,High,0.515
1762006353,care,0.1,Very High,0.55
1762166889,care,0.1,High,0.515
1762166903,care,0.1,High,0.505
1762177612,care,0.1,High,0.525
1767838635,care,0.1,High,0.795
1771412280,care,0.1,High,0.755
1783311722,care,0.1,High,0.645
1821516873,care,0.1,High,0.515
1833995997,care,0.1,High,0.63
1912111979,care,0.1,High,0.795
1959410503,care,0.1,High,0.875
1959410634,care,0.1,High,0.765
1976182212,care,0.1,Very High,0.725
1976182230,care,0.1,Very High,0.61
2048787814,care,0.1,High,0.6
2102252140,care,0.1,Very High,0.66
2140190743,care,0.1,High,0.75
2161358988,care,0.1,High,0.58
2161369349,care,0.1,High,0.605
2161371310,care,0.1,High,0.515
2307384385,care,0.1,Very High,0.71
2400326002,care,0.1,Very High,0.63
2422262678,care,0.1,Very High,0.74
2433711113,care,0.1,Very High,0.71
2433722241,care,0.1,High,0.66
2537637988,care,0.1,High,0.575
2537637993,care,0.1,High,0.59
2537637997,care,0.1,High,0.68
2537638001,care,0.1,High,0.685
2537638005,care,0.1,High,0.68
2537638007,care,0.1,High,0.64
2537638090,care,0.1,High,0.64
2537638091,care,0.1,High,0.64
2537638093,care,0.1,High,0.615
2537638095,care,0.1,High,0.56
2543618332,care,0.1,Very High,0.63
2550866372,care,0.1,High,0.565
2550866427,care,0.1,High,0.665
2550989572,care,0.1,High,0.705
2551007719,care,0.1,High,0.785
2551007746,care,0.1,High,0.6
2551007757,care,0.1,High,0.57
2551007781,care,0.1,High,0.6
2551031955,care,0.1,High,0.83
2552400217,care,0.1,Very High,0.655
2624681386,care,0.1,Medium,0.665
2655580318,care,0.1,Very High,0.565
2716878303,care,0.1,High,0.64
2814813324,care,0.1,High,0.625
2814816868,care,0.1,High,0.71
2817142002,care,0.1,High,0.8
2817144587,care,0.1,High,0.775
2817153807,care,0.1,High,0.63
2817167063,care,0.1,Very High,0.59
2817246341,care,0.1,Very High,0.52
2817659494,care,0.1,High,0.69
2822871751,care,0.1,High,0.72
2833044701,care,0.1,High,0.665
2833058304,care,0.1,High,0.84
2833058401,care,0.1,High,0.84
2842383207,care,0.1,High,0.865
2844479897,care,0.1,High,0.82
2844479900,care,0.1,High,0.77
2853259828,care,0.1,Very High,0.67
2939669839,care,0.1,Very High,0.62
2948657263,care,0.1,Very High,0.505
2971775879,care,0.1,High,0.83
3078449760,care,0.1,Very High,0.575
3078449799,care,0.1,Very High,0.62
3129277334,care,0.1,High,0.655
3363528669,care,0.1,High,0.755
3375251445,care,0.1,Very High,0.66
3430936974,care,0.1,High,0.55
3430936979,care,0.1,High,0.735
3430936987,care,0.1,High,0.69
3430942196,care,0.1,High,0.795
3430942200,care,0.1,High,0.76
3430942206,care,0.1,High,0.745
3529181723,care,0.1,Very High,0.65
3577241309,care,0.1,High,0.58
3586834520,care,0.1,High,0.755
3586834543,care,0.1,High,0.745
3733079068,care,0.1,High,0.815
3758452439,care,0.1,Very High,0.56
3763287838,care,0.1,Medium,0.84
3763287855,care,0.1,Medium,0.855
3763287856,care,0.1,Medium,0.815
3763305372,care,0.1,Medium,0.755
3763305379,care,0.1,Medium,0.715
3763305380,care,0.1,Medium,0.725
3763305790,care,0.1,Medium,0.575
3763305791,care,0.1,Very Low,0.54
3763305797,care,0.1,Medium,0.775
3763305798,care,0.1,Medium,0.835
3763305805,care,0.1,Medium,0.8
3763305822,care,0.1,Very Low,0.505
3763305834,care,0.1,Very Low,0.5
3763305841,care,0.1,Low,0.675
3763305846,care,0.1,Low,0.67
3763309259,care,0.1,Low,0.605
3763309281,care,0.1,Low,0.52
3763309286,care,0.1,Low,0.56
3763309289,care,0.1,Low,0.57
3763309300,care,0.1,Very Low,0.595
3763309301,care,0.1,Medium,0.76
3763309314,care,0.1,Medium,0.765
3763309316,care,0.1,Very Low,0.56
3763309322,care,0.1,Low,0.705
3763309333,care,0.1,Low,0.59
3763309339,care,0.1,Medium,0.51
3763309342,care,0.1,Low,0.595
3763309344,care,0.1,Low,0.505
3763309348,care,0.1,Medium,0.535
3763309353,care,0.1,Medium,0.55
3763309355,care,0.1,Medium,0.575
3763309367,care,0.1,Medium,0.605
3763309373,care,0.1,Medium,0.655
3763309376,care,0.1,Medium,0.725
3763309379,care,0.1,Medium,0.705
3763309390,care,0.1,Very Low,0.575
3771849226,care,0.1,Medium,0.8
3771849227,care,0.1,Medium,0.87
3771849228,care,0.1,Medium,0.77
3771849229,care,0.1,Medium,0.72
3806824101,care,0.1,High,0.655
3809925650,care,0.1,Very High,0.52
3812548070,care,0.1,High,0.685
3816218870,care,0.1,Very High,0.605
3877858786,care,0.1,High,0.85
3961529297,care,0.1,High,0.58
4028348297,care,0.1,Very High,0.56
4038324228,care,0.1,High,0.595
4044375747,care,0.1,Very High,0.675
4050345394,care,0.1,Very High,0.59
4050345815,care,0.1,Very High,0.715
4050345950,care,0.1,Very High,0.815
4069942819,care,0.1,High,0.54
4071708549,care,0.1,Very High,0.605
4120467620,care,0.1,High,0.8
4138094680,care,0.1,Very High,0.555
4228868789,care,0.1,Very High,0.525
4229026795,care,0.1,Very High,0.755
4229925893,care,0.1,High,0.87
4230313514,care,0.1,High,0.775
4230313555,care,0.1,High,0.77
4230353709,care,0.1,High,0.855
4230353759,care,0.1,High,0.675
4230354780,care,0.1,High,0.825
4230356132,care,0.1,High,0.85
4230356143,care,0.1,High,0.8
4230396300,care,0.1,High,0.71
4235104793,care,0.1,Very High,0.675
4235120611,care,0.1,Very High,0.775
4235178591,care,0.1,Very High,0.765
4235180094,care,0.1,Very High,0.675
4235185589,care,0.1,Very High,0.695
4235272707,care,0.1,Very High,0.68
4235356889,care,0.1,Very High,0.78
4241728252,care,0.1,Very High,0.595
4241778004,care,0.1,High,0.675
4241778012,care,0.1,High,0.67
4241778023,care,0.1,High,0.62
4241782001,care,0.1,High,0.58
4242571114,care,0.1,High,0.78
4242596805,care,0.1,High,0.745
4242838921,care,0.1,High,0.6
4242863366,care,0.1,Very High,0.51
4242864833,care,0.1,Very High,0.54
4242865422,care,0.1,High,0.56
4242878102,care,0.1,High,0.525
4242887289,care,0.1,Very High,0.505
4242887290,care,0.1,Very High,0.545
4243016495,care,0.1,High,0.615
4244292013,care,0.1,High,0.535
4244320393,care,0.1,High,0.625
4244396190,care,0.1,Very High,0.615
4244396289,care,0.1,High,0.61
4244683532,care,0.1,Very High,0.575
4245976092,care,0.1,Very High,0.565
4259955458,care,0.1,High,0.505
4406270890,care,0.1,High,0.81
4406270938,care,0.1,High,0.845
4425354702,care,0.1,Very High,0.575
4557252953,care,0.1,High,0.69
4668278614,care,0.1,Medium,0.775
4668278617,care,0.1,Medium,0.71
4668278626,care,0.1,Medium,0.565
4668278636,care,0.1,Medium,0.67
4668278646,care,0.1,Medium,0.725
4668278661,care,0.1,Medium,0.735
4668278663,care,0.1,Medium,0.9
4668278668,care,0.1,Medium,0.895
4668278674,care,0.1,Medium,0.885
4668279609,care,0.1,Medium,0.825
4668279619,care,0.1,Medium,0.79
4668279630,care,0.1,Medium,0.81
4668279656,care,0.1,Medium,0.88
4820400254,care,0.1,High,0.665
4820400287,care,0.1,High,0.655
4820400289,care,0.1,High,0.68
4820400291,care,0.1,High,0.735
4820400294,care,0.1,High,0.72
4820400295,care,0.1,High,0.665
4820428243,care,0.1,High,0.615
4820428244,care,0.1,High,0.575
4820428249,care,0.1,High,0.63
4820428252,care,0.1,High,0.625
4820428263,care,0.1,High,0.66
4820428264,care,0.1,High,0.54
4820428266,care,0.1,High,0.625
4820428268,care,0.1,High,0.59
4899932460,care,0.1,High,0.66
4902689737,care,0.1,Very High,0.665
4902690046,care,0.1,Very High,0.645
5205085828,care,0.1,Very High,0.625
5338115314,care,0.1,High,0.605
5338117821,care,0.1,High,0.63
5359935172,care,0.1,High,0.715
5364017472,care,0.1,High,0.77
5365725281,care,0.1,Very High,0.645
5412363649,care,0.1,Very High,0.65
5471236076,care,0.1,Very High,0.67
5514396514,care,0.1,High,0.645
5545134740,care,0.1,Very High,0.665
5563872873,care,0.1,High,0.72
5563872908,care,0.1,High,0.77
5563872945,care,0.1,High,0.79
5563872989,care,0.1,High,0.705
5578156044,care,0.1,High,0.555
5831742595,care,0.1,High,0.66
5972718215,care,0.1,Medium,0.625
5974229346,care,0.1,Low,0.565
5974229351,care,0.1,Medium,0.51
5974229356,care,0.1,Medium,0.59
5974229358,care,0.1,Medium,0.635
5974229359,care,0.1,Medium,0.525
5974229361,care,0.1,Medium,0.59
5974229362,care,0.1,Medium,0.55
5974229364,care,0.1,Low,0.535
5974229366,care,0.1,Low,0.575
6034073764,care,0.1,Very High,0.715
6049100072,care,0.1,High,0.63
6086073177,care,0.1,High,0.665
6086089286,care,0.1,High,0.615
6086126706,care,0.1,High,0.81
6086126787,care,0.1,High,0.83
6086144463,care,0.1,High,0.83
6086166519,care,0.1,Very High,0.6
6086217569,care,0.1,Very High,0.565
6093047863,care,0.1,High,0.865
6093047884,care,0.1,High,0.845
6093049092,care,0.1,High,0.78
6093049103,care,0.1,High,0.81
6093049135,care,0.1,High,0.795
6093049202,care,0.1,High,0.87
6093049238,care,0.1,High,0.885
6093049257,care,0.1,High,0.835
6093049270,care,0.1,High,0.76
6093049280,care,0.1,High,0.795
6093049289,care,0.1,High,0.76
6093049298,care,0.1,High,0.76
6093049326,care,0.1,High,0.795
6093054716,care,0.1,High,0.86
6093054724,care,0.1,High,0.82
6106890865,care,0.1,Very High,0.68
6122292644,care,0.1,Very High,0.69
6131677268,care,0.1,Very High,0.63
6149496208,care,0.1,Very High,0.655
6149519804,care,0.1,High,0.835
6149527865,care,0.1,Very High,0.6
6149567917,care,0.1,High,0.76
6149567919,care,0.1,High,0.81
6167688903,care,0.1,Very High,0.72
6168445900,care,0.1,Very High,0.815
6168445916,care,0.1,Very High,0.8
6170668966,care,0.1,High,0.755
6188306586,care,0.1,High,0.845
6229927409,care,0.1,High,0.83
6247994297,care,0.1,Very High,0.605
6267835216,care,0.1,High,0.755
6293681656,care,0.1,High,0.765
6300295619,care,0.1,High,0.7
6305779529,care,0.1,Very High,0.68
6328984333,care,0.1,Very Low,0.64
6328984371,care,0.1,Medium,0.83
6328984486,care,0.1,Low,0.665
6328984493,care,0.1,Low,0.62
6328984495,care,0.1,Low,0.605
6339832471,care,0.1,High,0.69
6339861223,care,0.1,High,0.55
6369822475,care,0.1,Very High,0.63
6372602414,care,0.1,Medium,0.615
6372602415,care,0.1,Medium,0.525
6372602417,care,0.1,Medium,0.68
6372602420,care,0.1,Medium,0.635
6403547181,care,0.1,High,0.55
6418907296,care,0.1,Very High,0.725
6440467754,care,0.1,Very High,0.69
6491703571,care,0.1,Very High,0.71
6524156244,care,0.1,High,0.57
6533862314,care,0.1,High,0.71
6533862318,care,0.1,High,0.72
6533862335,care,0.1,High,0.845
6535742408,care,0.1,Very High,0.62
6539916754,care,0.1,High,0.59
6643065710,care,0.1,High,0.595
6667967517,care,0.1,High,0.72
6681110385,care,0.1,High,0.605
6775487582,care,0.1,Medium,0.825
6775526307,care,0.1,Medium,0.86
6775526314,care,0.1,Medium,0.855
6789185270,care,0.1,Very High,0.64
6789225156,care,0.1,Medium,0.69
6789225172,care,0.1,Medium,0.58
6789225180,care,0.1,Medium,0.68
6789233492,care,0.1,Medium,0.52
6882629397,care,0.1,High,0.565
6948798797,care,0.1,High,0.525
6948798804,care,0.1,High,0.505
6948798835,care,0.1,High,0.625
6975211183,care,0.1,High,0.82
6989876509,care,0.1,High,0.695
6990075663,care,0.1,High,0.705
7007083454,care,0.1,High,0.615
7088110119,care,0.1,Very High,0.51
7176218411,care,0.1,Very High,0.66
7177787606,care,0.1,Very High,0.79
7190872700,care,0.1,Very High,0.735
7354564223,care,0.1,High,0.835
7354564228,care,0.1,Medium,0.75
7389770068,care,0.1,High,0.505
7466695670,care,0.1,Very High,0.835
7522989639,care,0.1,Very High,0.58
7548883046,care,0.1,Very High,0.765
7580315774,care,0.1,High,0.61
7580324942,care,0.1,High,0.66
7620412418,care,0.1,High,0.835
7620412456,care,0.1,High,0.84
7620412461,care,0.1,High,0.77
7620412463,care,0.1,High,0.695
7620412466,care,0.1,High,0.72
7620415576,care,0.1,High,0.645
7728499328,care,0.1,Very High,0.605
7728503183,care,0.1,High,0.5
7728529801,care,0.1,Very High,0.54
7804547542,care,0.1,Very High,0.71
7806121149,care,0.1,High,0.555
7806507940,care,0.1,Very High,0.665
7843321033,care,0.1,Very High,0.53
7843321060,care,0.1,Very High,0.615
7928005193,care,0.1,Very High,0.535
7928451499,care,0.1,Very High,0.695
7948289895,care,0.1,High,0.765
7951767470,care,0.1,High,0.635
7951830085,care,0.1,High,0.79
7984593307,care,0.1,Very High,0.66
7992368574,care,0.1,High,0.505
8018283664,care,0.1,High,0.665
8022340239,care,0.1,Very High,0.545
8059272794,care,0.1,High,0.705
8059295526,care,0.1,High,0.69
8084750575,care,0.1,Medium,0.66
8084750600,care,0.1,Medium,0.63
8142670295,care,0.1,High,0.57
8147088870,care,0.1,High,0.595
8147088890,care,0.1,High,0.575
8168293420,care,0.1,High,0.63
8168293435,care,0.1,High,0.79
8234265720,care,0.1,High,0.555
8241311678,care,0.1,Very High,0.585
8241311694,care,0.1,Very High,0.61
8294058522,care,0.1,Very High,0.645
8297117023,care,0.1,High,0.655
8305267971,care,0.1,High,0.87
8443711109,care,0.1,High,0.79
8443712648,care,0.1,High,0.88
8467708169,care,0.1,High,0.755
8467801131,care,0.1,High,0.78
8486417293,care,0.1,Very High,0.51
8522652431,care,0.1,Very High,0.655
8522652463,care,0.1,Very High,0.685
8522653656,care,0.1,High,0.525
8567992266,care,0.1,High,0.605
8567992271,care,0.1,High,0.645
8567992275,care,0.1,High,0.51
8567992285,care,0.1,High,0.65
8567992299,care,0.1,High,0.795
8567992305,care,0.1,High,0.745
8778951943,care,0.1,Very High,0.57
8844588991,care,0.1,High,0.7
8844592428,care,0.1,High,0.615
8844592439,care,0.1,High,0.54
8844712057,care,0.1,High,0.63
8846476720,care,0.1,High,0.59
9094677321,care,0.1,Very High,0.535
9095905603,care,0.1,High,0.815
9095921431,care,0.1,High,0.88
9095921437,care,0.1,High,0.85
9121937519,care,0.1,High,0.63
9135617631,care,0.1,Very High,0.685
9171427497,care,0.1,High,0.805
9171480571,care,0.1,High,0.815
9186394286,care,0.1,High,0.79
9207623051,care,0.1,High,0.66
9248007099,care,0.1,Very Low,0.735
9248011848,care,0.1,Medium,0.675
9248011886,care,0.1,Medium,0.575
9248011935,care,0.1,Very Low,0.77
9248011945,care,0.1,Medium,0.685
9257313084,care,0.1,Very High,0.725
9257414624,care,0.1,High,0.79
9357775630,care,0.1,High,0.665
9357775659,care,0.1,High,0.7
9357775687,care,0.1,High,0.745
9372925151,care,0.1,Very High,0.555
9396648001,care,0.1,High,0.495
9396648012,care,0.1,Very High,0.52
9396649419,care,0.1,High,0.65
9417741857,care,0.1,High,0.535
9433347881,care,0.1,High,0.67
9466272405,care,0.1,Very High,0.595
9466602046,care,0.1,High,0.8
9532841658,care,0.1,High,0.605
9549302175,care,0.1,Very High,0.575
9602633511,care,0.1,Medium,0.84
9602657046,care,0.1,Medium,0.785
9602693150,care,0.1,Medium,0.645
9602777529,care,0.1,Medium,0.66
9602777532,care,0.1,Medium,0.65
9603355735,care,0.1,High,0.815
9612873590,care,0.1,High,0.725
9626133225,care,0.1,High,0.83
9628975662,care,0.1,Low,0.825
9635553182,care,0.1,Very High,0.805
9683257699,care,0.1,Very High,0.54
9796684622,care,0.1,High,0.695
9796684639,care,0.1,High,0.62
9796684645,care,0.1,High,0.59
9798318356,care,0.1,High,0.765
9820783351,care,0.1,High,0.615
9834075289,care,0.1,Very High,0.64
9860535827,care,0.1,Very High,0.625
9922114735,care,0.1,Very High,0.785
9949070594,care,0.1,High,0.82
9966846106,care,0.1,Medium,0.55
9966846108,care,0.1,Medium,0.57
10092095611,care,0.1,High,0.705
10159726486,care,0.1,High,0.585
10174676167,care,0.1,Medium,0.53
10174676168,care,0.1,Medium,0.57
10174676170,care,0.1,Medium,0.555
10174676178,care,0.1,Medium,0.52
10174676187,care,0.1,Medium,0.615
10174676192,care,0.1,Medium,0.57
10174676201,care,0.1,Medium,0.575
10174676208,care,0.1,Medium,0.605
10174676211,care,0.1,Medium,0.57
10174676212,care,0.1,Medium,0.56
10174676216,care,0.1,Medium,0.805
10174708518,care,0.1,Medium,0.825
10174708523,care,0.1,Medium,0.73
10174708525,care,0.1,Medium,0.715
10174708529,care,0.1,Medium,0.65
10174708532,care,0.1,Medium,0.54
10174708534,care,0.1,Low,0.51
10174708535,care,0.1,Low,0.505
10174708536,care,0.1,Low,0.52
10174708537,care,0.1,Medium,0.505
10174708540,care,0.1,Low,0.535
10174708544,care,0.1,Low,0.575
10174708566,care,0.1,Low,0.535
10174708568,care,0.1,Low,0.58
10174708577,care,0.1,Medium,0.615
10174708580,care,0.1,Medium,0.73
10174708582,care,0.1,Medium,0.745
10174708588,care,0.1,Medium,0.78
10174708602,care,0.1,Low,0.58
10174708620,care,0.1,Low,0.56
10174708624,care,0.1,Low,0.55
10174708672,care,0.1,Low,0.74
10174708679,care,0.1,Medium,0.795
10174708682,care,0.1,Medium,0.74
10174708684,care,0.1,Medium,0.71
10174708707,care,0.1,Very Low,0.66
10174708711,care,0.1,Very Low,0.715
10174708761,care,0.1,Low,0.685
10174708764,care,0.1,Low,0.66
10174708782,care,0.1,Low,0.665
10174708783,care,0.1,Low,0.73
10174708785,care,0.1,Low,0.735
10174708786,care,0.1,Low,0.81
10174708788,care,0.1,Medium,0.635
10174708791,care,0.1,Medium,0.7
10174708794,care,0.1,Medium,0.7
10174708808,care,0.1,Medium,0.865
10174708814,care,0.1,Medium,0.735
10174708836,care,0.1,Medium,0.86
10174708847,care,0.1,Medium,0.875
10182472800,care,0.1,Very High,0.595
10185850417,care,0.1,High,0.76
10185850467,care,0.1,High,0.605
10185850495,care,0.1,High,0.515
10185850502,care,0.1,High,0.52
10185850511,care,0.1,Medium,0.585
10185954636,care,0.1,High,0.805
10185954661,care,0.1,High,0.855
10185954678,care,0.1,High,0.825
10185954765,care,0.1,High,0.815
10262561799,care,0.1,High,0.765
10282459032,care,0.1,High,0.79
10300286341,care,0.1,High,0.585
10690393699,care,0.1,High,0.62
10720924158,care,0.1,High,0.695
10762109688,care,0.1,High,0.705
10764575126,care,0.1,Low,0.665
10764575130,care,0.1,Low,0.725
10764575135,care,0.1,Low,0.715
10764575154,care,0.1,Low,0.565
10764575156,care,0.1,Low,0.625
10764575165,care,0.1,Low,0.595
10765498098,care,0.1,High,0.78
10770607409,care,0.1,Medium,0.775
10770607414,care,0.1,Medium,0.735
10770607428,care,0.1,Medium,0.58
10770607434,care,0.1,Medium,0.535
10770607436,care,0.1,Medium,0.625
10770607437,care,0.1,High,0.53
10781466793,care,0.1,Very High,0.65
10782114175,care,0.1,Medium,0.69
10782114182,care,0.1,Medium,0.665
10782114187,care,0.1,Medium,0.685
10782114193,care,0.1,Very Low,0.505
10782165711,care,0.1,Very Low,0.635
10807135391,care,0.1,Very High,0.72
10807185817,care,0.1,Very High,0.57
10807185854,care,0.1,High,0.78
10807185864,care,0.1,Very High,0.71
10820325057,care,0.1,Very High,0.745
10824082848,care,0.1,Very High,0.68
10843102936,care,0.1,Very High,0.65
10852743401,care,0.1,Very High,0.665
10862625710,care,0.1,High,0.65
10862625726,care,0.1,High,0.635
10862625742,care,0.1,High,0.695
10862625753,care,0.1,High,0.685
10862625884,care,0.1,High,0.67
10862625891,care,0.1,High,0.635
10862625954,care,0.1,High,0.665
10862626059,care,0.1,Medium,0.755
10862626064,care,0.1,Medium,0.755
10864590116,care,0.1,Medium,0.615
10864590160,care,0.1,Medium,0.5
10864590178,care,0.1,High,0.53
10864590323,care,0.1,Medium,0.66
10864590327,care,0.1,Very Low,0.575
10875049650,care,0.1,High,0.75
10875049654,care,0.1,High,0.75
10875049659,care,0.1,High,0.725
10875049662,care,0.1,High,0.7
10875049663,care,0.1,High,0.725
10875049664,care,0.1,High,0.655
10875049666,care,0.1,High,0.67
10875049670,care,0.1,High,0.54
10889016957,care,0.1,Very High,0.59
10943626000,care,0.1,Medium,0.74
10943669211,care,0.1,High,0.635
10948807008,care,0.1,High,0.55
10959368177,care,0.1,Medium,0.575
10965183585,care,0.1,High,0.825
10965191125,care,0.1,High,0.645
10969345508,care,0.1,Very High,0.69
10969389985,care,0.1,High,0.825
10969869017,care,0.1,High,0.56
10969869130,care,0.1,Very High,0.63
10969869178,care,0.1,Very High,0.535
10969885647,care,0.1,High,0.535
10969885650,care,0.1,High,0.6
10970847422,care,0.1,Very High,0.505
10974835618,care,0.1,Medium,0.705
10974835724,care,0.1,Medium,0.88
10983772523,care,0.1,High,0.605
10984439993,care,0.1,Very High,0.685
10984451455,care,0.1,Very High,0.7
10984795464,care,0.1,High,0.785
10989110091,care,0.1,High,0.8
10989630784,care,0.1,High,0.84
10989630785,care,0.1,High,0.835
10989630797,care,0.1,High,0.705
11013707527,care,0.1,Low,0.615
11013707534,care,0.1,Low,0.6
11013707538,care,0.1,Low,0.675
11013707542,care,0.1,Low,0.675
11013707543,care,0.1,Low,0.675
11013707566,care,0.1,Low,0.69
11013707567,care,0.1,Low,0.735
11013707570,care,0.1,Low,0.75
11013707572,care,0.1,Low,0.73
11013707580,care,0.1,Low,0.745
11013707589,care,0.1,Low,0.79
11053698466,care,0.1,High,0.505
11053698478,care,0.1,High,0.545
11053698485,care,0.1,High,0.62
11053698493,care,0.1,High,0.57
11061413832,care,0.1,Low,0.79
11061413833,care,0.1,Low,0.775
11061413835,care,0.1,Low,0.795
11061413837,care,0.1,Low,0.76
11061413838,care,0.1,Low,0.79
11061413839,care,0.1,Low,0.78
11061413841,care,0.1,Low,0.76
11061413842,care,0.1,Medium,0.85
11061413844,care,0.1,Medium,0.88
11061413845,care,0.1,Medium,0.89
11061413846,care,0.1,Medium,0.86
11061413848,care,0.1,Medium,0.87
11061413899,care,0.1,Medium,0.74
11061419907,care,0.1,Medium,0.73
11061419908,care,0.1,Medium,0.9
11061419912,care,0.1,Medium,0.57
11066863357,care,0.1,Medium,0.63
11104492426,care,0.1,Very High,0.67
11107400700,care,0.1,Very High,0.585
11113942097,care,0.1,High,0.53
11148431254,care,0.1,Very High,0.565
11165605602,care,0.1,High,0.635
11176102247,care,0.1,High,0.79
11180649875,care,0.1,Very High,0.72
11190449900,care,0.1,High,0.715
11193065877,care,0.1,High,0.655
11212068693,care,0.1,Very High,0.6
11215617881,care,0.1,High,0.77
11215617887,care,0.1,High,0.7
11215617908,care,0.1,High,0.79
11215617910,care,0.1,High,0.765
11215617954,care,0.1,High,0.795
11243787770,care,0.1,High,0.845
11245254256,care,0.1,Very High,0.62
11258540713,care,0.1,High,0.715
11258540726,care,0.1,High,0.765
11258545243,care,0.1,High,0.67
11258545246,care,0.1,High,0.695
11258545251,care,0.1,High,0.65
11260191606,care,0.1,High,0.625
11274535367,care,0.1,High,0.785
11277029428,care,0.1,High,0.85
11277029434,care,0.1,High,0.88
11277029451,care,0.1,High,0.85
11277029459,care,0.1,High,0.825
11288867320,care,0.1,High,0.82
11293289229,care,0.1,High,0.8
11293289233,care,0.1,High,0.775
11293289237,care,0.1,High,0.75
11293289241,care,0.1,High,0.7
11293289243,care,0.1,High,0.715
11293289246,care,0.1,High,0.66
11293289252,care,0.1,High,0.615
11327571894,care,0.1,Very High,0.56
11392399021,care,0.1,High,0.875
11396500473,care,0.1,Very High,0.705
11425682923,care,0.1,Very High,0.54
11429972491,care,0.1,High,0.805
11432906135,care,0.1,Medium,0.74
11432906138,care,0.1,Medium,0.745
11432906142,care,0.1,Medium,0.745
11432906145,care,0.1,Medium,0.765
11505686908,care,0.1,High,0.535
11513820872,care,0.1,High,0.61
11514003490,care,0.1,High,0.745
11514003618,care,0.1,High,0.81
11514003659,care,0.1,High,0.74
11514082203,care,0.1,Very High,0.64
11515987061,care,0.1,High,0.64
11515987065,care,0.1,High,0.615
11515987069,care,0.1,High,0.6
11515987072,care,0.1,High,0.59
11515987079,care,0.1,High,0.66
11527564842,care,0.1,High,0.755
11527564851,care,0.1,High,0.725
11527564852,care,0.1,High,0.73
11527564867,care,0.1,High,0.71
11532139728,care,0.1,High,0.815
11532523975,care,0.1,High,0.8
11570721023,care,0.1,Medium,0.575
11570721025,care,0.1,Medium,0.505
11570721027,care,0.1,Low,0.57
11570721029,care,0.1,Medium,0.505
11570721034,care,0.1,Low,0.53
11570721036,care,0.1,Medium,0.51
11570721037,care,0.1,Medium,0.565
11573383967,care,0.1,Medium,0.66
11573383984,care,0.1,Medium,0.685
11573383997,care,0.1,Medium,0.61
11727195684,care,0.1,High,0.845
11727195728,care,0.1,High,0.68
11783501643,care,0.1,High,0.78
11783501650,care,0.1,High,0.765
11783501664,care,0.1,High,0.75
11783501665,care,0.1,High,0.72
11783501667,care,0.1,High,0.68
11783509275,care,0.1,High,0.62
11783509288,care,0.1,High,0.775
11783509289,care,0.1,High,0.78
11783509294,care,0.1,High,0.895
11783509298,care,0.1,High,0.855
11783509302,care,0.1,High,0.845
11783509361,care,0.1,High,0.76
11783509365,care,0.1,High,0.715
11795188462,care,0.1,High,0.85
11795218787,care,0.1,High,0.61
11795218824,care,0.1,High,0.66
11795218835,care,0.1,High,0.805
11795264483,care,0.1,Very High,0.565
11795420506,care,0.1,High,0.85
11795420526,care,0.1,High,0.8
11795420545,care,0.1,High,0.84
11802276815,care,0.1,High,0.565
11803457978,care,0.1,High,0.76
11803458056,care,0.1,High,0.555
11811197853,care,0.1,Very High,0.655
11819306987,care,0.1,High,0.715
11821233258,care,0.1,Very High,0.595
11847828107,care,0.1,High,0.795
11865664335,care,0.1,Very High,0.685
11868804459,care,0.1,Very High,0.67
11898597265,care,0.1,Very High,0.605
11898597273,care,0.1,Very High,0.67
11898597895,care,0.1,High,0.66
11898597910,care,0.1,High,0.77
11898725990,care,0.1,High,0.75
11898725993,care,0.1,High,0.75
11898725998,care,0.1,High,0.725
11941854648,care,0.1,Very High,0.66
11941909371,care,0.1,Very High,0.71
11955680768,care,0.1,Very High,0.63
11992455236,care,0.1,High,0.51
12077416339,care,0.1,Very High,0.67
12140293163,care,0.1,Medium,0.62
12146326622,care,0.1,Very High,0.66
12147636333,care,0.1,High,0.505
12148197408,care,0.1,High,0.81
12382192929,care,0.1,Very High,0.615
12424652961,care,0.1,High,0.75
12424652965,care,0.1,High,0.695
12430718967,care,0.1,Medium,0.54
12430718982,care,0.1,Medium,0.54
12430718985,care,0.1,Medium,0.51
12430718999,care,0.1,Medium,0.54
12485105673,care,0.1,Very High,0.59
12522995826,care,0.1,Very High,0.61
12531973896,care,0.1,High,0.565
12531984404,care,0.1,High,0.65
12549478489,care,0.1,Very High,0.725
12549808196,care,0.1,Very High,0.735
12549820321,care,0.1,Very High,0.69
12549820333,care,0.1,Very High,0.66
12549925773,care,0.1,Very High,0.7
12551295536,care,0.1,Very High,0.62
12551295582,care,0.1,Very High,0.705
12551295599,care,0.1,Very High,0.68
12565104409,care,0.1,Very High,0.615
12565104470,care,0.1,Very High,0.61
12595228366,care,0.1,Very High,0.605
12595228399,care,0.1,Very High,0.68
12604059177,care,0.1,Very High,0.72
12604059190,care,0.1,Very High,0.805
12604521706,care,0.1,High,0.625
12604521732,care,0.1,High,0.61
12607094312,care,0.1,High,0.505
12607126625,care,0.1,Very High,0.605
12628688065,care,0.1,Low,0.575
12636319154,care,0.1,Very High,0.72
12636319189,care,0.1,Very High,0.73
12639567742,care,0.1,Very High,0.625
12641784763,care,0.1,High,0.86
12641784775,care,0.1,High,0.84
12644019237,care,0.1,High,0.595
12644019263,care,0.1,Medium,0.855
12644019265,care,0.1,Medium,0.825
12644019272,care,0.1,Medium,0.82
12644019281,care,0.1,Medium,0.72
12647719174,care,0.1,Medium,0.555
12647719175,care,0.1,Medium,0.585
12647719259,care,0.1,Medium,0.615
12647719261,care,0.1,Medium,0.515
12647719262,care,0.1,Medium,0.56
12647719263,care,0.1,Medium,0.56
12647719265,care,0.1,Medium,0.54
12647719266,care,0.1,Medium,0.565
12647719354,care,0.1,Medium,0.68
12647719356,care,0.1,Medium,0.65
12648436039,care,0.1,Medium,0.7
12652485851,care,0.1,High,0.53
12655832976,care,0.1,Very High,0.725
12655848036,care,0.1,Very High,0.665
12656761390,care,0.1,High,0.815
12656782705,care,0.1,High,0.765
12673454380,care,0.1,Very High,0.68
12684727361,care,0.1,Very High,0.595
12726482693,care,0.1,Very High,0.54
12726512906,care,0.1,Very High,0.695
12726512992,care,0.1,Very High,0.675
12726513023,care,0.1,Very High,0.615
12726513025,care,0.1,Very High,0.595
12728226848,care,0.1,Very High,0.715
12728477228,care,0.1,High,0.84
12728636606,care,0.1,Very High,0.68
12728636634,care,0.1,Very High,0.565
12728664268,care,0.1,Very High,0.6
12728664287,care,0.1,Very High,0.65
12728719280,care,0.1,High,0.72
12728785706,care,0.1,Very High,0.635
12729291244,care,0.1,Very High,0.53
12729291602,care,0.1,Very High,0.66
12729291646,care,0.1,Very High,0.69
12730458390,care,0.1,Very High,0.595
12730458394,care,0.1,Very High,0.71
12730466824,care,0.1,Very High,0.635
12730466882,care,0.1,Very High,0.66
12730528439,care,0.1,Very High,0.695
12730599926,care,0.1,Very High,0.665
12730639856,care,0.1,Very High,0.65
12730738415,care,0.1,Very High,0.8
12730738463,care,0.1,Very High,0.635
12730738485,care,0.1,Very High,0.685
12730738503,care,0.1,Very High,0.66
12730828702,care,0.1,High,0.55
12730828735,care,0.1,Very High,0.58
12730828762,care,0.1,Very High,0.535
12731475236,care,0.1,Very High,0.545
12731475289,care,0.1,Very High,0.615
12731491628,care,0.1,Very High,0.525
12731491669,care,0.1,High,0.675
12731491672,care,0.1,High,0.635
12731491675,care,0.1,High,0.58
12731719277,care,0.1,Low,0.835
12731719282,care,0.1,Low,0.8
12731719283,care,0.1,Low,0.85
12731719284,care,0.1,Low,0.825
12731719295,care,0.1,Low,0.79
12731728805,care,0.1,Low,0.74
12731728812,care,0.1,Low,0.785
12731728813,care,0.1,Low,0.755
12731728816,care,0.1,Low,0.74
12731728818,care,0.1,Low,0.78
12731728823,care,0.1,Low,0.76
12731728970,care,0.1,Low,0.74
12731728977,care,0.1,Low,0.78
12731728994,care,0.1,Medium,0.64
12731729007,care,0.1,Medium,0.675
12731729018,care,0.1,Medium,0.65
12731729028,care,0.1,Medium,0.695
12731729030,care,0.1,Medium,0.705
12731729031,care,0.1,Medium,0.695
12731729033,care,0.1,Medium,0.7
12731729035,care,0.1,Medium,0.66
12731729072,care,0.1,Medium,0.87
12731729074,care,0.1,Low,0.845
12731729082,care,0.1,Low,0.815
12731729083,care,0.1,Medium,0.54
12731780259,care,0.1,Low,0.695
12731780266,care,0.1,Low,0.72
12731780270,care,0.1,Low,0.705
12731780271,care,0.1,Low,0.7
12731780272,care,0.1,Low,0.735
12731780273,care,0.1,Low,0.675
12731780274,care,0.1,Low,0.71
12731780275,care,0.1,Medium,0.64
12731780276,care,0.1,Medium,0.57
12731780277,care,0.1,Medium,0.565
12731780278,care,0.1,Medium,0.63
12731780279,care,0.1,Medium,0.575
12731780280,care,0.1,Low,0.575
12731780281,care,0.1,Low,0.61
12731780283,care,0.1,Medium,0.515
12732464838,care,0.1,High,0.53
12732464868,care,0.1,Very High,0.505
12732693516,care,0.1,Very High,0.555
12732693544,care,0.1,High,0.595
12732693552,care,0.1,High,0.53
12732693576,care,0.1,High,0.685
12732693584,care,0.1,High,0.645
12747733868,care,0.1,Low,0.5
12747733871,care,0.1,Medium,0.515
12747733875,care,0.1,Low,0.53
12747733879,care,0.1,Low,0.75
12747733881,care,0.1,Low,0.685
12747733882,care,0.1,Low,0.69
12768149294,care,0.1,High,0.615
12768149297,care,0.1,High,0.72
12768197113,care,0.1,High,0.675
12768380983,care,0.1,High,0.52
12768381000,care,0.1,High,0.56
12768401522,care,0.1,High,0.53
12768401535,care,0.1,High,0.515
12768401563,care,0.1,High,0.495
12768401577,care,0.1,High,0.565
12768401623,care,0.1,High,0.64
12768401656,care,0.1,High,0.675
12768401707,care,0.1,High,0.605
12768401744,care,0.1,High,0.69
12768401747,care,0.1,High,0.66
12768441224,care,0.1,Very High,0.68
12768441236,care,0.1,Very High,0.545
12768441239,care,0.1,Very High,0.63
12768441260,care,0.1,Very High,0.595
12768441270,care,0.1,Very High,0.63
12768441271,care,0.1,High,0.515
12768725209,care,0.1,Very High,0.555
12768725273,care,0.1,Very High,0.675
12768725279,care,0.1,Very High,0.68
12768725281,care,0.1,Very High,0.57
12769049385,care,0.1,Very High,0.55
12769049389,care,0.1,Very High,0.51
12769824119,care,0.1,High,0.545
12769928884,care,0.1,High,0.515
12769951096,care,0.1,Very High,0.505
12769998616,care,0.1,Very High,0.565
12769998672,care,0.1,Very High,0.565
12769998680,care,0.1,Very High,0.545
12769998691,care,0.1,Very High,0.51
12769998694,care,0.1,High,0.515
12770065682,care,0.1,Very High,0.545
12771693017,care,0.1,Very High,0.545
12771693046,care,0.1,Very High,0.68
12771693070,care,0.1,Very High,0.54
12771693084,care,0.1,Very High,0.735
12771693099,care,0.1,Very High,0.555
12771694609,care,0.1,Very High,0.585
12771694620,care,0.1,Very High,0.7
12771694644,care,0.1,Very High,0.615
12771694687,care,0.1,High,0.635
12771694732,care,0.1,High,0.55
12771694752,care,0.1,High,0.68
12772010345,care,0.1,Very High,0.715
12772010372,care,0.1,Very High,0.705
12772010404,care,0.1,Very High,0.73
12772010426,care,0.1,Very High,0.56
12772010458,care,0.1,Very High,0.5
12772201879,care,0.1,Very High,0.695
12772205501,care,0.1,Very High,0.665
12772205558,care,0.1,Very High,0.745
12772205592,care,0.1,Very High,0.83
12772323421,care,0.1,Very High,0.75
12772323475,care,0.1,Very High,0.75
12772323481,care,0.1,Very High,0.81
12772323490,care,0.1,Very High,0.715
12773100949,care,0.1,Low,0.65
12773100956,care,0.1,Low,0.73
12785384650,care,0.1,Very High,0.76
12785384659,care,0.1,Very High,0.735
12785384685,care,0.1,Very High,0.73
12786327363,care,0.1,Very High,0.66
12786327381,care,0.1,Very High,0.64
12786327436,care,0.1,High,0.615
12786361567,care,0.1,Very High,0.73
12786361574,care,0.1,Very High,0.765
12786367939,care,0.1,Very High,0.835
12787592445,care,0.1,Very High,0.665
12787592471,care,0.1,Very High,0.775
12787592490,care,0.1,Very High,0.74
12787672087,care,0.1,Very High,0.645
12787726771,care,0.1,Very High,0.555
12787726787,care,0.1,High,0.565
12787737318,care,0.1,Very High,0.59
12787737325,care,0.1,Very High,0.63
12787737345,care,0.1,Very High,0.595
12787823749,care,0.1,Very High,0.56
12787823768,care,0.1,High,0.595
12787864222,care,0.1,High,0.785
12787864239,care,0.1,Very High,0.615
12787935017,care,0.1,Very High,0.56
12787935022,care,0.1,Very High,0.575
12787935047,care,0.1,High,0.57
12787935056,care,0.1,High,0.53
12787935076,care,0.1,High,0.505
12787935104,care,0.1,Very High,0.57
12787935194,care,0.1,High,0.725
12787997706,care,0.1,Very High,0.665
12787997801,care,0.1,Very High,0.51
12787997805,care,0.1,Very High,0.595
12789133026,care,0.1,Very High,0.705
12791177432,care,0.1,Very High,0.675
12791177444,care,0.1,Very High,0.675
12791177463,care,0.1,Very High,0.76
12791253876,care,0.1,Very High,0.65
12791265022,care,0.1,Very High,0.575
12791265101,care,0.1,Very High,0.705
12791325268,care,0.1,Very High,0.53
12791325276,care,0.1,Very High,0.505
12791325293,care,0.1,Very High,0.535
12791335403,care,0.1,Very High,0.57
12791335431,care,0.1,Very High,0.59
12791335454,care,0.1,Very High,0.525
12791485952,care,0.1,High,0.58
12791848834,care,0.1,High,0.83
12791848872,care,0.1,High,0.76
12791848898,care,0.1,High,0.79
12791882649,care,0.1,High,0.78
12791882728,care,0.1,Very High,0.605
12792079684,care,0.1,High,0.815
12792117626,care,0.1,High,0.84
12795862183,care,0.1,High,0.64
12795913106,care,0.1,High,0.67
12795913118,care,0.1,High,0.63
12795913160,care,0.1,High,0.56
12798426585,care,0.1,High,0.61
12798426588,care,0.1,High,0.585
12798455601,care,0.1,High,0.75
12798455623,care,0.1,High,0.83
12798455652,care,0.1,High,0.86
12798455660,care,0.1,High,0.865
12798455703,care,0.1,High,0.765
12800871737,care,0.1,High,0.51
12800871761,care,0.1,High,0.655
12800871786,care,0.1,High,0.745
12800871799,care,0.1,High,0.73
12800871822,care,0.1,High,0.865
12855417874,care,0.1,Very High,0.65
12921693543,care,0.1,High,0.69
12921693570,care,0.1,High,0.65
12921693581,care,0.1,High,0.755
13011475507,care,0.1,High,0.55
13036810031,care,0.1,High,0.51
13042739813,care,0.1,Low,0.79
13042739816,care,0.1,Medium,0.83
13042739818,care,0.1,Medium,0.885
13042739839,care,0.1,Medium,0.87
13048692792,care,0.1,Very High,0.74
13074470732,care,0.1,High,0.69
13075574229,care,0.1,High,0.705
13075574254,care,0.1,High,0.83
13075574265,care,0.1,High,0.825
13075574515,care,0.1,High,0.8
13075755572,care,0.1,High,0.535
13075891044,care,0.1,Very High,0.6
13075891052,care,0.1,Very High,0.515
13075891065,care,0.1,Very High,0.625
13075891066,care,0.1,Very High,0.63
13075891072,care,0.1,Very High,0.695
13192125265,care,0.1,Low,0.66
13192135506,care,0.1,Low,0.695
13192135516,care,0.1,Low,0.795
13208903748,care,0.1,High,0.805
13208903764,care,0.1,High,0.76
13208903775,care,0.1,High,0.825
13208903783,care,0.1,High,0.78
13208903791,care,0.1,High,0.8
13208925271,care,0.1,High,0.825
13236897775,care,0.1,High,0.7
13236897787,care,0.1,High,0.645
13236897795,care,0.1,High,0.645
13236903203,care,0.1,High,0.58
13236903207,care,0.1,High,0.665
13236903210,care,0.1,High,0.735
13236903252,care,0.1,High,0.685
13247989690,care,0.1,High,0.675
13248031603,care,0.1,High,0.63
13248789848,care,0.1,High,0.705
13248789863,care,0.1,High,0.705
13248902231,care,0.1,High,0.675
13248902255,care,0.1,High,0.725
13251409772,care,0.1,High,0.5
13251409775,care,0.1,High,0.64
13251427905,care,0.1,High,0.775
13251427910,care,0.1,High,0.76
13266798292,care,0.1,Medium,0.635
13266833877,care,0.1,High,0.58
13266833880,care,0.1,High,0.555
13278094142,care,0.1,Very High,0.505
13283310086,care,0.1,Very High,0.52
13283345525,care,0.1,Medium,0.66
13296601312,care,0.1,Very High,0.64
13305165223,care,0.1,Medium,0.63
13305165239,care,0.1,Low,0.745
13305165249,care,0.1,Low,0.79
13305165252,care,0.1,Medium,0.61
13305165253,care,0.1,Medium,0.59
13305165255,care,0.1,Medium,0.65
13333585760,care,0.1,Medium,0.6
13333594610,care,0.1,Medium,0.51
13363313378,care,0.1,Very High,0.615
13367428598,care,0.1,Very High,0.66
13476413486,care,0.1,High,0.785
13476413488,care,0.1,High,0.775
13476413490,care,0.1,High,0.75
13476800532,care,0.1,Medium,0.595
13479352079,care,0.1,Medium,0.835
13479352116,care,0.1,Medium,0.67
13479352119,care,0.1,Medium,0.82
13479352279,care,0.1,High,0.535
13479352298,care,0.1,High,0.52
13479352323,care,0.1,Medium,0.53
13479531033,care,0.1,High,0.595
13479531068,care,0.1,High,0.535
13479573156,care,0.1,Medium,0.78
13479573162,care,0.1,Medium,0.875
13479573166,care,0.1,Low,0.725
13514569010,care,0.1,Very High,0.68
13514589346,care,0.1,Very High,0.585
13522359572,care,0.1,High,0.525
13522359574,care,0.1,High,0.59
13522359578,care,0.1,High,0.595
13522359582,care,0.1,Very High,0.54
13522386711,care,0.1,Very High,0.505
13522386715,care,0.1,High,0.53
13522439186,care,0.1,Very High,0.675
13524533766,care,0.1,High,0.625
13524533780,care,0.1,High,0.795
13524533788,care,0.1,High,0.685
13526623536,care,0.1,Very High,0.715
13529411167,care,0.1,Very High,0.57
13531702855,care,0.1,Medium,0.605
13531702857,care,0.1,Medium,0.635
13551342571,care,0.1,High,0.655
13556042699,care,0.1,Low,0.725
13556103276,care,0.1,Low,0.77
13556103286,care,0.1,Low,0.69
13595807643,care,0.1,High,0.72
13595807668,care,0.1,High,0.66
13634243176,care,0.1,Very High,0.63
13644950324,care,0.1,High,0.82
13644950365,care,0.1,High,0.845
13652004830,care,0.1,High,0.81
13652004940,care,0.1,High,0.85
13652005057,care,0.1,High,0.865
13652005060,care,0.1,High,0.82
13652005063,care,0.1,High,0.845
13652005108,care,0.1,High,0.845
13652005164,care,0.1,High,0.83
13666609775,care,0.1,High,0.73
13666686522,care,0.1,High,0.74
13690616995,care,0.1,High,0.675
13690617000,care,0.1,High,0.71
13801355990,care,0.1,Very High,0.705
13801398609,care,0.1,Very High,0.735
13806300921,care,0.1,Very High,0.585
13810501988,care,0.1,Low,0.6
