node_id,road,house_number,neighborhood,suburb
10017886812,Via delle Langhe,9,,San Michele
10017910631,Via delle Langhe,14,,San Michele
10092095606,Via della Rinascita,,,Sant'Avendrace-Santa Gilla
10092095607,Via della Rinascita,9,,Sant'Avendrace-Santa Gilla
10092095609,Via della Rinascita,27,,Sant'Avendrace-Santa Gilla
10092095610,Via della Rinascita,27,,Sant'Avendrace-Santa Gilla
10092095611,Via della Rinascita,27,,Sant'Avendrace-Santa Gilla
10092095612,Via della Rinascita,17,,Sant'Avendrace-Santa Gilla
10092095613,Vico di Via della Rinascita,25,,Sant'Avendrace-Santa Gilla
10125574081,Viale La Plaia,11,,Stampaxi/Stampace
10125574082,Viale La Plaia,13,,Stampaxi/Stampace
10147108261,Via Gherardo delle Notti,12,,Mulinu Becciu
10147108266,Via Mario De Martis,5,,Mulinu Becciu
10147108267,Via Mario De Martis,,,Mulinu Becciu
10147108277,Via Piero della Francesca,1,,Mulinu Becciu
10147108298,Via Redipuglia,2,,San Michele
10159726472,Via dei Falconi,10,,Bonaria
10159726487,Via dei Falconi,10,,Bonaria
10159726488,Via dei Falconi,10,,Bonaria
10159726489,Via dei Falconi,10,,Bonaria
10159726494,Via dei Falconi,,,Bonaria
10159726505,Via dei Falconi,,,Bonaria
10159726508,Via dei Falconi,10,,Bonaria
10174676162,,,,Sant'Avendrace-Santa Gilla
10174676173,,,,Sant'Avendrace-Santa Gilla
10174676211,Dorsale Consortile,,,Sant'Avendrace-Santa Gilla
10174676212,Dorsale Consortile,,,Sant'Avendrace-Santa Gilla
10174708550,,,,
10174708551,,,,Sant'Avendrace-Santa Gilla
10174708554,,,,Sant'Avendrace-Santa Gilla
10174708555,,,,Sant'Avendrace-Santa Gilla
10174708590,,,,Sant'Avendrace-Santa Gilla
10174708595,,,,Sant'Avendrace-Santa Gilla
10174708598,,,,Sant'Avendrace-Santa Gilla
10174708688,Strada Statale 195 var Sulcitana,,,Sant'Avendrace-Santa Gilla
10174708720,,,,Sant'Avendrace-Santa Gilla
10174708777,,,,
10174708817,Strada Statale 195 var Sulcitana,,,Sant'Avendrace-Santa Gilla
10174708852,,,,Sant'Avendrace-Santa Gilla
10182472798,,,Monteleone - Santa Rosalia,Municipalidadi de Pirri/Municipalit? di Pirri
10182472801,Via dei Carbonari,41,Monteleone - Santa Rosalia,Municipalidadi de Pirri/Municipalit? di Pirri
10185849487,Via Marina Piccola,,,Borgo Sant'Elia
10185849501,Via Marina Piccola,,,Borgo Sant'Elia
10185849503,Via Marina Piccola,,,Borgo Sant'Elia
10185849513,Via Marina Piccola,,,Borgo Sant'Elia
10185849515,Via Marina Piccola,,,Borgo Sant'Elia
10185850426,Via Marina Piccola,,,Borgo Sant'Elia
10185850483,Viale Calamosca,,,Borgo Sant'Elia
10185850487,Viale Calamosca,,,Borgo Sant'Elia
10185850489,Via Marina Piccola,,,Borgo Sant'Elia
10185925533,Traversa di Viale Calamosca,,,Borgo Sant'Elia
10185925547,Viale Calamosca,17,,Borgo Sant'Elia
10185954640,Viale Calamosca,,,Borgo Sant'Elia
10185954643,Via del Borgo Sant'Elia,,,Borgo Sant'Elia
10185954652,Via dei Musicisti,42,,Borgo Sant'Elia
10185954728,Via Giovanni Manurita,,,Borgo Sant'Elia
10199321467,Viale Calamosca,,,Borgo Sant'Elia
10199321468,Viale Calamosca,,,Borgo Sant'Elia
10200274220,Via Nicol? Canelles,,,Castedd'e susu/Castello
10200274228,Viale Regina Elena,1,,Biddanoa/Villanova
10201645736,Via Ubaldo Badas,,,Stampaxi/Stampace
10221157060,Piazza Francesco Paolo Ingrao,,,Bonaria
10224241301,Via Lione,8,,Genneruxi
10224247903,Via Sassari,,,Stampaxi/Stampace
10224247904,Via Roma,,,Stampaxi/Stampace
10224266055,Via Tel Aviv,23,,Genneruxi
10224297331,Via Francoforte,23,,Genneruxi
10246589962,Via Amerigo Vespucci,,,Nuovo Borgo Sant'Elia
10246589966,Via Amerigo Vespucci,,,Nuovo Borgo Sant'Elia
10246589972,Via Amerigo Vespucci,,,Nuovo Borgo Sant'Elia
10246589975,Via Amerigo Vespucci,,,Nuovo Borgo Sant'Elia
10246589998,Asse Mediano di Scorrimento,,,Bonaria
10246590001,Asse Mediano di Scorrimento,,,Bonaria
10246590002,Viale Salvatore Ferrara,9,,Bonaria
10261026426,Viale Regina Elena,10,,Castedd'e susu/Castello
10261026433,Terrazza Umberto I,,,Castedd'e susu/Castello
10261026439,Terrazza Umberto I,,,Castedd'e susu/Castello
10261026441,Terrazza Umberto I,,,Castedd'e susu/Castello
10262561796,,,,Mulinu Becciu
10262561797,,,,Mulinu Becciu
10262658192,Via dei Valenzani,,,Is Mirrionis
10262658193,Parco Monte Claro,,,Is Mirrionis
10262658202,Ponte Laghetto Monte Claro,,,Is Mirrionis
10282430430,Via Iglesias,18b,,Biddanoa/Villanova
10282430431,Via San Lucifero,67,,Biddanoa/Villanova
10282430432,Via San Lucifero,71,,Bonaria
10282430434,Via Sidney Sonnino,102a,,Biddanoa/Villanova
10282430435,Via Sidney Sonnino,102,,Bonaria
10282430436,Via Goceano,2,,Bonaria
10282430438,Via Sidney Sonnino,86a,,Bonaria
10282459022,Via Amerigo Vespucci,,,Nuovo Borgo Sant'Elia
10282459024,Viale San Bartolomeo,,,Nuovo Borgo Sant'Elia
10282459027,Viale San Bartolomeo,8,,La Palma
10289600885,Vico Primo di Viale La Plaia,4,,Stampaxi/Stampace
10290012444,Sentiero nel parco di Tuvixeddu,,,Tuvixeddu-Tuvumannu
10290012493,Sentiero nel parco di Tuvixeddu,,,Tuvixeddu-Tuvumannu
10290049030,Sentiero nel parco di Tuvixeddu,,,Tuvixeddu-Tuvumannu
10290049045,Sentiero nel parco di Tuvixeddu,,,Tuvixeddu-Tuvumannu
10300204680,Via Sassari,2,,Stampaxi/Stampace
10300204688,Via Molo Sant'Agostino,25,,Stampaxi/Stampace
10300204692,Via Sassari,,,Stampaxi/Stampace
10300204694,Via Roma,,,Stampaxi/Stampace
10300204697,Via Roma,,,Stampaxi/Stampace
10300286335,Ruga-Via Giovanni Fabrizio Bignami,,Terram?ini - Is Bingias,Municipalidadi de Pirri/Municipalit? di Pirri
10300286336,Via Heinrich Rudolph Hertz,2,Terram?ini - Is Bingias,Municipalidadi de Pirri/Municipalit? di Pirri
10300286337,Via Giuseppe Mercalli,,,Genneruxi
10300286339,Via Guglielmo Marconi,163,Terram?ini - Is Bingias,Genneruxi
10300286342,Via Guglielmo Marconi,161a,Terram?ini - Is Bingias,Genneruxi
10300286343,Via Guglielmo Marconi,159,Terram?ini - Is Bingias,Genneruxi
10300286347,Via Guglielmo Marconi,135,,Genneruxi
10300286352,Via Guglielmo Marconi,234,Terram?ini - Is Bingias,Municipalidadi de Pirri/Municipalit? di Pirri
10310697830,Via Arrigo Boito,27,,Sant'Alenixedda
10310697831,Via Arrigo Boito,,,Sant'Alenixedda
10310697834,Via Pierluigi da Palestrina,15,,Genneruxi
10537173527,Via Giuseppe Mercalli,,,Genneruxi
10537173536,Via Giuseppe Mercalli,3,,Genneruxi
10537173546,Ruga-Via Giovanni Fabrizio Bignami,,Terram?ini - Is Bingias,Municipalidadi de Pirri/Municipalit? di Pirri
10537173547,Via Giuseppe Mercalli,,Terram?ini - Is Bingias,Genneruxi
10537173548,Via Giuseppe Mercalli,,,Genneruxi
10537173551,Via Giuseppe Mercalli,,Terram?ini - Is Bingias,Municipalidadi de Pirri/Municipalit? di Pirri
10538932536,Piazzale Alessandro Ricchi,2,,San Michele
10538932537,Piazzale Alessandro Ricchi,,,
10538932538,Piazzale Alessandro Ricchi,,,San Michele
10538932539,Piazzale Alessandro Ricchi,,,San Michele
10538932540,Piazzale Alessandro Ricchi,2,,San Michele
10538932541,Piazzale Alessandro Ricchi,2,,San Michele
10538932542,Piazzale Alessandro Ricchi,2,,San Michele
10538946247,Via Calamattia,4,,Fonsarda
10538946248,Via Calamattia,4,,Fonsarda
10538946249,Via Calamattia,4,,Fonsarda
10538946250,Via Calamattia,4,,Fonsarda
10538946251,Via Calamattia,5b,Monteleone - Santa Rosalia,Municipalidadi de Pirri/Municipalit? di Pirri
10538946254,Via Calamattia,9,Monteleone - Santa Rosalia,Municipalidadi de Pirri/Municipalit? di Pirri
10554761716,Asse Mediano di Scorrimento,,,San Michele
10554761717,Via Edward Jenner,,,Is Mirrionis
10554761719,Via Edward Jenner,,,Is Mirrionis
10554761720,Via Edward Jenner,11,,Is Mirrionis
10554761726,Via Edward Jenner,3,,Is Mirrionis
10554761731,Via Edward Jenner,1,,Is Mirrionis
10554761732,Via Edward Jenner,1,,Is Mirrionis
10554763506,Via Edward Jenner,2,,Is Mirrionis
10554766912,Asse Mediano di Scorrimento,1,Villa Doloretta,Municipalidadi de Pirri/Municipalit? di Pirri
10554766914,Via Edward Jenner,1,,Is Mirrionis
10596688005,Traversa di Viale La Plaia,3,,Stampaxi/Stampace
10690128983,Viale Francesco Ciusa,121,,Fonsarda
10690128984,Viale Francesco Ciusa,121,,Fonsarda
10690154811,Via del Platano,21,,Fonsarda
10690154812,Via del Platano,21,,Fonsarda
10712852245,Lungomare Francesco Cossiga,,,Nuovo Borgo Sant'Elia
10720924140,Via Praga,,,Genneruxi
10720924147,Via Luca Pacioli,11,,Genneruxi
10720924158,Via Guglielmo Marconi,,,Genneruxi
1072794774,Via Malta,2,,Stampaxi/Stampace
1072794775,Via Goffredo Mameli,52,,Stampaxi/Stampace
10732456923,Via Marna,,,Tuvixeddu-Tuvumannu
10732456925,Via Agostino Castelli,14,,Tuvixeddu-Tuvumannu
10742398463,Via Filippo Figari,,,Fonsarda
10742398464,Via Filippo Figari,,,Fonsarda
10750927890,Via Filippo Figari,2,,Fonsarda
10750927892,Via Filippo Figari,,,Fonsarda
10750927894,Via Filippo Figari,2,,Fonsarda
10750978605,Via Filippo Figari,,,Fonsarda
10750978607,Via Filippo Figari,2,,Fonsarda
10750978608,Via Filippo Figari,2,,Fonsarda
10750978620,Via dei Donoratico,85,,Fonsarda
1075548258,Viale Calamosca,,,Borgo Sant'Elia
1075548306,Viale Calamosca,37,,Borgo Sant'Elia
1075548330,Viale Calamosca,,,Borgo Sant'Elia
1075548334,Via Marina Piccola,,,Borgo Sant'Elia
10761130853,Via dei Valenzani,,,Is Mirrionis
10761130854,Via Giovanni Capula,,,Fonsarda
10761130855,Viale Francesco Ciusa,8,,Is Mirrionis
10762109647,Via Paolo Sarpi,,,Sant'Alenixedda
10762109655,Via Paolo Sarpi,,,Sant'Alenixedda
10762109656,Via Baldassarre Castiglione,25,,Fonsarda
10762109658,Via Baldassarre Castiglione,27,,Fonsarda
10762109661,Via Paolo Sarpi,,,Sant'Alenixedda
10762109668,Via Baldassarre Castiglione,,,Sant'Alenixedda
10762109671,Via Baldassarre Castiglione,,,Sant'Alenixedda
10762109674,Via Baldassarre Castiglione,37,,Fonsarda
10762109677,Via Baldassarre Castiglione,,,Sant'Alenixedda
10762109679,Via Carlo Cattaneo,,,Sant'Alenixedda
10762109681,Via Carlo Cattaneo,7,,Sant'Alenixedda
10762109682,Via Baldassarre Castiglione,,,Sant'Alenixedda
10762148008,Via Baldassarre Castiglione,110,,Sant'Alenixedda
10762148011,Via Carlo Cattaneo,4a,,Sant'Alenixedda
10764575127,SS195,,,Sant'Avendrace-Santa Gilla
10764575130,Ex Strada Statale 195 Sulcitana,,,Sant'Avendrace-Santa Gilla
10764575152,Ex Strada Statale 195 Sulcitana,,,Sant'Avendrace-Santa Gilla
10764575294,Via Giuseppe Brotzu,,,Mulinu Becciu
10764575295,Via Giuseppe Brotzu,,,Mulinu Becciu
10764575298,Via Gaio Giulio Cesare,11,Terram?ini - Is Bingias,Municipalidadi de Pirri/Municipalit? di Pirri
10765498066,Calata Roma,,,Lapola/Marina
10765498072,Percorso ciclopedonale Via del Sale,,,Bonaria
10765498074,Via Molo Sant'Agostino,,,Stampaxi/Stampace
10765498077,Via Molo Sant'Agostino,,,Stampaxi/Stampace
10765498078,Via Molo Sant'Agostino,,,Stampaxi/Stampace
10765498079,Via Molo Sant'Agostino,1,,Stampaxi/Stampace
10765498080,Via Molo Sant'Agostino,,,Stampaxi/Stampace
10765498084,Porto Pontile della Dogana,,,Lapola/Marina
10765498085,Molo Capitaneria di Porto,,,Bonaria
10765498086,Calata Mercedari,,,Bonaria
10770595183,Viale Pula,,,Sant'Avendrace-Santa Gilla
10770619912,Viale Pula,,,Sant'Avendrace-Santa Gilla
10770619913,,,,Sant'Avendrace-Santa Gilla
10770619929,,,,Sant'Avendrace-Santa Gilla
10781466793,Via Pietro Cavaro,14,,Sant'Alenixedda
10781466798,Via San Benedetto,106,,Sant'Alenixedda
10782114190,,,,Sant'Avendrace-Santa Gilla
10782114200,,,,Sant'Avendrace-Santa Gilla
10795362517,Viale Bonaria,30,,Bonaria
10795362526,Via Roma,161,,Stampaxi/Stampace
10795362527,Via Roma,157,,Stampaxi/Stampace
10795362528,Via Roma,155,,Stampaxi/Stampace
10803807383,,,Terram?ini - Is Bingias,Municipalidadi de Pirri/Municipalit? di Pirri
10803963459,Piazza Wolfgang Amadeus Mozart,,,Sant'Alenixedda
10803963461,Piazza Wolfgang Amadeus Mozart,,,Sant'Alenixedda
10803963469,Via Efisio Cao di San Marco,,,Sant'Alenixedda
10803963472,Via Efisio Cao di San Marco,,,Sant'Alenixedda
10803963473,Via Sant'Alenixedda,,,Sant'Alenixedda
10804010592,Via Basilicata,,,Is Mirrionis
10804010594,Via Basilicata,,,Is Mirrionis
10804025256,Piazza Wolfgang Amadeus Mozart,,,Sant'Alenixedda
10804025262,Piazza Wolfgang Amadeus Mozart,,,Sant'Alenixedda
10804177103,Via Giovanni Capula,3c,,Fonsarda
10804182606,,,,Fonsarda
10804182609,Via Giudice Costantino,1,,Fonsarda
10804182610,,,,Fonsarda
10804182611,,,,Fonsarda
10804182614,,,,Fonsarda
10804182616,,,,Fonsarda
10804182617,,,,Fonsarda
10804182618,,,,Fonsarda
10804182621,Via dei Donoratico,39,,Fonsarda
10804182622,Via dei Visconti,65,,Fonsarda
10804182623,,,,Fonsarda
10804182624,Via dei Visconti,,,Fonsarda
10804182625,Via dei Donoratico,DAL 92 AL 100,,Fonsarda
10804182627,Via Giovanni Capula,4g,,Fonsarda
10804182629,Via Giudice Costantino,1,,Fonsarda
10807135386,Via Giovanni Capula,,,Fonsarda
10807135387,Viale Francesco Ciusa,6,,Is Mirrionis
10807135399,Via dei Donoratico,1,,Fonsarda
10807185784,Via Monte Claro,,,Is Mirrionis
10807185790,Via Anna Cabras Brundo,,,Is Mirrionis
10807185792,Via Monte Claro,,,Is Mirrionis
10807185793,Via Monte Claro,,,Is Mirrionis
10807185794,Via Monte Claro,,,Is Mirrionis
10807185844,Via dei Valenzani,33,,Fonsarda
10807185849,Via Edina Altara,,,Fonsarda
10807185851,Via dei Valenzani,,,Fonsarda
10807185891,Via dei Valenzani,,,Is Mirrionis
10807185892,Viale Francesco Ciusa,8,,Is Mirrionis
10820325058,Via Basilicata,17,,La Vega
10823978195,Via Romagna,15,,La Vega
10823978196,Via Liguria,,,La Vega
10824082848,Via Romagna,15,,La Vega
10827080659,,,,Sant'Avendrace-Santa Gilla
10829470834,Via Quirra,1,,Is Mirrionis
10829470835,Via Quirra,1,,Is Mirrionis
10842781401,Via Montiferru,11,,San Michele
10843102923,Via Mandrolisai,53,,Is Mirrionis
10843102930,Via Mandrolisai,53,,Is Mirrionis
10843102931,Via Mandrolisai,55,,Is Mirrionis
10843102933,Via Cornalias,92,,Is Mirrionis
10843102935,Via Cornalias,92b,,Is Mirrionis
10843102939,Via Cornalias,92b,,Is Mirrionis
10843102940,Via Cornalias,,,San Michele
10843102941,Via Cornalias,92b,,Is Mirrionis
10843102942,Via Cornalias,92,,Is Mirrionis
10843102943,Via Monte Acuto,2,,Is Mirrionis
10846085692,Viale Poetto,,,Poetto-Medau su Cramu
10846407477,Via Giovanni Cinquini,,,San Michele
10852743368,Via Gherardo delle Notti,,,Mulinu Becciu
10852743369,Via Mario De Martis,,,Mulinu Becciu
10862286277,Viale Pula,,,Sant'Avendrace-Santa Gilla
10862286279,Viale Pula,,,Sant'Avendrace-Santa Gilla
10862286281,Viale Pula,,,Sant'Avendrace-Santa Gilla
10862286282,Viale Pula,,,Sant'Avendrace-Santa Gilla
10862625720,Viale Pula,,,Sant'Avendrace-Santa Gilla
10862625729,Viale Pula,,,Sant'Avendrace-Santa Gilla
10862625752,Via Rosa Luxemburg,,,Sant'Avendrace-Santa Gilla
10862625913,,,,Sant'Avendrace-Santa Gilla
10862626055,Strada Statale 195 var Sulcitana,,,Sant'Avendrace-Santa Gilla
10862626074,Strada Statale 195 var Sulcitana,,,Sant'Avendrace-Santa Gilla
10862626075,Strada Statale 195 var Sulcitana,,,Sant'Avendrace-Santa Gilla
10864590109,,,,Sant'Avendrace-Santa Gilla
10864590169,,,,Sant'Avendrace-Santa Gilla
10864590181,,,,Sant'Avendrace-Santa Gilla
10864590291,Strada Statale 195 var Sulcitana,,,Sant'Avendrace-Santa Gilla
10864590321,,,,Sant'Avendrace-Santa Gilla
10864590322,,,,Sant'Avendrace-Santa Gilla
10864590324,,,,Sant'Avendrace-Santa Gilla
10870814923,Via Giovanni Cinquini,,,San Michele
10874960621,Via Amerigo Vespucci,,,Nuovo Borgo Sant'Elia
10874960623,Lungomare Francesco Cossiga,,,Nuovo Borgo Sant'Elia
10875049649,Spiaggia del Poetto,,,Poetto-Medau su Cramu
10886191808,Viale Luigi Merello,95,,Stampaxi/Stampace
10918107883,Via Is Mirrionis,86,,Tuvixeddu-Tuvumannu
10918107887,Via Is Mirrionis,73,,Is Mirrionis
10918107891,Via Is Mirrionis,86,,Tuvixeddu-Tuvumannu
10918107892,Via Is Mirrionis,88,,Tuvixeddu-Tuvumannu
10918107893,Via Is Mirrionis,86,,Tuvixeddu-Tuvumannu
10931628765,Viale Elmas,142,,Sant'Avendrace-Santa Gilla
10931628766,Viale Elmas,153,,Sant'Avendrace-Santa Gilla
10940164262,Piazza San Bartolomeo,,,Borgo Sant'Elia
10943638424,Via del Borgo Sant'Elia,17,,Borgo Sant'Elia
10943638428,Via del Borgo Sant'Elia,,,Borgo Sant'Elia
10943638429,Via del Borgo Sant'Elia,,,Borgo Sant'Elia
10943638430,Via del Borgo Sant'Elia,,,Borgo Sant'Elia
10943638431,Via del Borgo Sant'Elia,,,Borgo Sant'Elia
10943638432,Via del Borgo Sant'Elia,,,Borgo Sant'Elia
10943638433,Via del Borgo Sant'Elia,,,Borgo Sant'Elia
10943638434,Via del Borgo Sant'Elia,,,Borgo Sant'Elia
10943638435,Via del Borgo Sant'Elia,,,Borgo Sant'Elia
10943638436,Via del Borgo Sant'Elia,,,Borgo Sant'Elia
10943669213,Molo Rinascita,,,Stampaxi/Stampace
10948663195,Via Parigi,,,Quartiere Europeo
10948663202,Via Londra,12,,Quartiere Europeo
10948663203,Via Aiaccio,,,Quartiere Europeo
10948700597,Via Aiaccio,,,Quartiere Europeo
10948798558,Viale La Plaia,,,Stampaxi/Stampace
10948798559,Viale La Plaia,,,Stampaxi/Stampace
10948798562,Viale La Plaia,,,Stampaxi/Stampace
10948798567,Viale La Plaia,,,Stampaxi/Stampace
10948798574,Viale La Plaia,,,Stampaxi/Stampace
10948798578,Viale La Plaia,,,Stampaxi/Stampace
10948807016,Viale La Plaia,,,Stampaxi/Stampace
10948807019,Viale La Plaia,,,Stampaxi/Stampace
10948807020,Viale La Plaia,,,Stampaxi/Stampace
10951336886,Vico Primo di Viale Monastir,,,Sant'Avendrace-Santa Gilla
10951336887,Vico Primo di Viale Monastir,,,Sant'Avendrace-Santa Gilla
10951336888,Viale Monastir,,,Sant'Avendrace-Santa Gilla
10951336889,Viale Monastir,128,,Sant'Avendrace-Santa Gilla
10965183585,Via Valerio Pisano,,Terram?ini - Is Bingias,Municipalidadi de Pirri/Municipalit? di Pirri
10965183586,Ruga-Via Riu Saliu,,Terram?ini - Is Bingias,Municipalidadi de Pirri/Municipalit? di Pirri
10965183588,Ruga-Via Riu Saliu,,Terram?ini - Is Bingias,Municipalidadi de Pirri/Municipalit? di Pirri
10965191123,Via Isaac Newton,,Terram?ini - Is Bingias,Municipalidadi de Pirri/Municipalit? di Pirri
10965191125,Via Isaac Newton,,Terram?ini - Is Bingias,Municipalidadi de Pirri/Municipalit? di Pirri
10965191201,,,Terram?ini - Is Bingias,Municipalidadi de Pirri/Municipalit? di Pirri
10965191204,Viale Guglielmo Marconi,240,,
10965206605,,,Terram?ini - Is Bingias,Municipalidadi de Pirri/Municipalit? di Pirri
10969235802,Via San Simone,10,,Sant'Avendrace-Santa Gilla
10969235803,Via Campo Scipione,,,Sant'Avendrace-Santa Gilla
10969235808,Via San Simone,10,,Sant'Avendrace-Santa Gilla
10969345508,Via Simeto,44,,Sant'Avendrace-Santa Gilla
10969345573,Via San Simone,,,Sant'Avendrace-Santa Gilla
10969345584,,,,Sant'Avendrace-Santa Gilla
10969345593,Viale Monastir,4,,Sant'Avendrace-Santa Gilla
10969345596,Viale Monastir,1,,San Michele
10969396919,Via del Sale,,,Poetto-Medau su Cramu
10969869014,Viale Umberto Ticca,7,,Mulinu Becciu
10969869017,Viale Umberto Ticca,7,,Mulinu Becciu
10969869018,Viale Umberto Ticca,7,,Mulinu Becciu
10969869020,Strada Statale 554 Cagliaritana,9,,Mulinu Becciu
10969869129,,,,Mulinu Becciu
10969869132,,,,Mulinu Becciu
10969869178,Via Masaccio,,,Mulinu Becciu
10969885650,,,,Mulinu Becciu
10969885664,Viale Umberto Ticca,14,,Mulinu Becciu
10969885667,Viale Umberto Ticca,,,Mulinu Becciu
10969885668,Viale Umberto Ticca,,,Mulinu Becciu
10970830586,Via San Paolo,,,Sant'Avendrace-Santa Gilla
10970830589,,,,Sant'Avendrace-Santa Gilla
10970830592,Via San Paolo,,,Sant'Avendrace-Santa Gilla
10970830597,Via San Paolo,39,,Sant'Avendrace-Santa Gilla
10970847410,Via San Paolo,80,,Sant'Avendrace-Santa Gilla
10970847413,Via San Paolo,,,Sant'Avendrace-Santa Gilla
10970847423,Via San Paolo,,,Sant'Avendrace-Santa Gilla
10970847424,Via San Paolo,,,Sant'Avendrace-Santa Gilla
10970847426,Via San Paolo,78,,Sant'Avendrace-Santa Gilla
10974835596,,,,Sant'Avendrace-Santa Gilla
10974835601,,,,Sant'Avendrace-Santa Gilla
10974835605,,,,Sant'Avendrace-Santa Gilla
10974835606,,,,Sant'Avendrace-Santa Gilla
10974835607,,,,Sant'Avendrace-Santa Gilla
10974835608,,,,Sant'Avendrace-Santa Gilla
10974835618,,,,Sant'Avendrace-Santa Gilla
10974835619,,,,Sant'Avendrace-Santa Gilla
10974835639,,,,Sant'Avendrace-Santa Gilla
10974835724,,,,Sant'Avendrace-Santa Gilla
10974835747,Strada Statale 195 var Sulcitana,,,Sant'Avendrace-Santa Gilla
10983772530,Vicolo Secondo di Via Capo Frasca,,,
10983772634,Via Aligi Sassu,1,Is Campus,Municipalidadi de Pirri/Municipalit? di Pirri
10983772635,Via Paolo Spriano,2,Is Campus,Municipalidadi de Pirri/Municipalit? di Pirri
10983910037,Via Ferruccio Barreca,,Is Campus,Municipalidadi de Pirri/Municipalit? di Pirri
10984439991,Via Edward Jenner,,,San Michele
10984439993,Via Edward Jenner,,,San Michele
10984451408,Via Edward Jenner,6,,San Michele
10984451414,Via Edward Jenner,,,San Michele
10984451417,Via Edward Jenner,,,San Michele
10984451419,Via Edward Jenner,,,San Michele
10984451421,Via Edward Jenner,,,San Michele
10984451425,Via Edward Jenner,,,San Michele
10984451428,Via Edward Jenner,,,San Michele
10984451451,Via Edward Jenner,,,San Michele
10984451455,Via Edward Jenner,14,,San Michele
10984454952,,,San Giuseppe - Santa Teresa - Parteolla,Municipalidadi de Pirri/Municipalit? di Pirri
10984454956,,,San Giuseppe - Santa Teresa - Parteolla,Municipalidadi de Pirri/Municipalit? di Pirri
10984454957,Via Enrico Toti,,San Giuseppe - Santa Teresa - Parteolla,Municipalidadi de Pirri/Municipalit? di Pirri
10984454963,Via delle Ginestre,,San Giuseppe - Santa Teresa - Parteolla,Municipalidadi de Pirri/Municipalit? di Pirri
10984454966,,,San Giuseppe - Santa Teresa - Parteolla,Municipalidadi de Pirri/Municipalit? di Pirri
10984454967,Via Enrico Toti,216a,San Giuseppe - Santa Teresa - Parteolla,Municipalidadi de Pirri/Municipalit? di Pirri
10984454973,Via Luigi Pirandello,,Barracca Manna,Municipalidadi de Pirri/Municipalit? di Pirri
10984454974,Via Enrico Toti,216a,San Giuseppe - Santa Teresa - Parteolla,Municipalidadi de Pirri/Municipalit? di Pirri
10984454975,Via Enrico Toti,216a,San Giuseppe - Santa Teresa - Parteolla,Municipalidadi de Pirri/Municipalit? di Pirri
10984795464,Traversa di Viale Calamosca,,,Borgo Sant'Elia
10984913559,Via del Borgo Sant'Elia,4,,Borgo Sant'Elia
10984913560,Via del Borgo Sant'Elia,4,,Borgo Sant'Elia
10984913570,Piazza San Bartolomeo,,,Borgo Sant'Elia
10984913571,Piazza San Bartolomeo,,,Borgo Sant'Elia
10985165282,Viale Roberto Pisano,,Terram?ini - Is Bingias,Municipalidadi de Pirri/Municipalit? di Pirri
10985165290,Viale Roberto Pisano,6,Terram?ini - Is Bingias,Municipalidadi de Pirri/Municipalit? di Pirri
10989110078,Via del Borgo Sant'Elia,,,Borgo Sant'Elia
10989110080,Via del Borgo Sant'Elia,25,,Borgo Sant'Elia
10989110085,Via dei Musicisti,40,,Borgo Sant'Elia
10989110086,Via dei Musicisti,40,,Borgo Sant'Elia
10989110097,Via del Borgo Sant'Elia,,,Borgo Sant'Elia
10989630793,,,,Borgo Sant'Elia
10989630803,Viale Calamosca,,,Borgo Sant'Elia
10989630804,Piazzetta Franco Oliverio,,,Borgo Sant'Elia
10992692552,Via Vittorio Bottego,42,,Bonaria
10992692562,Via Vittorio Bottego,50,,Bonaria
10992692563,Via Vittorio Bottego,50,,Bonaria
10992692584,Viale Bonaria,,,Bonaria
10992692585,Viale Bonaria,,,Bonaria
10992692590,Via Milano,2,,Bonaria
10992692591,Piazza Bonaria,5,,Bonaria
10992692599,Viale Bonaria,,,Bonaria
10992692600,Viale Bonaria,,,Bonaria
10992697605,Viale Bonaria,,,Bonaria
10992697612,Via Ravenna,,,Bonaria
10992697613,Via Ravenna,,,Bonaria
10992697615,Via Ravenna,4,,Bonaria
10992697616,Piazza Bonaria,5,,Bonaria
10992697617,Viale Bonaria,,,Bonaria
10992697618,Viale Bonaria,,,Bonaria
10992697619,Viale Bonaria,,,Bonaria
10992697620,Viale Bonaria,,,Bonaria
10992697630,Via Ravenna,,,Bonaria
11002003335,Via Marina Piccola,28,,Borgo Sant'Elia
11002003337,Via Marina Piccola,,,Borgo Sant'Elia
11002003339,Via Marina Piccola,,,Borgo Sant'Elia
11002003340,Via Marina Piccola,,,Borgo Sant'Elia
11002003352,Via Marina Piccola,,,Borgo Sant'Elia
11013707587,Strada Statale 195 Sulcitana,,,Sant'Avendrace-Santa Gilla
11013707589,Strada Statale 195 Sulcitana,,,Sant'Avendrace-Santa Gilla
11049207231,Viale Poetto,,,La Palma
11049207236,Via Amerigo Vespucci,,,La Palma
11053698444,,,,Sant'Avendrace-Santa Gilla
11053698445,,,,Sant'Avendrace-Santa Gilla
11053698477,,,,Sant'Avendrace-Santa Gilla
11061413880,,,,Sant'Avendrace-Santa Gilla
11061419908,,,,Sant'Avendrace-Santa Gilla
11061419910,,,,Sant'Avendrace-Santa Gilla
11066912186,Piazza Salvatore Cambosu,,,Bonaria
11066912187,Via della Pineta,217c,,Bonaria
11066912189,Via della Pineta,217c,,Bonaria
11074262938,Via Lungo Saline,,,Poetto-Medau su Cramu
11082228878,Viale Salvatore Ferrara,,,Nuovo Borgo Sant'Elia
11090473088,Via Luigi Amat,,,Monte Urpinu
11090473089,Via Luigi Amat,,,Monte Urpinu
11099668331,SS195,,,Sant'Avendrace-Santa Gilla
11099668333,SS195,,,Sant'Avendrace-Santa Gilla
11100270442,Via Luigi Amat,4,,Monte Urpinu
11104492421,Via Efisio Cao di San Marco,9,,Sant'Alenixedda
11104492433,Via Efisio Cao di San Marco,,,Sant'Alenixedda
11104492439,Via Efisio Cao di San Marco,,,Sant'Alenixedda
11104510522,Via Ottone Bacaredda,122,,Biddanoa/Villanova
11104510523,Via Ottone Bacaredda,2,,Sant'Alenixedda
11104510525,Via Ottone Bacaredda,2,,Sant'Alenixedda
11104510526,Via Ottone Bacaredda,2,,Sant'Alenixedda
11105625819,,,,Nuovo Borgo Sant'Elia
11105681341,Via dei Conversi,,,Monte Urpinu
11107400682,,,,Stampaxi/Stampace
11107400698,Viale La Plaia,29,,Stampaxi/Stampace
11107409614,Via San Paolo,,,Stampaxi/Stampace
11107409616,Via San Paolo,,,Stampaxi/Stampace
11107559032,Piazzetta Aquilino Cannas,,,Castedd'e susu/Castello
11107559034,Piazzetta Aquilino Cannas,,,Castedd'e susu/Castello
11107559058,Via Fiume,,,Stampaxi/Stampace
11107559059,Via Fiume,,,Stampaxi/Stampace
11107559061,Viale Buoncammino,3a,,Stampaxi/Stampace
11118993632,Via Maria Piera Mossa,,,Sant'Avendrace-Santa Gilla
11118993633,Viale Pula,,,Sant'Avendrace-Santa Gilla
11118993636,Viale Pula,2,,Sant'Avendrace-Santa Gilla
11118993638,Via Rosa Luxemburg,,,Sant'Avendrace-Santa Gilla
11118993643,Via Rosa Luxemburg,,,Sant'Avendrace-Santa Gilla
11118993670,Viale Pula,,,Sant'Avendrace-Santa Gilla
11118993672,Viale Pula,,,Sant'Avendrace-Santa Gilla
11118993680,,,,Sant'Avendrace-Santa Gilla
11118993686,,,,Sant'Avendrace-Santa Gilla
11118993687,,,,Sant'Avendrace-Santa Gilla
11118993688,,,,Sant'Avendrace-Santa Gilla
11119517182,,,,Nuovo Borgo Sant'Elia
11138895840,,,,Fonsarda
11138923999,Via Gallura,1,,Bonaria
11165605567,Viale Poetto,296,,Poetto-Medau su Cramu
11165605573,Viale Poetto,298,,Poetto-Medau su Cramu
11165605590,Viale Poetto,294,,Poetto-Medau su Cramu
11165605591,Viale Poetto,298,,Poetto-Medau su Cramu
11165605594,Viale Poetto,294,,Poetto-Medau su Cramu
11165605595,Viale Poetto,294,,Poetto-Medau su Cramu
11165605600,Viale Poetto,294,,Poetto-Medau su Cramu
11165605604,Viale Poetto,294,,Poetto-Medau su Cramu
11165629006,Viale Poetto,294,,Poetto-Medau su Cramu
11165629012,Viale Poetto,,,Poetto-Medau su Cramu
11167419136,Via Campo Scipione,,,Sant'Avendrace-Santa Gilla
11167419138,Via Campo Scipione,,,Sant'Avendrace-Santa Gilla
11167419139,Via Campo Scipione,,,Sant'Avendrace-Santa Gilla
11176102243,Viale Cimitero,12,,Bonaria
11176102246,Viale Cimitero,14,,Bonaria
11176102247,Viale Cimitero,,,Bonaria
11176102250,Viale Cimitero,,,Bonaria
11176102252,Viale Cimitero,12,,Bonaria
11176102254,Via Nuoro,19,,Bonaria
11180649864,Vico Secondo di Viale Luigi Merello,,,Stampaxi/Stampace
11180649876,Vico Primo di Viale Luigi Merello,,,Stampaxi/Stampace
11180649878,Vico Primo di Viale Luigi Merello,,,Stampaxi/Stampace
11180651049,Via Sant'Ignazio da Laconi,,,Stampaxi/Stampace
11180651050,Via Sant'Ignazio da Laconi,,,Stampaxi/Stampace
11180651110,Via Palabanda,,,Stampaxi/Stampace
11180651119,Via Palabanda,,,Stampaxi/Stampace
11186580205,Piazza Sant'Eulalia,,,Lapola/Marina
11186580206,Vico di Via del Collegio,2,,Lapola/Marina
11188114097,Via Sant'Ignazio da Laconi,21,,Stampaxi/Stampace
11190566301,Piazza San Bartolomeo,,,Borgo Sant'Elia
11190566306,Piazza San Bartolomeo,,,Borgo Sant'Elia
11190566307,Piazza San Bartolomeo,,,Borgo Sant'Elia
11190566308,Piazza San Bartolomeo,,,Borgo Sant'Elia
11190566310,Via del Borgo Sant'Elia,2,,Borgo Sant'Elia
11190566311,Piazza San Bartolomeo,,,Borgo Sant'Elia
11190566315,Piazza San Bartolomeo,,,Borgo Sant'Elia
11190566329,Piazza San Bartolomeo,,,Borgo Sant'Elia
11190566330,Via del Borgo Sant'Elia,2,,Borgo Sant'Elia
11190599164,Via del Borgo Sant'Elia,4,,Borgo Sant'Elia
11190599165,Via del Borgo Sant'Elia,4,,Borgo Sant'Elia
11192728794,Via Vulcano,7,,Poetto-Medau su Cramu
11192728796,Via Vulcano,,,Poetto-Medau su Cramu
11192728797,Via Vulcano,,,Poetto-Medau su Cramu
11192728800,Viale Poetto,244,,Poetto-Medau su Cramu
11192728801,Viale Poetto,242,,Poetto-Medau su Cramu
11193065865,Via dei Calafati,,,Stampaxi/Stampace
11193065867,Via dei Calafati,,,Stampaxi/Stampace
11193065878,Via dei Calafati,21,,Stampaxi/Stampace
11193065879,Via dei Calafati,30,,Stampaxi/Stampace
11194701312,Viale Poetto,65,,Poetto-Medau su Cramu
11194701313,Viale Poetto,75,,Poetto-Medau su Cramu
11194701314,Viale Poetto,75,,Poetto-Medau su Cramu
11195909128,Via Sant'Alenixedda,,,Sant'Alenixedda
11195951037,Via Sant'Alenixedda,87,,Sant'Alenixedda
11195951038,Via Efisio Cao di San Marco,,,Sant'Alenixedda
11195951068,Via Sant'Alenixedda,,,Sant'Alenixedda
11195951069,Via Sant'Alenixedda,,,Sant'Alenixedda
11195951071,Via Sant'Alenixedda,89,,Sant'Alenixedda
11195951072,Via Sant'Alenixedda,89,,Sant'Alenixedda
11195951141,Via Ottone Bacaredda,130,,Biddanoa/Villanova
11195951142,Via Ottone Bacaredda,128,,Biddanoa/Villanova
11195951143,Via Ottone Bacaredda,,,Sant'Alenixedda
11197341226,Via Ottone Bacaredda,,,Sant'Alenixedda
11197341227,Via Efisio Cao di San Marco,,,Sant'Alenixedda
11197341231,Via Efisio Cao di San Marco,,,Sant'Alenixedda
11197341234,Via Efisio Cao di San Marco,5,,Sant'Alenixedda
11197388838,Via Efisio Cao di San Marco,,,Sant'Alenixedda
11208426199,Piazza Bonaria,4,,Bonaria
11208426200,Viale Bonaria,,,Bonaria
11208426201,Piazza Bonaria,4,,Bonaria
11208426202,Viale Bonaria,,,Bonaria
11208426204,Piazza Bonaria,,,Bonaria
11208426206,Viale Bonaria,,,Bonaria
11212295814,Via Emanuele Pessagno,4a,,Bonaria
11212295815,Via Emanuele Pessagno,4a,,Bonaria
11212295829,Asse Mediano di Scorrimento,,,Bonaria
11212295830,Asse Mediano di Scorrimento,,,Bonaria
11212295831,Via Emanuele Pessagno,4a,,Bonaria
11212295834,Via Emanuele Pessagno,4a,,Bonaria
11212301743,Calata Fiera,,,Bonaria
11212301744,Calata Fiera,,,Bonaria
11212301749,Calata Fiera,,,Bonaria
11212301753,Calata Fiera,,,Bonaria
11212301755,Calata Fiera,,,Bonaria
11215222920,Via Ubaldo da Paganello,8c,,Is Mirrionis
11215222921,Via Ubaldo da Paganello,7,,Is Mirrionis
11215222923,Via Opizzino da Ripafratta,,,Is Mirrionis
11215222927,Via Opizzino da Ripafratta,,,Is Mirrionis
11215617859,,,,Mulinu Becciu
11215617869,,,,Mulinu Becciu
11215617877,,,,Mulinu Becciu
11215617886,,,,Mulinu Becciu
11215617891,Strada Statale 131 dir Carlo Felice,,,Mulinu Becciu
11215617909,Strada Statale 131 dir Carlo Felice,,,Mulinu Becciu
11215617910,,,,Mulinu Becciu
11215617913,,,,Mulinu Becciu
11215617914,,,,Mulinu Becciu
11215617919,,,,Mulinu Becciu
11215617920,,,,Mulinu Becciu
11215617921,,,,Mulinu Becciu
11215617922,,,,Mulinu Becciu
11215617932,,,,Mulinu Becciu
11215617933,,,,Mulinu Becciu
11215617935,,,,Mulinu Becciu
11215617951,,,,Mulinu Becciu
11215617952,,,,Mulinu Becciu
11215617953,,,,Mulinu Becciu
11215617954,Strada Statale 554 Cagliaritana,,,Mulinu Becciu
11215617955,Strada Statale 554 Cagliaritana,,,Mulinu Becciu
11215617956,Strada Statale 554 Cagliaritana,,,Mulinu Becciu
11215617957,Strada Statale 554 Cagliaritana,,,Mulinu Becciu
11215617958,,,,Mulinu Becciu
11215617959,,,,Mulinu Becciu
11220157026,Piazza Giuseppe Garibaldi,1,,Biddanoa/Villanova
11220157028,Piazza Giuseppe Garibaldi,3,,Biddanoa/Villanova
11220157031,Piazza Giuseppe Garibaldi,,,Biddanoa/Villanova
11232503111,,,,Nuovo Borgo Sant'Elia
11232503120,Via Giovanni Manurita,,,Borgo Sant'Elia
11232503123,Via Giovanni Manurita,,,Borgo Sant'Elia
11235844627,Via Ottone Bacaredda,170c,,La Vega
11235844628,Via Ottone Bacaredda,170,,La Vega
11235844629,Via Ottone Bacaredda,170,,La Vega
11235844630,Via Giudicessa Benedetta,1,,Sant'Alenixedda
11235844631,Via San Vetrano,2,,Sant'Alenixedda
11235844632,Via San Giovanni,428,,Biddanoa/Villanova
11235844635,Via Romagna,,,Is Mirrionis
11235844636,Via Romagna,,,La Vega
11235845840,Via Ottone Bacaredda,156,,Biddanoa/Villanova
11235845842,Via Ottone Bacaredda,156,,Biddanoa/Villanova
11235845843,Via Ottone Bacaredda,,,Sant'Alenixedda
11235845846,Via del Nastro Azzurro,2,,Fonsarda
11235845847,Via Ventotto Febbraio,8,,Fonsarda
11235845848,Via Ventotto Febbraio,21,,Fonsarda
11235845850,Via Gabriello Chiabrera,,,Fonsarda
11243787778,Traversa di Viale Calamosca,,,Borgo Sant'Elia
11245254250,Via Salvatore Vidal,,,Monte Urpinu
11245254256,Via Salvatore Vidal,,,Monte Urpinu
11245254259,Viale Rafaele Pischedda,,,Monte Urpinu
11245254262,Viale Rafaele Pischedda,,,Monte Urpinu
11246239419,Vico Terzo La Plaia,,,Stampaxi/Stampace
11246239420,Via Sa Perdixedda,11,,Stampaxi/Stampace
11246239421,Vico Terzo di Viale La Plaia,20,,Stampaxi/Stampace
11246239423,Vico Terzo di Viale La Plaia,20,,Stampaxi/Stampace
11246239424,Vico Terzo di Viale La Plaia,20,,Stampaxi/Stampace
11246239426,Vico Terzo di Viale La Plaia,22,,Stampaxi/Stampace
11252928500,Via Galileo Ferraris,2,,Quartiere Europeo
11252928503,Via Blaise Pascal,5,,Quartiere Europeo
11258545228,,,,Mulinu Becciu
11258545236,,,,Mulinu Becciu
11258545237,,,,Mulinu Becciu
11277029418,Traversa di Viale Calamosca,,,Borgo Sant'Elia
11277029419,Traversa di Viale Calamosca,,,Borgo Sant'Elia
11277029421,Viale Calamosca,34,,Borgo Sant'Elia
11277029422,Viale Calamosca,34,,Borgo Sant'Elia
11277029424,Viale Calamosca,34,,Borgo Sant'Elia
11277029435,Viale Poetto,19,,Borgo Sant'Elia
11277029437,Viale Calamosca,30,,Borgo Sant'Elia
11277029439,Viale Calamosca,34,,Borgo Sant'Elia
11277029452,Viale Calamosca,34,,Borgo Sant'Elia
11277029453,Viale Poetto,15,,Borgo Sant'Elia
11277029464,Viale Poetto,15,,Borgo Sant'Elia
11277029465,Viale Poetto,17,,Borgo Sant'Elia
11277029466,Viale Calamosca,22,,Borgo Sant'Elia
11277029467,Viale Poetto,,,Borgo Sant'Elia
11277029468,Viale Poetto,17,,Borgo Sant'Elia
11277036969,Viale Poetto,,,Borgo Sant'Elia
11287016358,Piazza San Sepolcro,1,,Lapola/Marina
11288867279,Traversa di Viale Calamosca,,,Borgo Sant'Elia
11288867280,Traversa di Viale Calamosca,,,Borgo Sant'Elia
11288867281,Traversa di Viale Calamosca,,,Borgo Sant'Elia
11288867311,Via Lungo Saline,,,Poetto-Medau su Cramu
11288867312,Viale Poetto,27,,Borgo Sant'Elia
11288867314,Viale Poetto,27,,Borgo Sant'Elia
11288867315,Viale Poetto,27,,Borgo Sant'Elia
11288867316,Viale Poetto,,,Borgo Sant'Elia
11314068395,Via Lione,9,,Genneruxi
11327531144,Via Romagna,15,,La Vega
11327571894,Via Filippo Figari,,,Fonsarda
11331168281,Viale Regina Margherita,81,,Biddanoa/Villanova
11343184419,Viale Regina Margherita,54,,Lapola/Marina
11343184420,Piazza Costituzione,23,,Biddanoa/Villanova
11358365869,Corso Vittorio Emanuele Secondo,,,Stampaxi/Stampace
11358365880,Via Porto Scalas,71,,Stampaxi/Stampace
11358365893,Corso Vittorio Emanuele Secondo,143,,Stampaxi/Stampace
11358365897,Piazza Yenne,5,,Stampaxi/Stampace
11358365898,Corso Vittorio Emanuele Secondo,1a,,Stampaxi/Stampace
11358365900,Via Giovanni Maria Angioy,103,,Stampaxi/Stampace
11358365904,Via Sassari,91,,Stampaxi/Stampace
11358365906,Corso Vittorio Emanuele Secondo,1a,,Stampaxi/Stampace
11381233440,Via Lungo Saline,99,,Poetto-Medau su Cramu
11381233443,Via Lungo Saline,,,Poetto-Medau su Cramu
11381233445,Via Lungo Saline,99,,Poetto-Medau su Cramu
11382184305,Via Cimabue,2,,Mulinu Becciu
11382184306,Via Cimabue,2,,Mulinu Becciu
11382184423,Calata Fiera,,,Bonaria
11382486256,Via Sant'Eusebio,29,,Bonaria
11382486257,Via Sant'Eusebio,6,,Bonaria
11382486263,Via Iglesias,18b,,Biddanoa/Villanova
11382486264,Piazza Antonio Gramsci,27,,Biddanoa/Villanova
11382486265,Piazza Antonio Gramsci,3,,Biddanoa/Villanova
11382486267,Via Sidney Sonnino,109,,Bonaria
11382486268,Via Sidney Sonnino,109,,Bonaria
11387842815,Via Nicol? Canelles,10,,Castedd'e susu/Castello
11387842818,Piazza Palazzo,,,Castedd'e susu/Castello
11387842819,Piazza Palazzo,6,,Castedd'e susu/Castello
11387842820,Viale Regina Elena,,,Castedd'e susu/Castello
11392398985,Lungomare Francesco Cossiga,,,Nuovo Borgo Sant'Elia
11392399005,Viale Salvatore Ferrara,,,Nuovo Borgo Sant'Elia
11392399006,Viale Salvatore Ferrara,,,Nuovo Borgo Sant'Elia
11392399007,Via Amerigo Vespucci,,,Nuovo Borgo Sant'Elia
11392399008,Via Amerigo Vespucci,,,Nuovo Borgo Sant'Elia
11392399009,Via Amerigo Vespucci,,,Nuovo Borgo Sant'Elia
11392399010,Via Amerigo Vespucci,,,Nuovo Borgo Sant'Elia
11392399011,Via Amerigo Vespucci,,,Nuovo Borgo Sant'Elia
11392399012,Via Amerigo Vespucci,,,Nuovo Borgo Sant'Elia
11392399013,Viale Salvatore Ferrara,,,Nuovo Borgo Sant'Elia
11392399014,Via Amerigo Vespucci,,,Nuovo Borgo Sant'Elia
11392399015,Via Amerigo Vespucci,,,Nuovo Borgo Sant'Elia
11392399016,Viale Salvatore Ferrara,,,Nuovo Borgo Sant'Elia
11392399017,Viale Salvatore Ferrara,,,Nuovo Borgo Sant'Elia
11392399018,Via Amerigo Vespucci,,,Nuovo Borgo Sant'Elia
11392399019,Viale Salvatore Ferrara,,,Nuovo Borgo Sant'Elia
11392399020,Via Amerigo Vespucci,,,Nuovo Borgo Sant'Elia
11392399021,Via Amerigo Vespucci,,,Nuovo Borgo Sant'Elia
11392399022,Viale Salvatore Ferrara,,,Nuovo Borgo Sant'Elia
11392399023,Via Amerigo Vespucci,,,Nuovo Borgo Sant'Elia
11392399024,Via Amerigo Vespucci,,,Nuovo Borgo Sant'Elia
11392399025,Via Amerigo Vespucci,,,Nuovo Borgo Sant'Elia
11392399026,Via Amerigo Vespucci,,,Nuovo Borgo Sant'Elia
11392399027,Via Amerigo Vespucci,,,Nuovo Borgo Sant'Elia
11392399028,Via Amerigo Vespucci,,,Nuovo Borgo Sant'Elia
11392399029,Viale Salvatore Ferrara,,,Nuovo Borgo Sant'Elia
11392399030,Viale Salvatore Ferrara,,,Nuovo Borgo Sant'Elia
11392399031,Via Amerigo Vespucci,,,Nuovo Borgo Sant'Elia
11392399032,Via Amerigo Vespucci,,,Nuovo Borgo Sant'Elia
11392399033,Via Amerigo Vespucci,,,Nuovo Borgo Sant'Elia
11392399034,Via Amerigo Vespucci,,,Nuovo Borgo Sant'Elia
11392399035,Viale Salvatore Ferrara,,,Nuovo Borgo Sant'Elia
11392399036,Via Amerigo Vespucci,,,Nuovo Borgo Sant'Elia
11392399054,Viale Salvatore Ferrara,,,Nuovo Borgo Sant'Elia
11396458568,Piazza del Carmine,,,Stampaxi/Stampace
11396500469,Piazza del Carmine,,,Stampaxi/Stampace
11396500470,Piazza del Carmine,,,Stampaxi/Stampace
11396500471,Piazza del Carmine,,,Stampaxi/Stampace
11396500472,Piazza del Carmine,,,Stampaxi/Stampace
11396500473,Piazza del Carmine,,,Stampaxi/Stampace
11396500474,Piazza del Carmine,,,Stampaxi/Stampace
11396500475,Piazza del Carmine,,,Stampaxi/Stampace
11396503831,Via Giovanni Tommaso Porcell,,,Stampaxi/Stampace
11396503835,Via dei Genovesi,132,,Castedd'e susu/Castello
11396503836,Via dei Genovesi,,,Castedd'e susu/Castello
11404169066,Via Isola Tavolara,4,,Stampaxi/Stampace
11404169067,Via Isola Tavolara,4,,Stampaxi/Stampace
11404169068,Viale Trieste,11,,Stampaxi/Stampace
11429965668,Via Cristoforo Colombo,7,,Bonaria
11429972469,Via Cristoforo Colombo,7,,Bonaria
11445036744,Via Padova,12,,Bonaria
11505686894,Viale Roberto Pisano,5,Terram?ini - Is Bingias,Municipalidadi de Pirri/Municipalit? di Pirri
11505686897,Viale Roberto Pisano,5,Terram?ini - Is Bingias,Municipalidadi de Pirri/Municipalit? di Pirri
11505686900,Viale Roberto Pisano,4,Terram?ini - Is Bingias,Municipalidadi de Pirri/Municipalit? di Pirri
11505686902,Viale Roberto Pisano,4,Terram?ini - Is Bingias,Municipalidadi de Pirri/Municipalit? di Pirri
11505686905,Viale Roberto Pisano,,Terram?ini - Is Bingias,Municipalidadi de Pirri/Municipalit? di Pirri
11505686910,Via Italia,,Terram?ini - Is Bingias,Municipalidadi de Pirri/Municipalit? di Pirri
11506917479,Via Guido Cavalcanti,32,,San Benedetto
11508269436,Via Nuoro,11,,Bonaria
11508269437,Via Nuoro,,,Bonaria
11508269438,Via Nuoro,1,,Bonaria
11508269440,Viale Bonaria,,,Bonaria
11508269442,Via Nuoro,1,,Bonaria
11508269444,Viale Bonaria,,,Bonaria
11508269445,Viale Bonaria,120,,Bonaria
11508269446,Viale Bonaria,120,,Bonaria
11508269448,Viale Bonaria,,,Bonaria
11513795818,Via del Timo,,Barracca Manna,Municipalidadi de Pirri/Municipalit? di Pirri
11514003605,Strada Statale 131 dir Carlo Felice,8,,Mulinu Becciu
11514003609,Strada Statale 131 dir Carlo Felice,8,,Mulinu Becciu
11514003610,Strada Statale 131 dir Carlo Felice,8,,Mulinu Becciu
11514003619,Strada Statale 131 dir Carlo Felice,,,Mulinu Becciu
11514003658,Strada Comunale Cuccuru Biancu,,,Mulinu Becciu
11514003660,Strada Comunale Cuccuru Biancu,,,Mulinu Becciu
11514003670,,,,Mulinu Becciu
11514061702,Via Edward Jenner,,,Is Mirrionis
11514082200,Via Montecassino,53,Villa Doloretta,Municipalidadi de Pirri/Municipalit? di Pirri
11514082201,Asse Mediano di Scorrimento,,Villa Doloretta,Municipalidadi de Pirri/Municipalit? di Pirri
11514082202,Via Montecassino,49,Villa Doloretta,Municipalidadi de Pirri/Municipalit? di Pirri
11514082204,Via Montecassino,60,Villa Doloretta,Municipalidadi de Pirri/Municipalit? di Pirri
11514082205,Via Montecassino,64,Villa Doloretta,Municipalidadi de Pirri/Municipalit? di Pirri
11514082206,Via Montecassino,60,Villa Doloretta,Municipalidadi de Pirri/Municipalit? di Pirri
11515987042,Strada Statale 131 Carlo Felice,,,Mulinu Becciu
11515987048,Strada Statale 131 Carlo Felice,,,Sant'Avendrace-Santa Gilla
11515987069,Strada Statale 131 dir Carlo Felice,,,Mulinu Becciu
11515987070,Strada Statale 131 Carlo Felice,,,Mulinu Becciu
11515987075,Strada Statale 131 Carlo Felice,,,Sant'Avendrace-Santa Gilla
11515987076,Strada Statale 131 Carlo Felice,,,Sant'Avendrace-Santa Gilla
11515987079,Strada Statale 131 Carlo Felice,,,Mulinu Becciu
11515987080,Strada Statale 131 Carlo Felice,,,Mulinu Becciu
11527564843,Pista ciclabile Terramaini,,Terram?ini - Is Bingias,Municipalidadi de Pirri/Municipalit? di Pirri
11527564844,,,Terram?ini - Is Bingias,Municipalidadi de Pirri/Municipalit? di Pirri
11527564847,,,Terram?ini - Is Bingias,Municipalidadi de Pirri/Municipalit? di Pirri
11527565273,,,Terram?ini - Is Bingias,Municipalidadi de Pirri/Municipalit? di Pirri
11532139729,,,,Sant'Avendrace-Santa Gilla
11532484365,Via della Fauna,,,Poetto-Medau su Cramu
11532523970,Via della Fauna,,,Poetto-Medau su Cramu
11532523971,Via della Fauna,,,Poetto-Medau su Cramu
11532523974,Via della Fauna,3,,Poetto-Medau su Cramu
11532523987,Via della Fauna,,,Poetto-Medau su Cramu
11532523988,Via del Sale,3,,Poetto-Medau su Cramu
11532523996,Via della Fauna,,,Poetto-Medau su Cramu
11532524003,Via della Fauna,3,,Poetto-Medau su Cramu
11532524004,Via della Fauna,,,Poetto-Medau su Cramu
11532524005,Via della Fauna,,,Poetto-Medau su Cramu
11532524006,Via della Fauna,,,Poetto-Medau su Cramu
11532524007,Via della Fauna,,,Poetto-Medau su Cramu
11532524008,Via della Fauna,,,Poetto-Medau su Cramu
11532524009,Via della Fauna,,,Poetto-Medau su Cramu
11532524010,Via della Fauna,,,Poetto-Medau su Cramu
11532524011,Via della Fauna,,,Poetto-Medau su Cramu
11532524012,Via della Fauna,,,Poetto-Medau su Cramu
11532524013,Via della Fauna,,,Poetto-Medau su Cramu
11532524015,Via della Fauna,21,,Poetto-Medau su Cramu
11532524016,Via della Fauna,,,Poetto-Medau su Cramu
11532524017,Via della Fauna,,,Poetto-Medau su Cramu
11532524018,Via della Fauna,,,Poetto-Medau su Cramu
11573383949,,,,Sant'Avendrace-Santa Gilla
11573383955,,,,Sant'Avendrace-Santa Gilla
11573383958,,,,Sant'Avendrace-Santa Gilla
11573383966,,,,Sant'Avendrace-Santa Gilla
11573383972,Strada Statale 195 Sulcitana,,,Sant'Avendrace-Santa Gilla
11573383973,,,,Sant'Avendrace-Santa Gilla
11573383978,Strada Statale 195 Sulcitana,,,Sant'Avendrace-Santa Gilla
11573383983,Strada Statale 195 Sulcitana,,,Sant'Avendrace-Santa Gilla
11573383985,,,,Sant'Avendrace-Santa Gilla
11573384000,,,,Sant'Avendrace-Santa Gilla
11573384005,Strada Statale 195 Sulcitana,,,Sant'Avendrace-Santa Gilla
11573384008,Strada Statale 195 Sulcitana,,,Sant'Avendrace-Santa Gilla
11727195716,Via Marina Piccola,,,Borgo Sant'Elia
11745572862,Viale Cimitero,20,,Bonaria
11745576677,,,,Bonaria
11745576679,,,,Bonaria
11745576682,Viale Bonaria,,,Bonaria
11745576685,Viale Cimitero,,,Bonaria
11745576687,Viale Cimitero,,,Bonaria
11745576688,,,,Bonaria
11745576690,,,,Bonaria
11745576693,,,,Bonaria
11745576699,,,,Bonaria
11751675413,Via dei Falconi,,,Bonaria
11752575525,Viale Cimitero,27,,Bonaria
11755500851,Piazza Repubblica,,,Monte Urpinu
11755500854,Via Luigi Amat,,,Monte Urpinu
11755500857,Via Enrico Carboni Boi,1,,Monte Urpinu
11763762358,Via Andrea Vesalio,1,,Quartiere Europeo
11763762360,Via Andrea Vesalio,2,Monteleone - Santa Rosalia,Municipalidadi de Pirri/Municipalit? di Pirri
11763762361,Via Andrea Vesalio,2a,Monteleone - Santa Rosalia,Municipalidadi de Pirri/Municipalit? di Pirri
11763762362,Via Andrea Vesalio,,,Quartiere Europeo
11783501645,Pista ciclabile Terramaini,,Terram?ini - Is Bingias,Municipalidadi de Pirri/Municipalit? di Pirri
11783501656,,,Terram?ini - Is Bingias,Municipalidadi de Pirri/Municipalit? di Pirri
11783501658,Viale Guglielmo Marconi,236,,
11783509343,Pista ciclabile Terramaini,,Terram?ini - Is Bingias,Poetto-Medau su Cramu
11783509344,Pista ciclabile Terramaini,,Terram?ini - Is Bingias,Poetto-Medau su Cramu
11783509363,Pista ciclabile Terramaini,,Terram?ini - Is Bingias,Municipalidadi de Pirri/Municipalit? di Pirri
11791992902,Via Ubaldo Badas,,,Stampaxi/Stampace
11791992903,Largo Giuseppe Dess?,1,,Stampaxi/Stampace
11791992904,Largo Giuseppe Dess?,2,,Stampaxi/Stampace
11795154378,Via del Pozzetto,8,,Quartiere del Sole
11795154392,Via del Sole,,,Quartiere del Sole
11795154400,Via del Sole,13,,Quartiere del Sole
11795154402,Via dei Cigni,4,,Quartiere del Sole
11795154404,Via dei Cigni,3,,Quartiere del Sole
11795154415,Via dei Cigni,4,,Quartiere del Sole
11795154416,Via dei Cigni,,,Quartiere del Sole
11795154419,Via del Sole,,,Quartiere del Sole
11795154422,Via dei Cigni,,,Quartiere del Sole
11795154427,Piazza dell'Orsa Maggiore,7,,Quartiere del Sole
11795154439,Via delle Allodole,9,,Quartiere del Sole
11795154445,Via delle Rondini,17,,Quartiere del Sole
11795154451,Via delle Rondini,17,,Quartiere del Sole
11795154460,Via del Pozzetto,,,Quartiere del Sole
11795154461,Via del Pozzetto,,,Quartiere del Sole
11795188429,Via La Palma,1,,La Palma
11795188432,Via Tramontana,,,La Palma
11795188433,Via Tramontana,,,La Palma
11795188435,Via Tramontana,,,La Palma
11795188437,Via Tramontana,,,La Palma
11795188459,Via La Palma,14,,La Palma
11795188462,Via La Palma,9,,La Palma
11795218773,Via dei Salinieri,6,,Monte Mixi
11795218774,Via dei Salinieri,6,,Monte Mixi
11795218777,Via dei Salinieri,6,,Monte Mixi
11795218780,,,,Monte Mixi
11795218785,Via dei Salinieri,2,,Monte Mixi
11795218788,Via Sigmund Freud,,,Monte Mixi
11795218789,Via Sigmund Freud,,,Monte Mixi
11795218793,Via Sigmund Freud,,,Monte Mixi
11795218795,Via Sigmund Freud,,,Monte Mixi
11795218798,Via Sigmund Freud,,,Monte Mixi
11795218799,Via Sigmund Freud,2,,Monte Mixi
11795218802,Via dei Salinieri,23,,Monte Mixi
11795218807,Via Sa Perda Bianca,,,Monte Mixi
11795218808,Via dei Salinieri,23,,Monte Mixi
11795218813,Via Sa Perda Bianca,,,Monte Mixi
11795218815,Via Sa Perda Bianca,,,Monte Mixi
11795218822,Via Sa Perda Bianca,,,Monte Mixi
11795218829,Via della Pineta,,,Monte Mixi
11795218830,Via della Pineta,,,Monte Mixi
11795218834,Viale Poetto,,,Borgo Sant'Elia
11795218835,Viale Poetto,25,,Borgo Sant'Elia
11795218836,Viale Poetto,25,,Borgo Sant'Elia
11795218837,Viale Poetto,,,Borgo Sant'Elia
11795218841,Via dei Tritoni,28,,Quartiere del Sole
11795252633,Via Flavio Gioia,,,CEP
11795252634,Via Flavio Gioia,,,Quartiere Europeo
11795252693,Viale Roberto Pisano,6,Terram?ini - Is Bingias,Municipalidadi de Pirri/Municipalit? di Pirri
11795252699,Viale Roberto Pisano,9,Terram?ini - Is Bingias,Municipalidadi de Pirri/Municipalit? di Pirri
11795252706,Viale Roberto Pisano,9,Terram?ini - Is Bingias,Municipalidadi de Pirri/Municipalit? di Pirri
11795252725,Viale Roberto Pisano,,Terram?ini - Is Bingias,Municipalidadi de Pirri/Municipalit? di Pirri
11795252727,Viale Roberto Pisano,,Terram?ini - Is Bingias,Municipalidadi de Pirri/Municipalit? di Pirri
11795252728,Viale Roberto Pisano,,Terram?ini - Is Bingias,Municipalidadi de Pirri/Municipalit? di Pirri
11795252729,Viale Roberto Pisano,,Terram?ini - Is Bingias,Municipalidadi de Pirri/Municipalit? di Pirri
11795252744,Viale Roberto Pisano,,Terram?ini - Is Bingias,Municipalidadi de Pirri/Municipalit? di Pirri
11795252747,Viale Roberto Pisano,,Terram?ini - Is Bingias,Municipalidadi de Pirri/Municipalit? di Pirri
11795252748,Viale Roberto Pisano,,Terram?ini - Is Bingias,Municipalidadi de Pirri/Municipalit? di Pirri
11795252755,Viale Roberto Pisano,,Terram?ini - Is Bingias,Municipalidadi de Pirri/Municipalit? di Pirri
11795252757,Viale Roberto Pisano,9,Terram?ini - Is Bingias,Municipalidadi de Pirri/Municipalit? di Pirri
11795252762,Via Vincenzo Viviani,,Terram?ini - Is Bingias,Municipalidadi de Pirri/Municipalit? di Pirri
11795253878,Piazza dei Bersaglieri,,Terram?ini - Is Bingias,Municipalidadi de Pirri/Municipalit? di Pirri
11795253909,Via Andrea Vesalio,,Terram?ini - Is Bingias,Municipalidadi de Pirri/Municipalit? di Pirri
11795253923,Via Andrea Vesalio,20,Monteleone - Santa Rosalia,Municipalidadi de Pirri/Municipalit? di Pirri
11795260379,Via Andrea Vesalio,12,Monteleone - Santa Rosalia,Municipalidadi de Pirri/Municipalit? di Pirri
11795260380,Via Andrea Vesalio,18d,Monteleone - Santa Rosalia,Municipalidadi de Pirri/Municipalit? di Pirri
11795260382,Via Andrea Vesalio,,,Quartiere Europeo
11795260384,Via Andrea Vesalio,7,,Quartiere Europeo
11795260386,Via Andrea Vesalio,17,,Quartiere Europeo
11795260387,Via Andrea Vesalio,28,Monteleone - Santa Rosalia,Municipalidadi de Pirri/Municipalit? di Pirri
11795260388,Via Andrea Vesalio,,Terram?ini - Is Bingias,Municipalidadi de Pirri/Municipalit? di Pirri
11795260410,Via del Risorgimento,,Monteleone - Santa Rosalia,Municipalidadi de Pirri/Municipalit? di Pirri
11795260411,Via del Risorgimento,,Terram?ini - Is Bingias,Municipalidadi de Pirri/Municipalit? di Pirri
11795260419,Via Talete,,,Quartiere Europeo
11795260422,Via Flavio Gioia,,,CEP
11795260437,Via Evangelista Torricelli,4,,CEP
11795264483,Via Baldassarre Castiglione,76,,Sant'Alenixedda
11795264486,Via Baldassarre Castiglione,21,,Fonsarda
11795264487,Via Baldassarre Castiglione,21,,Fonsarda
11795264504,Via Baldassarre Castiglione,108,,Sant'Alenixedda
11795264505,Via Baldassarre Castiglione,53,,Fonsarda
11795264506,Via Baldassarre Castiglione,,,Sant'Alenixedda
11795264511,Via Baldassarre Castiglione,107,,Fonsarda
11795264512,Via Baldassarre Castiglione,107,,Fonsarda
11795264513,Via Baldassarre Castiglione,107,,Fonsarda
11795264518,Via Flavio Gioia,2a,,CEP
11795264520,Via Flavio Gioia,2a,,CEP
11795264526,Via Flavio Gioia,117,,CEP
11795264529,Via Flavio Gioia,121,,CEP
11795264531,Via Flavio Gioia,,,CEP
11795420518,Via Ghibli,7,,Quartiere del Sole
11795420520,Via Borea,,,Quartiere del Sole
11795420525,Via Borea,8,,Quartiere del Sole
11795420526,Via Ghibli,12,,Quartiere del Sole
11795420527,Via Borea,,,Quartiere del Sole
11795420536,Via della Fauna,,,Poetto-Medau su Cramu
11795420550,Via del Sale,3,,Poetto-Medau su Cramu
11795420553,Via del Sale,3,,Poetto-Medau su Cramu
11795420555,Via del Sale,3,,Poetto-Medau su Cramu
11795423197,Via Lungo Saline,,,Poetto-Medau su Cramu
11795423198,Via Lungo Saline,23,,Poetto-Medau su Cramu
11795423199,Via Lungo Saline,,,Poetto-Medau su Cramu
11795423200,Via Lungo Saline,23,,Poetto-Medau su Cramu
11802276854,Via delle Rane,44,Monteleone - Santa Rosalia,Municipalidadi de Pirri/Municipalit? di Pirri
11803456658,Via Procida,7,,Quartiere del Sole
11803456666,Viale Poetto,74,,Quartiere del Sole
11803456667,Via del Pozzetto,,,Quartiere del Sole
11803457973,Via Procida,,,Quartiere del Sole
11803457977,Via Procida,12,,Quartiere del Sole
11803457983,Via del Pozzetto,9,,Quartiere del Sole
11803457992,Viale Poetto,112,,Quartiere del Sole
11803457999,Viale Poetto,110,,Quartiere del Sole
11803458012,Via John Davison Rockefeller,,,Bonaria
11803458030,Percorso ciclopedonale Via del Sale,,,Bonaria
11803458039,,,,Bonaria
11803458042,Viale Cimitero,27,,Bonaria
11803458052,Via della Fauna,9,,Poetto-Medau su Cramu
11803458060,Via Is Arenas,2,,Poetto-Medau su Cramu
11803458073,Via Siracusa,7,,Bonaria
11803458076,Viale Armando Diaz,,,Bonaria
11803458080,Via Catania,4,,Bonaria
11803458082,Via Catania,4,,Bonaria
11803458087,Via della Pineta,172,,Monte Mixi
11803458088,Via della Pineta,172,,Monte Mixi
11803466091,Via Gerolamo Fracastoro,33,,Monte Mixi
11803466100,Via Alexander Fleming,18,,Monte Mixi
11803466101,Via Alexander Fleming,18,,Monte Mixi
11803466103,Via Alexander Fleming,18,,Monte Mixi
11803466104,Via Alexander Fleming,18,,Monte Mixi
11803466116,Via Gerolamo Fracastoro,25,,Monte Mixi
11803466117,Via Gerolamo Fracastoro,,,Monte Mixi
11803466118,Via Gerolamo Fracastoro,33,,Monte Mixi
11803466119,Via Gerolamo Fracastoro,25,,Monte Mixi
11803466123,Via Gerolamo Fracastoro,,,Monte Mixi
11803466124,Via Gerolamo Fracastoro,,,Monte Mixi
11803466128,Via Gerolamo Fracastoro,,,Monte Mixi
11803466129,Via Gerolamo Fracastoro,,,Monte Mixi
11803466138,Via Alexander Fleming,18,,Monte Mixi
11803466139,Via Gerolamo Fracastoro,,,Monte Mixi
11803466140,Via Gerolamo Fracastoro,,,Monte Mixi
11803466148,Via dell'Abbazia,,,Genneruxi
11804795975,Via Ubaldo Badas,1,,Castedd'e susu/Castello
11804795978,Largo Giuseppe Dess?,,,Castedd'e susu/Castello
11804795993,Via Ubaldo Badas,,,Castedd'e susu/Castello
11804796014,Viale Regina Elena,36a,,Castedd'e susu/Castello
11804796022,Viale Enrico Endrich,,,Biddanoa/Villanova
11804796026,Via San Saturnino,,,Biddanoa/Villanova
11804796027,Viale Enrico Endrich,,,Biddanoa/Villanova
11804796028,Via San Saturnino,54,,Biddanoa/Villanova
11804796029,Via San Saturnino,54,,Biddanoa/Villanova
11805208690,Via San Saturnino,54a,,La Vega
11805208697,Via San Saturnino,54b,,La Vega
11805208700,Viale San Vincenzo,,,La Vega
11805208701,Via San Saturnino,56,,La Vega
11805208702,Viale San Vincenzo,,,La Vega
11810274660,Piazza Giovanni Ventitreesimo,,,Sant'Alenixedda
11810274664,Via Cernaia,2,Monteleone - Santa Rosalia,Municipalidadi de Pirri/Municipalit? di Pirri
11810296248,Via Andr? Marie Ampere,,Terram?ini - Is Bingias,Municipalidadi de Pirri/Municipalit? di Pirri
11810296268,Via Andr? Marie Ampere,,Terram?ini - Is Bingias,Municipalidadi de Pirri/Municipalit? di Pirri
11810296276,Via Leandro Corona,24,Terram?ini - Is Bingias,Municipalidadi de Pirri/Municipalit? di Pirri
11810296277,Via Leandro Corona,24,Terram?ini - Is Bingias,Municipalidadi de Pirri/Municipalit? di Pirri
11811197851,Via San Giovanni,424,,Biddanoa/Villanova
11811197853,Via Giardini,,,Biddanoa/Villanova
11811197854,Via San Giovanni,424,,Biddanoa/Villanova
11818999910,Via Isola Pantelleria,12,,Quartiere del Sole
11818999914,Via Isola Pantelleria,12,,Quartiere del Sole
11818999915,Via Isola Pantelleria,12,,Quartiere del Sole
11818999916,Via Isola Gallinara,2a,,Quartiere del Sole
11818999923,Via Isola Gallinara,2c,,Quartiere del Sole
11818999924,Via Isola Gallinara,2a,,Quartiere del Sole
11818999963,Via La Palma,9,,La Palma
11818999965,Via La Palma,,,La Palma
11818999966,Via La Palma,,,La Palma
11818999967,Via La Palma,,,La Palma
11818999968,Via La Palma,,,La Palma
11819306970,Via La Palma,,,La Palma
11819306971,Via La Palma,,,La Palma
11819306972,Via La Palma,,,La Palma
11819306973,Via La Palma,,,La Palma
11819306974,Via La Palma,,,La Palma
11819306975,Via La Palma,,,La Palma
11819306976,Via La Palma,,,La Palma
11819306987,Via Sigmund Freud,1,,Monte Mixi
11819306989,Via Sigmund Freud,1,,Monte Mixi
11819306990,Via Sigmund Freud,,,Monte Mixi
11819306991,Via Sigmund Freud,1,,Monte Mixi
11819306992,Via Charles Darwin,5,,Monte Mixi
11819306993,Via Charles Darwin,,,Monte Mixi
11819306996,Via Charles Darwin,,,Monte Mixi
11819306997,Via Charles Darwin,,,Monte Mixi
11819306998,Via Charles Darwin,,,Monte Mixi
11819307000,Via Charles Darwin,,,Monte Mixi
11819307001,Via Charles Darwin,,,Monte Mixi
11819307002,Via Sa Perda Bianca,,,Monte Mixi
11819307018,Viale Poetto,202,,Poetto-Medau su Cramu
11819307019,Via Vulcano,,,Poetto-Medau su Cramu
11819307024,Via Vulcano,,,Poetto-Medau su Cramu
11819307036,Via Vulcano,,,Poetto-Medau su Cramu
11819307041,Via Vulcano,,,Poetto-Medau su Cramu
11819307042,Via Vulcano,,,Poetto-Medau su Cramu
11819307044,Via Vulcano,,,Poetto-Medau su Cramu
11819307046,Via Vulcano,,,Poetto-Medau su Cramu
11819307051,Via Vulcano,236,,Poetto-Medau su Cramu
11819307052,Via Vulcano,236,,Poetto-Medau su Cramu
11819307054,Via Vulcano,236,,Poetto-Medau su Cramu
11819307055,Via Vulcano,236,,Poetto-Medau su Cramu
11819307056,Via Vulcano,236,,Poetto-Medau su Cramu
11819307058,Via Vulcano,,,Poetto-Medau su Cramu
11819307061,Via Vulcano,,,Poetto-Medau su Cramu
11819307062,Via Vulcano,5,,Poetto-Medau su Cramu
11819307065,Via Vulcano,,,Poetto-Medau su Cramu
11819307066,Via Vulcano,,,Poetto-Medau su Cramu
11819307067,Via Vulcano,,,Poetto-Medau su Cramu
11819307068,Via Vulcano,,,Poetto-Medau su Cramu
11819307069,Via Vulcano,,,Poetto-Medau su Cramu
11819307071,Via Vulcano,,,Poetto-Medau su Cramu
11819307072,Via Vulcano,,,Poetto-Medau su Cramu
11819307073,Via Vulcano,,,Poetto-Medau su Cramu
11819307075,Via Vulcano,,,Poetto-Medau su Cramu
11819307077,Via Vulcano,,,Poetto-Medau su Cramu
11821233242,Via Enrico Carboni Boi,1,,Monte Urpinu
11821233243,Via Enrico Carboni Boi,,,Monte Urpinu
11821233246,Via Luigi Amat,4,,Monte Urpinu
11821233247,Via Enrico Carboni Boi,,,Monte Urpinu
11821233248,Via Giuseppe Palomba,,,Monte Urpinu
11821233249,Via Luigi Amat,5,,Monte Urpinu
11821233250,Via Luigi Amat,,,Monte Urpinu
11821233251,Via Giuseppe Palomba,,,Monte Urpinu
11821233252,Via Luigi Amat,,,Monte Urpinu
11821233253,Via Luigi Amat,5,,Monte Urpinu
11821233257,Via Luigi Amat,,,Monte Urpinu
11821233258,Via Pasquale Cugia,,,Monte Urpinu
11821233259,Via Pasquale Cugia,,,Monte Urpinu
11821233260,Via Enrico Carboni Boi,,,Monte Urpinu
11821233261,Via Pasquale Cugia,,,Monte Urpinu
11821233262,Via Pasquale Cugia,,,Monte Urpinu
11822489162,,,,La Palma
11822489166,Vico di Via La Palma,,,La Palma
11822489167,Vico di Via La Palma,,,La Palma
11822495270,Vico di Via La Palma,,,La Palma
11822495282,Via Ingegnere Tommaso Fiorelli,,,La Palma
11822495315,Viale Poetto,60,,Quartiere del Sole
11822495323,Via Tramontana,,,La Palma
11822495324,Via Tramontana,,,La Palma
11822495325,Via Libeccio,1,,Quartiere del Sole
11822495326,Via Grecale,2,,Quartiere del Sole
11822495327,Viale Poetto,30,,Quartiere del Sole
11822495328,Viale Poetto,34,,Quartiere del Sole
11822495329,Viale Poetto,36,,Quartiere del Sole
11822495330,Viale Poetto,42,,Quartiere del Sole
11822495331,Via S'Arrulloni,,,Quartiere del Sole
11822495332,Via S'Arrulloni,,,Quartiere del Sole
11822495333,Via S'Arrulloni,1,,Quartiere del Sole
11822495334,Viale Poetto,62,,Quartiere del Sole
11822495335,Via Procida,1,,Quartiere del Sole
11822495336,Via Isola Pantelleria,1,,Quartiere del Sole
11822495337,Via Isola Levanzo,1,,Quartiere del Sole
11822495338,Viale Poetto,110,,Quartiere del Sole
11822495339,Viale Poetto,,,Borgo Sant'Elia
11834625949,Piazza Repubblica,,,Bonaria
11834625951,Piazza Repubblica,,,Bonaria
11834625952,Piazza Repubblica,,,Bonaria
11834625953,Piazza Repubblica,,,Bonaria
11847825831,Via del Pozzetto,8,,Quartiere del Sole
11847828078,Via Favonio,,,Quartiere del Sole
11847828079,Via Favonio,,,Quartiere del Sole
11847828082,Via Scirocco,2,,Quartiere del Sole
11847828084,Via Scirocco,2,,Quartiere del Sole
11847828086,Via S'Arrulloni,,,Quartiere del Sole
11847828095,Via S'Arrulloni,,,Quartiere del Sole
11847828098,Via S'Arrulloni,,,Quartiere del Sole
11847828106,Via S'Arrulloni,27,,Quartiere del Sole
11847828108,Via Scirocco,,,Quartiere del Sole
11847828112,Via dell'Astrolabio,3,,Quartiere del Sole
11847828131,Via Scirocco,,,Quartiere del Sole
11847828136,Via Scirocco,,,Quartiere del Sole
11847828139,Via Scirocco,2,,Quartiere del Sole
11847828141,Via Scirocco,,,Quartiere del Sole
11847828148,Via Scirocco,,,Quartiere del Sole
11847828152,Via S'Arrulloni,33,,Quartiere del Sole
11865664322,Via Guzzoni degli Ancarani,1a,,San Michele
11865824304,Via Robert Koch,2,,Is Mirrionis
11865824336,Via Diego Gregorio Cadello,,,Is Mirrionis
11865824365,Via Diego Gregorio Cadello,,,Is Mirrionis
11865824367,Via Diego Gregorio Cadello,,,Is Mirrionis
11865830275,Via Monte Claro,,,Is Mirrionis
11868804442,Via Giuseppe Peretti,11,,San Michele
11868804448,Via Giuseppe Peretti,13,,San Michele
11868804449,Piazzale Alessandro Ricchi,,,
11868804451,Via Giuseppe Peretti,13,,San Michele
11868804453,Via Giuseppe Peretti,,,San Michele
11874536553,Viale Armando Diaz,,,Bonaria
11898597223,Via Il Tintoretto,,,Mulinu Becciu
11898597267,Via Cimabue,2,,Mulinu Becciu
11898597274,Via Luigi Crespellani,84,,Mulinu Becciu
11898597478,Via Cala di Volpe,2,Is Campus,Municipalidadi de Pirri/Municipalit? di Pirri
11898597708,Via delle Felci,25,Is Campus,Municipalidadi de Pirri/Municipalit? di Pirri
11898597872,,,,Mulinu Becciu
11898597895,Strada Comunale Cuccuru Biancu,,,Mulinu Becciu
11916044187,Viale Roberto Pisano,,Terram?ini - Is Bingias,Municipalidadi de Pirri/Municipalit? di Pirri
11916044196,Pista ciclabile Terramaini,,Terram?ini - Is Bingias,Municipalidadi de Pirri/Municipalit? di Pirri
11916044200,Via Gaio Giulio Cesare,,Terram?ini - Is Bingias,Municipalidadi de Pirri/Municipalit? di Pirri
11941854612,Via Dante Alighieri,129,,Sant'Alenixedda
11941854613,Via Francesco Todde,2,,Sant'Alenixedda
11941854614,Via Torquato Tasso,1,,Sant'Alenixedda
11941854615,Via Ettore Pais,2,,Sant'Alenixedda
11941854618,Via Dante Alighieri,115,,Sant'Alenixedda
11941854623,Via Nicol? Ferracciu,1,,Sant'Alenixedda
11941854625,Via Dante Alighieri,216,,Sant'Alenixedda
11941854626,Via Dante Alighieri,218,,Sant'Alenixedda
11941854627,Via Francesco Salaris,1,,Sant'Alenixedda
11941854628,Via Efisio Cao di San Marco,2,,Sant'Alenixedda
11941854631,Via Dante Alighieri,145,,Sant'Alenixedda
11941854638,Via Dante Alighieri,116,,San Benedetto
11941854639,Via Dante Alighieri,116,,San Benedetto
11941854641,Via Dante Alighieri,81,,San Benedetto
11941854647,Via Dante Alighieri,85a,,San Benedetto
11941854648,Via Tiziano,2,,San Benedetto
11941854649,Via Dante Alighieri,122,,San Benedetto
11941854650,Via Dante Alighieri,85b,,San Benedetto
11941854656,Via Dante Alighieri,85b,,San Benedetto
11941909370,Via Dante Alighieri,152,,San Benedetto
11941909371,Via Dante Alighieri,154,,Sant'Alenixedda
11941909372,Via Dante Alighieri,93a,,San Benedetto
11941909373,Via Dante Alighieri,95,,Sant'Alenixedda
11941909375,Via Francesco Cocco Ortu,2,,San Benedetto
11941909380,Via Dante Alighieri,93a,,San Benedetto
11941909383,Via Ettore Pais,2,,Sant'Alenixedda
11941909384,Via Torquato Tasso,1,,Sant'Alenixedda
11941909386,Via Ettore Pais,2,,Sant'Alenixedda
11941909388,Via Dante Alighieri,113,,Sant'Alenixedda
11941909389,Via Torquato Tasso,1,,Sant'Alenixedda
11941918553,Via Achille Grandi,7,,Fonsarda
11941918556,Via Gaetano Salvemini,2,,Fonsarda
11955634820,Via Federico Fellini,,Is Campus,Municipalidadi de Pirri/Municipalit? di Pirri
11955634822,Via delle Felci,,Is Campus,Municipalidadi de Pirri/Municipalit? di Pirri
11955634823,Via Federico Fellini,,Is Campus,Municipalidadi de Pirri/Municipalit? di Pirri
11955634824,Via delle Felci,,Is Campus,Municipalidadi de Pirri/Municipalit? di Pirri
11955634826,Via Federico Fellini,,Is Campus,Municipalidadi de Pirri/Municipalit? di Pirri
11955634827,Via Federico Fellini,,Is Campus,Municipalidadi de Pirri/Municipalit? di Pirri
11955680689,Asse Mediano di Scorrimento,,,Is Mirrionis
11955680703,Via Giuseppe Peretti,5,,San Michele
11955680704,Via Giuseppe Peretti,,,San Michele
11955680706,Via Giuseppe Peretti,5,,San Michele
11955680709,Via Giuseppe Peretti,1,,San Michele
11955680710,Via Giuseppe Peretti,,,San Michele
11955680711,Via Giuseppe Peretti,,,San Michele
11955680712,Via Giuseppe Peretti,1,,San Michele
11955680714,Via Giuseppe Peretti,,,San Michele
11955680736,Piazzale Alessandro Ricchi,2a,,
11955680739,Piazzale Alessandro Ricchi,2,,San Michele
11955680740,Piazzale Alessandro Ricchi,2,,San Michele
11955680741,Piazzale Alessandro Ricchi,2,,San Michele
11955680742,Piazzale Alessandro Ricchi,2,,San Michele
11955680744,Piazzale Alessandro Ricchi,2,,San Michele
11955680745,Piazzale Alessandro Ricchi,2,,San Michele
11955680749,Via Edward Jenner,,,San Michele
11955680750,Piazzale Alessandro Ricchi,2,,San Michele
11955680751,Piazzale Alessandro Ricchi,,,San Michele
11955680752,Piazzale Alessandro Ricchi,,,San Michele
11955680754,Via Edward Jenner,,,San Michele
11955680755,Piazzale Alessandro Ricchi,,,San Michele
11955680756,Piazzale Alessandro Ricchi,,,San Michele
11955680758,Piazzale Alessandro Ricchi,2,,San Michele
11955680759,Piazzale Alessandro Ricchi,2,,San Michele
11955680760,Piazzale Alessandro Ricchi,2,,San Michele
11955680761,Piazzale Alessandro Ricchi,2,,San Michele
11955680764,Piazzale Alessandro Ricchi,,,San Michele
11955680765,Piazzale Alessandro Ricchi,2,,San Michele
11955680767,Asse Mediano di Scorrimento,,,San Michele
11955680768,Via Edward Jenner,21,,San Michele
11955687173,Via Edward Jenner,,,San Michele
11999101899,Via del Timo,,,
12009238276,Via Piero della Francesca,,,Mulinu Becciu
12009238277,Via Piero della Francesca,,,Mulinu Becciu
12009238278,,,,Mulinu Becciu
12009238285,,,,Mulinu Becciu
12009238307,Via Piero della Francesca,,,
12009238308,Via Giuseppe Setzu,2,,Mulinu Becciu
12027917962,Via Premuda,15,,San Michele
12027917965,Via Premuda,46,,San Michele
12027917968,Via Premuda,46,,San Michele
12029777312,Via Bainsizza,39,,Tuvixeddu-Tuvumannu
12044060296,Via Logudoro,43,,Bonaria
12061039416,Strada Statale 195 Sulcitana,,,Sant'Avendrace-Santa Gilla
12077416329,Via Alberto Riva Villasanta,234,,Fonsarda
12077416330,Via Alberto Riva Villasanta,234,,Fonsarda
12077416331,Via Alberto Riva Villasanta,234,,Fonsarda
12077416341,Asse Mediano di Scorrimento,,,Fonsarda
12079937644,Viale Francesco Ciusa,56,,Fonsarda
12079937647,Via Edina Altara,,,Fonsarda
12080789214,Viale Armando Diaz,69,,Bonaria
12080789215,Viale Armando Diaz,26,,Bonaria
1212993863,Via Oslo,,,Genneruxi
12135935006,Via Efisio Cao di San Marco,2,,Sant'Alenixedda
12135935009,Piazza Papa Giovanni Ventitreesimo,16,,Fonsarda
12135935010,Piazza Papa Giovanni Ventitreesimo,17,,Fonsarda
12135935013,Via Medaglie d'Oro,2,,Fonsarda
12135935014,Via Medaglie d'Oro,1,,Fonsarda
12135935937,Viale Enrico Endrich,,,Biddanoa/Villanova
12135935940,Viale Enrico Endrich,,,Biddanoa/Villanova
12140293154,,,,Sant'Avendrace-Santa Gilla
12146326622,Viale Trieste,,,Sant'Avendrace-Santa Gilla
12146492126,Via San Paolo,,,Sant'Avendrace-Santa Gilla
12147623879,Via San Paolo,17,,Sant'Avendrace-Santa Gilla
12147623880,Via San Paolo,80,,Sant'Avendrace-Santa Gilla
12147623881,Via San Paolo,11,,Sant'Avendrace-Santa Gilla
12147623883,Viale La Plaia,,,Stampaxi/Stampace
12147623889,Via Roma,,,Stampaxi/Stampace
12147623890,Via Roma,,,Stampaxi/Stampace
12147623891,Via Roma,,,Stampaxi/Stampace
12147623892,Viale La Plaia,,,Stampaxi/Stampace
12147623893,Via Roma,,,Stampaxi/Stampace
12147623895,Viale La Plaia,,,Stampaxi/Stampace
12147623896,Viale La Plaia,,,Stampaxi/Stampace
12147623897,Viale La Plaia,,,Stampaxi/Stampace
12147636302,Via Roma,,,Stampaxi/Stampace
12147636305,Via Roma,,,Stampaxi/Stampace
12147636326,Via San Paolo,96,,Sant'Avendrace-Santa Gilla
12147636333,Via San Paolo,88,,Sant'Avendrace-Santa Gilla
12148193591,Via del Borgo Sant'Elia,1,,Nuovo Borgo Sant'Elia
12148193595,Via del Borgo Sant'Elia,,,Nuovo Borgo Sant'Elia
12148193596,Via del Borgo Sant'Elia,,,Nuovo Borgo Sant'Elia
12154200070,Via Roma,87,,Lapola/Marina
12207219304,Via Alberto Lamarmora,79,,Castedd'e susu/Castello
12207219305,Portico Vivaldi Pasqua,,,Castedd'e susu/Castello
12207219310,Piazza Palazzo,1,,Castedd'e susu/Castello
12207219311,Piazza Palazzo,3,,Castedd'e susu/Castello
12207219312,Piazza Palazzo,1,,Castedd'e susu/Castello
12207219313,Piazza Palazzo,2,,Castedd'e susu/Castello
12248947752,Via Fra Nicola Da Gesturi,,,Stampaxi/Stampace
12263494713,Via Santa Margherita,,,Stampaxi/Stampace
12263494722,Vico di Via Santa Margherita,1,,Stampaxi/Stampace
12263494726,Scalette Santa Margherita,1,,Stampaxi/Stampace
12263494731,Via Santa Margherita,43,,Stampaxi/Stampace
12263494735,Via Cammino Nuovo,,,Stampaxi/Stampace
12289848814,Via Mandrolisai,,,San Michele
12289848815,Via Mandrolisai,,,San Michele
12289866246,Via Monte Acuto,14,,Is Mirrionis
12289866247,Piazza Granatieri di Sardegna,12,,Is Mirrionis
12289866248,Piazza Granatieri di Sardegna,3c,,Is Mirrionis
12289866249,Piazza Granatieri di Sardegna,8,,Is Mirrionis
12289866251,Piazza Granatieri di Sardegna,7a,,Is Mirrionis
12289866254,Piazza Granatieri di Sardegna,5,,Is Mirrionis
12400772111,Via Monsignor Ernesto Maria Piovella,65,,Is Mirrionis
12400772121,Via Quintino Sella,,,Is Mirrionis
12400772125,Via Monsignor Ernesto Maria Piovella,26,,Is Mirrionis
12400772126,Via Monsignor Ernesto Maria Piovella,28a,,Is Mirrionis
12400772131,Via Quintino Sella,,,Is Mirrionis
12400772132,Via Argentiera,76,,Is Mirrionis
12400772133,Via Quintino Sella,75,,Is Mirrionis
12400772134,Via Quintino Sella,98,,Is Mirrionis
12400772136,Via Quintino Sella,98,,Is Mirrionis
12400772137,Via Serbariu,58,,Is Mirrionis
12400772139,Via Serbariu,58,,Is Mirrionis
12400772145,Via Monsignor Ernesto Maria Piovella,26,,Is Mirrionis
12400772146,Via Monsignor Ernesto Maria Piovella,26,,Is Mirrionis
12400772149,Via Quintino Sella,72,,Is Mirrionis
12400772150,Via Quintino Sella,72,,Is Mirrionis
12400772151,Via Quintino Sella,72,,Is Mirrionis
12400772152,Via Campo Pisano,51,,Is Mirrionis
12400772153,Via Campo Pisano,51,,Is Mirrionis
12424652945,Via Guglielmo Marconi,,Terram?ini - Is Bingias,Municipalidadi de Pirri/Municipalit? di Pirri
12424652946,Via Guglielmo Marconi,,Terram?ini - Is Bingias,Municipalidadi de Pirri/Municipalit? di Pirri
12424652961,,,Terram?ini - Is Bingias,Municipalidadi de Pirri/Municipalit? di Pirri
12424652963,Viale Guglielmo Marconi,238,,
12424652966,Pista ciclabile Terramaini,,Terram?ini - Is Bingias,Municipalidadi de Pirri/Municipalit? di Pirri
12430358985,Calata Fiera,,,Bonaria
12430358987,Viale Salvatore Ferrara,9,,Bonaria
12430715194,Via Nadia Gallico Spano,,,Sant'Avendrace-Santa Gilla
12430718920,Viale Pula,,,Sant'Avendrace-Santa Gilla
12430718962,Viale Pula,,,Sant'Avendrace-Santa Gilla
12430718969,Viale Pula,,,Sant'Avendrace-Santa Gilla
12430718972,Viale Pula,,,Sant'Avendrace-Santa Gilla
12430718987,Viale Pula,,,Sant'Avendrace-Santa Gilla
12430718992,Viale Pula,,,Sant'Avendrace-Santa Gilla
12430718993,Viale Pula,,,Sant'Avendrace-Santa Gilla
12430718994,Viale Pula,,,Sant'Avendrace-Santa Gilla
12430718997,Viale Pula,,,Sant'Avendrace-Santa Gilla
12485105626,Via Enrico Carboni Boi,4,,Monte Urpinu
12485105627,Via Giuseppe Palomba,82,,Monte Urpinu
12485105628,Via Giuseppe Palomba,41,,Monte Urpinu
12485105635,Via Giuseppe Palomba,41,,Monte Urpinu
12485105647,Vico Terzo di Via Giovanni Battista Tuveri,16,,Monte Urpinu
12485105653,Via Giovanni Battista Tuveri,76,,Monte Urpinu
12485105659,Via Giovanni Battista Tuveri,23,,Monte Urpinu
12485105660,Via Giovanni Battista Tuveri,76,,Monte Urpinu
12485105663,Via Giovanni Battista Tuveri,78,,Monte Urpinu
12485105666,Via Giovanni Battista Tuveri,84,,Monte Urpinu
12485105668,Via Giovanni Battista Tuveri,84,,Monte Urpinu
12485105673,Vico Terzo di Via Giovanni Battista Tuveri,8,,Monte Urpinu
12485105674,Via Giovanni Battista Tuveri,76,,Monte Urpinu
12485105675,Via Giovanni Battista Tuveri,84,,Monte Urpinu
12485105682,Vico Terzo di Via Giovanni Battista Tuveri,,,Monte Urpinu
12497805327,Via Giosu? Carducci,25,,San Benedetto
12497805328,Via Giosu? Carducci,25,,San Benedetto
12522995823,Asse Mediano di Scorrimento,13,Villa Doloretta,Municipalidadi de Pirri/Municipalit? di Pirri
12522995824,Asse Mediano di Scorrimento,13,Villa Doloretta,Municipalidadi de Pirri/Municipalit? di Pirri
12522995828,Asse Mediano di Scorrimento,15,Villa Doloretta,Municipalidadi de Pirri/Municipalit? di Pirri
12522995831,Asse Mediano di Scorrimento,15,Villa Doloretta,Municipalidadi de Pirri/Municipalit? di Pirri
12522995832,Asse Mediano di Scorrimento,15,Villa Doloretta,Municipalidadi de Pirri/Municipalit? di Pirri
12522995839,Asse Mediano di Scorrimento,13,Villa Doloretta,Municipalidadi de Pirri/Municipalit? di Pirri
12526261846,Asse Mediano di Scorrimento,,,Is Mirrionis
12526261862,Asse Mediano di Scorrimento,,,Is Mirrionis
12529525369,Via Antonio Spanedda,,,Genneruxi
12529525370,Via Antonio Spanedda,1,,Genneruxi
12529525371,Via Antonio Spanedda,,,Genneruxi
12529525376,,,,Genneruxi
12529525377,,,,Genneruxi
12529525380,,,,Genneruxi
12529525385,,,,Genneruxi
12529525386,Via Luca Pacioli,2,,Genneruxi
12529525387,Via Guglielmo Marconi,39,,Genneruxi
12529525388,Via Guglielmo Marconi,23,,Genneruxi
12529525391,Via Guglielmo Marconi,37,,Genneruxi
12529585111,Via Antonio Spanedda,,,Genneruxi
12529585113,Via Giuseppe Luigi Lagrange,2,,Genneruxi
12529585122,Via Antonio Spanedda,,,Genneruxi
12529585128,Via Luca Pacioli,2,,Genneruxi
12529585129,Via Luca Pacioli,,,Genneruxi
12529585144,Via Antonio Spanedda,,,Genneruxi
12529585150,Via Guglielmo Marconi,14a,,Sant'Alenixedda
12529585153,Via Luca Pacioli,,,Genneruxi
12529585154,Via Luca Pacioli,2,,Genneruxi
12529585155,Via Guglielmo Marconi,23,,Genneruxi
12529585156,Via Guglielmo Marconi,35,,Genneruxi
12529585157,Via Luca Pacioli,2,,Genneruxi
12529585158,Via Guglielmo Marconi,82,,Sant'Alenixedda
12529585159,Via Guglielmo Marconi,82,,Sant'Alenixedda
12529585160,Via Giuseppe Luigi Lagrange,,,Genneruxi
12529585161,Via Guglielmo Marconi,,,Genneruxi
12529585162,Via Guglielmo Marconi,41,,Genneruxi
12531893286,Via Lungo Saline,,,Poetto-Medau su Cramu
12531893287,Via Lungo Saline,,,Poetto-Medau su Cramu
12531893289,Via Lungo Saline,49,,Poetto-Medau su Cramu
12533950143,Asse Mediano di Scorrimento,,,Genneruxi
12533950146,Via Berlino,14,,Genneruxi
12533950147,Asse Mediano di Scorrimento,,,Genneruxi
12533950150,Asse Mediano di Scorrimento,,,Genneruxi
12533950151,Asse Mediano di Scorrimento,,,Genneruxi
12533950154,Asse Mediano di Scorrimento,,,Genneruxi
12533953086,Piazza Marsiglia,,,Genneruxi
12533953087,Piazza Marsiglia,6,,Genneruxi
12533953088,Piazza Marsiglia,,,Genneruxi
12533953089,Piazza Marsiglia,,,Genneruxi
12533953090,Piazza Marsiglia,,,Genneruxi
12533953091,Piazza Marsiglia,,,Genneruxi
12533953106,Via Zagabria,2,,Genneruxi
12533953109,Piazza Marsiglia,,,Genneruxi
12533953111,Piazza Marsiglia,6,,Genneruxi
12533953113,Piazza Marsiglia,,,Genneruxi
12533953117,Piazza Marsiglia,,,Genneruxi
12533953131,Piazza Marsiglia,1,,Genneruxi
12538819120,Asse Mediano di Scorrimento,,Villa Doloretta,Municipalidadi de Pirri/Municipalit? di Pirri
12547072362,,,,Bonaria
12547072363,,,,Bonaria
12547323523,Passeggiata di via Roma,,,Lapola/Marina
12549478474,Via dell'Anfiteatro,4,,Stampaxi/Stampace
12549478482,Via Ospedale,64,,Stampaxi/Stampace
12549478484,Via Ospedale,64,,Stampaxi/Stampace
12549478485,Via Ospedale,62,,Stampaxi/Stampace
12549584118,Via Ospedale,62,,Stampaxi/Stampace
12549584120,Via Palabanda,,,Stampaxi/Stampace
12549584123,Via Palabanda,,,Stampaxi/Stampace
12549584124,Via Palabanda,,,Stampaxi/Stampace
12549584125,Via Palabanda,,,Stampaxi/Stampace
12549584126,Via Palabanda,,,Stampaxi/Stampace
12549584136,Via Palabanda,,,Stampaxi/Stampace
12549584137,Via Ospedale,54,,Stampaxi/Stampace
12549584138,Via Ospedale,54,,Stampaxi/Stampace
12549584139,Via San Giorgio,,,Stampaxi/Stampace
12549584140,Via Cammino Nuovo,,,Stampaxi/Stampace
12549808149,Via Liguria,,,La Vega
12549808151,Via Giovanni Capula,,,Fonsarda
12549808154,Via Liguria,19,,Is Mirrionis
12549808168,Via Liguria,17,,Is Mirrionis
12549808170,Via Liguria,15,,Is Mirrionis
12549808171,Via Liguria,15,,Is Mirrionis
12549808172,Via Liguria,17,,Is Mirrionis
12549808178,Via Liguria,15,,Is Mirrionis
12549808179,Via Liguria,17,,Is Mirrionis
12549808180,Via dei Valenzani,,,Is Mirrionis
12549808181,Via Giovanni Capula,,,Fonsarda
12549808182,Via dei Valenzani,,,Is Mirrionis
12549808183,Via Liguria,15,,Is Mirrionis
12549808196,Viale Francesco Ciusa,2,,Is Mirrionis
12549808197,Viale Francesco Ciusa,4,,Is Mirrionis
12549808198,Viale Francesco Ciusa,4,,Is Mirrionis
12549820318,Via Giovanni Capula,,,Fonsarda
12549820323,Viale Francesco Ciusa,,,Is Mirrionis
12549820324,Via dei Valenzani,4a,,Is Mirrionis
12549820329,Via dei Valenzani,8,,Is Mirrionis
12549820332,Via dei Valenzani,8,,Is Mirrionis
12549820335,Via dei Valenzani,8,,Is Mirrionis
12549820339,Via dei Valenzani,4a,,Is Mirrionis
12549820340,Via dei Valenzani,8,,Is Mirrionis
12549820341,Via dei Valenzani,8,,Is Mirrionis
12549820342,Via Liguria,,,La Vega
12549820344,Via dei Valenzani,8,,Is Mirrionis
12549820345,Via dei Valenzani,,,Is Mirrionis
12549820352,Via dei Valenzani,2c,,Is Mirrionis
12549820362,Via Liguria,19,,Is Mirrionis
12549820363,Via Liguria,19,,Is Mirrionis
12549925707,Parco Monte Claro,,,Is Mirrionis
12549925708,Parco Monte Claro,,,Is Mirrionis
12549925718,Parco Monte Claro,,,Is Mirrionis
12549925726,Parco Monte Claro,,,Is Mirrionis
12549925727,Parco Monte Claro,,,Is Mirrionis
12549925746,Via dei Valenzani,,,Is Mirrionis
12549925748,Parco Monte Claro,,,Is Mirrionis
12549925753,Parco Monte Claro,,,Is Mirrionis
12549925760,Parco Monte Claro,,,Is Mirrionis
12549925761,Via dei Valenzani,,,Is Mirrionis
12549925764,Parco Monte Claro,,,Is Mirrionis
12549925767,Parco Monte Claro,,,Is Mirrionis
12549925787,Via dei Valenzani,,,Is Mirrionis
12549925788,Via dei Valenzani,,,Is Mirrionis
12549925792,Via dei Valenzani,,,Is Mirrionis
12551295505,Via Diego Gregorio Cadello,11a,,Is Mirrionis
12551295508,Via Diego Gregorio Cadello,,,Is Mirrionis
12551295513,Ponte Laghetto Monte Claro,,,Is Mirrionis
12551295514,Ponte Laghetto Monte Claro,,,Is Mirrionis
12551295531,Piazza Giuseppe Sciola,,,Is Mirrionis
12551295532,Parco Monte Claro,,,Is Mirrionis
12551295534,Piazza Giuseppe Sciola,,,Is Mirrionis
12551295535,Piazza Giuseppe Sciola,,,Is Mirrionis
12551295537,Parco Monte Claro,,,Is Mirrionis
12551295539,Via Diego Gregorio Cadello,,,Is Mirrionis
12551295584,Via Diego Gregorio Cadello,11,,Is Mirrionis
12551295588,Via Diego Gregorio Cadello,11,,Is Mirrionis
12551295589,Via Diego Gregorio Cadello,11,,Is Mirrionis
12551295597,Via Diego Gregorio Cadello,,,Is Mirrionis
12551303105,Via Diego Gregorio Cadello,11a,,Is Mirrionis
12551303110,Via Diego Gregorio Cadello,,,Is Mirrionis
12551303117,Via Diego Gregorio Cadello,,,Is Mirrionis
12551303124,Via Saverio Mattei,2,,Is Mirrionis
12551303126,Via Diego Gregorio Cadello,28,,Is Mirrionis
12551342077,Piazza Francesco De Esquivel,,,Is Mirrionis
12551342086,Via Diego Gregorio Cadello,30,,Is Mirrionis
12551342091,Via Diego Gregorio Cadello,32,,Is Mirrionis
12551342096,Via del Seminario,16b,,Is Mirrionis
12551342100,Via Diego Gregorio Cadello,30a,,Is Mirrionis
12551342103,Via del Seminario,1,,Is Mirrionis
12551342105,Via Diego Gregorio Cadello,30a,,Is Mirrionis
12553903672,Via Francesco Gemelli,4,,Monte Urpinu
12553903674,Via Francesco Gemelli,4,,Monte Urpinu
12553930512,Via Salvatore Vidal,,,Monte Urpinu
12553930515,Via Francesco Gemelli,,,Monte Urpinu
12553930516,Via Salvatore Vidal,,,Monte Urpinu
12553930518,Via Salvatore Vidal,,,Monte Urpinu
12553930520,Via Salvatore Vidal,,,Monte Urpinu
12553930522,Via Salvatore Vidal,,,Monte Urpinu
12553930524,Via Salvatore Vidal,,,Monte Urpinu
12553930529,Viale Rafaele Pischedda,,,Monte Urpinu
12553930541,Via Salvatore Vidal,,,Monte Urpinu
12553930552,Via Pietro Leo,,,Monte Urpinu
12553930559,Viale Europa,,,Monte Urpinu
12553930561,Viale Europa,,,Monte Urpinu
12553930567,Viale Europa,,,Monte Urpinu
12553930570,Viale Europa,2,,Monte Urpinu
12553994749,Via dei Conversi,114,,Genneruxi
12553994750,Viale Europa,,,Monte Urpinu
12558808282,Via Francesco Salaris,39,,Sant'Alenixedda
12558808284,Via Francesco Salaris,39,,Sant'Alenixedda
12559288354,Piazza San Domenico,2,,Biddanoa/Villanova
12559288355,Via San Domenico,,,Biddanoa/Villanova
12560050722,Via Giuseppe Mercalli,,,Genneruxi
12560050802,Asse Mediano di Scorrimento,,,Genneruxi
12560050809,Via Siviglia,1,,Genneruxi
12560050815,Via Berlino,12,,Genneruxi
12560069671,Via Magenta,,Monteleone - Santa Rosalia,Municipalidadi de Pirri/Municipalit? di Pirri
12560069672,Via Magenta,6,Monteleone - Santa Rosalia,Municipalidadi de Pirri/Municipalit? di Pirri
12560069673,Via Cernaia,2,Monteleone - Santa Rosalia,Municipalidadi de Pirri/Municipalit? di Pirri
12560069674,Via Cernaia,2,Monteleone - Santa Rosalia,Municipalidadi de Pirri/Municipalit? di Pirri
12560069677,Via Magenta,,Monteleone - Santa Rosalia,Municipalidadi de Pirri/Municipalit? di Pirri
12560069679,Via Cernaia,2,Monteleone - Santa Rosalia,Municipalidadi de Pirri/Municipalit? di Pirri
12560069680,Via Magenta,,Monteleone - Santa Rosalia,Municipalidadi de Pirri/Municipalit? di Pirri
12560069681,Via Magenta,,Monteleone - Santa Rosalia,Municipalidadi de Pirri/Municipalit? di Pirri
12560069682,Via Magenta,,Monteleone - Santa Rosalia,Municipalidadi de Pirri/Municipalit? di Pirri
12560069686,Via Magenta,,Monteleone - Santa Rosalia,Municipalidadi de Pirri/Municipalit? di Pirri
12560069687,Via Magenta,,Monteleone - Santa Rosalia,Municipalidadi de Pirri/Municipalit? di Pirri
12560069688,Via Magenta,,Monteleone - Santa Rosalia,Municipalidadi de Pirri/Municipalit? di Pirri
12560069689,Via Magenta,,Monteleone - Santa Rosalia,Municipalidadi de Pirri/Municipalit? di Pirri
12560069691,Via Magenta,10,Monteleone - Santa Rosalia,Municipalidadi de Pirri/Municipalit? di Pirri
12560069695,Via Cernaia,2,Monteleone - Santa Rosalia,Municipalidadi de Pirri/Municipalit? di Pirri
12560069700,Via Fratelli Cairoli,3,Monteleone - Santa Rosalia,Municipalidadi de Pirri/Municipalit? di Pirri
12560106802,Via Fratelli Cairoli,7,Monteleone - Santa Rosalia,Municipalidadi de Pirri/Municipalit? di Pirri
12560106816,Via San Martino della Battaglia,,Monteleone - Santa Rosalia,Municipalidadi de Pirri/Municipalit? di Pirri
12560106818,Via Cernaia,9,Monteleone - Santa Rosalia,Municipalidadi de Pirri/Municipalit? di Pirri
12560106819,Via Cernaia,5,Monteleone - Santa Rosalia,Municipalidadi de Pirri/Municipalit? di Pirri
12560106821,Via San Martino della Battaglia,23,Monteleone - Santa Rosalia,Municipalidadi de Pirri/Municipalit? di Pirri
12560106825,Via Fratelli Cairoli,5,Monteleone - Santa Rosalia,Municipalidadi de Pirri/Municipalit? di Pirri
12560106827,Piazzetta Peppino Loi,,Monteleone - Santa Rosalia,Municipalidadi de Pirri/Municipalit? di Pirri
12565051322,Viale Vittime dei bombardamenti del 1943,,,Stampaxi/Stampace
12565104416,Via Filippo Garavetti,,,Monte Urpinu
12565104419,Via Francesco Gemelli,6,,Monte Urpinu
12565104420,Via Francesco Gemelli,2,,Monte Urpinu
12565104421,Via Antonio Scano,81,,Monte Urpinu
12565104422,Via Antonio Scano,81,,Monte Urpinu
12565104426,Via Salvatore Vidal,1,,Monte Urpinu
12565104427,Via Francesco Gemelli,10,,Monte Urpinu
12565104433,Via Enrico Carboni Boi,,,Monte Urpinu
12565104453,Via Giuseppe Palomba,,,Monte Urpinu
12565104455,Via Giuseppe Palomba,60,,Monte Urpinu
12565104459,Via Giuseppe Palomba,17,,Monte Urpinu
12565104461,Via Pasquale Cugia,23,,Monte Urpinu
12565104462,Via Pasquale Cugia,4,,Monte Urpinu
12565104463,Via Enrico Carboni Boi,4,,Monte Urpinu
12565104464,Via Enrico Carboni Boi,7,,Monte Urpinu
12565104465,Via Enrico Carboni Boi,4,,Monte Urpinu
12565104466,Via Giovanni Battista Tuveri,,,Monte Urpinu
12565104467,Via Enrico Carboni Boi,,,Monte Urpinu
12565104468,Via Enrico Carboni Boi,3,,Monte Urpinu
12565104469,Via Enrico Carboni Boi,2,,Monte Urpinu
12565104470,Via Enrico Carboni Boi,7,,Monte Urpinu
12565104471,Via Giuseppe Palomba,60,,Monte Urpinu
12571303292,Via Codroipo,3,,Sant'Avendrace-Santa Gilla
12571339827,Via Montello,25,,Sant'Avendrace-Santa Gilla
12571339828,Via Asiago,20,,Sant'Avendrace-Santa Gilla
12571366011,Vico Secondo di Viale Sant'Avendrace,,,Sant'Avendrace-Santa Gilla
12571488477,,,Barracca Manna,Municipalidadi de Pirri/Municipalit? di Pirri
12592938950,Via San Saturnino,54,,Biddanoa/Villanova
12592938953,Viale Regina Elena,32,,Castedd'e susu/Castello
12595189637,Piazza Giuseppe Garibaldi,1,,Biddanoa/Villanova
12595189638,Via Bosa,15,,Biddanoa/Villanova
12595189639,Via Ventiquattro Maggio,,,Biddanoa/Villanova
12595228348,Viale Buoncammino,,,Stampaxi/Stampace
12595228351,Via Belvedere,3,,Stampaxi/Stampace
12595228359,Via Belvedere,28,,Stampaxi/Stampace
12595228367,Viale Buoncammino,,,Stampaxi/Stampace
12595228368,Viale Monsignor Luigi Giussani,,,Stampaxi/Stampace
12595228370,Viale Monsignor Luigi Giussani,,,Stampaxi/Stampace
12595228384,Viale Buoncammino,6,,Stampaxi/Stampace
12595228387,Via Aurelio Nicolodi,31,,Stampaxi/Stampace
12595228390,Viale Monsignor Luigi Giussani,,,Stampaxi/Stampace
12595228391,Via Aurelio Nicolodi,31,,Stampaxi/Stampace
12595228394,Via Aurelio Nicolodi,31,,Stampaxi/Stampace
12595228397,Via Aurelio Nicolodi,31,,Stampaxi/Stampace
12595228400,Viale Monsignor Luigi Giussani,,,Stampaxi/Stampace
12595239014,Viale Monsignor Luigi Giussani,,,Stampaxi/Stampace
12595241665,Piazza Giuseppe Garibaldi,,,Biddanoa/Villanova
12595241667,Via Bosa,15,,Biddanoa/Villanova
12595241671,Piazza Giuseppe Garibaldi,29,,Biddanoa/Villanova
12595241672,Piazza Giuseppe Garibaldi,33,,Biddanoa/Villanova
12595241673,Piazza Giuseppe Garibaldi,40,,Biddanoa/Villanova
12595241674,Via Ventiquattro Maggio,,,Biddanoa/Villanova
12598050211,Piazza Giuseppe Garibaldi,50,,Biddanoa/Villanova
12598050212,Piazza Giuseppe Garibaldi,49,,Biddanoa/Villanova
12598050213,Piazza San Domenico,1a,,Biddanoa/Villanova
12598050215,Piazza San Domenico,3,,Biddanoa/Villanova
12598050216,Piazza San Domenico,,,Biddanoa/Villanova
12598050217,Via San Domenico,4,,Biddanoa/Villanova
12598050218,Piazza San Domenico,3b,,Biddanoa/Villanova
12600444057,,,,Biddanoa/Villanova
12600444058,,,,Biddanoa/Villanova
12600444062,Vico di Via Giuseppe Garibaldi,2,,Biddanoa/Villanova
12604059173,Via Is Mirrionis,,,Tuvixeddu-Tuvumannu
12604059175,Via Is Mirrionis,72b,,Tuvixeddu-Tuvumannu
12604059176,Via Is Mirrionis,,,Tuvixeddu-Tuvumannu
12604059189,Via Is Mirrionis,,,Tuvixeddu-Tuvumannu
12604059191,Via Is Mirrionis,72b,,Tuvixeddu-Tuvumannu
12604059196,Via Is Mirrionis,72a,,Tuvixeddu-Tuvumannu
12604059197,Via Is Mirrionis,58,,Tuvixeddu-Tuvumannu
12604066802,Via Tuvumannu,2,,Tuvixeddu-Tuvumannu
12604521716,Via Priore Berengario,30,,Genneruxi
12604521732,Ruga-Via del Convento,,,Genneruxi
12604521735,Via Priore Fulco,3,,Genneruxi
12604581609,Via Is Mirrionis,7,,Is Mirrionis
12604581614,Via Is Mirrionis,7,,Is Mirrionis
12604581622,Via Is Mirrionis,7,,Is Mirrionis
12604581623,Via Is Mirrionis,7,,Is Mirrionis
12604581626,Via Is Mirrionis,7,,Is Mirrionis
12604581641,Via Is Mirrionis,7a,,Is Mirrionis
12604581643,Via Capitanata,,,Is Mirrionis
12604581644,Via Is Mirrionis,7,,Is Mirrionis
12604581645,Via Is Mirrionis,7,,Is Mirrionis
12604638043,Ruga/Via Margherita Hack,,,Genneruxi
12604638046,Ruga/Via Margherita Hack,,,Genneruxi
12604664526,Pista ciclabile Terramaini,,,Poetto-Medau su Cramu
12604664528,Pista ciclabile Terramaini,,,Poetto-Medau su Cramu
12604664550,Pista ciclabile Terramaini,,,Poetto-Medau su Cramu
12607094314,Via dei Conversi,38,,Genneruxi
12607094317,Via dei Conversi,48,,Genneruxi
12607094339,Via dei Conversi,134,,Genneruxi
12607094340,Via dei Conversi,134,,Genneruxi
12607094378,Via Is Guadazzonis,,,Monte Urpinu
12607094387,Via Sa Perda Bianca,,,Monte Mixi
12607094391,Via dell'Abbazia,,,Genneruxi
12607157104,Via Gherardo delle Notti,,,Mulinu Becciu
12607157105,Via Mario De Martis,,,Mulinu Becciu
12607157107,Via dell'Agricoltura,,,Sant'Avendrace-Santa Gilla
12607157112,Viale Monastir,235,,Mulinu Becciu
12612521360,,,,Tuvixeddu-Tuvumannu
12612562202,Via Lunigiana,,,San Michele
12626226896,Via Sassari,30,,Stampaxi/Stampace
12626226897,,,,Stampaxi/Stampace
12626226898,Via Sassari,30,,Stampaxi/Stampace
12626226899,Via Sassari,,,Stampaxi/Stampace
12626226900,,,,Stampaxi/Stampace
12626277101,,,,Stampaxi/Stampace
12626277105,Via Sassari,,,Stampaxi/Stampace
12626277106,Via Sassari,,,Stampaxi/Stampace
12626277107,,,,Stampaxi/Stampace
12626277108,,,,Stampaxi/Stampace
12626277141,,,,Stampaxi/Stampace
12636319102,Via Is Mirrionis,,,Is Mirrionis
12636319107,Via Is Mirrionis,11a,,Is Mirrionis
12636319108,Via Is Mirrionis,11a,,Is Mirrionis
12636319109,Via Is Mirrionis,,,Tuvixeddu-Tuvumannu
12636319116,Via Is Mirrionis,,,Is Mirrionis
12636319122,Via Is Mirrionis,,,Is Mirrionis
12636319126,Via Is Mirrionis,,,Is Mirrionis
12636319128,Via Is Mirrionis,,,Is Mirrionis
12636319129,Piazza d'Armi,,,Is Mirrionis
12636319132,Via Is Mirrionis,,,Is Mirrionis
12636319145,Via Calabria,2,,La Vega
12636319152,Viale San Vincenzo,23,,La Vega
12636319160,Via La Vega,,,La Vega
12636319165,Via La Vega,5,,La Vega
12636319176,Via Toscana,13,,La Vega
12636319178,Via Is Mirrionis,5,,Is Mirrionis
12636319179,Via Is Mirrionis,58,,Tuvixeddu-Tuvumannu
12636319181,Via Is Mirrionis,54,,Tuvixeddu-Tuvumannu
12636319190,Via Is Mirrionis,26,,Tuvixeddu-Tuvumannu
12636319194,Via Goito,2,,Tuvixeddu-Tuvumannu
12636319200,Via Is Mirrionis,22,,Tuvixeddu-Tuvumannu
12636319203,Via Is Mirrionis,18,,Tuvixeddu-Tuvumannu
12636319206,Piazza d'Armi,1,,Tuvixeddu-Tuvumannu
12636319209,Piazza d'Armi,2,,Tuvixeddu-Tuvumannu
12636319218,Via Goito,2,,Tuvixeddu-Tuvumannu
12636319222,Piazza d'Armi,,,Is Mirrionis
12636319234,Via Capitanata,25,,Is Mirrionis
12636319235,Via Capitanata,25,,Is Mirrionis
12639533590,Via Montenotte,2,,Tuvixeddu-Tuvumannu
12639533595,Via Is Maglias,194,,Tuvixeddu-Tuvumannu
12639533598,Via Castelfidardo,4,,Tuvixeddu-Tuvumannu
12639567715,Via Is Maglias,198,,Tuvixeddu-Tuvumannu
12639567724,Via Is Maglias,,,Tuvixeddu-Tuvumannu
12639567725,Via Is Maglias,,,Tuvixeddu-Tuvumannu
12639567726,Via Is Maglias,,,Tuvixeddu-Tuvumannu
12639567728,Via Montenotte,2,,Tuvixeddu-Tuvumannu
12639567729,Via Montenotte,2,,Tuvixeddu-Tuvumannu
12639567732,Via Montenotte,2,,Tuvixeddu-Tuvumannu
12639567733,Via Montenotte,2,,Tuvixeddu-Tuvumannu
12639567738,Via Is Maglias,200,,Tuvixeddu-Tuvumannu
12639567739,Via Is Maglias,200,,Tuvixeddu-Tuvumannu
12639567749,Via Montenotte,2,,Tuvixeddu-Tuvumannu
12639567750,Via Montenotte,2,,Tuvixeddu-Tuvumannu
12639567754,Via Montenotte,2,,Tuvixeddu-Tuvumannu
12639567755,Via Castelfidardo,4,,Tuvixeddu-Tuvumannu
12639567757,Via Castelfidardo,3a,,Tuvixeddu-Tuvumannu
12639567758,Via Castelfidardo,3a,,Tuvixeddu-Tuvumannu
12639567759,Via Castelfidardo,4,,Tuvixeddu-Tuvumannu
12639567764,Via Is Maglias,202,,Tuvixeddu-Tuvumannu
12639567770,Via Montenotte,2,,Tuvixeddu-Tuvumannu
12639567773,Via Is Maglias,204,,Tuvixeddu-Tuvumannu
12639567775,Via Is Maglias,202,,Tuvixeddu-Tuvumannu
12639567776,Via Montenotte,,,Tuvixeddu-Tuvumannu
12639567777,Via Marengo,4,,Tuvixeddu-Tuvumannu
12639567778,Via Is Maglias,206,,Tuvixeddu-Tuvumannu
12639567779,Via Marengo,2a,,Tuvixeddu-Tuvumannu
12639567783,Via Montenotte,,,Tuvixeddu-Tuvumannu
12639567784,Via Marengo,2b,,Tuvixeddu-Tuvumannu
12639567795,Via Marengo,2,,Tuvixeddu-Tuvumannu
12639567796,Via Marengo,2,,Tuvixeddu-Tuvumannu
12639567797,Viale Luigi Merello,96,,Tuvixeddu-Tuvumannu
12639567798,Via Marengo,2,,Tuvixeddu-Tuvumannu
12639567804,Via Marengo,2,,Tuvixeddu-Tuvumannu
12641784765,Piazzetta Billy Sechi,,,La Palma
12641784768,Pista Ciclopedonale Terramaini - Molentargius,,,Poetto-Medau su Cramu
12641784780,Piazzetta Billy Sechi,,,La Palma
12644019235,,,,Sant'Avendrace-Santa Gilla
12644019248,,,,Sant'Avendrace-Santa Gilla
12644019252,,,,Sant'Avendrace-Santa Gilla
12644019272,,,,Sant'Avendrace-Santa Gilla
12644019291,,,,Sant'Avendrace-Santa Gilla
12644019299,,,,Sant'Avendrace-Santa Gilla
12647719177,,,,Sant'Avendrace-Santa Gilla
12648436039,Strada Conti Vecchi,,,Sant'Avendrace-Santa Gilla
12648436250,Strada Conti Vecchi,,,Sant'Avendrace-Santa Gilla
12648436261,Strada Conti Vecchi,,,Sant'Avendrace-Santa Gilla
12655832960,Via Trentino,15,,Is Mirrionis
12655832967,Via Is Mirrionis,,,Is Mirrionis
12655832969,Via Trentino,,,Is Mirrionis
12655832970,Via Trentino,,,Is Mirrionis
12655832973,Via Trentino,,,Is Mirrionis
12655832976,Via Is Mirrionis,,,Is Mirrionis
12655832981,Via Trentino,17,,Is Mirrionis
12655848023,Via Basilicata,,,Is Mirrionis
12655848024,Piazza d'Armi,,,Is Mirrionis
12655848027,Via Basilicata,,,Is Mirrionis
12655848029,Via Basilicata,,,Is Mirrionis
12655848030,Via Trentino,21,,Is Mirrionis
12655848032,Via Basilicata,,,Is Mirrionis
12655848040,Via Basilicata,,,Is Mirrionis
12655848041,Via Basilicata,,,Is Mirrionis
12655848048,Via Trentino,21,,Is Mirrionis
12655848049,Via Basilicata,,,Is Mirrionis
12655848058,Via Basilicata,,,Is Mirrionis
12655848059,Via Trentino,17,,Is Mirrionis
12655848060,Via Basilicata,,,Is Mirrionis
12655848074,Via Is Mirrionis,,,Is Mirrionis
12655848075,Via Trentino,,,Is Mirrionis
12656761389,Viale Calamosca,,,Borgo Sant'Elia
12656782719,Via Marina Piccola,,,Borgo Sant'Elia
12673454346,Via Gavino Dessy Deliperi,,,Mulinu Becciu
12673454352,Via Gavino Dessy Deliperi,,,Mulinu Becciu
12673454354,Via Vittore Carpaccio,9,,Mulinu Becciu
12673454355,Via Beato Angelico,5,,Mulinu Becciu
12673454356,Via Beato Angelico,7,,Mulinu Becciu
12673454357,Via Beato Angelico,9,,Mulinu Becciu
12673454359,Via Vittore Carpaccio,5,,Mulinu Becciu
12673454362,Via Beato Angelico,2,,Mulinu Becciu
12673454363,Via Beato Angelico,2,,Mulinu Becciu
12673454364,Via Gavino Dessy Deliperi,,,Mulinu Becciu
12673454365,Via Gavino Dessy Deliperi,14,,Mulinu Becciu
12673454366,Via Vittore Carpaccio,11,,Mulinu Becciu
12673454367,Via Vittore Carpaccio,11,,Mulinu Becciu
12673454389,Via Giuseppe Brotzu,,,Mulinu Becciu
12673523728,Via Giuseppe Peretti,2,,
12673523749,Via Giuseppe Brotzu,,,Mulinu Becciu
12673523750,Via Giuseppe Brotzu,,,Mulinu Becciu
12673523791,Piazza delle Muse,11a,,Mulinu Becciu
12673523792,Piazza delle Muse,11a,,Mulinu Becciu
12673523797,Piazza delle Muse,8,,Mulinu Becciu
12673523799,Piazza delle Muse,6b,,Mulinu Becciu
12673523800,Piazza delle Muse,7,,Mulinu Becciu
12673523803,Piazza delle Muse,1,,Mulinu Becciu
12684727363,Sentiero nel parco di Tuvixeddu,,,Tuvixeddu-Tuvumannu
12716460057,Viale San Vincenzo,55,,La Vega
12719177096,Asse Mediano di Scorrimento,,,Bonaria
12726120358,Via Renzo Laconi,14,,Mulinu Becciu
12726120362,Via Renzo Laconi,14,,Mulinu Becciu
12726120363,Viale Umberto Ticca,4,,Mulinu Becciu
12726120368,Viale Monastir,237,,Mulinu Becciu
12726120371,Via Is Mirrionis,23,,Is Mirrionis
12726120373,Via Is Mirrionis,,,Tuvixeddu-Tuvumannu
12726120382,Piazza d'Armi,,,Is Mirrionis
12726120385,Viale Buoncammino,,,Stampaxi/Stampace
12726120386,Piazza d'Armi,,,Is Mirrionis
12726120387,Viale Buoncammino,,,Stampaxi/Stampace
12726120390,Viale Luigi Merello,101,,Stampaxi/Stampace
12726449789,Viale Monastir,196,,Sant'Avendrace-Santa Gilla
12726449792,Viale Monastir,197,,Mulinu Becciu
12726482699,Via Lunigiana,,,San Michele
12726482700,Viale Monastir,116,,Sant'Avendrace-Santa Gilla
12726512901,Viale Monastir,116,,Sant'Avendrace-Santa Gilla
12726512911,Viale Monastir,87,,San Michele
12726512913,Via Semelia,,,Sant'Avendrace-Santa Gilla
12726512914,Via Semelia,,,Sant'Avendrace-Santa Gilla
12726512915,Via Semelia,,,Sant'Avendrace-Santa Gilla
12726512916,Via Semelia,,,Sant'Avendrace-Santa Gilla
12726512917,Via Semelia,,,Sant'Avendrace-Santa Gilla
12726512918,Via Semelia,,,Sant'Avendrace-Santa Gilla
12726512923,Via Semelia,,,Sant'Avendrace-Santa Gilla
12726512924,Via Semelia,,,Sant'Avendrace-Santa Gilla
12726512925,Via Semelia,,,Sant'Avendrace-Santa Gilla
12726512926,Via Semelia,,,Sant'Avendrace-Santa Gilla
12726512927,Via Semelia,,,Sant'Avendrace-Santa Gilla
12726512928,Via Semelia,,,Sant'Avendrace-Santa Gilla
12726512929,Viale Monastir,87c,,San Michele
12726512932,Via Semelia,,,Sant'Avendrace-Santa Gilla
12726512933,Via Semelia,,,Sant'Avendrace-Santa Gilla
12726512937,Via Semelia,,,Sant'Avendrace-Santa Gilla
12726512938,Via Semelia,,,Sant'Avendrace-Santa Gilla
12726512940,Viale Monastir,85,,San Michele
12726512941,Viale Elmas,29,,Sant'Avendrace-Santa Gilla
12726512944,Via Tofane,2d,,San Michele
12726512946,Viale Monastir,65,,San Michele
12726512953,Viale Monastir,4,,Sant'Avendrace-Santa Gilla
12726512955,Viale Sant'Avendrace,351,,Sant'Avendrace-Santa Gilla
12726512956,Viale Sant'Avendrace,351,,Sant'Avendrace-Santa Gilla
12726512960,Via Col di Lana,45,,Sant'Avendrace-Santa Gilla
12726512962,Via Col di Lana,24,,Sant'Avendrace-Santa Gilla
12726512963,Via San Michele,,,Sant'Avendrace-Santa Gilla
12726512972,Viale Sant'Avendrace,,,Sant'Avendrace-Santa Gilla
12726512973,Viale Sant'Avendrace,351,,Sant'Avendrace-Santa Gilla
12726512980,Via San Michele,,,Sant'Avendrace-Santa Gilla
12726512982,Via San Michele,,,Sant'Avendrace-Santa Gilla
12726512983,Via San Michele,,,Sant'Avendrace-Santa Gilla
12726512984,Viale Monastir,,,Sant'Avendrace-Santa Gilla
12726512985,Viale Elmas,2,,Sant'Avendrace-Santa Gilla
12726512986,Via Po,,,Sant'Avendrace-Santa Gilla
12726512987,Via Po,,,Sant'Avendrace-Santa Gilla
12726513003,Viale Monastir,,,Sant'Avendrace-Santa Gilla
12726513011,Via Puglia,16,,San Michele
12726513014,Viale Monastir,138,,Sant'Avendrace-Santa Gilla
12726513018,Viale Monastir,138,,Sant'Avendrace-Santa Gilla
12726513019,Viale Monastir,136,,Sant'Avendrace-Santa Gilla
12726513023,Viale Monastir,136,,Sant'Avendrace-Santa Gilla
12726513025,Viale Monastir,150,,Sant'Avendrace-Santa Gilla
12726513027,Viale Monastir,,,Mulinu Becciu
12726513028,Viale Monastir,,,Sant'Avendrace-Santa Gilla
12726513031,Viale Monastir,170,,Sant'Avendrace-Santa Gilla
12726513037,,,,Sant'Avendrace-Santa Gilla
12728221974,Passeggiata di via Roma,,,Lapola/Marina
12728226809,Via Caprera,1,,Stampaxi/Stampace
12728226821,Viale Trieste,,,Sant'Avendrace-Santa Gilla
12728226822,Viale Trieste,,,Sant'Avendrace-Santa Gilla
12728226833,Viale Trieste,,,Sant'Avendrace-Santa Gilla
12728226834,Viale Trieste,112,,Sant'Avendrace-Santa Gilla
12728226849,Via Santa Gilla,2,,Sant'Avendrace-Santa Gilla
12728226853,Viale Sant'Avendrace,2,,Sant'Avendrace-Santa Gilla
12728226854,Viale Trento,,,Sant'Avendrace-Santa Gilla
12728226855,Viale Trento,99,,Sant'Avendrace-Santa Gilla
12728226857,Viale Trento,,,Sant'Avendrace-Santa Gilla
12728226858,Viale Sant'Avendrace,22,,Sant'Avendrace-Santa Gilla
12728379093,Via Nuoro,2,,Bonaria
12728379094,Viale Bonaria,122,,Bonaria
12728379095,Viale Bonaria,122,,Bonaria
12728379098,Viale Armando Diaz,225,,Bonaria
12728379099,Viale Poetto,,,Borgo Sant'Elia
12728379100,Viale Poetto,60,,Quartiere del Sole
12728428301,Viale Poetto,,,Borgo Sant'Elia
12728428303,Via S'Arrulloni,,,Quartiere del Sole
12728428304,Via S'Arrulloni,,,Quartiere del Sole
12728428307,Viale Poetto,,,Borgo Sant'Elia
12728428308,Viale Poetto,,,Borgo Sant'Elia
12728428309,Viale Poetto,,,Quartiere del Sole
12728428310,Viale Poetto,28,,Quartiere del Sole
12728428311,Viale Poetto,,,Borgo Sant'Elia
12728428312,Viale Poetto,28,,Quartiere del Sole
12728428313,Viale Poetto,,,Borgo Sant'Elia
12728428316,Via Tramontana,,,Borgo Sant'Elia
12728428317,Via Tramontana,,,La Palma
12728428318,Viale Poetto,,,La Palma
12728428319,Viale Poetto,5,,La Palma
12728428320,Viale Poetto,,,La Palma
12728428321,Via Tramontana,,,La Palma
12728428323,Viale Poetto,,,La Palma
12728428324,Viale Poetto,,,La Palma
12728428325,Viale Poetto,5,,La Palma
12728428326,Viale Poetto,5,,La Palma
12728428327,Viale Poetto,2,,La Palma
12728428328,Viale Poetto,,,La Palma
12728428329,Viale San Bartolomeo,,,La Palma
12728428334,Via Ingegnere Tommaso Fiorelli,,,La Palma
12728428335,Viale Campioni d'Italia 1969-70,,,La Palma
12728428336,Viale Campioni d'Italia 1969-70,,,La Palma
12728428337,Via La Palma,,,La Palma
12728428338,Via La Palma,,,La Palma
12728428346,Via dei Salinieri,7,,Monte Mixi
12728428358,Via degli Sport,1,,Monte Mixi
12728428359,Via degli Sport,,,Monte Mixi
12728428363,Viale Armando Diaz,172,,Bonaria
12728428364,Viale Armando Diaz,225,,Bonaria
12728428365,Via Messina,,,Bonaria
12728428367,Via Messina,1,,Bonaria
12728428368,Via Messina,,,Bonaria
12728428375,Viale Armando Diaz,32,,Bonaria
12728428377,Viale Armando Diaz,195,,Bonaria
12728428378,Viale Armando Diaz,,,Bonaria
12728428379,Viale Cimitero,1,,Bonaria
12728428383,Viale Armando Diaz,26,,Bonaria
12728428384,Viale Armando Diaz,81,,Bonaria
12728428392,Via Sidney Sonnino,39,,Bonaria
12728428395,Via Sidney Sonnino,,,Bonaria
12728428396,Via Sidney Sonnino,20,,Bonaria
12728428401,Viale Bonaria,19,,Bonaria
12728428402,Viale Bonaria,54,,Bonaria
12728428403,Via Sidney Sonnino,35,,Bonaria
12728428404,Via Sidney Sonnino,20,,Bonaria
12728428409,Viale Armando Diaz,49,,Bonaria
12728428410,Viale Armando Diaz,14,,Bonaria
12728428424,,,,Nuovo Borgo Sant'Elia
12728428433,Via Sebastiano Caboto,2,,Bonaria
12728428438,Via Cristoforo Colombo,,,Bonaria
12728428441,Via Cristoforo Colombo,16,,Bonaria
12728428442,Via Cristoforo Colombo,17,,Bonaria
12728428449,Molo Dogana,,,Lapola/Marina
12728428455,Passeggiata di via Roma,,,Lapola/Marina
12728459883,Via Lungo Saline,37,,Poetto-Medau su Cramu
12728459884,Via Lungo Saline,49,,Poetto-Medau su Cramu
12728459893,Via Guglielmo Marconi,147,,Genneruxi
12728459894,Via Guglielmo Marconi,147,,Genneruxi
12728459895,Via Guglielmo Marconi,165b,Terram?ini - Is Bingias,Genneruxi
12728459896,Via Guglielmo Marconi,198,Terram?ini - Is Bingias,Municipalidadi de Pirri/Municipalit? di Pirri
12728459897,Via Guglielmo Marconi,198,Terram?ini - Is Bingias,Municipalidadi de Pirri/Municipalit? di Pirri
12728459898,Via Antonio Meucci,,Terram?ini - Is Bingias,Municipalidadi de Pirri/Municipalit? di Pirri
12728459900,Via Guglielmo Marconi,165b,Terram?ini - Is Bingias,Genneruxi
12728477203,Via Guglielmo Marconi,220,Terram?ini - Is Bingias,Municipalidadi de Pirri/Municipalit? di Pirri
12728477204,Via Guglielmo Marconi,220,Terram?ini - Is Bingias,Municipalidadi de Pirri/Municipalit? di Pirri
12728477207,Via Guglielmo Marconi,205a,Terram?ini - Is Bingias,Municipalidadi de Pirri/Municipalit? di Pirri
12728477208,Via Guglielmo Marconi,205a,Terram?ini - Is Bingias,Municipalidadi de Pirri/Municipalit? di Pirri
12728477219,Via Vulcano,25,,Poetto-Medau su Cramu
12728477220,Via Lungo Saline,49,,Poetto-Medau su Cramu
12728477221,Via Ischia,5,,Poetto-Medau su Cramu
12728477233,Via Lungo Saline,,,Poetto-Medau su Cramu
12728477234,Via Lungo Saline,39,,Poetto-Medau su Cramu
12728477235,Via Lungo Saline,,,Poetto-Medau su Cramu
12728477236,Via Montecristo,8,,Poetto-Medau su Cramu
12728477240,Via Gorgona,4,,Poetto-Medau su Cramu
12728477252,Viale Poetto,,,Borgo Sant'Elia
12728477257,Viale Poetto,112,,Quartiere del Sole
12728477258,Viale Poetto,21,,Borgo Sant'Elia
12728477259,Viale Poetto,112,,Quartiere del Sole
12728477260,Viale Poetto,21,,Borgo Sant'Elia
12728477263,Viale Poetto,19,,Borgo Sant'Elia
12728477264,Viale Poetto,100a,,Quartiere del Sole
12728477265,Viale Poetto,100a,,Quartiere del Sole
12728477266,Viale Poetto,19,,Borgo Sant'Elia
12728477269,Viale Poetto,15,,Borgo Sant'Elia
12728477270,Viale Poetto,96,,Quartiere del Sole
12728477271,Viale Poetto,96,,Quartiere del Sole
12728477272,Viale Poetto,15,,Borgo Sant'Elia
12728632112,Via Giovanni Giolitti,1,,Bonaria
12728632113,Via Giovanni Giolitti,2,,Bonaria
12728632120,Via Sidney Sonnino,49,,Bonaria
12728632121,Via Sidney Sonnino,42,,Bonaria
12728632125,Via Sidney Sonnino,42,,Bonaria
12728632154,Via Sidney Sonnino,86a,,Bonaria
12728632155,Via Sidney Sonnino,83,,Bonaria
12728632157,Via Logudoro,,,Bonaria
12728632160,Via Carbonia,28,,Biddanoa/Villanova
12728632165,Via Logudoro,1,,Bonaria
12728632167,Via San Lucifero,71,,Bonaria
12728632171,Via Grazia Deledda,4,,San Benedetto
12728632173,Via Sidney Sonnino,128,,Biddanoa/Villanova
12728632174,Via Sidney Sonnino,124,,Biddanoa/Villanova
12728632179,Via Sidney Sonnino,161a,,San Benedetto
12728632180,Via Sidney Sonnino,168,,Biddanoa/Villanova
12728632195,Piazza Giuseppe Garibaldi,22,,San Benedetto
12728632196,Piazza Giuseppe Garibaldi,,,San Benedetto
12728632197,Piazza Giuseppe Garibaldi,,,San Benedetto
12728632198,Piazza Giuseppe Garibaldi,22,,San Benedetto
12728636602,Via Ottone Bacaredda,,,San Benedetto
12728636603,Via Ottone Bacaredda,2,,Biddanoa/Villanova
12728636607,Via Pasquale Paoli,17a,,San Benedetto
12728636608,Via Pasquale Paoli,17a,,San Benedetto
12728636610,Via Pasquale Paoli,22,,San Benedetto
12728636615,Via Dante Alighieri,77,,San Benedetto
12728636616,Via Dante Alighieri,77,,San Benedetto
12728636617,Via Dante Alighieri,114,,San Benedetto
12728636620,Via Pasquale Paoli,52,,San Benedetto
12728636621,Via Pasquale Paoli,95,,San Benedetto
12728636622,Via Pasquale Paoli,52,,San Benedetto
12728636634,Via San Benedetto,57,,Sant'Alenixedda
12728636636,Via San Benedetto,55,,Sant'Alenixedda
12728636639,Via Guglielmo Marconi,10,,Sant'Alenixedda
12728636642,Via Genneruxi,1a,,Sant'Alenixedda
12728636643,Via Guglielmo Marconi,10,,Sant'Alenixedda
12728636655,Via Giuseppe Mercalli,23,,Genneruxi
12728636656,Via Giuseppe Mercalli,,,Genneruxi
12728636658,Via Giuseppe Mercalli,,,Genneruxi
12728664251,Via Dante Alighieri,,,Monte Urpinu
12728664255,Via Giudice Chiano,4b,,Fonsarda
12728664257,Piazza Giovanni Ventitreesimo,,,Sant'Alenixedda
12728664258,Via dei Giudicati,,,Sant'Alenixedda
12728664261,Piazza Papa Giovanni Ventitreesimo,,,Sant'Alenixedda
12728664262,Piazza Papa Giovanni Ventitreesimo,8,,Sant'Alenixedda
12728664263,Via Don Riccardo Macchioni,,,Sant'Alenixedda
12728664266,Piazza Papa Giovanni Ventitreesimo,37;36,,Sant'Alenixedda
12728664269,Piazza Papa Giovanni Ventitreesimo,,,Sant'Alenixedda
12728664270,Piazza Papa Giovanni Ventitreesimo,,,Sant'Alenixedda
12728664283,Via Dante Alighieri,129,,Sant'Alenixedda
12728719202,Via Tiziano,2,,San Benedetto
12728719203,Via Cino da Pistoia,2,,San Benedetto
12728719207,Via Dante Alighieri,59,,San Benedetto
12728719208,Via Dante Alighieri,100b,,San Benedetto
12728719209,Via Dante Alighieri,100b,,San Benedetto
12728719210,Via Dante Alighieri,59,,San Benedetto
12728719215,Via Dante Alighieri,19a,,San Benedetto
12728719216,Via Dante Alighieri,19a,,San Benedetto
12728719217,Via Dante Alighieri,82,,San Benedetto
12728719218,Via Dante Alighieri,82,,San Benedetto
12728719225,Piazza Repubblica,,,Monte Urpinu
12728719227,Via Dante Alighieri,50,,San Benedetto
12728719230,Via Alghero,78,,San Benedetto
12728719231,Via Alghero,78,,San Benedetto
12728719233,Via Dante Alighieri,50,,San Benedetto
12728719235,Piazza Repubblica,,,Monte Urpinu
12728719237,Via Dante Alighieri,48a,,Bonaria
12728719238,Via Dante Alighieri,48a,,Bonaria
12728719239,Via Dante Alighieri,,,Bonaria
12728719242,Via Dante Alighieri,1,,Bonaria
12728719243,Via Dante Alighieri,32b,,Bonaria
12728719244,Via Dante Alighieri,32b,,Bonaria
12728719245,Via Dante Alighieri,2a,,Bonaria
12728719246,Via Dante Alighieri,,,Bonaria
12728719250,Via Dante Alighieri,1,,Bonaria
12728719251,Via Dante Alighieri,10,,Bonaria
12728719254,Via Logudoro,43,,Bonaria
12728719260,Viale Cimitero,29,,Bonaria
12728719264,Viale Bonaria,130,,Bonaria
12728719265,Viale Bonaria,41,,Bonaria
12728719268,Via Louis Pasteur,14,,Monte Mixi
12728726011,Via Giudice Guglielmo,77,,Fonsarda
12728726012,Via Giudice Guglielmo,77,,Fonsarda
12728726013,Via Giudicessa Benedetta,1,,Sant'Alenixedda
12728726016,Via Giudicessa Benedetta,,,Fonsarda
12728726027,Via Ottone Bacaredda,178b,,La Vega
12728726028,Via Ottone Bacaredda,115,,Fonsarda
12728726030,Via Giudicessa Benedetta,4,,Fonsarda
12728726031,Via Giudicessa Benedetta,6,,Fonsarda
12728726034,Via dei Giudicati,2,,Fonsarda
12728726038,Via Romagna,,,La Vega
12728726042,Via Ottone Bacaredda,115,,Fonsarda
12728731540,Via Giudice Chiano,20,,Fonsarda
12728731541,Via Giudice Chiano,20,,Fonsarda
12728731542,Via Giudice Chiano,20a,,Fonsarda
12728731546,Via Tiziano,,,San Benedetto
12728731551,Viale Francesco Ciusa,10,,Fonsarda
12728731552,Viale Francesco Ciusa,12,,Fonsarda
12728731553,Viale Francesco Ciusa,,,Fonsarda
12728731562,Via Ottone Bacaredda,85,,Sant'Alenixedda
12728731563,Via Ottone Bacaredda,85,,Sant'Alenixedda
12728731564,Via Ottone Bacaredda,122,,Biddanoa/Villanova
12728731565,Via Ottone Bacaredda,122,,Biddanoa/Villanova
12728731584,Via Tiziano,72,,San Benedetto
12728731585,Via Tiziano,82,,San Benedetto
12728731586,Piazza San Rocco,1,,Biddanoa/Villanova
12728731588,Via Ottone Bacaredda,96,,Biddanoa/Villanova
12728731589,Via Ottone Bacaredda,96,,Biddanoa/Villanova
12728731590,Via Ottone Bacaredda,80,,Biddanoa/Villanova
12728731591,Via Ottone Bacaredda,80,,Biddanoa/Villanova
12728731596,Via Ottone Bacaredda,21,,San Benedetto
12728731597,Via Tempio,44,,Biddanoa/Villanova
12728731600,Via Ottone Bacaredda,20,,Biddanoa/Villanova
12728785701,Via Ottone Bacaredda,20a,,Biddanoa/Villanova
12728785717,Via Giudice Mariano,31,,Fonsarda
12728785718,Via Giudice Mariano,28,,Fonsarda
12728785719,Via Giudice Mariano,31,,Fonsarda
12729041470,Via Is Mirrionis,150,,San Michele
12729041471,Via Is Mirrionis,201,,San Michele
12729041475,Via Trincea delle Frasche,130B,,San Michele
12729041479,Via Is Mirrionis,199b,,Is Mirrionis
12729041490,Via Is Mirrionis,133,,Is Mirrionis
12729041491,Via Is Mirrionis,92a,,Tuvixeddu-Tuvumannu
12729041492,Via Is Mirrionis,92a,,Tuvixeddu-Tuvumannu
12729041493,Via Is Mirrionis,99d,,Is Mirrionis
12729041494,Via Is Mirrionis,99c,,Is Mirrionis
12729041495,Via Is Mirrionis,99b,,Is Mirrionis
12729041497,Via Is Mirrionis,95,,Is Mirrionis
12729041498,Via Is Mirrionis,99c,,Is Mirrionis
12729041499,Via Is Mirrionis,95,,Is Mirrionis
12729057902,Via Diego Gregorio Cadello,2,,Is Mirrionis
12729057903,Via Campania,26,,Is Mirrionis
12729057904,Via Campania,6,,Is Mirrionis
12729057905,Via Saverio Mattei,,,Is Mirrionis
12729057906,Via Campania,4a,,Is Mirrionis
12729057908,Via Liguria,86,,La Vega
12729057910,Via Liguria,19,,Is Mirrionis
12729057911,Via Liguria,,,Is Mirrionis
12729057912,Via Liguria,68a,,La Vega
12729057916,Via Liguria,46,,La Vega
12729057922,Via Piemonte,6c,,La Vega
12729057923,Via Lomellina,2,,La Vega
12729057924,Via La Vega,22,,La Vega
12729057927,Piazza John Fitzgerald Kennedy,,,La Vega
12729057930,Piazza John Fitzgerald Kennedy,,,La Vega
12729057931,Piazza John Fitzgerald Kennedy,3,,La Vega
12729057937,Via Liguria,2,,La Vega
12729057939,Via Liguria,12b,,La Vega
12729291230,Piazza Italia,11,San Giuseppe - Santa Teresa - Parteolla,Municipalidadi de Pirri/Municipalit? di Pirri
12729291272,Via Platone,5,Monreale,Municipalidadi de Pirri/Municipalit? di Pirri
12729291273,Via Socrate,21,San Giuseppe - Santa Teresa - Parteolla,Municipalidadi de Pirri/Municipalit? di Pirri
12729291274,Via Socrate,,San Giuseppe - Santa Teresa - Parteolla,Municipalidadi de Pirri/Municipalit? di Pirri
12729291275,Via Socrate,,San Giuseppe - Santa Teresa - Parteolla,Municipalidadi de Pirri/Municipalit? di Pirri
12729291292,Via Alfonso Ligas,13,,San Michele
12729291293,Via Alfonso Ligas,13,,San Michele
12729291605,Via Gherardo delle Notti,2,,Mulinu Becciu
12729291607,Via Gherardo delle Notti,5,,Mulinu Becciu
12729291609,Via Giuseppe Brotzu,,,Mulinu Becciu
12729291610,Via Giuseppe Brotzu,,,Mulinu Becciu
12729291611,Via Giuseppe Brotzu,,,Mulinu Becciu
12729291615,Via Giuseppe Brotzu,,,Mulinu Becciu
12729291616,Via Giuseppe Brotzu,,,Mulinu Becciu
12729291624,Via Piero della Francesca,14,,Mulinu Becciu
12729291631,Via Cornalias,146,,San Michele
12729291632,Via Cornalias,113,,Mulinu Becciu
12729291633,Via Cornalias,,,Mulinu Becciu
12729291634,Via Cornalias,,,San Michele
12729291635,Via Aldo Marongiu,,,San Michele
12729291636,Via Aldo Marongiu,,,San Michele
12729291638,Via Aldo Marongiu,20,,San Michele
12729291644,Via Aldo Marongiu,2,,San Michele
12729291660,Traversa di Via Abruzzi,18,,San Michele
12730458382,Via Robert Koch,2,,Is Mirrionis
12730458385,Via Edward Jenner,2,,Is Mirrionis
12730458390,Via Monte Claro,,,Is Mirrionis
12730458394,Via dei Carroz,2,,Fonsarda
12730458395,Via dei Carroz,2,,Fonsarda
12730458396,Via dei Carroz,,,Fonsarda
12730458399,Via dei Carroz,2,,Fonsarda
12730466806,Via dei Grilli,,Monteleone - Santa Rosalia,Municipalidadi de Pirri/Municipalit? di Pirri
12730466809,Via Calamattia,2,,Fonsarda
12730466810,Via dei Carroz,,,Fonsarda
12730466811,Via Calamattia,,,Fonsarda
12730466812,Via dei Carroz,,,Fonsarda
12730466813,Via Calamattia,,,Fonsarda
12730466817,Via dei Carroz,,,Fonsarda
12730466821,Via Calamattia,,,Fonsarda
12730466822,Via Alberto Riva Villasanta,,,Fonsarda
12730466834,Via Francesco Cillocco,,Monteleone - Santa Rosalia,Municipalidadi de Pirri/Municipalit? di Pirri
12730466835,Via dei Giunchi,,Monteleone - Santa Rosalia,Municipalidadi de Pirri/Municipalit? di Pirri
12730466847,Via Alberto Riva Villasanta,111,Monteleone - Santa Rosalia,Municipalidadi de Pirri/Municipalit? di Pirri
12730466848,Via Alberto Riva Villasanta,121,Monteleone - Santa Rosalia,Municipalidadi de Pirri/Municipalit? di Pirri
12730466849,Via Alberto Riva Villasanta,118,Monteleone - Santa Rosalia,Municipalidadi de Pirri/Municipalit? di Pirri
12730466850,Via Alberto Riva Villasanta,100a,Monteleone - Santa Rosalia,Municipalidadi de Pirri/Municipalit? di Pirri
12730466873,Vico Secondo di Via Alberto Riva Villasanta,3,Monteleone - Santa Rosalia,Municipalidadi de Pirri/Municipalit? di Pirri
12730466878,Via Alberto Riva Villasanta,111,Monteleone - Santa Rosalia,Municipalidadi de Pirri/Municipalit? di Pirri
12730466881,Via Alberto Riva Villasanta,121,Monteleone - Santa Rosalia,Municipalidadi de Pirri/Municipalit? di Pirri
12730527646,Vico Terzo di Via Sant'Efisio,10,,Stampaxi/Stampace
12730527651,Via Santa Margherita,,,Stampaxi/Stampace
12730527652,Via Domenico Alberto Azuni,1,,Stampaxi/Stampace
12730527653,Via Santa Margherita,6,,Stampaxi/Stampace
12730527655,Piazza Yenne,7,,Stampaxi/Stampace
12730527656,Via Santa Margherita,1,,Stampaxi/Stampace
12730527662,Via Sant'Ignazio da Laconi,66,,Stampaxi/Stampace
12730527663,Via Don Giovanni Bosco,1,,Stampaxi/Stampace
12730527666,Via San Giovanni Bosco,,,Stampaxi/Stampace
12730527683,Via Sant'Ignazio da Laconi,17,,Stampaxi/Stampace
12730527686,Via Sant'Ignazio da Laconi,,,Stampaxi/Stampace
12730527687,Via Aurelio Nicolodi,,,Stampaxi/Stampace
12730527688,Via Fra Nicola Da Gesturi,,,Stampaxi/Stampace
12730527689,Via Fra Nicola Da Gesturi,,,Stampaxi/Stampace
12730527692,Via Aurelio Nicolodi,100,,Stampaxi/Stampace
12730527695,Via Santi Lorenzo e Pancrazio,,,Stampaxi/Stampace
12730527700,Viale Buoncammino,19,,Stampaxi/Stampace
12730528401,Viale Buoncammino,,,Stampaxi/Stampace
12730528403,Viale Buoncammino,14,,Stampaxi/Stampace
12730528405,Viale Monsignor Luigi Giussani,,,Stampaxi/Stampace
12730528406,Viale Buoncammino,,,Stampaxi/Stampace
12730528407,Viale Monsignor Luigi Giussani,,,Stampaxi/Stampace
12730528418,Viale Buoncammino,8,,Stampaxi/Stampace
12730599911,Via Ubaldo Badas,,,Castedd'e susu/Castello
12730599912,Via Ubaldo Badas,,,Stampaxi/Stampace
12730599913,Via Roma,,,Lapola/Marina
12730599919,Viale Regina Margherita,22,,Lapola/Marina
12730599921,Viale Regina Margherita,44,,Lapola/Marina
12730599922,Viale Regina Margherita,46,,Lapola/Marina
12730599925,Viale Regina Margherita,81,,Biddanoa/Villanova
12730599929,Viale Regina Margherita,35,,Bonaria
12730599931,Via dei Pisani,1,,Lapola/Marina
12730599932,Viale Regina Margherita,45,,Bonaria
12730599933,Piazza Regina Margherita,1,,Bonaria
12730599936,Via San Salvatore da Horta,1,,Lapola/Marina
12730599950,Viale Enrico Endrich,,,Biddanoa/Villanova
12730599951,Viale Regina Elena,10,,Castedd'e susu/Castello
12730599957,Viale Regina Elena,,,Castedd'e susu/Castello
12730599959,Viale Enrico Endrich,,,Biddanoa/Villanova
12730599966,Viale Buoncammino,3a,,Stampaxi/Stampace
12730599967,Viale Buoncammino,9,,Stampaxi/Stampace
12730599969,Viale Buoncammino,7,,Stampaxi/Stampace
12730599970,Viale Buoncammino,5,,Stampaxi/Stampace
12730599972,Viale Buoncammino,6,,Stampaxi/Stampace
12730599974,Via Ospedale,56,,Stampaxi/Stampace
12730599976,Via Cammino Nuovo,,,Stampaxi/Stampace
12730599980,Largo Carlo Felice di Savoia,13b,,Lapola/Marina
12730599982,Via del Mercato Vecchio,1,,Lapola/Marina
12730599984,Via Sardegna,2,,Lapola/Marina
12730599987,Via Goffredo Mameli,,,Stampaxi/Stampace
12730599988,Vico di Largo Carlo Felice di Savoia,1,,Stampaxi/Stampace
12730639819,Via Ottone Bacaredda,91,,Sant'Alenixedda
12730639828,Via San Giovanni,428,,Biddanoa/Villanova
12730639829,Via Giudicessa Benedetta,1,,Sant'Alenixedda
12730639839,Via Giardini,222a,,La Vega
12730639846,Via Canavese,9,,La Vega
12730639851,Via La Vega,22,,La Vega
12730639854,Via Canavese,,,La Vega
12730639857,Via Piemonte,12a,,La Vega
12730639865,Via Canavese,1,,La Vega
12730639867,Via Calabria,14,,La Vega
12730639869,Via Piemonte,12a,,La Vega
12730639870,Via Toscana,82,,La Vega
12730639871,Via Toscana,6,,La Vega
12730639874,Viale San Vincenzo,20,,Stampaxi/Stampace
12730639875,Viale San Vincenzo,37,,La Vega
12730724773,Piazza Michelangelo,2,,Sant'Alenixedda
12730724774,Via Giovanni Pascoli,53,,Sant'Alenixedda
12730724775,Via Guido Reni,2,,Sant'Alenixedda
12730724776,Via Torquato Tasso,39,,Sant'Alenixedda
12730724791,Piazza Michelangelo,,,Sant'Alenixedda
12730724792,Piazza Michelangelo,34,,Sant'Alenixedda
12730724800,Via Emilia,3,,San Michele
12730738408,Via Premuda,1,,San Michele
12730738409,Via Abruzzi,,,San Michele
12730738417,Via Monte Sabotino,55,,Is Mirrionis
12730738418,Via Trincea dei Razzi,2a,,Is Mirrionis
12730738433,Via Is Maglias,124,,Tuvixeddu-Tuvumannu
12730738438,Via Riccardo Bacchelli,20a,,Tuvixeddu-Tuvumannu
12730738439,Via Is Maglias,,,Tuvixeddu-Tuvumannu
12730738440,Via Is Maglias,132,,Tuvixeddu-Tuvumannu
12730738443,Via Is Maglias,158,,Tuvixeddu-Tuvumannu
12730738463,Viale Trento,63,,Sant'Avendrace-Santa Gilla
12730738493,Via Maddalena,64,,Stampaxi/Stampace
12730738494,Via Goffredo Mameli,59a,,Stampaxi/Stampace
12730738504,Via Pola,1,,Sant'Avendrace-Santa Gilla
12730738506,Piazza dell'Annunziata,1,,Sant'Avendrace-Santa Gilla
12730738508,Piazza dell'Annunziata,22,,Sant'Avendrace-Santa Gilla
12730795928,Vico Terzo di Via Sant'Eusebio,8,,Bonaria
12730825888,Via Quirra,,Is Campus,Municipalidadi de Pirri/Municipalit? di Pirri
12730828723,Via Luigi Pirandello,,San Giuseppe - Santa Teresa - Parteolla,Municipalidadi de Pirri/Municipalit? di Pirri
12730828724,Via delle Ginestre,,San Giuseppe - Santa Teresa - Parteolla,Municipalidadi de Pirri/Municipalit? di Pirri
12730828725,Via delle Ginestre,1,San Giuseppe - Santa Teresa - Parteolla,Municipalidadi de Pirri/Municipalit? di Pirri
12730828733,Via Enrico Toti,202,San Giuseppe - Santa Teresa - Parteolla,Municipalidadi de Pirri/Municipalit? di Pirri
12730828736,Via Enrico Toti,200,San Giuseppe - Santa Teresa - Parteolla,Municipalidadi de Pirri/Municipalit? di Pirri
12731322738,,,Terram?ini - Is Bingias,Municipalidadi de Pirri/Municipalit? di Pirri
12731322759,Via Salvo D'Acquisto,1,Terram?ini - Is Bingias,Municipalidadi de Pirri/Municipalit? di Pirri
12731475214,Via Enrico Pessina,7a,,Bonaria
12731475217,Via Enrico Gianturco,2,,Bonaria
12731475218,Via Enrico Gianturco,1,,Bonaria
12731475219,Via Enrico Pessina,7,,Bonaria
12731475220,Via Enrico Gianturco,4,,Bonaria
12731475228,Via Antonio Scano,15,,Monte Urpinu
12731475229,Via Antonio Scano,6,,Monte Urpinu
12731475230,Via Antonio Scano,23,,Monte Urpinu
12731475231,Via Antonio Scano,10,,Monte Urpinu
12731475242,Via Antonio Scano,59,,Monte Urpinu
12731475243,Via Antonio Scano,20,,Monte Urpinu
12731475246,Via Pasquale Cugia,48,,Monte Urpinu
12731475247,Via Pasquale Cugia,55,,Monte Urpinu
12731475248,Via Antonio Scano,,,Monte Urpinu
12731475249,Via Antonio Scano,22,,Monte Urpinu
12731475250,Via Antonio Scano,81,,Monte Urpinu
12731475251,Via Antonio Scano,52,,Monte Urpinu
12731475253,Via Enrico Carboni Boi,19,,Monte Urpinu
12731475254,Via Enrico Carboni Boi,20,,Monte Urpinu
12731475257,Via Antonio Scano,81,,Monte Urpinu
12731475258,Via Antonio Scano,54,,Monte Urpinu
12731475259,Via Antonio Scano,87a,,Monte Urpinu
12731475260,Via Antonio Scano,72,,Monte Urpinu
12731475264,Via Antonio Scano,97,,Monte Urpinu
12731475265,Via Antonio Scano,102,,Monte Urpinu
12731475267,Largu/Largo Patrizio Gennari,,,Monte Urpinu
12731475268,Largu/Largo Patrizio Gennari,,,Genneruxi
12731475269,Via dei Conversi,1,,Monte Urpinu
12731475270,Via dei Conversi,1,,Monte Urpinu
12731475272,Via dei Conversi,,,Monte Urpinu
12731475273,Via Antonio Scano,105,,Monte Urpinu
12731475276,Via Pierluigi da Palestrina,8,,Monte Urpinu
12731475287,Via Giovanni Battista Tuveri,32,,Monte Urpinu
12731475290,Via Giovanni Battista Tuveri,38,,Monte Urpinu
12731475294,Via Giovanni Capula,3c,,Fonsarda
12731491601,Piazza Giudicessa Elena,6,,Fonsarda
12731491602,Via Medaglie d'Oro,4,,Fonsarda
12731491615,Via Evangelista Torricelli,3,Monteleone - Santa Rosalia,Municipalidadi de Pirri/Municipalit? di Pirri
12731491616,Via Evangelista Torricelli,2,,CEP
12731491623,Via Andrea Vesalio,1,,Quartiere Europeo
12731491624,Via Andrea Vesalio,4,Monteleone - Santa Rosalia,Municipalidadi de Pirri/Municipalit? di Pirri
12731491625,Via Andrea Vesalio,,,Quartiere Europeo
12731491626,Via Andrea Vesalio,4,Monteleone - Santa Rosalia,Municipalidadi de Pirri/Municipalit? di Pirri
12731491645,Via Cesare Pintus,4,Terram?ini - Is Bingias,Municipalidadi de Pirri/Municipalit? di Pirri
12731491646,Via Andrea Vesalio,,Terram?ini - Is Bingias,Municipalidadi de Pirri/Municipalit? di Pirri
12731491647,Via Andrea Vesalio,,Terram?ini - Is Bingias,Municipalidadi de Pirri/Municipalit? di Pirri
12731491653,Via Andrea Vesalio,,Terram?ini - Is Bingias,Municipalidadi de Pirri/Municipalit? di Pirri
12731491654,Via Andrea Vesalio,,Terram?ini - Is Bingias,Municipalidadi de Pirri/Municipalit? di Pirri
12731491656,Via Cesare Pintus,,Terram?ini - Is Bingias,Municipalidadi de Pirri/Municipalit? di Pirri
12731491658,Via Cesare Pintus,14,Terram?ini - Is Bingias,Municipalidadi de Pirri/Municipalit? di Pirri
12731491659,Via Cesare Pintus,14,Terram?ini - Is Bingias,Municipalidadi de Pirri/Municipalit? di Pirri
12731491660,Via Cesare Pintus,20,Terram?ini - Is Bingias,Municipalidadi de Pirri/Municipalit? di Pirri
12731491664,Via Cesare Pintus,4,Terram?ini - Is Bingias,Municipalidadi de Pirri/Municipalit? di Pirri
12731491668,Via Cesare Pintus,,Terram?ini - Is Bingias,Municipalidadi de Pirri/Municipalit? di Pirri
12731491706,Via Dolianova,35,Terram?ini - Is Bingias,Municipalidadi de Pirri/Municipalit? di Pirri
12731491720,Viale Roberto Pisano,,Terram?ini - Is Bingias,Municipalidadi de Pirri/Municipalit? di Pirri
12731491721,Viale Roberto Pisano,,Terram?ini - Is Bingias,Municipalidadi de Pirri/Municipalit? di Pirri
12731491722,Viale Roberto Pisano,,Terram?ini - Is Bingias,Municipalidadi de Pirri/Municipalit? di Pirri
12731719273,Strada Statale 195 var Sulcitana,,,Sant'Avendrace-Santa Gilla
12731728827,Strada Statale 195 var Sulcitana,,,Sant'Avendrace-Santa Gilla
12731728965,,,,Sant'Avendrace-Santa Gilla
12731729039,Strada Conti Vecchi,,,Sant'Avendrace-Santa Gilla
12731729040,Strada Conti Vecchi,,,Sant'Avendrace-Santa Gilla
12731729041,Strada Conti Vecchi,,,Sant'Avendrace-Santa Gilla
12731780257,Strada Statale 195 var Sulcitana,,,Sant'Avendrace-Santa Gilla
12732464850,Via dei Passeri,1,,Monte Mixi
12732464853,Via della Pineta,211,,Bonaria
12732464870,Via Enrico Pessina,36,,Monte Urpinu
12732464871,Via Enrico Pessina,36,,Monte Urpinu
12732464875,Via Filippo Vivanet,1,,Bonaria
12732464876,Via Filippo Vivanet,2,,Bonaria
12732540039,Via Guglielmo Marconi,3,,Genneruxi
12732540044,Via Marcello Malpighi,2,,Monte Mixi
12732540066,Via Berlino,2,,Genneruxi
12732540071,Via dell'Abbazia,35,,Genneruxi
12732540072,Via dell'Abbazia,35,,Genneruxi
12732540078,Via Genneruxi,2,,Genneruxi
12732540079,Via Guglielmo Marconi,2,,Sant'Alenixedda
12732540080,Via Genneruxi,2,,Genneruxi
12732540081,Via Genneruxi,1a,,Sant'Alenixedda
12732540082,Via Genneruxi,2,,Genneruxi
12732693502,Via dei Conversi,,,Genneruxi
12732693504,Largu/Largo Patrizio Gennari,1,,Genneruxi
12732693511,Via Luigi Amat,9,,Monte Urpinu
12732693512,Via Luigi Amat,,,Monte Urpinu
12732693514,Via dei Conversi,1,,Monte Urpinu
12732693515,Via dei Conversi,1,,Monte Urpinu
12732693516,Via dei Conversi,7,,Monte Urpinu
12732693519,Via dei Conversi,32,,Genneruxi
12732693520,Via dei Conversi,32,,Genneruxi
12732693521,Via dei Conversi,32,,Genneruxi
12732693529,Via dei Conversi,114,,Genneruxi
12732693530,Via dei Conversi,70,,Genneruxi
12732693531,Via dei Conversi,70,,Genneruxi
12732693532,Via dei Conversi,82,,Genneruxi
12732693533,Via dei Conversi,82,,Genneruxi
12732693544,Via Carlo Forlanini,,,Monte Mixi
12732693557,Via Louis Pasteur,5,,Monte Mixi
12732693559,Via Pietro e Maria Curie,52,,Monte Mixi
12732693574,Via Generale Stefano Cagna,31,,Monte Mixi
12732693596,Via dei Salinieri,7,,Monte Mixi
12732693598,Via dei Salinieri,16,,Monte Mixi
12732693603,Via dei Salinieri,14,,Monte Mixi
12732693605,Via Amerigo Vespucci,,,Nuovo Borgo Sant'Elia
12732693608,Viale Campioni d'Italia 1969-70,,,Monte Mixi
12732737438,Via Mario Sironi,,San Giuseppe - Santa Teresa - Parteolla,Municipalidadi de Pirri/Municipalit? di Pirri
12732737439,Via Mario Sironi,,San Giuseppe - Santa Teresa - Parteolla,Municipalidadi de Pirri/Municipalit? di Pirri
12732737453,Via Evangelista Torricelli,23,Monteleone - Santa Rosalia,Fonsarda
12736157378,Via Is Guadazzonis,4,,Monte Urpinu
12736157379,Via Is Guadazzonis,2,,Monte Urpinu
12736157380,Via Is Guadazzonis,2,,Monte Urpinu
12736157381,Via Is Guadazzonis,2,,Monte Urpinu
12736157384,Via Is Guadazzonis,4,,Monte Urpinu
12736157385,Via Is Guadazzonis,2,,Monte Urpinu
12736157388,Via Is Guadazzonis,2,,Monte Urpinu
12739395154,Via Molo Sant'Agostino,,,Stampaxi/Stampace
12757736010,Via Cesare Pintus,18,Terram?ini - Is Bingias,Municipalidadi de Pirri/Municipalit? di Pirri
12757736011,,,Terram?ini - Is Bingias,Municipalidadi de Pirri/Municipalit? di Pirri
12757736012,,,Terram?ini - Is Bingias,Municipalidadi de Pirri/Municipalit? di Pirri
12757736014,Via Cesare Pintus,16,Terram?ini - Is Bingias,Municipalidadi de Pirri/Municipalit? di Pirri
12757736015,Via Cesare Pintus,16,Terram?ini - Is Bingias,Municipalidadi de Pirri/Municipalit? di Pirri
12757736053,Via del Risorgimento,,Terram?ini - Is Bingias,Municipalidadi de Pirri/Municipalit? di Pirri
12757736059,Via del Risorgimento,,Monteleone - Santa Rosalia,Municipalidadi de Pirri/Municipalit? di Pirri
12757736060,Via del Risorgimento,,Monteleone - Santa Rosalia,Municipalidadi de Pirri/Municipalit? di Pirri
12768380980,Via delle Ginestre,46d,San Giuseppe - Santa Teresa - Parteolla,Municipalidadi de Pirri/Municipalit? di Pirri
12768401618,Via Cala Regina,31,Is Campus,Municipalidadi de Pirri/Municipalit? di Pirri
12768401679,Via Dario Alfani,,Is Campus,Municipalidadi de Pirri/Municipalit? di Pirri
12768401715,Via delle Ortensie,19,Is Campus,Municipalidadi de Pirri/Municipalit? di Pirri
12768401722,Via delle Ortensie,27,Is Campus,Municipalidadi de Pirri/Municipalit? di Pirri
12768401725,Via delle Ortensie,27,Is Campus,Municipalidadi de Pirri/Municipalit? di Pirri
12768401728,Via delle Ortensie,2,Barracca Manna,Municipalidadi de Pirri/Municipalit? di Pirri
12768401729,Via delle Api,4,Barracca Manna,Municipalidadi de Pirri/Municipalit? di Pirri
12768438806,Strada Statale 554 Cagliaritana,,,Mulinu Becciu
12768438809,Asse Mediano di Scorrimento,,,San Michele
12768441232,Via Luigi Crespellani,5b,,Mulinu Becciu
12768441238,Via Luigi Crespellani,5,,Mulinu Becciu
12768441245,Via Caravaggio,,,Mulinu Becciu
12768441249,Via Luigi Crespellani,2,,Mulinu Becciu
12768441256,Piazza degli Sforza,5a,,Mulinu Becciu
12768441257,Piazza degli Sforza,8,,Mulinu Becciu
12768441259,Via Giambattista Tiepolo,14a,,Mulinu Becciu
12768441261,Via Giambattista Tiepolo,7,,Mulinu Becciu
12768725209,Via degli Stendardi,,San Giuseppe - Santa Teresa - Parteolla,Municipalidadi de Pirri/Municipalit? di Pirri
12768725211,Via Filippo Corridoni,136,San Giuseppe - Santa Teresa - Parteolla,Municipalidadi de Pirri/Municipalit? di Pirri
12768725249,Via del Bosso,,Barracca Manna,Municipalidadi de Pirri/Municipalit? di Pirri
12769777219,Via Fratelli Cairoli,27,Monteleone - Santa Rosalia,Municipalidadi de Pirri/Municipalit? di Pirri
12769777220,Via Fratelli Cairoli,27,Monteleone - Santa Rosalia,Municipalidadi de Pirri/Municipalit? di Pirri
12769777225,Via Mentana,36,Monteleone - Santa Rosalia,Municipalidadi de Pirri/Municipalit? di Pirri
12769777271,Via Leandro Corona,24,Terram?ini - Is Bingias,Municipalidadi de Pirri/Municipalit? di Pirri
12769777272,Via Leandro Corona,24,Terram?ini - Is Bingias,Municipalidadi de Pirri/Municipalit? di Pirri
12769824137,Via Dolianova,33,Terram?ini - Is Bingias,Municipalidadi de Pirri/Municipalit? di Pirri
12769928858,Via Baldassarre Castiglione,68,,Sant'Alenixedda
12769928859,Via Baldassarre Castiglione,78,,Sant'Alenixedda
12769928863,Via Baldassarre Castiglione,60,,Sant'Alenixedda
12769928864,Via Baldassarre Castiglione,60,,Sant'Alenixedda
12769928865,Via Baldassarre Castiglione,60,,Sant'Alenixedda
12769928868,Via Nicol? Copernico,1,,Fonsarda
12769928870,Via Baldassarre Castiglione,43b,,Fonsarda
12769928871,Via Baldassarre Castiglione,43b,,Fonsarda
12769928872,Via Baldassarre Castiglione,43b,,Fonsarda
12769928873,Via Baldassarre Castiglione,47,,Fonsarda
12769928874,Via Carlo Cattaneo,,,Sant'Alenixedda
12769928878,Via Baldassarre Castiglione,47,,Fonsarda
12769928884,Via Flavio Gioia,12,,CEP
12769928885,Via Flavio Gioia,12,,CEP
12769928886,Via Flavio Gioia,6,,CEP
12769928887,Via Flavio Gioia,6,,CEP
12769928889,Via Flavio Gioia,121,,CEP
12769928890,Via Flavio Gioia,123,,CEP
12769928892,Via Talete,,,CEP
12769928893,Via Talete,,,CEP
12769998604,Via Flavio Gioia,,,CEP
12769998605,Via Flavio Gioia,,,CEP
12769998606,Via Talete,,,Quartiere Europeo
12769998608,Via Flavio Gioia,,,CEP
12769998609,Via Talete,35,,Quartiere Europeo
12770065612,Via Johannes Keplero,2,,Quartiere Europeo
12770065614,Via Parigi,31,,Quartiere Europeo
12770065648,Via Telesio,2,,Quartiere Europeo
12770065649,Via Telesio,,,Quartiere Europeo
12770065676,Via dell'Edera,,Monteleone - Santa Rosalia,Municipalidadi de Pirri/Municipalit? di Pirri
12770065677,Via dell'Edera,,Monteleone - Santa Rosalia,Municipalidadi de Pirri/Municipalit? di Pirri
12771693006,Via Guglielmo Marconi,234,Terram?ini - Is Bingias,Municipalidadi de Pirri/Municipalit? di Pirri
12771693017,Piazza Eraclito,,Monreale,Municipalidadi de Pirri/Municipalit? di Pirri
12771693056,Via delle Lucciole,12,Villa Doloretta,Municipalidadi de Pirri/Municipalit? di Pirri
12771693057,Via Santa Maria Chiara,113,Villa Doloretta,Municipalidadi de Pirri/Municipalit? di Pirri
12771693059,Via delle Lucciole,14,Villa Doloretta,Municipalidadi de Pirri/Municipalit? di Pirri
12771693061,Via delle Lucciole,12,Villa Doloretta,Municipalidadi de Pirri/Municipalit? di Pirri
12771693062,Via delle Lucciole,14,Villa Doloretta,Municipalidadi de Pirri/Municipalit? di Pirri
12771693070,Asse Mediano di Scorrimento,,Villa Doloretta,Municipalidadi de Pirri/Municipalit? di Pirri
12771693077,Asse Mediano di Scorrimento,9,Villa Doloretta,Municipalidadi de Pirri/Municipalit? di Pirri
12771693079,Via Montecassino,60,Villa Doloretta,Municipalidadi de Pirri/Municipalit? di Pirri
12771693085,Via Santa Maria Chiara,152b,Villa Doloretta,Municipalidadi de Pirri/Municipalit? di Pirri
12771693087,Via Santa Maria Chiara,161,Villa Doloretta,Municipalidadi de Pirri/Municipalit? di Pirri
12771693088,Via Santa Maria Chiara,167,Villa Doloretta,Municipalidadi de Pirri/Municipalit? di Pirri
12771693089,Via Santa Maria Chiara,167,Villa Doloretta,Municipalidadi de Pirri/Municipalit? di Pirri
12771694615,Via Calamattia,21,Monteleone - Santa Rosalia,Municipalidadi de Pirri/Municipalit? di Pirri
12771694616,Via Calamattia,21,Monteleone - Santa Rosalia,Municipalidadi de Pirri/Municipalit? di Pirri
12771694623,Via Calamattia,23,Monteleone - Santa Rosalia,Municipalidadi de Pirri/Municipalit? di Pirri
12771694626,Via Calamattia,23,Monteleone - Santa Rosalia,Municipalidadi de Pirri/Municipalit? di Pirri
12771694630,Via Calamattia,10,,Fonsarda
12771694634,Via Calamattia,8,,Fonsarda
12771694635,Via Calamattia,,,Fonsarda
12771694636,Via dei Carroz,18,,Fonsarda
12771694637,Via dei Carroz,4,,Fonsarda
12771694639,Via dei Carroz,4,,Fonsarda
12771694640,Via dei Carroz,,,Fonsarda
12771694643,Via dei Carroz,,,Fonsarda
12771694645,Via dei Carroz,12c,,Fonsarda
12771694646,Via dei Carroz,12,,Fonsarda
12771694651,Via dei Carroz,12,,Fonsarda
12771694652,Via dei Carroz,14,,Fonsarda
12771694671,Via Guglielmo Marconi,165,Terram?ini - Is Bingias,Genneruxi
12771694672,Via Guglielmo Marconi,165a,Terram?ini - Is Bingias,Genneruxi
12771694673,Via Guglielmo Marconi,165,Terram?ini - Is Bingias,Genneruxi
12771694677,Via Guglielmo Marconi,165a,Terram?ini - Is Bingias,Genneruxi
12771694678,Via Giuseppe Mercalli,,,Genneruxi
12771694680,Via Guglielmo Marconi,165b,Terram?ini - Is Bingias,Genneruxi
12771694681,Via Giuseppe Mercalli,,,Genneruxi
12771694684,Via Giuseppe Mercalli,,,Genneruxi
12771694685,Via Guglielmo Marconi,165b,Terram?ini - Is Bingias,Genneruxi
12771694686,Via Giuseppe Mercalli,,,Genneruxi
12771694688,Via Giuseppe Mercalli,11,,Genneruxi
12771694689,Via Giuseppe Mercalli,5,,Genneruxi
12771694693,Via Giuseppe Mercalli,7,,Genneruxi
12771694694,Via Giuseppe Mercalli,3,,Genneruxi
12771694695,Via Giuseppe Mercalli,3,,Genneruxi
12771694699,Via Giuseppe Mercalli,1,,Genneruxi
12771694700,Via Giuseppe Mercalli,4,Terram?ini - Is Bingias,Municipalidadi de Pirri/Municipalit? di Pirri
12771694702,Via Guglielmo Marconi,167,Terram?ini - Is Bingias,Municipalidadi de Pirri/Municipalit? di Pirri
12771694703,Via Guglielmo Marconi,167,Terram?ini - Is Bingias,Municipalidadi de Pirri/Municipalit? di Pirri
12771694706,Via Giuseppe Mercalli,4,Terram?ini - Is Bingias,Municipalidadi de Pirri/Municipalit? di Pirri
12771694707,Via Guglielmo Marconi,169,Terram?ini - Is Bingias,Municipalidadi de Pirri/Municipalit? di Pirri
12771694708,Via Guglielmo Marconi,214,Terram?ini - Is Bingias,Municipalidadi de Pirri/Municipalit? di Pirri
12771694709,Via Guglielmo Marconi,214,Terram?ini - Is Bingias,Municipalidadi de Pirri/Municipalit? di Pirri
12771694712,Via Guglielmo Marconi,169,Terram?ini - Is Bingias,Municipalidadi de Pirri/Municipalit? di Pirri
12771694713,Via Guglielmo Marconi,173,Terram?ini - Is Bingias,Municipalidadi de Pirri/Municipalit? di Pirri
12771694714,Via Guglielmo Marconi,173a,Terram?ini - Is Bingias,Municipalidadi de Pirri/Municipalit? di Pirri
12771694715,Via Guglielmo Marconi,173,Terram?ini - Is Bingias,Municipalidadi de Pirri/Municipalit? di Pirri
12771694716,Via Guglielmo Marconi,173a,Terram?ini - Is Bingias,Municipalidadi de Pirri/Municipalit? di Pirri
12771694717,Via Guglielmo Marconi,173a,Terram?ini - Is Bingias,Municipalidadi de Pirri/Municipalit? di Pirri
12771694722,Via Guglielmo Marconi,173,Terram?ini - Is Bingias,Municipalidadi de Pirri/Municipalit? di Pirri
12771694723,Via Guglielmo Marconi,218,Terram?ini - Is Bingias,Municipalidadi de Pirri/Municipalit? di Pirri
12771694724,Via Guglielmo Marconi,173f,Terram?ini - Is Bingias,Municipalidadi de Pirri/Municipalit? di Pirri
12771694726,Via Guglielmo Marconi,218,Terram?ini - Is Bingias,Municipalidadi de Pirri/Municipalit? di Pirri
12771694727,Via Guglielmo Marconi,220,Terram?ini - Is Bingias,Municipalidadi de Pirri/Municipalit? di Pirri
12771694728,Ruga-Via Giovanni Fabrizio Bignami,,Terram?ini - Is Bingias,Poetto-Medau su Cramu
12771694729,Via Guglielmo Marconi,220,Terram?ini - Is Bingias,Municipalidadi de Pirri/Municipalit? di Pirri
12771694730,Via Heinrich Rudolph Hertz,,Terram?ini - Is Bingias,Municipalidadi de Pirri/Municipalit? di Pirri
12771694731,Via Heinrich Rudolph Hertz,,Terram?ini - Is Bingias,Municipalidadi de Pirri/Municipalit? di Pirri
12771694732,Via Guglielmo Marconi,222,Terram?ini - Is Bingias,Municipalidadi de Pirri/Municipalit? di Pirri
12771694733,Via Guglielmo Marconi,173h,Terram?ini - Is Bingias,Municipalidadi de Pirri/Municipalit? di Pirri
12771694734,Via Guglielmo Marconi,173h,Terram?ini - Is Bingias,Municipalidadi de Pirri/Municipalit? di Pirri
12771694737,Via Guglielmo Marconi,222,Terram?ini - Is Bingias,Municipalidadi de Pirri/Municipalit? di Pirri
12771694738,Ruga-Via Giovanni Fabrizio Bignami,,Terram?ini - Is Bingias,Municipalidadi de Pirri/Municipalit? di Pirri
12771694740,Via Guglielmo Marconi,181,Terram?ini - Is Bingias,Municipalidadi de Pirri/Municipalit? di Pirri
12771694741,Via Guglielmo Marconi,181,Terram?ini - Is Bingias,Municipalidadi de Pirri/Municipalit? di Pirri
12771694742,Via Guglielmo Marconi,181,Terram?ini - Is Bingias,Municipalidadi de Pirri/Municipalit? di Pirri
12771694743,Via Guglielmo Marconi,181,Terram?ini - Is Bingias,Municipalidadi de Pirri/Municipalit? di Pirri
12771694744,Ruga-Via Giovanni Fabrizio Bignami,,Terram?ini - Is Bingias,Poetto-Medau su Cramu
12771694745,Via Guglielmo Marconi,181,Terram?ini - Is Bingias,Municipalidadi de Pirri/Municipalit? di Pirri
12771694746,Via Guglielmo Marconi,181,Terram?ini - Is Bingias,Municipalidadi de Pirri/Municipalit? di Pirri
12771694747,Ruga-Via Giovanni Fabrizio Bignami,,Terram?ini - Is Bingias,Municipalidadi de Pirri/Municipalit? di Pirri
12771694748,Via Guglielmo Marconi,179,Terram?ini - Is Bingias,Municipalidadi de Pirri/Municipalit? di Pirri
12771694751,Viale Guglielmo Marconi,207,,
12771694752,Viale Guglielmo Marconi,207a,,
12771694753,Ruga-Via Giovanni Fabrizio Bignami,,Terram?ini - Is Bingias,Municipalidadi de Pirri/Municipalit? di Pirri
12771694757,Via Guglielmo Marconi,234,Terram?ini - Is Bingias,Municipalidadi de Pirri/Municipalit? di Pirri
12771694759,Via Isaac Newton,4,Terram?ini - Is Bingias,Municipalidadi de Pirri/Municipalit? di Pirri
12771694762,Via Guglielmo Marconi,173a,Terram?ini - Is Bingias,Municipalidadi de Pirri/Municipalit? di Pirri
12771694763,Via Guglielmo Marconi,208a,Terram?ini - Is Bingias,Municipalidadi de Pirri/Municipalit? di Pirri
12771694764,Via Guglielmo Marconi,208,Terram?ini - Is Bingias,Municipalidadi de Pirri/Municipalit? di Pirri
12771694765,Via Guglielmo Marconi,208a,Terram?ini - Is Bingias,Municipalidadi de Pirri/Municipalit? di Pirri
12771694766,Via Giovanni Battista Venturi,1,Terram?ini - Is Bingias,Municipalidadi de Pirri/Municipalit? di Pirri
12771694768,Via Guglielmo Marconi,208,Terram?ini - Is Bingias,Municipalidadi de Pirri/Municipalit? di Pirri
12771694769,Via Gerolamo Cardano,23,Terram?ini - Is Bingias,Municipalidadi de Pirri/Municipalit? di Pirri
12771694772,Via Gerolamo Cardano,21,Terram?ini - Is Bingias,Municipalidadi de Pirri/Municipalit? di Pirri
12771694777,Via Guglielmo Marconi,,,Quartiere Europeo
12771694779,Via Varsavia,6,,Quartiere Europeo
12771694797,Via Johannes Keplero,9,,Quartiere Europeo
12771694798,Via Alessandro Volta,22,,CEP
12771694804,Piazza Pitagora,,,CEP
12771694806,Via Paolo Ruffini,16,,CEP
12771694807,Via Paolo Ruffini,7b,,CEP
12771694814,Via Avogadro di Collobiano,9,,CEP
12771733744,Via Giudice Torbeno,8,,Sant'Alenixedda
12771733747,Via Salvatore Rosa,6,,Fonsarda
12771733749,Asse Mediano di Scorrimento,,,Fonsarda
12771733750,Via Edina Altara,,,Fonsarda
12771733753,Via Salvatore Rosa,53,,Fonsarda
12771733756,Via Filippo Figari,2,,Fonsarda
12771733758,Via Salvatore Rosa,15,,Fonsarda
12771733759,Via Edina Altara,,,Fonsarda
12771733760,Via Giuseppe Biasi,19,,Fonsarda
12771733762,Via Giuseppe Biasi,19,,Fonsarda
12771733765,Via Anna Cabras Brundo,,,Is Mirrionis
12771733768,Via Giudicessa Benedetta,4,,Fonsarda
12771733769,Via Giudicessa Benedetta,6,,Fonsarda
12771733770,Via Giudice Guglielmo,25,,Fonsarda
12771733771,Via Giudice Guglielmo,32,,Fonsarda
12771733774,Viale Francesco Ciusa,,,Is Mirrionis
12771733777,Via Romagna,,,Is Mirrionis
12771733778,Viale Francesco Ciusa,,,Is Mirrionis
12771733781,Via Nicol? Machiavelli,115,,Sant'Alenixedda
12771733793,Via Saverio Belgrano,1,,Fonsarda
12771733796,Via Giovanni Capula,20,,Fonsarda
12771753614,Via Salvatore Rosa,32,,Fonsarda
12771753620,Via Salvatore Rosa,4,,Fonsarda
12771753621,Via Salvatore Rosa,6,,Fonsarda
12771753622,Via Salvatore Rosa,8,,Fonsarda
12771987297,Via Alessandro Manzoni,24,,San Benedetto
12771987300,Terrazza Pier Paolo Pasolini,,,San Benedetto
12772010301,Terrazza Pier Paolo Pasolini,,,San Benedetto
12772010320,Via Alessandro Manzoni,10,,San Benedetto
12772010323,Via Giacomo Leopardi,19,,San Benedetto
12772010332,Via Alessandro Manzoni,22,,San Benedetto
12772010334,Terrazza Pier Paolo Pasolini,,,San Benedetto
12772010336,Via Alessandro Manzoni,24,,San Benedetto
12772010338,Via Giosu? Carducci,21,,San Benedetto
12772010339,Via Alessandro Manzoni,,,San Benedetto
12772010340,Via Giosu? Carducci,9,,San Benedetto
12772010341,Via Giosu? Carducci,25,,San Benedetto
12772010343,Terrazza Pier Paolo Pasolini,,,San Benedetto
12772010345,Via Giosu? Carducci,21,,San Benedetto
12772010346,Via Alessandro Manzoni,24,,San Benedetto
12772010347,Via Giosu? Carducci,23,,San Benedetto
12772010349,Via Alessandro Manzoni,,,San Benedetto
12772010353,Via Giosu? Carducci,16c,,San Benedetto
12772010354,Via Giacomo Leopardi,13,,San Benedetto
12772010355,Via Giosu? Carducci,9,,San Benedetto
12772010363,Via Alessandro Manzoni,10,,San Benedetto
12772010366,Via Alessandro Manzoni,49,,San Benedetto
12772010367,Via Antonio Pacinotti,9,,San Benedetto
12772010368,Via Tiziano,,,San Benedetto
12772010369,Via Tiziano,,,San Benedetto
12772010370,Via Tiziano,50,,San Benedetto
12772010372,Via Vincenzo Monti,,,San Benedetto
12772010373,Via Tiziano,40,,San Benedetto
12772010375,Via Tiziano,20,,San Benedetto
12772010377,Via Antonio Pacinotti,9,,San Benedetto
12772010390,Via Antonio Pacinotti,39,,San Benedetto
12772010391,Via Francesco Cocco Ortu,46,,San Benedetto
12772010392,Via Francesco Cocco Ortu,50,,San Benedetto
12772010393,Piazza Francesco Cocco Ortu Iunior,,,San Benedetto
12772010394,Via Francesco Cocco Ortu,81,,Sant'Alenixedda
12772010397,Via Sant'Alenixedda,4,,Sant'Alenixedda
12772010398,Via Sant'Alenixedda,,,Sant'Alenixedda
12772010399,Via Sant'Alenixedda,59,,Sant'Alenixedda
12772010400,Via Sant'Alenixedda,,,Sant'Alenixedda
12772010402,Via Sant'Alenixedda,49,,Sant'Alenixedda
12772010422,Via Sant'Alenixedda,121,,Sant'Alenixedda
12772010423,Via Sant'Alenixedda,127,,Sant'Alenixedda
12772010424,Via Sant'Alenixedda,121,,Sant'Alenixedda
12772010425,Piazza Michelangelo,34,,Sant'Alenixedda
12772010432,Via Torquato Tasso,39,,Sant'Alenixedda
12772010435,Via Giuseppe Parini,1,,Sant'Alenixedda
12772010466,Via Giudicessa Benedetta,78,,Fonsarda
12772010468,Via Medaglie d'Oro,5,,Fonsarda
12772010469,Via Medaglie d'Oro,4,,Fonsarda
12772010471,Via Giudicessa Benedetta,47,,Fonsarda
12772010473,Piazza Giudicessa Elena,6,,Fonsarda
12772010475,Via Giudicessa Benedetta,78,,Fonsarda
12772010482,Via del Nastro Azzurro,2,,Fonsarda
12772010484,Via del Nastro Azzurro,2,,Fonsarda
12772201854,Via Seruci,2,,Is Mirrionis
12772201855,Via Quintino Sella,62,,Is Mirrionis
12772201856,Via Quintino Sella,62,,Is Mirrionis
12772201857,Via Robert Koch,4,,Is Mirrionis
12772201860,Via Sarrabus,,,San Michele
12772201873,Via Edward Jenner,19,,San Michele
12772201879,,,,San Michele
12772201889,Via Edward Jenner,22,,San Michele
12772201893,Via Edward Jenner,20,,San Michele
12772201895,Via Edward Jenner,14,,San Michele
12772201896,Via Edward Jenner,7,,Is Mirrionis
12772201897,Via Edward Jenner,,,San Michele
12772201900,Via Luigi Castaldi,2,,Is Mirrionis
12772205504,Via Robert Koch,8,,Is Mirrionis
12772205513,Via Lucania,,,San Michele
12772205514,Via Lucania,,,San Michele
12772205533,Traversa di Via Abruzzi,5,,San Michele
12772205535,Via Mandrolisai,4,,San Michele
12772205542,Via Emilia,3,,San Michele
12772205574,Via Meilogu,,,San Michele
12772205575,Via Meilogu,,,San Michele
12772205576,Via Meilogu,3,,San Michele
12772205578,Via Valsassina,,,San Michele
12772205588,Via Cornalias,74a,,Is Mirrionis
12772205598,Via Quirra,1,,Is Mirrionis
12772205599,Via Quirra,3,,Is Mirrionis
12772205600,Via Quirra,5,,Is Mirrionis
12772205601,Via Brianza,1,,Is Mirrionis
12772205602,Via Brianza,1,,Is Mirrionis
12772205604,Via Quirra,2f,,Is Mirrionis
12772205614,Via Serbariu,9,,Is Mirrionis
12772205626,Via Enrico Serpieri,6c,,Is Mirrionis
12772205627,Via Bacu Abis,2a,,Is Mirrionis
12772205631,Via Bacu Abis,6b,,Is Mirrionis
12772205633,Via Sirai,,,Is Mirrionis
12772205634,Via Bacu Abis,,,Is Mirrionis
12772205660,Via Cornalias,167a,,Is Mirrionis
12772205662,Via Monte Acuto,2,,Is Mirrionis
12772205667,Via Mandrolisai,,,San Michele
12772205668,Via Mandrolisai,,,San Michele
12772205670,Via Cornalias,201,,San Michele
12772295148,Via del Seminario,16,,Is Mirrionis
12772295149,Via del Seminario,16,,Is Mirrionis
12772295151,Via Diego Gregorio Cadello,19,,Is Mirrionis
12772295152,Via Diego Gregorio Cadello,46,,Is Mirrionis
12772295154,Via Diego Gregorio Cadello,11,,Is Mirrionis
12772295155,Via Diego Gregorio Cadello,11,,Is Mirrionis
12772295156,Via Diego Gregorio Cadello,11b,,Is Mirrionis
12772295157,Via Carlo Baudi di Vesme,1,,Is Mirrionis
12772295159,Via Carlo Baudi di Vesme,2,,Is Mirrionis
12772295161,Piazza Francesco De Esquivel,16,,Is Mirrionis
12772295162,Piazza Francesco De Esquivel,16,,Is Mirrionis
12772295166,Via Diego Gregorio Cadello,1,,Is Mirrionis
12772295167,Via Diego Gregorio Cadello,2,,Is Mirrionis
12772295172,Via Cornalias,6,,Is Mirrionis
12772295173,Via Cornalias,6a,,Is Mirrionis
12772295176,Traversa di Via Is Mirrionis,,,Is Mirrionis
12772295177,Traversa di Via Is Mirrionis,,,Is Mirrionis
12772295179,Via Cornalias,21,,Is Mirrionis
12772295180,Via Cornalias,21,,Is Mirrionis
12772295182,Via del Seminario,4,,Is Mirrionis
12772295183,Via del Seminario,4,,Is Mirrionis
12772295186,Via Portovesme,4,,Is Mirrionis
12772295187,Via Portovesme,4,,Is Mirrionis
12772295189,Via Cornalias,47,,Is Mirrionis
12772295190,Via Cornalias,26,,Is Mirrionis
12772295195,Via Cornalias,42,,Is Mirrionis
12772295196,Via Cornalias,44,,Is Mirrionis
12772295199,Via Cornalias,109,,Is Mirrionis
12772295200,Via Cornalias,111,,Is Mirrionis
12772323402,Via Argentiera,2,,Is Mirrionis
12772323403,Via Argentiera,2,,Is Mirrionis
12772323404,Via La Nurra,75,,Is Mirrionis
12772323410,Via Cornalias,67a,,Is Mirrionis
12772323411,Via Flumentepido,1,,Is Mirrionis
12772323412,Via Flumentepido,1,,Is Mirrionis
12772323416,Via Baronia,32,,Is Mirrionis
12772323417,Via Baronia,32,,Is Mirrionis
12772323419,Via Cornalias,63,,Is Mirrionis
12772323420,Via Montevecchio,1,,Is Mirrionis
12772323424,Via Baronia,31,,Is Mirrionis
12772323425,Via Baronia,31,,Is Mirrionis
12772323426,Via Cortoghiana,1,,Is Mirrionis
12772323427,Via Cortoghiana,1,,Is Mirrionis
12772323428,Via Cortoghiana,7,,Is Mirrionis
12772323429,Via Cortoghiana,4,,Is Mirrionis
12772323431,Via Monteponi,3,,Is Mirrionis
12772323432,Via Monteponi,8,,Is Mirrionis
12772323434,Via Monteponi,2,,Is Mirrionis
12772323435,Via Monteponi,2,,Is Mirrionis
12772323440,Via Cornalias,89,,Is Mirrionis
12772323442,Via Campo Pisano,11,,Is Mirrionis
12772323443,Via Campo Pisano,11,,Is Mirrionis
12772323446,Via Marghine,1,,Is Mirrionis
12772323447,Via Marghine,1,,Is Mirrionis
12772323450,Via Cortoghiana,21,,Is Mirrionis
12772323454,Via La Nurra,55,,Is Mirrionis
12772323458,Via Quirra,,,Is Mirrionis
12772323459,Via Seruci,5,,Is Mirrionis
12772323490,Via Premuda,,,San Michele
12772323502,Via Bosco Cappuccio,77,,San Michele
12773100942,Strada Conti Vecchi,,,Sant'Avendrace-Santa Gilla
12773100949,Strada Conti Vecchi,,,Sant'Avendrace-Santa Gilla
12785384641,Via Monsignor Ernesto Maria Piovella,57d,,Is Mirrionis
12785384659,Piazza Francesco De Esquivel,5,,Is Mirrionis
12785384660,Piazza Francesco De Esquivel,5,,Is Mirrionis
12785384662,Via Quintino Sella,60,,Is Mirrionis
12785384663,Via Quintino Sella,70,,Is Mirrionis
12785384664,Via Quintino Sella,70,,Is Mirrionis
12785384665,Via Quintino Sella,70,,Is Mirrionis
12785384666,Via Argentiera,76,,Is Mirrionis
12785384667,Via Argentiera,76,,Is Mirrionis
12785384671,Via Flumentepido,51,,Is Mirrionis
12785384672,Via Flumentepido,51,,Is Mirrionis
12785384673,Via Flumentepido,49,,Is Mirrionis
12785384674,Via Flumentepido,49,,Is Mirrionis
12785384676,Via Carlo Baudi di Vesme,63,,Is Mirrionis
12785384677,Via Argentiera,34,,Is Mirrionis
12785384679,Via Carlo Baudi di Vesme,63,,Is Mirrionis
12785384680,Via Carlo Baudi di Vesme,62,,Is Mirrionis
12785384683,Via Carlo Baudi di Vesme,47,,Is Mirrionis
12785384685,Via Carlo Baudi di Vesme,47a,,Is Mirrionis
12785384686,Via Carlo Baudi di Vesme,50,,Is Mirrionis
12785384688,Via Campo Pisano,33,,Is Mirrionis
12785384689,Via Campo Pisano,33,,Is Mirrionis
12785384692,Via Carlo Baudi di Vesme,31,,Is Mirrionis
12785384693,Via Carlo Baudi di Vesme,31,,Is Mirrionis
12785384695,Via Monteponi,27,,Is Mirrionis
12785384696,Via Monteponi,27,,Is Mirrionis
12785384699,Via Carlo Baudi di Vesme,15b,,Is Mirrionis
12785384700,Via Carlo Baudi di Vesme,15b,,Is Mirrionis
12785422102,Via Carlo Baudi di Vesme,15b,,Is Mirrionis
12785422103,Via Carlo Baudi di Vesme,15b,,Is Mirrionis
12785422105,Via Montevecchio,20,,Is Mirrionis
12785422106,Via Montevecchio,20,,Is Mirrionis
12785422108,Via Montevecchio,22,,Is Mirrionis
12785422109,Via Montevecchio,22,,Is Mirrionis
12786327311,Via Asiago,20,,Sant'Avendrace-Santa Gilla
12786327312,Via Montello,30,,Sant'Avendrace-Santa Gilla
12786327314,Via Po,4,,Sant'Avendrace-Santa Gilla
12786327315,Via Po,47,,Sant'Avendrace-Santa Gilla
12786327316,Via Adige,32,,Sant'Avendrace-Santa Gilla
12786327318,Via Po,6,,Sant'Avendrace-Santa Gilla
12786327319,Via Adige,,,Sant'Avendrace-Santa Gilla
12786327321,Via Po,14,,Sant'Avendrace-Santa Gilla
12786327335,Via Santa Gilla,46,,Sant'Avendrace-Santa Gilla
12786327336,Via Santa Gilla,121,,Sant'Avendrace-Santa Gilla
12786327359,Viale dei Giornalisti,19,,Sant'Avendrace-Santa Gilla
12786327360,Viale dei Giornalisti,21,,Sant'Avendrace-Santa Gilla
12786327361,Via Mario De Sotgiu,,,Sant'Avendrace-Santa Gilla
12786327372,Via Santa Gilla,14,,Sant'Avendrace-Santa Gilla
12786327374,Via Cedrino,5,,Sant'Avendrace-Santa Gilla
12786327384,Via Po,11,,Sant'Avendrace-Santa Gilla
12786327385,Via Po,2,,Sant'Avendrace-Santa Gilla
12786327411,Via San Simone,60,,Sant'Avendrace-Santa Gilla
12786327412,Via San Simone,60,,Sant'Avendrace-Santa Gilla
12786327434,Via San Simone,,,Sant'Avendrace-Santa Gilla
12786327435,Via San Simone,,,Sant'Avendrace-Santa Gilla
12786327450,Via San Simone,,,Sant'Avendrace-Santa Gilla
12786361545,Via Agostino Castelli,7,,Tuvixeddu-Tuvumannu
12786361547,Via Is Maglias,81,,Sant'Avendrace-Santa Gilla
12786361548,Via Is Maglias,,,Sant'Avendrace-Santa Gilla
12786361551,Via Is Maglias,,,Sant'Avendrace-Santa Gilla
12786361552,Via Is Maglias,,,Sant'Avendrace-Santa Gilla
12786361553,Via Is Maglias,81,,Sant'Avendrace-Santa Gilla
12786361585,Via Doberd?,33,,Tuvixeddu-Tuvumannu
12786361588,Via Doberd?,21,,Tuvixeddu-Tuvumannu
12786361591,Via Doberd?,17,,Tuvixeddu-Tuvumannu
12787592422,Via Romagna,,,La Vega
12787592424,Via Is Mirrionis,88,,Tuvixeddu-Tuvumannu
12787592427,Via Romagna,,,La Vega
12787592433,Piazza Irpinia,3a,,La Vega
12787592477,Via Molise,,,Is Mirrionis
12787592479,Via Basilicata,69,,La Vega
12787592480,Via Trentino,34,,La Vega
12787592487,Via Saverio Mattei,40,,Is Mirrionis
12787592488,Via Campania,29,,Is Mirrionis
12787592489,Via Campania,29,,Is Mirrionis
12787592490,Via Campania,12a,,Is Mirrionis
12787592491,Via Campania,41,,Is Mirrionis
12787592494,Via Campania,26,,Is Mirrionis
12787592499,Via Is Mirrionis,,,Is Mirrionis
12787672083,Piazza Ugo Tristani,,,Biddanoa/Villanova
12787672087,Via San Rocco,18,,Biddanoa/Villanova
12787672088,Via San Mauro,54,,Biddanoa/Villanova
12787672089,Via San Rocco,4,,Biddanoa/Villanova
12787672095,Via San Saturnino,101a,,Biddanoa/Villanova
12787703002,Via San Saturnino,54c,,La Vega
12787703008,Via Giardini,198a,,La Vega
12787703009,Via Giardini,159,,Biddanoa/Villanova
12787703010,Via La Vega,8,,La Vega
12787703011,Via La Vega,1,,La Vega
12787703013,Via La Vega,5,,La Vega
12787703015,Via Fra Nicola Da Gesturi,,,Stampaxi/Stampace
12787703017,Via dell'Anfiteatro,,,Stampaxi/Stampace
12787703018,Via dell'Anfiteatro,,,Stampaxi/Stampace
12787703019,Viale Monsignor Luigi Giussani,,,Stampaxi/Stampace
12787703020,Viale Buoncammino,14,,Stampaxi/Stampace
12787703022,Viale Buoncammino,19,,Stampaxi/Stampace
12787703023,Viale Buoncammino,19,,Stampaxi/Stampace
12787703033,Via Oslavia,,,Tuvixeddu-Tuvumannu
12787703034,Via Oslavia,6,,Tuvixeddu-Tuvumannu
12787726770,Piazza Francia,,,Genneruxi
12787726771,Piazza Francia,4,,Genneruxi
12787726775,Via Costantinopoli,81,,Genneruxi
12787737379,Via Gaetano Donizetti,18,,San Benedetto
12787737381,Via Luigi Cherubini,2,,San Benedetto
12787737382,Via Antonio Fais,4,,San Benedetto
12787823742,Via Arrigo Boito,29,,Sant'Alenixedda
12787864217,Via Alexander Fleming,2,,Monte Mixi
12787864230,Via Alexander Fleming,2,,Monte Mixi
12787864231,Via Alexander Fleming,2,,Monte Mixi
12787864235,Via Salvatore Vidal,5,,Monte Urpinu
12787931794,Via Joyce Lussu,,,Sant'Avendrace-Santa Gilla
12787931796,Calata Ponente,,,Stampaxi/Stampace
12787935004,Calata Ponente,,,Stampaxi/Stampace
12787935005,Calata Ponente,,,Stampaxi/Stampace
12787935013,Calata Ponente,,,Stampaxi/Stampace
12787935026,Calata Ponente,,,Stampaxi/Stampace
12787935064,Molo Rinascita,,,Stampaxi/Stampace
12787935080,Via Riva di Ponente,10,,Stampaxi/Stampace
12787935083,Calata Ponente,,,Stampaxi/Stampace
12787935084,Calata Ponente,,,Stampaxi/Stampace
12787935088,Calata Ponente,,,Stampaxi/Stampace
12787935091,Calata Ponente,,,Stampaxi/Stampace
12787935092,Via Riva di Ponente,,,Stampaxi/Stampace
12787935093,Molo Rinascita,,,Stampaxi/Stampace
12787935094,Molo Rinascita,,,Stampaxi/Stampace
12787935095,Molo Rinascita,,,Stampaxi/Stampace
12787935096,Molo Rinascita,,,Stampaxi/Stampace
12787935097,Molo Rinascita,,,Stampaxi/Stampace
12787935100,Via Riva di Ponente,,,Stampaxi/Stampace
12787935101,Calata Ponente,,,Stampaxi/Stampace
12787935103,Calata Ponente,,,Stampaxi/Stampace
12787935104,Vico Primo di Viale La Plaia,,,Stampaxi/Stampace
12787935106,Calata Ponente,,,Stampaxi/Stampace
12787935107,Via Riva di Ponente,,,Stampaxi/Stampace
12787935109,Molo Rinascita,,,Stampaxi/Stampace
12787935110,Via Riva di Ponente,,,Stampaxi/Stampace
12787935125,Via Sa Perdixedda,14,,Stampaxi/Stampace
12787935126,Via Sa Perdixedda,14,,Stampaxi/Stampace
12787935128,Via Sa Perdixedda,,,Stampaxi/Stampace
12787935129,Via Sa Perdixedda,,,Stampaxi/Stampace
12787935132,Via Sa Perdixedda,2,,Stampaxi/Stampace
12787935135,Via Riva di Ponente,,,Stampaxi/Stampace
12787935138,Via Sa Perdixedda,1,,Stampaxi/Stampace
12787935139,Molo Rinascita,,,Stampaxi/Stampace
12787935140,Molo Rinascita,,,Stampaxi/Stampace
12787935141,Via Riva di Ponente,,,Stampaxi/Stampace
12787935142,Molo Rinascita,,,Stampaxi/Stampace
12787935143,Molo Rinascita,,,Stampaxi/Stampace
12787935145,Molo Rinascita,,,Stampaxi/Stampace
12787935149,Via Sa Perdixedda,16,,Stampaxi/Stampace
12787935150,Molo Rinascita,,,Stampaxi/Stampace
12787935152,Molo Rinascita,,,Stampaxi/Stampace
12787935153,Molo Rinascita,,,Stampaxi/Stampace
12787935154,Via Sa Perdixedda,1,,Stampaxi/Stampace
12787935156,Via Sa Perdixedda,7,,Stampaxi/Stampace
12787935162,Calata Ponente,,,Stampaxi/Stampace
12787935167,Molo Sabaudo,,,Stampaxi/Stampace
12787935169,Via Riva di Ponente,,,Stampaxi/Stampace
12787935170,Calata Ponente,,,Stampaxi/Stampace
12787935171,Calata Ponente,,,Stampaxi/Stampace
12787935196,Viale Pula,2,,Sant'Avendrace-Santa Gilla
12787987768,Via Giuseppe Manno,96,,Lapola/Marina
12787987770,Via Giovanni Maria Angioy,72,,Stampaxi/Stampace
12787987784,,,,Stampaxi/Stampace
12787987789,,,,Stampaxi/Stampace
12787987790,Largo Carlo Felice di Savoia,21,,Lapola/Marina
12787987792,Via Sardegna,2,,Lapola/Marina
12787987795,Via Sant'Ignazio da Laconi,,,Stampaxi/Stampace
12787987796,Via Sant'Ignazio da Laconi,,,Stampaxi/Stampace
12787987798,Via Sant'Ignazio da Laconi,84,,Stampaxi/Stampace
12787987800,Via Tigellio,44,,Stampaxi/Stampace
12787997715,Piazza del Carmine,,,Stampaxi/Stampace
12787997721,Via Maddalena,26,,Stampaxi/Stampace
12787997727,Via Goffredo Mameli,124a,,Stampaxi/Stampace
12787997759,Passeggiata del porto,,,Lapola/Marina
12787997760,Passeggiata del porto,,,Stampaxi/Stampace
12787997761,Passeggiata del porto,,,Stampaxi/Stampace
12787997764,Via Molo Sant'Agostino,,,Stampaxi/Stampace
12787997765,Via Molo Sant'Agostino,,,Stampaxi/Stampace
12787997767,Via Molo Sant'Agostino,,,Stampaxi/Stampace
12787997777,Viale La Plaia,,,Stampaxi/Stampace
12787997779,Viale La Plaia,13,,Stampaxi/Stampace
12787997781,Viale La Plaia,,,Stampaxi/Stampace
12787997782,Viale La Plaia,,,Stampaxi/Stampace
12787997783,Viale La Plaia,,,Stampaxi/Stampace
12787997785,Viale La Plaia,,,Stampaxi/Stampace
12787997786,Viale La Plaia,,,Stampaxi/Stampace
12787997787,Viale La Plaia,,,Stampaxi/Stampace
12787997789,Viale La Plaia,,,Stampaxi/Stampace
12787997791,Viale La Plaia,,,Stampaxi/Stampace
12787997794,Viale La Plaia,21,,Stampaxi/Stampace
12787997798,Viale La Plaia,,,Stampaxi/Stampace
12787997799,Viale La Plaia,,,Stampaxi/Stampace
12787997805,Viale La Plaia,19,,Stampaxi/Stampace
12788623017,Via del Fossario,1,,Castedd'e susu/Castello
12788623020,Via Santa Margherita,,,Stampaxi/Stampace
12788623022,Via Santa Margherita,90,,Stampaxi/Stampace
12791177461,Via Alghero,35,,San Benedetto
12791177462,Via Alghero,35,,San Benedetto
12791253856,Viale Regina Margherita,1a,,Bonaria
12791253860,Vico Primo di Via Venti Settembre,,,Bonaria
12791253864,Viale Regina Margherita,57,,Bonaria
12791253865,Viale Regina Margherita,47,,Bonaria
12791253866,Viale Regina Margherita,,,Bonaria
12791253869,Via Roma,1,,Lapola/Marina
12791253870,Viale Regina Margherita,2,,Lapola/Marina
12791253871,Piazza Francesco Paolo Ingrao,3,,Bonaria
12791253872,Piazza Francesco Paolo Ingrao,,,Bonaria
12791253880,Via Giuseppe Manno,23,,Lapola/Marina
12791253881,Via Giuseppe Manno,56a,,Lapola/Marina
12791265008,Via Emilio Pirastu,,,Bonaria
12791265009,Via Emilio Pirastu,,,Bonaria
12791265015,Viale Bonaria,84a,,Bonaria
12791265016,Viale Bonaria,84a,,Bonaria
12791265021,Via Nuoro,2,,Bonaria
12791265056,Via Venti Settembre,3a,,Bonaria
12791265057,Piazza Emanuele Ravot,,,Biddanoa/Villanova
12791265058,Viale Regina Margherita,60,,Lapola/Marina
12791265059,Viale Regina Margherita,79,,Biddanoa/Villanova
12791265064,Via Goceano,2,,Bonaria
12791265067,Via Logudoro,13,,Bonaria
12791265068,Via Logudoro,13,,Bonaria
12791265070,Via Logudoro,13,,Bonaria
12791265073,Via Goceano,2,,Bonaria
12791265077,Vico di Via Logudoro,,,Bonaria
12791265082,Via Nuoro,47,,Bonaria
12791265113,Via Logudoro,50,,Bonaria
12791325248,Via Asti,,,Bonaria
12791335403,Via Stanislao Caboni,13c,,Bonaria
12791335424,Via Gianquinto De Gioannis,12,,Bonaria
12791335434,Via Enrico Pessina,28,,Monte Urpinu
12791335435,Via Enrico Pessina,28,,Monte Urpinu
12791335455,Via Enrico Pessina,7b,,Bonaria
12791335456,Via Luigi Amat,1,,Monte Urpinu
12791335457,Via Luigi Amat,,,Monte Urpinu
12791335462,Via Luigi Amat,,,Monte Urpinu
12791335463,Via Luigi Amat,3,,Monte Urpinu
12791335465,Via Giuseppe Palomba,,,Monte Urpinu
12791335466,Via Pasquale Cugia,1,,Monte Urpinu
12791335467,Via Pasquale Cugia,2,,Monte Urpinu
12791335471,Via Pasquale Cugia,35,,Monte Urpinu
12791335472,Via Pasquale Cugia,24,,Monte Urpinu
12791335475,Via Giovanni Battista Tuveri,,,Monte Urpinu
12791335480,Via Enrico Carboni Boi,11,,Monte Urpinu
12791335481,Via Enrico Carboni Boi,16,,Monte Urpinu
12791596834,Viale Armando Diaz,241,,Monte Mixi
12791596845,Piazza Marco Polo,,,Bonaria
12791596846,Piazza Marco Polo,9,,Bonaria
12791596847,Piazza Marco Polo,,,Bonaria
12791596852,Piazza Marco Polo,10,,Bonaria
12791596853,Viale Salvatore Ferrara,,,Bonaria
12791596854,Viale Salvatore Ferrara,,,Bonaria
12791596855,Viale Salvatore Ferrara,,,Bonaria
12791596857,Piazza Marco Polo,,,Bonaria
12791596859,Viale Salvatore Ferrara,,,Bonaria
12791596861,Via Emanuele Pessagno,,,Monte Mixi
12791596863,Via Emanuele Pessagno,,,Monte Mixi
12791596864,Via Emanuele Pessagno,,,Monte Mixi
12791596876,Via Emanuele Pessagno,18a,,Monte Mixi
12791596877,Via Emanuele Pessagno,18a,,Monte Mixi
12791596884,Via John Davison Rockefeller,73,,Bonaria
12791596885,Via John Davison Rockefeller,,,Bonaria
12791848825,,,,Nuovo Borgo Sant'Elia
12791848827,Via Samuele Utzeri,76,,Nuovo Borgo Sant'Elia
12791848834,Via Samuele Utzeri,62,,Nuovo Borgo Sant'Elia
12791848835,Via Samuele Utzeri,70,,Nuovo Borgo Sant'Elia
12791848838,Via dei Navigatori,,,Nuovo Borgo Sant'Elia
12791848842,Via Piero Schiavazzi,,,Nuovo Borgo Sant'Elia
12791848843,Via Piero Schiavazzi,,,Nuovo Borgo Sant'Elia
12791848844,Viale Poetto,5,,La Palma
12791848845,Viale Poetto,5,,La Palma
12791848847,Viale Poetto,5,,La Palma
12791848848,Viale Poetto,5,,La Palma
12791848858,Via Raimondo Carta Raspi,,,Nuovo Borgo Sant'Elia
12791848859,Via Raimondo Carta Raspi,6,,Nuovo Borgo Sant'Elia
12791848862,,,,Nuovo Borgo Sant'Elia
12791848863,Via Raimondo Carta Raspi,,,Nuovo Borgo Sant'Elia
12791848864,Via Raimondo Carta Raspi,,,Nuovo Borgo Sant'Elia
12791848873,,,,Nuovo Borgo Sant'Elia
12791848874,,,,Nuovo Borgo Sant'Elia
12791848878,Via Raimondo Carta Raspi,,,Nuovo Borgo Sant'Elia
12791848879,,,,Nuovo Borgo Sant'Elia
12791848881,Viale Salvatore Ferrara,,,Nuovo Borgo Sant'Elia
12791848883,,,,Nuovo Borgo Sant'Elia
12791848885,Viale Salvatore Ferrara,,,Nuovo Borgo Sant'Elia
12791848886,,,,Nuovo Borgo Sant'Elia
12791848887,Viale Salvatore Ferrara,,,Nuovo Borgo Sant'Elia
12791848888,,,,Nuovo Borgo Sant'Elia
12791848889,Viale Salvatore Ferrara,,,Nuovo Borgo Sant'Elia
12791848890,,,,Nuovo Borgo Sant'Elia
12791848892,Via Raimondo Carta Raspi,,,Nuovo Borgo Sant'Elia
12791848893,,,,Nuovo Borgo Sant'Elia
12791848895,Via Raimondo Carta Raspi,,,Nuovo Borgo Sant'Elia
12791848896,,,,Nuovo Borgo Sant'Elia
12791848898,Viale Salvatore Ferrara,,,Nuovo Borgo Sant'Elia
12791848899,,,,Nuovo Borgo Sant'Elia
12791848900,,,,Nuovo Borgo Sant'Elia
12791882601,,,,Nuovo Borgo Sant'Elia
12791882603,,,,Nuovo Borgo Sant'Elia
12791882606,,,,Nuovo Borgo Sant'Elia
12791882608,,,,Nuovo Borgo Sant'Elia
12791882611,,,,Nuovo Borgo Sant'Elia
12791882613,,,,Nuovo Borgo Sant'Elia
12791882616,,,,Nuovo Borgo Sant'Elia
12791882617,,,,Nuovo Borgo Sant'Elia
12791882618,,,,Nuovo Borgo Sant'Elia
12791882619,,,,Nuovo Borgo Sant'Elia
12791882620,,,,Nuovo Borgo Sant'Elia
12791882621,,,,Nuovo Borgo Sant'Elia
12791882622,,,,Nuovo Borgo Sant'Elia
12791882623,,,,Nuovo Borgo Sant'Elia
12791882625,,,,Nuovo Borgo Sant'Elia
12791882626,Viale Salvatore Ferrara,,,Nuovo Borgo Sant'Elia
12791882627,,,,Nuovo Borgo Sant'Elia
12791882628,,,,Nuovo Borgo Sant'Elia
12791882629,Viale Salvatore Ferrara,,,Nuovo Borgo Sant'Elia
12791882631,Via Amerigo Vespucci,,,Nuovo Borgo Sant'Elia
12791882636,,,,Nuovo Borgo Sant'Elia
12791882638,Viale Salvatore Ferrara,,,Nuovo Borgo Sant'Elia
12791882639,,,,Nuovo Borgo Sant'Elia
12791882641,,,,Nuovo Borgo Sant'Elia
12791882644,,,,Nuovo Borgo Sant'Elia
12791882646,,,,Nuovo Borgo Sant'Elia
12791882649,,,,Nuovo Borgo Sant'Elia
12791882650,,,,Nuovo Borgo Sant'Elia
12791882652,,,,Nuovo Borgo Sant'Elia
12791882655,,,,Nuovo Borgo Sant'Elia
12791882657,,,,Nuovo Borgo Sant'Elia
12791882660,,,,Nuovo Borgo Sant'Elia
12791882662,Via Amerigo Vespucci,,,Nuovo Borgo Sant'Elia
12791882663,Via Amerigo Vespucci,,,Nuovo Borgo Sant'Elia
12791882664,Viale Salvatore Ferrara,,,Nuovo Borgo Sant'Elia
12791882689,Via Amerigo Vespucci,,,Nuovo Borgo Sant'Elia
12791882692,,,,Nuovo Borgo Sant'Elia
12791882693,,,,Nuovo Borgo Sant'Elia
12791882694,,,,Nuovo Borgo Sant'Elia
12791882695,Viale Salvatore Ferrara,,,Nuovo Borgo Sant'Elia
12791882696,,,,Nuovo Borgo Sant'Elia
12791882700,,,,Nuovo Borgo Sant'Elia
12791882701,Via Amerigo Vespucci,,,Nuovo Borgo Sant'Elia
12791882702,,,,Nuovo Borgo Sant'Elia
12791882719,Via Salvatore Vidal,,,Monte Urpinu
12791882721,Via Salvatore Vidal,,,Monte Urpinu
12791882722,Via Salvatore Vidal,,,Monte Urpinu
12791882723,Via Salvatore Vidal,8,,Monte Urpinu
12791882724,Via Salvatore Vidal,4,,Monte Urpinu
12792079638,,,,Borgo Sant'Elia
12792079640,Via Gavino Gabriel,4,,Borgo Sant'Elia
12792079641,Via Gavino Gabriel,4,,Borgo Sant'Elia
12792079643,Via del Borgo Sant'Elia,48,,Borgo Sant'Elia
12792079678,Via del Borgo Sant'Elia,17,,Borgo Sant'Elia
12792079679,Via del Borgo Sant'Elia,,,Borgo Sant'Elia
12792079680,Via del Borgo Sant'Elia,17,,Borgo Sant'Elia
12792079699,Viale Calamosca,,,Borgo Sant'Elia
12792117613,Via del Borgo Sant'Elia,,,Nuovo Borgo Sant'Elia
12792117615,Via del Borgo Sant'Elia,,,Nuovo Borgo Sant'Elia
12792117617,Via del Borgo Sant'Elia,,,Nuovo Borgo Sant'Elia
12792117624,Piazza Lao Silesu,2,,Nuovo Borgo Sant'Elia
12792117633,Via Ferdinando Magellano,,,Nuovo Borgo Sant'Elia
12792117634,Via Ferdinando Magellano,,,Nuovo Borgo Sant'Elia
12792117646,Via del Borgo Sant'Elia,,,Nuovo Borgo Sant'Elia
12792117647,Via del Borgo Sant'Elia,,,Nuovo Borgo Sant'Elia
12792117648,Via del Borgo Sant'Elia,,,Borgo Sant'Elia
12798426582,Viale Poetto,314,,Poetto-Medau su Cramu
12798426583,Viale Poetto,314,,Poetto-Medau su Cramu
12798426584,Viale Poetto,310,,Poetto-Medau su Cramu
12798426585,Viale Poetto,145,,Poetto-Medau su Cramu
12798426586,Viale Poetto,306,,Poetto-Medau su Cramu
12798426587,Viale Poetto,137,,Poetto-Medau su Cramu
12798426588,Viale Poetto,304,,Poetto-Medau su Cramu
12798426589,Viale Poetto,304,,Poetto-Medau su Cramu
12798426591,Viale Poetto,302,,Poetto-Medau su Cramu
12798426592,Viale Poetto,302,,Poetto-Medau su Cramu
12798426594,Viale Poetto,135,,Poetto-Medau su Cramu
12798426595,Viale Poetto,133,,Poetto-Medau su Cramu
12798426596,Viale Poetto,296,,Poetto-Medau su Cramu
12798426597,Viale Poetto,294,,Poetto-Medau su Cramu
12798426599,Viale Poetto,294,,Poetto-Medau su Cramu
12798455601,Viale Poetto,119,,Poetto-Medau su Cramu
12798455602,Viale Poetto,119,,Poetto-Medau su Cramu
12798455603,Viale Poetto,,,Poetto-Medau su Cramu
12798455605,Via Ausonia,30,,Poetto-Medau su Cramu
12798455608,Viale Poetto,262,,Poetto-Medau su Cramu
12798455610,Viale Poetto,252,,Poetto-Medau su Cramu
12798455611,Viale Poetto,91,,Poetto-Medau su Cramu
12798455613,Viale Poetto,242,,Poetto-Medau su Cramu
12798455616,Spiaggia del Poetto,,,Poetto-Medau su Cramu
12798455618,Viale Poetto,198,,Poetto-Medau su Cramu
12798455619,Viale Poetto,198,,Poetto-Medau su Cramu
12798455620,Viale Poetto,75,,Poetto-Medau su Cramu
12798455621,Viale Poetto,75,,Poetto-Medau su Cramu
12798455622,Via Lungo Saline,,,Poetto-Medau su Cramu
12798455623,Spiaggia del Poetto,,,Poetto-Medau su Cramu
12798455624,Viale Poetto,192,,Poetto-Medau su Cramu
12798455625,Viale Poetto,192,,Poetto-Medau su Cramu
12798455626,Viale Poetto,190b,,Poetto-Medau su Cramu
12798455628,Viale Poetto,174,,Poetto-Medau su Cramu
12798455629,Viale Poetto,174,,Poetto-Medau su Cramu
12798455634,Viale Poetto,130,,Poetto-Medau su Cramu
12798455635,Viale Poetto,33,,Poetto-Medau su Cramu
12798455648,Viale Poetto,190b,,Poetto-Medau su Cramu
12798455652,Viale Poetto,59,,Poetto-Medau su Cramu
12798455660,Viale Poetto,33,,Poetto-Medau su Cramu
12798455673,Via Ausonia,30,,Poetto-Medau su Cramu
12798455675,Viale Poetto,266a,,Poetto-Medau su Cramu
12798455679,Viale Poetto,260,,Poetto-Medau su Cramu
12798455680,Viale Poetto,262,,Poetto-Medau su Cramu
12798455683,Viale Poetto,91,,Poetto-Medau su Cramu
12798455684,Viale Poetto,91,,Poetto-Medau su Cramu
12798455688,Via Isola Stromboli,5,,Poetto-Medau su Cramu
12798455689,Via Isola Stromboli,,,Poetto-Medau su Cramu
12798455690,Via Isola Stromboli,5,,Poetto-Medau su Cramu
12798455693,Via Isola Stromboli,,,Poetto-Medau su Cramu
12798455694,Via Isola Stromboli,1,,Poetto-Medau su Cramu
12798455695,Viale Poetto,83,,Poetto-Medau su Cramu
12798455699,Viale Poetto,198,,Poetto-Medau su Cramu
12798455701,Viale Poetto,198,,Poetto-Medau su Cramu
12798455714,Via Ischia,,,Poetto-Medau su Cramu
12798455715,Via Ischia,,,Poetto-Medau su Cramu
12798455716,Via Ischia,,,Poetto-Medau su Cramu
12798455719,Viale Poetto,196,,Poetto-Medau su Cramu
12798455720,Via Ischia,2,,Poetto-Medau su Cramu
12798455721,Via Ischia,,,Poetto-Medau su Cramu
12798455722,Viale Poetto,196,,Poetto-Medau su Cramu
12798455725,Viale Poetto,65,,Poetto-Medau su Cramu
12798455726,Via Ischia,6,,Poetto-Medau su Cramu
12798455731,Via Ponza,2,,Poetto-Medau su Cramu
12798455732,Via Ponza,1,,Poetto-Medau su Cramu
12798455733,Via Ponza,2,,Poetto-Medau su Cramu
12798455736,Viale Poetto,192,,Poetto-Medau su Cramu
12798455737,Via Ponza,1a,,Poetto-Medau su Cramu
12798455738,Viale Poetto,59,,Poetto-Medau su Cramu
12798455739,Via Montecristo,,,Poetto-Medau su Cramu
12798455740,Via Montecristo,,,Poetto-Medau su Cramu
12798455741,Via Montecristo,,,Poetto-Medau su Cramu
12798455742,Via Montecristo,,,Poetto-Medau su Cramu
12798455744,Via Montecristo,,,Poetto-Medau su Cramu
12798455745,Viale Poetto,174,,Poetto-Medau su Cramu
12798455749,Viale Poetto,,,Poetto-Medau su Cramu
12798455757,Viale Poetto,130,,Poetto-Medau su Cramu
12799808110,Passeggiata del porto,,,Stampaxi/Stampace
12800862460,Spiaggia del Poetto,,,Poetto-Medau su Cramu
12800871743,Viale Poetto,,,Poetto-Medau su Cramu
12800871745,Viale Poetto,304,,Poetto-Medau su Cramu
12800871746,Spiaggia del Poetto,,,Poetto-Medau su Cramu
12800871748,Spiaggia del Poetto,,,Poetto-Medau su Cramu
12800871749,Viale Poetto,,,Poetto-Medau su Cramu
12800871753,Viale Poetto,304,,Poetto-Medau su Cramu
12800871761,Spiaggia del Poetto,,,Poetto-Medau su Cramu
12800871762,Viale Poetto,,,Poetto-Medau su Cramu
12800871764,Spiaggia del Poetto,,,Poetto-Medau su Cramu
12800871765,Spiaggia del Poetto,,,Poetto-Medau su Cramu
12800871769,Viale Poetto,300,,Poetto-Medau su Cramu
12800871772,Spiaggia del Poetto,,,Poetto-Medau su Cramu
12800871777,Viale Poetto,119,,Poetto-Medau su Cramu
12800871778,Spiaggia del Poetto,,,Poetto-Medau su Cramu
12800871780,Spiaggia del Poetto,,,Poetto-Medau su Cramu
12800871781,Spiaggia del Poetto,,,Poetto-Medau su Cramu
12800871785,Viale Poetto,117,,Poetto-Medau su Cramu
12800871799,Spiaggia del Poetto,,,Poetto-Medau su Cramu
12800871812,Viale Poetto,262,,Poetto-Medau su Cramu
12800871815,Viale Poetto,,,Poetto-Medau su Cramu
12800871822,Viale Poetto,43,,Poetto-Medau su Cramu
12800871825,Spiaggia del Poetto,,,Poetto-Medau su Cramu
12800871830,Viale Poetto,296,,Poetto-Medau su Cramu
12800871837,Via Rodi,53,,Poetto-Medau su Cramu
12806317175,Strada Statale 131 dir Carlo Felice,,,Mulinu Becciu
12806317178,Strada Statale 131 dir Carlo Felice,,,Mulinu Becciu
1280720801,Vico Tredicesimo San Giovanni,1,,Biddanoa/Villanova
12810085494,Via Riccardo Bacchelli,19,,Tuvixeddu-Tuvumannu
12816776367,Viale Giardini Pubblici,,,Stampaxi/Stampace
1282786772,Strada Statale 131 dir Carlo Felice,,,Mulinu Becciu
1282795882,Asse Mediano di Scorrimento,,,Is Mirrionis
12855417872,Viale Regina Margherita,,,Bonaria
12864729367,Via Edward Jenner,,,San Michele
1288172154,Via Riva di Ponente,27,,Stampaxi/Stampace
1288172158,Viale La Plaia,21,,Stampaxi/Stampace
12921693538,Banchina San Bartolomeo,23,,Bonaria
12921693539,Calata dei Mercedari,,,Bonaria
12921693546,Calata dei Mercedari,,,Bonaria
12921693549,Calata dei Mercedari,,,Bonaria
12921693557,Calata dei Mercedari,,,Bonaria
12921693561,Calata dei Mercedari,,,Bonaria
12921693573,Calata dei Mercedari,22,,Bonaria
12921693576,Calata dei Mercedari,,,Bonaria
12921693583,,,,Bonaria
12921693586,,,,Bonaria
12921693587,,,,Bonaria
12921714119,Percorso ciclopedonale Via del Sale,,,Bonaria
12921714120,Viale Salvatore Ferrara,,,Bonaria
12921714121,Viale Salvatore Ferrara,,,Bonaria
12921714130,Piazza Marco Polo,,,Bonaria
12921714131,Calata Fiera,,,Bonaria
12921714132,Calata Fiera,,,Bonaria
12969204717,Via Praga,,,Genneruxi
12969235379,Via Cesare Pintus,2,Terram?ini - Is Bingias,Municipalidadi de Pirri/Municipalit? di Pirri
12969235380,Via Cesare Pintus,2,Terram?ini - Is Bingias,Municipalidadi de Pirri/Municipalit? di Pirri
12969235385,Via Cesare Pintus,2,Terram?ini - Is Bingias,Municipalidadi de Pirri/Municipalit? di Pirri
12969235386,Via Cesare Pintus,2,Terram?ini - Is Bingias,Municipalidadi de Pirri/Municipalit? di Pirri
12969235387,Via Andrea Vesalio,17,,Quartiere Europeo
12969235388,Via Cesare Pintus,4,Terram?ini - Is Bingias,Municipalidadi de Pirri/Municipalit? di Pirri
12969235389,Via Cesare Pintus,14,Terram?ini - Is Bingias,Municipalidadi de Pirri/Municipalit? di Pirri
12969235397,Via Cesare Pintus,,Terram?ini - Is Bingias,Municipalidadi de Pirri/Municipalit? di Pirri
12969243003,Via Giuseppe Mercalli,,,Genneruxi
12969243007,Via Giuseppe Mercalli,,,Genneruxi
12969243008,Via Giuseppe Mercalli,,,Genneruxi
12969360745,Via Mario Sironi,,San Giuseppe - Santa Teresa - Parteolla,Municipalidadi de Pirri/Municipalit? di Pirri
12984614279,Via dei Giudicati,,,Fonsarda
12984614280,Via Giudicessa Benedetta,5,,Sant'Alenixedda
12984620403,Via Abruzzi,,,San Michele
12984620408,Via Abruzzi,6,,San Michele
12984633905,Piazza Wolfgang Amadeus Mozart,,,Sant'Alenixedda
12984633906,Via Efisio Cao di San Marco,5,,Sant'Alenixedda
13009412375,,,,Sant'Avendrace-Santa Gilla
13009412382,Strada Statale 195 var Sulcitana,,,Sant'Avendrace-Santa Gilla
13011475504,Via Giuseppe Mercalli,36,,Genneruxi
13011475505,Via Giuseppe Mercalli,36,,Genneruxi
13011475507,Via Giuseppe Mercalli,,,Genneruxi
13026015591,Piazza degli Arcipelaghi,2,,Poetto-Medau su Cramu
13026015596,Piazza degli Arcipelaghi,,,Poetto-Medau su Cramu
13026015598,Piazza degli Arcipelaghi,,,Poetto-Medau su Cramu
13026042301,Piazza degli Arcipelaghi,2,,Poetto-Medau su Cramu
13026042309,Piazza degli Arcipelaghi,4,,Poetto-Medau su Cramu
13026042322,Piazza degli Arcipelaghi,4,,Poetto-Medau su Cramu
13026042372,Via Marina Piccola,3,,Borgo Sant'Elia
13036810044,Via Mosca,8,,Quartiere Europeo
13036810049,Via Parigi,12,,Quartiere Europeo
13038170988,Via Antonio Ignazio Argiolas,,San Giuseppe - Santa Teresa - Parteolla,Municipalidadi de Pirri/Municipalit? di Pirri
13038981969,Viale Buoncammino,13,,Stampaxi/Stampace
13038981972,Piazzetta Fernando Pilia,,,Stampaxi/Stampace
13038981973,Piazzetta Fernando Pilia,,,Stampaxi/Stampace
13038981975,Viale Buoncammino,11,,Stampaxi/Stampace
13038981976,Viale Buoncammino,11,,Stampaxi/Stampace
13038981979,Viale Buoncammino,7,,Stampaxi/Stampace
13042630996,Via Lepanto,2,,Lapola/Marina
13042635120,Via Roma,55a,,Lapola/Marina
13042934351,Via Roma,141,,Lapola/Marina
13045277215,Piazza degli Arcipelaghi,,,Poetto-Medau su Cramu
13045277217,Piazza degli Arcipelaghi,2,,Poetto-Medau su Cramu
13046637190,Via San Michele,97,,San Michele
13046637196,Piazza della Medaglia Miracolosa,,,San Michele
13048692783,Terrazza Umberto I,,,Castedd'e susu/Castello
13048692786,Via Universit?,1,,Castedd'e susu/Castello
13048692787,Terrazza Umberto I,,,Castedd'e susu/Castello
13048692788,Via Universit?,1,,Castedd'e susu/Castello
13048692790,Via Universit?,1,,Castedd'e susu/Castello
13048692791,Via Universit?,1,,Castedd'e susu/Castello
13048692792,Terrazza Umberto I,,,Castedd'e susu/Castello
13048692793,Terrazza Umberto I,,,Castedd'e susu/Castello
13048692794,Piazza Costituzione,9,,Castedd'e susu/Castello
13048692795,Via Universit?,1,,Castedd'e susu/Castello
13048692796,Terrazza Umberto I,,,Castedd'e susu/Castello
13048692797,Piazza Costituzione,9a,,Castedd'e susu/Castello
13048692798,Via Universit?,1,,Castedd'e susu/Castello
13052210599,Via dei Valenzani,10,,Is Mirrionis
13074266750,Piazza Giovanni Medas,,Terram?ini - Is Bingias,Municipalidadi de Pirri/Municipalit? di Pirri
13074266753,Piazza Giovanni Medas,,Terram?ini - Is Bingias,Municipalidadi de Pirri/Municipalit? di Pirri
13074447613,Viale Buoncammino,1,,Stampaxi/Stampace
13074447616,Traversa di Via Francesco Carrara,,,Bonaria
13074447617,Traversa di Via Francesco Carrara,16,,Bonaria
13074447618,Traversa di Via Ancona,,,Bonaria
13074447625,Via Alberto Lamarmora,48,,Castedd'e susu/Castello
13074447626,Via dei Genovesi,56,,Castedd'e susu/Castello
13074470731,Via Antonio De Curtis,,Is Campus,Municipalidadi de Pirri/Municipalit? di Pirri
13074470733,Via Antonio De Curtis,,Is Campus,Municipalidadi de Pirri/Municipalit? di Pirri
13074470734,Vico Primo Infante Alfonso,7,,Sant'Avendrace-Santa Gilla
13075498287,Via del Borgo Sant'Elia,,,Borgo Sant'Elia
13075498288,Via delle Ginestre,52,San Giuseppe - Santa Teresa - Parteolla,Municipalidadi de Pirri/Municipalit? di Pirri
13075498289,Via delle Ginestre,52,San Giuseppe - Santa Teresa - Parteolla,Municipalidadi de Pirri/Municipalit? di Pirri
13075498290,Via delle Ginestre,51,San Giuseppe - Santa Teresa - Parteolla,Municipalidadi de Pirri/Municipalit? di Pirri
13075498291,Via Giuseppe Antonio Lonis,,San Giuseppe - Santa Teresa - Parteolla,Municipalidadi de Pirri/Municipalit? di Pirri
13075503704,Via dell'Oleandro,31,,Fonsarda
13075503705,Via Girolamo Imparato,,,Fonsarda
13075503711,Via Duccio Galimberti,,Terram?ini - Is Bingias,Municipalidadi de Pirri/Municipalit? di Pirri
13075503712,Via Salvo D'Acquisto,2,Terram?ini - Is Bingias,Municipalidadi de Pirri/Municipalit? di Pirri
13075574206,Via dei Cigni,2,,Quartiere del Sole
13075574216,Viale Poetto,5,,La Palma
13075574217,Viale Poetto,5,,La Palma
13075574218,Viale Poetto,5,,La Palma
13075574219,Viale Poetto,5,,La Palma
13075574221,Viale Poetto,5,,La Palma
13075574222,Viale Poetto,5,,La Palma
13075574227,Viale San Bartolomeo,,,Nuovo Borgo Sant'Elia
13075574228,Viale San Bartolomeo,4,,La Palma
13075574253,Via Africo,,,La Palma
13075574254,Via Favonio,5,,La Palma
13075574281,Via Aquilone,13,,La Palma
13075574282,Via Aquilone,17,,La Palma
13075574504,Via del Sole,11,,Quartiere del Sole
13075574511,Via degli Usignoli,1,,Quartiere del Sole
13075574534,Via Giuseppe Macciotta,,Is Campus,Municipalidadi de Pirri/Municipalit? di Pirri
13075588559,Via Serafino Esquirro,,Is Campus,Municipalidadi de Pirri/Municipalit? di Pirri
13075588561,Via Renato Cartesio,,Terram?ini - Is Bingias,Municipalidadi de Pirri/Municipalit? di Pirri
13075588562,Via Renato Cartesio,,Terram?ini - Is Bingias,Municipalidadi de Pirri/Municipalit? di Pirri
13075588564,Via Renato Cartesio,,Terram?ini - Is Bingias,Municipalidadi de Pirri/Municipalit? di Pirri
13075588567,Via Luigi Piloni,,Is Campus,Municipalidadi de Pirri/Municipalit? di Pirri
13075588569,Via Paolo Spriano,28,Is Campus,Municipalidadi de Pirri/Municipalit? di Pirri
13075733941,Via Pietro Martini,14,,Castedd'e susu/Castello
13075733945,Piazza Palazzo,,,Castedd'e susu/Castello
13075733946,Piazza Palazzo,4a,,Castedd'e susu/Castello
13075733950,Vico di Via Conte Verde,,San Giuseppe - Santa Teresa - Parteolla,Municipalidadi de Pirri/Municipalit? di Pirri
13075733951,Vico di Via Conte Verde,,San Giuseppe - Santa Teresa - Parteolla,Municipalidadi de Pirri/Municipalit? di Pirri
13075755562,Vico Quarto di Via Enrico Toti,19,San Giuseppe - Santa Teresa - Parteolla,Municipalidadi de Pirri/Municipalit? di Pirri
13075755566,Vico di Viale Armando Diaz,2,,Bonaria
13075755572,Vico di Viale Armando Diaz,2,,Bonaria
13075891026,Viale Sant'Avendrace,214a,,Sant'Avendrace-Santa Gilla
13075891043,Vico Primo di Viale Monastir,,,Sant'Avendrace-Santa Gilla
13075891044,Vico Primo di Viale Monastir,,,Sant'Avendrace-Santa Gilla
13075891051,Via San Paolo,3,,Sant'Avendrace-Santa Gilla
13075891054,Via San Paolo,5,,Sant'Avendrace-Santa Gilla
13075891055,Via San Paolo,7,,Sant'Avendrace-Santa Gilla
13075891059,Via San Paolo,1,,Sant'Avendrace-Santa Gilla
13075891064,Vico Secondo di Viale Elmas,,,Sant'Avendrace-Santa Gilla
13075891066,Vico Secondo di Viale Elmas,,,Sant'Avendrace-Santa Gilla
13075891072,Vico Primo di Viale Elmas,,,Sant'Avendrace-Santa Gilla
13075891073,Viale Elmas,45,,Sant'Avendrace-Santa Gilla
13075891074,Vico Terzo di Via Sant'Eusebio,10,,Bonaria
13075891079,Vico Primo di Via Is Arenas,4,,Poetto-Medau su Cramu
1309637796,Via dei Calafati,32,,Stampaxi/Stampace
1309638225,Molo di Ponente,,,Stampaxi/Stampace
1309638377,,,,Sant'Avendrace-Santa Gilla
1309638458,Viale Salvatore Ferrara,,,Nuovo Borgo Sant'Elia
1309638472,,,,Sant'Avendrace-Santa Gilla
1309638506,,,,Sant'Avendrace-Santa Gilla
1309638510,Strada Statale 195 var Sulcitana,,,Sant'Avendrace-Santa Gilla
1309638543,Strada Statale 195 var Sulcitana,,,Sant'Avendrace-Santa Gilla
1309638643,Via dei Calafati,24,,Stampaxi/Stampace
1309638776,Via dei Calafati,17,,Stampaxi/Stampace
1309638831,Via Piero Schiavazzi,,,Nuovo Borgo Sant'Elia
1309638865,Via dei Calafati,30,,Stampaxi/Stampace
1309638941,,,,Sant'Avendrace-Santa Gilla
1309638951,Strada Statale 195 var Sulcitana,,,Sant'Avendrace-Santa Gilla
1309639202,Strada Statale 195 var Sulcitana,,,Sant'Avendrace-Santa Gilla
1309639208,Via dei Calafati,,,Stampaxi/Stampace
1309639233,Strada Statale 195 var Sulcitana,,,Sant'Avendrace-Santa Gilla
1309639332,,,,Sant'Avendrace-Santa Gilla
1309639342,,,,Sant'Avendrace-Santa Gilla
1309639471,,,,Sant'Avendrace-Santa Gilla
1309639495,Via Samuele Utzeri,,,Nuovo Borgo Sant'Elia
1309639553,Strada Statale 195 var Sulcitana,,,Sant'Avendrace-Santa Gilla
1309639721,Strada Statale 195 var Sulcitana,,,Sant'Avendrace-Santa Gilla
13100276605,Piazza Costituzione,,,Biddanoa/Villanova
13123028109,Viale Calamosca,37,,Borgo Sant'Elia
13152930684,Traversa di Viale La Plaia,,,Stampaxi/Stampace
13152930686,Viale La Plaia,,,Stampaxi/Stampace
13152930687,Via Sassari,,,Stampaxi/Stampace
13152930691,Via Sassari,,,Stampaxi/Stampace
13152930692,Traversa di Viale La Plaia,,,Stampaxi/Stampace
13152930695,Viale La Plaia,,,Stampaxi/Stampace
13152930699,Via Sassari,,,Stampaxi/Stampace
13152930700,Via Sassari,,,Stampaxi/Stampace
13152930701,Via Sassari,,,Stampaxi/Stampace
13152930704,Via Sassari,,,Stampaxi/Stampace
13152930718,Via Sassari,,,Stampaxi/Stampace
13152930719,Viale La Plaia,,,Stampaxi/Stampace
13152930720,Traversa di Viale La Plaia,,,Stampaxi/Stampace
13152930721,Viale La Plaia,,,Stampaxi/Stampace
13152930722,Viale La Plaia,,,Stampaxi/Stampace
13152930726,Viale La Plaia,,,Stampaxi/Stampace
13152930728,Via Sassari,,,Stampaxi/Stampace
13152930729,Via Sassari,,,Stampaxi/Stampace
13152930734,Via Sassari,,,Stampaxi/Stampace
13152930738,Via Sassari,24,,Stampaxi/Stampace
1315493867,Strada Statale 554 Cagliaritana,,,Mulinu Becciu
1315493871,Strada Statale 554 Cagliaritana,,,Sant'Avendrace-Santa Gilla
13174939108,Viale La Plaia,,,Stampaxi/Stampace
1317790873,,,,Sant'Avendrace-Santa Gilla
1317790874,,,,Sant'Avendrace-Santa Gilla
1317790887,,,,Sant'Avendrace-Santa Gilla
1317790888,,,,Sant'Avendrace-Santa Gilla
1317790893,,,,Sant'Avendrace-Santa Gilla
13192135505,Strada Conti Vecchi,,,Sant'Avendrace-Santa Gilla
13192135506,Strada Conti Vecchi,,,Sant'Avendrace-Santa Gilla
13192135512,Strada Conti Vecchi,,,Sant'Avendrace-Santa Gilla
13192135516,Strada Conti Vecchi,,,Sant'Avendrace-Santa Gilla
13194399109,Via Avogadro di Collobiano,33a,,CEP
13194399115,Via Evangelista Torricelli,12,,CEP
13194399116,Via Archimede,2,,CEP
13194399118,Via Archimede,2,,CEP
1320036073,Via del Fossario,26,,Castedd'e susu/Castello
1320082628,Portico Vivaldi Pasqua,,,Castedd'e susu/Castello
1320082632,Vico Secondo di Via dei Genovesi,1,,Castedd'e susu/Castello
1320082642,Via Nicol? Canelles,10,,Castedd'e susu/Castello
1320082650,Viale Regina Elena,2,,Castedd'e susu/Castello
1320090762,Piazza Goffredo Angioni,1,,Castedd'e susu/Castello
13208925273,Strada Statale 131 dir Carlo Felice,,,Mulinu Becciu
13208925274,Strada Statale 131 dir Carlo Felice,,,Mulinu Becciu
13208925276,Strada Statale 131 dir Carlo Felice,,,Mulinu Becciu
13236897768,,,,Mulinu Becciu
13236897769,,,,Mulinu Becciu
13236897773,Strada Comunale Cuccuru Biancu,,,Mulinu Becciu
13236897775,,,,Mulinu Becciu
13236897781,,,,Mulinu Becciu
13236903203,Strada Comunale Cuccuru Biancu,,,Mulinu Becciu
13236903207,,,,Mulinu Becciu
13236903210,Strada Statale 131 dir Carlo Felice,,,Mulinu Becciu
13236903213,,,,Mulinu Becciu
13236903248,,,,Mulinu Becciu
13236903255,,,,Mulinu Becciu
13248789833,Via Marina Piccola,,,Borgo Sant'Elia
13248790172,Via Marina Piccola,,,Borgo Sant'Elia
13248790175,Via Marina Piccola,,,Borgo Sant'Elia
13248873080,Via Marina Piccola,,,Borgo Sant'Elia
13248873086,Via Marina Piccola,,,Borgo Sant'Elia
13248873087,Via Marina Piccola,,,Borgo Sant'Elia
13248873093,Via Marina Piccola,,,Borgo Sant'Elia
13248887914,Via Marina Piccola,,,Borgo Sant'Elia
13248902236,Via Marina Piccola,,,Borgo Sant'Elia
13248902237,Via Marina Piccola,,,Borgo Sant'Elia
13248902250,Via Marina Piccola,,,Borgo Sant'Elia
13248902275,Via Marina Piccola,,,Borgo Sant'Elia
13251409775,Via San Simone,,,Sant'Avendrace-Santa Gilla
13251427859,,,,Sant'Avendrace-Santa Gilla
13265764121,Via Guglielmo Marconi,,Terram?ini - Is Bingias,Municipalidadi de Pirri/Municipalit? di Pirri
13266798295,Dorsale Consortile,,,Sant'Avendrace-Santa Gilla
13266833874,Viale Elmas,160,,Sant'Avendrace-Santa Gilla
13266833878,,,,Sant'Avendrace-Santa Gilla
13277915446,Via dei Pescatori,,,Sant'Avendrace-Santa Gilla
13278094143,,,,Sant'Avendrace-Santa Gilla
1327981903,Scalette San Giorgio,,,Stampaxi/Stampace
1327985937,Via Sant'Efisio,54,,Stampaxi/Stampace
13283310085,Via del Commercio,6,,Sant'Avendrace-Santa Gilla
13283345517,Via del Commercio,19,,Sant'Avendrace-Santa Gilla
1328857478,Largo Carlo Felice di Savoia,76,,Stampaxi/Stampace
13296601307,,,,Stampaxi/Stampace
13296601316,Via Sassari,24,,Stampaxi/Stampace
13296601317,Via Sassari,26,,Stampaxi/Stampace
1329785484,Viale Bonaria,43,,Bonaria
1329785498,Viale Bonaria,,,Bonaria
1329845643,Via Cristoforo Colombo,3,,Bonaria
1329870453,Via Cristoforo Colombo,48,,Bonaria
1329870502,Via Cristoforo Colombo,48,,Bonaria
1329875497,Via Cristoforo Colombo,44,,Bonaria
13305165220,Dorsale Consortile,,,Sant'Avendrace-Santa Gilla
13305165223,Dorsale Consortile,,,Sant'Avendrace-Santa Gilla
13307995971,,,,Sant'Avendrace-Santa Gilla
13307995978,Strada Statale 195 Sulcitana,,,Sant'Avendrace-Santa Gilla
13307995979,Strada Statale 195 Sulcitana,,,Sant'Avendrace-Santa Gilla
13307995980,Strada Statale 195 Sulcitana,,,Sant'Avendrace-Santa Gilla
13307995981,,,,Sant'Avendrace-Santa Gilla
13307995984,,,,Sant'Avendrace-Santa Gilla
13316351506,Via Fiume,,,Castedd'e susu/Castello
13316351509,Piazzetta Aquilino Cannas,,,Castedd'e susu/Castello
1332634017,Traversa di Viale La Plaia,3,,Stampaxi/Stampace
1332634020,Traversa di Viale La Plaia,1,,Stampaxi/Stampace
1332634055,Traversa di Viale La Plaia,3,,Stampaxi/Stampace
1332634058,Traversa di Viale La Plaia,3,,Stampaxi/Stampace
1332634061,Vico Primo di Viale La Plaia,9,,Stampaxi/Stampace
1332634064,Traversa di Viale La Plaia,1,,Stampaxi/Stampace
1332634067,Traversa di Viale La Plaia,3,,Stampaxi/Stampace
1332634071,Traversa di Viale La Plaia,3,,Stampaxi/Stampace
1332634100,Vico Primo di Viale La Plaia,5,,Stampaxi/Stampace
1332634106,Vico Primo di Viale La Plaia,2,,Stampaxi/Stampace
1332634117,Traversa di Viale La Plaia,3,,Stampaxi/Stampace
1332641273,Via Sa Perdixedda,13,,Stampaxi/Stampace
1332645340,Via San Paolo,17,,Sant'Avendrace-Santa Gilla
1332662027,Via San Paolo,17,,Sant'Avendrace-Santa Gilla
1332668605,Strada statale 195 racc Via San Paolo,,,Sant'Avendrace-Santa Gilla
1332668613,Via Campo Scipione,,,Sant'Avendrace-Santa Gilla
1332668631,Strada statale 195 racc Via San Paolo,,,Sant'Avendrace-Santa Gilla
1332668667,SS195racc,,,Sant'Avendrace-Santa Gilla
1332688735,Via Campo Scipione,,,Sant'Avendrace-Santa Gilla
1332688740,,,,Sant'Avendrace-Santa Gilla
1332699836,,,,Sant'Avendrace-Santa Gilla
1332726235,Via Po,4,,Sant'Avendrace-Santa Gilla
1332736340,Via Adige,6,,Sant'Avendrace-Santa Gilla
1332736342,Via Ticino,5,,Sant'Avendrace-Santa Gilla
1332736345,Via Arno,9,,Sant'Avendrace-Santa Gilla
1332755542,Via Tagliamento,32,,Sant'Avendrace-Santa Gilla
1332755558,Vico Terzo di Viale Sant'Avendrace,3,,Sant'Avendrace-Santa Gilla
1332757721,Via Santa Gilla,11,,Sant'Avendrace-Santa Gilla
1332760158,Viale Trieste,188,,Sant'Avendrace-Santa Gilla
1332761769,Viale Sant'Avendrace,65,,Sant'Avendrace-Santa Gilla
1332761772,Via Coghinas,15,,Sant'Avendrace-Santa Gilla
1332765156,Viale Sant'Avendrace,2,,Sant'Avendrace-Santa Gilla
1332765166,Viale Trento,,,Sant'Avendrace-Santa Gilla
1332765195,Viale Sant'Avendrace,8,,Sant'Avendrace-Santa Gilla
1332769850,Piazza Ferruccio Sorcinelli,3,,Sant'Avendrace-Santa Gilla
1332769851,Viale Trieste,186,,Sant'Avendrace-Santa Gilla
1332769852,Viale Trento,85,,Sant'Avendrace-Santa Gilla
1332769856,Viale Trieste,180,,Sant'Avendrace-Santa Gilla
1332769863,Piazza Ferruccio Sorcinelli,3,,Sant'Avendrace-Santa Gilla
1332769864,Piazza Ferruccio Sorcinelli,2,,Sant'Avendrace-Santa Gilla
1332769866,Viale Trieste,,,Sant'Avendrace-Santa Gilla
1332769867,Viale Trento,,,Sant'Avendrace-Santa Gilla
1332769868,Piazza Ferruccio Sorcinelli,3,,Sant'Avendrace-Santa Gilla
1332770281,Via Zara,1,,Sant'Avendrace-Santa Gilla
1332772993,Via Carso,3,,Tuvixeddu-Tuvumannu
1332773674,Via Nervesa della Battaglia,,,Tuvixeddu-Tuvumannu
1332775380,Via Sant'Ignazio da Laconi,80,,Stampaxi/Stampace
1332785523,Viale Trieste,137,,Sant'Avendrace-Santa Gilla
1332793012,Corso Vittorio Emanuele Secondo,271,,Stampaxi/Stampace
1332793354,,,,Stampaxi/Stampace
1332797937,Via Giovanni Maria Angioy,72,,Stampaxi/Stampace
1333240147,Via Fiume,,,Castedd'e susu/Castello
1333240911,,,,Stampaxi/Stampace
1333248864,Via Aurelio Nicolodi,,,Stampaxi/Stampace
1333254596,Via dell'Anfiteatro,,,Stampaxi/Stampace
1333254610,Via dell'Anfiteatro,2,,Stampaxi/Stampace
1333254617,Via Palabanda,,,Stampaxi/Stampace
1333254630,Via dell'Anfiteatro,,,Stampaxi/Stampace
1333254631,Via dell'Anfiteatro,,,Stampaxi/Stampace
1333254643,Via dell'Anfiteatro,,,Stampaxi/Stampace
1333269449,Via dei Genovesi,126,,Castedd'e susu/Castello
1333324444,Via Carlo Buragna,61,,Stampaxi/Stampace
1333324471,Via Sant'Efisio,39,,Stampaxi/Stampace
13333585773,,,,Sant'Avendrace-Santa Gilla
13333585774,,,,Sant'Avendrace-Santa Gilla
13333585777,,,,Sant'Avendrace-Santa Gilla
13333594610,,,,Sant'Avendrace-Santa Gilla
1333359519,Via Don Giovanni Bosco,10,,Stampaxi/Stampace
1333381597,Via Edmondo De Magistris,19,,Tuvixeddu-Tuvumannu
1333381613,Via Oslavia,,,Tuvixeddu-Tuvumannu
1333397931,Colle dei Punici,15,,Tuvixeddu-Tuvumannu
1333404041,Sentiero nel parco di Tuvixeddu,,,Tuvixeddu-Tuvumannu
1333422447,Via Montenotte,,,Tuvixeddu-Tuvumannu
1333422448,Viale Luigi Merello,,,Stampaxi/Stampace
1333422451,Via Montenotte,,,Tuvixeddu-Tuvumannu
1333422472,Via Marengo,2b,,Tuvixeddu-Tuvumannu
1333422478,Via Marengo,2c,,Tuvixeddu-Tuvumannu
1333422479,Via Marengo,2,,Tuvixeddu-Tuvumannu
1333422487,Via Montenotte,,,Tuvixeddu-Tuvumannu
1333432231,Vico Terzo di Viale Luigi Merello,1,,Stampaxi/Stampace
1333432404,Via dell'Anfiteatro,,,Stampaxi/Stampace
1333438940,Viale Monsignor Luigi Giussani,,,Stampaxi/Stampace
1333438964,Viale Monsignor Luigi Giussani,,,Stampaxi/Stampace
1333438976,Via Sant'Ignazio da Laconi,92b,,Stampaxi/Stampace
1333456291,Viale Monsignor Luigi Giussani,,,Stampaxi/Stampace
1333468619,Viale San Vincenzo,,,Stampaxi/Stampace
1333468623,Largo Giuseppe Dess?,,,Stampaxi/Stampace
1333468657,Via Ubaldo Badas,1,,Castedd'e susu/Castello
1333468668,Largo Giuseppe Dess?,,,Stampaxi/Stampace
1333481510,Vico Secondo di Via San Giovanni,1,,Biddanoa/Villanova
1333481520,Vico Primo di Via San Giovanni,2,,Biddanoa/Villanova
1333481527,Viale Regina Margherita,101,,Biddanoa/Villanova
1333481557,Viale Regina Elena,10,,Castedd'e susu/Castello
1333481578,Vico Secondo di Via Vincenzo Sulis,2,,Biddanoa/Villanova
1333484982,Via Eleonora d'Arborea,39,,Biddanoa/Villanova
1333488139,Via Giuseppe Garibaldi,,,Biddanoa/Villanova
1333502736,Via Luigi Einaudi,60,,Biddanoa/Villanova
1333520924,Via Guglielmo Marconi,41,,Genneruxi
1333520933,Via Guglielmo Marconi,41,,Genneruxi
1333520978,Via Luigi Galvani,1,,Genneruxi
1333538903,Via Luigi Galvani,29a,,Genneruxi
1333538951,Via Guglielmo Marconi,135,,Genneruxi
1333538956,Via Guglielmo Marconi,107,,Genneruxi
1333579139,Via Praga,,,Genneruxi
1333579155,Via Praga,,,Genneruxi
1333579156,Via Costantinopoli,65,,Genneruxi
1333579158,Via Zagabria,39,,Genneruxi
1333579161,Via Praga,,,Genneruxi
1333579170,Via Zagabria,46,,Genneruxi
1333579171,Via Zagabria,1,,Genneruxi
1333579208,Via Zagabria,49,,Genneruxi
1333579216,Via Zagabria,46,,Genneruxi
1333581907,Piazza Marsiglia,,,Genneruxi
1333581909,Piazza Marsiglia,1,,Genneruxi
1333582987,Vico di Via Tel Aviv,7,,Genneruxi
1333582989,Via Luigi Galvani,48,,Genneruxi
1333582990,Vico di Via Tel Aviv,7,,Genneruxi
1333585763,Via L'Aja,2,,Genneruxi
1333585783,Via L'Aja,19,,Genneruxi
1333588074,Via Cettigne,24,,Genneruxi
1333588088,Via Cettigne,33,,Genneruxi
1333599102,Via Copenaghen,30,,Genneruxi
1333599104,Via Copenaghen,16,,Genneruxi
1333602815,Via Bucarest,13b,,Genneruxi
1333602817,Via Bucarest,11,,Genneruxi
1333604593,Via Sofia,18,,Genneruxi
1333604603,Via Sofia,2,,Genneruxi
1333604608,Via Sofia,1,,Genneruxi
1333604610,Via Sofia,8,,Genneruxi
1333611743,Via Paolo Paruta,6,,Sant'Alenixedda
1333617490,Via Matteo Bandello,12,,Fonsarda
1333620486,Via Ignazio Serra,2,,Fonsarda
1333620491,Via Pietro Bembo,,,Fonsarda
1333620497,Via Pietro Bembo,,,Fonsarda
1333620510,Via Monsignor Giovanni Della Casa,5,,Fonsarda
1333620514,Via Monsignor Giovanni Della Casa,6,,Fonsarda
1333620523,Via Matteo Bandello,46,,Fonsarda
1333620528,Via Ignazio Serra,4,,Fonsarda
1333624822,Via delle Rane,48,Monteleone - Santa Rosalia,Municipalidadi de Pirri/Municipalit? di Pirri
1333624833,Via dell'Edera,2,Monteleone - Santa Rosalia,Municipalidadi de Pirri/Municipalit? di Pirri
1333625644,Via Salvatore Rosa,26,,Fonsarda
1333638252,Via Salvatore Rosa,,,Fonsarda
1333638287,Via Salvatore Rosa,,,Fonsarda
1333638292,Via Salvatore Rosa,8,,Fonsarda
1333638303,Via Salvatore Rosa,,,Fonsarda
1333638337,Via Salvatore Rosa,,,Fonsarda
1333640201,Via Salvatore Rosa,8,,Fonsarda
1333652525,Via dei Giudicati,,,Sant'Alenixedda
1333652535,Via Medaglie d'Oro,1,,Fonsarda
1333652562,Via del Nastro Azzurro,1a,,Fonsarda
1333660370,,,,Fonsarda
1333667986,Via Francesco Salaris,39,,Sant'Alenixedda
1333668001,Via Sant'Alenixedda,89,,Sant'Alenixedda
1333669528,Via Sant'Alenixedda,79,,Sant'Alenixedda
1333670647,Via Ottone Bacaredda,91,,Sant'Alenixedda
1333679578,Via Torquato Tasso,9,,Sant'Alenixedda
1333679579,Via Guido Reni,10,,Sant'Alenixedda
1333679580,Via Giuseppe Parini,9,,Sant'Alenixedda
1333679581,Via Torquato Tasso,37,,Sant'Alenixedda
1333679582,Via Raffaello Sanzio,4,,Sant'Alenixedda
1333679583,Via Giuseppe Parini,2,,Sant'Alenixedda
1333682832,Via San Saturnino,56,,La Vega
1333682835,Via San Saturnino,101a,,Biddanoa/Villanova
1333682837,Via Tristani,14b,,Biddanoa/Villanova
1333682844,Via San Saturnino,56,,La Vega
1333684519,Via San Saturnino,38,,Biddanoa/Villanova
1333686335,Piazza San Rocco,9,,Biddanoa/Villanova
1333686339,Piazza San Rocco,4,,Biddanoa/Villanova
1333686347,Vico Decimo di Via San Giovanni,2,,Biddanoa/Villanova
1333686354,Via San Saturnino,93,,Biddanoa/Villanova
1333686356,Via San Giovanni,361a,,Biddanoa/Villanova
1333686367,Via San Saturnino,91,,Biddanoa/Villanova
1333686368,Vico Undicesimo di Via San Giovanni,2,,Biddanoa/Villanova
1333687436,Piazza San Rocco,,,Biddanoa/Villanova
1333703552,Via Garfagnana,1,,La Vega
1333703582,Via Garfagnana,,,La Vega
1333727948,Via Is Mirrionis,,,Is Mirrionis
1333730749,Via Saverio Mattei,40,,Is Mirrionis
1333738464,Via Is Mirrionis,1,,Is Mirrionis
1333738467,Viale San Vincenzo,,,Is Mirrionis
1333738828,Viale San Vincenzo,,,Is Mirrionis
1333738829,Via Is Mirrionis,,,Is Mirrionis
1333738831,Via Basilicata,,,Is Mirrionis
1333744103,Via Santi Lorenzo e Pancrazio,15d,,Stampaxi/Stampace
1333745642,Via Belvedere,3,,Stampaxi/Stampace
1333745650,Via Belvedere,12,,Stampaxi/Stampace
1333750252,Via Liguria,,,La Vega
1333750271,Piazza John Fitzgerald Kennedy,,,La Vega
1333750276,Via La Vega,22,,La Vega
1333750277,Piazza John Fitzgerald Kennedy,,,La Vega
1333750283,Piazza John Fitzgerald Kennedy,,,La Vega
1333751050,Via Liguria,,,Is Mirrionis
1333751052,Via Liguria,17,,Is Mirrionis
1333751060,Via Liguria,11,,Is Mirrionis
1333751062,Via Liguria,,,Is Mirrionis
1333751069,Via Saverio Mattei,3,,Is Mirrionis
1333753569,Via dei Valenzani,,,Is Mirrionis
1333753578,Via Giovanni Capula,,,Fonsarda
1333758045,Viale Francesco Ciusa,2,,Is Mirrionis
1333759863,Via dei Visconti,17,,Fonsarda
1333759865,Via Giudice Chiano,22,,Fonsarda
1333761790,Viale Francesco Ciusa,67,,Fonsarda
1333769321,Via dei Valenzani,6,,Is Mirrionis
1333784661,Via dei Doria,2,Monteleone - Santa Rosalia,Municipalidadi de Pirri/Municipalit? di Pirri
1333784683,Via Chiesa,64a,Monteleone - Santa Rosalia,Municipalidadi de Pirri/Municipalit? di Pirri
1333784686,Via Francesco Ferrucci,1,San Giuseppe - Santa Teresa - Parteolla,Municipalidadi de Pirri/Municipalit? di Pirri
1333791629,Via Francesco Ferrucci,12,San Giuseppe - Santa Teresa - Parteolla,Municipalidadi de Pirri/Municipalit? di Pirri
1333799008,Via Enrico Toti,76,San Giuseppe - Santa Teresa - Parteolla,Municipalidadi de Pirri/Municipalit? di Pirri
1333799022,Via Balilla,75,San Giuseppe - Santa Teresa - Parteolla,Municipalidadi de Pirri/Municipalit? di Pirri
1333799027,Vico Terzo di Via Balilla,10,Villa Doloretta,Municipalidadi de Pirri/Municipalit? di Pirri
1333804001,Via dei Tigli,4,Villa Doloretta,Municipalidadi de Pirri/Municipalit? di Pirri
1333804004,Via degli Ortolani,1,Villa Doloretta,Municipalidadi de Pirri/Municipalit? di Pirri
1333804007,Via delle Greggi,18,Villa Doloretta,Municipalidadi de Pirri/Municipalit? di Pirri
1333806741,Via delle Greggi,42,Villa Doloretta,Municipalidadi de Pirri/Municipalit? di Pirri
1333843240,Via Diego Gregorio Cadello,11,,Is Mirrionis
1333843246,Via Diego Gregorio Cadello,11,,Is Mirrionis
1333843251,Via Diego Gregorio Cadello,,,Is Mirrionis
1333843261,Via Diego Gregorio Cadello,11,,Is Mirrionis
1333852986,Via Robert Koch,9,,Is Mirrionis
1333852987,Via Robert Koch,7,,Is Mirrionis
1333854086,Via Claudio Galeno,13,,San Michele
1333854088,Via Luigi Castaldi,2,,Is Mirrionis
1333856919,Via Edward Jenner,1b,,Is Mirrionis
1333862656,Via Edward Jenner,7,,Is Mirrionis
1333862658,Via Edward Jenner,3,,Is Mirrionis
1333862685,Via Edward Jenner,16,,San Michele
1333866786,Via Edward Jenner,21,,San Michele
1333873303,Via Edward Jenner,,,San Michele
1333873306,Via Edward Jenner,,,San Michele
1333879146,Via Edward Jenner,,,San Michele
1333879177,Pronto Soccorso,,,San Michele
1333888864,Via Giuseppe Peretti,5,,San Michele
1333888873,Via Giuseppe Peretti,5,,San Michele
1333895297,Via Alfonso Ligas,53,,San Michele
1333895305,Via Alfonso Ligas,6,,San Michele
1333923060,Via Vittore Carpaccio,5,,Mulinu Becciu
1333923080,Via Vittore Carpaccio,5,,Mulinu Becciu
1333925912,Via Gavino Dessy Deliperi,14,,Mulinu Becciu
1333925913,Via Giuseppe Brotzu,,,Mulinu Becciu
1333928079,Via Giuseppe Asquer,2,,Mulinu Becciu
1333941096,Via Il Perugino,11,,Mulinu Becciu
1333943681,Piazza delle Muse,10b,,Mulinu Becciu
1333945894,Piazza delle Muse,11,,Mulinu Becciu
1333959783,Via Tamburino Sardo,53,Barracca Manna,Municipalidadi de Pirri/Municipalit? di Pirri
1333978302,Via Alberto Savinio,5,San Giuseppe - Santa Teresa - Parteolla,Municipalidadi de Pirri/Municipalit? di Pirri
1333978303,Via Costantino Nivola,1,San Giuseppe - Santa Teresa - Parteolla,Municipalidadi de Pirri/Municipalit? di Pirri
1333988594,Via Italia,163,Terram?ini - Is Bingias,Municipalidadi de Pirri/Municipalit? di Pirri
1333988603,Via Lauro De Bosis,7,San Giuseppe - Santa Teresa - Parteolla,Municipalidadi de Pirri/Municipalit? di Pirri
1333989892,,,Terram?ini - Is Bingias,Municipalidadi de Pirri/Municipalit? di Pirri
1333989906,,,Terram?ini - Is Bingias,Municipalidadi de Pirri/Municipalit? di Pirri
1333989920,,,Terram?ini - Is Bingias,Municipalidadi de Pirri/Municipalit? di Pirri
1334347783,Via Po,26,,Sant'Avendrace-Santa Gilla
1334347785,Via Po,,,Sant'Avendrace-Santa Gilla
1334347788,Via Santa Gilla,135,,Sant'Avendrace-Santa Gilla
1334351927,Via Po,,,Sant'Avendrace-Santa Gilla
1334351928,Via Po,,,Sant'Avendrace-Santa Gilla
1334502910,Via San Simone,60,,Sant'Avendrace-Santa Gilla
1334502911,Via San Simone,,,Sant'Avendrace-Santa Gilla
1334502930,Via San Simone,,,Sant'Avendrace-Santa Gilla
1334502975,Via San Simone,,,Sant'Avendrace-Santa Gilla
1334511669,,,,Sant'Avendrace-Santa Gilla
1334511677,,,,Sant'Avendrace-Santa Gilla
1334511679,,,,Sant'Avendrace-Santa Gilla
1334511689,,,,Sant'Avendrace-Santa Gilla
1334519520,Strada statale 195 racc Via San Paolo,,,Sant'Avendrace-Santa Gilla
1334519553,E 25,,,Sant'Avendrace-Santa Gilla
1334519581,Via San Simone,,,Sant'Avendrace-Santa Gilla
1334519635,Via San Simone,,,Sant'Avendrace-Santa Gilla
1334538457,Via Adige,34,,Sant'Avendrace-Santa Gilla
1334538460,Via Adige,34,,Sant'Avendrace-Santa Gilla
1334538463,Via Adige,,,Sant'Avendrace-Santa Gilla
13347746202,Piazza Pitagora,,,CEP
13347746207,Via Archimede,2,,CEP
13347746211,Via Archimede,2,,CEP
13347746216,Via Flavio Gioia,14,,CEP
13347746219,Via Paolo Ruffini,7b,,CEP
13347746220,Via Archimede,2,,CEP
13348123810,Viale Salvatore Ferrara,,,Bonaria
13348123811,Via Sebastiano Caboto,,,Bonaria
13348123818,Via Vittorio Porcile,1,,Lapola/Marina
13348123826,Via Roma,63,,Lapola/Marina
1335370836,Vico Secondo di Viale Sant'Avendrace,,,Sant'Avendrace-Santa Gilla
1335370858,Via Codroipo,,,Sant'Avendrace-Santa Gilla
1335409829,Via Is Mirrionis,,,Tuvixeddu-Tuvumannu
1335434809,Via Ogliastra,,,Is Mirrionis
1335434849,Via Monte Santo,,,Tuvixeddu-Tuvumannu
1335434895,Via Ogliastra,,,Is Mirrionis
1335434948,Via Ogliastra,,,Is Mirrionis
1335555439,Via Doberd?,15,,Tuvixeddu-Tuvumannu
1335555471,Via Doberd?,15,,Tuvixeddu-Tuvumannu
1335555476,Via Doberd?,37,,Tuvixeddu-Tuvumannu
1335555485,Via Doberd?,15,,Tuvixeddu-Tuvumannu
1335555505,Via Doberd?,35,,Tuvixeddu-Tuvumannu
1335555510,Via Doberd?,37,,Tuvixeddu-Tuvumannu
1335625646,Via Argonne,2,,Tuvixeddu-Tuvumannu
1335625675,Via Col D'Echele,1,,Tuvixeddu-Tuvumannu
1335625681,Via Monfalcone,73,,Tuvixeddu-Tuvumannu
1335716047,Strada statale 195 racc Via San Paolo,,,Sant'Avendrace-Santa Gilla
1335716053,Strada statale 195 racc Via San Paolo,,,Sant'Avendrace-Santa Gilla
1335716130,Via del Commercio,,,Sant'Avendrace-Santa Gilla
1335716244,Via del Commercio,29,,Sant'Avendrace-Santa Gilla
1335716338,Via del Commercio,,,Sant'Avendrace-Santa Gilla
1335716452,Strada statale 195 racc Via San Paolo,,,Sant'Avendrace-Santa Gilla
1335748369,Via Giulio Dolcetta,1,,Sant'Avendrace-Santa Gilla
1335812081,,,,San Michele
1335812083,Via Cornalias,,,Mulinu Becciu
1335812095,,,,San Michele
1335812127,Via Cornalias,,,San Michele
1335824293,Via Cornalias,,,San Michele
1335830253,Via Cornalias,,,San Michele
1335830257,Via Cornalias,,,San Michele
1335858523,Via Monferrato,,,San Michele
1335861244,Piazza dei Castellani,12,,San Michele
1335861251,Piazza dei Castellani,2,,San Michele
1335861253,Piazza dei Castellani,12,,San Michele
1335874950,Piazzale dell'Accoglienza,10,,San Michele
1335898829,Viale delle Cappelle,,,San Michele
1335900037,Viale degli Eroi,,,San Michele
1335900042,Viale degli Eroi,,,San Michele
1335900047,Piazzale dell'Accoglienza,,,San Michele
1335900049,Viale del Cammino,,,San Michele
1335903099,Viale degli Eroi,,,San Michele
1335903100,Viale del Ricordo,,,San Michele
1335904281,Viale delle Cappelle,,,San Michele
1335904288,Viale del Ricordo,,,San Michele
1335904289,Viale del Ricordo,,,San Michele
1335904293,Viale del Cammino,,,San Michele
1335904296,Viale della Pace,,,San Michele
1335904297,Viale delle Cappelle,,,San Michele
1335904298,Viale della Pace,,,San Michele
1335907825,Viale del Ricordo,,,San Michele
1335907826,Viale delle Cappelle,,,San Michele
1335907827,Viale degli Eroi,,,San Michele
1335907829,Viale del Ricordo,,,San Michele
1335907837,Viale del Ricordo,,,San Michele
1335907857,Viale degli Eroi,,,San Michele
1335907859,Viale del Ricordo,,,San Michele
1335907861,Viale degli Eroi,,,San Michele
1335907863,Viale degli Eroi,,,San Michele
1335907868,Viale degli Eroi,,,San Michele
1335907876,Viale del Ricordo,,,San Michele
1335907901,Viale del Ricordo,,,San Michele
1335911690,Viale della Pace,,,San Michele
1335911693,Viale della Pace,,,San Michele
1335911697,Viale della Pace,,,San Michele
1335911699,Viale del Cammino,,,San Michele
1335911703,Viale della Pace,,,San Michele
1335911705,Viale del Cammino,,,San Michele
1335911708,Viale della Pace,,,San Michele
1335911710,Viale del Cammino,,,San Michele
1335911712,Viale della Pace,,,San Michele
1335911715,Viale della Pace,,,San Michele
1335911717,Viale della Pace,,,San Michele
1335911718,Viale del Cammino,,,San Michele
1335911719,Viale della Pace,,,San Michele
1335911720,Viale del Cammino,,,San Michele
1335911721,Viale della Pace,,,San Michele
1335911722,Viale della Pace,,,San Michele
1335911724,Viale della Pace,,,San Michele
1335915810,Viale del Cammino,,,San Michele
1335915817,Viale della Pace,,,San Michele
1335930557,Via Campeda,11,,San Michele
1335936890,Via Valsassina,,,San Michele
1335936895,Via Barigadu,1,,San Michele
1335936905,Via Valsassina,12,,San Michele
1335936920,Via Valsassina,,,San Michele
1335936921,Via Meilogu,4,,Is Mirrionis
1335936922,Via Lucania,4,,San Michele
1335936925,Via Valsassina,,,San Michele
1335936926,Via Barigadu,2,,San Michele
1335949327,Via Val Venosta,1,,Is Mirrionis
1335949339,Via Cornalias,76,,Is Mirrionis
1335950213,Via Val Venosta,1,,Is Mirrionis
1335950214,Via Brianza,5,,Is Mirrionis
1335950531,Via Val Venosta,1,,Is Mirrionis
1335950533,Via Val Venosta,1,,Is Mirrionis
1335958533,Via Quirra,5,,Is Mirrionis
1335962661,Via Trincea delle Frasche,,,San Michele
1335962692,Via Trincea delle Frasche,16,,San Michele
1335962698,Via Trincea delle Frasche,,,San Michele
1335962748,Via Trincea delle Frasche,,,San Michele
1335962753,Via Redipuglia,,,San Michele
1335962761,Via Trincea delle Frasche,,,San Michele
1335962762,Via Trincea delle Frasche,,,San Michele
1335962777,Piazza Is Maglias,3c,,San Michele
1335962780,Piazza Is Maglias,3c,,San Michele
1335962783,Via Trincea delle Frasche,11,,Is Mirrionis
1335962785,Via Redipuglia,,,San Michele
1335969344,Piazza San Michele,7,,San Michele
13363313378,Via del Fangario,30,,Sant'Avendrace-Santa Gilla
13363313386,Viale Monastir,,,Sant'Avendrace-Santa Gilla
13363313387,Viale Monastir,,,Sant'Avendrace-Santa Gilla
13363313388,Viale Monastir,,,Sant'Avendrace-Santa Gilla
13363313389,Viale Monastir,126c,,Sant'Avendrace-Santa Gilla
1336425681,Via Monferrato,2a,,San Michele
1336433500,Via Mandrolisai,55,,Is Mirrionis
1336436471,Via Cornalias,92b,,Is Mirrionis
1336438455,Via Pietro Scornigiani,27,,Is Mirrionis
1336438461,Via Cornalias,78a,,Is Mirrionis
1336438465,Via Pietro Scornigiani,45,,Is Mirrionis
1336444500,Via Giovanni Cinquini,1,,Is Mirrionis
1336444506,Via Ranieri Sampante,29,,Is Mirrionis
1336444511,Via Ranieri Sampante,29,,Is Mirrionis
1336444514,Via Ranieri Sampante,28,,Is Mirrionis
1336444516,Via Ranieri Sampante,16b,,Is Mirrionis
1336444518,Via Brianza,,,Is Mirrionis
1336444521,Via Giovanni Cinquini,3,,Is Mirrionis
1336450126,,,,San Michele
1336461448,Via Ranieri Sampante,,,Is Mirrionis
1336461452,Via Giovanni Cinquini,,,San Michele
1336461475,Via Ranieri Sampante,,,Is Mirrionis
1336461497,Via Ranieri Sampante,,,Is Mirrionis
1336461539,Via Giovanni Cinquini,17,,San Michele
1336461548,,,,San Michele
1336461571,Via Ranieri Sampante,,,Is Mirrionis
1336461589,Via Giovanni Cinquini,,,San Michele
1336461606,Via Ranieri Sampante,,,Is Mirrionis
1336461641,,,,San Michele
1336461665,Via Ranieri Sampante,,,Is Mirrionis
1336461669,Via Ranieri Sampante,,,Is Mirrionis
1336461688,Via Giovanni Cinquini,,,San Michele
1336461695,Via Ranieri Sampante,,,Is Mirrionis
1336463195,Via Sirai,6c,,Is Mirrionis
1336463205,Via Sirai,1a,,Is Mirrionis
1336464006,Via Sirai,7,,Is Mirrionis
1336464008,Via Sirai,3a,,Is Mirrionis
1336467225,,,,Is Mirrionis
1336467333,Via Edward Jenner,,,San Michele
1336473121,Via Giovanni Cinquini,,,San Michele
1336476141,Via Ippocrate,10,,Is Mirrionis
1336476146,Via Ippocrate,16,,Is Mirrionis
1336476175,Via Ippocrate,16,,Is Mirrionis
1336488534,Via Edward Jenner,,,Is Mirrionis
1336488545,Via Edward Jenner,,,Is Mirrionis
1336510982,Via Santa Maria Chiara,87,Villa Doloretta,Municipalidadi de Pirri/Municipalit? di Pirri
1336510994,Via Farfa,,Villa Doloretta,Municipalidadi de Pirri/Municipalit? di Pirri
1336536539,Via Su Planu,26c,Villa Doloretta,Municipalidadi de Pirri/Municipalit? di Pirri
1336626036,Via Montecassino,6,Villa Doloretta,Municipalidadi de Pirri/Municipalit? di Pirri
1336655104,Via San Tommaso d'Aquino,8,Monreale,Municipalidadi de Pirri/Municipalit? di Pirri
1336662465,Piazza Eraclito,,Monreale,Municipalidadi de Pirri/Municipalit? di Pirri
1336662476,Piazza Eraclito,,Monreale,Municipalidadi de Pirri/Municipalit? di Pirri
1336662493,Piazza Eraclito,,Monreale,Municipalidadi de Pirri/Municipalit? di Pirri
1336662495,Piazza Eraclito,,Monreale,Municipalidadi de Pirri/Municipalit? di Pirri
1336662498,Via San Tommaso d'Aquino,11,Monreale,Municipalidadi de Pirri/Municipalit? di Pirri
1336669353,Via San Tommaso d'Aquino,17c,Monreale,Municipalidadi de Pirri/Municipalit? di Pirri
1336672458,Via Tamburino Sardo,11,San Giuseppe - Santa Teresa - Parteolla,Municipalidadi de Pirri/Municipalit? di Pirri
1336672463,Via Stamira,1,Monreale,Municipalidadi de Pirri/Municipalit? di Pirri
1336673054,Via Filippo Corridoni,93,San Giuseppe - Santa Teresa - Parteolla,Municipalidadi de Pirri/Municipalit? di Pirri
1336678702,Via delle Aquile,16,San Giuseppe - Santa Teresa - Parteolla,Municipalidadi de Pirri/Municipalit? di Pirri
1336678717,Via delle Aquile,16,San Giuseppe - Santa Teresa - Parteolla,Municipalidadi de Pirri/Municipalit? di Pirri
1336678720,Via degli Stendardi,9,San Giuseppe - Santa Teresa - Parteolla,Municipalidadi de Pirri/Municipalit? di Pirri
1336678721,Via delle Aquile,16,San Giuseppe - Santa Teresa - Parteolla,Municipalidadi de Pirri/Municipalit? di Pirri
1336678727,Via delle Aquile,16,San Giuseppe - Santa Teresa - Parteolla,Municipalidadi de Pirri/Municipalit? di Pirri
1336678728,Via delle Aquile,16,San Giuseppe - Santa Teresa - Parteolla,Municipalidadi de Pirri/Municipalit? di Pirri
1336678730,Via degli Stendardi,2b,San Giuseppe - Santa Teresa - Parteolla,Municipalidadi de Pirri/Municipalit? di Pirri
1336684245,Via Orifiamma,16,San Giuseppe - Santa Teresa - Parteolla,Municipalidadi de Pirri/Municipalit? di Pirri
1336684247,Via degli Aironi,8,San Giuseppe - Santa Teresa - Parteolla,Municipalidadi de Pirri/Municipalit? di Pirri
1336684248,Via degli Aironi,15,San Giuseppe - Santa Teresa - Parteolla,Municipalidadi de Pirri/Municipalit? di Pirri
1336688196,Via Bartolomeo Colleoni,15,Monreale,Municipalidadi de Pirri/Municipalit? di Pirri
1336688200,Via Giovanni Acuto,5,Monreale,Municipalidadi de Pirri/Municipalit? di Pirri
1336688206,Via Bartolomeo Colleoni,70,Monreale,Municipalidadi de Pirri/Municipalit? di Pirri
1336688213,Via Giovanni Acuto,29,Monreale,Municipalidadi de Pirri/Municipalit? di Pirri
1336688217,Via Giovanni Acuto,1c,Monreale,Municipalidadi de Pirri/Municipalit? di Pirri
1336688224,Via Bartolomeo Colleoni,53,Monreale,Municipalidadi de Pirri/Municipalit? di Pirri
1336688226,Via Bartolomeo Colleoni,21,Monreale,Municipalidadi de Pirri/Municipalit? di Pirri
1336688260,Via Giovanni Acuto,10,Monreale,Municipalidadi de Pirri/Municipalit? di Pirri
1336688270,Via Bartolomeo Colleoni,60,Monreale,Municipalidadi de Pirri/Municipalit? di Pirri
1336688283,Via Bartolomeo Colleoni,39,Monreale,Municipalidadi de Pirri/Municipalit? di Pirri
1336691517,Via Papa Alessandro Terzo,84,San Giuseppe - Santa Teresa - Parteolla,Municipalidadi de Pirri/Municipalit? di Pirri
1336703180,Via Bartolomeo Colleoni,5,Monreale,Municipalidadi de Pirri/Municipalit? di Pirri
1336703183,Via Bartolomeo Colleoni,40,Barracca Manna,Municipalidadi de Pirri/Municipalit? di Pirri
1336711074,Traversa Enrico Toti,6,San Giuseppe - Santa Teresa - Parteolla,Municipalidadi de Pirri/Municipalit? di Pirri
1336711078,Via Max Leopold Wagner,1,Barracca Manna,Municipalidadi de Pirri/Municipalit? di Pirri
1336711082,Traversa Enrico Toti,197b,San Giuseppe - Santa Teresa - Parteolla,Municipalidadi de Pirri/Municipalit? di Pirri
1336712657,Via Sibilla Aleramo,30,Barracca Manna,Municipalidadi de Pirri/Municipalit? di Pirri
1336716407,Via Sergio Atzeni,14,Barracca Manna,Municipalidadi de Pirri/Municipalit? di Pirri
1336721018,Via Vincenzina Murgia,12,Barracca Manna,Municipalidadi de Pirri/Municipalit? di Pirri
1336721024,Via Ferruccio Caschili,15,Barracca Manna,Municipalidadi de Pirri/Municipalit? di Pirri
1336721025,Via Barracca Manna,80,Barracca Manna,Municipalidadi de Pirri/Municipalit? di Pirri
1336721034,Via delle Rose,50,Is Campus,Municipalidadi de Pirri/Municipalit? di Pirri
1336737674,Via Salvatore Quasimodo,1,Barracca Manna,Municipalidadi de Pirri/Municipalit? di Pirri
1336737685,Via delle Ortensie,1,Is Campus,Municipalidadi de Pirri/Municipalit? di Pirri
1336737694,Via Virgilio Lilli,2,San Giuseppe - Santa Teresa - Parteolla,Municipalidadi de Pirri/Municipalit? di Pirri
1336737696,Via delle Agavi,88,Is Campus,Municipalidadi de Pirri/Municipalit? di Pirri
1336737702,Via Virgilio Lilli,12,San Giuseppe - Santa Teresa - Parteolla,Municipalidadi de Pirri/Municipalit? di Pirri
1336737711,Via Salvatore Quasimodo,13,Barracca Manna,Municipalidadi de Pirri/Municipalit? di Pirri
1336737717,Via Is Corrias,4,Is Campus,Municipalidadi de Pirri/Municipalit? di Pirri
1336737718,Via del Bosso,,Barracca Manna,Municipalidadi de Pirri/Municipalit? di Pirri
13367428591,Via Edward Jenner,19,,San Michele
13367428592,Via Edward Jenner,19,,San Michele
13367428596,Via Edward Jenner,17a,,San Michele
13367428597,Via Edward Jenner,19,,San Michele
13367441805,,,,San Michele
13367441810,Via Edward Jenner,19,,San Michele
13367441811,Via Edward Jenner,19,,San Michele
13367441813,Via Edward Jenner,19,,San Michele
13367441822,Via Edward Jenner,19,,San Michele
13367441843,,,,San Michele
13367441844,,,,San Michele
1336744358,Via Italo Calvino,8,Barracca Manna,Municipalidadi de Pirri/Municipalit? di Pirri
1336750552,Via Stefano Efisio Gramignano,17,Barracca Manna,Municipalidadi de Pirri/Municipalit? di Pirri
1336806530,Via Tamburino Sardo,45,Barracca Manna,Municipalidadi de Pirri/Municipalit? di Pirri
1336839877,Via Alberto da Giussano,,San Giuseppe - Santa Teresa - Parteolla,Municipalidadi de Pirri/Municipalit? di Pirri
1336839880,Via Alberto da Giussano,4a,San Giuseppe - Santa Teresa - Parteolla,Municipalidadi de Pirri/Municipalit? di Pirri
1336852773,Vico Quarto di Via Enrico Toti,29,San Giuseppe - Santa Teresa - Parteolla,Municipalidadi de Pirri/Municipalit? di Pirri
1336852774,Via Enrico Toti,85c,San Giuseppe - Santa Teresa - Parteolla,Municipalidadi de Pirri/Municipalit? di Pirri
1336852775,Vico Quarto di Via Enrico Toti,22,San Giuseppe - Santa Teresa - Parteolla,Municipalidadi de Pirri/Municipalit? di Pirri
1336852779,Vico Quarto di Via Enrico Toti,20,San Giuseppe - Santa Teresa - Parteolla,Municipalidadi de Pirri/Municipalit? di Pirri
1336868667,Via San Quintino,18,Monteleone - Santa Rosalia,Municipalidadi de Pirri/Municipalit? di Pirri
1336880384,Piazza Italia,7,Monteleone - Santa Rosalia,Municipalidadi de Pirri/Municipalit? di Pirri
1336880393,Via Alberto Riva Villasanta,1,Monteleone - Santa Rosalia,Municipalidadi de Pirri/Municipalit? di Pirri
1336880401,Piazza Italia,33,Terram?ini - Is Bingias,Municipalidadi de Pirri/Municipalit? di Pirri
1336880404,Piazza Italia,40,Monteleone - Santa Rosalia,Municipalidadi de Pirri/Municipalit? di Pirri
1336880413,Piazza Italia,32,Terram?ini - Is Bingias,Municipalidadi de Pirri/Municipalit? di Pirri
1336883332,Via Giovanni Canalis,4,Terram?ini - Is Bingias,Municipalidadi de Pirri/Municipalit? di Pirri
1336904845,Via Avogadro di Collobiano,19a,,CEP
1336904869,Via Avogadro di Collobiano,,,CEP
1336904927,Via Talete,2,,CEP
1336904942,Via Talete,,,CEP
1336911652,Via Alessandro Volta,28,,CEP
1336966282,Via Italia,169,Terram?ini - Is Bingias,Municipalidadi de Pirri/Municipalit? di Pirri
1336970903,Via Italia,198,San Giuseppe - Santa Teresa - Parteolla,Municipalidadi de Pirri/Municipalit? di Pirri
1336990152,Via Settimo,,Terram?ini - Is Bingias,Municipalidadi de Pirri/Municipalit? di Pirri
1336990154,Via Sinnai,15b,Terram?ini - Is Bingias,Municipalidadi de Pirri/Municipalit? di Pirri
1336990156,Via Dolianova,30,Terram?ini - Is Bingias,Municipalidadi de Pirri/Municipalit? di Pirri
1336990158,Via Federico Confalonieri,9,Terram?ini - Is Bingias,Municipalidadi de Pirri/Municipalit? di Pirri
1336990160,Vico di Via Dolianova,7,Terram?ini - Is Bingias,Municipalidadi de Pirri/Municipalit? di Pirri
1336990161,Via Sinnai,18,Terram?ini - Is Bingias,Municipalidadi de Pirri/Municipalit? di Pirri
1336990163,Via Santorre di Santarosa,8,Terram?ini - Is Bingias,Municipalidadi de Pirri/Municipalit? di Pirri
1336995925,Via Andr? Marie Ampere,4,Terram?ini - Is Bingias,Municipalidadi de Pirri/Municipalit? di Pirri
1336995959,Via Vincenzo Viviani,2,Terram?ini - Is Bingias,Municipalidadi de Pirri/Municipalit? di Pirri
1337013104,Via Silvio Pellico,8,Monteleone - Santa Rosalia,Municipalidadi de Pirri/Municipalit? di Pirri
1337032067,Via Cesare Pintus,4,Terram?ini - Is Bingias,Municipalidadi de Pirri/Municipalit? di Pirri
1337032153,Via Andrea Vesalio,20,Monteleone - Santa Rosalia,Municipalidadi de Pirri/Municipalit? di Pirri
1337032187,Via Andrea Vesalio,17,,Quartiere Europeo
1337032252,Via Cesare Pintus,12,Terram?ini - Is Bingias,Municipalidadi de Pirri/Municipalit? di Pirri
1337079408,Via Valerio Pisano,5,Terram?ini - Is Bingias,Municipalidadi de Pirri/Municipalit? di Pirri
1337079455,Via Cesare Pintus,2,Terram?ini - Is Bingias,Municipalidadi de Pirri/Municipalit? di Pirri
1337086013,Via Valerio Pisano,8,Terram?ini - Is Bingias,Municipalidadi de Pirri/Municipalit? di Pirri
1337086028,Via Valerio Pisano,6,Terram?ini - Is Bingias,Municipalidadi de Pirri/Municipalit? di Pirri
1337086030,Via Valerio Pisano,5,Terram?ini - Is Bingias,Municipalidadi de Pirri/Municipalit? di Pirri
1337086032,Via Valerio Pisano,5,Terram?ini - Is Bingias,Municipalidadi de Pirri/Municipalit? di Pirri
1337086034,Via Valerio Pisano,,Terram?ini - Is Bingias,Municipalidadi de Pirri/Municipalit? di Pirri
1337086055,Via Valerio Pisano,,Terram?ini - Is Bingias,Municipalidadi de Pirri/Municipalit? di Pirri
1337086057,Via Valerio Pisano,,Terram?ini - Is Bingias,Municipalidadi de Pirri/Municipalit? di Pirri
1337086063,Via Valerio Pisano,5,Terram?ini - Is Bingias,Municipalidadi de Pirri/Municipalit? di Pirri
1337092022,Via Andrea Vesalio,32,Terram?ini - Is Bingias,Municipalidadi de Pirri/Municipalit? di Pirri
1337092039,Via Andrea Vesalio,,Terram?ini - Is Bingias,Municipalidadi de Pirri/Municipalit? di Pirri
1337092055,,,Terram?ini - Is Bingias,Municipalidadi de Pirri/Municipalit? di Pirri
1337092084,,,Terram?ini - Is Bingias,Municipalidadi de Pirri/Municipalit? di Pirri
1337092118,Via Andrea Vesalio,23,Terram?ini - Is Bingias,Municipalidadi de Pirri/Municipalit? di Pirri
1337092141,Via Andrea Vesalio,,Terram?ini - Is Bingias,Municipalidadi de Pirri/Municipalit? di Pirri
1337093473,Via Andrea Vesalio,21,Terram?ini - Is Bingias,Municipalidadi de Pirri/Municipalit? di Pirri
1337093483,Via Andrea Vesalio,,Terram?ini - Is Bingias,Municipalidadi de Pirri/Municipalit? di Pirri
1337093485,Via Andrea Vesalio,,Terram?ini - Is Bingias,Municipalidadi de Pirri/Municipalit? di Pirri
1337093489,Via Andrea Vesalio,,Terram?ini - Is Bingias,Municipalidadi de Pirri/Municipalit? di Pirri
1337093491,Via Andrea Vesalio,,Terram?ini - Is Bingias,Municipalidadi de Pirri/Municipalit? di Pirri
1337104636,Via Andrea Vesalio,25,Terram?ini - Is Bingias,Municipalidadi de Pirri/Municipalit? di Pirri
13459242811,Via Marina Piccola,,,Borgo Sant'Elia
13476413451,Strada Statale 554 Cagliaritana,,,Mulinu Becciu
13476413452,,,,Mulinu Becciu
13476413454,Strada Statale 554 Cagliaritana,,,Mulinu Becciu
13476413457,,,,Mulinu Becciu
13476413459,Strada Statale 554 Cagliaritana,,,Mulinu Becciu
13476413484,,,,Mulinu Becciu
13476413490,Strada Statale 131 dir Carlo Felice,,,Mulinu Becciu
13476800532,,,,Sant'Avendrace-Santa Gilla
13476800551,Viale Pula,,,Sant'Avendrace-Santa Gilla
13479352079,,,,Sant'Avendrace-Santa Gilla
13479352099,,,,Sant'Avendrace-Santa Gilla
13479352100,,,,Sant'Avendrace-Santa Gilla
13479352135,Strada Statale 195 var Sulcitana,,,Sant'Avendrace-Santa Gilla
13479352265,Viale Pula,,,Sant'Avendrace-Santa Gilla
13479352266,Viale Pula,,,Sant'Avendrace-Santa Gilla
13479352280,,,,Sant'Avendrace-Santa Gilla
13479352281,Viale Pula,,,Sant'Avendrace-Santa Gilla
13479352283,,,,Sant'Avendrace-Santa Gilla
13479352284,,,,Sant'Avendrace-Santa Gilla
13479352285,,,,Sant'Avendrace-Santa Gilla
13479352286,,,,Sant'Avendrace-Santa Gilla
13479352288,Viale Pula,,,Sant'Avendrace-Santa Gilla
13479352295,Viale Pula,,,Sant'Avendrace-Santa Gilla
13479352298,Viale Pula,,,Sant'Avendrace-Santa Gilla
13479352301,,,,Sant'Avendrace-Santa Gilla
13479352322,,,,Sant'Avendrace-Santa Gilla
13479352324,,,,Sant'Avendrace-Santa Gilla
13479352325,,,,Sant'Avendrace-Santa Gilla
13479352326,,,,Sant'Avendrace-Santa Gilla
13479531087,Viale Europa,1,,Monte Urpinu
13479573154,Strada Conti Vecchi,,,Sant'Avendrace-Santa Gilla
1349101247,Via Bacu Abis,10,,Is Mirrionis
1349101267,Via Ranieri Sampante,,,Is Mirrionis
13507135859,Strada Statale 195 var Sulcitana,,,Sant'Avendrace-Santa Gilla
13507135860,Strada Statale 195 var Sulcitana,,,Sant'Avendrace-Santa Gilla
13507135861,Strada Statale 195 var Sulcitana,,,Sant'Avendrace-Santa Gilla
13507135871,Strada Statale 195 var Sulcitana,,,Sant'Avendrace-Santa Gilla
13507164593,,,,Sant'Avendrace-Santa Gilla
13514490693,Piazzale dell'Accoglienza,,,San Michele
13514490694,Viale del Cammino,,,San Michele
13514490695,Viale del Cammino,,,San Michele
13514490696,Viale del Cammino,,,San Michele
13514490697,Viale del Cammino,,,San Michele
13514490698,Viale delle Cappelle,,,San Michele
13514490699,Viale del Cammino,,,San Michele
13514569004,Viale del Cammino,,,San Michele
13514569005,Viale degli Eroi,,,San Michele
13514569006,Viale delle Cappelle,,,San Michele
13514569007,Viale del Cammino,,,San Michele
13514569008,Viale degli Eroi,,,San Michele
13514569009,Viale delle Cappelle,,,San Michele
13514569010,Viale degli Eroi,,,San Michele
13514569011,Viale del Ricordo,,,San Michele
13514569013,Viale del Ricordo,,,San Michele
13514569014,Viale degli Eroi,,,San Michele
13514569015,Viale del Ricordo,,,San Michele
13514569016,Viale degli Eroi,,,San Michele
13514569017,Viale degli Eroi,,,San Michele
13514569018,Viale del Ricordo,,,San Michele
13514569019,Viale degli Eroi,,,San Michele
13514569020,Viale degli Eroi,,,San Michele
13514569021,Viale degli Eroi,,,San Michele
13514569022,Viale degli Eroi,,,San Michele
13514569023,Viale degli Eroi,,,San Michele
13514569024,Viale degli Eroi,,,San Michele
13514569025,Viale delle Cappelle,,,San Michele
13514569026,Viale degli Eroi,,,San Michele
13514589356,Viale Cimitero,29,,Bonaria
13514589357,Via San Lucifero,,,Bonaria
13514589360,Via Dante Alighieri,,,Bonaria
13514589362,Viale Cimitero,29,,Bonaria
13514589365,Viale Cimitero,29,,Bonaria
13522359573,Via Sa Perdixedda,9,,Stampaxi/Stampace
13522359574,Via Sa Perdixedda,11,,Stampaxi/Stampace
13522359579,Molo Rinascita,,,Stampaxi/Stampace
13522359587,Passeggiata del porto,,,Stampaxi/Stampace
13522359588,Via Molo Sant'Agostino,,,Stampaxi/Stampace
13522386704,Calata Ponente,,,Stampaxi/Stampace
13522386709,Calata Ponente,,,Stampaxi/Stampace
13522386710,Calata Ponente,,,Stampaxi/Stampace
13522386711,Molo Rinascita,,,Stampaxi/Stampace
13522386718,Molo Sabaudo,,,Stampaxi/Stampace
13522386719,Molo Sabaudo,,,Stampaxi/Stampace
13522386720,Molo Sabaudo,,,Stampaxi/Stampace
13522386741,Via Sa Perdixedda,16,,Stampaxi/Stampace
13522386743,Molo Rinascita,,,Stampaxi/Stampace
13522386750,Vico Terzo di Viale La Plaia,,,Stampaxi/Stampace
13522439164,Piazza Giovanni Ventitreesimo,,,Sant'Alenixedda
13522439169,Piazza Giovanni Ventitreesimo,,,Sant'Alenixedda
13522439185,Via Efisio Cao di San Marco,1,,Sant'Alenixedda
13522439188,Via Efisio Cao di San Marco,,,Sant'Alenixedda
13522439189,Via Efisio Cao di San Marco,1,,Sant'Alenixedda
13522439192,Via Efisio Cao di San Marco,,,Sant'Alenixedda
13522439199,Via Sant'Alenixedda,111,,Sant'Alenixedda
13522439200,Via Sant'Alenixedda,111,,Sant'Alenixedda
13522444203,Via Sant'Alenixedda,,,Sant'Alenixedda
13522444204,Via Giudice Torbeno,6,,Sant'Alenixedda
13522444215,Via Giudice Torbeno,8,,Sant'Alenixedda
13522444216,Via Giudice Torbeno,,,Sant'Alenixedda
13522444217,Via Giudice Torbeno,8,,Sant'Alenixedda
13522444220,Via dei Giudicati,,,Sant'Alenixedda
13522444221,Via dei Giudicati,,,Sant'Alenixedda
13522444222,Via dei Giudicati,,,Sant'Alenixedda
13522444240,Via Sant'Alenixedda,,,Sant'Alenixedda
13524533761,Via Antonio Meucci,42,Terram?ini - Is Bingias,Municipalidadi de Pirri/Municipalit? di Pirri
13524533763,Via Giovanni Battista Venturi,12,Terram?ini - Is Bingias,Municipalidadi de Pirri/Municipalit? di Pirri
13524533766,Via Giovanni Battista Venturi,1,Terram?ini - Is Bingias,Municipalidadi de Pirri/Municipalit? di Pirri
13524533768,Via Gerolamo Cardano,2a,Terram?ini - Is Bingias,Municipalidadi de Pirri/Municipalit? di Pirri
13524533783,Ruga-Via Riu Saliu,,Terram?ini - Is Bingias,Municipalidadi de Pirri/Municipalit? di Pirri
13524533784,Ruga-Via Riu Saliu,,Terram?ini - Is Bingias,Municipalidadi de Pirri/Municipalit? di Pirri
13524533786,Ruga-Via Riu Saliu,,Terram?ini - Is Bingias,Municipalidadi de Pirri/Municipalit? di Pirri
13526586950,Via Dante Alighieri,254,,Sant'Alenixedda
13526586960,Piazza Giovanni Ventitreesimo,,,Sant'Alenixedda
13526586961,Piazza Giovanni Ventitreesimo,,,Sant'Alenixedda
13526586962,Piazza Giovanni Ventitreesimo,,,Sant'Alenixedda
13526586964,Piazza Papa Giovanni Ventitreesimo,,,Sant'Alenixedda
13526586967,Piazza Giovanni Ventitreesimo,,,Sant'Alenixedda
13526586972,Piazza Giovanni Ventitreesimo,,,Sant'Alenixedda
13526586973,Via Dante Alighieri,145,,Sant'Alenixedda
13526586975,Piazza Papa Giovanni Ventitreesimo,56,,Sant'Alenixedda
13526586976,Piazza Papa Giovanni Ventitreesimo,57,,Sant'Alenixedda
13526586978,Piazza Papa Giovanni Ventitreesimo,,,Sant'Alenixedda
13526586980,Piazza Papa Giovanni Ventitreesimo,37;36,,Sant'Alenixedda
13526586981,Piazza Papa Giovanni Ventitreesimo,,,Sant'Alenixedda
13526586984,Piazza Papa Giovanni Ventitreesimo,,,Sant'Alenixedda
13526586987,Piazza Papa Giovanni Ventitreesimo,,,Sant'Alenixedda
13526586988,Piazza Papa Giovanni Ventitreesimo,8,,Sant'Alenixedda
13526586990,Piazza Giovanni Ventitreesimo,,,Sant'Alenixedda
13526623515,Via Giudice Torbeno,8,,Sant'Alenixedda
13526623555,Via dei Giudicati,,,Fonsarda
13526623556,Via dei Giudicati,60,,Fonsarda
13526623560,Via dei Giudicati,43,,Sant'Alenixedda
13526623563,Via dei Giudicati,,,Sant'Alenixedda
13526623565,Via dei Giudicati,45,,Sant'Alenixedda
13526623566,Via dei Giudicati,60,,Fonsarda
13526623568,Via dei Giudicati,60,,Fonsarda
13526623569,Via dei Giudicati,60,,Fonsarda
13526623571,Via dei Visconti,,,Fonsarda
13526623573,Via dei Visconti,,,Fonsarda
13526623576,Via dei Giudicati,58,,Fonsarda
13526623579,Piazza Giovanni Ventitreesimo,,,Sant'Alenixedda
13529411115,,,,Fonsarda
13529411116,,,,Fonsarda
13529411117,Via Medaglie d'Oro,2,,Fonsarda
13529411126,Via Giudicessa Benedetta,43,,Fonsarda
13529411128,Via Medaglie d'Oro,4,,Fonsarda
13529411139,Via del Nastro Azzurro,2,,Fonsarda
13529411144,Via Gerolamo Olives,1,,Fonsarda
13529411145,Via dei Donoratico,104,,Fonsarda
13529411152,Via del Nastro Azzurro,2,,Fonsarda
13529411154,Via dei Donoratico,81,,Fonsarda
13529411155,Via dei Donoratico,81,,Fonsarda
13529411156,Piazza Giudicessa Elena,7,,Fonsarda
13529411157,Via dei Donoratico,91,,Fonsarda
13529411162,Via Filippo Figari,2,,Fonsarda
13529411163,Via Filippo Figari,2,,Fonsarda
13529411166,Via Gabriello Chiabrera,,,Fonsarda
13529411167,Via Gabriello Chiabrera,,,Fonsarda
13529411168,Via Filippo Figari,2,,Fonsarda
13529411175,Via Filippo Figari,2,,Fonsarda
13529411176,Via Filippo Figari,2,,Fonsarda
13529411180,Via Gabriello Chiabrera,,,Fonsarda
13529411181,Via Gabriello Chiabrera,,,Fonsarda
13529411182,Via Gabriello Chiabrera,,,Fonsarda
13529411197,Via Giuseppe Biasi,38,,Fonsarda
13529430301,Via Giuseppe Biasi,31,,Fonsarda
13529430305,Via Giuseppe Biasi,27,,Fonsarda
13529430306,Via Giuseppe Biasi,31,,Fonsarda
13529430307,Via Giuseppe Biasi,,,Fonsarda
13529430308,Via Gabriello Chiabrera,,,Fonsarda
13529430309,Via Gabriello Chiabrera,,,Fonsarda
13529430310,Via Gabriello Chiabrera,,,Fonsarda
13529430327,Via Salvatore Rosa,,,Fonsarda
13529430335,Via Salvatore Rosa,8,,Fonsarda
13529430337,Via Salvatore Rosa,6,,Fonsarda
13529430343,Via Salvatore Rosa,1,,Fonsarda
13529430345,Via Salvatore Rosa,,,Fonsarda
13529430347,Via Giuseppe Biasi,25,,Fonsarda
13529430366,Via Andrea Galassi,8a,,Fonsarda
13529430367,Via Giuseppe Biasi,38,,Fonsarda
13529430371,Via Gabriello Chiabrera,,,Fonsarda
13529430372,Via Gabriello Chiabrera,10,,Fonsarda
13529430373,Via Gabriello Chiabrera,,,Fonsarda
13529457204,,,,Sant'Avendrace-Santa Gilla
13529457209,,,,Sant'Avendrace-Santa Gilla
13529457215,,,,Sant'Avendrace-Santa Gilla
13529457216,,,,Sant'Avendrace-Santa Gilla
13529457217,,,,Sant'Avendrace-Santa Gilla
13529457218,,,,Sant'Avendrace-Santa Gilla
13529457219,,,,Sant'Avendrace-Santa Gilla
13531702852,Dorsale Consortile,,,Sant'Avendrace-Santa Gilla
13531702853,Dorsale Consortile,,,Sant'Avendrace-Santa Gilla
13534218163,Via Asfodelo,75,Monteleone - Santa Rosalia,Municipalidadi de Pirri/Municipalit? di Pirri
13534254706,Via Salvatore Rosa,6,,Fonsarda
13534254709,Via Salvatore Rosa,19,,Fonsarda
13534254715,Via Salvatore Rosa,1,,Fonsarda
13534254723,Via delle Libellule,26a,,Fonsarda
13534254731,Via Evangelista Torricelli,23,Monteleone - Santa Rosalia,Fonsarda
13534254733,Via Evangelista Torricelli,21,Monteleone - Santa Rosalia,Municipalidadi de Pirri/Municipalit? di Pirri
13534254737,Via Salvatore Rosa,7,,Fonsarda
13534254738,Via Salvatore Rosa,,,Fonsarda
13534254739,Via Salvatore Rosa,8,,Fonsarda
13534415295,Via Guglielmo Marconi,179,Terram?ini - Is Bingias,Municipalidadi de Pirri/Municipalit? di Pirri
13534415298,Via Guglielmo Marconi,177,Terram?ini - Is Bingias,Municipalidadi de Pirri/Municipalit? di Pirri
13551342548,,,,Stampaxi/Stampace
13551342549,,,,Stampaxi/Stampace
13551342556,,,,Stampaxi/Stampace
13551342557,,,,Stampaxi/Stampace
13551342564,,,,Stampaxi/Stampace
13551342565,,,,Stampaxi/Stampace
13551342570,,,,Stampaxi/Stampace
13551342571,,,,Stampaxi/Stampace
13551342577,,,,Stampaxi/Stampace
13551342580,SS195,,,Stampaxi/Stampace
13551342589,,,,Stampaxi/Stampace
13551342590,,,,Stampaxi/Stampace
13551346901,,,,Stampaxi/Stampace
13551346904,SS195,,,Stampaxi/Stampace
13551346911,SS195,,,Stampaxi/Stampace
13551346917,,,,Stampaxi/Stampace
13551346920,SS195,,,Stampaxi/Stampace
13551346925,,,,Stampaxi/Stampace
13551346926,,,,Stampaxi/Stampace
13551346928,,,,Stampaxi/Stampace
13551346929,,,,Stampaxi/Stampace
13551346933,,,,Stampaxi/Stampace
13551346958,,,,Stampaxi/Stampace
13551346960,,,,Stampaxi/Stampace
13551346961,,,,Stampaxi/Stampace
13551346963,Via dei Calafati,24,,Stampaxi/Stampace
13556103277,Ex Strada Statale 195 Sulcitana,,,Sant'Avendrace-Santa Gilla
13556103284,Ex Strada Statale 195 Sulcitana,,,Sant'Avendrace-Santa Gilla
13556103291,Ex Strada Statale 195 Sulcitana,,,Sant'Avendrace-Santa Gilla
13556249168,Pista ciclabile Terramaini,,,Poetto-Medau su Cramu
13595807665,Via delle Felci,,Is Campus,Municipalidadi de Pirri/Municipalit? di Pirri
13595807668,Via delle Felci,,Is Campus,Municipalidadi de Pirri/Municipalit? di Pirri
13595807669,Via delle Felci,,Is Campus,Municipalidadi de Pirri/Municipalit? di Pirri
13595807670,Via delle Felci,19a,Is Campus,Municipalidadi de Pirri/Municipalit? di Pirri
13603440729,,,Barracca Manna,Municipalidadi de Pirri/Municipalit? di Pirri
13622599732,Via Renzo Laconi,5b,,Mulinu Becciu
13622599733,Viale Umberto Ticca,,,Mulinu Becciu
13622599735,Via Renzo Laconi,5,,Mulinu Becciu
13622599738,Via Renzo Laconi,14,,Mulinu Becciu
13622599739,Via Renzo Laconi,14,,Mulinu Becciu
13622599741,Via Renzo Laconi,14,,Mulinu Becciu
13626606012,Viale Elmas,145,,Sant'Avendrace-Santa Gilla
13626606013,Viale Elmas,,,Sant'Avendrace-Santa Gilla
13626606015,Viale Elmas,151,,Sant'Avendrace-Santa Gilla
13626606017,Viale Elmas,,,Sant'Avendrace-Santa Gilla
13626606025,Viale Elmas,153,,Sant'Avendrace-Santa Gilla
13626606027,Viale Elmas,147,,Sant'Avendrace-Santa Gilla
13630153945,Via S'Arrulloni,42,,Quartiere del Sole
13630153946,Via S'Arrulloni,45,,Poetto-Medau su Cramu
13630153947,Percorso ciclopedonale Parco di Molentargius,,,Poetto-Medau su Cramu
13630153951,Via S'Arrulloni,45,,Poetto-Medau su Cramu
13633683706,Via Giuseppe Peretti,,,San Michele
13633683710,Asse Mediano di Scorrimento,,,Is Mirrionis
13633683713,Asse Mediano di Scorrimento,,,Is Mirrionis
13633683714,Asse Mediano di Scorrimento,,,Is Mirrionis
13633683720,Via Edward Jenner,7,,Is Mirrionis
13634243155,Pronto Soccorso,,,San Michele
13634243160,Piazzale Alessandro Ricchi,2a,,
13634243163,Pronto Soccorso,,,San Michele
13634243167,Pronto Soccorso,,,San Michele
13634243168,Piazzale Alessandro Ricchi,6,,
13634243171,Piazzale Alessandro Ricchi,8,,
13634243173,Piazzale Alessandro Ricchi,6,,
13634243174,Piazzale Alessandro Ricchi,6,,
13639121745,Via Rosa Luxemburg,,,Sant'Avendrace-Santa Gilla
13639121769,,,,Sant'Avendrace-Santa Gilla
13639121778,,,,Sant'Avendrace-Santa Gilla
13639121780,,,,Sant'Avendrace-Santa Gilla
13639121788,,,,Sant'Avendrace-Santa Gilla
13639121797,,,,Sant'Avendrace-Santa Gilla
13644950324,,,,Borgo Sant'Elia
13644950336,,,,Borgo Sant'Elia
13644950342,,,,Borgo Sant'Elia
13644950344,,,,Borgo Sant'Elia
13644950365,Via del Borgo Sant'Elia,,,Nuovo Borgo Sant'Elia
13647161148,Via Emanuele Pessagno,6,,Bonaria
13651974869,Via Samuele Utzeri,76,,Nuovo Borgo Sant'Elia
13651974872,Via Samuele Utzeri,76,,Nuovo Borgo Sant'Elia
13651974881,Via Samuele Utzeri,76,,Nuovo Borgo Sant'Elia
13651974891,,,,Nuovo Borgo Sant'Elia
13651974900,Via Piero Schiavazzi,,,Nuovo Borgo Sant'Elia
13652004824,,,,Nuovo Borgo Sant'Elia
13652004825,,,,Nuovo Borgo Sant'Elia
13652004847,,,,Nuovo Borgo Sant'Elia
13652004848,Via Piero Schiavazzi,62,,Nuovo Borgo Sant'Elia
13652004907,Via dei Navigatori,,,Nuovo Borgo Sant'Elia
13652004932,Lungomare Francesco Cossiga,,,Nuovo Borgo Sant'Elia
13652004940,Via Samuele Utzeri,2,,Nuovo Borgo Sant'Elia
13652004949,Via Samuele Utzeri,2,,Nuovo Borgo Sant'Elia
13652004958,Via Samuele Utzeri,2,,Nuovo Borgo Sant'Elia
13652004977,Via Samuele Utzeri,,,Nuovo Borgo Sant'Elia
13652004994,Via Samuele Utzeri,,,Nuovo Borgo Sant'Elia
13652004995,Via Samuele Utzeri,2,,Nuovo Borgo Sant'Elia
13652005001,Via Samuele Utzeri,2,,Nuovo Borgo Sant'Elia
13652005004,Via Samuele Utzeri,2,,Nuovo Borgo Sant'Elia
13652005014,Via Piero Schiavazzi,,,Nuovo Borgo Sant'Elia
13652005061,Via dei Navigatori,,,Nuovo Borgo Sant'Elia
13652005077,Lungomare Francesco Cossiga,,,Nuovo Borgo Sant'Elia
13652005080,Lungomare Francesco Cossiga,,,Nuovo Borgo Sant'Elia
13652005084,Via Piero Schiavazzi,,,Nuovo Borgo Sant'Elia
13652005088,Lungomare Francesco Cossiga,,,Nuovo Borgo Sant'Elia
13652005089,Lungomare Francesco Cossiga,,,Nuovo Borgo Sant'Elia
13652005105,Lungomare Francesco Cossiga,,,Nuovo Borgo Sant'Elia
13652005106,Lungomare Francesco Cossiga,,,Nuovo Borgo Sant'Elia
13652005107,Lungomare Francesco Cossiga,,,Nuovo Borgo Sant'Elia
13652005108,Lungomare Francesco Cossiga,,,Nuovo Borgo Sant'Elia
13652005110,Lungomare Francesco Cossiga,,,Nuovo Borgo Sant'Elia
13652005112,Lungomare Francesco Cossiga,,,Nuovo Borgo Sant'Elia
13652005113,Lungomare Francesco Cossiga,,,Nuovo Borgo Sant'Elia
13652005114,Lungomare Francesco Cossiga,,,Nuovo Borgo Sant'Elia
13652005115,Lungomare Francesco Cossiga,,,Nuovo Borgo Sant'Elia
13652005116,Lungomare Francesco Cossiga,,,Nuovo Borgo Sant'Elia
13652005117,Lungomare Francesco Cossiga,,,Nuovo Borgo Sant'Elia
13652005120,Lungomare Francesco Cossiga,,,Nuovo Borgo Sant'Elia
13652005121,Lungomare Francesco Cossiga,,,Nuovo Borgo Sant'Elia
13652005124,Via Piero Schiavazzi,,,Nuovo Borgo Sant'Elia
13652005129,Lungomare Francesco Cossiga,,,Nuovo Borgo Sant'Elia
13652005133,Via Piero Schiavazzi,,,Nuovo Borgo Sant'Elia
13652005139,Lungomare Francesco Cossiga,,,Nuovo Borgo Sant'Elia
13652005140,Via Piero Schiavazzi,,,Nuovo Borgo Sant'Elia
13652005141,Lungomare Francesco Cossiga,,,Nuovo Borgo Sant'Elia
13652005143,Lungomare Francesco Cossiga,,,Nuovo Borgo Sant'Elia
13652005155,Via Piero Schiavazzi,,,Nuovo Borgo Sant'Elia
13652005163,Via Piero Schiavazzi,,,Nuovo Borgo Sant'Elia
13652005195,,,,Nuovo Borgo Sant'Elia
13652005196,,,,Nuovo Borgo Sant'Elia
13652005197,,,,Nuovo Borgo Sant'Elia
13652005200,,,,Nuovo Borgo Sant'Elia
13652005201,,,,Nuovo Borgo Sant'Elia
13652005202,Via Piero Schiavazzi,,,Nuovo Borgo Sant'Elia
13652005203,Via Piero Schiavazzi,,,Nuovo Borgo Sant'Elia
13652018832,Via del Borgo Sant'Elia,1a,,Nuovo Borgo Sant'Elia
13652018843,Via Piero Schiavazzi,,,Nuovo Borgo Sant'Elia
13652018850,Via del Borgo Sant'Elia,,,Nuovo Borgo Sant'Elia
13652018853,Via Piero Schiavazzi,,,Nuovo Borgo Sant'Elia
13653158138,Via Venti Settembre,3a,,Bonaria
13653158146,Piazza Attilio Deffenu,1,,Bonaria
13653158163,,,,Bonaria
13653158173,,,,Bonaria
13653158181,,,,Bonaria
13653158187,Lungomare New York 11 Settembre 2001,,,Bonaria
13653158190,Lungomare New York 11 Settembre 2001,,,Bonaria
13653158193,Piazza Attilio Deffenu,1,,Bonaria
13653158195,,,,Bonaria
13653169602,Piazza Attilio Deffenu,3,,Bonaria
13653169608,,,,Bonaria
13653169615,,,,Bonaria
13653169649,Viale Regina Margherita,3,,Bonaria
13653169653,Piazza Francesco Paolo Ingrao,,,Bonaria
13653169654,Viale Regina Margherita,3,,Bonaria
13654185722,Via Luigi Crespellani,2,,Mulinu Becciu
13654185725,Via Luigi Crespellani,,,Mulinu Becciu
13654185735,Via Caravaggio,12,,Mulinu Becciu
13654185738,Via Luigi Crespellani,,,Mulinu Becciu
13666609768,Via Amerigo Vespucci,,,La Palma
13666609775,Via Amerigo Vespucci,,,La Palma
13666686521,Via Amerigo Vespucci,,,Nuovo Borgo Sant'Elia
13666686522,Via Raimondo Carta Raspi,,,Nuovo Borgo Sant'Elia
13666686523,Via Amerigo Vespucci,,,Nuovo Borgo Sant'Elia
13666686527,Via Raimondo Carta Raspi,,,Nuovo Borgo Sant'Elia
13666686528,Via Raimondo Carta Raspi,,,Nuovo Borgo Sant'Elia
13666686530,Via Raimondo Carta Raspi,,,Nuovo Borgo Sant'Elia
1371344415,Via Mario De Sotgiu,,,Sant'Avendrace-Santa Gilla
1371351942,Via della Stazione Vecchia,9,,Bonaria
1371351943,Viale Bonaria,31,,Bonaria
13769413193,,,,Poetto-Medau su Cramu
13769413194,,,,Poetto-Medau su Cramu
13769413200,Via Lungo Saline,,,Poetto-Medau su Cramu
13769546803,Viale Poetto,312,,Poetto-Medau su Cramu
13769546804,Viale Poetto,310,,Poetto-Medau su Cramu
13769546808,Viale Poetto,314,,Poetto-Medau su Cramu
13769546809,Viale Poetto,314,,Poetto-Medau su Cramu
13769546817,Viale Poetto,314,,Poetto-Medau su Cramu
13769546818,Viale Poetto,314,,Poetto-Medau su Cramu
13769546819,Viale Poetto,312,,Poetto-Medau su Cramu
13769546831,Viale Poetto,310,,Poetto-Medau su Cramu
13800928856,Via Santa Margherita,1,,Stampaxi/Stampace
13800928858,Via Francesco Fara,,,Stampaxi/Stampace
13801137715,Via Lombardia,,,La Vega
13801137723,Via Lombardia,,,La Vega
13801137724,Via Marche,15,,Biddanoa/Villanova
13801184198,Via Bartolomeo Colleoni,36,Barracca Manna,Municipalidadi de Pirri/Municipalit? di Pirri
13801184199,Via Bartolomeo Colleoni,34,Barracca Manna,Municipalidadi de Pirri/Municipalit? di Pirri
13801184200,Via Bartolomeo Colleoni,,Barracca Manna,Municipalidadi de Pirri/Municipalit? di Pirri
13801355988,Via Domenico Alberto Azuni,48,,Stampaxi/Stampace
13801355992,Via Sant'Efisio,,,Stampaxi/Stampace
13801398607,Via Stamira,,Monreale,Municipalidadi de Pirri/Municipalit? di Pirri
13801398612,Via Stamira,,Barracca Manna,Municipalidadi de Pirri/Municipalit? di Pirri
13801398625,Asse Mediano di Scorrimento,,Monreale,Municipalidadi de Pirri/Municipalit? di Pirri
13801398636,Asse Mediano di Scorrimento,,,Is Mirrionis
13801398644,Asse Mediano di Scorrimento,,,San Michele
13801398645,Via Stamira,,Barracca Manna,Municipalidadi de Pirri/Municipalit? di Pirri
13801398646,Via Stamira,,Monreale,Municipalidadi de Pirri/Municipalit? di Pirri
13801398647,Via Stamira,,Monreale,Municipalidadi de Pirri/Municipalit? di Pirri
13801398648,Via Stamira,,Barracca Manna,Municipalidadi de Pirri/Municipalit? di Pirri
13801398649,Via Stamira,,Monreale,Municipalidadi de Pirri/Municipalit? di Pirri
13801398652,Via del Timo,,Barracca Manna,Municipalidadi de Pirri/Municipalit? di Pirri
13801398657,Via del Timo,,Barracca Manna,Municipalidadi de Pirri/Municipalit? di Pirri
13806300910,Vico Secondo di Viale Elmas,,,Sant'Avendrace-Santa Gilla
13806300915,Vico Secondo di Viale Elmas,,,Sant'Avendrace-Santa Gilla
13806300917,Vico Secondo di Viale Elmas,,,Sant'Avendrace-Santa Gilla
13806300921,Viale Elmas,98,,Sant'Avendrace-Santa Gilla
1391432174,Via Is Guadazzonis,,,Monte Mixi
1415847632,Piazza delle Muse,,,Mulinu Becciu
1415847645,Piazza delle Muse,7b,,Mulinu Becciu
1416167210,Via Guido Cavallo,,,San Michele
1431866136,Via Girolamo Araolla,,,
1431866137,Pronto Soccorso,,,San Michele
1431866141,Via Edward Jenner,,,San Michele
1431866143,Asse Mediano di Scorrimento,,,San Michele
1431866145,Pronto Soccorso,,,San Michele
1452516060,Via Riva di Ponente,10,,Stampaxi/Stampace
1452759793,Molo Rinascita,,,Stampaxi/Stampace
1452759817,Viale dei Giornalisti,19,,Sant'Avendrace-Santa Gilla
1456184426,Viale Elmas,,,Sant'Avendrace-Santa Gilla
1456208757,Viale Sant'Avendrace,,,Sant'Avendrace-Santa Gilla
1456242999,Via Monte Santo,2,,San Michele
1456243002,Via Is Mirrionis,168,,San Michele
1456243004,Piazza della Medaglia Miracolosa,14,,San Michele
1456244974,Via Is Mirrionis,158,,San Michele
1456244975,Via Is Mirrionis,150e,,San Michele
1456244976,Via Is Mirrionis,150,,San Michele
1456253977,Piazza dei Castellani,,,San Michele
1456253983,Via Abruzzi,52,,San Michele
1456253993,Via Buccari,2,,San Michele
1456253996,Via Aldo Marongiu,2,,San Michele
1456255188,Via Abruzzi,75,,San Michele
1456255193,Via Abruzzi,52,,San Michele
1479192787,Pista ciclabile Terramaini,,Terram?ini - Is Bingias,Municipalidadi de Pirri/Municipalit? di Pirri
1479193174,Pista ciclabile Terramaini,,Terram?ini - Is Bingias,Municipalidadi de Pirri/Municipalit? di Pirri
1481581462,Via Isaac Newton,13,Terram?ini - Is Bingias,Municipalidadi de Pirri/Municipalit? di Pirri
1482300049,Via Gaio Giulio Cesare,15,Terram?ini - Is Bingias,Municipalidadi de Pirri/Municipalit? di Pirri
1482323183,Via Rovereto,,,Sant'Avendrace-Santa Gilla
1482323186,Piazza Giacomo Matteotti,,,Stampaxi/Stampace
1496417383,Via Roma,161,,Stampaxi/Stampace
1499300917,Via dei Cigni,5,,Quartiere del Sole
1515277189,Ex Strada Statale 195 Sulcitana,,,Sant'Avendrace-Santa Gilla
1515277195,Ex Strada Statale 195 Sulcitana,,,Sant'Avendrace-Santa Gilla
1515277197,Ex Strada Statale 195 Sulcitana,,,Sant'Avendrace-Santa Gilla
1515277200,Ex Strada Statale 195 Sulcitana,,,Sant'Avendrace-Santa Gilla
1515277215,Strada Statale 195 var Sulcitana,,,Sant'Avendrace-Santa Gilla
1515278358,SS195,,,Sant'Avendrace-Santa Gilla
1515283080,Strada Statale 195 Sulcitana,,,Sant'Avendrace-Santa Gilla
1517562330,Via Monte Sabotino,3,,Sant'Avendrace-Santa Gilla
1517586475,SS131,,,San Michele
1517776305,Strada Statale 195 var Sulcitana,,,Sant'Avendrace-Santa Gilla
1517776309,Strada Statale 195 var Sulcitana,,,Sant'Avendrace-Santa Gilla
1517780057,Viale Pula,,,Sant'Avendrace-Santa Gilla
1517780065,,,,Sant'Avendrace-Santa Gilla
1517780327,Viale Pula,,,Sant'Avendrace-Santa Gilla
1517799541,Traversa di Viale La Plaia,,,Stampaxi/Stampace
1517799547,Via Sassari,,,Stampaxi/Stampace
1517799563,Viale La Plaia,,,Stampaxi/Stampace
1517799595,Via Sassari,,,Stampaxi/Stampace
1517799598,Traversa di Viale La Plaia,,,Stampaxi/Stampace
1517799601,Viale La Plaia,,,Stampaxi/Stampace
1517799603,Viale La Plaia,,,Stampaxi/Stampace
1517799605,Viale La Plaia,,,Stampaxi/Stampace
1517799609,Via Sassari,,,Stampaxi/Stampace
1517799702,Via Sassari,,,Stampaxi/Stampace
1517799705,Traversa di Viale La Plaia,,,Stampaxi/Stampace
1517799709,Via Sassari,,,Stampaxi/Stampace
1517799755,Via Sassari,,,Stampaxi/Stampace
1517799773,Traversa di Viale La Plaia,,,Stampaxi/Stampace
1517799797,Traversa di Viale La Plaia,,,Stampaxi/Stampace
1517799799,Traversa di Viale La Plaia,,,Stampaxi/Stampace
1517799802,Via Sassari,,,Stampaxi/Stampace
1517799817,Traversa di Viale La Plaia,,,Stampaxi/Stampace
1517799819,Traversa di Viale La Plaia,,,Stampaxi/Stampace
1517799835,Viale La Plaia,,,Stampaxi/Stampace
1517799846,Via Sassari,,,Stampaxi/Stampace
1517799865,Via Sassari,,,Stampaxi/Stampace
1517854296,Viale La Plaia,,,Stampaxi/Stampace
1517854310,Viale La Plaia,,,Stampaxi/Stampace
1517854342,Traversa di Viale La Plaia,,,Stampaxi/Stampace
1517854366,Viale La Plaia,,,Stampaxi/Stampace
1517894275,Via San Paolo,15,,Sant'Avendrace-Santa Gilla
1517894282,Via San Paolo,74,,Sant'Avendrace-Santa Gilla
1517894306,Via San Paolo,,,Stampaxi/Stampace
1517894327,Via San Paolo,11,,Sant'Avendrace-Santa Gilla
1517894329,Via San Paolo,78,,Sant'Avendrace-Santa Gilla
1517894353,Via San Paolo,78,,Sant'Avendrace-Santa Gilla
1517894389,Via San Paolo,,,Stampaxi/Stampace
1517949796,,,,Sant'Avendrace-Santa Gilla
1518523572,,,,Stampaxi/Stampace
1518523579,,,,Stampaxi/Stampace
1518593530,Viale La Plaia,19,,Stampaxi/Stampace
1518593565,Viale La Plaia,21,,Stampaxi/Stampace
1518593571,Viale La Plaia,19,,Stampaxi/Stampace
1518657285,Via Mario De Sotgiu,,,Sant'Avendrace-Santa Gilla
1518676078,Via San Paolo,104,,Sant'Avendrace-Santa Gilla
1518676083,Via Rio Palmas,8,,Sant'Avendrace-Santa Gilla
1518676086,Via Rio Palmas,2,,Sant'Avendrace-Santa Gilla
1518680306,Via San Paolo,37,,Sant'Avendrace-Santa Gilla
1518680309,Via Campo Scipione,,,Sant'Avendrace-Santa Gilla
1518697186,Via San Simone,,,Sant'Avendrace-Santa Gilla
1518697192,Via San Simone,,,Sant'Avendrace-Santa Gilla
1518697195,Via San Simone,,,Sant'Avendrace-Santa Gilla
1518697200,Via San Simone,,,Sant'Avendrace-Santa Gilla
1518697206,Via San Simone,,,Sant'Avendrace-Santa Gilla
1518697208,Via San Simone,,,Sant'Avendrace-Santa Gilla
1518697215,Via San Simone,,,Sant'Avendrace-Santa Gilla
1518697219,Via San Simone,,,Sant'Avendrace-Santa Gilla
1518697258,Via San Simone,,,Sant'Avendrace-Santa Gilla
1518697274,Via San Simone,,,Sant'Avendrace-Santa Gilla
1518697278,Via San Simone,,,Sant'Avendrace-Santa Gilla
1518697306,Via San Simone,,,Sant'Avendrace-Santa Gilla
1518697324,Via San Simone,,,Sant'Avendrace-Santa Gilla
1518697328,Via San Simone,,,Sant'Avendrace-Santa Gilla
1518697330,,,,Sant'Avendrace-Santa Gilla
1518697331,Via San Simone,,,Sant'Avendrace-Santa Gilla
1518697332,Via San Simone,,,Sant'Avendrace-Santa Gilla
1518697355,Via San Simone,,,Sant'Avendrace-Santa Gilla
1518697362,Via San Simone,,,Sant'Avendrace-Santa Gilla
1519301956,Via Po,,,Sant'Avendrace-Santa Gilla
1519301963,SS195racc,,,Sant'Avendrace-Santa Gilla
1519301967,SS195racc,,,Sant'Avendrace-Santa Gilla
1519301975,Via Po,,,Sant'Avendrace-Santa Gilla
1519301981,Via Po,,,Sant'Avendrace-Santa Gilla
1519301983,Via Po,,,Sant'Avendrace-Santa Gilla
1519301987,Strada statale 195 racc Via San Paolo,,,Sant'Avendrace-Santa Gilla
1519301988,Strada statale 195 racc Via San Paolo,,,Sant'Avendrace-Santa Gilla
1519301990,Via Po,,,Sant'Avendrace-Santa Gilla
1519301998,Via Puglia,,,San Michele
1520083014,Viale Campioni d'Italia 1969-70,,,Monte Mixi
1520083019,Viale Campioni d'Italia 1969-70,,,Monte Mixi
1520083055,Viale Armando Diaz,,,Monte Mixi
1520083057,Viale Armando Diaz,,,Monte Mixi
1520083104,Via Generale Stefano Cagna,,,Monte Mixi
1520083127,Piazza Marco Polo,10,,Bonaria
1520083172,Viale Armando Diaz,195,,Bonaria
1520083186,Viale Armando Diaz,72,,Bonaria
1520083234,Viale Armando Diaz,151,,Bonaria
1520083241,Viale Armando Diaz,147,,Bonaria
1520083245,Viale Armando Diaz,137,,Bonaria
1520083281,Piazza Donatori di Sangue,,,Bonaria
1520083284,Viale Armando Diaz,,,Bonaria
1520083287,Piazza Donatori di Sangue,,,Bonaria
1520083290,Piazza Donatori di Sangue,,,Bonaria
1520083298,Piazza Donatori di Sangue,,,Bonaria
1520083313,Piazza Donatori di Sangue,,,Bonaria
1520083321,Viale Armando Diaz,,,Bonaria
1520083329,Piazza Donatori di Sangue,,,Bonaria
1520083331,Piazza Donatori di Sangue,,,Bonaria
1520083338,Piazza Attilio Deffenu,,,Bonaria
1520083393,Molo Capitaneria,,,Bonaria
1520083433,Via Sidney Sonnino,20,,Bonaria
1520083462,Piazza Attilio Deffenu,2,,Bonaria
1520328135,Via Sidney Sonnino,86a,,Bonaria
1520328153,Via Napoli,4,,Lapola/Marina
1520328220,Via Roma,28b,,Stampaxi/Stampace
1520328236,Via Goffredo Mameli,,,Stampaxi/Stampace
1520328241,Piazza Giuseppe Garibaldi,,,San Benedetto
1520339522,Piazza Attilio Deffenu,1,,Bonaria
1520339535,Piazza Attilio Deffenu,1,,Bonaria
1521099741,Via Guglielmo Marconi,190,,Sant'Alenixedda
1521099798,Via Guglielmo Marconi,107,,Genneruxi
1521099817,Asse Mediano di Scorrimento,,,Sant'Alenixedda
1523287580,Viale Calamosca,25,,Borgo Sant'Elia
1523287605,Viale San Bartolomeo,,,Nuovo Borgo Sant'Elia
1523287607,Viale San Bartolomeo,,,La Palma
1524427431,Via Santi Lorenzo e Pancrazio,,,Stampaxi/Stampace
1524444298,Via Sandro Botticelli,8a,,Mulinu Becciu
1524480782,Viale Elmas,154,,Sant'Avendrace-Santa Gilla
1524484561,Viale Monastir,201,,Mulinu Becciu
1524484564,Via Giotto,39,,Mulinu Becciu
1528047727,Via Seruci,7,,Is Mirrionis
1528047745,Via Buggerru,14,,Is Mirrionis
1528050865,Via Is Mirrionis,86,,Tuvixeddu-Tuvumannu
1528066181,Via Giorgio Aleo,2,,Is Mirrionis
1528069359,Via Capitanata,38,,Is Mirrionis
1528069361,Via Capitanata,4,,Is Mirrionis
1528074188,Via Lomellina,2,,La Vega
1528074190,Via Canavese,5,,La Vega
1528079561,Via Romagna,,,Is Mirrionis
1528079563,Via Ottone Bacaredda,105,,Fonsarda
1539616231,Via Giuseppe Mazzini,40,,Lapola/Marina
1539616251,Via Mario De Candia,2,,Castedd'e susu/Castello
1539616293,Piazza Alberto Lamarmora,1,,Castedd'e susu/Castello
1539616295,Via dei Genovesi,4,,Castedd'e susu/Castello
1539616341,Via Santa Margherita,,,Stampaxi/Stampace
1539616443,Via Cammino Nuovo,,,Stampaxi/Stampace
1539616446,Piazza Santa Croce,,,Castedd'e susu/Castello
1540472093,Vico Secondo di Viale La Plaia,,,Stampaxi/Stampace
1554372181,Via Monte Mixi,13d,,Monte Mixi
1554372237,Via Monte Mixi,19,,Monte Mixi
1554372580,Via Monte Mixi,1,,Monte Mixi
1554372740,Via Monte Mixi,1,,Monte Mixi
1554372803,Via Monte Mixi,,,Monte Mixi
1554372915,,,,La Palma
1554373693,Via La Palma,,,La Palma
1554374375,,,,Sant'Avendrace-Santa Gilla
1554374396,,,,Sant'Avendrace-Santa Gilla
1554374555,,,,Sant'Avendrace-Santa Gilla
1554374565,,,,Sant'Avendrace-Santa Gilla
1554374588,,,,Sant'Avendrace-Santa Gilla
1554374594,,,,Sant'Avendrace-Santa Gilla
1554374604,,,,Sant'Avendrace-Santa Gilla
1554374606,,,,Sant'Avendrace-Santa Gilla
1554374615,,,,Sant'Avendrace-Santa Gilla
1554374623,,,,Sant'Avendrace-Santa Gilla
1554374631,,,,Sant'Avendrace-Santa Gilla
1554374648,,,,Sant'Avendrace-Santa Gilla
1557304443,Via Campo Scipione,,,Sant'Avendrace-Santa Gilla
1557304446,Via Campo Scipione,,,Sant'Avendrace-Santa Gilla
1557304461,Via Campo Scipione,,,Sant'Avendrace-Santa Gilla
1557304481,Via Santa Gilla,41,,Sant'Avendrace-Santa Gilla
1557304498,Via Santa Gilla,41,,Sant'Avendrace-Santa Gilla
1557304503,Via Santa Gilla,41a,,Sant'Avendrace-Santa Gilla
1557304519,Via Campo Scipione,,,Sant'Avendrace-Santa Gilla
1557304523,Viale Trento,97,,Sant'Avendrace-Santa Gilla
1557304532,Viale Trento,,,Sant'Avendrace-Santa Gilla
1557304556,Viale dei Giornalisti,19,,Sant'Avendrace-Santa Gilla
1557304570,Via Santa Gilla,41,,Sant'Avendrace-Santa Gilla
1557304575,Via Santa Gilla,39,,Sant'Avendrace-Santa Gilla
1557304597,Via Mario De Sotgiu,,,Sant'Avendrace-Santa Gilla
1571727219,Viale Trento,,,Sant'Avendrace-Santa Gilla
1571727232,Via Santa Gilla,43,,Sant'Avendrace-Santa Gilla
1571727234,Via Col del Rosso,32,,San Michele
1573786275,Via San Simone,,,Sant'Avendrace-Santa Gilla
1573786276,Via San Simone,,,Sant'Avendrace-Santa Gilla
1573786277,Via San Simone,,,Sant'Avendrace-Santa Gilla
1573786278,Via San Simone,,,Sant'Avendrace-Santa Gilla
1573786279,Via San Simone,,,Sant'Avendrace-Santa Gilla
1573786280,Via San Simone,,,Sant'Avendrace-Santa Gilla
1573786281,Via San Simone,,,Sant'Avendrace-Santa Gilla
1573786282,Via San Simone,,,Sant'Avendrace-Santa Gilla
1573786283,Via San Simone,,,Sant'Avendrace-Santa Gilla
1573786284,Via San Simone,,,Sant'Avendrace-Santa Gilla
1573786285,Via San Simone,,,Sant'Avendrace-Santa Gilla
1573786286,Via San Simone,,,Sant'Avendrace-Santa Gilla
1573786287,Via San Simone,,,Sant'Avendrace-Santa Gilla
1573786288,Via San Simone,,,Sant'Avendrace-Santa Gilla
1573786289,Via San Simone,,,Sant'Avendrace-Santa Gilla
1573786290,Via San Simone,,,Sant'Avendrace-Santa Gilla
1576994345,Viale Sant'Avendrace,61,,Sant'Avendrace-Santa Gilla
1577002087,Via della Nautica,6,,Sant'Avendrace-Santa Gilla
1577002117,Via Maestri del Lavoro,,,Sant'Avendrace-Santa Gilla
1577002120,Via Infante Alfonso,30,,Sant'Avendrace-Santa Gilla
1577002125,Viale Elmas,87,,Sant'Avendrace-Santa Gilla
1577002128,Via della Nautica,3,,Sant'Avendrace-Santa Gilla
1577002131,Viale Elmas,136,,Sant'Avendrace-Santa Gilla
1577003433,Viale Elmas,142,,Sant'Avendrace-Santa Gilla
1577003436,Viale Elmas,149,,Sant'Avendrace-Santa Gilla
1577006126,Via dell'Agricoltura,11,,Sant'Avendrace-Santa Gilla
1577006131,Viale Umberto Ticca,3,,Mulinu Becciu
1577007778,Via Il Tintoretto,16,,Mulinu Becciu
1577010594,Via Carnia,4,,San Michele
1577013713,Piazza Verdun,2,,San Michele
1577792794,Vico di Via Malta,1,,Stampaxi/Stampace
1577794284,Viale Trieste,6a,,Stampaxi/Stampace
1577795061,Via Sassari,23,,Stampaxi/Stampace
1577796448,Largo Carlo Felice di Savoia,13a,,Lapola/Marina
1577804308,Via Carlo Buragna,61,,Stampaxi/Stampace
1579385320,Via Po,,,Sant'Avendrace-Santa Gilla
1580688869,Via Po,,,Sant'Avendrace-Santa Gilla
1580691283,Via Po,49a,,Sant'Avendrace-Santa Gilla
1582397330,Via Adamello,2,,Sant'Avendrace-Santa Gilla
1582403418,Via Doberd?,35,,Tuvixeddu-Tuvumannu
1582408931,Piazza Is Maglias,,,San Michele
1582408932,Piazza Is Maglias,2,,San Michele
1582408935,Via Is Maglias,7a,,Sant'Avendrace-Santa Gilla
1582408975,Piazza Is Maglias,,,San Michele
1582411336,Piazza della Medaglia Miracolosa,21,,San Michele
1582411342,Piazza della Medaglia Miracolosa,,,San Michele
1582411346,Piazza della Medaglia Miracolosa,10,,San Michele
1582411347,Via Emilia,39,,San Michele
1582411348,Piazza della Medaglia Miracolosa,14,,San Michele
1582411349,Piazza della Medaglia Miracolosa,,,San Michele
1582412231,Via Val D'Elsa,34,,San Michele
1582412232,Via Lunigiana,17a,,San Michele
1582420930,Via Villa Giusti,2,,Tuvixeddu-Tuvumannu
1582427138,Via 29 Novembre 1847,17,,Stampaxi/Stampace
1582427139,Viale Trieste,59a,,Stampaxi/Stampace
1582427140,Via 29 Novembre 1847,65,,Stampaxi/Stampace
1582427370,Via Giorgio Asproni,46,,Stampaxi/Stampace
1582427371,Via Roma,82,,Stampaxi/Stampace
1583782879,Via delle Rondini,6,,Poetto-Medau su Cramu
1583782881,Via delle Rondini,10,,Poetto-Medau su Cramu
1583782882,Via delle Rondini,2,,Poetto-Medau su Cramu
1583785569,Via S'Arrulloni,28,,Quartiere del Sole
1583881155,Piazza dell'Orsa Maggiore,3,,Quartiere del Sole
1583884537,Piazza dell'Orsa Maggiore,4,,Quartiere del Sole
1583902094,Via Favonio,5,,La Palma
1600248995,Via dei Valenzani,,,Is Mirrionis
1600802587,Via Firenze,39,,Monte Mixi
1600807910,Via degli Sport,,,Monte Mixi
1600807916,Via Firenze,43,,Monte Mixi
1600807919,Via Firenze,,,Monte Mixi
1600807928,Via degli Sport,,,Monte Mixi
1600807932,Via degli Sport,,,Monte Mixi
1600807938,Via degli Sport,1,,Monte Mixi
1600807939,Via degli Sport,,,Monte Mixi
1600807941,Viale Armando Diaz,229,,Monte Mixi
1600807944,Via degli Sport,9,,Monte Mixi
1600835496,Via Domenico Bruni,,,Is Mirrionis
1600835498,Via Domenico Bruni,,,Is Mirrionis
1600839742,Piazza Antonio Maxia,,,Bonaria
1601530424,Calata Roma,,,Lapola/Marina
1601555830,Via Euro,21,,La Palma
1601555846,Via Giambattista Morgagni,,,Monte Mixi
1601555873,Via Giambattista Morgagni,,,Monte Mixi
1601555875,Via Tramontana,,,La Palma
1601555876,Via Luigi Rolando,1,,Monte Mixi
1601555877,Piazza Giuseppe Pizzorno,1,,Monte Mixi
1601555881,Via Luigi Rolando,5,,Monte Mixi
1602371202,Viale Armando Diaz,156,,Bonaria
1602581836,Viale La Plaia,,,Stampaxi/Stampace
1602581841,Viale La Plaia,21,,Stampaxi/Stampace
1602581921,Via Caprera,13,,Stampaxi/Stampace
1607732821,Strada Statale 131 Carlo Felice,,,Mulinu Becciu
1607732827,Strada Statale 131 Carlo Felice,,,Sant'Avendrace-Santa Gilla
1607732966,Strada Statale 131 dir Carlo Felice,,,Mulinu Becciu
1607864912,Via Lunigiana,52,,San Michele
1607864921,Viale Monastir,116,,Sant'Avendrace-Santa Gilla
1607864926,Viale Monastir,124,,Sant'Avendrace-Santa Gilla
1607864927,Via Puglia,16,,San Michele
1607865016,Via del Fangario,,,Sant'Avendrace-Santa Gilla
1607865061,Via Aldo Marongiu,1,,San Michele
1607865120,Viale Monastir,126c,,Sant'Avendrace-Santa Gilla
1607870512,Viale Pula,,,Sant'Avendrace-Santa Gilla
1607875750,Viale La Plaia,19,,Stampaxi/Stampace
1618714267,Via Torino,21,,Lapola/Marina
1618719007,Via Concezione,16,,Lapola/Marina
1626617191,Piazza dell'Orsa Maggiore,1,,Quartiere del Sole
1626617199,Piazza dell'Orsa Maggiore,7,,Quartiere del Sole
1626617204,Via Lodovico Baylle,2,,Lapola/Marina
1626617208,Via Pasquale Tola,1,,San Benedetto
1634571197,Pista ciclabile Terramaini,,Terram?ini - Is Bingias,Municipalidadi de Pirri/Municipalit? di Pirri
1634571202,Pista ciclabile Terramaini,,Terram?ini - Is Bingias,Municipalidadi de Pirri/Municipalit? di Pirri
1634571224,Pista ciclabile Terramaini,,Terram?ini - Is Bingias,Municipalidadi de Pirri/Municipalit? di Pirri
1634571240,Via Gaio Giulio Cesare,,Terram?ini - Is Bingias,Municipalidadi de Pirri/Municipalit? di Pirri
1634571241,Viale Roberto Pisano,,Terram?ini - Is Bingias,Municipalidadi de Pirri/Municipalit? di Pirri
1634571242,Via Gaio Giulio Cesare,,Terram?ini - Is Bingias,Municipalidadi de Pirri/Municipalit? di Pirri
1634571270,Viale Roberto Pisano,,Terram?ini - Is Bingias,Municipalidadi de Pirri/Municipalit? di Pirri
1634571352,Via Andrea Vesalio,,Terram?ini - Is Bingias,Municipalidadi de Pirri/Municipalit? di Pirri
1634571367,Pista ciclabile Terramaini,,Terram?ini - Is Bingias,Municipalidadi de Pirri/Municipalit? di Pirri
1634571461,Pista ciclabile Terramaini,,Terram?ini - Is Bingias,Municipalidadi de Pirri/Municipalit? di Pirri
1639208211,Strada Statale 131 Carlo Felice,,,Mulinu Becciu
1639764213,Via Giuliana Treleani,,Terram?ini - Is Bingias,Municipalidadi de Pirri/Municipalit? di Pirri
1639764272,Pista ciclabile Terramaini,,Terram?ini - Is Bingias,Municipalidadi de Pirri/Municipalit? di Pirri
1639764289,Pista ciclabile Terramaini,,Terram?ini - Is Bingias,Municipalidadi de Pirri/Municipalit? di Pirri
1639764303,Via Giuliana Treleani,,Terram?ini - Is Bingias,Municipalidadi de Pirri/Municipalit? di Pirri
1644840350,Via Thomas Alva Edison,,Terram?ini - Is Bingias,Municipalidadi de Pirri/Municipalit? di Pirri
1644840399,Ruga-Via Giovanni Fabrizio Bignami,,Terram?ini - Is Bingias,Municipalidadi de Pirri/Municipalit? di Pirri
1646137327,Viale Roberto Pisano,,Terram?ini - Is Bingias,Municipalidadi de Pirri/Municipalit? di Pirri
1646145157,Pista ciclabile Terramaini,,Terram?ini - Is Bingias,Municipalidadi de Pirri/Municipalit? di Pirri
1646145163,Pista ciclabile Terramaini,,Terram?ini - Is Bingias,Municipalidadi de Pirri/Municipalit? di Pirri
1646145179,Via Andrea Vesalio,,Terram?ini - Is Bingias,Municipalidadi de Pirri/Municipalit? di Pirri
1646145181,Pista ciclabile Terramaini,,Terram?ini - Is Bingias,Municipalidadi de Pirri/Municipalit? di Pirri
1646145207,Via Andrea Vesalio,,Terram?ini - Is Bingias,Municipalidadi de Pirri/Municipalit? di Pirri
1647239851,Piazza Giacomo Matteotti,,,Stampaxi/Stampace
1654944019,Via Giuseppe Setzu,8,,Mulinu Becciu
1654944054,Via Giuseppe Setzu,8,,Mulinu Becciu
1655958384,Via Gherardo delle Notti,1,,Mulinu Becciu
1655958389,Via Gherardo delle Notti,1,,Mulinu Becciu
1655958390,Via Gherardo delle Notti,1,,Mulinu Becciu
1655958396,Via Gherardo delle Notti,1,,Mulinu Becciu
1655958426,Via Gherardo delle Notti,5,,Mulinu Becciu
1655958429,Via Gherardo delle Notti,5,,Mulinu Becciu
1655958548,Via Francesco Borromini,,,Mulinu Becciu
1655958567,Via Francesco Borromini,,,Mulinu Becciu
1655958578,Piazza delle Arti,1,,Mulinu Becciu
1655958584,Piazza delle Arti,,,Mulinu Becciu
1655958593,Piazza delle Arti,,,Mulinu Becciu
1655958611,Piazza delle Arti,3,,Mulinu Becciu
1656879027,Strada Statale 195 var Sulcitana,,,Sant'Avendrace-Santa Gilla
1667574972,Via Romagna,23,,La Vega
1667603734,Piazza Papa Giovanni Ventitreesimo,,,Sant'Alenixedda
1667603762,Piazza Papa Giovanni Ventitreesimo,,,Sant'Alenixedda
1667603765,Piazza Papa Giovanni Ventitreesimo,38,,Sant'Alenixedda
1667603787,Piazza Papa Giovanni Ventitreesimo,,,Sant'Alenixedda
1667603838,Via Don Riccardo Macchioni,,,Sant'Alenixedda
1667603839,Via Giudicessa Vera,,,Sant'Alenixedda
1667626733,Via Romagna,15,,La Vega
1667665174,Via Marche,15,,Biddanoa/Villanova
1667665188,Via Lazio,,,La Vega
1667681603,Largo Giuseppe Dess?,,,Castedd'e susu/Castello
1667681633,Largo Giuseppe Dess?,,,Stampaxi/Stampace
1667696748,Vico Primo di Via Ugo Tristani,1,,Biddanoa/Villanova
1667696767,Piazza Ugo Tristani,149,,Biddanoa/Villanova
1667696791,Piazza Ugo Tristani,2a,,La Vega
1667696794,Piazza Ugo Tristani,5,,Biddanoa/Villanova
1667837824,,,Monreale,Municipalidadi de Pirri/Municipalit? di Pirri
1667842536,Asse Mediano di Scorrimento,,,Is Mirrionis
1667842538,Asse Mediano di Scorrimento,,,Is Mirrionis
1667842556,Via Alfonso Ligas,53,,San Michele
1667876404,Piazza Giuseppe Garibaldi,,,San Benedetto
1667876429,Piazza Giuseppe Garibaldi,,,Biddanoa/Villanova
1667876438,Piazza Giuseppe Garibaldi,,,San Benedetto
1667883189,Piazza Giovanni Marghinotti,,,Biddanoa/Villanova
1667889525,Via Is Maglias,188,,Tuvixeddu-Tuvumannu
1667934176,Via Lanusei,16,,Biddanoa/Villanova
1667934202,Via Giuseppe Garibaldi,38,,Biddanoa/Villanova
1667934213,Via Oristano,1,,Biddanoa/Villanova
1667934217,Via Vittorio Emanuele Orlando,,,Biddanoa/Villanova
1667934248,Piazza San Domenico,1,,Biddanoa/Villanova
1667934253,Via San Giacomo,140,,Biddanoa/Villanova
1667934256,Via Bosa,8,,Biddanoa/Villanova
1667934273,Via Bosa,,,Biddanoa/Villanova
1667934279,Via Tempio,20,,Biddanoa/Villanova
1667934281,Piazza San Rocco,1,,Biddanoa/Villanova
1667953602,Via San Giovanni,296,,Biddanoa/Villanova
1667958014,Via Giovanni Spano,,,Lapola/Marina
1669281976,Via Campo Scipione,,,Sant'Avendrace-Santa Gilla
1669281986,,,,Sant'Avendrace-Santa Gilla
1669307377,Via Mario De Sotgiu,,,Sant'Avendrace-Santa Gilla
1669385003,Via Codroipo,16,,Sant'Avendrace-Santa Gilla
1669385014,Via Codroipo,16,,Sant'Avendrace-Santa Gilla
1669385090,Via Is Maglias,128,,Tuvixeddu-Tuvumannu
1670020248,Via Costituzione,34,,Biddanoa/Villanova
1670025023,Via Vincenzo Sulis,14,,Biddanoa/Villanova
1670058765,Piazza Regina Margherita,,,Biddanoa/Villanova
1670070652,Piazza Francesco Paolo Ingrao,3,,Bonaria
1670286551,Via Sant'Eulalia,52,,Lapola/Marina
1670286555,Piazza Giovanni Maria Dettori,9,,Lapola/Marina
1670325040,Vico di Via Barcellona,1,,Lapola/Marina
1670325042,Via Lodovico Baylle,65,,Lapola/Marina
1670325044,Via Napoli,69,,Lapola/Marina
1670325062,Vico di Via Barcellona,14,,Lapola/Marina
1670325065,Via Giovanni Maria Dettori,23,,Lapola/Marina
1670326725,Vico di Via Lodovico Baylle,,,Lapola/Marina
1670370414,Via Camillo Benso Conte di Cavour,13,,Lapola/Marina
1670370415,Via Vittorio Porcile,31,,Lapola/Marina
1670370417,Via dei Mille,2,,Lapola/Marina
1670375727,Via Sant'Eulalia,30,,Lapola/Marina
1670467879,Via Barone Salvatore Rossi,11,,Bonaria
1670467892,Via Giovanni Giolitti,,,Bonaria
1670467942,Via Giovanni Giolitti,1,,Bonaria
1670467946,Via Sidney Sonnino,39,,Bonaria
1670467947,Via Barone Salvatore Rossi,59,,Bonaria
1670467957,Piazza Ichnusa,,,Bonaria
1670467984,Piazza Ichnusa,,,Bonaria
1670468013,Piazza Ichnusa,,,Bonaria
1670468027,Piazza Ichnusa,,,Bonaria
1670468035,Piazza Ichnusa,,,Bonaria
1670485116,Via Giovanni Giolitti,19,,Bonaria
1670485118,Via Giovanni Giolitti,15,,Bonaria
1670485120,Via Giovanni Giolitti,9,,Bonaria
1670485122,Via Giovanni Giolitti,9,,Bonaria
1670485138,Via Giovanni Giolitti,17,,Bonaria
1670485139,Via Giovanni Giolitti,15,,Bonaria
1670485140,Via Giovanni Giolitti,9,,Bonaria
1670485143,Via Barone Salvatore Rossi,29a,,Bonaria
1670485144,Via Giovanni Giolitti,9,,Bonaria
1670485147,Via Giovanni Giolitti,17,,Bonaria
1670485153,Via Barone Salvatore Rossi,35,,Bonaria
1670485156,Via Giovanni Giolitti,9,,Bonaria
1670485168,Via Giovanni Giolitti,9,,Bonaria
1670485169,Via Giovanni Giolitti,17,,Bonaria
1670485171,Via Giovanni Giolitti,9,,Bonaria
1670485173,Via Giovanni Giolitti,9,,Bonaria
1670485174,Via Sidney Sonnino,49,,Bonaria
1670485176,Vico Primo di Via Barone Salvatore Rossi,,,Bonaria
1670485177,Via Giovanni Giolitti,9,,Bonaria
1670485178,Via Giovanni Giolitti,,,Bonaria
1670485180,Vico Primo di Via Barone Salvatore Rossi,,,Bonaria
1670485202,Via Giovanni Giolitti,,,Bonaria
1670506989,,,,Bonaria
1671052617,Vico Secondo di Via Vincenzo Sulis,5,,Biddanoa/Villanova
1671052676,Via Antonio Giovanni Piccioni,136,,Biddanoa/Villanova
1671059699,Vico Quarto di Via San Giovanni,14,,Biddanoa/Villanova
1671059704,Via San Giacomo,62,,Biddanoa/Villanova
1671059707,Vico Quarto di Via San Giovanni,1,,Biddanoa/Villanova
1671059709,Via San Domenico,98,,Biddanoa/Villanova
1671059712,Vico Secondo San Domenico,5,,Biddanoa/Villanova
1671059739,Vico Quinto di Via San Giovanni,3,,Biddanoa/Villanova
1671059744,Via San Domenico,120,,Biddanoa/Villanova
1671059747,Vico Sesto di Via San Giovanni,13,,Biddanoa/Villanova
1671059755,Vico Sesto di Via San Giovanni,2,,Biddanoa/Villanova
1671067158,Via Giuseppe Garibaldi,174,,Biddanoa/Villanova
1671067165,Via San Domenico,24,,Biddanoa/Villanova
1671070931,Vico di Via Giuseppe Garibaldi,2,,Biddanoa/Villanova
1671070935,,,,Biddanoa/Villanova
1671083111,Vico Secondo di Via Vincenzo Sulis,2,,Biddanoa/Villanova
1671083114,Viale Enrico Endrich,,,Biddanoa/Villanova
1671083115,Vico Secondo di Via Vincenzo Sulis,2,,Biddanoa/Villanova
1671083118,Piazza Giovanni Marghinotti,1,,Biddanoa/Villanova
1671107668,Via San Saturnino,61,,Biddanoa/Villanova
1671721062,Viale Enrico Endrich,,,Biddanoa/Villanova
1671721064,Viale Enrico Endrich,,,Biddanoa/Villanova
1671722050,Via Giuseppe Manno,33,,Lapola/Marina
1671739088,Piazza Francesco Paolo Ingrao,3,,Bonaria
1672351463,Via Roma,,,Stampaxi/Stampace
1673201087,Via Gianquinto De Gioannis,1,,Bonaria
1673201147,Piazza Repubblica,,,Monte Urpinu
1673201163,Piazza Repubblica,,,Monte Urpinu
1673201169,Via Dante Alighieri,77,,San Benedetto
1673201177,Piazza San Benedetto,11,,San Benedetto
1673201181,Piazza San Benedetto,11,,San Benedetto
1673201184,Piazza San Benedetto,,,San Benedetto
1673201186,Via Giacomo Puccini,1,,San Benedetto
1673201205,Via San Benedetto,2,,San Benedetto
1673201218,Piazza San Benedetto,16,,San Benedetto
1673201221,Via Alessandro Manzoni,1,,San Benedetto
1673201233,Via Dante Alighieri,79,,San Benedetto
1673201236,Piazza San Benedetto,3,,San Benedetto
1673365933,Via Sant'Eusebio,2,,Bonaria
1673365940,Vico Secondo di Via Sant'Eusebio,8,,Bonaria
1673365943,Vico Terzo di Via Sant'Eusebio,1,,Bonaria
1673365947,Vico Terzo di Via Sant'Eusebio,14,,Bonaria
1673386904,Via Nuoro,64,,Bonaria
1673386905,Vico di Via Nuoro,23,,Bonaria
1673396146,Via Gaetano Donizetti,16,,San Benedetto
1673422345,Via Antonio Taramelli,1,,Monte Urpinu
1673422347,Via Efisio Marini,22,,Monte Urpinu
1673422349,Via Enrico Pessina,26,,Monte Urpinu
1673422351,Via Enrico Pessina,13b,,Bonaria
1673422357,Via Luigi Amat,,,Monte Urpinu
1673422368,Piazza della Repubblica,20,,Monte Urpinu
1673422374,Via Nicola Calipari,,,Monte Urpinu
1673422376,Piazza Repubblica,,,Monte Urpinu
1673422378,Via Nicola Calipari,,,Monte Urpinu
1673422379,Piazza Repubblica,,,Monte Urpinu
1673422380,Piazza Repubblica,,,Monte Urpinu
1673422381,Via Nicola Calipari,,,Monte Urpinu
1673422392,Via Enrico Carboni Boi,1,,Monte Urpinu
1673422397,Via Enrico Carboni Boi,1,,Monte Urpinu
1673422399,Via Luigi Amat,,,Monte Urpinu
1673430088,Via Luigi Amat,,,Monte Urpinu
1673430092,Via Enrico Carboni Boi,,,Monte Urpinu
1673430093,Via Enrico Carboni Boi,1,,Monte Urpinu
1673433342,Piazza Repubblica,,,Monte Urpinu
1673449317,Via Luigi Amat,,,Monte Urpinu
1673668913,Piazza Antonio Gramsci,2,,Biddanoa/Villanova
1673791786,Via Stanislao Caboni,9a,,Bonaria
1673791845,Via Domenico Filia,13,,Bonaria
1673791867,Via Domenico Filia,13a,,Bonaria
1673960241,Viale Bonaria,,,Bonaria
1674352599,Via Vittorio Bottego,1,,Bonaria
1674352613,Via Vittorio Bottego,,,Bonaria
1674375351,Via Messina,1,,Bonaria
1674375354,Via Messina,3,,Bonaria
1674375358,Via Padova,13,,Bonaria
1674375365,Via Genova,6,,Bonaria
1674375369,Viale Bonaria,,,Bonaria
1674375378,Via Messina,43,,Bonaria
1674550416,Via Emanuele Pessagno,12,,Monte Mixi
1674550417,Via Emanuele Pessagno,12,,Monte Mixi
1674550441,Via Emanuele Pessagno,,,Bonaria
1674550472,Via Emanuele Pessagno,6,,Bonaria
1674550487,Via Emanuele Pessagno,22,,Monte Mixi
1674550490,Via Emanuele Pessagno,22,,Monte Mixi
1674550516,Via Monte Mixi,13b,,Monte Mixi
1674550524,Via John Davison Rockefeller,16,,Monte Mixi
1674550549,Via Giambattista Morgagni,,,Monte Mixi
1674550551,Via John Davison Rockefeller,29,,Monte Mixi
1674550559,Via Giambattista Morgagni,15,,Monte Mixi
1674550587,Piazza Carlo Caschili,1,,Monte Mixi
1674550590,Via Luigi Rolando,17,,Monte Mixi
1674560778,Viale Armando Diaz,223,,Bonaria
1674798741,Asse Mediano di Scorrimento,,,La Palma
1674798787,Via Sa Perda Bianca,,,Monte Mixi
1674798831,Via Macerata,2,,Monte Mixi
1674798836,Via Macerata,3,,Monte Mixi
1674798859,Via Pesaro,3,,Monte Mixi
1674798860,Via Macerata,,,Monte Mixi
1674798861,Via Pesaro,5,,Monte Mixi
1674798862,Via Macerata,8,,Monte Mixi
1674798864,Via Pesaro,5,,Monte Mixi
1674798868,Via Reggio Calabria,1,,Monte Mixi
1674798882,Via Louis Pasteur,7,,Monte Mixi
1674798904,Via Enrico Fermi,21,,Monte Mixi
1674798907,Via Enrico Fermi,19,,Monte Mixi
1674798919,Via Carlo Forlanini,,,Monte Mixi
1674798926,Via dei Fenicotteri,7,,Monte Mixi
1674798988,,,,Monte Mixi
1674798994,Via Generale Stefano Cagna,,,Monte Mixi
1674799032,,,,Monte Mixi
1674799051,Via dei Conversi,,,Monte Urpinu
1674799065,Via dei Conversi,,,Monte Urpinu
1674799213,Via dei Conversi,1,,Monte Urpinu
1674799232,Via dei Conversi,7,,Monte Urpinu
1674799240,Via dei Conversi,19,,Monte Urpinu
1674810055,Via Monserrato Rossell?,1,,Monte Urpinu
1674810066,Via dei Conversi,15,,Monte Urpinu
1674810076,Via dei Conversi,,,Monte Urpinu
1674810101,Via dei Conversi,,,Genneruxi
1674810106,Via dei Conversi,,,Genneruxi
1674810108,Via dei Conversi,30,,Genneruxi
1674810117,Via dell'Abbazia,,,Genneruxi
1674810120,Via dei Conversi,,,Genneruxi
1674810141,Via dell'Abbazia,,,Genneruxi
1674822346,Via Priore Fulco,1,,Genneruxi
1674822359,Via Lione,2,,Genneruxi
1674822361,Via Priore Riccardo,,,Genneruxi
1674822362,Via dei Vittorini,18,,Genneruxi
1674822363,Via Lione,4,,Genneruxi
1674822377,Via Nizza,26,,Genneruxi
1674822380,Via Nizza,34,,Genneruxi
1675626870,Via dei Conversi,,,Genneruxi
1675626907,Largu/Largo Patrizio Gennari,4a,,San Benedetto
1675626909,Largu/Largo Patrizio Gennari,,,Genneruxi
1675626915,Largu/Largo Patrizio Gennari,12,,San Benedetto
1675626933,Via Gioachino Rossini,76,,Sant'Alenixedda
1675755026,Via Praga,,,Genneruxi
1675755071,Piazza Zagabria,20,,Genneruxi
1675755078,Piazza Zagabria,20,,Genneruxi
1675779139,Via Stoccolma,,,Genneruxi
1675779142,Via Costantinopoli,13,,Genneruxi
1675779149,Via Zagabria,2,,Genneruxi
1675787958,Via Chiara Lubich,1,,Genneruxi
1675787959,Via Chiara Lubich,3,,Genneruxi
1675787963,Via Chiara Lubich,,,Genneruxi
1675787966,Via Chiara Lubich,7,,Genneruxi
1675787983,Via Madre Anna del Ges?,4,,Genneruxi
1675787986,Via Chiara Lubich,,,Genneruxi
1675787988,Via Madre Anna del Ges?,4,,Genneruxi
1675819901,Via Luca Pacioli,11,,Genneruxi
1675819916,Via Luca Pacioli,9,,Genneruxi
1675819917,Via Luca Pacioli,5,,Genneruxi
1675819919,Via Luca Pacioli,7,,Genneruxi
1675819921,Via Luca Pacioli,7,,Genneruxi
1675819935,,,,Genneruxi
1675819942,Via Guglielmo Marconi,78,,Sant'Alenixedda
1675819943,Via Guglielmo Marconi,78,,Sant'Alenixedda
1675819956,Via Antonio Spanedda,6,,Genneruxi
1675819957,Via Antonio Spanedda,11,,Genneruxi
1675855844,Via Giuseppe Mercalli,25,,Genneruxi
1675855846,Via Giuseppe Mercalli,,,Genneruxi
1675855870,Via Giuseppe Mercalli,6,Terram?ini - Is Bingias,Municipalidadi de Pirri/Municipalit? di Pirri
1675990962,Via Siviglia,4,,Genneruxi
1675990965,Via Siviglia,6,,Genneruxi
1675990967,Asse Mediano di Scorrimento,,,Genneruxi
1676722924,Viale Rafaele Pischedda,,,Monte Urpinu
1676722927,Viale Europa,,,Monte Urpinu
1676722953,Viale Europa,2,,Monte Urpinu
1676723000,Viale Rafaele Pischedda,,,Monte Urpinu
1676723003,Viale Rafaele Pischedda,,,Monte Urpinu
1676723047,Viale Europa,,,Monte Urpinu
1676723074,Viale Europa,,,Monte Urpinu
1676834997,Via Alfredo Oriani,1,,San Benedetto
1676834998,Piazza Galileo Galilei,1,,San Benedetto
1676834999,Via Cesare Balbo,12,,San Benedetto
1676835000,Via Giosu? Carducci,25,,San Benedetto
1676835003,Via Vittorio Alfieri,1,,San Benedetto
1676835004,Via Leonardo da Vinci,8,,San Benedetto
1676835005,Via Vittorio Alfieri,10,,San Benedetto
1676835007,Via Francesco Cocco Ortu,85,,Sant'Alenixedda
1676835014,Via Ludovico Ariosto,34,,Sant'Alenixedda
1676835015,Via Nicol? Ferracciu,1,,Sant'Alenixedda
1676835016,Via Ugo Foscolo,56,,Sant'Alenixedda
1676842196,Via Guido Reni,2,,Sant'Alenixedda
1676842198,Via Giuseppe Parini,1,,Sant'Alenixedda
1676853942,Via Nicol? Tommaseo,12b,,Sant'Alenixedda
1676853944,Via Angelo Poliziano,29,,Sant'Alenixedda
1676857165,Via Nicol? Machiavelli,103,,Sant'Alenixedda
1676857166,Via Francesco Guicciardini,11,,Sant'Alenixedda
1676861592,Piazza Michelangelo,,,Sant'Alenixedda
1676861600,Piazza Michelangelo,,,Sant'Alenixedda
1676874925,Via Gaetano Salvemini,20,,Fonsarda
1676874927,Piazza Roderigo Baezza,15,,Fonsarda
1676874928,Piazza Roderigo Baezza,12,,Fonsarda
1676874931,Piazza Roderigo Baezza,11,,Fonsarda
1676874933,Piazza Roderigo Baezza,12,,Fonsarda
1676874935,,,,Fonsarda
1676874938,Piazza Roderigo Baezza,10a,,Fonsarda
1676874939,Piazza Roderigo Baezza,13,,Fonsarda
1676874941,Via Giudicessa Benedetta,,,Fonsarda
1676874952,Via Medaglie d'Oro,,,Fonsarda
1676874956,Via dei Donoratico,91,,Fonsarda
1676917328,Via Paolo Sarpi,20,,Sant'Alenixedda
1676917329,Via Baldassarre Castiglione,25,,Fonsarda
1676917330,Via Paolo Sarpi,,,Sant'Alenixedda
1676930705,Via Filippo Figari,5,,Fonsarda
1676930706,Via Antioco Mainas,1a,,Fonsarda
1676930736,Via Antioco Mainas,4,,Fonsarda
1676930753,Via Salvatore Rosa,24,,Fonsarda
1676930759,Via Salvatore Rosa,,,Fonsarda
1676932920,Vico di Via Salvatore Rosa,,,Fonsarda
1676932923,Vico di Via Salvatore Rosa,,,Fonsarda
1676935949,Via Baldassarre Castiglione,46,,Sant'Alenixedda
1677391268,Via della Stazione Vecchia,9,,Bonaria
1677395629,Via Emilio Pirastu,,,Bonaria
1677395642,Via Emilio Pirastu,,,Bonaria
1678129441,Via La Vega,,,La Vega
1678129447,Via La Vega,10,,La Vega
1678129451,Via Giardini,,,La Vega
1678129457,Via Umbria,1,,La Vega
1678129461,Via Friuli,13a,,La Vega
1678129465,Via Liguria,,,Is Mirrionis
1678129467,Via Friuli,5,,La Vega
1678129468,Via Friuli,6a,,La Vega
1678144312,Via Valsugana,14,,Tuvixeddu-Tuvumannu
1678144321,Vico Secondo di Viale Luigi Merello,1,,Stampaxi/Stampace
1678144324,Vico Secondo di Viale Luigi Merello,1,,Stampaxi/Stampace
1678144337,Vico Secondo di Viale Luigi Merello,6a,,Stampaxi/Stampace
1678144339,Vico Terzo di Viale Luigi Merello,7,,Stampaxi/Stampace
1678144347,Viale Luigi Merello,88,,Tuvixeddu-Tuvumannu
1678144366,,,,Stampaxi/Stampace
1678144371,,,,Tuvixeddu-Tuvumannu
1678144382,,,,Tuvixeddu-Tuvumannu
1678144389,,,,Tuvixeddu-Tuvumannu
1678144410,Viale Luigi Merello,96,,Tuvixeddu-Tuvumannu
1678144427,Viale Buoncammino,,,Stampaxi/Stampace
1678144431,Viale Buoncammino,,,Stampaxi/Stampace
1678151019,Via Belvedere,1,,Stampaxi/Stampace
1678151023,Viale Buoncammino,,,Stampaxi/Stampace
1678151044,Viale Buoncammino,,,Stampaxi/Stampace
1678288900,Via Molo Sant'Agostino,,,Stampaxi/Stampace
1678304045,Largo Carlo Felice di Savoia,23,,Lapola/Marina
1678304054,Via Goffredo Mameli,126d,,Stampaxi/Stampace
1678318337,Via Renzo Frau,16,,Sant'Avendrace-Santa Gilla
1678318338,Via Edmondo De Magistris,,,Sant'Avendrace-Santa Gilla
1678318341,Via Edmondo De Magistris,2,,Sant'Avendrace-Santa Gilla
1678328949,Via Flumendosa,2,,Sant'Avendrace-Santa Gilla
1678893817,Via Monte Grappa,6b,,Sant'Avendrace-Santa Gilla
1679571341,Via Ortigara,2,,San Michele
1679571344,Via Premuda,7,,San Michele
1679571347,Via Ardenne,4,,San Michele
1679595412,Viale Monastir,106,,Sant'Avendrace-Santa Gilla
1679595415,Via Lunigiana,,,San Michele
1679595416,Via Lunigiana,68,,San Michele
1679595417,Via Lunigiana,,,San Michele
1679627336,Via Gippi,1,,San Michele
1679627339,Via Emilia,13,,San Michele
1679627341,Via Emilia,29c,,San Michele
1679627343,Via Emilia,11,,San Michele
1679627345,Via Gippi,5,,San Michele
1679627347,Via Emilia,,,San Michele
1679627349,Via Emilia,,,San Michele
1679627351,Via Emilia,,,San Michele
1679627353,Via Valsassina,,,San Michele
1679627359,Via Valsassina,,,San Michele
1680813061,Via Montevecchio,38c,,Is Mirrionis
1680813073,Via Ranieri Sampante,11,,Is Mirrionis
1680813089,Via delle Langhe,1,,San Michele
1680813091,Via Mandrolisai,4,,Is Mirrionis
1680813093,Via della Sila,1,,San Michele
1680813095,Via della Sila,11,,San Michele
1680813097,Via delle Langhe,12a,,San Michele
1680817590,Via Pietro Scornigiani,2,,Is Mirrionis
1680817599,Via Ubaldo da Paganello,1,,Is Mirrionis
1680817616,Via Serbariu,11,,Is Mirrionis
1680817620,Via Pietro Scornigiani,8b,,Is Mirrionis
1680817652,Via Betto Alliata,6a,,Is Mirrionis
1680817653,Via Pietro Scornigiani,14d,,Is Mirrionis
1680817662,Via Giovanni Cinquini,3,,Is Mirrionis
1680817693,Via Ranieri Sampante,8a,,Is Mirrionis
1681986909,Via Corte d'Appello,35,,Castedd'e susu/Castello
1683133733,Viale Campioni d'Italia 1969-70,,,La Palma
1683133764,Asse Mediano di Scorrimento,,,Bonaria
1683133876,Via Emilio Pirastu,,,Bonaria
1683149270,Viale Poetto,,,Borgo Sant'Elia
1683149289,Via Scirocco,32,,Quartiere del Sole
1683149295,Via Noto,21,,La Palma
1683149298,Via Libeccio,37,,Quartiere del Sole
1683149301,Via Zeffiro,20,,La Palma
1683149304,Via Aquilone,1,,La Palma
1683149308,Via Euro,2,,La Palma
1683149320,Via Euro,5,,La Palma
1683149330,Via Euro,13,,La Palma
1683419375,Via Isola Levanzo,4,,Quartiere del Sole
1683419380,Via del Pozzetto,21,,Quartiere del Sole
1683419382,Via dei Tritoni,,,Quartiere del Sole
1683419388,Via degli Usignoli,3,,Quartiere del Sole
1683419394,Via degli Usignoli,1,,Quartiere del Sole
1683419429,Piazza Sirio,1,,Quartiere del Sole
1683419433,Via delle Tortore,5,,Quartiere del Sole
1683419437,Via delle Tortore,1,,Quartiere del Sole
1683419445,Piazza Aldebaran,2,,Quartiere del Sole
1683419461,Piazza Aldebaran,5,,Quartiere del Sole
1683419468,Via delle Allodole,7,,Quartiere del Sole
1683419476,Via Grecale,23,,Quartiere del Sole
1683419498,Via Tramontana,7,,La Palma
1683419503,Via Ostro,1,,La Palma
1683419518,Via Tramontana,9,,La Palma
1683475828,Via Marina Piccola,,,Borgo Sant'Elia
1683475844,Viale Calamosca,21,,Borgo Sant'Elia
1683475847,Viale Calamosca,24,,Borgo Sant'Elia
1683475937,Rotonda San Bartolomeo,,,Nuovo Borgo Sant'Elia
1683475959,Rotonda San Bartolomeo,,,Borgo Sant'Elia
1683529898,Via Piero Schiavazzi,,,Nuovo Borgo Sant'Elia
1683529920,,,,Nuovo Borgo Sant'Elia
1683529922,Via Piero Schiavazzi,52,,Nuovo Borgo Sant'Elia
1683529923,Via Piero Schiavazzi,,,Nuovo Borgo Sant'Elia
1683529926,Via Piero Schiavazzi,,,Nuovo Borgo Sant'Elia
1683529947,Via Piero Schiavazzi,,,Nuovo Borgo Sant'Elia
1683529968,Via Samuele Utzeri,,,Nuovo Borgo Sant'Elia
1683530041,Via Samuele Utzeri,2,,Nuovo Borgo Sant'Elia
1683530057,,,,Nuovo Borgo Sant'Elia
1683530080,,,,Nuovo Borgo Sant'Elia
1683530084,Via Piero Schiavazzi,,,Nuovo Borgo Sant'Elia
1683530088,Via Samuele Utzeri,,,Nuovo Borgo Sant'Elia
1683530112,Via Piero Schiavazzi,,,Nuovo Borgo Sant'Elia
1683530163,Via Piero Schiavazzi,23c,,Nuovo Borgo Sant'Elia
1683530166,Via Ferdinando Magellano,,,Nuovo Borgo Sant'Elia
1683530188,Via Ferdinando Magellano,,,Nuovo Borgo Sant'Elia
1683530189,Via Ferdinando Magellano,,,Nuovo Borgo Sant'Elia
1683530190,Via Ferdinando Magellano,,,Nuovo Borgo Sant'Elia
1683530191,Viale Salvatore Ferrara,,,Nuovo Borgo Sant'Elia
1683530196,Via Ferdinando Magellano,,,Nuovo Borgo Sant'Elia
1683530211,,,,Nuovo Borgo Sant'Elia
1683530214,,,,Nuovo Borgo Sant'Elia
1683530217,,,,Nuovo Borgo Sant'Elia
1683530225,,,,Nuovo Borgo Sant'Elia
1683530248,,,,Nuovo Borgo Sant'Elia
1683569157,Via Piero Schiavazzi,,,Nuovo Borgo Sant'Elia
1683569172,,,,Nuovo Borgo Sant'Elia
1683569182,,,,Nuovo Borgo Sant'Elia
1683569184,,,,Nuovo Borgo Sant'Elia
1683569209,,,,Nuovo Borgo Sant'Elia
1683569236,,,,Nuovo Borgo Sant'Elia
1683569264,,,,Nuovo Borgo Sant'Elia
1683569290,,,,Nuovo Borgo Sant'Elia
1683569294,,,,Nuovo Borgo Sant'Elia
1683569320,,,,Nuovo Borgo Sant'Elia
1683569337,,,,Nuovo Borgo Sant'Elia
1683569344,,,,Nuovo Borgo Sant'Elia
1683569362,,,,Nuovo Borgo Sant'Elia
1683569367,,,,Nuovo Borgo Sant'Elia
1683569378,,,,Nuovo Borgo Sant'Elia
1683569406,,,,Nuovo Borgo Sant'Elia
1683569408,,,,Nuovo Borgo Sant'Elia
1683569488,Via Amerigo Vespucci,,,Nuovo Borgo Sant'Elia
1683572765,Via Piero Schiavazzi,,,Nuovo Borgo Sant'Elia
1683584086,Via Raimondo Carta Raspi,,,Nuovo Borgo Sant'Elia
1683584087,Via Raimondo Carta Raspi,,,Nuovo Borgo Sant'Elia
1683584092,Viale San Bartolomeo,,,La Palma
1683584100,Via Amerigo Vespucci,,,Nuovo Borgo Sant'Elia
1683584103,,,,La Palma
1683584112,Via Amerigo Vespucci,,,La Palma
1683584114,Via Amerigo Vespucci,,,La Palma
1683584115,Via Amerigo Vespucci,,,Nuovo Borgo Sant'Elia
1683616587,Via Raffaello Delogu,5,,Nuovo Borgo Sant'Elia
1683616592,Via Renato Prunas,7,,Nuovo Borgo Sant'Elia
1683616595,Via Renato Prunas,9,,Nuovo Borgo Sant'Elia
1683616617,Via Raimondo Carta Raspi,,,Nuovo Borgo Sant'Elia
1683616634,Via Francesco Alziator,17,,Nuovo Borgo Sant'Elia
1683616641,,,,Nuovo Borgo Sant'Elia
1683616651,Via Francesco Alziator,2,,Nuovo Borgo Sant'Elia
1683616659,Via Francesco Alziator,2,,Nuovo Borgo Sant'Elia
1683752066,Via Amerigo Vespucci,,,Nuovo Borgo Sant'Elia
1683752070,Via Amerigo Vespucci,,,Nuovo Borgo Sant'Elia
1683752076,Via Amerigo Vespucci,,,Nuovo Borgo Sant'Elia
1683752099,Via Amerigo Vespucci,,,Nuovo Borgo Sant'Elia
1683752156,Via Amerigo Vespucci,,,Nuovo Borgo Sant'Elia
1683775560,Via Amerigo Vespucci,,,Nuovo Borgo Sant'Elia
1683775567,Via Raimondo Carta Raspi,,,Nuovo Borgo Sant'Elia
1684722603,Via Ingegnere Tommaso Fiorelli,,,La Palma
1684722606,Via La Palma,,,La Palma
1684735818,Via Marina Piccola,28,,Borgo Sant'Elia
1684735831,Via Marina Piccola,1,,Borgo Sant'Elia
1684735837,Via Marina Piccola,,,Borgo Sant'Elia
1684735864,Viale Poetto,,,Borgo Sant'Elia
1684735885,Viale Poetto,,,Borgo Sant'Elia
1684747483,Via Marina Piccola,3,,Borgo Sant'Elia
1684754778,Via Lungo Saline,,,Poetto-Medau su Cramu
1684754782,Via Lungo Saline,,,Poetto-Medau su Cramu
1684754783,Via Lungo Saline,,,Poetto-Medau su Cramu
1684754793,Via Lungo Saline,,,Poetto-Medau su Cramu
1684764176,Via Lungo Saline,,,Poetto-Medau su Cramu
1684764191,Via Marina Piccola,,,Borgo Sant'Elia
1684764193,Via Marina Piccola,,,Borgo Sant'Elia
1684764194,Via Marina Piccola,,,Borgo Sant'Elia
1684764205,Via Marina Piccola,6,,Poetto-Medau su Cramu
1684764213,Via Marina Piccola,,,Borgo Sant'Elia
1684764214,Via Marina Piccola,,,Borgo Sant'Elia
1684764221,Via Marina Piccola,,,Borgo Sant'Elia
1684874414,Viale Monastir,193,,Mulinu Becciu
1684874429,Viale Monastir,,,Mulinu Becciu
1684917859,Viale Monastir,,,Mulinu Becciu
1684917861,Viale Monastir,,,Mulinu Becciu
1684917863,Viale Monastir,,,Mulinu Becciu
1684917878,Viale Monastir,,,Mulinu Becciu
1684917881,Viale Monastir,,,Mulinu Becciu
1686004905,Via Stanislao Cannizzaro,2,,CEP
1686004939,Via Paolo Ruffini,1,,CEP
1686004955,Via Stanislao Cannizzaro,19f,,CEP
1686005013,Via Stanislao Cannizzaro,80,,CEP
1686005015,Via Don Aldo Matzeu,,,CEP
1686005032,Via Don Aldo Matzeu,,,CEP
1686005037,Via Stanislao Cannizzaro,80,,CEP
1686005042,Via Don Aldo Matzeu,,,CEP
1686005047,Via Don Aldo Matzeu,4,,CEP
1686023334,Via Parigi,31,,Quartiere Europeo
1686023336,Via Silvio Vardabasso,9,,Quartiere Europeo
1686023337,Via Parigi,39,,Quartiere Europeo
1686023340,Via Ginevra,7,,Quartiere Europeo
1686023349,Via Parigi,43,,Quartiere Europeo
1686023362,Via Avicenna,,,Quartiere Europeo
1686023363,Via Avicenna,1,,Quartiere Europeo
1686023364,Via Paracelso,,,Quartiere Europeo
1686041650,Asse Mediano di Scorrimento,,,Fonsarda
1686041728,Via Diego Gregorio Cadello,,,Is Mirrionis
1686041738,Via Robert Koch,9,,Is Mirrionis
1686041739,Via Robert Koch,4,,Is Mirrionis
1686041740,,,,Is Mirrionis
1686041768,Via Edward Jenner,,,Is Mirrionis
1686041778,,,,Is Mirrionis
1686041782,Via Edward Jenner,,,Is Mirrionis
1686042945,Via Ippocrate,,,San Michele
1686078441,,,,Bonaria
1687283514,Passeggiata del porto,,,Stampaxi/Stampace
1687283525,Passeggiata del porto,,,Stampaxi/Stampace
1687283549,Passeggiata del porto,,,Stampaxi/Stampace
1687283557,Passeggiata del porto,,,Stampaxi/Stampace
1687283604,Calata Azuni,,,Stampaxi/Stampace
1687283645,Via Molo Sant'Agostino,,,Stampaxi/Stampace
1687283654,Via Molo Sant'Agostino,,,Stampaxi/Stampace
1687418135,Percorso ciclopedonale Parco di Molentargius,,,Poetto-Medau su Cramu
1687418137,Viale Poetto,125,,Poetto-Medau su Cramu
1687418165,Viale Poetto,123,,Poetto-Medau su Cramu
1687418196,Viale Poetto,,,Poetto-Medau su Cramu
1687418199,Viale Poetto,129,,Poetto-Medau su Cramu
1687418211,Viale Poetto,135,,Poetto-Medau su Cramu
1687418218,,,,Poetto-Medau su Cramu
1687425098,Via dell'Ippodromo,,,Poetto-Medau su Cramu
1687425102,Via dell'Ippodromo,1,,Poetto-Medau su Cramu
1687425119,Viale Poetto,101,,Poetto-Medau su Cramu
1687425135,Viale Poetto,282,,Poetto-Medau su Cramu
1687425159,Viale Poetto,113,,Poetto-Medau su Cramu
1687463219,Pista ciclabile Terramaini,,Terram?ini - Is Bingias,Municipalidadi de Pirri/Municipalit? di Pirri
1687463223,Pista ciclabile Terramaini,,Terram?ini - Is Bingias,Municipalidadi de Pirri/Municipalit? di Pirri
1687477552,Pista Ciclopedonale Terramaini - Molentargius,,,Poetto-Medau su Cramu
1687477554,Pista Ciclopedonale Terramaini - Molentargius,,,Poetto-Medau su Cramu
1687566712,Via Ischia,,,Poetto-Medau su Cramu
1687566716,Via Vulcano,,,Poetto-Medau su Cramu
1687566720,Viale Poetto,,,Poetto-Medau su Cramu
1687566722,Via Ischia,,,Poetto-Medau su Cramu
1687566724,Via Vulcano,,,Poetto-Medau su Cramu
1687566731,Via Ischia,,,Poetto-Medau su Cramu
1687566733,Via Vulcano,19,,Poetto-Medau su Cramu
1687566736,Via Ischia,,,Poetto-Medau su Cramu
1687566737,Via Vulcano,,,Poetto-Medau su Cramu
1687702105,Via Gaio Giulio Cesare,13,Terram?ini - Is Bingias,Municipalidadi de Pirri/Municipalit? di Pirri
1687702106,Via Gaio Giulio Cesare,,Terram?ini - Is Bingias,Municipalidadi de Pirri/Municipalit? di Pirri
1687702108,Via Gaio Giulio Cesare,13,Terram?ini - Is Bingias,Municipalidadi de Pirri/Municipalit? di Pirri
1687702113,Via Gaio Giulio Cesare,11,Terram?ini - Is Bingias,Municipalidadi de Pirri/Municipalit? di Pirri
1687702118,Via Gaio Giulio Cesare,,Terram?ini - Is Bingias,Municipalidadi de Pirri/Municipalit? di Pirri
1687702121,Via Gaio Giulio Cesare,,Terram?ini - Is Bingias,Municipalidadi de Pirri/Municipalit? di Pirri
1687702125,Via Gaio Giulio Cesare,15,Terram?ini - Is Bingias,Municipalidadi de Pirri/Municipalit? di Pirri
1687702133,Via Gaio Giulio Cesare,,Terram?ini - Is Bingias,Municipalidadi de Pirri/Municipalit? di Pirri
1687702140,Via Gaio Giulio Cesare,13,Terram?ini - Is Bingias,Municipalidadi de Pirri/Municipalit? di Pirri
1687702142,Via Gaio Giulio Cesare,15,Terram?ini - Is Bingias,Municipalidadi de Pirri/Municipalit? di Pirri
1687702147,Via Gaio Giulio Cesare,13,Terram?ini - Is Bingias,Municipalidadi de Pirri/Municipalit? di Pirri
1687702151,Via Gaio Giulio Cesare,13,Terram?ini - Is Bingias,Municipalidadi de Pirri/Municipalit? di Pirri
1687702155,Via Gaio Giulio Cesare,15,Terram?ini - Is Bingias,Municipalidadi de Pirri/Municipalit? di Pirri
1687704190,Via Andrea Vesalio,34,Terram?ini - Is Bingias,Municipalidadi de Pirri/Municipalit? di Pirri
1687704193,Via Andrea Vesalio,34,Terram?ini - Is Bingias,Municipalidadi de Pirri/Municipalit? di Pirri
1687704194,Via Andrea Vesalio,34,Terram?ini - Is Bingias,Municipalidadi de Pirri/Municipalit? di Pirri
1687705213,Via Isaac Newton,10,Terram?ini - Is Bingias,Municipalidadi de Pirri/Municipalit? di Pirri
1687705214,Via Isaac Newton,9,Terram?ini - Is Bingias,Municipalidadi de Pirri/Municipalit? di Pirri
1687705219,Via Isaac Newton,,Terram?ini - Is Bingias,Municipalidadi de Pirri/Municipalit? di Pirri
1687705220,Via Isaac Newton,16,Terram?ini - Is Bingias,Municipalidadi de Pirri/Municipalit? di Pirri
1687712643,Via Giuliana Treleani,,Terram?ini - Is Bingias,Municipalidadi de Pirri/Municipalit? di Pirri
1687802801,Via Aurelio Nicolodi,31,,Stampaxi/Stampace
1687802838,Viale Monsignor Luigi Giussani,,,Stampaxi/Stampace
1688374152,,,,Poetto-Medau su Cramu
1688374231,Via Lungo Saline,,,Poetto-Medau su Cramu
1688374259,Via dei Cavalleggeri,3,,Poetto-Medau su Cramu
1688374260,Via dei Cavalleggeri,1,,Poetto-Medau su Cramu
1688374290,Via Isola Piana,2,,Poetto-Medau su Cramu
1688374295,Via Isola Piana,2,,Poetto-Medau su Cramu
1688374324,Via dell'Ippodromo,10,,Poetto-Medau su Cramu
1688374342,Via Isola San Domino,,,Poetto-Medau su Cramu
1688374343,Via Rodi,21,,Poetto-Medau su Cramu
1688374355,Via Isola San Domino,2,,Poetto-Medau su Cramu
1688374370,Via Isola Comino,13,,Poetto-Medau su Cramu
1688374469,Via Lungo Saline,,,Poetto-Medau su Cramu
1688385746,Via dell'Idrovora,,,Poetto-Medau su Cramu
1688401729,Via Lungo Saline,,,Poetto-Medau su Cramu
1690187075,Via dei Carroz,12,,Fonsarda
1690187078,Via dei Carroz,14,,Fonsarda
1690192560,Via Alberto Riva Villasanta,,,Fonsarda
1690192561,Via Calamattia,2,,Fonsarda
1690192562,Via Calamattia,1a,Monteleone - Santa Rosalia,Municipalidadi de Pirri/Municipalit? di Pirri
1690192564,Via Calamattia,11,Monteleone - Santa Rosalia,Municipalidadi de Pirri/Municipalit? di Pirri
1690193463,Via Santa Maria Chiara,113,Villa Doloretta,Municipalidadi de Pirri/Municipalit? di Pirri
1690206281,Via Parteolla,57,Monteleone - Santa Rosalia,Municipalidadi de Pirri/Municipalit? di Pirri
1690492523,Traversa di Viale Calamosca,,,Borgo Sant'Elia
1690492528,Traversa di Viale Calamosca,,,Borgo Sant'Elia
1691714094,Calata Fiera,,,Bonaria
1691714106,Piazza Marco Polo,,,Bonaria
1691714111,Piazza Marco Polo,,,Bonaria
1691714113,Piazza Marco Polo,,,Bonaria
1691714118,Viale Armando Diaz,,,Bonaria
1691714736,Viale Salvatore Ferrara,,,Bonaria
1691714741,Viale Salvatore Ferrara,,,Bonaria
1691714746,Viale Salvatore Ferrara,8,,Bonaria
1691714747,Piazza Marco Polo,,,Bonaria
1691734859,Calata dei Trinitari,,,Bonaria
1691734861,Calata dei Trinitari,,,Bonaria
1691734862,Calata dei Trinitari,,,Bonaria
1691892247,Via Lungo Saline,,,Poetto-Medau su Cramu
1691892255,Via Lungo Saline,,,Poetto-Medau su Cramu
1691892302,Viale Poetto,,,Poetto-Medau su Cramu
1692157062,Via Trentino,,,Is Mirrionis
1692157065,Via Is Mirrionis,6,,Tuvixeddu-Tuvumannu
1692157081,Via Is Mirrionis,3,,Is Mirrionis
1692157092,Piazza d'Armi,,,Is Mirrionis
1692181698,Via Sigismondo Arquer,40,,Lapola/Marina
1692370538,Via Gerolamo Cardano,2,Terram?ini - Is Bingias,Municipalidadi de Pirri/Municipalit? di Pirri
1692370545,Via Antonio Meucci,6,Terram?ini - Is Bingias,Municipalidadi de Pirri/Municipalit? di Pirri
1692370556,Via Antonio Meucci,,Terram?ini - Is Bingias,Municipalidadi de Pirri/Municipalit? di Pirri
1693050683,Strada Statale 554 Cagliaritana,,,Mulinu Becciu
1693307316,Via Antonio Meucci,30,Terram?ini - Is Bingias,Municipalidadi de Pirri/Municipalit? di Pirri
1693312911,Via Isaac Newton,1a,Terram?ini - Is Bingias,Municipalidadi de Pirri/Municipalit? di Pirri
1693318051,Via Andrea Vesalio,,Terram?ini - Is Bingias,Municipalidadi de Pirri/Municipalit? di Pirri
1693738316,Viale Roberto Pisano,,Terram?ini - Is Bingias,Municipalidadi de Pirri/Municipalit? di Pirri
1693738428,Viale Roberto Pisano,,Terram?ini - Is Bingias,Municipalidadi de Pirri/Municipalit? di Pirri
1693738482,Viale Roberto Pisano,9,Terram?ini - Is Bingias,Municipalidadi de Pirri/Municipalit? di Pirri
1693747747,Viale Roberto Pisano,,Terram?ini - Is Bingias,Municipalidadi de Pirri/Municipalit? di Pirri
1693747756,Via Vincenzo Viviani,,Terram?ini - Is Bingias,Municipalidadi de Pirri/Municipalit? di Pirri
1693747760,Via Vincenzo Viviani,,Terram?ini - Is Bingias,Municipalidadi de Pirri/Municipalit? di Pirri
1693747764,Viale Roberto Pisano,,Terram?ini - Is Bingias,Municipalidadi de Pirri/Municipalit? di Pirri
1693747765,Piazza dei Bersaglieri,,Terram?ini - Is Bingias,Municipalidadi de Pirri/Municipalit? di Pirri
1693747767,Viale Roberto Pisano,,Terram?ini - Is Bingias,Municipalidadi de Pirri/Municipalit? di Pirri
1693747769,Viale Roberto Pisano,,Terram?ini - Is Bingias,Municipalidadi de Pirri/Municipalit? di Pirri
1693747770,Viale Roberto Pisano,,Terram?ini - Is Bingias,Municipalidadi de Pirri/Municipalit? di Pirri
1693747783,Viale Roberto Pisano,,Terram?ini - Is Bingias,Municipalidadi de Pirri/Municipalit? di Pirri
1693747787,Viale Roberto Pisano,,Terram?ini - Is Bingias,Municipalidadi de Pirri/Municipalit? di Pirri
1693747789,Viale Roberto Pisano,,Terram?ini - Is Bingias,Municipalidadi de Pirri/Municipalit? di Pirri
1693747800,Viale Roberto Pisano,7,Terram?ini - Is Bingias,Municipalidadi de Pirri/Municipalit? di Pirri
1693747801,Viale Roberto Pisano,7,Terram?ini - Is Bingias,Municipalidadi de Pirri/Municipalit? di Pirri
1695185671,Via Giuseppe Abba,32,,Biddanoa/Villanova
1695229347,Piazza Italia,20,San Giuseppe - Santa Teresa - Parteolla,Municipalidadi de Pirri/Municipalit? di Pirri
1695229400,Via Italia,110,San Giuseppe - Santa Teresa - Parteolla,Municipalidadi de Pirri/Municipalit? di Pirri
1695229422,Viale San Vincenzo,,,Is Mirrionis
1695229429,Via Salvo D'Acquisto,16,Terram?ini - Is Bingias,Municipalidadi de Pirri/Municipalit? di Pirri
1695229489,Via Leandro Corona,19,Terram?ini - Is Bingias,Municipalidadi de Pirri/Municipalit? di Pirri
1695229490,Via Italia,34,San Giuseppe - Santa Teresa - Parteolla,Municipalidadi de Pirri/Municipalit? di Pirri
1695229506,Via Italia,84,San Giuseppe - Santa Teresa - Parteolla,Municipalidadi de Pirri/Municipalit? di Pirri
1695229582,Via Basilicata,,,Is Mirrionis
1695229608,Viale San Vincenzo,,,Is Mirrionis
1695235289,Via Giudice Chiano,4b,,Fonsarda
1695235317,Via dei Giudicati,64,,Fonsarda
1695235321,Via Ottone Bacaredda,160a,,Biddanoa/Villanova
1695235349,Via Giudicessa Benedetta,5,,Sant'Alenixedda
1696297092,Via Andrea Vesalio,34,Terram?ini - Is Bingias,Municipalidadi de Pirri/Municipalit? di Pirri
1696297137,Via Andrea Vesalio,,Terram?ini - Is Bingias,Municipalidadi de Pirri/Municipalit? di Pirri
1696297294,Via Andrea Vesalio,23,Terram?ini - Is Bingias,Municipalidadi de Pirri/Municipalit? di Pirri
1696300628,Via Ottone Bacaredda,170b,,La Vega
1696300631,Via Ottone Bacaredda,99,,Fonsarda
1696300638,Via Giudicessa Benedetta,,,Fonsarda
1696300643,Via Ottone Bacaredda,170c,,La Vega
1697838873,Via Valerio Pisano,,Terram?ini - Is Bingias,Municipalidadi de Pirri/Municipalit? di Pirri
1698382505,Via Leandro Corona,24,Terram?ini - Is Bingias,Municipalidadi de Pirri/Municipalit? di Pirri
1698382506,Via Leandro Corona,24,Terram?ini - Is Bingias,Municipalidadi de Pirri/Municipalit? di Pirri
1698382511,Via Leandro Corona,24,Terram?ini - Is Bingias,Municipalidadi de Pirri/Municipalit? di Pirri
1698416576,Vico Primo di Via Alberto Riva Villasanta,19,Monteleone - Santa Rosalia,Municipalidadi de Pirri/Municipalit? di Pirri
1698421798,Via Italia,56,San Giuseppe - Santa Teresa - Parteolla,Municipalidadi de Pirri/Municipalit? di Pirri
1698427745,Via Andr? Marie Ampere,2,Terram?ini - Is Bingias,Municipalidadi de Pirri/Municipalit? di Pirri
1698427759,Via Andr? Marie Ampere,2,Terram?ini - Is Bingias,Municipalidadi de Pirri/Municipalit? di Pirri
1698427776,Via Andr? Marie Ampere,,Terram?ini - Is Bingias,Municipalidadi de Pirri/Municipalit? di Pirri
1698427778,Via Andr? Marie Ampere,,Terram?ini - Is Bingias,Municipalidadi de Pirri/Municipalit? di Pirri
1698427780,Vico di Via Dolianova,,Terram?ini - Is Bingias,Municipalidadi de Pirri/Municipalit? di Pirri
1698427782,Vico di Via Dolianova,,Terram?ini - Is Bingias,Municipalidadi de Pirri/Municipalit? di Pirri
1698427786,Via Andr? Marie Ampere,,Terram?ini - Is Bingias,Municipalidadi de Pirri/Municipalit? di Pirri
1706079801,Via Guglielmo Marconi,151c,,Genneruxi
1706079804,Via Varsavia,6,,Quartiere Europeo
1706079805,Via Guglielmo Marconi,149,,Genneruxi
1706079806,Via Guglielmo Marconi,151,,Genneruxi
1727521111,Via Antonio Ignazio Argiolas,2,San Giuseppe - Santa Teresa - Parteolla,Municipalidadi de Pirri/Municipalit? di Pirri
1733233970,Strada Statale 195 var Sulcitana,,,Sant'Avendrace-Santa Gilla
1733233979,,,,Sant'Avendrace-Santa Gilla
1733233982,Viale Pula,,,Sant'Avendrace-Santa Gilla
1733233984,,,,Sant'Avendrace-Santa Gilla
1733234001,Strada Statale 195 var Sulcitana,,,Sant'Avendrace-Santa Gilla
1733234012,,,,Sant'Avendrace-Santa Gilla
1733234027,,,,Sant'Avendrace-Santa Gilla
1733234057,,,,Sant'Avendrace-Santa Gilla
1733234069,,,,Sant'Avendrace-Santa Gilla
1733234080,Strada Statale 195 var Sulcitana,,,Sant'Avendrace-Santa Gilla
1733259476,,,,Sant'Avendrace-Santa Gilla
1733259517,,,,Sant'Avendrace-Santa Gilla
1733259587,,,,Sant'Avendrace-Santa Gilla
1733933051,Via Giovanni Cinquini,,,San Michele
1733964851,Via Giovanni Cinquini,,,San Michele
1735346746,Via dei Genieri,2,Terram?ini - Is Bingias,Municipalidadi de Pirri/Municipalit? di Pirri
1735346750,Via del Tricolore,45,Terram?ini - Is Bingias,Municipalidadi de Pirri/Municipalit? di Pirri
1735346764,Via Cernaia,2,Monteleone - Santa Rosalia,Municipalidadi de Pirri/Municipalit? di Pirri
1735346767,Via Fratelli Cairoli,5,Monteleone - Santa Rosalia,Municipalidadi de Pirri/Municipalit? di Pirri
1735346771,Via San Martino della Battaglia,9a,Monteleone - Santa Rosalia,Municipalidadi de Pirri/Municipalit? di Pirri
1735346774,Via Magenta,4,Monteleone - Santa Rosalia,Municipalidadi de Pirri/Municipalit? di Pirri
1735346778,Via Cernaia,2,Monteleone - Santa Rosalia,Municipalidadi de Pirri/Municipalit? di Pirri
1735346786,Via degli Artiglieri,,Terram?ini - Is Bingias,Municipalidadi de Pirri/Municipalit? di Pirri
1735346798,Via del Tricolore,19,Terram?ini - Is Bingias,Municipalidadi de Pirri/Municipalit? di Pirri
1738709233,Via Italia,13,Terram?ini - Is Bingias,Municipalidadi de Pirri/Municipalit? di Pirri
1739324841,Vico di Via della Rinascita,,,Sant'Avendrace-Santa Gilla
1748744661,Via Guido Gozzano,2,Barracca Manna,Municipalidadi de Pirri/Municipalit? di Pirri
1748744679,Via Guido Gozzano,10,Barracca Manna,Municipalidadi de Pirri/Municipalit? di Pirri
1748744690,Via Carlo Emilio Gadda,10,Barracca Manna,Municipalidadi de Pirri/Municipalit? di Pirri
1748744698,Via degli Olmi,,Is Campus,Municipalidadi de Pirri/Municipalit? di Pirri
1748744702,Via Carlo Emilio Gadda,8,Barracca Manna,Municipalidadi de Pirri/Municipalit? di Pirri
1748744752,Via Is Corrias,79,Is Campus,Municipalidadi de Pirri/Municipalit? di Pirri
1748744760,Via degli Olmi,23,Is Campus,Municipalidadi de Pirri/Municipalit? di Pirri
1748744783,Via degli Olmi,22a,Is Campus,Municipalidadi de Pirri/Municipalit? di Pirri
1748744790,Via Is Corrias,51,Is Campus,Municipalidadi de Pirri/Municipalit? di Pirri
1748744795,Via delle Ortensie,7,Is Campus,Municipalidadi de Pirri/Municipalit? di Pirri
1748752393,Via Barracca Manna,13,San Giuseppe - Santa Teresa - Parteolla,Municipalidadi de Pirri/Municipalit? di Pirri
1748752407,Via Benvenuto Lobina,9a,San Giuseppe - Santa Teresa - Parteolla,Municipalidadi de Pirri/Municipalit? di Pirri
1748752445,Via Nicola Valle,2,Barracca Manna,Municipalidadi de Pirri/Municipalit? di Pirri
1748752536,Via Claudio Villa,38,Is Campus,Municipalidadi de Pirri/Municipalit? di Pirri
1748752551,Via Filippo Nissardi,1,Is Campus,Municipalidadi de Pirri/Municipalit? di Pirri
1748752560,Via Antonio Segni,139,Is Campus,Municipalidadi de Pirri/Municipalit? di Pirri
1748752562,Via delle Felci,4,Is Campus,Municipalidadi de Pirri/Municipalit? di Pirri
1748752596,Via Ugo Tognazzi,7,Is Campus,Municipalidadi de Pirri/Municipalit? di Pirri
1748752599,Via delle Felci,27,Is Campus,Municipalidadi de Pirri/Municipalit? di Pirri
1748752603,Via Ugo Tognazzi,2,Is Campus,Municipalidadi de Pirri/Municipalit? di Pirri
1748752610,Via Emilio Serri,,Is Campus,Municipalidadi de Pirri/Municipalit? di Pirri
1748752617,Via delle Felci,53,Is Campus,Municipalidadi de Pirri/Municipalit? di Pirri
1748752620,Via Edmondo Crobu,,Is Campus,Municipalidadi de Pirri/Municipalit? di Pirri
1748752623,Via Federico Fellini,,Is Campus,Municipalidadi de Pirri/Municipalit? di Pirri
1748770251,Via Renato Rascel,7,Is Campus,Municipalidadi de Pirri/Municipalit? di Pirri
1748781096,Via Alberto Sordi,26,Is Campus,Municipalidadi de Pirri/Municipalit? di Pirri
1752677525,Via del Timo,15,Barracca Manna,Municipalidadi de Pirri/Municipalit? di Pirri
1752677527,Via Umberto Nobile,35,Barracca Manna,Municipalidadi de Pirri/Municipalit? di Pirri
1752677532,Via Peppino Mereu,1,Barracca Manna,Municipalidadi de Pirri/Municipalit? di Pirri
1752677708,Via Pietro Pinna,1,Barracca Manna,Municipalidadi de Pirri/Municipalit? di Pirri
1752677710,Via Pietro Pinna,8,Barracca Manna,Municipalidadi de Pirri/Municipalit? di Pirri
1752939220,Via Alberto Moravia,60,Barracca Manna,Municipalidadi de Pirri/Municipalit? di Pirri
1752939252,Via Tamburino Sardo,91,Barracca Manna,Municipalidadi de Pirri/Municipalit? di Pirri
1752939254,Via Francesco Riso,1,Barracca Manna,Municipalidadi de Pirri/Municipalit? di Pirri
1752939284,Via Francesco Riso,75,Barracca Manna,Municipalidadi de Pirri/Municipalit? di Pirri
1752939285,Via Leo Neppi Modona,14,Barracca Manna,Municipalidadi de Pirri/Municipalit? di Pirri
1752979696,Via degli Aironi,3,San Giuseppe - Santa Teresa - Parteolla,Municipalidadi de Pirri/Municipalit? di Pirri
1752979699,Via degli Aironi,3,San Giuseppe - Santa Teresa - Parteolla,Municipalidadi de Pirri/Municipalit? di Pirri
1752979702,Via Luigi Pirandello,10,Barracca Manna,Municipalidadi de Pirri/Municipalit? di Pirri
1752979743,Via Enrico Toti,,San Giuseppe - Santa Teresa - Parteolla,Municipalidadi de Pirri/Municipalit? di Pirri
1752979752,Via Luigi Pirandello,,San Giuseppe - Santa Teresa - Parteolla,Municipalidadi de Pirri/Municipalit? di Pirri
1752979785,Via delle Ginestre,3,San Giuseppe - Santa Teresa - Parteolla,Municipalidadi de Pirri/Municipalit? di Pirri
1752979809,Via Barracca Manna,18,Barracca Manna,Municipalidadi de Pirri/Municipalit? di Pirri
1752979810,Via Eugenio Montale,2,Barracca Manna,Municipalidadi de Pirri/Municipalit? di Pirri
1752979821,Via Italo Svevo,14,Barracca Manna,Municipalidadi de Pirri/Municipalit? di Pirri
1753738380,Via Salvatore Mannironi,3,San Giuseppe - Santa Teresa - Parteolla,Municipalidadi de Pirri/Municipalit? di Pirri
1753738382,Via Giuseppe Tomasi di Lampedusa,2,San Giuseppe - Santa Teresa - Parteolla,Municipalidadi de Pirri/Municipalit? di Pirri
1753738383,Via Alfredino Rampi,13,Is Campus,Municipalidadi de Pirri/Municipalit? di Pirri
1753738386,Via Filippo Marinetti,24,San Giuseppe - Santa Teresa - Parteolla,Municipalidadi de Pirri/Municipalit? di Pirri
1753738387,Via Antonio Segni,15,Is Campus,Municipalidadi de Pirri/Municipalit? di Pirri
1753738388,Via Filippo Marinetti,16,San Giuseppe - Santa Teresa - Parteolla,Municipalidadi de Pirri/Municipalit? di Pirri
1753738390,Via Giovanni Gronchi,,Is Campus,Municipalidadi de Pirri/Municipalit? di Pirri
1753738394,Via Torre delle Stelle,32,Is Campus,Municipalidadi de Pirri/Municipalit? di Pirri
1753738395,Via Paolo Spriano,26,Is Campus,Municipalidadi de Pirri/Municipalit? di Pirri
1753738396,Via Giancarlo Sorgia,44,Is Campus,Municipalidadi de Pirri/Municipalit? di Pirri
1753738398,Via degli Astri,60,Is Campus,Municipalidadi de Pirri/Municipalit? di Pirri
1753738402,Via Alberto Boscolo,1,Is Campus,Municipalidadi de Pirri/Municipalit? di Pirri
1753953615,Via Giorgio Vasari,1,Is Campus,Municipalidadi de Pirri/Municipalit? di Pirri
1753953616,Via Giorgio Vasari,10,Is Campus,Municipalidadi de Pirri/Municipalit? di Pirri
1754665831,Via Alberto Savinio,25,San Giuseppe - Santa Teresa - Parteolla,Municipalidadi de Pirri/Municipalit? di Pirri
1755878003,Via Conte di Biancamano,60,San Giuseppe - Santa Teresa - Parteolla,Municipalidadi de Pirri/Municipalit? di Pirri
1755878005,Via Antonio Ignazio Argiolas,144,San Giuseppe - Santa Teresa - Parteolla,Municipalidadi de Pirri/Municipalit? di Pirri
1756912919,,,,Sant'Avendrace-Santa Gilla
1758172071,Via Enrico Toti,37,San Giuseppe - Santa Teresa - Parteolla,Municipalidadi de Pirri/Municipalit? di Pirri
1758172072,Vico Primo di Via Enrico Toti,10,San Giuseppe - Santa Teresa - Parteolla,Municipalidadi de Pirri/Municipalit? di Pirri
1758172074,Vico Secondo di Via Enrico Toti,8,San Giuseppe - Santa Teresa - Parteolla,Municipalidadi de Pirri/Municipalit? di Pirri
1758172075,Via Enrico Toti,72a,San Giuseppe - Santa Teresa - Parteolla,Municipalidadi de Pirri/Municipalit? di Pirri
1758172076,Vico Terzo di Via Enrico Toti,6,San Giuseppe - Santa Teresa - Parteolla,Municipalidadi de Pirri/Municipalit? di Pirri
1758174741,Via Papa Giulio Secondo,24,San Giuseppe - Santa Teresa - Parteolla,Municipalidadi de Pirri/Municipalit? di Pirri
1758174742,Vico di Via Papa Giulio Secondo,6,San Giuseppe - Santa Teresa - Parteolla,Municipalidadi de Pirri/Municipalit? di Pirri
1758204899,Via Stamira,,Monreale,Municipalidadi de Pirri/Municipalit? di Pirri
1761987595,Via Limbara,29a,Villa Doloretta,Municipalidadi de Pirri/Municipalit? di Pirri
1761990142,Vico Primo di Via Balilla,5,Villa Doloretta,Municipalidadi de Pirri/Municipalit? di Pirri
1761990144,Vico Secondo di Via Balilla,2,Villa Doloretta,Municipalidadi de Pirri/Municipalit? di Pirri
1761990145,Vico Primo di Via Balilla,2,Villa Doloretta,Municipalidadi de Pirri/Municipalit? di Pirri
1761990146,Vico Secondo di Via Balilla,1,Villa Doloretta,Municipalidadi de Pirri/Municipalit? di Pirri
1762006321,Via dell'Oleandro,42,,Fonsarda
1762006322,Via della Vite,26,,Fonsarda
1762006323,Via dell'Oleandro,23,,Fonsarda
1762006325,Via della Vite,13,,Fonsarda
1762006327,Via Bellavista,106,Monteleone - Santa Rosalia,Municipalidadi de Pirri/Municipalit? di Pirri
1762006337,Vico di Via Monteleone,10,Monteleone - Santa Rosalia,Municipalidadi de Pirri/Municipalit? di Pirri
1762006338,Via Monteleone,20,Monteleone - Santa Rosalia,Municipalidadi de Pirri/Municipalit? di Pirri
1762006341,Vico di Via dei Malaspina,1,Monteleone - Santa Rosalia,Municipalidadi de Pirri/Municipalit? di Pirri
1762006346,Vico Secondo di Via Chiesa,10,Monteleone - Santa Rosalia,Municipalidadi de Pirri/Municipalit? di Pirri
1762006347,Via Alberto Riva Villasanta,64,Monteleone - Santa Rosalia,Municipalidadi de Pirri/Municipalit? di Pirri
1762006353,Vico Primo di Via Alberto Riva Villasanta,22,Monteleone - Santa Rosalia,Municipalidadi de Pirri/Municipalit? di Pirri
1762018479,Via dei Gherardeschi,17,Monteleone - Santa Rosalia,Municipalidadi de Pirri/Municipalit? di Pirri
1762018487,Via Curtatone,2,Terram?ini - Is Bingias,Municipalidadi de Pirri/Municipalit? di Pirri
1762045125,Via del Risorgimento,166b,Terram?ini - Is Bingias,Municipalidadi de Pirri/Municipalit? di Pirri
1762154122,Via della Resistenza,133,Terram?ini - Is Bingias,Municipalidadi de Pirri/Municipalit? di Pirri
1762154126,Via Salvo D'Acquisto,1,Terram?ini - Is Bingias,Municipalidadi de Pirri/Municipalit? di Pirri
1762158631,Via del Tricolore,38,Terram?ini - Is Bingias,Municipalidadi de Pirri/Municipalit? di Pirri
1762158632,Via Vincenzo Viviani,89,Terram?ini - Is Bingias,Municipalidadi de Pirri/Municipalit? di Pirri
1762166879,Piazza Edmondo De Amicis,4,Terram?ini - Is Bingias,Municipalidadi de Pirri/Municipalit? di Pirri
1762166881,Piazza Edmondo De Amicis,2,Terram?ini - Is Bingias,Municipalidadi de Pirri/Municipalit? di Pirri
1762166889,Piazza Michele Amari,3,Terram?ini - Is Bingias,Municipalidadi de Pirri/Municipalit? di Pirri
1762166893,Via Fosse Ardeatine,1,Terram?ini - Is Bingias,Municipalidadi de Pirri/Municipalit? di Pirri
1762166899,Piazza Massimo D'Azeglio,4,Terram?ini - Is Bingias,Municipalidadi de Pirri/Municipalit? di Pirri
1762166901,Piazza Massimo D'Azeglio,2,Terram?ini - Is Bingias,Municipalidadi de Pirri/Municipalit? di Pirri
1762166903,Via dei Partigiani,3,Terram?ini - Is Bingias,Municipalidadi de Pirri/Municipalit? di Pirri
1762166907,Via Fosse Ardeatine,9,Terram?ini - Is Bingias,Municipalidadi de Pirri/Municipalit? di Pirri
1762166909,Via Fosse Ardeatine,14,Terram?ini - Is Bingias,Municipalidadi de Pirri/Municipalit? di Pirri
1762166916,Piazza dei Bersaglieri,,Terram?ini - Is Bingias,Municipalidadi de Pirri/Municipalit? di Pirri
1762166922,Via Fosse Ardeatine,17,Terram?ini - Is Bingias,Municipalidadi de Pirri/Municipalit? di Pirri
1762166926,Piazza degli Alpini,,Terram?ini - Is Bingias,Municipalidadi de Pirri/Municipalit? di Pirri
1762166928,Piazza degli Alpini,4,Terram?ini - Is Bingias,Municipalidadi de Pirri/Municipalit? di Pirri
1762166937,Via Fosse Ardeatine,21,Terram?ini - Is Bingias,Municipalidadi de Pirri/Municipalit? di Pirri
1762166948,Piazza dei Fanti,6b,Terram?ini - Is Bingias,Municipalidadi de Pirri/Municipalit? di Pirri
1762177602,Via Andr? Marie Ampere,,Terram?ini - Is Bingias,Municipalidadi de Pirri/Municipalit? di Pirri
1762177616,Via Andr? Marie Ampere,1,Terram?ini - Is Bingias,Municipalidadi de Pirri/Municipalit? di Pirri
1762177617,Via Andr? Marie Ampere,2,Terram?ini - Is Bingias,Municipalidadi de Pirri/Municipalit? di Pirri
1762177619,Viale Roberto Pisano,,Terram?ini - Is Bingias,Municipalidadi de Pirri/Municipalit? di Pirri
1762177621,Via Andr? Marie Ampere,1,Terram?ini - Is Bingias,Municipalidadi de Pirri/Municipalit? di Pirri
1764256106,Via Molise,20a,,La Vega
1764256109,Via Versilia,25,,La Vega
1765097597,Via Cristoforo Colombo,8,,Bonaria
1765097598,Via Padre Francesco Solinas,1,,Bonaria
1767838635,Via Lungo Saline,,,Poetto-Medau su Cramu
1770781704,Via Andr? Marie Ampere,3,Terram?ini - Is Bingias,Municipalidadi de Pirri/Municipalit? di Pirri
1771266363,Piazza Giuseppe Garibaldi,1,,San Benedetto
1771291881,Via Diego Gregorio Cadello,12,,Is Mirrionis
1771418915,Via Berlino,,,Genneruxi
1772678099,Viale Monastir,126a,,Sant'Avendrace-Santa Gilla
1794887793,Vico di Piazza Italia,7,San Giuseppe - Santa Teresa - Parteolla,Municipalidadi de Pirri/Municipalit? di Pirri
1794887796,Piazza Italia,14,San Giuseppe - Santa Teresa - Parteolla,Municipalidadi de Pirri/Municipalit? di Pirri
1833995997,,,,Sant'Avendrace-Santa Gilla
1833996003,,,,Sant'Avendrace-Santa Gilla
1833996006,Viale Monastir,170,,Sant'Avendrace-Santa Gilla
1833996018,Viale Monastir,195,,Mulinu Becciu
1847340851,Viale Elmas,,,
1847340855,Viale Elmas,,,
1857442291,Piazza d'Armi,,,Is Mirrionis
1857442292,Via Is Mirrionis,,,Is Mirrionis
1857442295,Via Is Mirrionis,,,Is Mirrionis
1857442296,Via Is Mirrionis,,,Is Mirrionis
1857442297,Via Is Mirrionis,,,Is Mirrionis
1861715043,Percorso ciclopedonale Via del Sale,,,La Palma
1878252140,Calata dei Mercedari,,,Bonaria
1878252186,Percorso ciclopedonale Via del Sale,31,,Bonaria
1912111921,Viale Calamosca,,,Borgo Sant'Elia
1912111946,Viale Calamosca,,,Borgo Sant'Elia
1912111954,Viale Calamosca,,,Borgo Sant'Elia
1912111956,Viale Calamosca,,,Borgo Sant'Elia
1912111961,Viale Calamosca,,,Borgo Sant'Elia
1912111976,Viale Calamosca,,,Borgo Sant'Elia
1912112024,Viale Calamosca,,,Borgo Sant'Elia
1912112053,Via Giovanni Manurita,,,Borgo Sant'Elia
1912112055,Viale Calamosca,,,Borgo Sant'Elia
1959410511,Via La Palma,14,,La Palma
1959410512,Ruga-Via dell'Olivastro,,,Poetto-Medau su Cramu
1959410514,Via del Sale,3,,Poetto-Medau su Cramu
1959410515,Ruga-Via dell'Olivastro,,,Poetto-Medau su Cramu
1959410518,Via del Sale,3,,Poetto-Medau su Cramu
1959410580,Ruga-Via dell'Olivastro,,,Poetto-Medau su Cramu
1959410582,Ruga-Via dell'Olivastro,,,Poetto-Medau su Cramu
1959410587,Via della Fauna,3,,Poetto-Medau su Cramu
1959410609,Via della Fauna,,,Poetto-Medau su Cramu
1959410611,Via della Fauna,,,Poetto-Medau su Cramu
1959410633,Via della Fauna,,,Poetto-Medau su Cramu
1959410644,Via della Fauna,,,Poetto-Medau su Cramu
1959410649,Via della Fauna,,,Poetto-Medau su Cramu
1959410657,Via della Fauna,8,,Poetto-Medau su Cramu
1959410704,Via Carloforte,27,,Stampaxi/Stampace
1959410718,Via Santi Lorenzo e Pancrazio,21,,Stampaxi/Stampace
1976182207,Via Sant'Ignazio da Laconi,40,,Stampaxi/Stampace
1976182208,Via Sant'Ignazio da Laconi,7,,Stampaxi/Stampace
1976182209,Via Sant'Ignazio da Laconi,,,Stampaxi/Stampace
1976182215,Via Sant'Ignazio da Laconi,,,Stampaxi/Stampace
1976182216,Via Sant'Ignazio da Laconi,62,,Stampaxi/Stampace
1976182218,Via Sant'Ignazio da Laconi,,,Stampaxi/Stampace
1976182221,Via Sant'Ignazio da Laconi,,,Stampaxi/Stampace
1976182223,Via Sant'Ignazio da Laconi,66a,,Stampaxi/Stampace
1976182224,Via Sant'Ignazio da Laconi,,,Stampaxi/Stampace
1976182225,Via Sant'Ignazio da Laconi,,,Stampaxi/Stampace
1976182226,Via Sant'Ignazio da Laconi,,,Stampaxi/Stampace
1976182228,Via Sant'Ignazio da Laconi,,,Stampaxi/Stampace
1976182229,Via Sant'Ignazio da Laconi,,,Stampaxi/Stampace
1976182231,Via Sant'Ignazio da Laconi,,,Stampaxi/Stampace
1976182232,Via Ospedale,,,Stampaxi/Stampace
1976182235,Via Sant'Ignazio da Laconi,13,,Stampaxi/Stampace
1976182236,Via Sant'Ignazio da Laconi,,,Stampaxi/Stampace
1976182241,Via Sant'Ignazio da Laconi,,,Stampaxi/Stampace
1976182242,Via Sant'Ignazio da Laconi,,,Stampaxi/Stampace
1976182243,Via Sant'Ignazio da Laconi,17,,Stampaxi/Stampace
1976182246,Via Sant'Ignazio da Laconi,,,Stampaxi/Stampace
1986475485,Via Sassari,7a,,Stampaxi/Stampace
2048787756,Via dei Calafati,14,,Stampaxi/Stampace
2048787821,Via dei Calafati,14,,Stampaxi/Stampace
2048787867,Via dei Calafati,14,,Stampaxi/Stampace
2048787886,Via dei Calafati,,,Stampaxi/Stampace
2048938337,Via dei Genovesi,124a,,Castedd'e susu/Castello
2048938346,Calata Roma,,,Lapola/Marina
2048938370,Molo Dogana,,,Lapola/Marina
2048938371,Calata Roma,,,Lapola/Marina
2077277728,Viale Salvatore Ferrara,,,Nuovo Borgo Sant'Elia
2077277781,,,,Nuovo Borgo Sant'Elia
2077277785,,,,Nuovo Borgo Sant'Elia
2077277801,,,,Nuovo Borgo Sant'Elia
2077277802,,,,Nuovo Borgo Sant'Elia
2085949196,Via Santa Croce,55,,Castedd'e susu/Castello
2085949213,Piazza San Giuseppe,1a,,Castedd'e susu/Castello
2085950253,Via Santa Croce,22a,,Castedd'e susu/Castello
2085952625,Viale Bonaria,,,Bonaria
2102247812,Via Giovanni Battista Tuveri,68,,Monte Urpinu
2140190728,,,,Nuovo Borgo Sant'Elia
2140190730,,,,Nuovo Borgo Sant'Elia
2140190732,,,,Nuovo Borgo Sant'Elia
2140190736,,,,Nuovo Borgo Sant'Elia
2140190739,,,,Nuovo Borgo Sant'Elia
2140190743,,,,Nuovo Borgo Sant'Elia
2140190747,,,,Nuovo Borgo Sant'Elia
2140190749,,,,Nuovo Borgo Sant'Elia
2140234830,Via Renato Prunas,1,,Nuovo Borgo Sant'Elia
2140234845,Via Renato Prunas,1,,Nuovo Borgo Sant'Elia
2140234865,Via Renato Prunas,5,,Nuovo Borgo Sant'Elia
2140234883,Via Francesco Alziator,12,,Nuovo Borgo Sant'Elia
2140234901,Via Francesco Loddo Canepa,1,,Nuovo Borgo Sant'Elia
2140234918,Via Amerigo Vespucci,,,Nuovo Borgo Sant'Elia
2140331516,Via Guglielmo Marconi,189,Terram?ini - Is Bingias,Municipalidadi de Pirri/Municipalit? di Pirri
2140331522,Via Guglielmo Marconi,205,Terram?ini - Is Bingias,Municipalidadi de Pirri/Municipalit? di Pirri
2161325695,Via Vincenzo Viviani,,Terram?ini - Is Bingias,Municipalidadi de Pirri/Municipalit? di Pirri
2161354265,Viale Roberto Pisano,,Terram?ini - Is Bingias,Municipalidadi de Pirri/Municipalit? di Pirri
2161354277,Viale Roberto Pisano,9,Terram?ini - Is Bingias,Municipalidadi de Pirri/Municipalit? di Pirri
2161354285,Viale Roberto Pisano,,Terram?ini - Is Bingias,Municipalidadi de Pirri/Municipalit? di Pirri
2161358975,Via Vincenzo Viviani,,Terram?ini - Is Bingias,Municipalidadi de Pirri/Municipalit? di Pirri
2161358976,Via Vincenzo Viviani,,Terram?ini - Is Bingias,Municipalidadi de Pirri/Municipalit? di Pirri
2161358978,Viale Roberto Pisano,,Terram?ini - Is Bingias,Municipalidadi de Pirri/Municipalit? di Pirri
2161358979,Via Vincenzo Viviani,,Terram?ini - Is Bingias,Municipalidadi de Pirri/Municipalit? di Pirri
2161358980,Viale Roberto Pisano,,Terram?ini - Is Bingias,Municipalidadi de Pirri/Municipalit? di Pirri
2161358988,Viale Roberto Pisano,,Terram?ini - Is Bingias,Municipalidadi de Pirri/Municipalit? di Pirri
2161358990,Viale Roberto Pisano,,Terram?ini - Is Bingias,Municipalidadi de Pirri/Municipalit? di Pirri
2161358992,Via Vincenzo Viviani,,Terram?ini - Is Bingias,Municipalidadi de Pirri/Municipalit? di Pirri
2161358996,Via Vincenzo Viviani,,Terram?ini - Is Bingias,Municipalidadi de Pirri/Municipalit? di Pirri
2161358997,Via Vincenzo Viviani,,Terram?ini - Is Bingias,Municipalidadi de Pirri/Municipalit? di Pirri
2161359000,Viale Roberto Pisano,,Terram?ini - Is Bingias,Municipalidadi de Pirri/Municipalit? di Pirri
2161359001,Via Vincenzo Viviani,,Terram?ini - Is Bingias,Municipalidadi de Pirri/Municipalit? di Pirri
2161359003,Viale Roberto Pisano,,Terram?ini - Is Bingias,Municipalidadi de Pirri/Municipalit? di Pirri
2161361272,Viale Roberto Pisano,,Terram?ini - Is Bingias,Municipalidadi de Pirri/Municipalit? di Pirri
2161361280,Via Vincenzo Viviani,,Terram?ini - Is Bingias,Municipalidadi de Pirri/Municipalit? di Pirri
2161361282,Viale Roberto Pisano,,Terram?ini - Is Bingias,Municipalidadi de Pirri/Municipalit? di Pirri
2161361284,Viale Roberto Pisano,,Terram?ini - Is Bingias,Municipalidadi de Pirri/Municipalit? di Pirri
2161361291,Viale Roberto Pisano,,Terram?ini - Is Bingias,Municipalidadi de Pirri/Municipalit? di Pirri
2161361295,Viale Roberto Pisano,,Terram?ini - Is Bingias,Municipalidadi de Pirri/Municipalit? di Pirri
2161361299,Viale Roberto Pisano,,Terram?ini - Is Bingias,Municipalidadi de Pirri/Municipalit? di Pirri
2161361303,Viale Roberto Pisano,,Terram?ini - Is Bingias,Municipalidadi de Pirri/Municipalit? di Pirri
2161361305,Viale Roberto Pisano,,Terram?ini - Is Bingias,Municipalidadi de Pirri/Municipalit? di Pirri
2161361309,Viale Roberto Pisano,,Terram?ini - Is Bingias,Municipalidadi de Pirri/Municipalit? di Pirri
2161361312,Viale Roberto Pisano,,Terram?ini - Is Bingias,Municipalidadi de Pirri/Municipalit? di Pirri
2161361314,Viale Roberto Pisano,,Terram?ini - Is Bingias,Municipalidadi de Pirri/Municipalit? di Pirri
2161367099,Viale Roberto Pisano,,Terram?ini - Is Bingias,Municipalidadi de Pirri/Municipalit? di Pirri
2161370077,Via Vincenzo Viviani,,Terram?ini - Is Bingias,Municipalidadi de Pirri/Municipalit? di Pirri
2161371274,Via Vincenzo Viviani,,Terram?ini - Is Bingias,Municipalidadi de Pirri/Municipalit? di Pirri
2161371297,Via Vincenzo Viviani,,Terram?ini - Is Bingias,Municipalidadi de Pirri/Municipalit? di Pirri
2161371300,Piazza dei Bersaglieri,,Terram?ini - Is Bingias,Municipalidadi de Pirri/Municipalit? di Pirri
2161371308,Piazza dei Bersaglieri,,Terram?ini - Is Bingias,Municipalidadi de Pirri/Municipalit? di Pirri
2161371310,Via Vincenzo Viviani,,Terram?ini - Is Bingias,Municipalidadi de Pirri/Municipalit? di Pirri
2161371315,Via Vincenzo Viviani,,Terram?ini - Is Bingias,Municipalidadi de Pirri/Municipalit? di Pirri
2161388720,Via Vincenzo Viviani,,Terram?ini - Is Bingias,Municipalidadi de Pirri/Municipalit? di Pirri
2161388722,Viale Roberto Pisano,,Terram?ini - Is Bingias,Municipalidadi de Pirri/Municipalit? di Pirri
2161389996,Viale Roberto Pisano,,Terram?ini - Is Bingias,Municipalidadi de Pirri/Municipalit? di Pirri
2161389997,Viale Roberto Pisano,9,Terram?ini - Is Bingias,Municipalidadi de Pirri/Municipalit? di Pirri
2161390003,Viale Roberto Pisano,,Terram?ini - Is Bingias,Municipalidadi de Pirri/Municipalit? di Pirri
2161394958,,,Terram?ini - Is Bingias,Municipalidadi de Pirri/Municipalit? di Pirri
2225728432,Via Porto Scalas,41a,,Stampaxi/Stampace
2304179173,Via Monte Sabotino,9b,,Sant'Avendrace-Santa Gilla
2304179174,Via Col di Lana,22,,Sant'Avendrace-Santa Gilla
2304179175,Via Col di Lana,14,,Sant'Avendrace-Santa Gilla
2304199864,Via Monte Sabotino,17a,,Sant'Avendrace-Santa Gilla
2328804375,Via Gabriello Chiabrera,,,Fonsarda
2332029254,Via Sant'Efisio,19,,Stampaxi/Stampace
2335285118,Via Monte Claro,,,Is Mirrionis
2335285127,Via dei Carroz,,,Fonsarda
2358432752,Vico Secondo di Via San Quintino,2,Monteleone - Santa Rosalia,Municipalidadi de Pirri/Municipalit? di Pirri
2358432755,Vico Secondo di Via San Quintino,10,Monteleone - Santa Rosalia,Municipalidadi de Pirri/Municipalit? di Pirri
2360687773,Piazza Santa Croce,,,Castedd'e susu/Castello
2360687802,Via San Giorgio,1,,Stampaxi/Stampace
2400325953,Via Vergine di Lluc,,,Borgo Sant'Elia
2400325958,Viale Armando Diaz,49,,Bonaria
2400325979,Via Antonio Scano,2,,Monte Urpinu
2400325981,Via Antonio Taramelli,1,,Monte Urpinu
2400325985,Via Domenico Lovisato,1,,Monte Urpinu
2400325987,Via Giuseppe Palomba,2,,Monte Urpinu
2400325990,Via Luigi Amat,1,,Monte Urpinu
2400325992,Via Luigi Amat,,,Monte Urpinu
2400325995,,,,Monte Urpinu
2400325997,Via Nicola Calipari,,,Monte Urpinu
2400325999,Piazza Repubblica,,,Monte Urpinu
2400326006,Via Tiziano,,,San Benedetto
2400326010,Via Ottone Bacaredda,79,,Sant'Alenixedda
2400326012,Via Sant'Alenixedda,,,Sant'Alenixedda
2400326014,Via Efisio Cao di San Marco,9,,Sant'Alenixedda
2400326017,Via Ottone Bacaredda,,,Sant'Alenixedda
2400326019,Via Ottone Bacaredda,160a,,Biddanoa/Villanova
2400326023,Via Mario De Sotgiu,,,Sant'Avendrace-Santa Gilla
2400326025,Via Giudicessa Benedetta,1,,Sant'Alenixedda
2402958202,Via Tramontana,,,La Palma
2402958204,Via Ingegnere Tommaso Fiorelli,,,La Palma
2402958205,Via Luigi Rolando,,,Monte Mixi
2402958207,Via Monte Mixi,,,Monte Mixi
2402958208,Via degli Sport,1,,Monte Mixi
2402958209,Via degli Sport,,,Monte Mixi
2402958213,Via Vincenzo Gioberti,2,,San Benedetto
2402958214,Via Cesare Balbo,1,,San Benedetto
2402958215,Via Giosu? Carducci,27,,San Benedetto
2402958216,Via Alessandro Manzoni,75,,San Benedetto
2402958218,Via Andrea Vesalio,,Terram?ini - Is Bingias,Municipalidadi de Pirri/Municipalit? di Pirri
2402958219,Via Enrico Toti,,Monteleone - Santa Rosalia,Municipalidadi de Pirri/Municipalit? di Pirri
2402958220,Viale Roberto Pisano,,Terram?ini - Is Bingias,Municipalidadi de Pirri/Municipalit? di Pirri
2407755219,Via del Duomo,11,,Castedd'e susu/Castello
2409034913,Traversa di Viale Calamosca,,,Borgo Sant'Elia
2409034923,Piazza San Bartolomeo,1,,Borgo Sant'Elia
2414549152,Piazza Giuseppe Garibaldi,,,Biddanoa/Villanova
2414549154,Piazza Giuseppe Garibaldi,,,San Benedetto
2414564715,Via Alghero,,,San Benedetto
2414564726,Piazza Giuseppe Garibaldi,,,San Benedetto
2414564729,Piazza Giuseppe Garibaldi,22,,San Benedetto
2414578601,Via San Lucifero,67,,Biddanoa/Villanova
2414578603,Via Grazia Deledda,,,San Benedetto
2414578606,Via Dante Alighieri,,,Monte Urpinu
2414578609,Piazza Giuseppe Garibaldi,,,San Benedetto
2414581875,Via Campania,73,,Is Mirrionis
2414581885,Via Is Mirrionis,,,Is Mirrionis
2414581888,Via Diego Gregorio Cadello,1a,,Is Mirrionis
2414581890,Via Campania,,,Is Mirrionis
2414581902,Via Is Mirrionis,,,Is Mirrionis
2414581910,Via Campania,,,Is Mirrionis
2414581918,,,,Is Mirrionis
2422262656,Asse Mediano di Scorrimento,5,Villa Doloretta,Municipalidadi de Pirri/Municipalit? di Pirri
2422262660,Asse Mediano di Scorrimento,,Villa Doloretta,Municipalidadi de Pirri/Municipalit? di Pirri
2422262662,Asse Mediano di Scorrimento,,Villa Doloretta,Municipalidadi de Pirri/Municipalit? di Pirri
2422262678,Asse Mediano di Scorrimento,7,Villa Doloretta,Municipalidadi de Pirri/Municipalit? di Pirri
2422262680,Asse Mediano di Scorrimento,1,Villa Doloretta,Municipalidadi de Pirri/Municipalit? di Pirri
2422262689,Asse Mediano di Scorrimento,7,Villa Doloretta,Municipalidadi de Pirri/Municipalit? di Pirri
2422262696,Asse Mediano di Scorrimento,7,Villa Doloretta,Municipalidadi de Pirri/Municipalit? di Pirri
2422262702,Asse Mediano di Scorrimento,1,Villa Doloretta,Municipalidadi de Pirri/Municipalit? di Pirri
2422262710,Asse Mediano di Scorrimento,,Villa Doloretta,Municipalidadi de Pirri/Municipalit? di Pirri
2422267067,Via Santa Maria Chiara,169,Villa Doloretta,Municipalidadi de Pirri/Municipalit? di Pirri
2422267072,Via Santa Maria Chiara,,Villa Doloretta,Municipalidadi de Pirri/Municipalit? di Pirri
2422267083,Asse Mediano di Scorrimento,5,Villa Doloretta,Municipalidadi de Pirri/Municipalit? di Pirri
2422267092,Asse Mediano di Scorrimento,5,Villa Doloretta,Municipalidadi de Pirri/Municipalit? di Pirri
2433711117,Via Alfonso Ligas,29,,San Michele
2433722238,Via dei Conversi,,,Monte Urpinu
2433722239,Via dei Conversi,148,,Genneruxi
2433780807,Via Antonio Scano,,,Monte Urpinu
2433780810,Via Antonio Scano,,,Monte Urpinu
2433800913,Via dei Falconi,57,,Bonaria
2446933339,Via Logudoro,,,Bonaria
2453110397,Via San Giorgio,,,Stampaxi/Stampace
2453110410,Scalette Santa Margherita,1,,Stampaxi/Stampace
2455192425,Via Domenico Alberto Azuni,1,,Stampaxi/Stampace
2537638010,,,,Mulinu Becciu
2537638068,,,,Mulinu Becciu
2542811131,Via dei Genovesi,132,,Castedd'e susu/Castello
2542811133,Via Porto Scalas,30,,Stampaxi/Stampace
2543656195,,,,Mulinu Becciu
2543656197,Via Diego Gregorio Cadello,,,Is Mirrionis
2543656199,,,Villa Doloretta,Municipalidadi de Pirri/Municipalit? di Pirri
2550866375,Via dell'Agricoltura,24,,Sant'Avendrace-Santa Gilla
2550866380,,,,Sant'Avendrace-Santa Gilla
2550866385,,,,Sant'Avendrace-Santa Gilla
2550866388,,,,Sant'Avendrace-Santa Gilla
2550989529,Via Raffa Garzia,5,,Monte Urpinu
2550989532,Via Raffa Garzia,2,,Monte Urpinu
2550989582,Via Is Guadazzonis,2,,Monte Urpinu
2551007678,Viale Calamosca,43,,Borgo Sant'Elia
2551007741,Via Marina Piccola,,,Borgo Sant'Elia
2551007815,Viale Calamosca,,,Borgo Sant'Elia
2551007843,Via Marina Piccola,,,Borgo Sant'Elia
2551007866,Via Marina Piccola,,,Borgo Sant'Elia
2551007871,Via Marina Piccola,,,Borgo Sant'Elia
2551007882,Via Marina Piccola,,,Borgo Sant'Elia
2551007885,Via Marina Piccola,,,Borgo Sant'Elia
2551031952,Via David Livingstone,1,,Nuovo Borgo Sant'Elia
2551031955,Via David Livingstone,1,,Nuovo Borgo Sant'Elia
2551031963,Piazza Vasco Da Gama,1,,Nuovo Borgo Sant'Elia
2551031967,Via David Livingstone,2,,Nuovo Borgo Sant'Elia
2551031979,Piazza Vasco Da Gama,3,,Nuovo Borgo Sant'Elia
2551031990,Piazza Gaetano Casati,1,,Nuovo Borgo Sant'Elia
2551031993,Piazza Gaetano Casati,2,,Nuovo Borgo Sant'Elia
2551031999,Piazza Antonio Pigafetta,7,,Nuovo Borgo Sant'Elia
2551032006,Piazza Antonio Pigafetta,9,,Nuovo Borgo Sant'Elia
2551032014,Piazza Antonio Pigafetta,17,,Nuovo Borgo Sant'Elia
2551032020,Piazza Antonio Pigafetta,13,,Nuovo Borgo Sant'Elia
2552400215,Vico Primo di Via Riva di Ponente,9,,Stampaxi/Stampace
2552400217,Via Riva di Ponente,5,,Stampaxi/Stampace
259877016,Via Vittorio Bottego,50,,Bonaria
2624681266,Via Joyce Lussu,,,Sant'Avendrace-Santa Gilla
2624681270,Via Joyce Lussu,,,Sant'Avendrace-Santa Gilla
2624681275,,,,Sant'Avendrace-Santa Gilla
2624681276,,,,Sant'Avendrace-Santa Gilla
2624681348,,,,Sant'Avendrace-Santa Gilla
2624681371,,,,Sant'Avendrace-Santa Gilla
2624681409,,,,Sant'Avendrace-Santa Gilla
2624824674,Strada Statale 195 var Sulcitana,,,Sant'Avendrace-Santa Gilla
2624824682,Strada Statale 195 var Sulcitana,,,Sant'Avendrace-Santa Gilla
2624824703,,,,Sant'Avendrace-Santa Gilla
2624824723,,,,Sant'Avendrace-Santa Gilla
2624824730,,,,Sant'Avendrace-Santa Gilla
2653449929,Via Gioachino Rossini,85,,Sant'Alenixedda
2653449930,Via Pierluigi da Palestrina,25,,Genneruxi
2655580323,Sentiero nel parco di Tuvixeddu,,,Tuvixeddu-Tuvumannu
265659800,Via Lungo Saline,,,Poetto-Medau su Cramu
265659808,Via Lungo Saline,,,Poetto-Medau su Cramu
265659831,Via Lungo Saline,,,Poetto-Medau su Cramu
265659839,Via Lungo Saline,,,Poetto-Medau su Cramu
265659926,Via Lungo Saline,,,Poetto-Medau su Cramu
265659937,Viale Poetto,112,,Quartiere del Sole
265659939,Viale Poetto,36,,Quartiere del Sole
265659941,Viale Poetto,2,,La Palma
265659944,Viale Campioni d'Italia 1969-70,,,Monte Mixi
265659946,Viale Campioni d'Italia 1969-70,,,Monte Mixi
265659953,Via Siracusa,,,Bonaria
265659960,Viale Armando Diaz,158b,,Bonaria
265664433,Viale Cimitero,27,,Bonaria
265669552,Viale Trieste,98b,,Sant'Avendrace-Santa Gilla
265669562,Viale Sant'Avendrace,169a,,Sant'Avendrace-Santa Gilla
265669576,Viale Sant'Avendrace,275,,Sant'Avendrace-Santa Gilla
265669580,Viale Monastir,2,,Sant'Avendrace-Santa Gilla
265669583,Viale Monastir,75,,San Michele
265669585,Via Lunigiana,76,,San Michele
2657295319,Viale Luigi Merello,,,Stampaxi/Stampace
2680669633,Viale San Vincenzo,51,,La Vega
2691478796,Viale Elmas,146,,Sant'Avendrace-Santa Gilla
2691478798,Via dell'Industria,,,Sant'Avendrace-Santa Gilla
2716878309,Ruga-Via Riu Saliu,,Terram?ini - Is Bingias,Municipalidadi de Pirri/Municipalit? di Pirri
2716878347,Asse Mediano di Scorrimento,,,Genneruxi
2817117992,Via Gavino Gabriel,1,,Borgo Sant'Elia
2817118351,Via Gavino Gabriel,2,,Borgo Sant'Elia
2817143822,Viale Cimitero,29,,Bonaria
2817150179,Via Roma,,,Lapola/Marina
2817159303,Via Malta,49,,Stampaxi/Stampace
2817160384,Via Domenico Alberto Azuni,50,,Stampaxi/Stampace
2817161169,Piazza Giuseppe Garibaldi,44,,Biddanoa/Villanova
2817163458,Via Francesco Fara,20,,Stampaxi/Stampace
2817164859,Via dei Genovesi,105,,Castedd'e susu/Castello
2817165852,Vico Terzo di Via Sant'Efisio,8,,Stampaxi/Stampace
2817165888,Via Santa Margherita,82,,Stampaxi/Stampace
2817210912,Via Talete,6,,CEP
2817215135,Via Cornalias,64,,Is Mirrionis
2817217996,Via Famagosta,188,Monteleone - Santa Rosalia,Municipalidadi de Pirri/Municipalit? di Pirri
2817226661,Via Edward Jenner,,,Is Mirrionis
2817245934,Via Andr? Marie Ampere,,Terram?ini - Is Bingias,Municipalidadi de Pirri/Municipalit? di Pirri
2817659493,Viale Europa,4,,Monte Urpinu
2817664401,Viale Europa,4,,Monte Urpinu
2822821808,Piazza delle Aquile,,San Giuseppe - Santa Teresa - Parteolla,Municipalidadi de Pirri/Municipalit? di Pirri
2826993775,Vico Primo Infante Alfonso,19,,Sant'Avendrace-Santa Gilla
2832287409,Via Marina Piccola,,,Borgo Sant'Elia
2833044501,Via Marina Piccola,,,Borgo Sant'Elia
2833044704,Via Marina Piccola,,,Borgo Sant'Elia
2833058306,Viale Calamosca,,,Borgo Sant'Elia
2833058307,Viale Calamosca,,,Borgo Sant'Elia
2833058310,Viale Calamosca,,,Borgo Sant'Elia
2833058311,Viale Calamosca,,,Borgo Sant'Elia
2833065202,Via Emanuele Pessagno,4a,,Bonaria
2842383201,Via Vergine di Lluc,5,,Borgo Sant'Elia
2842383202,Via Vergine di Lluc,1,,Borgo Sant'Elia
2842383203,Via Vergine di Lluc,,,Borgo Sant'Elia
2842383205,Via Vergine di Lluc,,,Borgo Sant'Elia
2844479881,Viale Calamosca,,,Borgo Sant'Elia
2844479889,Via del Borgo Sant'Elia,,,Borgo Sant'Elia
2844479892,Viale Poetto,21,,Borgo Sant'Elia
2844479893,Viale Poetto,36,,Quartiere del Sole
2844479894,Viale Poetto,42,,Quartiere del Sole
2844479897,Viale Calamosca,38,,Borgo Sant'Elia
2844479899,Viale Calamosca,38,,Borgo Sant'Elia
2844479900,Piazza San Bartolomeo,1,,Borgo Sant'Elia
2844481702,Viale Poetto,15,,Borgo Sant'Elia
2844481716,Viale San Bartolomeo,14,,Borgo Sant'Elia
2844481725,Viale Poetto,42,,Quartiere del Sole
2853237869,Viale Calamosca,13,,Borgo Sant'Elia
2853237870,Viale Calamosca,7,,Borgo Sant'Elia
2853237873,Viale Calamosca,7,,Borgo Sant'Elia
2853237874,Viale Calamosca,9,,Borgo Sant'Elia
2853237875,Viale Calamosca,7,,Borgo Sant'Elia
2853237877,Viale Calamosca,7,,Borgo Sant'Elia
2853246657,Viale Calamosca,22,,Borgo Sant'Elia
2853246658,Viale Calamosca,22,,Borgo Sant'Elia
2853246659,Viale Calamosca,6,,Borgo Sant'Elia
2868746961,Viale Vittime dei bombardamenti del 1943,,,Stampaxi/Stampace
2868746962,Piazzetta Anita Castaldi,,,Stampaxi/Stampace
2868746965,Viale Vittime dei bombardamenti del 1943,,,Stampaxi/Stampace
2868746966,Viale Vittime dei bombardamenti del 1943,,,Stampaxi/Stampace
2868746971,Viale Vittime dei bombardamenti del 1943,,,Stampaxi/Stampace
2868746976,Viale Vittime dei bombardamenti del 1943,,,Stampaxi/Stampace
2868746980,Viale San Vincenzo,2,,Stampaxi/Stampace
2882761593,Via Cristoforo Colombo,2,,Bonaria
291582984,Strada Statale 195 Sulcitana,,,Sant'Avendrace-Santa Gilla
291583004,SS195,,,Sant'Avendrace-Santa Gilla
291583314,SS195,,,Sant'Avendrace-Santa Gilla
291584377,Strada Statale 195 Sulcitana,,,Sant'Avendrace-Santa Gilla
291584386,Strada Statale 195 Sulcitana,,,Sant'Avendrace-Santa Gilla
291584452,Strada Statale 195 var Sulcitana,,,Stampaxi/Stampace
291584456,Via Riva di Ponente,10,,Stampaxi/Stampace
291584458,Via Riva di Ponente,3,,Stampaxi/Stampace
291584824,Strada Statale 195 var Sulcitana,,,Sant'Avendrace-Santa Gilla
291584837,Strada Statale 195 var Sulcitana,,,Sant'Avendrace-Santa Gilla
291584842,Strada Statale 195 var Sulcitana,,,Sant'Avendrace-Santa Gilla
291584854,Lungomare New York 11 Settembre 2001,,,Lapola/Marina
291584856,Lungomare New York 11 Settembre 2001,,,Bonaria
291585117,Viale Salvatore Ferrara,,,Nuovo Borgo Sant'Elia
291585124,Via Tramontana,,,Borgo Sant'Elia
291585166,Viale Salvatore Ferrara,,,Bonaria
291585173,Rotonda San Bartolomeo,,,Nuovo Borgo Sant'Elia
291585174,Viale San Bartolomeo,,,Borgo Sant'Elia
291585177,Rotonda San Bartolomeo,,,Nuovo Borgo Sant'Elia
291585264,Rotonda San Bartolomeo,,,Borgo Sant'Elia
291585356,Strada Statale 195 var Sulcitana,,,Sant'Avendrace-Santa Gilla
291585364,Lungomare New York 11 Settembre 2001,,,Lapola/Marina
291585367,Viale Salvatore Ferrara,,,Bonaria
291585368,Viale Salvatore Ferrara,11,,Bonaria
291585531,Strada Statale 195 Sulcitana,,,Sant'Avendrace-Santa Gilla
291719654,Piazza del Carmine,1,,Stampaxi/Stampace
291719655,Piazza del Carmine,25a,,Stampaxi/Stampace
291927171,Strada Statale 195 var Sulcitana,,,Sant'Avendrace-Santa Gilla
291927208,Strada Statale 195 var Sulcitana,,,Sant'Avendrace-Santa Gilla
291927212,Strada Statale 195 var Sulcitana,,,Sant'Avendrace-Santa Gilla
291927274,Strada Statale 195 var Sulcitana,,,Sant'Avendrace-Santa Gilla
291927286,Strada Statale 195 var Sulcitana,,,Sant'Avendrace-Santa Gilla
291927343,Strada Statale 195 var Sulcitana,,,Sant'Avendrace-Santa Gilla
291927360,Strada Statale 195 var Sulcitana,,,Sant'Avendrace-Santa Gilla
291927409,Strada Statale 195 var Sulcitana,,,
291927464,Via San Paolo,,,Sant'Avendrace-Santa Gilla
291931007,Via San Simone,,,Sant'Avendrace-Santa Gilla
291931047,Via San Simone,,,Sant'Avendrace-Santa Gilla
291950060,Via Molo Sant'Agostino,,,Stampaxi/Stampace
291950065,Viale Pula,23,,Stampaxi/Stampace
291950099,,,,Sant'Avendrace-Santa Gilla
291950100,SS195racc,,,Sant'Avendrace-Santa Gilla
291950111,E 25,,,Sant'Avendrace-Santa Gilla
291950119,E 25,,,Stampaxi/Stampace
291950133,SS195racc,,,Sant'Avendrace-Santa Gilla
291950145,Strada statale 195 racc Via San Paolo,,,Sant'Avendrace-Santa Gilla
292273181,Via Guglielmo Marconi,,Terram?ini - Is Bingias,Municipalidadi de Pirri/Municipalit? di Pirri
292274049,Via Pietro Cavaro,3,,Sant'Alenixedda
292274052,Via Guglielmo Marconi,23,,Genneruxi
292274059,Via Vienna,,,Quartiere Europeo
292274066,Scalette Monsignor Virgilio Angioni,,,San Benedetto
292274069,Via San Benedetto,48a,,Sant'Alenixedda
292274248,Via Giovanni Battista Pergolesi,1,,San Benedetto
292347461,Dorsale Consortile,,,Sant'Avendrace-Santa Gilla
292347826,Piazza Attilio Deffenu,5,,Bonaria
292347849,Piazza Ichnusa,,,Bonaria
292347860,Piazzetta Silvio Lippi,,,Bonaria
293617675,Via Sinnai,4,Terram?ini - Is Bingias,Municipalidadi de Pirri/Municipalit? di Pirri
293617678,Via Italia,130,San Giuseppe - Santa Teresa - Parteolla,Municipalidadi de Pirri/Municipalit? di Pirri
293850113,Strada Statale 131 dir Carlo Felice,,,Mulinu Becciu
293851481,Strada Statale 554 Cagliaritana,,,Mulinu Becciu
293851621,Via della Rinascita,,,Sant'Avendrace-Santa Gilla
293851888,Strada Statale 554 Cagliaritana,,,Mulinu Becciu
293870215,Strada Statale 554 Cagliaritana,,,Sant'Avendrace-Santa Gilla
293876279,Strada Statale 131 Carlo Felice,,,Mulinu Becciu
2939669838,Via Sant'Ignazio da Laconi,27,,Stampaxi/Stampace
2939669840,Via Aurelio Nicolodi,,,Stampaxi/Stampace
2948574614,,,,Sant'Avendrace-Santa Gilla
2948681436,Via Bartolomeo Colleoni,,Barracca Manna,Municipalidadi de Pirri/Municipalit? di Pirri
2948688870,Via Bartolomeo Colleoni,,Barracca Manna,Municipalidadi de Pirri/Municipalit? di Pirri
2948688873,Via Stamira,,Barracca Manna,Municipalidadi de Pirri/Municipalit? di Pirri
2948688881,Via Bartolomeo Colleoni,,Barracca Manna,Municipalidadi de Pirri/Municipalit? di Pirri
2948688882,Via Bartolomeo Colleoni,,Barracca Manna,Municipalidadi de Pirri/Municipalit? di Pirri
2948688884,Via Bartolomeo Colleoni,,Barracca Manna,Municipalidadi de Pirri/Municipalit? di Pirri
2948688885,Via Stamira,,Barracca Manna,Municipalidadi de Pirri/Municipalit? di Pirri
2948688886,Via Stamira,,Monreale,Municipalidadi de Pirri/Municipalit? di Pirri
2948688887,Via Stamira,,Barracca Manna,Municipalidadi de Pirri/Municipalit? di Pirri
2948688888,Via Stamira,,Monreale,Municipalidadi de Pirri/Municipalit? di Pirri
2948688889,,,Barracca Manna,Municipalidadi de Pirri/Municipalit? di Pirri
2948694579,Asse Mediano di Scorrimento,,Barracca Manna,Municipalidadi de Pirri/Municipalit? di Pirri
2948694582,Asse Mediano di Scorrimento,,,San Michele
2971775874,Via S'Arrulloni,5,,Quartiere del Sole
2971775875,Via Favonio,29,,Quartiere del Sole
2971775877,Viale Poetto,34,,Quartiere del Sole
2971775881,Via Favonio,,,Quartiere del Sole
2971775882,Via S'Arrulloni,6,,Quartiere del Sole
297411542,Asse Mediano di Scorrimento,,,Fonsarda
297411723,Asse Mediano di Scorrimento,,,Fonsarda
297413078,Asse Mediano di Scorrimento,,,Fonsarda
297413284,Asse Mediano di Scorrimento,,,Genneruxi
297413692,Asse Mediano di Scorrimento,,,La Palma
297413697,Asse Mediano di Scorrimento,,,La Palma
297413711,Asse Mediano di Scorrimento,,,Poetto-Medau su Cramu
297413719,Ruga/Via Margherita Hack,,,Genneruxi
297414208,Asse Mediano di Scorrimento,,,Monte Mixi
299641717,Viale Elmas,1,,Sant'Avendrace-Santa Gilla
299641725,Via Garigliano,1,,Sant'Avendrace-Santa Gilla
3001574289,Via Cammino Nuovo,,,Stampaxi/Stampace
301801685,Via Francesco Crispi,1,,Stampaxi/Stampace
301801707,Via del Mercato Vecchio,1,,Lapola/Marina
301801740,Via Domenico Alberto Azuni,108,,Stampaxi/Stampace
301801741,Via Carlo Buragna,1,,Stampaxi/Stampace
301801783,Via Santa Restituta,2,,Stampaxi/Stampace
301801785,Via Domenico Alberto Azuni,38,,Stampaxi/Stampace
301801787,Via Ospedale,97,,Stampaxi/Stampace
301801795,Via Santa Restituta,70,,Stampaxi/Stampace
301801797,Viale Trieste,88,,Sant'Avendrace-Santa Gilla
301801798,Via Goffredo Mameli,128b,,Stampaxi/Stampace
301801799,Via Pola,1,,Sant'Avendrace-Santa Gilla
301801806,Corso Vittorio Emanuele Secondo,360,,Stampaxi/Stampace
301801811,Corso Vittorio Emanuele Secondo,248,,Stampaxi/Stampace
301801833,Via Goffredo Mameli,124a,,Stampaxi/Stampace
301801835,Via Caprera,27,,Stampaxi/Stampace
301801900,Via Sassari,118,,Stampaxi/Stampace
301801901,Via Pola,57,,Sant'Avendrace-Santa Gilla
301801903,Vico Secondo di Via Carloforte,2,,Stampaxi/Stampace
301801906,Via Sant'Ignazio da Laconi,56,,Stampaxi/Stampace
301801908,Via Palabanda,1,,Stampaxi/Stampace
301801914,Via Porto Scalas,22,,Stampaxi/Stampace
301801951,Via Giovanni Maria Angioy,103,,Stampaxi/Stampace
301801980,Via Tigellio,20c,,Stampaxi/Stampace
301801981,Via Tigellio,30,,Stampaxi/Stampace
301801982,Via Tigellio,46,,Stampaxi/Stampace
301801983,Via Giovanni Antonio Carbonazzi,35,,Stampaxi/Stampace
301801984,Viale Trieste,36,,Stampaxi/Stampace
301801988,Via Giovanni Maria Angioy,8,,Stampaxi/Stampace
301801992,Vico di Largo Carlo Felice di Savoia,12,,Stampaxi/Stampace
301801996,Via Giuseppe Manno,86,,Lapola/Marina
301802004,Via Gaetano Cima,,,Lapola/Marina
301802006,Via Torino,2,,Lapola/Marina
301802082,Via Torino,17,,Lapola/Marina
301802083,Via Principe Amedeo,,,Lapola/Marina
301802113,Via dei Pisani,2,,Lapola/Marina
301802114,Via Lodovico Baylle,131,,Lapola/Marina
301802150,Via Lodovico Baylle,56,,Lapola/Marina
301802151,Via Lodovico Baylle,41,,Lapola/Marina
301802152,Via Sardegna,34,,Lapola/Marina
301802157,Via Sicilia,17,,Lapola/Marina
301802160,Via Sicilia,10a,,Lapola/Marina
301802161,Via Sant'Eulalia,30a,,Lapola/Marina
301802211,Via Lepanto,35,,Lapola/Marina
301802212,Via dei Pisani,10,,Lapola/Marina
301802214,Via Sardegna,58,,Lapola/Marina
301802215,Via Barcellona,14,,Lapola/Marina
301802216,Via Sardegna,79,,Lapola/Marina
301802217,Via Sardegna,68,,Lapola/Marina
301802218,Via Concezione,17,,Lapola/Marina
301802219,Via Sardegna,3,,Lapola/Marina
301802220,Via Napoli,79,,Lapola/Marina
301802251,Via Camillo Benso Conte di Cavour,115,,Lapola/Marina
301802255,Via Principe Amedeo di Savoia,1,,Lapola/Marina
301802259,Via Principe Amedeo di Savoia,14,,Lapola/Marina
301802309,Via del Collegio,11,,Lapola/Marina
301802310,Via Camillo Benso Conte di Cavour,82,,Lapola/Marina
301802311,Via Sant'Eulalia,5,,Lapola/Marina
301802312,Via Camillo Benso Conte di Cavour,83,,Lapola/Marina
301802313,Via Camillo Benso Conte di Cavour,59,,Lapola/Marina
301802314,Via Camillo Benso Conte di Cavour,21,,Lapola/Marina
301802322,Via Concezione,16,,Lapola/Marina
301802404,Via Vittorio Porcile,13a,,Lapola/Marina
301802448,Viale Regina Margherita,14,,Lapola/Marina
301802456,Vico Primo di Via Vincenzo Sulis,10,,Biddanoa/Villanova
301802463,Via Giuseppe Garibaldi,144,,Biddanoa/Villanova
301802474,Via Alghero,,,San Benedetto
301802476,Via Giuseppe Abba,21a,,Biddanoa/Villanova
301802477,Via Sidney Sonnino,111,,Bonaria
301802479,Via Sidney Sonnino,122,,Biddanoa/Villanova
301802481,Via Logudoro,,,Bonaria
301802484,Via Luigi Einaudi,1,,Biddanoa/Villanova
301802486,Via Sebastiano Satta,62,,San Benedetto
301802488,Via Antonio Lo Frasso,35,,San Benedetto
301802490,Via Domenico Millelire,2,,San Benedetto
301802493,Via Sebastiano Satta,39,,San Benedetto
301802497,Via Pietro Delitala,1,,San Benedetto
301802499,Via Sebastiano Satta,1,,San Benedetto
301802501,Via Pietro Delitala,12,,San Benedetto
301802503,Via Sant'Eusebio,49,,Bonaria
301802505,Via Ada Negri,2,,Bonaria
301802507,Vico Secondo di Via Sant'Eusebio,1,,Bonaria
301802509,Via Sant'Eusebio,1,,Bonaria
301802511,Via San Gregorio Magno,11,,Bonaria
301802513,Via San Lucifero,76,,Bonaria
301802515,Via Olbia,23,,Biddanoa/Villanova
301802517,Via Olbia,2,,Biddanoa/Villanova
301802521,Via Logudoro,2,,Bonaria
301802525,Via Dante Alighieri,,,Bonaria
301802527,Vico di Via Logudoro,10,,Bonaria
301802531,Vico Secondo di Via Barone Salvatore Rossi,5,,Bonaria
301802535,Vico Primo di Via Barone Salvatore Rossi,27,,Bonaria
301802537,Via Nuoro,2,,Bonaria
301802539,Vico Secondo di Via Barone Salvatore Rossi,1,,Bonaria
301802541,Via Sidney Sonnino,56,,Bonaria
301802545,Via Barone Salvatore Rossi,25,,Bonaria
301802551,Viale Bonaria,84a,,Bonaria
301802557,Via Lanusei,77a,,Bonaria
301802559,Piazzetta Silvio Lippi,,,Bonaria
301802563,Piazzetta Silvio Lippi,,,Bonaria
301802572,Via Lanusei,45,,Bonaria
301802648,Via Lanusei,19b,,Biddanoa/Villanova
301802664,Via Costituzione,8,,Biddanoa/Villanova
301802688,Via Eleonora d'Arborea,50,,Biddanoa/Villanova
301802689,Via Iglesias,16,,Biddanoa/Villanova
301802692,Via Iglesias,41,,Biddanoa/Villanova
301802693,Via San Lucifero,45,,Biddanoa/Villanova
301802694,Vico San Lucifero,21,,Biddanoa/Villanova
301802695,Via Luigi Einaudi,35,,Biddanoa/Villanova
301802698,Via Vittorio Emanuele Orlando,14,,Biddanoa/Villanova
301802700,Via Salvatore Farina,43,,San Benedetto
301806532,Piazza Giuseppe Garibaldi,10,,Biddanoa/Villanova
301806579,Via Ottone Bacaredda,18a,,Biddanoa/Villanova
301806581,Via Ottone Bacaredda,32,,Biddanoa/Villanova
301806583,Via Tempio,62,,Biddanoa/Villanova
301806584,Via Ottone Bacaredda,84,,Biddanoa/Villanova
301806585,Via Tiziano,,,San Benedetto
301806602,Via Francesco Cocco Ortu,49,,Sant'Alenixedda
301806603,Via Francesco Cocco Ortu,44,,San Benedetto
301806604,Via Ugo Foscolo,2,,Sant'Alenixedda
301806660,Via Giovanni Pascoli,1,,Sant'Alenixedda
301806661,Via Francesco Petrarca,19,,Sant'Alenixedda
301806663,Via Gioachino Rossini,40,,Sant'Alenixedda
301806664,Via Antonio Pacinotti,32,,San Benedetto
301806665,Via Guido Cavalcanti,13,,San Benedetto
301806667,Via Vincenzo Monti,40,,San Benedetto
301806668,Via Alessandro Manzoni,10,,San Benedetto
301806669,Via Vittorio Alfieri,6,,San Benedetto
301806671,Via Gioachino Rossini,1,,San Benedetto
301806672,Via Gaetano Donizetti,1,,San Benedetto
301806673,Via Salvatore Farina,52,,San Benedetto
301806753,Via Salvatore Farina,40c,,San Benedetto
301806754,Via Antonio Fais,1,,San Benedetto
301806756,Via Luigi Cherubini,32,,San Benedetto
301806757,Via Giacomo Puccini,55,,San Benedetto
301806758,Via Domenico Cimarosa,89,,San Benedetto
301806759,Via Annunzio Cervi,1,,San Benedetto
301806760,Via Pasquale Tola,24,,San Benedetto
301806761,Via Pasquale Tola,2,,San Benedetto
301806762,Via Luigi Settembrini,1,,San Benedetto
301806763,Piazza Galileo Galilei,22,,San Benedetto
301806766,Via Giosu? Carducci,9,,San Benedetto
301806768,Via Pasquale Paoli,93,,San Benedetto
301806769,Via Alfredo Oriani,15,,San Benedetto
301806770,Via Vittorio Alfieri,2,,San Benedetto
301806829,Piazza Giuseppe Garibaldi,15,,San Benedetto
301806833,Via Giacomo Puccini,5b,,San Benedetto
301806837,Via Giacomo Puccini,23a,,San Benedetto
301806842,Via Giacomo Puccini,35a,,San Benedetto
301806951,Via Gaetano Donizetti,47b,,San Benedetto
301806952,Via Vincenzo Bellini,37,,San Benedetto
301806953,Via Giuseppe Verdi,25a,,San Benedetto
301806954,Via Gaetano Donizetti,20,,San Benedetto
301806955,Via Gaetano Donizetti,14c,,San Benedetto
301806959,Via Gioachino Rossini,16a,,San Benedetto
301806960,Via Vincenzo Bellini,12a,,San Benedetto
301806961,Via San Benedetto,12,,San Benedetto
301806962,Via Vincenzo Bellini,51,,San Benedetto
301806964,Via Alfredo Catalani,3b,,San Benedetto
301806965,Via Giuseppe Verdi,51,,San Benedetto
301807063,Piazza Repubblica,,,Monte Urpinu
301807073,Via Luigi Amat,11,,Monte Urpinu
301807075,Via Giovanni Battista Tuveri,98,,Monte Urpinu
301807197,Via San Lucifero,94,,Bonaria
301807201,Via Francesco Carrara,32,,Bonaria
301807205,Via Pietro Quesada,,,Bonaria
301807209,Via Antioco Loru,45,,Bonaria
301807211,Via Gianquinto De Gioannis,12,,Bonaria
301807213,Via Gianquinto De Gioannis,27,,Bonaria
301807214,Via Carlo Fadda,15,,Bonaria
301807215,Via Francesco Carrara,1,,Bonaria
301807216,Via Enrico Gianturco,30,,Bonaria
301807296,Via Antioco Loru,15,,Bonaria
301807299,Via Enrico Gianturco,1,,Bonaria
301807300,Via Antioco Loru,1,,Bonaria
301807303,Via Enrico Pessina,15a,,Bonaria
301807306,Piazza Repubblica,,,Monte Urpinu
301807307,Via Enrico Carboni Boi,,,Monte Urpinu
301807308,Via Enrico Carboni Boi,1,,Monte Urpinu
301807309,Via Luigi Amat,,,Monte Urpinu
301807313,Via Luigi Amat,4,,Monte Urpinu
301807314,Via Enrico Carboni Boi,2,,Monte Urpinu
301807315,Via Luigi Amat,9,,Monte Urpinu
301807316,Via Pasquale Cugia,2,,Monte Urpinu
301807409,Via Luigi Amat,,,Monte Urpinu
301807411,Via Pasquale Cugia,,,Monte Urpinu
301807414,,,,Monte Urpinu
301807416,Piazza Repubblica,,,Monte Urpinu
301807417,Via Giovanni Battista Tuveri,10c,,Monte Urpinu
301807420,Via Giuseppe Palomba,26,,Monte Urpinu
301807421,Via Pasquale Cugia,25,,Monte Urpinu
301807425,Via Giuseppe Palomba,17,,Monte Urpinu
301807480,Via Enrico Carboni Boi,7,,Monte Urpinu
301807481,Via Enrico Carboni Boi,11,,Monte Urpinu
301807531,Via Giuseppe Sanna Randaccio,67,,Monte Urpinu
301807534,Via Enrico Carboni Boi,6,,Monte Urpinu
301811548,,,,Is Mirrionis
301811552,Via dei Carroz,24,,Fonsarda
301811558,Via Santa Maria Chiara,160,,Fonsarda
301811560,Via Raimondo Montecuccoli,6,Monteleone - Santa Rosalia,Municipalidadi de Pirri/Municipalit? di Pirri
301811561,Via Fabio Filzi,43,Villa Doloretta,Municipalidadi de Pirri/Municipalit? di Pirri
301811589,Via Eroi d'Italia,2,Monteleone - Santa Rosalia,Municipalidadi de Pirri/Municipalit? di Pirri
301811594,Via Santa Maria Chiara,90,Monteleone - Santa Rosalia,Municipalidadi de Pirri/Municipalit? di Pirri
301811598,Via della Siepe,2,Villa Doloretta,Municipalidadi de Pirri/Municipalit? di Pirri
301811603,Via Legnano,78,Monteleone - Santa Rosalia,Municipalidadi de Pirri/Municipalit? di Pirri
301811606,Via Santa Maria Chiara,131,Villa Doloretta,Municipalidadi de Pirri/Municipalit? di Pirri
301811609,Via Santa Maria Chiara,132,Monteleone - Santa Rosalia,Municipalidadi de Pirri/Municipalit? di Pirri
301811613,Via Vincenzo Cuoco,2,Monteleone - Santa Rosalia,Municipalidadi de Pirri/Municipalit? di Pirri
301811615,Via Calamattia,25,Monteleone - Santa Rosalia,Municipalidadi de Pirri/Municipalit? di Pirri
301811627,Via degli Ortolani,7,Villa Doloretta,Municipalidadi de Pirri/Municipalit? di Pirri
301811628,Via Montecassino,4a,Villa Doloretta,Municipalidadi de Pirri/Municipalit? di Pirri
301811629,Via Montecassino,17a,Villa Doloretta,Municipalidadi de Pirri/Municipalit? di Pirri
301811633,Via Fabio Filzi,39,Villa Doloretta,Municipalidadi de Pirri/Municipalit? di Pirri
301811634,Via Santa Rosalia,60a,Monteleone - Santa Rosalia,Municipalidadi de Pirri/Municipalit? di Pirri
301811635,Via Fornovo,53,Monteleone - Santa Rosalia,Municipalidadi de Pirri/Municipalit? di Pirri
301811636,Via Santa Maria Chiara,11b,Villa Doloretta,Municipalidadi de Pirri/Municipalit? di Pirri
301811637,Via Balilla,39,San Giuseppe - Santa Teresa - Parteolla,Municipalidadi de Pirri/Municipalit? di Pirri
301811641,Via Alberto Riva Villasanta,,,Fonsarda
301811642,Via Alberto Riva Villasanta,222a,Monteleone - Santa Rosalia,Municipalidadi de Pirri/Municipalit? di Pirri
301811643,Via Alberto Riva Villasanta,222,Monteleone - Santa Rosalia,Municipalidadi de Pirri/Municipalit? di Pirri
301811644,Via Alberto Riva Villasanta,188b,Monteleone - Santa Rosalia,Municipalidadi de Pirri/Municipalit? di Pirri
301811645,Via Alberto Riva Villasanta,183,Monteleone - Santa Rosalia,Municipalidadi de Pirri/Municipalit? di Pirri
301811689,Via Legnano,177,Monteleone - Santa Rosalia,Municipalidadi de Pirri/Municipalit? di Pirri
301811691,Via Alberto Riva Villasanta,146,Monteleone - Santa Rosalia,Municipalidadi de Pirri/Municipalit? di Pirri
301811694,Via Alberto Riva Villasanta,157,Monteleone - Santa Rosalia,Municipalidadi de Pirri/Municipalit? di Pirri
301811696,Via Alberto Riva Villasanta,118,Monteleone - Santa Rosalia,Municipalidadi de Pirri/Municipalit? di Pirri
301811698,Via Alberto Riva Villasanta,107,Monteleone - Santa Rosalia,Municipalidadi de Pirri/Municipalit? di Pirri
301811701,Via Alberto Riva Villasanta,68a,Monteleone - Santa Rosalia,Municipalidadi de Pirri/Municipalit? di Pirri
301811703,Via Alberto Riva Villasanta,30,Monteleone - Santa Rosalia,Municipalidadi de Pirri/Municipalit? di Pirri
301811704,Via Alberto Riva Villasanta,3,Monteleone - Santa Rosalia,Municipalidadi de Pirri/Municipalit? di Pirri
301811709,Via Giuseppe Biasi,1,,Fonsarda
301813602,Via dei Grilli,6,Monteleone - Santa Rosalia,Municipalidadi de Pirri/Municipalit? di Pirri
301813603,Via delle Rane,,Monteleone - Santa Rosalia,Municipalidadi de Pirri/Municipalit? di Pirri
301813899,Via Guglielmo Marconi,107,,Genneruxi
301814091,Asse Mediano di Scorrimento,,,Quartiere Europeo
301814100,Asse Mediano di Scorrimento,,,Sant'Alenixedda
301814173,Asse Mediano di Scorrimento,,,CEP
301814334,Asse Mediano di Scorrimento,,,Genneruxi
302124745,SS195racc,,,Sant'Avendrace-Santa Gilla
302126026,Via Po,6,,Sant'Avendrace-Santa Gilla
302126068,Via Simeto,3,,Sant'Avendrace-Santa Gilla
302126177,Via Is Maglias,39b,,Sant'Avendrace-Santa Gilla
302132030,Piazza San Michele,8,,San Michele
302132045,Via Trincea delle Frasche,130B,,San Michele
302132074,Via Is Mirrionis,93b,,Is Mirrionis
302132174,Via Capitanata,25,,Is Mirrionis
302132176,Via Campania,41,,Is Mirrionis
302132178,Via Campania,4,,Is Mirrionis
302132184,Via Liguria,106,,Is Mirrionis
302132234,Via Dalmazia,1,,La Vega
302132236,Via Liguria,20,,La Vega
302132288,Via Romagna,17,,La Vega
302132296,Via Romagna,21,,La Vega
302132298,Viale Francesco Ciusa,1,,Fonsarda
302132358,Viale Francesco Ciusa,DAL 69 B AL,,Fonsarda
302132369,Via dei Donoratico,63,,Fonsarda
302132399,Via del Nastro Azzurro,1a,,Fonsarda
3023818341,Via dei Valenzani,,,Fonsarda
3023818342,Via dei Valenzani,,,Fonsarda
3026165286,Via Molo Sant'Agostino,,,Stampaxi/Stampace
302742075,Vico Terzo di Via San Giovanni,1,,Biddanoa/Villanova
302742076,Via San Giovanni,116,,Biddanoa/Villanova
302742078,Via San Giovanni,177,,Biddanoa/Villanova
302742079,Via San Giovanni,183,,Biddanoa/Villanova
302742080,Vico Settimo di Via San Giovanni,1,,Biddanoa/Villanova
302742081,Via Giardini,238,,Biddanoa/Villanova
302742083,Via San Giovanni,296,,Biddanoa/Villanova
302742084,Via San Mauro,2,,Biddanoa/Villanova
302742086,Via San Giovanni,393,,Biddanoa/Villanova
302742088,Via Marche,16,,Biddanoa/Villanova
302742089,Via Ottone Bacaredda,168a,,La Vega
302742090,Via San Vetrano,2,,Sant'Alenixedda
302742091,Via Ottone Bacaredda,152,,Biddanoa/Villanova
302742094,Via La Vega,20,,La Vega
302742096,Via Canavese,9,,La Vega
302742099,Via La Vega,10,,La Vega
302742101,Via Molise,67,,Is Mirrionis
302742102,Via Trentino,22,,La Vega
302742103,Via Istria,25,,La Vega
302742104,Via Molise,28,,La Vega
302742105,Via Dalmazia,25,,La Vega
302742106,Via Molise,3,,La Vega
302742110,Via Trentino,21,,Is Mirrionis
302742112,Via Trentino,28,,La Vega
302742113,Via Trentino,12,,La Vega
302742115,Via Liguria,88,,Is Mirrionis
302742118,Via Istria,49,,La Vega
302742119,Via Umbria,51,,La Vega
302742120,Via Piemonte,16,,La Vega
302742127,Viale San Vincenzo,1,,La Vega
302742136,Via Lazio,23,,La Vega
302742137,Via Canavese,1,,La Vega
302742138,Via Istria,37,,La Vega
302742139,Via Umbria,20b,,La Vega
302742140,Via Lombardia,1,,La Vega
302742141,Via Liguria,66c,,La Vega
302742142,Via Umbria,1,,La Vega
302742145,Piazza d'Armi,,,Is Mirrionis
302742151,Via Giardini,160a,,Biddanoa/Villanova
302742153,Via Giardini,89a,,Biddanoa/Villanova
302742154,Vico Ottavo di Via San Giovanni,12,,Biddanoa/Villanova
302742156,Via Giardini,37,,Biddanoa/Villanova
302742158,Via San Saturnino,32,,Biddanoa/Villanova
302742163,Via San Saturnino,56,,La Vega
302742164,Via Tristani,14,,Biddanoa/Villanova
302742166,Vico Ottavo di Via San Giovanni,2,,Biddanoa/Villanova
302742169,Via San Mauro,54,,Biddanoa/Villanova
302742171,Via Ozieri,28,,Biddanoa/Villanova
302742177,Piazza Giuseppe Garibaldi,4,,Biddanoa/Villanova
302742179,Via Bosa,13,,Biddanoa/Villanova
302742180,Via Bosa,17,,Biddanoa/Villanova
302742185,,,,Biddanoa/Villanova
302742192,Via Antonio Giovanni Piccioni,55,,Biddanoa/Villanova
302742193,Via Antonio Giovanni Piccioni,66,,Biddanoa/Villanova
302742195,Piazza San Giacomo,,,Biddanoa/Villanova
302742201,Vico Terzo di Via San Giovanni,12,,Biddanoa/Villanova
302742208,Via San Vetrano,9,,Sant'Alenixedda
302742211,Via Giudicessa Vera,4,,Sant'Alenixedda
302742217,Via Giudicessa Vera,3a,,Sant'Alenixedda
302742221,Via Giudice Guglielmo,60,,Fonsarda
302742222,Via Giudice Mariano,29,,Fonsarda
302742223,Via Giudice Mariano,65,,Fonsarda
302742224,Piazza Giudicessa Elena,2,,Fonsarda
302742225,Piazza Giudicessa Elena,1,,Fonsarda
302742228,Via Don Riccardo Macchioni,,,Sant'Alenixedda
302742229,Via Baldassarre Castiglione,60,,Sant'Alenixedda
302742230,Via Giovanni Capula,4g,,Fonsarda
302742231,Via dei Donoratico,25,,Fonsarda
302742232,Via Giovanni Capula,22,,Fonsarda
302742233,Via Rocco Cappellino,2,,Fonsarda
302742234,Via Giovanni Capula,11,,Fonsarda
302742235,Via Andrea Galassi,2,,Fonsarda
302742236,Via Giovanni Capula,32,,Fonsarda
302742237,Via Giuseppe Biasi,,,Fonsarda
302742239,Via Giuseppe Biasi,25,,Fonsarda
302742240,Via del Platano,2,,Fonsarda
302742241,Via Salvatore Rosa,28,,Fonsarda
302742244,Via Salvatore Rosa,31,,Fonsarda
302742246,Via Salvatore Rosa,6,,Fonsarda
302742247,Via Salvatore Rosa,6,,Fonsarda
302742248,Via Gabriello Chiabrera,22,,Fonsarda
302742249,Via del Platano,2,,Fonsarda
302742250,Via Felice Melis Marini,10,,Fonsarda
302742251,Via Guantino Cavallino,1,,Fonsarda
302742252,Via Guantino Cavallino,42,,Fonsarda
302742255,Via Salvatore Rosa,,,Fonsarda
302742256,Via San Carlo Borromeo,2,,Fonsarda
302742257,Via San Carlo Borromeo,14a,,Fonsarda
302742258,Via Antioco Mainas,5b,,Fonsarda
302742260,Via Saverio Belgrano,5,,Fonsarda
302742261,Via Andrea Galassi,8,,Fonsarda
302742262,Via Filippo Figari,13,,Fonsarda
302742264,Via Filippo Figari,5,,Fonsarda
302742265,Via Filippo Figari,,,Fonsarda
302742266,,,,Fonsarda
302742270,,,,Fonsarda
302742274,,,,Fonsarda
302742278,,,,Fonsarda
302742280,Via Evangelista Torricelli,3,Monteleone - Santa Rosalia,Municipalidadi de Pirri/Municipalit? di Pirri
302742283,Via Evangelista Torricelli,3,Monteleone - Santa Rosalia,Municipalidadi de Pirri/Municipalit? di Pirri
302742294,Via Gabriello Chiabrera,10,,Fonsarda
302742299,Via Gabriello Chiabrera,,,Fonsarda
302742308,Via Evangelista Torricelli,6,,CEP
302742309,Via Evangelista Torricelli,2,,CEP
302742310,Via Flavio Gioia,,,CEP
302742311,Via del Nastro Azzurro,2,,Fonsarda
302742312,Via dei Visconti,,,Fonsarda
302742313,Via dei Visconti,65,,Fonsarda
302742314,Via Giudice Costantino,33,,Fonsarda
302742315,Via dei Visconti,4,,Fonsarda
302742316,Via dei Giudicati,58,,Fonsarda
302742321,Via Marche,14,,La Vega
302742322,Via Piceno,8,,Biddanoa/Villanova
302742339,Piazza Papa Giovanni Ventitreesimo,,,Sant'Alenixedda
302742341,Via Matteo Maria Boiardo,51,,Sant'Alenixedda
302742343,Via Carlo Goldoni,22,,Sant'Alenixedda
302742346,Via Giovanni Boccaccio,2,,Sant'Alenixedda
302742348,Via Nicol? Tommaseo,14c,,Sant'Alenixedda
302742349,Via Nicol? Tommaseo,2,,Sant'Alenixedda
302742350,Via Nicol? Machiavelli,23,,Sant'Alenixedda
302742351,Via Pietro Cavaro,21a,,Sant'Alenixedda
302742352,Via Nicol? Machiavelli,95,,Sant'Alenixedda
302742353,Via Paolo Sarpi,1,,Sant'Alenixedda
302742354,Via Nicol? Machiavelli,132,,Sant'Alenixedda
302742355,Via Nicol? Machiavelli,142,,Sant'Alenixedda
302742358,Via Baldassarre Castiglione,27,,Fonsarda
302742360,Via Matteo Bandello,13,,Fonsarda
302742361,Via Baldassarre Castiglione,47,,Fonsarda
302742364,Via Pietro Bembo,3,,Fonsarda
302742365,Via Pietro Bembo,2,,Fonsarda
302742367,Via Baldassarre Castiglione,49,,Fonsarda
302742368,Via Flavio Gioia,117,,CEP
302742369,Via Archimede,2,,CEP
302742372,Piazza Papa Giovanni Ventitreesimo,8,,Sant'Alenixedda
302742373,Piazza Papa Giovanni Ventitreesimo,25,,Sant'Alenixedda
302742374,Via Leon Battista Alberti,2,,Sant'Alenixedda
302742375,Via Matteo Maria Boiardo,1,,Sant'Alenixedda
302742376,Via Giovanni Pascoli,53,,Sant'Alenixedda
302742377,Piazza Michelangelo,,,Sant'Alenixedda
302742379,Via Gioachino Rossini,48c,,Sant'Alenixedda
302742380,Via Arrigo Boito,28,,Sant'Alenixedda
302742381,Via Arrigo Boito,31,,Sant'Alenixedda
302742382,Via Genneruxi,9,,Genneruxi
302742384,Via Gioachino Rossini,59,,Sant'Alenixedda
302742385,Via San Benedetto,24b,,Sant'Alenixedda
302742387,Via Alfredo Catalani,43,,San Benedetto
302742388,Via Domenico Cimarosa,145,,San Benedetto
302742389,Via Amilcare Ponchielli,2,,Genneruxi
302742390,Via Domenico Cimarosa,121,,San Benedetto
302742391,Via Vincenzo Bellini,73,,San Benedetto
302742395,Via Carlo Goldoni,76,,Sant'Alenixedda
302742396,Via Giuseppe Giusti,11,,Sant'Alenixedda
302742398,Via Pietro Cavaro,40,,Sant'Alenixedda
302742400,Via Francesco Salaris,17,,Sant'Alenixedda
302742402,Via Ugo Foscolo,59,,Sant'Alenixedda
302742405,Via Ettore Pais,13,,Sant'Alenixedda
302742406,Via Enrico Costa,28,,Sant'Alenixedda
302742407,Via Pierluigi da Palestrina,72,,Sant'Alenixedda
302742408,Via Pierluigi da Palestrina,28a,,Sant'Alenixedda
302742410,Via Antonio Scano,102,,Monte Urpinu
302742411,Via Enrico Carboni Boi,,,Monte Urpinu
302742412,Via Enrico Carboni Boi,,,Monte Urpinu
302742413,Via Giovanni Battista Tuveri,132,,Monte Urpinu
302742414,Via dei Conversi,,,Genneruxi
302742416,Via dei Conversi,7,,Monte Urpinu
302742417,Via dei Conversi,11,,Monte Urpinu
302742418,Via dell'Abbazia,,,Genneruxi
302742419,Via dell'Abbazia,27,,Genneruxi
302742420,Via Francoforte,2,,Genneruxi
302742424,Via Giuseppe Sanna Randaccio,76,,Monte Urpinu
302742425,Via Antonio Scano,72,,Monte Urpinu
302742426,Via Pasquale Cugia,26,,Monte Urpinu
302742427,Via Giuseppe Sanna Randaccio,12,,Monte Urpinu
302742428,Via Efisio Marini,9,,Monte Urpinu
302742429,Via Antonio Scano,22,,Monte Urpinu
302742430,,,,Monte Urpinu
302742432,Via Antonio Scano,6,,Monte Urpinu
302742434,Via Antonio Scano,2,,Monte Urpinu
302742435,Via Antonio Scano,1,,Monte Urpinu
302742437,Via Giovanni Dexart,1,,Monte Urpinu
302742438,Via Messina,42,,Bonaria
302742443,Via dei Fenicotteri,2,,Monte Mixi
302742444,Via della Pineta,112,,Monte Mixi
302742445,Piazza Salvatore Cambosu,3,,Bonaria
302742446,Via Filippo Vivanet,1,,Bonaria
302742447,Via Filippo Vivanet,2,,Bonaria
302742450,Largu/Largo Patrizio Gennari,3,,Genneruxi
302742451,Via Pietro Mascagni,8,,Genneruxi
302742454,Via Nicol? Paganini,26,,Genneruxi
302742457,Via Amilcare Ponchielli,20,,Genneruxi
302742459,Via Amilcare Ponchielli,39,,Genneruxi
302742461,Via Pietro Mascagni,17,,Genneruxi
302742464,Via Alessandro Scarlatti,2,,Genneruxi
302742466,Via Pietro Mascagni,25,,Genneruxi
302742468,Via Luigi Canepa,13,,Genneruxi
302742470,Via Claudio Monteverdi,16,,Genneruxi
302742471,Via Ruggero Leoncavallo,7,,Genneruxi
302742475,Via Luigi Canepa,23,,Genneruxi
302742477,Via Claudio Monteverdi,47,,Genneruxi
302742479,Via Luigi Canepa,38,,Genneruxi
302742889,Via Stanislao Caboni,2,,Bonaria
302742905,Via Perugia,12,,Bonaria
302742910,Via Antonio Bresciani,30,,Bonaria
302742911,Via Antonio Scano,102,,Monte Urpinu
302742917,Via Michele Antonio Gazano,1,,Monte Urpinu
302742918,Via Salvatore Vidal,1,,Monte Urpinu
302742919,Via Pasquale Cugia,48,,Monte Urpinu
302742923,Via Antonio Scano,81,,Monte Urpinu
302742925,Via Antonio Scano,89,,Monte Urpinu
302742927,Largu/Largo Patrizio Gennari,,,Genneruxi
302742928,Via Pasquale Cugia,,,Monte Urpinu
302742931,Via Arrigo Solmi,50,,Monte Urpinu
302742932,Via Salvatore Vidal,2,,Monte Urpinu
302742935,Via Salvatore Vidal,,,Monte Urpinu
302742938,Via Arrigo Solmi,1,,Monte Urpinu
302742940,Via della Pineta,20a,,Monte Urpinu
302742941,Via Arrigo Solmi,15,,Monte Urpinu
302742942,Via Enrico Besta,3,,Monte Urpinu
302742944,Via Enrico Besta,13,,Monte Urpinu
302742945,Via Arrigo Solmi,30,,Monte Urpinu
302742948,Via Antonio Scano,6,,Monte Urpinu
302742949,Via Vittorio Angius,19,,Monte Urpinu
302742950,Via Filippo Garavetti,13,,Monte Urpinu
302742962,Viale Europa,6,,Monte Urpinu
302742984,Via dei Colombi,31,,Monte Mixi
302742985,Via Filippo Garavetti,,,Monte Urpinu
302742987,Via Filippo Garavetti,18,,Monte Urpinu
302742988,Via Agostino di Castelv?,12,,Monte Urpinu
302742989,Via Salvatore Vidal,3,,Monte Urpinu
302742990,Via Agostino di Castelv?,4,,Monte Urpinu
302742991,Via Vittorio Angius,2,,Monte Urpinu
302743001,Via Francoforte,16,,Genneruxi
302743002,Via Francoforte,18,,Genneruxi
302743003,Via Sant'Anania,2,,Genneruxi
302743004,Via dell'Abbazia,2,,Genneruxi
302743005,Via dei Vittorini,1,,Genneruxi
302743006,Via San Giuliano,1,,Genneruxi
302743008,Via San Giuliano,18,,Genneruxi
302743009,Via del Priorato,1,,Genneruxi
302743010,Via dei Vittorini,9,,Genneruxi
302743012,Via dei Vittorini,13,,Genneruxi
302743015,Via dei Vittorini,1,,Genneruxi
302743020,Via dei Vittorini,24,,Genneruxi
302743027,Via Stoccolma,,,Genneruxi
302743029,Via Stoccolma,2,,Genneruxi
302743031,Via Atene,1,,Genneruxi
302743032,Via Atene,16,,Genneruxi
302743034,Via Atene,29,,Genneruxi
302743037,Via Berna,15,,Genneruxi
302743045,Via Copenaghen,4,,Genneruxi
302743046,Via Bucarest,6,,Genneruxi
302743050,Via Nizza,26,,Genneruxi
302743052,Via dell'Abbazia,31,,Genneruxi
302743068,Via Costantinopoli,63,,Genneruxi
302743069,Via Costantinopoli,40,,Genneruxi
302743070,Via San Marino,18,,Genneruxi
302743071,Via Costantinopoli,50,,Genneruxi
302743072,Via Belgrado,13,,Genneruxi
302743073,Via Luigi Galvani,43,,Genneruxi
302743074,Via Luigi Galvani,52,,Genneruxi
302743075,Via Helsinki,2,,Genneruxi
302743076,Via Cettigne,37,,Genneruxi
302743079,Via Tel Aviv,1,,Genneruxi
302743080,Via Luigi Galvani,55,,Genneruxi
302743084,Via Tel Aviv,9,,Genneruxi
302743085,Via Tel Aviv,27,,Genneruxi
302743087,Via Andorra,1,,Genneruxi
302743396,Via Berlino,1,,Genneruxi
302743404,Asse Mediano di Scorrimento,,,Genneruxi
302743416,Ruga/Via Margherita Hack,,,Poetto-Medau su Cramu
302743431,Via Berlino,14,,Genneruxi
302743433,Asse Mediano di Scorrimento,,,Genneruxi
302743440,Via Berlino,10,,Genneruxi
302743441,Asse Mediano di Scorrimento,,,Genneruxi
302743447,Asse Mediano di Scorrimento,,,Genneruxi
302743452,Ruga/Via Margherita Hack,,,Genneruxi
302743457,Ruga/Via Margherita Hack,,,Genneruxi
302743545,Ruga-Via Giovanni Fabrizio Bignami,,Terram?ini - Is Bingias,Municipalidadi de Pirri/Municipalit? di Pirri
302743548,Via Guglielmo Marconi,,Terram?ini - Is Bingias,Municipalidadi de Pirri/Municipalit? di Pirri
302964121,Pista ciclabile Terramaini,,,Poetto-Medau su Cramu
302964126,Asse Mediano di Scorrimento,,,Poetto-Medau su Cramu
302964128,Via dei Conversi,48,,Genneruxi
302964135,Via dei Conversi,114,,Genneruxi
302964139,Via degli Oblati,1,,Genneruxi
302964144,Via dei Conversi,,,Genneruxi
302964145,Via dei Conversi,,,Monte Urpinu
302964146,Via dei Conversi,,,Monte Urpinu
302964147,Via dei Conversi,,,Monte Urpinu
302964149,Via dei Conversi,,,Monte Urpinu
302964151,Via Is Guadazzonis,,,Monte Urpinu
302964152,Via Is Guadazzonis,10,,Monte Urpinu
302964154,Via Is Guadazzonis,6,,Monte Urpinu
302964155,Via Pietro e Maria Curie,1,,Monte Mixi
302964157,Via dei Colombi,42,,Monte Urpinu
302964160,Via della Pineta,135,,Bonaria
302964172,Pista ciclabile Terramaini,,,Poetto-Medau su Cramu
302964180,Via Alexander Fleming,,,Monte Mixi
302964184,,,,Monte Mixi
302964191,Via Marcello Malpighi,2,,Monte Mixi
302964192,Via Marcello Malpighi,7,,Monte Mixi
302964193,Via Generale Stefano Cagna,31,,Monte Mixi
302964195,Via Corsica,21,,Monte Mixi
302964205,Via Pietro e Maria Curie,,,Monte Mixi
302964206,Via Generale Stefano Cagna,11a,,Monte Mixi
302964208,Piazza Giovanni Garau,,,Monte Mixi
302964209,Via Guido Baccelli,19,,Monte Mixi
302964210,Via Louis Pasteur,1,,Monte Mixi
302964214,Via Generale Stefano Cagna,,,Monte Mixi
302964218,Via Generale Stefano Cagna,36,,Monte Mixi
302964220,Via Albert Einstein,2,,Monte Mixi
302964221,Via Charles Darwin,2,,Monte Mixi
302964222,Via Gerolamo Fracastoro,5,,Monte Mixi
302964223,Via Gerolamo Fracastoro,14,,Monte Mixi
302964227,Piazza Giovanni Garau,,,Monte Mixi
302964228,Via Sigmund Freud,11,,Monte Mixi
302964229,Via Alexander Fleming,2,,Monte Mixi
302964236,Via dei Salinieri,23,,Monte Mixi
302964237,Via Sigmund Freud,2,,Monte Mixi
302964244,Via Milano,107,,Bonaria
302964245,Via Venezia,1,,Monte Mixi
302964248,Via della Pineta,255,,Monte Mixi
302964249,Via Venezia,2,,Monte Mixi
302964250,Via Venezia,23,,Monte Mixi
302964251,Via Corsica,16,,Monte Mixi
302964252,Via Mestre,29,,Monte Mixi
302964253,Via Is Guadazzonis,23,,Monte Mixi
302964254,Via Aosta,2,,Bonaria
302964255,Via Messina,,,Bonaria
302964256,Via Bolzano,1,,Bonaria
302964257,Via Palermo,1,,Bonaria
302964259,Via Firenze,2,,Bonaria
302964260,Via Messina,11,,Bonaria
302964261,Via dei Falconi,2,,Bonaria
302964262,Via degli Astori,1,,Bonaria
302964263,Via dei Falconi,41,,Bonaria
302964265,Via Lucca,8a,,Bonaria
302964267,Via dei Gabbiani,16,,Bonaria
302964268,Via Arezzo,4a,,Bonaria
302964269,Via Arezzo,2,,Bonaria
302964270,Via Firenze,26,,Bonaria
302964272,Via Livorno,5,,Bonaria
302964273,Via Siracusa,5,,Bonaria
302964274,Via Catania,7,,Monte Mixi
302964275,Via Catania,,,Monte Mixi
302964276,Via Aosta,17,,Bonaria
302964278,Via Cuneo,1,,Bonaria
302964279,Via Cuneo,2,,Bonaria
302964284,Via Milano,7,,Bonaria
302964287,Via Ancona,9,,Bonaria
302964289,Traversa di Via Ancona,,,Bonaria
302964290,Via Ancona,12,,Bonaria
302964294,Via Perugia,2,,Bonaria
302964295,Via Bari,8,,Bonaria
302964296,Via Genova,2,,Bonaria
302964301,Viale Bonaria,,,Bonaria
302964305,Via Milano,2,,Bonaria
302964309,Via Ravenna,10,,Bonaria
302964310,Via Ravenna,17,,Bonaria
302964314,Via Grosseto,2,,Bonaria
302964315,Via Rimini,15,,Bonaria
302964321,Asse Mediano di Scorrimento,,,Bonaria
302964322,Via Cristoforo Colombo,52,,Bonaria
302964332,Asse Mediano di Scorrimento,,,Bonaria
302964333,Asse Mediano di Scorrimento,,,Bonaria
302964335,Viale Salvatore Ferrara,,,Bonaria
302964347,Via Dante Alighieri,2,,Bonaria
302964348,Viale Cimitero,33,,Bonaria
302964678,Via Monte Claro,,,Is Mirrionis
302964685,Via Cornalias,2,,Is Mirrionis
302964698,Via del Seminario,1,,Is Mirrionis
302964699,Via Monsignor Antonio Parragues,1,,Is Mirrionis
302964708,Via Monsignor Antonio Parragues,21,,Is Mirrionis
302964713,Via Monsignor Antonio Parragues,6g,,Is Mirrionis
302964714,Via Monsignor Antonio Parragues,7a,,Is Mirrionis
302964715,Via Agostino Pipia,2,,Is Mirrionis
302964718,Via Monsignor Ernesto Maria Piovella,18a,,Is Mirrionis
302964719,Via Quintino Sella,98,,Is Mirrionis
302964720,Via Quintino Sella,62,,Is Mirrionis
302964721,Via Quintino Sella,60,,Is Mirrionis
302964727,Via Monsignor Antonio Parragues,6e,,Is Mirrionis
302964730,Via Monsignor Ernesto Maria Piovella,57d,,Is Mirrionis
302964732,Via Enrico Serpieri,,,Is Mirrionis
302964739,Via La Nurra,75,,Is Mirrionis
302964740,Via Quirra,1,,Is Mirrionis
302964746,Via Seruci,2,,Is Mirrionis
302964748,Via Buggerru,2,,Is Mirrionis
302964753,Via Barbusi,2,,Is Mirrionis
302964757,Via Malfidano,7,,Is Mirrionis
302964759,Via Malfidano,2,,Is Mirrionis
302964761,Via Fontana Raminosa,13,,Is Mirrionis
302964764,Via Nebida,1,,Is Mirrionis
302964766,Via Ogliastra,25,,Is Mirrionis
302964768,Via Baronia,13,,Is Mirrionis
302964773,Via Ingurtosu,8,,Is Mirrionis
302964776,Via Ingurtosu,2,,Is Mirrionis
302964778,Via Ingurtosu,16,,Is Mirrionis
302964784,Via Argentiera,34,,Is Mirrionis
302964786,Via Quintino Sella,75,,Is Mirrionis
302964794,Via Ciociaria,17,,Is Mirrionis
302964798,Via Quirra,3,,Is Mirrionis
302964799,Via Val Venosta,,,Is Mirrionis
302964800,Via Is Mirrionis,94,,Is Mirrionis
302964805,Via Timavo,33,,Tuvixeddu-Tuvumannu
302964806,Via Timavo,15a,,Tuvixeddu-Tuvumannu
302964807,Via Redipuglia,104,,Tuvixeddu-Tuvumannu
302964808,Via Trincea dei Razzi,77,,Is Mirrionis
302964810,Via Timavo,39,,Tuvixeddu-Tuvumannu
302964811,Via Timavo,39,,Tuvixeddu-Tuvumannu
302964812,Via Monte Santo,,,Tuvixeddu-Tuvumannu
302964813,Via Timavo,39,,Tuvixeddu-Tuvumannu
302964814,Via Timavo,39,,Tuvixeddu-Tuvumannu
302964815,Via Ogliastra,,,Is Mirrionis
302964819,Via Tonale,12,,Is Mirrionis
302964820,Via Trincea dei Razzi,76,,Is Mirrionis
302964821,Via Doberd?,107,,Is Mirrionis
302964823,Via Monte Santo,21,,Is Mirrionis
302964824,Via Trincea dei Razzi,75,,Is Mirrionis
302964825,Via Doberd?,50,,Is Mirrionis
302964826,Via Montenero,2,,Tuvixeddu-Tuvumannu
302964830,Via Monte Santo,84,,Tuvixeddu-Tuvumannu
302965974,Via Trincea dei Razzi,52,,Is Mirrionis
302965975,Via Monfalcone,2g,,Is Mirrionis
302965976,Via Monfalcone,49,,Tuvixeddu-Tuvumannu
302965979,Via Redipuglia,52,,San Michele
302965980,Via Redipuglia,64a,,Is Mirrionis
302965981,Via Monte Sabotino,87,,Is Mirrionis
302965982,Via Doberd?,40,,Is Mirrionis
302965983,Via Redipuglia,118,,Tuvixeddu-Tuvumannu
302965985,Via Argonne,5,,Tuvixeddu-Tuvumannu
302965986,Via Is Maglias,83,,Sant'Avendrace-Santa Gilla
302965989,Via Col D'Echele,8,,Tuvixeddu-Tuvumannu
302965999,Via dei Punici,5,,Tuvixeddu-Tuvumannu
302966001,Via Is Maglias,194,,Tuvixeddu-Tuvumannu
302966005,Via Monte Grappa,124b,,Sant'Avendrace-Santa Gilla
302966006,Via Is Maglias,14,,San Michele
302966007,Via Hermada,39,,Sant'Avendrace-Santa Gilla
302966008,Via San Michele,69,,San Michele
302966009,Via Col di Lana,11,,Sant'Avendrace-Santa Gilla
302966010,Via Pasubio,15b,,Sant'Avendrace-Santa Gilla
302966011,Via Brigata Sassari,1,,Is Mirrionis
302966013,Via Trincea dei Razzi,16,,Is Mirrionis
302966014,Via Monte Sabotino,63,,Is Mirrionis
302966015,Via Brigata Sassari,18,,Is Mirrionis
302966016,Via Montello,40,,Sant'Avendrace-Santa Gilla
302966017,Via Montello,53,,Sant'Avendrace-Santa Gilla
302966018,Via Ciociaria,2,,Is Mirrionis
302966019,Via Trincea dei Razzi,2,,Is Mirrionis
302966021,Via Monte Grappa,8,,Sant'Avendrace-Santa Gilla
302966022,Via Monte Sabotino,10e,,Sant'Avendrace-Santa Gilla
302966023,Via Monte Grappa,65,,Sant'Avendrace-Santa Gilla
302966025,Via Col del Rosso,1,,Sant'Avendrace-Santa Gilla
302966026,Via Col di Lana,14,,Sant'Avendrace-Santa Gilla
302966027,Via Monte Sabotino,23b,,Sant'Avendrace-Santa Gilla
302966029,Viale Trento,,,Sant'Avendrace-Santa Gilla
302966030,Viale Trento,98,,Sant'Avendrace-Santa Gilla
302966031,Viale Trento,84,,Sant'Avendrace-Santa Gilla
302966033,Via Zara,2,,Sant'Avendrace-Santa Gilla
302966034,Via Vittorio Veneto,93,,Sant'Avendrace-Santa Gilla
302966035,Via Falzarego,4,,Sant'Avendrace-Santa Gilla
302966037,Via Falzarego,28,,Sant'Avendrace-Santa Gilla
302966038,Via Vittorio Veneto,1,,Tuvixeddu-Tuvumannu
302966039,Via Vittorio Veneto,69b,,Tuvixeddu-Tuvumannu
302966040,Via Vittorio Veneto,63,,Tuvixeddu-Tuvumannu
302966045,Via Gorizia,20,,Tuvixeddu-Tuvumannu
302966059,Via Oslavia,6,,Tuvixeddu-Tuvumannu
302966061,Via Vittorio Veneto,26,,Tuvixeddu-Tuvumannu
302966064,Via Carso,2,,Tuvixeddu-Tuvumannu
302966065,Via Valsugana,2,,Tuvixeddu-Tuvumannu
302966066,Viale Luigi Merello,68,,Tuvixeddu-Tuvumannu
302966067,Via Bainsizza,23,,Tuvixeddu-Tuvumannu
302966070,Via Gorizia,2,,Tuvixeddu-Tuvumannu
302966071,Via Sant'Ignazio da Laconi,62,,Stampaxi/Stampace
302966074,Viale Luigi Merello,47,,Stampaxi/Stampace
302966076,Via Oslavia,7,,Tuvixeddu-Tuvumannu
302966091,Via Peschiera,5,,Tuvixeddu-Tuvumannu
302966092,Via Is Mirrionis,18,,Tuvixeddu-Tuvumannu
302966093,Via Goito,6,,Tuvixeddu-Tuvumannu
302966094,Via Pastrengo,2,,Tuvixeddu-Tuvumannu
302966095,Via Goito,44,,Tuvixeddu-Tuvumannu
302966096,Via Pastrengo,10,,Tuvixeddu-Tuvumannu
302966097,Via Pastrengo,11,,Tuvixeddu-Tuvumannu
302966098,Via Montenotte,10,,Tuvixeddu-Tuvumannu
303202277,Via del Commercio,35,,Sant'Avendrace-Santa Gilla
303202283,Viale Elmas,101,,Sant'Avendrace-Santa Gilla
3042070152,Via San Giorgio,,,Stampaxi/Stampace
3042308445,Porta San Pancrazio,,,Stampaxi/Stampace
304576392,Via Giovanni Cinquini,21,,San Michele
304576393,Via Giovanni Cinquini,,,San Michele
304576399,Via Giovanni Cinquini,,,Is Mirrionis
304576401,,,,Is Mirrionis
304576403,Via Giovanni Cinquini,10,,Is Mirrionis
304576404,Via Giovanni Cinquini,13,,San Michele
304576406,,,,San Michele
304576459,Via Giovanni Cinquini,,,San Michele
304576473,Via Serbariu,,,Is Mirrionis
304576490,Via Bacu Abis,1,,Is Mirrionis
304576503,Via Cornalias,140,,San Michele
304576506,Via Aspromonte,26,,San Michele
304576509,Via Cornalias,197,,San Michele
304576513,Via Val Venosta,2,,Is Mirrionis
304576514,Via Pertusola,2,,San Michele
304576535,Via Mandrolisai,35,,Is Mirrionis
304576537,Via Mandrolisai,64,,San Michele
304576538,Via Mandrolisai,38a,,San Michele
304576540,Via Mandrolisai,25,,San Michele
304576541,Via Mandrolisai,2,,San Michele
304576545,Traversa Prima di Via Mandrolisai,30,,Is Mirrionis
304576546,Via Barbagia,11,,San Michele
304576549,Via Abruzzi,8,,San Michele
304576551,Via Emilia,39,,San Michele
304576553,Via Emilia,3,,San Michele
304576554,Via Is Mirrionis,199d,,San Michele
304576555,Via Gippi,1,,San Michele
304576556,Via Barigadu,2,,San Michele
304576557,Via Emilia,37,,San Michele
304576558,Via Emilia,,,San Michele
304576563,Via Abruzzi,6,,San Michele
304576564,Via Abruzzi,43,,San Michele
304576571,Via Premuda,14,,San Michele
304576577,Via Premuda,40,,San Michele
304576578,Via Premuda,6,,San Michele
304576579,Via Premuda,10a,,San Michele
304576580,Via Premuda,1,,San Michele
304576582,Via Bosco Cappuccio,43,,San Michele
304576583,Via Podgora,3,,San Michele
304576584,Via Ardenne,2,,San Michele
304576587,Via Tofane,22,,San Michele
304576588,Via Tofane,34,,San Michele
304578760,Via Aldo Marongiu,1,,San Michele
304578764,,,,San Michele
304578772,Via Aldo Marongiu,20,,San Michele
304578781,Via Aldo Marongiu,5,,San Michele
304578788,Via Aldo Marongiu,,,San Michele
304578792,Via Cornalias,,,Mulinu Becciu
304578796,Via Cornalias,150,,Mulinu Becciu
304578798,,,,Mulinu Becciu
304578799,Via Giotto,2,,Mulinu Becciu
304578800,Via Giotto,6,,Mulinu Becciu
304578805,Via Cornalias,221,,Mulinu Becciu
304578807,,,,Mulinu Becciu
304578809,,,,Mulinu Becciu
304578813,Piazza delle Muse,,,Mulinu Becciu
304578814,Piazza delle Muse,,,Mulinu Becciu
304578816,Via Piero della Francesca,,,Mulinu Becciu
304578819,Via Guido Cavallo,,,Mulinu Becciu
304578823,Via Gavino Dessy Deliperi,1,,Mulinu Becciu
304578827,Via Gavino Dessy Deliperi,9,,Mulinu Becciu
304578830,Via Gavino Dessy Deliperi,13b,,Mulinu Becciu
304578832,Via Beato Angelico,9,,Mulinu Becciu
304578833,Via Beato Angelico,2,,Mulinu Becciu
304578840,Via Piero della Francesca,,,Mulinu Becciu
304579940,Via Gherardo delle Notti,2,,Mulinu Becciu
304579989,Via Giuseppe Brotzu,,,Mulinu Becciu
304579993,Via Giuseppe Asquer,2,,Mulinu Becciu
304579996,Via Gherardo delle Notti,,,Mulinu Becciu
304580002,Via Mario De Martis,,,Mulinu Becciu
304580003,Via Gherardo delle Notti,8,,Mulinu Becciu
304580011,Via Gherardo delle Notti,10,,Mulinu Becciu
304580019,Via Gherardo delle Notti,14,,Mulinu Becciu
304580021,Viale Monastir,213,,Mulinu Becciu
304580027,Via Giuseppe Asquer,6,,Mulinu Becciu
304580034,Via Giuseppe Asquer,22,,Mulinu Becciu
304580036,Via Luigi Crespellani,2b,,Mulinu Becciu
304580037,Via Mario De Martis,1,,Mulinu Becciu
304580041,Via Roberto Binaghi,7,,Mulinu Becciu
304580043,Via Giuseppe Setzu,2,,Mulinu Becciu
304580055,Via Roberto Binaghi,4b,,Mulinu Becciu
304580059,Via Giambattista Tiepolo,1,,Mulinu Becciu
304580062,Via Tarquinio Sini,1,,Mulinu Becciu
304580064,Via Renzo Laconi,,,Mulinu Becciu
304580068,Via Luigi Crespellani,2,,Mulinu Becciu
304580074,Via Caravaggio,1,,Mulinu Becciu
304580076,Via Luigi Crespellani,4a,,Mulinu Becciu
304580086,Via Luigi Crespellani,11,,Mulinu Becciu
304580092,Piazza degli Sforza,8,,Mulinu Becciu
304580240,Via Luigi Contivecchi,,,Sant'Avendrace-Santa Gilla
304580241,Via Luigi Contivecchi,,,Sant'Avendrace-Santa Gilla
304580242,Via Luigi Contivecchi,,,Sant'Avendrace-Santa Gilla
304580244,Viale Monastir,157,,San Michele
304587520,Via dei Tigli,2,Villa Doloretta,Municipalidadi de Pirri/Municipalit? di Pirri
304587524,Via Montecassino,49,Villa Doloretta,Municipalidadi de Pirri/Municipalit? di Pirri
304587527,Via degli Ortolani,5,Villa Doloretta,Municipalidadi de Pirri/Municipalit? di Pirri
304587529,Via del Poggio,1,Villa Doloretta,Municipalidadi de Pirri/Municipalit? di Pirri
304587531,Via delle Lucciole,14,Villa Doloretta,Municipalidadi de Pirri/Municipalit? di Pirri
304587532,Via Montecassino,39,Villa Doloretta,Municipalidadi de Pirri/Municipalit? di Pirri
304587534,Via del Poggio,13,Villa Doloretta,Municipalidadi de Pirri/Municipalit? di Pirri
304587535,Via della Siepe,3,Villa Doloretta,Municipalidadi de Pirri/Municipalit? di Pirri
304587536,Via delle Lucciole,24b,Villa Doloretta,Municipalidadi de Pirri/Municipalit? di Pirri
304587538,Via delle Greggi,12,Villa Doloretta,Municipalidadi de Pirri/Municipalit? di Pirri
304587540,Via degli Ortolani,8,Villa Doloretta,Municipalidadi de Pirri/Municipalit? di Pirri
304587544,Via Vincenzo Cuoco,39b,Monteleone - Santa Rosalia,Municipalidadi de Pirri/Municipalit? di Pirri
304587547,Via Fratelli Bandiera,105,Monteleone - Santa Rosalia,Municipalidadi de Pirri/Municipalit? di Pirri
304587548,Via Famagosta,43a,Monteleone - Santa Rosalia,Municipalidadi de Pirri/Municipalit? di Pirri
304587550,Via Fratelli Bandiera,69,Monteleone - Santa Rosalia,Municipalidadi de Pirri/Municipalit? di Pirri
304587552,Via Fratelli Bandiera,62,Monteleone - Santa Rosalia,Municipalidadi de Pirri/Municipalit? di Pirri
304587554,Via Parteolla,41,Monteleone - Santa Rosalia,Municipalidadi de Pirri/Municipalit? di Pirri
304587555,Via Eroi d'Italia,41b,Monteleone - Santa Rosalia,Municipalidadi de Pirri/Municipalit? di Pirri
304587558,Via Masaniello,38,Monteleone - Santa Rosalia,Municipalidadi de Pirri/Municipalit? di Pirri
304587561,Via Parteolla,44,Monteleone - Santa Rosalia,Municipalidadi de Pirri/Municipalit? di Pirri
304587568,Via Parteolla,46a,Monteleone - Santa Rosalia,Municipalidadi de Pirri/Municipalit? di Pirri
304587571,Via Raimondo Montecuccoli,28,Monteleone - Santa Rosalia,Municipalidadi de Pirri/Municipalit? di Pirri
304587597,Via Santa Rosalia,2,Monteleone - Santa Rosalia,Municipalidadi de Pirri/Municipalit? di Pirri
304587598,Via Alberto Riva Villasanta,92,Monteleone - Santa Rosalia,Municipalidadi de Pirri/Municipalit? di Pirri
304587613,Via Edward Jenner,,,Is Mirrionis
304587617,Via Edward Jenner,,,Is Mirrionis
304587624,Via Edward Jenner,,,Is Mirrionis
304587634,Via Edward Jenner,,,Is Mirrionis
304587639,Via Edward Jenner,,,Is Mirrionis
304587648,Asse Mediano di Scorrimento,,,Is Mirrionis
304587650,Via Edward Jenner,,,Is Mirrionis
304587653,Via Edward Jenner,,,Is Mirrionis
304587657,Via Monsignor Giuseppe Cogoni,1,,Is Mirrionis
304587659,Via Monsignor Paolo Botto,8,,Is Mirrionis
304587661,Via Monsignor Paolo Botto,2,,Is Mirrionis
304587676,Via Robert Koch,28,,Is Mirrionis
304587680,Via Claudio Galeno,17,,San Michele
304587682,Via Edward Jenner,,,San Michele
304587684,Via Giovanni Cinquini,,,Is Mirrionis
304587744,,,,San Michele
304587748,Via Ippocrate,56,,Is Mirrionis
304588010,Via Alfonso Ligas,31,,San Michele
304590273,Via Renzo Laconi,14,,Mulinu Becciu
304590285,Viale Umberto Ticca,,,Mulinu Becciu
304591533,Strada Statale 554 Cagliaritana,,,Mulinu Becciu
304591541,Strada Statale 554 Cagliaritana,,,Mulinu Becciu
304591546,Strada Statale 554 Cagliaritana,,,Mulinu Becciu
304591579,Strada Statale 554 Cagliaritana,,,Sant'Avendrace-Santa Gilla
304591582,Strada Statale 131 Carlo Felice,,,Mulinu Becciu
304591593,Strada Statale 131 Carlo Felice,,,Sant'Avendrace-Santa Gilla
304591608,Strada Statale 131 Carlo Felice,,,Sant'Avendrace-Santa Gilla
304591626,Strada Statale 554 Cagliaritana,,,Sant'Avendrace-Santa Gilla
304594768,Via Vittorio De Sica,5,Is Campus,Municipalidadi de Pirri/Municipalit? di Pirri
304594775,Via degli Astri,19,Is Campus,Municipalidadi de Pirri/Municipalit? di Pirri
304594776,Via degli Astri,17,Is Campus,Municipalidadi de Pirri/Municipalit? di Pirri
304594777,Via degli Astri,15,Is Campus,Municipalidadi de Pirri/Municipalit? di Pirri
304594781,Via delle Magnolie,1,Is Campus,Municipalidadi de Pirri/Municipalit? di Pirri
304594783,Via Fratelli De Filippo,8,Is Campus,Municipalidadi de Pirri/Municipalit? di Pirri
304594785,Via delle Rose,41,Is Campus,Municipalidadi de Pirri/Municipalit? di Pirri
304594786,Via delle Rose,57,Is Campus,Municipalidadi de Pirri/Municipalit? di Pirri
304594787,Via del Prato,2,Is Campus,Municipalidadi de Pirri/Municipalit? di Pirri
304594793,Via Antonio Segni,138a,Is Campus,Municipalidadi de Pirri/Municipalit? di Pirri
304594795,Via Alberto Sordi,1,Is Campus,Municipalidadi de Pirri/Municipalit? di Pirri
304594796,Via Fratelli De Filippo,150,Is Campus,Municipalidadi de Pirri/Municipalit? di Pirri
304594797,Via dei Ciclamini,197,Is Campus,Municipalidadi de Pirri/Municipalit? di Pirri
304594799,Via Antonio Segni,173,Is Campus,Municipalidadi de Pirri/Municipalit? di Pirri
304594800,Via Antonio Segni,161,Is Campus,Municipalidadi de Pirri/Municipalit? di Pirri
304594801,Via Angelo Garau,1,Is Campus,Municipalidadi de Pirri/Municipalit? di Pirri
304594804,Via Ferruccio Barreca,,Is Campus,Municipalidadi de Pirri/Municipalit? di Pirri
304594805,Via Francesco Blanco,2,Is Campus,Municipalidadi de Pirri/Municipalit? di Pirri
304594806,Via Antonio Segni,85,Is Campus,Municipalidadi de Pirri/Municipalit? di Pirri
304594807,Via Cala Luna,2,Is Campus,Municipalidadi de Pirri/Municipalit? di Pirri
304594808,Via Sandro Pertini,,Is Campus,Municipalidadi de Pirri/Municipalit? di Pirri
304594810,Via delle Orchidee,24,Is Campus,Municipalidadi de Pirri/Municipalit? di Pirri
304594811,Via dei Fiori,12,Is Campus,Municipalidadi de Pirri/Municipalit? di Pirri
304594813,Via del Prato,25,Is Campus,Municipalidadi de Pirri/Municipalit? di Pirri
304594814,Via dei Fiori,26,Is Campus,Municipalidadi de Pirri/Municipalit? di Pirri
304594815,Via dei Fiori,34,Is Campus,Municipalidadi de Pirri/Municipalit? di Pirri
304594818,Via delle Agavi,50,Barracca Manna,Municipalidadi de Pirri/Municipalit? di Pirri
304594819,Via delle Agavi,28,Barracca Manna,Municipalidadi de Pirri/Municipalit? di Pirri
304594820,Via Is Seddas,21,Is Campus,Municipalidadi de Pirri/Municipalit? di Pirri
304594822,Via Is Seddas,42,Is Campus,Municipalidadi de Pirri/Municipalit? di Pirri
304594823,Via Erminio Macario,,Is Campus,Municipalidadi de Pirri/Municipalit? di Pirri
304594826,Via Riccardo Simonetti,6,Is Campus,Municipalidadi de Pirri/Municipalit? di Pirri
304594829,Via delle Api,10,Barracca Manna,Municipalidadi de Pirri/Municipalit? di Pirri
304594830,Via Ferruccio Caschili,1,Barracca Manna,Municipalidadi de Pirri/Municipalit? di Pirri
304594832,Via delle Agavi,52,Barracca Manna,Municipalidadi de Pirri/Municipalit? di Pirri
304594833,Via delle Agavi,39,Is Campus,Municipalidadi de Pirri/Municipalit? di Pirri
304594834,Via delle Agavi,28,Barracca Manna,Municipalidadi de Pirri/Municipalit? di Pirri
304594835,Via delle Agavi,35,Is Campus,Municipalidadi de Pirri/Municipalit? di Pirri
304594836,Via delle Agavi,27,Is Campus,Municipalidadi de Pirri/Municipalit? di Pirri
304594838,Via delle Agavi,17,Is Campus,Municipalidadi de Pirri/Municipalit? di Pirri
304594839,Via degli Ulivi,2,Is Campus,Municipalidadi de Pirri/Municipalit? di Pirri
304594840,Via delle Agavi,2,San Giuseppe - Santa Teresa - Parteolla,Municipalidadi de Pirri/Municipalit? di Pirri
304594841,Via dei Mandorli,5,Is Campus,Municipalidadi de Pirri/Municipalit? di Pirri
304594842,Via Domenica Bert?,1,Is Campus,Municipalidadi de Pirri/Municipalit? di Pirri
304594848,Via Luigi Tenco,,Is Campus,Municipalidadi de Pirri/Municipalit? di Pirri
304594851,Via Claudio Villa,17,Is Campus,Municipalidadi de Pirri/Municipalit? di Pirri
304594852,Via dei Mandorli,,Is Campus,Municipalidadi de Pirri/Municipalit? di Pirri
304594853,Via Claudio Villa,26,Is Campus,Municipalidadi de Pirri/Municipalit? di Pirri
304594854,Via Domenica Bert?,2,Is Campus,Municipalidadi de Pirri/Municipalit? di Pirri
304594858,Via Maria Carta,19,Is Campus,Municipalidadi de Pirri/Municipalit? di Pirri
304594870,Via Maria Carta,1,Is Campus,Municipalidadi de Pirri/Municipalit? di Pirri
304594879,Via degli Ulivi,22,Is Campus,Municipalidadi de Pirri/Municipalit? di Pirri
304594880,Via degli Ulivi,26,Is Campus,Municipalidadi de Pirri/Municipalit? di Pirri
304594889,Via Renato Carosone,7,Is Campus,Municipalidadi de Pirri/Municipalit? di Pirri
304594890,Via Renato Carosone,1,Is Campus,Municipalidadi de Pirri/Municipalit? di Pirri
304594901,Via delle Ginestre,48,San Giuseppe - Santa Teresa - Parteolla,Municipalidadi de Pirri/Municipalit? di Pirri
304594911,Via Calagonone,28,Is Campus,Municipalidadi de Pirri/Municipalit? di Pirri
304594912,Via Antonio Segni,31,Is Campus,Municipalidadi de Pirri/Municipalit? di Pirri
304594913,Via Antonio Segni,57,Is Campus,Municipalidadi de Pirri/Municipalit? di Pirri
304594914,Via Torre delle Stelle,2,Is Campus,Municipalidadi de Pirri/Municipalit? di Pirri
304594915,Via Santa Teresa di Gallura,29,Is Campus,Municipalidadi de Pirri/Municipalit? di Pirri
304594917,Via Giorgio De Chirico,2,Is Campus,Municipalidadi de Pirri/Municipalit? di Pirri
304594918,Via Santa Maria Goretti,61a,San Giuseppe - Santa Teresa - Parteolla,Municipalidadi de Pirri/Municipalit? di Pirri
304594919,Via Enrico Toti,206,San Giuseppe - Santa Teresa - Parteolla,Municipalidadi de Pirri/Municipalit? di Pirri
304594924,Via Antonio Sanna,17,San Giuseppe - Santa Teresa - Parteolla,Municipalidadi de Pirri/Municipalit? di Pirri
304594925,Via Enrico Berlinguer,9,San Giuseppe - Santa Teresa - Parteolla,Municipalidadi de Pirri/Municipalit? di Pirri
304594926,Via Santa Teresa di Gallura,1,San Giuseppe - Santa Teresa - Parteolla,Municipalidadi de Pirri/Municipalit? di Pirri
304594927,Via Santa Teresa di Gallura,12,Is Campus,Municipalidadi de Pirri/Municipalit? di Pirri
304594929,Via Santa Teresa di Gallura,18,Is Campus,Municipalidadi de Pirri/Municipalit? di Pirri
304594930,Via Giovanni Gronchi,,Is Campus,Municipalidadi de Pirri/Municipalit? di Pirri
304594931,Via Santa Teresa di Gallura,29,Is Campus,Municipalidadi de Pirri/Municipalit? di Pirri
304594937,Via Giancarlo Sorgia,5,Is Campus,Municipalidadi de Pirri/Municipalit? di Pirri
304594940,Via Cala Regina,18,Is Campus,Municipalidadi de Pirri/Municipalit? di Pirri
304594941,Via Is Campus,38,Is Campus,Municipalidadi de Pirri/Municipalit? di Pirri
304594943,Via Cala Luna,54,Is Campus,Municipalidadi de Pirri/Municipalit? di Pirri
304594944,Via Filippo Nissardi,23,Is Campus,Municipalidadi de Pirri/Municipalit? di Pirri
304594945,Via Cala Regina,8,Is Campus,Municipalidadi de Pirri/Municipalit? di Pirri
304594946,Via Cala Regina,10,Is Campus,Municipalidadi de Pirri/Municipalit? di Pirri
304594947,Via Evandro Putzulu,9,Is Campus,Municipalidadi de Pirri/Municipalit? di Pirri
304594949,Via Antonio Segni,105,Is Campus,Municipalidadi de Pirri/Municipalit? di Pirri
304596642,Via degli Astri,13,Is Campus,Municipalidadi de Pirri/Municipalit? di Pirri
304596655,Via dei Ciclamini,15,Is Campus,Municipalidadi de Pirri/Municipalit? di Pirri
304596661,Via Is Corrias,1,Is Campus,Municipalidadi de Pirri/Municipalit? di Pirri
304596662,Via Barracca Manna,143,Is Campus,Municipalidadi de Pirri/Municipalit? di Pirri
304596663,Via dei Pini,13,Barracca Manna,Municipalidadi de Pirri/Municipalit? di Pirri
304596664,Via Carlo Emilio Gadda,1,Barracca Manna,Municipalidadi de Pirri/Municipalit? di Pirri
304596678,Via Barracca Manna,131,Barracca Manna,Municipalidadi de Pirri/Municipalit? di Pirri
304596681,Via Barracca Manna,103,Barracca Manna,Municipalidadi de Pirri/Municipalit? di Pirri
304596685,Via Barracca Manna,106,Barracca Manna,Municipalidadi de Pirri/Municipalit? di Pirri
304596686,Via della Malva,1,Barracca Manna,Municipalidadi de Pirri/Municipalit? di Pirri
304596688,Via Barracca Manna,74,Barracca Manna,Municipalidadi de Pirri/Municipalit? di Pirri
304596689,Via del Bosso,37,Barracca Manna,Municipalidadi de Pirri/Municipalit? di Pirri
304596690,Via Barracca Manna,48,Barracca Manna,Municipalidadi de Pirri/Municipalit? di Pirri
304596691,Via Eugenio Montale,25,Barracca Manna,Municipalidadi de Pirri/Municipalit? di Pirri
304596693,Via della Malva,61,Barracca Manna,Municipalidadi de Pirri/Municipalit? di Pirri
304596709,Via Sergio Atzeni,2,Barracca Manna,Municipalidadi de Pirri/Municipalit? di Pirri
304596714,Via dei Pioppi,30,Barracca Manna,Municipalidadi de Pirri/Municipalit? di Pirri
304596718,Via Sergio Atzeni,19,Barracca Manna,Municipalidadi de Pirri/Municipalit? di Pirri
304596723,Via Enrico De Nicola,2,Is Campus,Municipalidadi de Pirri/Municipalit? di Pirri
304596725,Via Giovanni Gronchi,,Is Campus,Municipalidadi de Pirri/Municipalit? di Pirri
304596726,Via Giovanni Gronchi,,Is Campus,Municipalidadi de Pirri/Municipalit? di Pirri
304596727,Via Alfredino Rampi,53,Is Campus,Municipalidadi de Pirri/Municipalit? di Pirri
304596729,Via Giovanni Gronchi,,Is Campus,Municipalidadi de Pirri/Municipalit? di Pirri
304596730,Via Alfredino Rampi,34,Is Campus,Municipalidadi de Pirri/Municipalit? di Pirri
304596731,Via Paolo Placido,29,Is Campus,Municipalidadi de Pirri/Municipalit? di Pirri
304596732,Via Paolo Placido,2,Is Campus,Municipalidadi de Pirri/Municipalit? di Pirri
304596733,Via Paolo Placido,2,Is Campus,Municipalidadi de Pirri/Municipalit? di Pirri
304596734,Via dei Mori,27,Is Campus,Municipalidadi de Pirri/Municipalit? di Pirri
304596735,Via Paolo Pili,4,Is Campus,Municipalidadi de Pirri/Municipalit? di Pirri
304596736,Via San Clemente,13,San Giuseppe - Santa Teresa - Parteolla,Municipalidadi de Pirri/Municipalit? di Pirri
304596737,Via Alfredino Rampi,1,Is Campus,Municipalidadi de Pirri/Municipalit? di Pirri
304596739,Via Giuseppe Saragat,1,Is Campus,Municipalidadi de Pirri/Municipalit? di Pirri
304596740,Via Santa Maria Goretti,51,San Giuseppe - Santa Teresa - Parteolla,Municipalidadi de Pirri/Municipalit? di Pirri
304617227,,,Terram?ini - Is Bingias,Municipalidadi de Pirri/Municipalit? di Pirri
304617229,,,Terram?ini - Is Bingias,Municipalidadi de Pirri/Municipalit? di Pirri
304617231,,,Terram?ini - Is Bingias,Municipalidadi de Pirri/Municipalit? di Pirri
304617236,,,Terram?ini - Is Bingias,Municipalidadi de Pirri/Municipalit? di Pirri
304618135,Via Guglielmo Marconi,,Terram?ini - Is Bingias,Municipalidadi de Pirri/Municipalit? di Pirri
304618139,Via Guglielmo Marconi,,Terram?ini - Is Bingias,Municipalidadi de Pirri/Municipalit? di Pirri
304618717,,,Terram?ini - Is Bingias,Municipalidadi de Pirri/Municipalit? di Pirri
304618740,,,Terram?ini - Is Bingias,Municipalidadi de Pirri/Municipalit? di Pirri
304620862,Via Giuliana Treleani,,Terram?ini - Is Bingias,Municipalidadi de Pirri/Municipalit? di Pirri
304620873,,,Terram?ini - Is Bingias,Municipalidadi de Pirri/Municipalit? di Pirri
304620884,,,Terram?ini - Is Bingias,Municipalidadi de Pirri/Municipalit? di Pirri
304620897,Viale Roberto Pisano,,Terram?ini - Is Bingias,Municipalidadi de Pirri/Municipalit? di Pirri
304620899,Via Italia,190,San Giuseppe - Santa Teresa - Parteolla,Municipalidadi de Pirri/Municipalit? di Pirri
304620900,Viale Roberto Pisano,5,Terram?ini - Is Bingias,Municipalidadi de Pirri/Municipalit? di Pirri
304621467,Via Italia,196,San Giuseppe - Santa Teresa - Parteolla,Municipalidadi de Pirri/Municipalit? di Pirri
304695931,Via Cesare Cabras,,San Giuseppe - Santa Teresa - Parteolla,Municipalidadi de Pirri/Municipalit? di Pirri
304695992,Via Caracalla,,San Giuseppe - Santa Teresa - Parteolla,Municipalidadi de Pirri/Municipalit? di Pirri
304695998,Via Mario Sironi,,San Giuseppe - Santa Teresa - Parteolla,Municipalidadi de Pirri/Municipalit? di Pirri
304696617,Via Donori,1,Terram?ini - Is Bingias,Municipalidadi de Pirri/Municipalit? di Pirri
304696618,Via Sinnai,21,Terram?ini - Is Bingias,Municipalidadi de Pirri/Municipalit? di Pirri
304696619,Via Mara,1,Terram?ini - Is Bingias,Municipalidadi de Pirri/Municipalit? di Pirri
304696620,Via Andr? Marie Ampere,12,Terram?ini - Is Bingias,Municipalidadi de Pirri/Municipalit? di Pirri
304696621,Via Italia,138,San Giuseppe - Santa Teresa - Parteolla,Municipalidadi de Pirri/Municipalit? di Pirri
304696622,Via Donori,13,Terram?ini - Is Bingias,Municipalidadi de Pirri/Municipalit? di Pirri
304696623,Via Settimo,14,Terram?ini - Is Bingias,Municipalidadi de Pirri/Municipalit? di Pirri
304696624,Via Dolianova,14,Terram?ini - Is Bingias,Municipalidadi de Pirri/Municipalit? di Pirri
304696625,Via Donori,20,Terram?ini - Is Bingias,Municipalidadi de Pirri/Municipalit? di Pirri
304696629,,,Terram?ini - Is Bingias,Municipalidadi de Pirri/Municipalit? di Pirri
304696631,Viale Roberto Pisano,,Terram?ini - Is Bingias,Municipalidadi de Pirri/Municipalit? di Pirri
304696632,,,Terram?ini - Is Bingias,Municipalidadi de Pirri/Municipalit? di Pirri
304696635,,,Terram?ini - Is Bingias,Municipalidadi de Pirri/Municipalit? di Pirri
304696639,Via Andrea Vesalio,,Terram?ini - Is Bingias,Municipalidadi de Pirri/Municipalit? di Pirri
304696641,Viale Roberto Pisano,,Terram?ini - Is Bingias,Municipalidadi de Pirri/Municipalit? di Pirri
304696656,Via Andrea Vesalio,,Terram?ini - Is Bingias,Municipalidadi de Pirri/Municipalit? di Pirri
304696662,Via Andrea Vesalio,,Terram?ini - Is Bingias,Municipalidadi de Pirri/Municipalit? di Pirri
304696667,Via Andrea Vesalio,,Terram?ini - Is Bingias,Municipalidadi de Pirri/Municipalit? di Pirri
304696681,Via dei Carbonari,55a,Monteleone - Santa Rosalia,Municipalidadi de Pirri/Municipalit? di Pirri
304696682,Via Andrea Vesalio,18d,Monteleone - Santa Rosalia,Municipalidadi de Pirri/Municipalit? di Pirri
304696684,Via della Giovane Italia,47,Monteleone - Santa Rosalia,Municipalidadi de Pirri/Municipalit? di Pirri
304696686,Via Andrea Vesalio,14,Monteleone - Santa Rosalia,Municipalidadi de Pirri/Municipalit? di Pirri
304696692,Via Andrea Vesalio,4,Monteleone - Santa Rosalia,Municipalidadi de Pirri/Municipalit? di Pirri
304697326,Via Principe di Piemonte,45,San Giuseppe - Santa Teresa - Parteolla,Municipalidadi de Pirri/Municipalit? di Pirri
304697327,Via Duca di Genova,46a,San Giuseppe - Santa Teresa - Parteolla,Municipalidadi de Pirri/Municipalit? di Pirri
304697328,Via Antonio Ignazio Argiolas,136,San Giuseppe - Santa Teresa - Parteolla,Municipalidadi de Pirri/Municipalit? di Pirri
304697329,Via Vittorio Amedeo Secondo,43,San Giuseppe - Santa Teresa - Parteolla,Municipalidadi de Pirri/Municipalit? di Pirri
304697330,Via Montanara,14,San Giuseppe - Santa Teresa - Parteolla,Municipalidadi de Pirri/Municipalit? di Pirri
304697331,Via Vittorio Amedeo Secondo,32a,San Giuseppe - Santa Teresa - Parteolla,Municipalidadi de Pirri/Municipalit? di Pirri
304697332,Via Principe di Piemonte,48,San Giuseppe - Santa Teresa - Parteolla,Municipalidadi de Pirri/Municipalit? di Pirri
304697333,Via Vittorio Amedeo Secondo,1,San Giuseppe - Santa Teresa - Parteolla,Municipalidadi de Pirri/Municipalit? di Pirri
304697334,Via delle Spighe,17,San Giuseppe - Santa Teresa - Parteolla,Municipalidadi de Pirri/Municipalit? di Pirri
304697335,Via Centrale,1,San Giuseppe - Santa Teresa - Parteolla,Municipalidadi de Pirri/Municipalit? di Pirri
304697336,Via del Ginepro,25,San Giuseppe - Santa Teresa - Parteolla,Municipalidadi de Pirri/Municipalit? di Pirri
304697337,Via del Ginepro,1,San Giuseppe - Santa Teresa - Parteolla,Municipalidadi de Pirri/Municipalit? di Pirri
304697339,Via Renato Guttuso,1,San Giuseppe - Santa Teresa - Parteolla,Municipalidadi de Pirri/Municipalit? di Pirri
304697340,Via del Lentisco,23,San Giuseppe - Santa Teresa - Parteolla,Municipalidadi de Pirri/Municipalit? di Pirri
304697341,Via Duca di Genova,64,San Giuseppe - Santa Teresa - Parteolla,Municipalidadi de Pirri/Municipalit? di Pirri
304697342,Via Duca di Genova,1,San Giuseppe - Santa Teresa - Parteolla,Municipalidadi de Pirri/Municipalit? di Pirri
304697343,Via Conte Rosso,26,San Giuseppe - Santa Teresa - Parteolla,Municipalidadi de Pirri/Municipalit? di Pirri
304697344,Via Duca di Genova,16,San Giuseppe - Santa Teresa - Parteolla,Municipalidadi de Pirri/Municipalit? di Pirri
304697345,Via Duca di Genova,17,San Giuseppe - Santa Teresa - Parteolla,Municipalidadi de Pirri/Municipalit? di Pirri
304697346,Via Duca di Genova,41,San Giuseppe - Santa Teresa - Parteolla,Municipalidadi de Pirri/Municipalit? di Pirri
304697348,Via Duca di Genova,72,San Giuseppe - Santa Teresa - Parteolla,Municipalidadi de Pirri/Municipalit? di Pirri
304697349,Via Massimo Campigli,2,San Giuseppe - Santa Teresa - Parteolla,Municipalidadi de Pirri/Municipalit? di Pirri
304697350,Via Costantino Nivola,17,San Giuseppe - Santa Teresa - Parteolla,Municipalidadi de Pirri/Municipalit? di Pirri
304697351,Via Giovanni Antonio Canal,2,San Giuseppe - Santa Teresa - Parteolla,Municipalidadi de Pirri/Municipalit? di Pirri
304697352,Via Duca di Genova,71,San Giuseppe - Santa Teresa - Parteolla,Municipalidadi de Pirri/Municipalit? di Pirri
304697361,Via Renato Guttuso,23,San Giuseppe - Santa Teresa - Parteolla,Municipalidadi de Pirri/Municipalit? di Pirri
304697362,Via Renato Guttuso,39,San Giuseppe - Santa Teresa - Parteolla,Municipalidadi de Pirri/Municipalit? di Pirri
304697363,Via Renato Guttuso,51,San Giuseppe - Santa Teresa - Parteolla,Municipalidadi de Pirri/Municipalit? di Pirri
304697365,Via Umberto Boccioni,18,Is Campus,Municipalidadi de Pirri/Municipalit? di Pirri
304697367,Via Renato Guttuso,71,San Giuseppe - Santa Teresa - Parteolla,Municipalidadi de Pirri/Municipalit? di Pirri
304697368,Via Costantino Spada,21,San Giuseppe - Santa Teresa - Parteolla,Municipalidadi de Pirri/Municipalit? di Pirri
304697369,Via Umberto Boccioni,2,Is Campus,Municipalidadi de Pirri/Municipalit? di Pirri
304697370,Via Remo Branca,2,Is Campus,Municipalidadi de Pirri/Municipalit? di Pirri
304697371,Via Pablo Picasso,4,San Giuseppe - Santa Teresa - Parteolla,Municipalidadi de Pirri/Municipalit? di Pirri
304697373,Via Ugo Mulas,2,San Giuseppe - Santa Teresa - Parteolla,Municipalidadi de Pirri/Municipalit? di Pirri
304697383,Via Antonio Mura,6,San Giuseppe - Santa Teresa - Parteolla,Municipalidadi de Pirri/Municipalit? di Pirri
304697385,Traversa di Via Duca di Genova,16,San Giuseppe - Santa Teresa - Parteolla,Municipalidadi de Pirri/Municipalit? di Pirri
304697386,Via Giorgio Morandi,27,San Giuseppe - Santa Teresa - Parteolla,Municipalidadi de Pirri/Municipalit? di Pirri
304697387,Traversa di Via Duca di Genova,16,San Giuseppe - Santa Teresa - Parteolla,Municipalidadi de Pirri/Municipalit? di Pirri
304697392,Via Antonio Canova,1,Is Campus,Municipalidadi de Pirri/Municipalit? di Pirri
304697393,Via Enzo Loy,1,Is Campus,Municipalidadi de Pirri/Municipalit? di Pirri
304697394,Via Enzo Loy,22,Is Campus,Municipalidadi de Pirri/Municipalit? di Pirri
304697395,Via Aligi Sassu,1,Is Campus,Municipalidadi de Pirri/Municipalit? di Pirri
304697396,Via Giorgio De Chirico,30,Is Campus,Municipalidadi de Pirri/Municipalit? di Pirri
304697398,Via Foiso Fois,1,Is Campus,Municipalidadi de Pirri/Municipalit? di Pirri
304697399,Via Giorgio De Chirico,52,Is Campus,Municipalidadi de Pirri/Municipalit? di Pirri
304697400,Via Foiso Fois,20,Is Campus,Municipalidadi de Pirri/Municipalit? di Pirri
304698874,Via Enrico Toti,206,San Giuseppe - Santa Teresa - Parteolla,Municipalidadi de Pirri/Municipalit? di Pirri
304698876,Via Enrico Toti,182,San Giuseppe - Santa Teresa - Parteolla,Municipalidadi de Pirri/Municipalit? di Pirri
304698877,Via Enrico Toti,178,San Giuseppe - Santa Teresa - Parteolla,Municipalidadi de Pirri/Municipalit? di Pirri
304698878,Via Santa Bernadette,2,San Giuseppe - Santa Teresa - Parteolla,Municipalidadi de Pirri/Municipalit? di Pirri
304698879,Via Enrico Toti,156,San Giuseppe - Santa Teresa - Parteolla,Municipalidadi de Pirri/Municipalit? di Pirri
304698880,Via Enrico Toti,148,San Giuseppe - Santa Teresa - Parteolla,Municipalidadi de Pirri/Municipalit? di Pirri
304698881,Via Conte di Biancamano,2,San Giuseppe - Santa Teresa - Parteolla,Municipalidadi de Pirri/Municipalit? di Pirri
304698882,Via Enrico Toti,143,San Giuseppe - Santa Teresa - Parteolla,Municipalidadi de Pirri/Municipalit? di Pirri
304698883,Via Enrico Toti,127,San Giuseppe - Santa Teresa - Parteolla,Municipalidadi de Pirri/Municipalit? di Pirri
304698884,Via Enrico Toti,101,San Giuseppe - Santa Teresa - Parteolla,Municipalidadi de Pirri/Municipalit? di Pirri
304698886,Via Principe Eugenio di Savoia,1,San Giuseppe - Santa Teresa - Parteolla,Municipalidadi de Pirri/Municipalit? di Pirri
304698887,Via Principe di Carignano,2,San Giuseppe - Santa Teresa - Parteolla,Municipalidadi de Pirri/Municipalit? di Pirri
304698888,Vico Secondo di Via Enrico Toti,1,San Giuseppe - Santa Teresa - Parteolla,Municipalidadi de Pirri/Municipalit? di Pirri
304698890,Via Ettore Fieramosca,21,San Giuseppe - Santa Teresa - Parteolla,Municipalidadi de Pirri/Municipalit? di Pirri
304698893,Via Antonio Ignazio Argiolas,123,San Giuseppe - Santa Teresa - Parteolla,Municipalidadi de Pirri/Municipalit? di Pirri
304698894,Via Antonio Ignazio Argiolas,121,San Giuseppe - Santa Teresa - Parteolla,Municipalidadi de Pirri/Municipalit? di Pirri
304698895,Via Bingia Bonaria,1,San Giuseppe - Santa Teresa - Parteolla,Municipalidadi de Pirri/Municipalit? di Pirri
304698897,Via dei Covoni,2,San Giuseppe - Santa Teresa - Parteolla,Municipalidadi de Pirri/Municipalit? di Pirri
304698898,Via delle Spighe,1,San Giuseppe - Santa Teresa - Parteolla,Municipalidadi de Pirri/Municipalit? di Pirri
304698899,Via Principe di Napoli,48,San Giuseppe - Santa Teresa - Parteolla,Municipalidadi de Pirri/Municipalit? di Pirri
304698900,Via Antonio Ignazio Argiolas,73a,San Giuseppe - Santa Teresa - Parteolla,Municipalidadi de Pirri/Municipalit? di Pirri
304698901,Via Principe di Carignano,2,San Giuseppe - Santa Teresa - Parteolla,Municipalidadi de Pirri/Municipalit? di Pirri
304698903,Via Antonio Ignazio Argiolas,35a,San Giuseppe - Santa Teresa - Parteolla,Municipalidadi de Pirri/Municipalit? di Pirri
304698908,Via Conte Rosso,10,San Giuseppe - Santa Teresa - Parteolla,Municipalidadi de Pirri/Municipalit? di Pirri
304698909,Via Principe di Piemonte,27c,San Giuseppe - Santa Teresa - Parteolla,Municipalidadi de Pirri/Municipalit? di Pirri
304698910,Via Carlo Emanuele Terzo,19,San Giuseppe - Santa Teresa - Parteolla,Municipalidadi de Pirri/Municipalit? di Pirri
304698911,Via Carlo Emanuele Terzo,52,San Giuseppe - Santa Teresa - Parteolla,Municipalidadi de Pirri/Municipalit? di Pirri
304698912,Via Carlo Emanuele Terzo,43,San Giuseppe - Santa Teresa - Parteolla,Municipalidadi de Pirri/Municipalit? di Pirri
304698913,Via Carlo Emanuele Terzo,1,San Giuseppe - Santa Teresa - Parteolla,Municipalidadi de Pirri/Municipalit? di Pirri
304698915,Via Conte Verde,2,San Giuseppe - Santa Teresa - Parteolla,Municipalidadi de Pirri/Municipalit? di Pirri
304698916,Via Conte Rosso,1,San Giuseppe - Santa Teresa - Parteolla,Municipalidadi de Pirri/Municipalit? di Pirri
304698917,Via delle Spighe,12,San Giuseppe - Santa Teresa - Parteolla,Municipalidadi de Pirri/Municipalit? di Pirri
304698918,Via delle Spighe,15,San Giuseppe - Santa Teresa - Parteolla,Municipalidadi de Pirri/Municipalit? di Pirri
304698919,Via delle Spighe,20,San Giuseppe - Santa Teresa - Parteolla,Municipalidadi de Pirri/Municipalit? di Pirri
304698920,Via della Colonna,1,San Giuseppe - Santa Teresa - Parteolla,Municipalidadi de Pirri/Municipalit? di Pirri
304698922,Via Santa Maria Goretti,29,San Giuseppe - Santa Teresa - Parteolla,Municipalidadi de Pirri/Municipalit? di Pirri
304698923,Via Santa Maria Goretti,55,San Giuseppe - Santa Teresa - Parteolla,Municipalidadi de Pirri/Municipalit? di Pirri
304698925,Via Sant'Isidoro,18,San Giuseppe - Santa Teresa - Parteolla,Municipalidadi de Pirri/Municipalit? di Pirri
304698926,Via Generale Antonio Cantore,54,San Giuseppe - Santa Teresa - Parteolla,Municipalidadi de Pirri/Municipalit? di Pirri
304698927,Via Conte di Biancamano,49,San Giuseppe - Santa Teresa - Parteolla,Municipalidadi de Pirri/Municipalit? di Pirri
304698928,Via Sant'Isidoro,1,San Giuseppe - Santa Teresa - Parteolla,Municipalidadi de Pirri/Municipalit? di Pirri
304698932,Via Conte di Biancamano,30,San Giuseppe - Santa Teresa - Parteolla,Municipalidadi de Pirri/Municipalit? di Pirri
304698933,Via Maggiore Giuseppe Galliano,3,San Giuseppe - Santa Teresa - Parteolla,Municipalidadi de Pirri/Municipalit? di Pirri
304698934,Via Santa Bernadette,30,San Giuseppe - Santa Teresa - Parteolla,Municipalidadi de Pirri/Municipalit? di Pirri
304698935,Via Maggiore Giuseppe Galliano,16,San Giuseppe - Santa Teresa - Parteolla,Municipalidadi de Pirri/Municipalit? di Pirri
304698936,Via dell'Abbondanza,34a,San Giuseppe - Santa Teresa - Parteolla,Municipalidadi de Pirri/Municipalit? di Pirri
304698937,Via Bingia Bonaria,49,San Giuseppe - Santa Teresa - Parteolla,Municipalidadi de Pirri/Municipalit? di Pirri
304698938,Via dell'Abbondanza,24a,San Giuseppe - Santa Teresa - Parteolla,Municipalidadi de Pirri/Municipalit? di Pirri
304698941,Via dei Covoni,17,San Giuseppe - Santa Teresa - Parteolla,Municipalidadi de Pirri/Municipalit? di Pirri
304698945,Vico Primo di Via Principe di Carignano,1,San Giuseppe - Santa Teresa - Parteolla,Municipalidadi de Pirri/Municipalit? di Pirri
304698946,Vico Secondo di Via Principe di Carignano,13,San Giuseppe - Santa Teresa - Parteolla,Municipalidadi de Pirri/Municipalit? di Pirri
304698947,Vico Secondo di Via Principe di Carignano,2,San Giuseppe - Santa Teresa - Parteolla,Municipalidadi de Pirri/Municipalit? di Pirri
304698948,Vico Primo di Via Principe di Carignano,18,San Giuseppe - Santa Teresa - Parteolla,Municipalidadi de Pirri/Municipalit? di Pirri
304698950,Via Generale Antonio Cantore,32,San Giuseppe - Santa Teresa - Parteolla,Municipalidadi de Pirri/Municipalit? di Pirri
304698951,Via dell'Abbondanza,18,San Giuseppe - Santa Teresa - Parteolla,Municipalidadi de Pirri/Municipalit? di Pirri
304698952,Via delle Messi,16,San Giuseppe - Santa Teresa - Parteolla,Municipalidadi de Pirri/Municipalit? di Pirri
304698953,Via Salvo D'Acquisto,,Terram?ini - Is Bingias,Municipalidadi de Pirri/Municipalit? di Pirri
304698954,Via Leandro Corona,13,Terram?ini - Is Bingias,Municipalidadi de Pirri/Municipalit? di Pirri
304698955,Via Leandro Corona,21,Terram?ini - Is Bingias,Municipalidadi de Pirri/Municipalit? di Pirri
304698957,Via Fosse Ardeatine,20,Terram?ini - Is Bingias,Municipalidadi de Pirri/Municipalit? di Pirri
304698958,Via James Watt,20,Terram?ini - Is Bingias,Municipalidadi de Pirri/Municipalit? di Pirri
304698961,Via della Resistenza,83,Terram?ini - Is Bingias,Municipalidadi de Pirri/Municipalit? di Pirri
304698965,Via S'Arriu,21,Terram?ini - Is Bingias,Municipalidadi de Pirri/Municipalit? di Pirri
304698966,Via della Resistenza,7,Terram?ini - Is Bingias,Municipalidadi de Pirri/Municipalit? di Pirri
304698967,Via dei Partigiani,5,Terram?ini - Is Bingias,Municipalidadi de Pirri/Municipalit? di Pirri
304698968,Via Giovanni Berchet,1,Terram?ini - Is Bingias,Municipalidadi de Pirri/Municipalit? di Pirri
304698974,Via della Resistenza,137,Terram?ini - Is Bingias,Municipalidadi de Pirri/Municipalit? di Pirri
304698979,Via Vincenzo Viviani,87,Terram?ini - Is Bingias,Municipalidadi de Pirri/Municipalit? di Pirri
304698981,Via del Tricolore,28,Terram?ini - Is Bingias,Municipalidadi de Pirri/Municipalit? di Pirri
304698986,Via del Tricolore,1,Terram?ini - Is Bingias,Municipalidadi de Pirri/Municipalit? di Pirri
304698987,Via della Resistenza,139,Terram?ini - Is Bingias,Municipalidadi de Pirri/Municipalit? di Pirri
304698988,Via Vincenzo Viviani,32,Terram?ini - Is Bingias,Municipalidadi de Pirri/Municipalit? di Pirri
304698989,Via Giovanni Berchet,8,Terram?ini - Is Bingias,Municipalidadi de Pirri/Municipalit? di Pirri
304698991,Via Fosse Ardeatine,15,Terram?ini - Is Bingias,Municipalidadi de Pirri/Municipalit? di Pirri
304698998,Via Crimea,1,Monteleone - Santa Rosalia,Municipalidadi de Pirri/Municipalit? di Pirri
304698999,Via del Risorgimento,92,Terram?ini - Is Bingias,Municipalidadi de Pirri/Municipalit? di Pirri
304699002,Via del Risorgimento,138a,Terram?ini - Is Bingias,Municipalidadi de Pirri/Municipalit? di Pirri
304699003,Via della Giovane Italia,2,Monteleone - Santa Rosalia,Municipalidadi de Pirri/Municipalit? di Pirri
304699005,Via dei Carbonari,1,Monteleone - Santa Rosalia,Municipalidadi de Pirri/Municipalit? di Pirri
304699007,Via Stamira,,San Giuseppe - Santa Teresa - Parteolla,Municipalidadi de Pirri/Municipalit? di Pirri
304699008,Via Giovanni dalle Bande Nere,25,San Giuseppe - Santa Teresa - Parteolla,Municipalidadi de Pirri/Municipalit? di Pirri
304699009,Via Marmilla,14,San Giuseppe - Santa Teresa - Parteolla,Municipalidadi de Pirri/Municipalit? di Pirri
304699010,Via Papa Giulio Secondo,50,San Giuseppe - Santa Teresa - Parteolla,Municipalidadi de Pirri/Municipalit? di Pirri
304699012,Via Papa Giulio Secondo,35,San Giuseppe - Santa Teresa - Parteolla,Municipalidadi de Pirri/Municipalit? di Pirri
304699013,Via Papa Giulio Secondo,27,San Giuseppe - Santa Teresa - Parteolla,Municipalidadi de Pirri/Municipalit? di Pirri
304699014,Via Papa Giulio Secondo,12,San Giuseppe - Santa Teresa - Parteolla,Municipalidadi de Pirri/Municipalit? di Pirri
304699015,Via Papa Giulio Secondo,2,San Giuseppe - Santa Teresa - Parteolla,Municipalidadi de Pirri/Municipalit? di Pirri
304699016,Via Marco Antonio Bragadin,2a,San Giuseppe - Santa Teresa - Parteolla,Municipalidadi de Pirri/Municipalit? di Pirri
304699017,Via Marco Antonio Bragadin,8,San Giuseppe - Santa Teresa - Parteolla,Municipalidadi de Pirri/Municipalit? di Pirri
304699018,Via Papa Alessandro Terzo,2,San Giuseppe - Santa Teresa - Parteolla,Municipalidadi de Pirri/Municipalit? di Pirri
304699019,Via Barbarigo,22,San Giuseppe - Santa Teresa - Parteolla,Municipalidadi de Pirri/Municipalit? di Pirri
304699020,Via Marco Antonio Bragadin,24,San Giuseppe - Santa Teresa - Parteolla,Municipalidadi de Pirri/Municipalit? di Pirri
304699021,Vico Quarto di Via Balilla,1,San Giuseppe - Santa Teresa - Parteolla,Municipalidadi de Pirri/Municipalit? di Pirri
304699022,,,,
304699023,Via Alberto da Giussano,5,San Giuseppe - Santa Teresa - Parteolla,Municipalidadi de Pirri/Municipalit? di Pirri
304699024,Via Lorenzo il Magnifico,43,San Giuseppe - Santa Teresa - Parteolla,Municipalidadi de Pirri/Municipalit? di Pirri
304699025,Via Lorenzo il Magnifico,40,San Giuseppe - Santa Teresa - Parteolla,Municipalidadi de Pirri/Municipalit? di Pirri
304699026,Via Lorenzo il Magnifico,31,San Giuseppe - Santa Teresa - Parteolla,Municipalidadi de Pirri/Municipalit? di Pirri
304699027,Via Lorenzo il Magnifico,30,San Giuseppe - Santa Teresa - Parteolla,Municipalidadi de Pirri/Municipalit? di Pirri
304699028,Via Papa Sisto Quinto,19,San Giuseppe - Santa Teresa - Parteolla,Municipalidadi de Pirri/Municipalit? di Pirri
304699029,Via Papa Sisto Quinto,14,San Giuseppe - Santa Teresa - Parteolla,Municipalidadi de Pirri/Municipalit? di Pirri
304699030,Via Monsignor Emanuele Virgilio,27,San Giuseppe - Santa Teresa - Parteolla,Municipalidadi de Pirri/Municipalit? di Pirri
304699031,Via Marmilla,32,San Giuseppe - Santa Teresa - Parteolla,Municipalidadi de Pirri/Municipalit? di Pirri
304699033,Via Filippo Corridoni,154,San Giuseppe - Santa Teresa - Parteolla,Municipalidadi de Pirri/Municipalit? di Pirri
304699034,Via delle Aquile,12,San Giuseppe - Santa Teresa - Parteolla,Municipalidadi de Pirri/Municipalit? di Pirri
304699036,Via Marmilla,26,San Giuseppe - Santa Teresa - Parteolla,Municipalidadi de Pirri/Municipalit? di Pirri
304699038,Via Filippo Corridoni,19,San Giuseppe - Santa Teresa - Parteolla,Municipalidadi de Pirri/Municipalit? di Pirri
304699039,Via Andrea Dandolo,16a,San Giuseppe - Santa Teresa - Parteolla,Municipalidadi de Pirri/Municipalit? di Pirri
304699040,Via Filippo Corridoni,9a,San Giuseppe - Santa Teresa - Parteolla,Municipalidadi de Pirri/Municipalit? di Pirri
304699041,Via Filippo Corridoni,1,San Giuseppe - Santa Teresa - Parteolla,Municipalidadi de Pirri/Municipalit? di Pirri
304699042,Via Tamburino Sardo,44,Monreale,Municipalidadi de Pirri/Municipalit? di Pirri
304699043,Via Papa Alessandro Terzo,78,San Giuseppe - Santa Teresa - Parteolla,Municipalidadi de Pirri/Municipalit? di Pirri
304699044,Via degli Stendardi,4,San Giuseppe - Santa Teresa - Parteolla,Municipalidadi de Pirri/Municipalit? di Pirri
304699046,Via Papa Alessandro Terzo,84,San Giuseppe - Santa Teresa - Parteolla,Municipalidadi de Pirri/Municipalit? di Pirri
304699047,Via Papa Alessandro Terzo,66,San Giuseppe - Santa Teresa - Parteolla,Municipalidadi de Pirri/Municipalit? di Pirri
304699048,Vico di Via Papa Alessandro Terzo,1,San Giuseppe - Santa Teresa - Parteolla,Municipalidadi de Pirri/Municipalit? di Pirri
304699049,Via Giovanni dalle Bande Nere,52,San Giuseppe - Santa Teresa - Parteolla,Municipalidadi de Pirri/Municipalit? di Pirri
304699050,Via Tamburino Sardo,24,Monreale,Municipalidadi de Pirri/Municipalit? di Pirri
304699051,Via Bernardino Tolo,2,San Giuseppe - Santa Teresa - Parteolla,Municipalidadi de Pirri/Municipalit? di Pirri
304699052,Via Bernardino Tolo,15,San Giuseppe - Santa Teresa - Parteolla,Municipalidadi de Pirri/Municipalit? di Pirri
304699053,Via Andrea Dandolo,26a,San Giuseppe - Santa Teresa - Parteolla,Municipalidadi de Pirri/Municipalit? di Pirri
304699054,Via Giovanni da Procida,2,San Giuseppe - Santa Teresa - Parteolla,Municipalidadi de Pirri/Municipalit? di Pirri
304699055,Via Damiano Chiesa,2,Villa Doloretta,Municipalidadi de Pirri/Municipalit? di Pirri
304699056,Via Pier Capponi,28,San Giuseppe - Santa Teresa - Parteolla,Municipalidadi de Pirri/Municipalit? di Pirri
304699057,Via Pier Capponi,33,San Giuseppe - Santa Teresa - Parteolla,Municipalidadi de Pirri/Municipalit? di Pirri
304699058,Via dei Grimaldi,21,San Giuseppe - Santa Teresa - Parteolla,Municipalidadi de Pirri/Municipalit? di Pirri
304699059,Via Pier Capponi,1,San Giuseppe - Santa Teresa - Parteolla,Municipalidadi de Pirri/Municipalit? di Pirri
304699060,Via Balilla,59,San Giuseppe - Santa Teresa - Parteolla,Municipalidadi de Pirri/Municipalit? di Pirri
304699061,Via dei Grimaldi,2,San Giuseppe - Santa Teresa - Parteolla,Municipalidadi de Pirri/Municipalit? di Pirri
304699063,Via Balilla,99,San Giuseppe - Santa Teresa - Parteolla,Municipalidadi de Pirri/Municipalit? di Pirri
304699064,Via Su Planu,13,San Giuseppe - Santa Teresa - Parteolla,Municipalidadi de Pirri/Municipalit? di Pirri
304699066,Via Su Planu,34a,Villa Doloretta,Municipalidadi de Pirri/Municipalit? di Pirri
304699067,Via Camaldoli,1,Villa Doloretta,Municipalidadi de Pirri/Municipalit? di Pirri
304699068,Vico Quinto di Via Balilla,2,San Giuseppe - Santa Teresa - Parteolla,Municipalidadi de Pirri/Municipalit? di Pirri
304699069,Via Balilla,151,San Giuseppe - Santa Teresa - Parteolla,Municipalidadi de Pirri/Municipalit? di Pirri
304699070,Vico Settimo di Via Balilla,2,San Giuseppe - Santa Teresa - Parteolla,Municipalidadi de Pirri/Municipalit? di Pirri
304699071,Via Stamira,,Monreale,Municipalidadi de Pirri/Municipalit? di Pirri
304699072,Via Stamira,5,Monreale,Municipalidadi de Pirri/Municipalit? di Pirri
304699073,Via Stamira,45,Monreale,Municipalidadi de Pirri/Municipalit? di Pirri
304699076,Via Tamburino Sardo,49,Barracca Manna,Municipalidadi de Pirri/Municipalit? di Pirri
304699078,Via Bartolomeo Colleoni,65,Monreale,Municipalidadi de Pirri/Municipalit? di Pirri
304699079,Vico Sesto di Via Balilla,9,San Giuseppe - Santa Teresa - Parteolla,Municipalidadi de Pirri/Municipalit? di Pirri
304699080,Vico Quinto di Via Balilla,9,San Giuseppe - Santa Teresa - Parteolla,Municipalidadi de Pirri/Municipalit? di Pirri
304699081,Vico Quarto di Via Balilla,10,San Giuseppe - Santa Teresa - Parteolla,Municipalidadi de Pirri/Municipalit? di Pirri
304699083,Via Socrate,21,San Giuseppe - Santa Teresa - Parteolla,Municipalidadi de Pirri/Municipalit? di Pirri
304699084,Via Caterina Segurana,8,Villa Doloretta,Municipalidadi de Pirri/Municipalit? di Pirri
304699085,Via Eleonora Fonseca,44,Villa Doloretta,Municipalidadi de Pirri/Municipalit? di Pirri
304699086,Via Colomba Antonietti,52a,Villa Doloretta,Municipalidadi de Pirri/Municipalit? di Pirri
304699087,Via Fabio Filzi,18,Villa Doloretta,Municipalidadi de Pirri/Municipalit? di Pirri
304699088,Via Colomba Antonietti,29,Villa Doloretta,Municipalidadi de Pirri/Municipalit? di Pirri
304699089,Via Farfa,18,Villa Doloretta,Municipalidadi de Pirri/Municipalit? di Pirri
304699090,Via Colomba Antonietti,59,Villa Doloretta,Municipalidadi de Pirri/Municipalit? di Pirri
304699092,Via Damiano Chiesa,1,Villa Doloretta,Municipalidadi de Pirri/Municipalit? di Pirri
304699094,Via Eleonora Fonseca,70,Villa Doloretta,Municipalidadi de Pirri/Municipalit? di Pirri
304699095,Via Limbara,21,Villa Doloretta,Municipalidadi de Pirri/Municipalit? di Pirri
304699096,,,Villa Doloretta,Municipalidadi de Pirri/Municipalit? di Pirri
304734556,Via dei Gherardeschi,2,Monteleone - Santa Rosalia,Municipalidadi de Pirri/Municipalit? di Pirri
304734557,Via Chiesa,29,Monteleone - Santa Rosalia,Municipalidadi de Pirri/Municipalit? di Pirri
304734560,Via Gioachino Murat,14b,Monteleone - Santa Rosalia,Municipalidadi de Pirri/Municipalit? di Pirri
304734561,Via Giovanni Silvati,1,Monteleone - Santa Rosalia,Municipalidadi de Pirri/Municipalit? di Pirri
304734563,Via Crimea,24,Monteleone - Santa Rosalia,Municipalidadi de Pirri/Municipalit? di Pirri
304734564,Via Gioachino Murat,42a,Monteleone - Santa Rosalia,Municipalidadi de Pirri/Municipalit? di Pirri
304734566,Via Cernaia,1,Monteleone - Santa Rosalia,Municipalidadi de Pirri/Municipalit? di Pirri
304734567,Via Pietro Maroncelli,1,Monteleone - Santa Rosalia,Municipalidadi de Pirri/Municipalit? di Pirri
304734568,Via Giovanni Silvati,8a,Monteleone - Santa Rosalia,Municipalidadi de Pirri/Municipalit? di Pirri
304734570,Via Michele Morelli,21,Monteleone - Santa Rosalia,Municipalidadi de Pirri/Municipalit? di Pirri
304734571,Via Michele Morelli,33,Monteleone - Santa Rosalia,Municipalidadi de Pirri/Municipalit? di Pirri
304734572,Via Bezzecca,2,Monteleone - Santa Rosalia,Municipalidadi de Pirri/Municipalit? di Pirri
304734577,Via Valeggio,2,Monteleone - Santa Rosalia,Municipalidadi de Pirri/Municipalit? di Pirri
304734581,Via Nino Bixio,2,Monteleone - Santa Rosalia,Municipalidadi de Pirri/Municipalit? di Pirri
304734585,Via Mentana,70,Monteleone - Santa Rosalia,Municipalidadi de Pirri/Municipalit? di Pirri
304734586,Via Valeggio,19,Monteleone - Santa Rosalia,Municipalidadi de Pirri/Municipalit? di Pirri
304734589,Via Fratelli Cairoli,9a,Monteleone - Santa Rosalia,Municipalidadi de Pirri/Municipalit? di Pirri
304734591,Via Nino Bixio,12,Monteleone - Santa Rosalia,Municipalidadi de Pirri/Municipalit? di Pirri
304734592,Via Carlo Pisacane,39,Monteleone - Santa Rosalia,Municipalidadi de Pirri/Municipalit? di Pirri
304734593,Via San Fermo,5,Monteleone - Santa Rosalia,Municipalidadi de Pirri/Municipalit? di Pirri
304734595,Via Fratelli Cairoli,5,Monteleone - Santa Rosalia,Municipalidadi de Pirri/Municipalit? di Pirri
304734596,Via Cernaia,23,Monteleone - Santa Rosalia,Municipalidadi de Pirri/Municipalit? di Pirri
304734597,Via del Risorgimento,104,Terram?ini - Is Bingias,Municipalidadi de Pirri/Municipalit? di Pirri
304734600,Via Mentana,5,Monteleone - Santa Rosalia,Municipalidadi de Pirri/Municipalit? di Pirri
304734601,Via dei Cipressi,3,Monteleone - Santa Rosalia,Municipalidadi de Pirri/Municipalit? di Pirri
304734603,Via della Giovane Italia,5,Monteleone - Santa Rosalia,Municipalidadi de Pirri/Municipalit? di Pirri
304734604,Via dei Cipressi,22,Monteleone - Santa Rosalia,Municipalidadi de Pirri/Municipalit? di Pirri
304734608,Via Fratelli Cairoli,29,Monteleone - Santa Rosalia,Municipalidadi de Pirri/Municipalit? di Pirri
304734610,Via Fratelli Cairoli,51,Monteleone - Santa Rosalia,Municipalidadi de Pirri/Municipalit? di Pirri
304734612,Via dei Carbonari,37,Monteleone - Santa Rosalia,Municipalidadi de Pirri/Municipalit? di Pirri
304734614,Via Giovanni Silvati,19,Monteleone - Santa Rosalia,Municipalidadi de Pirri/Municipalit? di Pirri
304734616,Via Ciro Menotti,36,Monteleone - Santa Rosalia,Municipalidadi de Pirri/Municipalit? di Pirri
304734617,Via Alessandro Poerio,14,Monteleone - Santa Rosalia,Municipalidadi de Pirri/Municipalit? di Pirri
304734618,Via Maria Luisa Sanfelice,1,Monteleone - Santa Rosalia,Municipalidadi de Pirri/Municipalit? di Pirri
304734621,Via Alessandro Poerio,27,Monteleone - Santa Rosalia,Municipalidadi de Pirri/Municipalit? di Pirri
304734623,Via Alessandro Poerio,39,Monteleone - Santa Rosalia,Municipalidadi de Pirri/Municipalit? di Pirri
304734624,Via dei Nuraghi,43,Monteleone - Santa Rosalia,Municipalidadi de Pirri/Municipalit? di Pirri
304734628,Via dei Nuraghi,10,Monteleone - Santa Rosalia,Municipalidadi de Pirri/Municipalit? di Pirri
304734630,Via Salvatore Cadeddu,40,Monteleone - Santa Rosalia,Municipalidadi de Pirri/Municipalit? di Pirri
304734632,Via Salvatore Cadeddu,25,Monteleone - Santa Rosalia,Municipalidadi de Pirri/Municipalit? di Pirri
304734634,Via Maria Luisa Sanfelice,27,Monteleone - Santa Rosalia,Municipalidadi de Pirri/Municipalit? di Pirri
304734635,Via Efisio Melis,29,Monteleone - Santa Rosalia,Municipalidadi de Pirri/Municipalit? di Pirri
304734638,Via Pietrino Moi,2,Monteleone - Santa Rosalia,Municipalidadi de Pirri/Municipalit? di Pirri
304734639,Via Adeodato Schiaffino,2,Monteleone - Santa Rosalia,Municipalidadi de Pirri/Municipalit? di Pirri
304734640,Via Maria Luisa Sanfelice,27,Monteleone - Santa Rosalia,Municipalidadi de Pirri/Municipalit? di Pirri
304734642,Via Francesco Cillocco,46,Monteleone - Santa Rosalia,Municipalidadi de Pirri/Municipalit? di Pirri
304734643,Via Efisio Melis,38,Monteleone - Santa Rosalia,Municipalidadi de Pirri/Municipalit? di Pirri
304734644,Via Efisio Melis,55,Monteleone - Santa Rosalia,Municipalidadi de Pirri/Municipalit? di Pirri
304734646,Traversa di Via del Canneto,2,Monteleone - Santa Rosalia,Municipalidadi de Pirri/Municipalit? di Pirri
304734647,Via San Fermo,13,Monteleone - Santa Rosalia,Municipalidadi de Pirri/Municipalit? di Pirri
304734648,Via Stefano Turr,,Monteleone - Santa Rosalia,Municipalidadi de Pirri/Municipalit? di Pirri
304734650,Via Chiesa,47,Monteleone - Santa Rosalia,Municipalidadi de Pirri/Municipalit? di Pirri
304734652,Via Chiesa,70,Monteleone - Santa Rosalia,Municipalidadi de Pirri/Municipalit? di Pirri
304734655,Via Monteleone,32,Monteleone - Santa Rosalia,Municipalidadi de Pirri/Municipalit? di Pirri
304734657,Via Francesco Cillocco,61,Monteleone - Santa Rosalia,Municipalidadi de Pirri/Municipalit? di Pirri
304734661,Via Salvatore Cadeddu,1,Monteleone - Santa Rosalia,Municipalidadi de Pirri/Municipalit? di Pirri
304734664,Via Alberto Riva Villasanta,114,Monteleone - Santa Rosalia,Municipalidadi de Pirri/Municipalit? di Pirri
304734667,Via Andrea Vesalio,2,Monteleone - Santa Rosalia,Municipalidadi de Pirri/Municipalit? di Pirri
304734668,Via Andrea Vesalio,2,Monteleone - Santa Rosalia,Municipalidadi de Pirri/Municipalit? di Pirri
304734669,Via Bella Vista,,Monteleone - Santa Rosalia,Municipalidadi de Pirri/Municipalit? di Pirri
304734671,Via dei Giunchi,1,Monteleone - Santa Rosalia,Municipalidadi de Pirri/Municipalit? di Pirri
304734673,Via Bellavista,11d,Monteleone - Santa Rosalia,Municipalidadi de Pirri/Municipalit? di Pirri
304734675,Via dei Tralci,2,Monteleone - Santa Rosalia,Municipalidadi de Pirri/Municipalit? di Pirri
304734676,Via del Colle,15,Monteleone - Santa Rosalia,Municipalidadi de Pirri/Municipalit? di Pirri
304734677,Via delle Rane,7a,Monteleone - Santa Rosalia,Municipalidadi de Pirri/Municipalit? di Pirri
304734679,Via Francesco Cillocco,,Monteleone - Santa Rosalia,Municipalidadi de Pirri/Municipalit? di Pirri
304734680,Via del Canneto,1,Monteleone - Santa Rosalia,Municipalidadi de Pirri/Municipalit? di Pirri
304734684,Via della Vite,13,,Fonsarda
304734688,Via dei Giunchi,42,Monteleone - Santa Rosalia,Municipalidadi de Pirri/Municipalit? di Pirri
304734690,Via dei Giunchi,22,Monteleone - Santa Rosalia,Municipalidadi de Pirri/Municipalit? di Pirri
304734692,Via delle Cicale,1,Monteleone - Santa Rosalia,Municipalidadi de Pirri/Municipalit? di Pirri
304734699,Via dei Vigneti,36,Monteleone - Santa Rosalia,Municipalidadi de Pirri/Municipalit? di Pirri
304734701,Via dell'Edera,6,Monteleone - Santa Rosalia,Municipalidadi de Pirri/Municipalit? di Pirri
304734702,Via delle Pergole,2,Monteleone - Santa Rosalia,Municipalidadi de Pirri/Municipalit? di Pirri
304734703,Via delle Pergole,12,Monteleone - Santa Rosalia,Municipalidadi de Pirri/Municipalit? di Pirri
304734706,Via dei Vigneti,1,Monteleone - Santa Rosalia,Municipalidadi de Pirri/Municipalit? di Pirri
304734711,Asse Mediano di Scorrimento,,,Fonsarda
304734713,Via Guantino Cavallino,68,,Fonsarda
304734715,Via Alessandro Volta,2,,CEP
304734726,Via Parigi,28,,Quartiere Europeo
304734729,Via Parigi,4,,Quartiere Europeo
304734730,Via Parigi,24,,Quartiere Europeo
304734732,Via Madrid,20,,Quartiere Europeo
304734734,Via Parigi,31,,Quartiere Europeo
304734740,Via Paracelso,9,,Quartiere Europeo
304734743,Via Telesio,,,Quartiere Europeo
304734744,Via Telesio,2,,Quartiere Europeo
304734748,Via Mentana,,Monteleone - Santa Rosalia,Municipalidadi de Pirri/Municipalit? di Pirri
304734752,Via Johannes Keplero,,,Quartiere Europeo
304734767,Via Telesio,78,,Quartiere Europeo
304734775,Via Blaise Pascal,15,,Quartiere Europeo
304734776,Via Avicenna,,,Quartiere Europeo
304734779,Via Parigi,1,,Quartiere Europeo
304734780,Via Londra,2,,Quartiere Europeo
304734788,Via Lisbona,2,,Quartiere Europeo
304734790,Via Mosca,2,,Quartiere Europeo
304734792,Via Varsavia,23,,Quartiere Europeo
304734794,Via Mosca,30,,Quartiere Europeo
304734795,Via Mosca,22,,Quartiere Europeo
304734796,Via Mosca,16,,Quartiere Europeo
304734798,Via Tirana,10,,Quartiere Europeo
304734800,Via Vienna,,,Quartiere Europeo
304734802,Via Varsavia,9,,Quartiere Europeo
304734803,Via Vienna,9,,Quartiere Europeo
304734806,Via Guglielmo Marconi,143,,Genneruxi
304734809,Via Giuseppe Mercalli,34,,Genneruxi
304734813,Via Antonio Meucci,,Terram?ini - Is Bingias,Municipalidadi de Pirri/Municipalit? di Pirri
304734814,Via Gerolamo Cardano,17,Terram?ini - Is Bingias,Municipalidadi de Pirri/Municipalit? di Pirri
304734819,Via Giovanni Battista Venturi,13,Terram?ini - Is Bingias,Municipalidadi de Pirri/Municipalit? di Pirri
304734821,Via Giovanni Battista Venturi,16,Terram?ini - Is Bingias,Municipalidadi de Pirri/Municipalit? di Pirri
304734822,Via Giovanni Battista Venturi,5,Terram?ini - Is Bingias,Municipalidadi de Pirri/Municipalit? di Pirri
304734823,Via Guglielmo Marconi,167,Terram?ini - Is Bingias,Municipalidadi de Pirri/Municipalit? di Pirri
304734827,Via Gerolamo Cardano,25,Terram?ini - Is Bingias,Municipalidadi de Pirri/Municipalit? di Pirri
304734829,Via Guglielmo Marconi,175,Terram?ini - Is Bingias,Municipalidadi de Pirri/Municipalit? di Pirri
304734841,Via Valerio Pisano,4,Terram?ini - Is Bingias,Municipalidadi de Pirri/Municipalit? di Pirri
304740408,Via Flavio Gioia,123,,CEP
304740409,Via Flavio Gioia,123,,CEP
304740412,Via Talete,19e,,CEP
304740427,Via Archimede,,,CEP
304740430,Via Archimede,15,,CEP
304740443,Via Paolo Ruffini,16,,CEP
304740448,Piazza Pitagora,6,,CEP
304742283,Via Edmondo De Magistris,1,,Tuvixeddu-Tuvumannu
304742287,Via Edmondo De Magistris,6,,Sant'Avendrace-Santa Gilla
304742292,Viale Trento,60,,Sant'Avendrace-Santa Gilla
304742299,Via Bainsizza,37,,Tuvixeddu-Tuvumannu
304742302,Via Montixeddu,9,,Tuvixeddu-Tuvumannu
304742303,Via Bainsizza,41,,Tuvixeddu-Tuvumannu
304742308,Via Nazario Sauro,13,,Sant'Avendrace-Santa Gilla
304742309,Via Goffredo Mameli,222,,Sant'Avendrace-Santa Gilla
304742310,Via Goffredo Mameli,193,,Sant'Avendrace-Santa Gilla
304742315,Via Cesare Battisti,14,,Sant'Avendrace-Santa Gilla
304742316,Viale Trento,55,,Sant'Avendrace-Santa Gilla
304742317,Via Cesare Battisti,19,,Sant'Avendrace-Santa Gilla
304742319,Viale Trieste,190,,Sant'Avendrace-Santa Gilla
304742320,Via Cedrino,1,,Sant'Avendrace-Santa Gilla
304742334,Via Tirso,21,,Sant'Avendrace-Santa Gilla
304742336,Via Santa Gilla,34,,Sant'Avendrace-Santa Gilla
304742339,Via Santa Gilla,117,,Sant'Avendrace-Santa Gilla
304742340,Via Ticino,5,,Sant'Avendrace-Santa Gilla
304742341,Via Adige,32,,Sant'Avendrace-Santa Gilla
304742342,Via Tevere,16,,Sant'Avendrace-Santa Gilla
304742343,Via Piave,42,,Sant'Avendrace-Santa Gilla
304742344,Via Volturno,28,,Sant'Avendrace-Santa Gilla
304742345,Via Arno,2,,Sant'Avendrace-Santa Gilla
304742346,Viale Sant'Avendrace,176,,Sant'Avendrace-Santa Gilla
304742347,Via Arno,35,,Sant'Avendrace-Santa Gilla
304742348,Via Volturno,18c,,Sant'Avendrace-Santa Gilla
304742349,Via Isonzo,32,,Sant'Avendrace-Santa Gilla
304742350,Via Santa Gilla,111,,Sant'Avendrace-Santa Gilla
304742351,Via Tagliamento,2,,Sant'Avendrace-Santa Gilla
304742352,Via Tevere,2,,Sant'Avendrace-Santa Gilla
304742353,Via Tirso,2,,Sant'Avendrace-Santa Gilla
304742356,Via Santa Gilla,27,,Sant'Avendrace-Santa Gilla
304742357,Viale Sant'Avendrace,87,,Sant'Avendrace-Santa Gilla
304743219,Via San Paolo,,,Sant'Avendrace-Santa Gilla
304743226,Via San Paolo,,,Sant'Avendrace-Santa Gilla
304743248,Via San Paolo,,,Sant'Avendrace-Santa Gilla
304743266,SS195racc,,,Sant'Avendrace-Santa Gilla
304743311,Via dei Calafati,,,Stampaxi/Stampace
304743315,Via dei Calafati,,,Stampaxi/Stampace
304743319,Via dei Calafati,,,Stampaxi/Stampace
304743335,Via San Paolo,,,Sant'Avendrace-Santa Gilla
304762046,Via Cornalias,67a,,Is Mirrionis
304762050,Via Quintino Sella,94,,Is Mirrionis
304762063,Via Riccardo Bacchelli,18a,,Tuvixeddu-Tuvumannu
304762066,Via Riccardo Bacchelli,16b,,Tuvixeddu-Tuvumannu
304762071,Via Agostino Castelli,27,,Tuvixeddu-Tuvumannu
304762072,Via Agostino Castelli,19,,Tuvixeddu-Tuvumannu
304762073,Via Monte Grappa,5,,Sant'Avendrace-Santa Gilla
304762075,Via Codroipo,16,,Sant'Avendrace-Santa Gilla
304762076,Via Is Maglias,100,,Tuvixeddu-Tuvumannu
304762079,Via Montello,3a,,Sant'Avendrace-Santa Gilla
304762080,Viale Sant'Avendrace,325,,Sant'Avendrace-Santa Gilla
304762082,Viale Sant'Avendrace,259,,Sant'Avendrace-Santa Gilla
304763196,Viale Monastir,53,,San Michele
304763199,Viale Monastir,78,,Sant'Avendrace-Santa Gilla
304763200,Piazza San Michele,1,,San Michele
304763201,Viale Elmas,33,,Sant'Avendrace-Santa Gilla
304763206,Viale Monastir,91,,San Michele
304763207,Via Simeto,20,,Sant'Avendrace-Santa Gilla
304763209,Via Garigliano,19,,Sant'Avendrace-Santa Gilla
304763210,Viale Elmas,28,,Sant'Avendrace-Santa Gilla
304763211,Via Simeto,3a,,Sant'Avendrace-Santa Gilla
304763213,Via Brenta,,,Sant'Avendrace-Santa Gilla
304763215,,,,Sant'Avendrace-Santa Gilla
304763220,Via Brenta,18,,Sant'Avendrace-Santa Gilla
304763228,,,,Sant'Avendrace-Santa Gilla
304763230,,,,Sant'Avendrace-Santa Gilla
304763463,Via Enrico Serpieri,6e,,Is Mirrionis
304763464,Via Enrico Serpieri,20,,Is Mirrionis
304763465,Via Enrico Serpieri,10b,,Is Mirrionis
304763467,Via Enrico Serpieri,14a,,Is Mirrionis
304763470,Via Enrico Serpieri,8,,Is Mirrionis
304763471,Via Enrico Serpieri,6a,,Is Mirrionis
304763473,Via Enrico Serpieri,4a,,Is Mirrionis
304763476,Via Edward Jenner,1,,San Michele
304763477,Via Edward Jenner,1,,San Michele
304763486,,,,San Michele
304763489,Piazzale Alessandro Ricchi,2,,San Michele
304763503,Via Cornalias,221,,Mulinu Becciu
304763504,Via Franco Serantini,,,Mulinu Becciu
304763673,Via Ruggero Bacone,2,Monreale,Municipalidadi de Pirri/Municipalit? di Pirri
304763674,Via Stamira,,Monreale,Municipalidadi de Pirri/Municipalit? di Pirri
304763683,Via Ruggero Bacone,6,Monreale,Municipalidadi de Pirri/Municipalit? di Pirri
304763685,Via San Tommaso d'Aquino,20,Monreale,Municipalidadi de Pirri/Municipalit? di Pirri
304763689,Via Platone,3,Monreale,Municipalidadi de Pirri/Municipalit? di Pirri
304763690,Via Platone,12,Monreale,Municipalidadi de Pirri/Municipalit? di Pirri
304763692,Via Su Planu,56,Villa Doloretta,Municipalidadi de Pirri/Municipalit? di Pirri
304763704,Via Giovanni Acuto,1,Monreale,Municipalidadi de Pirri/Municipalit? di Pirri
304763705,Via Dino Buzzati,1,Barracca Manna,Municipalidadi de Pirri/Municipalit? di Pirri
304763706,Via Tamburino Sardo,72,Barracca Manna,Municipalidadi de Pirri/Municipalit? di Pirri
304763707,Via Tamburino Sardo,86,Barracca Manna,Municipalidadi de Pirri/Municipalit? di Pirri
304763709,Via Tamburino Sardo,100,Barracca Manna,Municipalidadi de Pirri/Municipalit? di Pirri
304763710,Via Tamburino Sardo,112,Barracca Manna,Municipalidadi de Pirri/Municipalit? di Pirri
304764036,Via Stefano Efisio Gramignano,2,Barracca Manna,Municipalidadi de Pirri/Municipalit? di Pirri
304764041,Via del Timo,,Barracca Manna,Municipalidadi de Pirri/Municipalit? di Pirri
304764048,Via Francesco Riso,50,Barracca Manna,Municipalidadi de Pirri/Municipalit? di Pirri
304764051,Via Giuseppe Ungaretti,39,Barracca Manna,Municipalidadi de Pirri/Municipalit? di Pirri
304764054,Via Alberto Moravia,2,Barracca Manna,Municipalidadi de Pirri/Municipalit? di Pirri
304764080,Via Salvatore di Giacomo,27,Barracca Manna,Municipalidadi de Pirri/Municipalit? di Pirri
304764087,Via Max Leopold Wagner,4,Barracca Manna,Municipalidadi de Pirri/Municipalit? di Pirri
304764098,Via Salvatore di Giacomo,23,Barracca Manna,Municipalidadi de Pirri/Municipalit? di Pirri
304764101,Via Sibilla Aleramo,4,Barracca Manna,Municipalidadi de Pirri/Municipalit? di Pirri
304764107,Via Sibilla Aleramo,16,Barracca Manna,Municipalidadi de Pirri/Municipalit? di Pirri
304764119,Via Angelo Tarantini,15,Barracca Manna,Municipalidadi de Pirri/Municipalit? di Pirri
304764125,Via Giuseppe Ungaretti,18,Barracca Manna,Municipalidadi de Pirri/Municipalit? di Pirri
304764129,Via Barracca Manna,50,Barracca Manna,Municipalidadi de Pirri/Municipalit? di Pirri
304764131,Via del Bosso,10,Barracca Manna,Municipalidadi de Pirri/Municipalit? di Pirri
306145817,Viale Poetto,,,Borgo Sant'Elia
306145821,Via Lungo Saline,1,,Poetto-Medau su Cramu
306145825,Via Lungo Saline,,,Poetto-Medau su Cramu
306145832,Via Lungo Saline,,,Poetto-Medau su Cramu
306145848,Via Capri,35,,Poetto-Medau su Cramu
306145852,Viale Poetto,144,,Poetto-Medau su Cramu
306145861,Viale Poetto,75,,Poetto-Medau su Cramu
306145863,Via Vulcano,,,Poetto-Medau su Cramu
306145867,Viale Poetto,91,,Poetto-Medau su Cramu
306145869,Viale Poetto,262,,Poetto-Medau su Cramu
306146619,Via Lungo Saline,,,Poetto-Medau su Cramu
306146624,Via Lungo Saline,,,Poetto-Medau su Cramu
306146634,Via Lungo Saline,,,Poetto-Medau su Cramu
306146647,Via Lungo Saline,,,Poetto-Medau su Cramu
306146929,Via Isola San Pietro,,,Poetto-Medau su Cramu
306146932,Via Isola San Pietro,1,,Poetto-Medau su Cramu
306221921,Via Lungo Saline,,,Poetto-Medau su Cramu
306221954,,,,Poetto-Medau su Cramu
306221957,Via Lungo Saline,,,Poetto-Medau su Cramu
306222209,Via Elba,7,,Poetto-Medau su Cramu
306222210,Via Lungo Saline,7,,Poetto-Medau su Cramu
306222211,Via Gorgona,4,,Poetto-Medau su Cramu
306222212,Via Lungo Saline,37,,Poetto-Medau su Cramu
306222213,Via Lungo Saline,43,,Poetto-Medau su Cramu
306222215,Via Lungo Saline,47,,Poetto-Medau su Cramu
306222216,Via Lungo Saline,55,,Poetto-Medau su Cramu
306222219,Via Lungo Saline,101,,Poetto-Medau su Cramu
306222224,Via dell'Ippodromo,8a,,Poetto-Medau su Cramu
306222275,Viale Poetto,33,,Poetto-Medau su Cramu
306222283,Via Capri,1,,Poetto-Medau su Cramu
306222328,Via dei Villini,5,,Poetto-Medau su Cramu
306222351,Via Montecristo,4,,Poetto-Medau su Cramu
306222384,Via Ponza,10,,Poetto-Medau su Cramu
306222386,Via Ischia,6,,Poetto-Medau su Cramu
306222423,Via Vulcano,,,Poetto-Medau su Cramu
306222424,Via Vulcano,,,Poetto-Medau su Cramu
306222425,Via Vulcano,,,Poetto-Medau su Cramu
306222441,Via Isola Stromboli,6,,Poetto-Medau su Cramu
306222463,Via Ausonia,55,,Poetto-Medau su Cramu
306222464,Via Ausonia,65,,Poetto-Medau su Cramu
306222465,Via Ausonia,69,,Poetto-Medau su Cramu
306222467,Via Ausonia,77,,Poetto-Medau su Cramu
306222473,Via dei Fantini,10,,Poetto-Medau su Cramu
306222601,Via Rodi,5,,Poetto-Medau su Cramu
306222616,Via Isola Molara,29,,Poetto-Medau su Cramu
306222617,Via Isola San Pietro,5a,,Poetto-Medau su Cramu
306222658,Via Isola Molara,14,,Poetto-Medau su Cramu
306222663,Via Rodi,41,,Poetto-Medau su Cramu
306223497,Via Lungo Saline,,,Poetto-Medau su Cramu
306223506,Traversa di Viale Calamosca,,,Borgo Sant'Elia
306223514,Traversa di Viale Calamosca,,,Borgo Sant'Elia
306223776,Viale Calamosca,,,Borgo Sant'Elia
306223777,Viale Calamosca,21,,Borgo Sant'Elia
306223906,Viale Calamosca,,,Borgo Sant'Elia
306223919,Viale Calamosca,43,,Borgo Sant'Elia
306223928,Viale Calamosca,39,,Borgo Sant'Elia
306223940,Viale Calamosca,11,,Borgo Sant'Elia
306223945,Piazza San Bartolomeo,,,Borgo Sant'Elia
306223952,Viale San Bartolomeo,12,,Borgo Sant'Elia
306223989,Piazza San Bartolomeo,12,,Borgo Sant'Elia
306223991,Viale Poetto,60,,Quartiere del Sole
306224015,Asse Mediano di Scorrimento,,,La Palma
306224098,Viale Campioni d'Italia 1969-70,,,Monte Mixi
306294338,Viale Poetto,,,La Palma
306294339,Via Tramontana,2,,La Palma
306294341,Via Aquilone,1,,La Palma
306294342,Via Tramontana,,,La Palma
306294344,Via Tramontana,,,La Palma
306294350,Via Ostro,17,,La Palma
306294351,Via Aquilone,4,,La Palma
306294352,Via Euro,17b,,La Palma
306294353,Via Zeffiro,22,,La Palma
306294354,Via Scirocco,35,,La Palma
306294355,Via Libeccio,28,,La Palma
306294358,Via Favonio,20,,Quartiere del Sole
306294359,Via Favonio,29,,Quartiere del Sole
306294360,Via dell'Astrolabio,15,,Quartiere del Sole
306294361,Via S'Arrulloni,14b,,Quartiere del Sole
306294362,Via Grecale,2,,Quartiere del Sole
306294363,Via Grecale,7,,Quartiere del Sole
306294366,Via Levante,1,,Quartiere del Sole
306294369,Via Scirocco,16,,Quartiere del Sole
306294370,Via Scirocco,16,,Quartiere del Sole
306294371,Via Scirocco,2,,Quartiere del Sole
306294372,Via S'Arrulloni,31,,Quartiere del Sole
306294373,Via del Sestante,9,,Quartiere del Sole
306294377,Via dei Tritoni,30,,Quartiere del Sole
306294379,Via Isola Pantelleria,15,,Quartiere del Sole
306294380,Via del Pozzetto,2,,Quartiere del Sole
306294383,Via S'Arrulloni,8,,Quartiere del Sole
306294384,Via S'Arrulloni,1,,Quartiere del Sole
306294385,Via Procida,1,,Quartiere del Sole
306294387,Via Procida,13,,Quartiere del Sole
306294388,Viale Poetto,106,,Quartiere del Sole
306294389,Via Isola Pantelleria,16,,Quartiere del Sole
306294392,Via Isola Gallinara,14,,Quartiere del Sole
306294393,Viale Poetto,114,,Quartiere del Sole
306294410,Via dei Monsoni,5,,Quartiere del Sole
306296872,Viale Salvatore Ferrara,,,Bonaria
306296874,Viale Salvatore Ferrara,,,Bonaria
306296888,Calata Fiera,,,Bonaria
306296891,Calata Fiera,,,Bonaria
306296893,Calata Fiera,,,Bonaria
306296919,Via Ingegnere Tommaso Fiorelli,1,,La Palma
306296936,Via Ingegnere Tommaso Fiorelli,,,La Palma
306296943,Via Amerigo Vespucci,,,La Palma
306296948,Via Amerigo Vespucci,,,La Palma
306296954,,,,La Palma
306296961,Via Raimondo Carta Raspi,,,Nuovo Borgo Sant'Elia
306296996,Via Raimondo Carta Raspi,,,Nuovo Borgo Sant'Elia
306297010,Viale Salvatore Ferrara,,,Nuovo Borgo Sant'Elia
306297012,Via Raimondo Carta Raspi,,,Nuovo Borgo Sant'Elia
306297015,Via Francesco Alziator,49,,Nuovo Borgo Sant'Elia
306297075,Viale Salvatore Ferrara,,,Nuovo Borgo Sant'Elia
306297086,,,,Nuovo Borgo Sant'Elia
306297100,Via Amerigo Vespucci,,,Nuovo Borgo Sant'Elia
306297135,Via Amerigo Vespucci,,,Nuovo Borgo Sant'Elia
306297145,Via Amerigo Vespucci,,,Nuovo Borgo Sant'Elia
306297175,,,,Nuovo Borgo Sant'Elia
306297203,Viale Salvatore Ferrara,,,Nuovo Borgo Sant'Elia
306299123,Viale Salvatore Ferrara,,,Nuovo Borgo Sant'Elia
306299125,Via Ferdinando Magellano,,,Nuovo Borgo Sant'Elia
306299165,Via Piero Schiavazzi,,,Nuovo Borgo Sant'Elia
306299169,Via Piero Schiavazzi,52,,Nuovo Borgo Sant'Elia
306299174,Via del Borgo Sant'Elia,13,,Nuovo Borgo Sant'Elia
306299177,Via del Borgo Sant'Elia,,,Nuovo Borgo Sant'Elia
306299182,Via del Borgo Sant'Elia,,,Borgo Sant'Elia
306299195,Via dei Navigatori,,,Nuovo Borgo Sant'Elia
306299206,Via dei Navigatori,,,Nuovo Borgo Sant'Elia
306299208,Via del Borgo Sant'Elia,9,,Nuovo Borgo Sant'Elia
306299216,Via del Borgo Sant'Elia,2,,Borgo Sant'Elia
306299219,Via del Borgo Sant'Elia,,,Borgo Sant'Elia
306299221,Via Gavino Gabriel,2,,Borgo Sant'Elia
306299222,Via dei Musicisti,11,,Borgo Sant'Elia
306299224,Via dei Musicisti,42,,Borgo Sant'Elia
306299225,Via Giovanni Manurita,8,,Borgo Sant'Elia
306299235,Via Renato Fasano,11,,Borgo Sant'Elia
306299244,Via Carmen Melis,2,,Borgo Sant'Elia
306299258,Via Maria Luisa De Carolis,,,Borgo Sant'Elia
306299279,Via Carmen Melis,18,,Borgo Sant'Elia
306299295,Viale San Bartolomeo,,,La Palma
306299305,Viale Salvatore Ferrara,,,Nuovo Borgo Sant'Elia
306299313,Via Amerigo Vespucci,,,Nuovo Borgo Sant'Elia
306299317,Viale Poetto,,,Borgo Sant'Elia
306299328,Via Lungo Saline,,,Poetto-Medau su Cramu
306299344,Via Ischia,5,,Poetto-Medau su Cramu
3065557454,Calata Fiera,,,Bonaria
3069833826,,,,Sant'Avendrace-Santa Gilla
3069833827,,,,Sant'Avendrace-Santa Gilla
3072718457,Via Tamburino Sardo,100,Barracca Manna,Municipalidadi de Pirri/Municipalit? di Pirri
3077600976,Viale Bonaria,,,Bonaria
3077600979,Viale Cimitero,,,Bonaria
3077600986,Via San Lucifero,,,Bonaria
3077600989,Via Dante Alighieri,,,Bonaria
3077600990,Via Gianquinto De Gioannis,,,Bonaria
3077600991,Via Dante Alighieri,,,Bonaria
3077600992,Viale Cimitero,29,,Bonaria
3077600999,Via Dante Alighieri,,,Bonaria
3078426928,Via Ravenna,,,Bonaria
3078426932,Via Ravenna,,,Bonaria
3078449636,Via Ravenna,,,Bonaria
3078449637,Piazza Bonaria,,,Bonaria
3078449645,Viale Bonaria,,,Bonaria
3078449652,Viale Bonaria,,,Bonaria
3078449661,Viale Bonaria,,,Bonaria
3078449664,Viale Bonaria,,,Bonaria
3078449670,Via Vittorio Bottego,,,Bonaria
3078449671,Viale Bonaria,,,Bonaria
3078449680,Piazza Bonaria,,,Bonaria
3078449681,Piazza Bonaria,,,Bonaria
3078449689,Piazza Bonaria,,,Bonaria
3078449695,Piazza Bonaria,,,Bonaria
3078449698,Piazza Bonaria,,,Bonaria
3078449700,,,,
3078449702,Viale Bonaria,,,Bonaria
3078449704,Via Ravenna,,,Bonaria
3078449705,Via Ravenna,,,Bonaria
3078449706,Piazza Bonaria,,,Bonaria
3078449707,Piazza Bonaria,,,Bonaria
3078449708,Viale Bonaria,,,Bonaria
3078449709,Viale Bonaria,,,Bonaria
3078449710,Viale Cimitero,,,Bonaria
3078449711,Viale Bonaria,,,Bonaria
3078449712,Viale Bonaria,,,Bonaria
3078449714,Viale Cimitero,,,Bonaria
3078449718,Via Ravenna,,,Bonaria
3078449720,Via Ravenna,,,Bonaria
3078449721,Via Ravenna,,,Bonaria
3078449722,Viale Cimitero,,,Bonaria
3078449723,Viale Cimitero,,,Bonaria
3078449724,Viale Cimitero,,,Bonaria
3078449725,Viale Cimitero,,,Bonaria
3078449726,Via Stanislao Caboni,13,,Bonaria
3078449727,Via Stanislao Caboni,13,,Bonaria
3078449728,Viale Cimitero,,,Bonaria
3078449729,Viale Cimitero,,,Bonaria
3078449731,Viale Cimitero,,,Bonaria
3078449732,Via Ravenna,,,Bonaria
3078449733,Viale Cimitero,29,,Bonaria
3078449734,Via Ravenna,,,Bonaria
3078449736,Viale Cimitero,,,Bonaria
3078449737,Viale Cimitero,,,Bonaria
3078449738,Viale Cimitero,,,Bonaria
3078449739,Viale Cimitero,,,Bonaria
3078449740,Viale Cimitero,,,Bonaria
3078449742,Via Stanislao Caboni,13,,Bonaria
3078449743,Via Ravenna,,,Bonaria
3078449744,Via Ravenna,,,Bonaria
3078449745,Via Stanislao Caboni,13,,Bonaria
3078449746,Via Stanislao Caboni,13,,Bonaria
3078449747,Via Stanislao Caboni,13,,Bonaria
3078449748,Via Ravenna,,,Bonaria
3078449749,Via Ravenna,,,Bonaria
3078449750,Via Ravenna,,,Bonaria
3078449751,Via Ravenna,,,Bonaria
3078449752,Viale Cimitero,,,Bonaria
3078449753,Viale Cimitero,,,Bonaria
3078449754,Via Ravenna,,,Bonaria
3078449755,Via Ravenna,,,Bonaria
3078449756,Via Ravenna,,,Bonaria
3078449757,Via Ravenna,,,Bonaria
3078449758,Via Ravenna,,,Bonaria
3078449759,Viale Cimitero,,,Bonaria
3078449760,Viale Cimitero,,,Bonaria
3078449761,,,,
3078449762,Viale Cimitero,,,Bonaria
3078449763,Viale Cimitero,,,Bonaria
3078449764,Viale Cimitero,29,,Bonaria
3078449769,Viale Cimitero,29,,Bonaria
3078449770,Via Dante Alighieri,,,Bonaria
3078449771,Via San Lucifero,,,Bonaria
3078449772,Via Dante Alighieri,,,Bonaria
3078449773,Via Dante Alighieri,,,Bonaria
3078449774,Via San Lucifero,,,Bonaria
3078449775,Via Pietro Quesada,,,Bonaria
3078449776,Via Pietro Quesada,,,Bonaria
3078449777,Via Pietro Quesada,,,Bonaria
3078449778,Via Pietro Quesada,,,Bonaria
3078449779,Via Pietro Quesada,,,Bonaria
3078449780,Via Pietro Quesada,,,Bonaria
3078449781,Viale Cimitero,,,Bonaria
3078449783,Via Dante Alighieri,,,Bonaria
3078449786,Via San Lucifero,,,Bonaria
3078449787,Via San Lucifero,,,Bonaria
3078449788,Via Dante Alighieri,,,Bonaria
3078449789,Via Gianquinto De Gioannis,,,Bonaria
3078449790,Via Dante Alighieri,,,Bonaria
3078449791,Via Dante Alighieri,,,Bonaria
3078449792,Via Dante Alighieri,,,Bonaria
3078449793,Via San Lucifero,,,Bonaria
3078449794,Via Pietro Quesada,,,Bonaria
3078449795,Via Pietro Quesada,,,Bonaria
3078449796,Via Pietro Quesada,,,Bonaria
3078449797,Via Pietro Quesada,,,Bonaria
3078449798,Via San Lucifero,,,Bonaria
3078449800,Via San Lucifero,,,Bonaria
3078449802,Via San Lucifero,,,Bonaria
3078449803,Via Dante Alighieri,,,Bonaria
3078449804,Via San Lucifero,,,Bonaria
3078449805,Via Dante Alighieri,,,Bonaria
3078449806,Via Dante Alighieri,,,Bonaria
3078449808,Via Dante Alighieri,,,Bonaria
3078449809,Via Dante Alighieri,,,Bonaria
3093675494,Piazza Edmondo De Amicis,3,Terram?ini - Is Bingias,Municipalidadi de Pirri/Municipalit? di Pirri
3093675511,Via Andr? Marie Ampere,,Terram?ini - Is Bingias,Municipalidadi de Pirri/Municipalit? di Pirri
3093675524,Via Andr? Marie Ampere,11,Terram?ini - Is Bingias,Municipalidadi de Pirri/Municipalit? di Pirri
3093677149,Vico di Via Dolianova,,Terram?ini - Is Bingias,Municipalidadi de Pirri/Municipalit? di Pirri
3093677150,Vico di Via Dolianova,,Terram?ini - Is Bingias,Municipalidadi de Pirri/Municipalit? di Pirri
3093677152,Via Italia,91,Terram?ini - Is Bingias,Municipalidadi de Pirri/Municipalit? di Pirri
3093677153,Via Italia,91,Terram?ini - Is Bingias,Municipalidadi de Pirri/Municipalit? di Pirri
3093831744,Viale Roberto Pisano,9,Terram?ini - Is Bingias,Municipalidadi de Pirri/Municipalit? di Pirri
3093831751,Viale Roberto Pisano,7,Terram?ini - Is Bingias,Municipalidadi de Pirri/Municipalit? di Pirri
3093855102,Via Flavio Gioia,121,,CEP
3093855109,Via Augusto Righi,71,,CEP
3093865711,Via Archimede,2,,CEP
3093865712,Via Stanislao Cannizzaro,29a,,CEP
3093865719,Via Archimede,6a,,CEP
3093865720,Via Evangelista Torricelli,10,,CEP
3093865721,Via Evangelista Torricelli,23,Monteleone - Santa Rosalia,Fonsarda
3093865722,Via Archimede,12a,,CEP
3093865727,Via Avogadro di Collobiano,15,,CEP
3093865728,Via Avogadro di Collobiano,4,,CEP
3093866829,Via Avogadro di Collobiano,2,,CEP
3093866836,Via Avogadro di Collobiano,7,,CEP
3093866837,Via Evangelista Torricelli,21,Monteleone - Santa Rosalia,Municipalidadi de Pirri/Municipalit? di Pirri
3093866839,Via Flavio Gioia,,,CEP
3093998101,Via Riva di Ponente,4,,Stampaxi/Stampace
3093998103,Via Riva di Ponente,4,,Stampaxi/Stampace
3093998107,Traversa di Viale La Plaia,6,,Stampaxi/Stampace
3093998109,Traversa di Viale La Plaia,3,,Stampaxi/Stampace
3094014067,Viale La Plaia,11,,Stampaxi/Stampace
3094014071,Viale La Plaia,11,,Stampaxi/Stampace
3094049868,Via La Palma,,,La Palma
3094049875,Via La Palma,,,La Palma
3094049876,Via La Palma,,,La Palma
3094049881,Percorso ciclopedonale Parco di Molentargius,,,Poetto-Medau su Cramu
3094049889,Via La Palma,,,La Palma
3094049894,Percorso ciclopedonale Parco di Molentargius,,,Poetto-Medau su Cramu
3094276307,Strada Comunale Is Arenas,,,Poetto-Medau su Cramu
3094276309,Strada Comunale Is Arenas,,,Poetto-Medau su Cramu
3094276318,,,,Poetto-Medau su Cramu
3094283532,Strada Comunale Is Arenas,,Is Arenas,Poetto-Medau su Cramu
309847327,Via Michele Giua,,,Sant'Avendrace-Santa Gilla
309848275,Via dei Carroz,,,Fonsarda
309848278,Via dei Carroz,10,,Fonsarda
309848281,Via dei Carroz,,,Fonsarda
309848285,Via dei Carroz,,,Fonsarda
309848286,Via Guantino Cavallino,58,,Fonsarda
309848290,Asse Mediano di Scorrimento,,,Fonsarda
309848291,Via Alberto Riva Villasanta,234,,Fonsarda
309848495,Via Vincenzo Cuoco,43,Monteleone - Santa Rosalia,Municipalidadi de Pirri/Municipalit? di Pirri
309848499,Vico Terzo di Via Alberto Riva Villasanta,11,Monteleone - Santa Rosalia,Municipalidadi de Pirri/Municipalit? di Pirri
309848502,Via Alberto Riva Villasanta,226,Monteleone - Santa Rosalia,Municipalidadi de Pirri/Municipalit? di Pirri
309849377,Via Cristoforo Colombo,14,,Bonaria
309849493,,,,
309849495,Via Campidano,12;5,,Bonaria
309850457,Viale Poetto,,,Borgo Sant'Elia
309850461,Viale Poetto,21,,Borgo Sant'Elia
309850466,Viale Poetto,27,,Borgo Sant'Elia
309850467,Viale Poetto,,,Borgo Sant'Elia
309850469,Viale Campioni d'Italia 1969-70,,,La Palma
309851187,Via John Davison Rockefeller,73,,Bonaria
309853032,,,,Sant'Avendrace-Santa Gilla
309853059,,,,Sant'Avendrace-Santa Gilla
309853132,,,,Sant'Avendrace-Santa Gilla
309853145,,,,Sant'Avendrace-Santa Gilla
309853207,Strada Statale 195 var Sulcitana,,,Sant'Avendrace-Santa Gilla
309853231,,,,Sant'Avendrace-Santa Gilla
309853235,,,,
309853238,,,,Sant'Avendrace-Santa Gilla
309853278,,,,Sant'Avendrace-Santa Gilla
3129277331,Calata Mercedari,,,Bonaria
313332533,Viale Buoncammino,,,Stampaxi/Stampace
313332538,Via dell'Anfiteatro,,,Stampaxi/Stampace
313332539,Viale Buoncammino,,,Stampaxi/Stampace
313332540,Viale Buoncammino,,,Stampaxi/Stampace
313332543,Viale Buoncammino,,,Stampaxi/Stampace
313332544,Viale Monsignor Luigi Giussani,,,Stampaxi/Stampace
313482285,Via San Giorgio,,,Stampaxi/Stampace
313482293,Via San Giorgio,,,Stampaxi/Stampace
313606738,Via Tuvumannu,2,,Tuvixeddu-Tuvumannu
313606740,Via Is Mirrionis,28,,Tuvixeddu-Tuvumannu
313607055,Via Is Mirrionis,11a,,Is Mirrionis
313609084,Via Marengo,45,,Tuvixeddu-Tuvumannu
313677521,Via Riva di Ponente,6,,Stampaxi/Stampace
313677525,Via Riva di Ponente,10,,Stampaxi/Stampace
313680513,Via Is Mirrionis,72b,,Tuvixeddu-Tuvumannu
313719195,Via San Benedetto,2h,,San Benedetto
313720148,Via Sassari,26,,Stampaxi/Stampace
313736984,Via San Simone,,,Sant'Avendrace-Santa Gilla
313736993,Via Santa Gilla,131,,Sant'Avendrace-Santa Gilla
314898763,Viale Buoncammino,4,,Stampaxi/Stampace
314898764,Viale Buoncammino,3,,Stampaxi/Stampace
314898794,Viale Regina Margherita,77,,Biddanoa/Villanova
314898800,Viale Regina Margherita,33,,Bonaria
314898825,Via Molo Sant'Agostino,,,Stampaxi/Stampace
314899302,Via dei Pisani,1,,Lapola/Marina
314899326,Viale Regina Margherita,33,,Bonaria
314905892,Via dei Genovesi,132,,Castedd'e susu/Castello
314906568,,,,Stampaxi/Stampace
314907192,,,,Lapola/Marina
314938636,Via Castelfidardo,7a,,Tuvixeddu-Tuvumannu
314939162,Traversa di Via Pastrengo,8,,Tuvixeddu-Tuvumannu
314939164,Via Turbigo,16,,Tuvixeddu-Tuvumannu
314939361,Via Is Mirrionis,5,,Is Mirrionis
314941252,Calata Roma,,,Lapola/Marina
314953318,Piazza Arsenale,4,,Stampaxi/Stampace
314953713,Via Nazario Sauro,32,,Sant'Avendrace-Santa Gilla
314961217,Via Gabriello Chiabrera,,,Fonsarda
314961291,Asse Mediano di Scorrimento,,,Fonsarda
314961602,Viale Francesco Ciusa,125,,Fonsarda
3149619578,Strada Statale 195 Sulcitana,,,Sant'Avendrace-Santa Gilla
314962745,Asse Mediano di Scorrimento,,Villa Doloretta,Municipalidadi de Pirri/Municipalit? di Pirri
314985030,Via Francesco Cocco Ortu,39,,Sant'Alenixedda
314985782,Via Vincenzo Monti,43,,San Benedetto
31498899,Strada Statale 554 Cagliaritana,,,Mulinu Becciu
31498915,Strada Statale 554 Cagliaritana,,,Mulinu Becciu
31498927,Strada Statale 554 Cagliaritana,,,Sant'Avendrace-Santa Gilla
315238586,Via Giuseppe Peretti,,,San Michele
315238589,,,Monreale,San Michele
315238591,,,Monreale,Municipalidadi de Pirri/Municipalit? di Pirri
315238595,,,Barracca Manna,Municipalidadi de Pirri/Municipalit? di Pirri
315238738,,,Barracca Manna,San Michele
315238895,Via Stamira,,Monreale,Municipalidadi de Pirri/Municipalit? di Pirri
315240564,Via Aldo Marongiu,2,,San Michele
315365643,Via Bosco Cappuccio,3,,San Michele
315378644,Via Campidano,42,,Bonaria
315379812,Vico Secondo di Via della Fauna,,,Poetto-Medau su Cramu
315379821,Via della Fauna,26,,Poetto-Medau su Cramu
315379825,Sentiero del Bellarosa Maggiore,,,Poetto-Medau su Cramu
315380470,Via La Palma,3a,,La Palma
315381089,Via dei Papaveri,1,,Poetto-Medau su Cramu
315381090,Via del Sale,18,,Poetto-Medau su Cramu
315381094,Via Is Arenas,16,,Poetto-Medau su Cramu
315381334,,,,Poetto-Medau su Cramu
315381457,Via Is Arenas,,,Poetto-Medau su Cramu
315381466,Via delle Acacie,37,,Poetto-Medau su Cramu
315381523,Via del Prato Fiorito,,,Poetto-Medau su Cramu
315381754,Via delle Mimose,10,,Poetto-Medau su Cramu
315382073,Via Is Arenas,4,,Poetto-Medau su Cramu
3188719451,Viale Cimitero,,,Bonaria
3189017175,,,,Bonaria
3306235966,,,,La Palma
3306235970,,,,La Palma
3306235971,,,,La Palma
3306235974,,,,La Palma
3306235976,,,,La Palma
3306235977,Viale Campioni d'Italia 1969-70,,,La Palma
3306235984,,,,La Palma
3334502596,Viale Poetto,,,La Palma
3334502599,Via Tramontana,,,La Palma
3340334002,Via Sant'Ignazio da Laconi,,,Stampaxi/Stampace
3340334009,Vico Primo di Viale Luigi Merello,,,Stampaxi/Stampace
3358252570,Via Tramontana,,,Borgo Sant'Elia
3358252576,Viale Poetto,,,Borgo Sant'Elia
3363528669,Viale Poetto,,,La Palma
3363528671,Via Tramontana,,,La Palma
3373443342,Via Edward Jenner,,,Is Mirrionis
3375251398,Calata Azuni,,,Stampaxi/Stampace
3375251406,Via Sassari,24,,Stampaxi/Stampace
3375251421,Largo Carlo Felice di Savoia,21,,Lapola/Marina
3375251424,Largo Carlo Felice di Savoia,58,,Stampaxi/Stampace
3375251425,Via Goffredo Mameli,1,,Stampaxi/Stampace
3375251432,Via Goffredo Mameli,7,,Stampaxi/Stampace
3375251447,Piazza Yenne,5,,Stampaxi/Stampace
3375251452,Via Sassari,,,Stampaxi/Stampace
3375251455,Via Domenico Alberto Azuni,1,,Stampaxi/Stampace
3378357264,Piazza Costituzione,9a,,Castedd'e susu/Castello
3378357265,Piazza Costituzione,9,,Castedd'e susu/Castello
3378357291,Piazza Costituzione,9a,,Castedd'e susu/Castello
3378357292,Piazza Costituzione,9a,,Castedd'e susu/Castello
3378550088,Terrazza Umberto I,,,Castedd'e susu/Castello
3497595457,Via Praga,,,Genneruxi
3497595458,Via Praga,,,Genneruxi
3497595461,Via Giuseppe Mercalli,,,Genneruxi
3497595462,Via Giuseppe Mercalli,,,Genneruxi
3529181730,Via Giovanni Cinquini,,,Is Mirrionis
3529181750,Via Luigi Castaldi,2,,Is Mirrionis
3529194402,Via Monsignor Antonio Parragues,,,Is Mirrionis
3596002368,Via Andrea Cesalpino,1,,Monte Mixi
3596002369,Via Andrea Cesalpino,9,,Monte Mixi
3613235610,Piazza Manlio Scopigno,,,Monte Mixi
3613235613,Piazza Manlio Scopigno,,,Monte Mixi
3613235615,Viale Campioni d'Italia 1969-70,,,Monte Mixi
3613235622,Piazza Manlio Scopigno,,,Monte Mixi
3613235623,Via della Pineta,,,Monte Mixi
3613235625,Piazza Manlio Scopigno,,,Monte Mixi
3613235627,Via Generale Stefano Cagna,,,Monte Mixi
3613235628,Via della Pineta,182,,Monte Mixi
3633046493,Via Montello,16b,,Sant'Avendrace-Santa Gilla
3633046496,Via San Don?,8,,Sant'Avendrace-Santa Gilla
364333752,Via Dante Alighieri,85b,,San Benedetto
364333753,Via Francesco Petrarca,,,Sant'Alenixedda
364333754,Via Dante Alighieri,115,,Sant'Alenixedda
364333755,Via Francesco Todde,2,,Sant'Alenixedda
364333954,Via Dante Alighieri,82,,San Benedetto
364333955,Via Dante Alighieri,72a,,San Benedetto
364333958,Via Grazia Deledda,51,,Bonaria
364333977,Via Annunzio Cervi,11,,San Benedetto
364333979,Via Dante Alighieri,100b,,San Benedetto
364335199,Via Cammino Nuovo,,,Stampaxi/Stampace
364335200,Piazza Santa Croce,,,Castedd'e susu/Castello
364335217,Via Cammino Nuovo,,,Stampaxi/Stampace
3651272626,Via Nebida,27,,Is Mirrionis
3655679902,Viale Roberto Pisano,,Terram?ini - Is Bingias,Municipalidadi de Pirri/Municipalit? di Pirri
3655679904,Via Giuliana Treleani,,Terram?ini - Is Bingias,Municipalidadi de Pirri/Municipalit? di Pirri
366503492,Via Giovanni Cinquini,,,San Michele
366517466,Via Genneruxi,6,,Genneruxi
366517475,Piazza Belgio,6,,Genneruxi
366517476,Via Dublino,6,,Genneruxi
366517478,Via Dublino,2,,Genneruxi
366517480,Piazza Francia,4,,Genneruxi
366517483,Piazza Olanda,4,,Genneruxi
366517485,Piazza Olanda,6,,Genneruxi
366517574,Via Stoccolma,4,,Genneruxi
366517601,Via Budapest,12,,Genneruxi
366517610,Via Budapest,2,,Genneruxi
366517660,Piazza Spagna,2,,Genneruxi
366517662,Piazza Spagna,5a,,Genneruxi
366517664,Piazza Spagna,,,Genneruxi
366517699,Piazza Lussemburgo,1,,Genneruxi
366517701,Piazza Lussemburgo,4,,Genneruxi
366517704,Piazza Svizzera,4,,Genneruxi
366517706,Piazza Svizzera,1,,Genneruxi
366517772,Via Stoccolma,1,,Genneruxi
366517845,Via Praga,,,Genneruxi
366517847,Via Praga,,,Genneruxi
366517884,Piazza Svizzera,6,,Genneruxi
367928610,Via del Borgo Sant'Elia,,,Borgo Sant'Elia
368031742,Via Corte d'Appello,79a,,Castedd'e susu/Castello
368031745,Via Corte d'Appello,37,,Castedd'e susu/Castello
368031746,Via Corte d'Appello,,,Castedd'e susu/Castello
368031750,Piazza San Giuseppe,2,,Castedd'e susu/Castello
368031751,Via Cammino Nuovo,8,,Castedd'e susu/Castello
368031754,Via Stretta,39,,Castedd'e susu/Castello
368031755,Vico Terzo di Via dei Genovesi,6,,Castedd'e susu/Castello
368031839,Vico Terzo di Via dei Genovesi,2,,Castedd'e susu/Castello
368031842,Portico Vivaldi Pasqua,,,Castedd'e susu/Castello
368031843,Vico Primo di Via dei Genovesi,2,,Castedd'e susu/Castello
368032107,Via Alberto Lamarmora,140,,Castedd'e susu/Castello
368032108,Piazza Indipendenza,15,,Castedd'e susu/Castello
368032111,Via Pietro Martini,7,,Castedd'e susu/Castello
368032114,Piazza Palazzo,7,,Castedd'e susu/Castello
368032117,Via del Duomo,1,,Castedd'e susu/Castello
368032197,Vico di Via Pietro Martini,14,,Castedd'e susu/Castello
368032199,Vico Secondo di Via Alberto Lamarmora,6,,Castedd'e susu/Castello
368032202,Via Alberto Lamarmora,59,,Castedd'e susu/Castello
368032212,Vico di Via Pietro Martini,8,,Castedd'e susu/Castello
368032215,Via Nicol? Canelles,66,,Castedd'e susu/Castello
368032216,Piazza Palazzo,,,Castedd'e susu/Castello
368032218,Vico Primo di Via Alberto Lamarmora,10,,Castedd'e susu/Castello
368033056,Via Mario De Candia,5,,Castedd'e susu/Castello
368036227,Via Giovanni Spano,38,,Castedd'e susu/Castello
368042707,Via Edward Jenner,,,San Michele
371068191,Viale Bonaria,33,,Bonaria
371068282,Viale Bonaria,110,,Bonaria
3732874884,Via Is Maglias,,,Tuvixeddu-Tuvumannu
3732874891,Viale Luigi Merello,92,,Tuvixeddu-Tuvumannu
3758451421,Viale Cimitero,,,Bonaria
3758451422,Viale Cimitero,,,Bonaria
3758451423,Viale Cimitero,,,Bonaria
3763287836,,,,Sant'Avendrace-Santa Gilla
3763302834,Strada Statale 195 var Sulcitana,,,Sant'Avendrace-Santa Gilla
3763305365,Strada Statale 195 var Sulcitana,,,Sant'Avendrace-Santa Gilla
3763305382,Strada Statale 195 var Sulcitana,,,Sant'Avendrace-Santa Gilla
3763305389,Strada Statale 195 var Sulcitana,,,Sant'Avendrace-Santa Gilla
3763305401,Strada Statale 195 var Sulcitana,,,Sant'Avendrace-Santa Gilla
3763309268,Strada Statale 195 var Sulcitana,,,Sant'Avendrace-Santa Gilla
3763309329,,,,Sant'Avendrace-Santa Gilla
3763309353,,,,Sant'Avendrace-Santa Gilla
3764268201,,,Barracca Manna,Municipalidadi de Pirri/Municipalit? di Pirri
3764970990,Vico Primo di Via San Giovanni,6,,Biddanoa/Villanova
3764970991,Via Antonio Giovanni Piccioni,17,,Biddanoa/Villanova
3797090699,,,,La Palma
3797090701,,,,La Palma
3797090703,Via Amerigo Vespucci,,,Nuovo Borgo Sant'Elia
3799583889,Vico Primo di Via Giovanni Battista Tuveri,15,,Monte Urpinu
3799583890,Vico Primo di Via Giovanni Battista Tuveri,1,,Monte Urpinu
3799583891,Vico Secondo di Via Giovanni Battista Tuveri,13,,Monte Urpinu
3799583892,Via Giovanni Battista Tuveri,48,,Monte Urpinu
3806824100,Calata dei Mercedari,22,,Bonaria
3809925636,Viale Armando Diaz,,,Bonaria
3809925646,Viale Armando Diaz,40,,Bonaria
3809925647,Viale Armando Diaz,40,,Bonaria
3809925962,Viale Armando Diaz,32,,Bonaria
3809925969,Viale Armando Diaz,,,Bonaria
3809925976,Viale Armando Diaz,,,Bonaria
3809965894,Via Sa Perdixedda,7,,Stampaxi/Stampace
3816218875,Passeggiata di via Roma,,,Lapola/Marina
3816218880,,,,Bonaria
3816218888,,,,Stampaxi/Stampace
3816218889,,,,Stampaxi/Stampace
3877858776,,,,Borgo Sant'Elia
3877858786,,,,Borgo Sant'Elia
3913453487,Via Bartolomeo Colleoni,,Barracca Manna,Municipalidadi de Pirri/Municipalit? di Pirri
3933128976,Via Giuseppe Garibaldi,250,,Biddanoa/Villanova
3961529296,Via Lungo Saline,,,Poetto-Medau su Cramu
3961529297,Via Lungo Saline,,,Poetto-Medau su Cramu
3961529298,Viale Poetto,306,,Poetto-Medau su Cramu
3961529300,Viale Poetto,310,,Poetto-Medau su Cramu
3977789802,Via Giuseppe Anedda,,,Sant'Alenixedda
3977789805,Via Sant'Alenixedda,6,,Sant'Alenixedda
3977789808,Via Ottone Bacaredda,2,,Sant'Alenixedda
3977791340,Piazza Giovanni Ventitreesimo,,,Sant'Alenixedda
3977791361,Piazza Giovanni Ventitreesimo,,,Sant'Alenixedda
3977791416,Piazza John Fitzgerald Kennedy,,,La Vega
3977791419,Via dei Giudicati,,,Sant'Alenixedda
3977791427,Piazza Giovanni Ventitreesimo,,,Sant'Alenixedda
3977791468,Via Liguria,10,,La Vega
3977791596,Via Giovanni Capula,,,Fonsarda
3984233315,Viale Bonaria,,,Bonaria
4018475357,Asse Mediano di Scorrimento,,,Genneruxi
4018475358,Asse Mediano di Scorrimento,,,Genneruxi
4027726060,Vico Terzo Lanusei,,,Bonaria
4028002591,Vico Terzo di Via Lanusei,43,,Bonaria
4034163556,Piazza Attilio Deffenu,,,Bonaria
4034163560,Molo Capitaneria,,,Bonaria
4038324227,Viale Pula,,,Sant'Avendrace-Santa Gilla
4038324228,,,,Sant'Avendrace-Santa Gilla
4038324234,Via Rosa Luxemburg,,,Sant'Avendrace-Santa Gilla
4038324237,,,,Sant'Avendrace-Santa Gilla
4038324326,Via Francesco Masala,31,Is Campus,Municipalidadi de Pirri/Municipalit? di Pirri
4038324330,Via degli Ulivi,34,Is Campus,Municipalidadi de Pirri/Municipalit? di Pirri
4038324333,Via degli Ulivi,32,Is Campus,Municipalidadi de Pirri/Municipalit? di Pirri
4038324336,Via Francesco Masala,5,Is Campus,Municipalidadi de Pirri/Municipalit? di Pirri
4038324337,Via Francesco Blanco,4,Is Campus,Municipalidadi de Pirri/Municipalit? di Pirri
4040156237,,,,Sant'Avendrace-Santa Gilla
4040156238,,,,Sant'Avendrace-Santa Gilla
4040733653,Piazza dei Castellani,,,San Michele
4040733661,Piazza dei Castellani,,,San Michele
4040733668,Piazza dei Castellani,,,San Michele
4040733672,Piazza dei Castellani,,,San Michele
4040733674,Piazza dei Castellani,,,San Michele
4040733679,Piazza dei Castellani,12,,San Michele
4040733680,Piazza dei Castellani,12,,San Michele
4043685818,Via Sulcis,4,,San Michele
4043685832,Via Montiferru,11,,San Michele
4043685840,Via Montiferru,11,,San Michele
4044375176,Via Edward Jenner,18,,San Michele
4044375728,Asse Mediano di Scorrimento,,,San Michele
4044375742,Via Edward Jenner,21,,San Michele
4044375745,Via Edward Jenner,,,San Michele
4044375747,Via Edward Jenner,,,San Michele
4044375749,Via Edward Jenner,21,,San Michele
4044375750,Via Edward Jenner,21,,San Michele
4044375751,Via Edward Jenner,21,,San Michele
4044375752,Pronto Soccorso,,,San Michele
4044375755,Via Edward Jenner,,,San Michele
4044375758,Via Edward Jenner,21,,San Michele
4044375759,Via Edward Jenner,,,San Michele
4044375765,Via Edward Jenner,,,San Michele
4044375766,Via Edward Jenner,,,San Michele
4044375769,Via Edward Jenner,,,San Michele
4044375772,Via Girolamo Araolla,,,
4044375774,Via Edward Jenner,21,,San Michele
4044375775,Via Edward Jenner,21,,San Michele
4044375781,Asse Mediano di Scorrimento,,,San Michele
4044375786,Pronto Soccorso,,,San Michele
4044375789,Via Edward Jenner,,,San Michele
4044375790,Via Edward Jenner,21,,San Michele
4044375796,Via Edward Jenner,,,San Michele
4044375809,Pronto Soccorso,,,San Michele
4044375820,Pronto Soccorso,,,San Michele
4044375822,Pronto Soccorso,,,San Michele
4044375833,Via Edward Jenner,21,,San Michele
4044375853,Piazzale Alessandro Ricchi,2,,San Michele
4044375861,Piazzale Alessandro Ricchi,2,,San Michele
4044375874,Piazzale Alessandro Ricchi,2,,San Michele
4044375953,Via Girolamo Araolla,,,
4044375956,Via Giuseppe Peretti,,,San Michele
4044375961,Via Giuseppe Peretti,,,San Michele
4044375963,Piazzale Alessandro Ricchi,,,
4044544669,Viale San Vincenzo,53,,La Vega
4044544820,Via Basilicata,21,,La Vega
4044544821,Via Basilicata,,,La Vega
4046518502,Viale Poetto,44,,Quartiere del Sole
4046518504,Viale San Bartolomeo,,,Borgo Sant'Elia
4046518506,Viale San Bartolomeo,,,Borgo Sant'Elia
4047786850,Piazza San Michele,4,,San Michele
4047872654,Via Monte Santo,,,Tuvixeddu-Tuvumannu
4047872669,Via Is Mirrionis,,,Tuvixeddu-Tuvumannu
4047872671,Via Is Mirrionis,,,Tuvixeddu-Tuvumannu
4047872672,Via Timavo,37,,Tuvixeddu-Tuvumannu
4047872679,Via Timavo,68a,,Is Mirrionis
4047872682,Via Anglona,1,,Is Mirrionis
4047872686,Via Timavo,39,,Tuvixeddu-Tuvumannu
4047872687,Via La Nurra,2,,Is Mirrionis
4047874789,Via Is Mirrionis,193,,Is Mirrionis
4047987028,Via Val Venosta,5,,Is Mirrionis
4047987031,Piazza Granatieri di Sardegna,12,,Is Mirrionis
4050345394,Via Oslavia,,,Tuvixeddu-Tuvumannu
4050345396,Via Oslavia,6,,Tuvixeddu-Tuvumannu
4050345651,Via Falzarego,,,Sant'Avendrace-Santa Gilla
4050345684,Sentiero nel parco di Tuvixeddu,,,Tuvixeddu-Tuvumannu
4050345796,Sentiero nel parco di Tuvixeddu,,,Tuvixeddu-Tuvumannu
4050345811,Sentiero nel parco di Tuvixeddu,,,Tuvixeddu-Tuvumannu
4050345815,Via Is Maglias,190,,Tuvixeddu-Tuvumannu
4050345837,Via Is Maglias,190,,Tuvixeddu-Tuvumannu
4050345849,Via Codroipo,,,Sant'Avendrace-Santa Gilla
4050345855,,,,
4050345928,Via Riccardo Bacchelli,4a,,Tuvixeddu-Tuvumannu
4053992850,Calata Azuni,,,Lapola/Marina
4053992854,Lungomare New York 11 Settembre 2001,,,Lapola/Marina
4053992857,Calata Azuni,,,Lapola/Marina
4053992862,Via Sassari,38a,,Stampaxi/Stampace
4054004905,Scalette Santa Croce,2,,Castedd'e susu/Castello
4069942195,Lungomare New York 11 Settembre 2001,,,Bonaria
4069942233,Via Vittorio Porcile,1,,Lapola/Marina
4069942239,Passeggiata di via Roma,,,Lapola/Marina
4069942240,Calata Roma,,,Lapola/Marina
4069942241,Calata Roma,,,Lapola/Marina
4069942242,Via Camillo Benso Conte di Cavour,,,Lapola/Marina
4069942244,Calata Azuni,,,Lapola/Marina
4069942262,Passeggiata di via Roma,,,Lapola/Marina
4069942269,Passeggiata di via Roma,,,Lapola/Marina
4069942277,Calata Azuni,,,Lapola/Marina
4069942278,Passeggiata del porto,,,Lapola/Marina
4069942279,Calata Azuni,,,Lapola/Marina
4069942809,Passeggiata del porto,,,Lapola/Marina
4069942885,Calata Azuni,,,Lapola/Marina
4069942903,,,,Stampaxi/Stampace
4071708549,Via Sant'Ignazio da Laconi,,,Stampaxi/Stampace
4071708553,Via Sant'Ignazio da Laconi,,,Stampaxi/Stampace
4071708559,Via Palabanda,,,Stampaxi/Stampace
4071708585,Via Sant'Ignazio da Laconi,,,Stampaxi/Stampace
4071708907,Via Sant'Ignazio da Laconi,,,Stampaxi/Stampace
4071708918,Via Santa Restituta,,,Stampaxi/Stampace
4071708947,Via Palabanda,,,Stampaxi/Stampace
4071708960,Via Ospedale,60,,Stampaxi/Stampace
4071708963,Via Ospedale,,,Stampaxi/Stampace
4071708982,Via Ospedale,,,Stampaxi/Stampace
4071709153,Via Nervesa della Battaglia,,,Tuvixeddu-Tuvumannu
408256572,Viale Sant'Avendrace,146,,Sant'Avendrace-Santa Gilla
409554693,Via Mandrolisai,32,,San Michele
410194997,Via Isonzo,20,,Sant'Avendrace-Santa Gilla
410194998,Via Livenza,7,,Sant'Avendrace-Santa Gilla
410198037,Vico Terzo di Viale Sant'Avendrace,40,,Sant'Avendrace-Santa Gilla
410202496,Via Tevere,45,,Sant'Avendrace-Santa Gilla
410204620,Viale Trento,79b,,Sant'Avendrace-Santa Gilla
410204621,Via Rovereto,12,,Sant'Avendrace-Santa Gilla
410204625,Via Rovereto,19,,Sant'Avendrace-Santa Gilla
410204626,Via Rovereto,12,,Sant'Avendrace-Santa Gilla
411398017,Via Carlo Goldoni,31,,Sant'Alenixedda
411494023,Piazza dell'Annunziata,22,,Sant'Avendrace-Santa Gilla
4120467601,Piazza Henry Morton Stanley,2,,Nuovo Borgo Sant'Elia
4120467603,Piazza Giovanni da Verrazzano,,,Nuovo Borgo Sant'Elia
4120467604,Piazza Giovanni da Verrazzano,5,,Nuovo Borgo Sant'Elia
4120467605,Via Samuele Utzeri,76,,Nuovo Borgo Sant'Elia
4120467607,Via Samuele Utzeri,70,,Nuovo Borgo Sant'Elia
4120467608,Via Samuele Utzeri,70,,Nuovo Borgo Sant'Elia
4120467609,Via Samuele Utzeri,70,,Nuovo Borgo Sant'Elia
4120467610,Piazza Antonio Pigafetta,7,,Nuovo Borgo Sant'Elia
4120467614,Via Samuele Utzeri,60,,Nuovo Borgo Sant'Elia
4120467615,Via Piero Schiavazzi,61,,Nuovo Borgo Sant'Elia
4120467617,Via Piero Schiavazzi,61,,Nuovo Borgo Sant'Elia
4120467620,Via Piero Schiavazzi,46c,,Nuovo Borgo Sant'Elia
4120467621,Via Piero Schiavazzi,61,,Nuovo Borgo Sant'Elia
4120467622,Via Piero Schiavazzi,46a,,Nuovo Borgo Sant'Elia
4120467623,Via Renato Prunas,10,,Nuovo Borgo Sant'Elia
4138094673,Via Antonio Spanedda,8,,Genneruxi
4138115991,Via Antonio Spanedda,7,,Genneruxi
4138116000,Via Guglielmo Marconi,80,,Sant'Alenixedda
4138116003,Via Guglielmo Marconi,82,,Sant'Alenixedda
4138116005,Via Guglielmo Marconi,80,,Sant'Alenixedda
4138116024,Via Guglielmo Marconi,55,,Genneruxi
4152014224,Piazza San Giacomo,,,Biddanoa/Villanova
4152031567,Via Ventiquattro Maggio,5a,,Biddanoa/Villanova
4229016874,Via Monsignor Giuseppe Cogoni,2,,Is Mirrionis
4229026795,Via Is Maglias,170a,,Tuvixeddu-Tuvumannu
4229597696,Viale Luigi Merello,59,,Tuvixeddu-Tuvumannu
4229891091,Via Maestrale,9,,La Palma
4229891093,Via La Palma,10,,La Palma
4229891094,Piazzetta Billy Sechi,1,,La Palma
4229891190,Via Scirocco,38,,La Palma
4229891196,Piazzetta Billy Sechi,1,,La Palma
4229891199,Via degli Oblati,4,,Genneruxi
4229918491,Via Maestrale,6,,La Palma
4229918493,Via Pietro e Maria Curie,52,,Monte Mixi
4229925790,Via Maestrale,1,,La Palma
4229925891,Via Favonio,5,,La Palma
4229927690,Via Scirocco,38,,La Palma
4229927694,Via Pietro e Maria Curie,,,Monte Mixi
4229940889,Via Noto,1,,La Palma
4229941091,Via Maestrale,8,,La Palma
4229941290,Vico di Via La Palma,,,La Palma
4230313517,Via Andrea Parodi,,,Borgo Sant'Elia
4230313519,Piazza Henry Morton Stanley,4,,Nuovo Borgo Sant'Elia
4230313527,Piazza Antonio Pigafetta,17,,Nuovo Borgo Sant'Elia
4230313531,Via Piero Schiavazzi,9,,Nuovo Borgo Sant'Elia
4230313532,Via Piero Schiavazzi,27,,Nuovo Borgo Sant'Elia
4230313533,Via Ferdinando Magellano,4,,Nuovo Borgo Sant'Elia
4230313534,Via Piero Schiavazzi,31,,Nuovo Borgo Sant'Elia
4230313535,Via Ferdinando Magellano,1,,Nuovo Borgo Sant'Elia
4230313538,Piazza Bernardo Demuro,1,,Nuovo Borgo Sant'Elia
4230313542,Viale Poetto,74,,Quartiere del Sole
4230313556,Via Zeffiro,14,,La Palma
4230313557,Via Vulcano,3,,Poetto-Medau su Cramu
4230313558,Via Zeffiro,4,,La Palma
4230313559,Via Luigi Rolando,11,,Monte Mixi
4230313560,Piazza Giuseppe Pizzorno,,,Monte Mixi
4230313562,Via Zeffiro,4,,La Palma
4230313566,Piazza Giuseppe Pizzorno,,,Monte Mixi
4230347825,Via del Borgo Sant'Elia,48,,Borgo Sant'Elia
4230347828,Via Luigi Rachel,2,,Borgo Sant'Elia
4230347830,Via dei Musicisti,1,,Borgo Sant'Elia
4230347831,Via Giovanni Manurita,,,Borgo Sant'Elia
4230347841,Piazza Maria Callas,1,,Nuovo Borgo Sant'Elia
4230347844,Piazza Lao Silesu,,,Nuovo Borgo Sant'Elia
4230347857,Piazza Luigi Falchi,2,,Nuovo Borgo Sant'Elia
4230347859,Piazza Bernardo Demuro,1,,Nuovo Borgo Sant'Elia
4230347869,Via Favonio,,,Quartiere del Sole
4230347875,Via Monte Mixi,13c,,Monte Mixi
4230347877,Via Zeffiro,10,,La Palma
4230348024,Via dei Musicisti,23,,Borgo Sant'Elia
4230348027,Via Gavino Delunas,26,,Borgo Sant'Elia
4230348032,Via dei Musicisti,1,,Borgo Sant'Elia
4230348033,Via dei Musicisti,1,,Borgo Sant'Elia
4230348049,Piazza Lao Silesu,4,,Nuovo Borgo Sant'Elia
4230348055,Piazza Bernardo Demuro,,,Nuovo Borgo Sant'Elia
4230348058,Piazza Luigi Falchi,,,Nuovo Borgo Sant'Elia
4230348059,Piazza Luigi Falchi,2,,Nuovo Borgo Sant'Elia
4230348065,Piazza Bernardo Demuro,,,Nuovo Borgo Sant'Elia
4230348067,Via Ferdinando Magellano,6,,Nuovo Borgo Sant'Elia
4230348069,Via Pantelleria,,,Quartiere del Sole
4230348071,Viale Salvatore Ferrara,,,Nuovo Borgo Sant'Elia
4230348078,Viale Poetto,62,,Quartiere del Sole
4230348086,Via Favonio,,,Quartiere del Sole
4230348326,Via del Borgo Sant'Elia,49c,,Borgo Sant'Elia
4230348327,Via Maria Luisa De Carolis,,,Borgo Sant'Elia
4230348328,Via Marina Piccola,,,Borgo Sant'Elia
4230348331,Via Maria Luisa De Carolis,,,Borgo Sant'Elia
4230348339,Via del Borgo Sant'Elia,11,,Nuovo Borgo Sant'Elia
4230348349,Piazza Giovanni da Verrazzano,5,,Nuovo Borgo Sant'Elia
4230348355,Piazza Gaetano Casati,1a,,Nuovo Borgo Sant'Elia
4230348359,Piazza Antonio Pigafetta,,,Nuovo Borgo Sant'Elia
4230348361,Piazza Antonio Pigafetta,1,,Nuovo Borgo Sant'Elia
4230348375,Piazza Bernardo Demuro,,,Nuovo Borgo Sant'Elia
4230348382,Via Ferdinando Magellano,8,,Nuovo Borgo Sant'Elia
4230348388,Via Favonio,,,Quartiere del Sole
4230348603,Via Maria Luisa De Carolis,,,Borgo Sant'Elia
4230348607,Via del Borgo Sant'Elia,38,,Borgo Sant'Elia
4230348612,Via Andrea Parodi,,,Borgo Sant'Elia
4230348614,Piazza Henry Morton Stanley,1,,Nuovo Borgo Sant'Elia
4230348626,Piazza Bernardo Demuro,2,,Nuovo Borgo Sant'Elia
4230348631,Via Ferdinando Magellano,,,Nuovo Borgo Sant'Elia
4230348640,Via delle Allodole,5,,Quartiere del Sole
4230348646,Via Monte Mixi,7,,Monte Mixi
4230348647,Piazza Giuseppe Pizzorno,5,,Monte Mixi
4230348648,Piazza Giuseppe Pizzorno,7,,Monte Mixi
4230348649,Viale Armando Diaz,229,,Monte Mixi
4230348650,Via Ausonia,22,,Poetto-Medau su Cramu
4230353709,Via del Borgo Sant'Elia,,,Borgo Sant'Elia
4230353720,Via Giovanni Manurita,11,,Borgo Sant'Elia
4230353735,Via Piero Schiavazzi,23,,Nuovo Borgo Sant'Elia
4230353738,Via Ferdinando Magellano,,,Nuovo Borgo Sant'Elia
4230353744,Viale Salvatore Ferrara,,,Nuovo Borgo Sant'Elia
4230353755,Piazza delle Ninfe,1,,Quartiere del Sole
4230353757,Via Emanuele Pessagno,8,,Bonaria
4230353759,Via John Davison Rockefeller,,,Bonaria
4230353763,Piazza Giuseppe Pizzorno,,,Monte Mixi
4230353764,Piazza Giuseppe Pizzorno,,,Monte Mixi
4230353765,Piazza Giuseppe Pizzorno,7,,Monte Mixi
4230353794,Via Maria Luisa De Carolis,,,Borgo Sant'Elia
4230353807,Viale Poetto,24,,Quartiere del Sole
4230353812,Via Emanuele Pessagno,10,,Bonaria
4230353813,Piazza Giuseppe Pizzorno,,,Monte Mixi
4230353893,Via Samuele Utzeri,,,Nuovo Borgo Sant'Elia
4230353903,Via Rodi,11,,Poetto-Medau su Cramu
4230354209,Via Piero Schiavazzi,77,,Nuovo Borgo Sant'Elia
4230354211,Piazza Antonio Pigafetta,,,Nuovo Borgo Sant'Elia
4230354217,Piazza Bernardo Demuro,,,Nuovo Borgo Sant'Elia
4230354226,Viale Salvatore Ferrara,,,Nuovo Borgo Sant'Elia
4230354232,Via Emanuele Pessagno,,,Bonaria
4230354233,Via Emanuele Pessagno,10,,Bonaria
4230354235,Via Zeffiro,4,,La Palma
4230354237,Via dell'Ippodromo,1a,,Poetto-Medau su Cramu
4230354238,Via Cipro,6,,Poetto-Medau su Cramu
4230354592,Via Andrea Parodi,,,Borgo Sant'Elia
4230354724,Via Maria Luisa De Carolis,,,Borgo Sant'Elia
4230354725,Via del Borgo Sant'Elia,,,Borgo Sant'Elia
4230354735,Via del Borgo Sant'Elia,,,Borgo Sant'Elia
4230354737,Via Gavino Delunas,31,,Borgo Sant'Elia
4230354739,Piazza Vasco Da Gama,1,,Nuovo Borgo Sant'Elia
4230354745,Piazza Antonio Pigafetta,6,,Nuovo Borgo Sant'Elia
4230354755,Piazza Luigi Falchi,8,,Nuovo Borgo Sant'Elia
4230354766,Piazza Lao Silesu,1,,Nuovo Borgo Sant'Elia
4230354768,Via Piero Schiavazzi,27,,Nuovo Borgo Sant'Elia
4230354771,Via Ferdinando Magellano,6,,Nuovo Borgo Sant'Elia
4230354773,Piazza Luigi Falchi,2,,Nuovo Borgo Sant'Elia
4230354774,Via Piero Schiavazzi,27,,Nuovo Borgo Sant'Elia
4230354775,Viale Salvatore Ferrara,,,Nuovo Borgo Sant'Elia
4230356126,Via Maria Luisa De Carolis,,,Borgo Sant'Elia
4230356127,Via Luigi Rachel,17,,Borgo Sant'Elia
4230356129,Via dei Musicisti,1,,Borgo Sant'Elia
4230356131,Piazza Henry Morton Stanley,2,,Nuovo Borgo Sant'Elia
4230356132,,,,Borgo Sant'Elia
4230356139,Piazza Luigi Falchi,2,,Nuovo Borgo Sant'Elia
4230356146,Via Ferdinando Magellano,,,Nuovo Borgo Sant'Elia
4230356151,Via Pantelleria,,,Quartiere del Sole
4230357595,Via del Borgo Sant'Elia,,,Borgo Sant'Elia
4230357601,Piazza Bernardo Demuro,10a,,Nuovo Borgo Sant'Elia
4230357606,Via Ingegnere Tommaso Fiorelli,,,La Palma
4230357609,Via Rodi,13,,Poetto-Medau su Cramu
4230357708,Via Renato Fasano,17,,Borgo Sant'Elia
4230357723,Viale Salvatore Ferrara,,,Nuovo Borgo Sant'Elia
4230357724,Viale Salvatore Ferrara,,,Nuovo Borgo Sant'Elia
4230357733,Via Monte Mixi,5,,Monte Mixi
4230389390,Via Piero Schiavazzi,39,,Nuovo Borgo Sant'Elia
4230394389,Piazza Maria Callas,4,,Nuovo Borgo Sant'Elia
4230394889,Via Piero Schiavazzi,,,Nuovo Borgo Sant'Elia
4230394897,Piazza delle Ninfe,4,,Quartiere del Sole
4230394899,Via Emanuele Pessagno,10,,Bonaria
4230394900,Via Emanuele Pessagno,10,,Bonaria
4230394902,Via Zeffiro,10,,La Palma
4230394903,Via Zeffiro,16a,,La Palma
4230394908,Piazza Giuseppe Pizzorno,,,Monte Mixi
4230394909,Viale Armando Diaz,229,,Monte Mixi
4230395290,Via Favonio,,,Quartiere del Sole
4230395291,Via delle Tortore,5,,Quartiere del Sole
4230395293,Via Emanuele Pessagno,10,,Bonaria
4230395294,Via Ingegnere Tommaso Fiorelli,,,La Palma
4230395296,Via Ingegnere Tommaso Fiorelli,,,La Palma
4230395298,Via Monte Mixi,11,,Monte Mixi
4230395302,Via Zeffiro,4,,La Palma
4230395305,Via Catania,7,,Monte Mixi
4230396294,Via dei Cigni,3,,Quartiere del Sole
4230396296,Via Emanuele Pessagno,8,,Bonaria
4230396297,Via Emanuele Pessagno,8,,Bonaria
4230396300,Via Emanuele Pessagno,10,,Bonaria
4230396303,Via Zeffiro,1,,La Palma
4230396310,Via Zeffiro,4,,La Palma
4230396311,Viale Armando Diaz,,,Monte Mixi
4230396312,Piazza Giuseppe Pizzorno,7,,Monte Mixi
4230396313,Via Lampedusa,2,,Poetto-Medau su Cramu
4230396314,Via Agrigento,1,,Monte Mixi
4231978389,Via Venti Settembre,32,,Bonaria
4231978390,Vico Primo di Via Venti Settembre,9,,Bonaria
4231978391,Via Venti Settembre,23,,Bonaria
4231978393,Vico Secondo di Via Venti Settembre,5,,Bonaria
4232104637,Via Sant'Eusebio,45,,Bonaria
4232104638,Via Ada Negri,3,,Bonaria
4233184792,Via dei Mille,2,,Lapola/Marina
4233184795,Via San Giuseppe,1,,Castedd'e susu/Castello
4233189990,Via San Giuseppe,35,,Castedd'e susu/Castello
4233201789,Vico di Via dei Mille,17,,Lapola/Marina
4233201790,Vico Primo di Via Lanusei,20,,Bonaria
4233201791,Vico Primo di Via Lanusei,2,,Bonaria
4233202391,Piazza Santa Croce,,,Castedd'e susu/Castello
4235104690,Piazza Francesco De Esquivel,,,Is Mirrionis
4235104992,Piazza Francesco De Esquivel,21,,Is Mirrionis
4235104993,Piazza Rudolf Virchow,,,Is Mirrionis
4235105093,Piazza Rudolf Virchow,,,Is Mirrionis
4235105094,Piazza Rudolf Virchow,,,Is Mirrionis
4235105291,Via Monsignor Giuseppe Cogoni,,,Is Mirrionis
4235105490,Via Diego Gregorio Cadello,,,Is Mirrionis
4235105691,Piazza Francesco De Esquivel,17a,,Is Mirrionis
4235120507,Via Monte Santo,,,Tuvixeddu-Tuvumannu
4235120509,Via Abruzzi,12,,San Michele
4235120608,Via Tuvumannu,39,,Tuvixeddu-Tuvumannu
4235120611,Traversa di Via Abruzzi,3,,San Michele
4235120797,Via Tuvumannu,45,,Tuvixeddu-Tuvumannu
4235120900,Via Tuvumannu,45,,Tuvixeddu-Tuvumannu
4235120903,Via Premuda,1,,San Michele
4235124492,Via Tuvumannu,39a,,Tuvixeddu-Tuvumannu
4235124493,Piazza San Michele,6,,San Michele
4235124494,Via Laghi Masuri,,,San Michele
4235124495,Via Premuda,10,,San Michele
4235124496,Via Pertusola,8,,San Michele
4235124592,Traversa di Via Abruzzi,5,,San Michele
4235127890,Via Pietro Scornigiani,8b,,Is Mirrionis
4235130791,Vico Quarto di Viale Sant'Avendrace,15,,Sant'Avendrace-Santa Gilla
4235130792,Via Is Maglias,112,,Tuvixeddu-Tuvumannu
4235130793,Via Doberd?,23,,Tuvixeddu-Tuvumannu
4235130794,Via Doberd?,13g,,Tuvixeddu-Tuvumannu
4235130990,Via Opizzino da Ripafratta,,,Is Mirrionis
4235131091,Via Serbariu,50a,,Is Mirrionis
4235131092,Via Pietro Scornigiani,,,Is Mirrionis
4235131191,Via Pietro Scornigiani,8b,,Is Mirrionis
4235131193,Via Giovanni Cinquini,3,,Is Mirrionis
4235131194,Via Serbariu,52a,,Is Mirrionis
4235131289,Via Pietro Scornigiani,8b,,Is Mirrionis
4235131491,Via Quintino Sella,73,,Is Mirrionis
4235131790,Via Pietro Scornigiani,8b,,Is Mirrionis
4235131889,Via Ubaldo da Paganello,7,,Is Mirrionis
4235132089,Via Opizzino da Ripafratta,,,Is Mirrionis
4235132192,Via Serbariu,58,,Is Mirrionis
4235132391,Via Domenico Bruni,,,Is Mirrionis
4235132393,Via Domenico Bruni,,,Is Mirrionis
4235132490,Via Serbariu,15,,Is Mirrionis
4235135590,Via Ranieri Sampante,14,,Is Mirrionis
4235151895,Via Doberd?,13g,,Tuvixeddu-Tuvumannu
4235152091,Via Codroipo,2,,Sant'Avendrace-Santa Gilla
4235152092,Via Doberd?,13d,,Tuvixeddu-Tuvumannu
4235166589,Via Tuvumannu,26a,,Tuvixeddu-Tuvumannu
4235166591,Piazza San Michele,6,,San Michele
4235166991,Via Bosco Cappuccio,91,,San Michele
4235166994,Via Bosco Cappuccio,49,,San Michele
4235167089,Via San Michele,97,,San Michele
4235167196,Viale Sant'Avendrace,108,,Sant'Avendrace-Santa Gilla
4235167390,Via Podgora,1a,,San Michele
4235167391,Piazza Paese di Desulo,,,Is Mirrionis
4235171191,Vico Quarto di Viale Sant'Avendrace,11a,,Sant'Avendrace-Santa Gilla
4235171193,,,,Tuvixeddu-Tuvumannu
4235171194,Via Doberd?,13a,,Tuvixeddu-Tuvumannu
4235171295,Via Ticino,11,,Sant'Avendrace-Santa Gilla
4235178592,Via Doberd?,39,,Tuvixeddu-Tuvumannu
4235180094,Vico Primo di Viale Sant'Avendrace,6,,Sant'Avendrace-Santa Gilla
4235185389,Viale Sant'Avendrace,217,,Sant'Avendrace-Santa Gilla
4235185393,Via Pasubio,3,,Sant'Avendrace-Santa Gilla
4235185589,Vico Quarto di Viale Sant'Avendrace,24,,Sant'Avendrace-Santa Gilla
4235185590,Via Codroipo,7,,Sant'Avendrace-Santa Gilla
4235185592,Via Doberd?,15,,Tuvixeddu-Tuvumannu
4235185689,Via Codroipo,5,,Sant'Avendrace-Santa Gilla
4235185692,Via Doberd?,13c,,Tuvixeddu-Tuvumannu
4235185693,Via Monte Zebio,19a,,Sant'Avendrace-Santa Gilla
4235193790,Vico Primo di Viale Sant'Avendrace,2,,Sant'Avendrace-Santa Gilla
4235211393,,,,Stampaxi/Stampace
4235224891,Via Giuseppe Manno,83,,Stampaxi/Stampace
4235249989,Via Sant'Efisio,12,,Stampaxi/Stampace
4235250089,Via Santa Restituta,12,,Stampaxi/Stampace
4235271610,Vico Primo di Via Carloforte,47,,Stampaxi/Stampace
4235272002,Vico di Via Tofane,6,,San Michele
4235272311,Vico di Via Tofane,1,,San Michele
4235272815,Via de S'Ecca Manna,1,,Stampaxi/Stampace
4235273217,Via de S'Ecca Manna,20,,Stampaxi/Stampace
4235294215,Corso Vittorio Emanuele Secondo,451,,Stampaxi/Stampace
4235296391,Via Monte Santo,29a,,Is Mirrionis
4235296394,Via Edward Jenner,,,Is Mirrionis
4235296395,Via Edward Jenner,,,Is Mirrionis
4235296490,Via Edward Jenner,1,,Is Mirrionis
4235296492,Via Edward Jenner,1,,Is Mirrionis
4235296493,Via Edward Jenner,,,Is Mirrionis
4235296494,Via Edward Jenner,,,Is Mirrionis
4235321194,Via Edward Jenner,1,,Is Mirrionis
4235321195,Via Edward Jenner,1,,Is Mirrionis
4235321197,Via Edward Jenner,,,Is Mirrionis
4235347990,Via Edward Jenner,1,,Is Mirrionis
4235350091,Vico Primo di Via Monte Santo,7,,Is Mirrionis
4235350094,Via Edward Jenner,,,Is Mirrionis
4235352691,Via Val Frenzela,17,,Is Mirrionis
4235352692,Via Guzzoni degli Ancarani,1,,San Michele
4235352695,Via Edward Jenner,1,,Is Mirrionis
4235352696,Via Edward Jenner,1,,Is Mirrionis
4235353893,Via Edward Jenner,1,,Is Mirrionis
4235353894,Via Edward Jenner,1,,Is Mirrionis
4235355692,Via Edward Jenner,12,,Is Mirrionis
4235355889,Via Monte Santo,39,,Is Mirrionis
4235355989,Via Claudio Galeno,17,,San Michele
4235356089,Via Guzzoni degli Ancarani,3,,San Michele
4235356190,Via Edward Jenner,1,,Is Mirrionis
4235356191,Via Edward Jenner,1,,Is Mirrionis
4235356193,Via Edward Jenner,,,Is Mirrionis
4235356293,Via Edward Jenner,,,Is Mirrionis
4235356389,Via Edward Jenner,1,,Is Mirrionis
4235356489,Via Edward Jenner,1,,Is Mirrionis
4235356490,Via Edward Jenner,,,Is Mirrionis
4235357189,Via Edward Jenner,,,Is Mirrionis
4235357289,Via Edward Jenner,,,Is Mirrionis
4237460193,Viale Armando Diaz,67,,Bonaria
4237473789,Vico di Viale Armando Diaz,18,,Bonaria
4237611596,Via Belvedere,14,,Stampaxi/Stampace
4237617295,Via Belvedere,20,,Stampaxi/Stampace
4237617297,Via Belvedere,,,Stampaxi/Stampace
4237620293,Via Belvedere,16,,Stampaxi/Stampace
4238873098,Via Col D'Echele,12,,Tuvixeddu-Tuvumannu
4238873099,Via Is Mirrionis,56,,Tuvixeddu-Tuvumannu
4238888696,Via Is Mirrionis,72a,,Tuvixeddu-Tuvumannu
4238900792,Via Capitanata,2,,Is Mirrionis
4238905589,Via Is Mirrionis,58,,Tuvixeddu-Tuvumannu
4238918522,Via Giovanni Capula,4d,,Fonsarda
4238922919,Via Antioco Mainas,1b,,Fonsarda
4238922921,Via San Carlo Borromeo,9,,Fonsarda
4238926821,Via Giovanni Capula,4,,Fonsarda
4238926822,Viale Francesco Ciusa,69a,,Fonsarda
4238926826,Via San Carlo Borromeo,8,,Fonsarda
4238927009,Via Pietro Quesada,15,,Bonaria
4238927219,Via Domenico Pollino,,,Fonsarda
4238927917,Via Salvatore Rosa,,,Fonsarda
4238928011,Via Stanislao Caboni,1,,Bonaria
4238928012,Via Pietro Quesada,,,Bonaria
4238934045,Via Giovanni Capula,1,,Fonsarda
4238934046,Via Giovanni Capula,4g,,Fonsarda
4238934050,Via San Carlo Borromeo,11,,Fonsarda
4238962991,Via Pietro Quesada,2,,Bonaria
4238963792,Via Stanislao Caboni,2,,Bonaria
4240860491,Via Francesco Coco,2,,Biddanoa/Villanova
4240860494,Vico Nono di Via San Giovanni,,,Biddanoa/Villanova
4240860497,Via Tiziano,22,,San Benedetto
4240860498,Via Francesco Cocco Ortu,46,,San Benedetto
4240860591,Via Pasquale Stanislao Mancini,2,,Bonaria
4240860592,Via Pasquale Stanislao Mancini,,,Bonaria
4240860593,Via Pasquale Stanislao Mancini,,,Bonaria
4240860892,Via Macomer,15,,Biddanoa/Villanova
4240885392,Via Carlo Fadda,9,,Bonaria
4240885393,Via Pasquale Stanislao Mancini,3,,Bonaria
4240885399,Via Francesco Coco,19,,Biddanoa/Villanova
4240885400,Via Giuseppe Sanna Randaccio,67,,Monte Urpinu
4240885990,,,,
4240900089,Via Carlo Fadda,15,,Bonaria
4240900091,Via Giuseppe Palomba,82,,Monte Urpinu
4240900095,Via Gerolamo Olives,3,,Fonsarda
4240900189,Via Pasquale Stanislao Mancini,6,,Bonaria
4240900191,Via Tiziano,32,,San Benedetto
4240900290,Via San Saturnino,83b,,Biddanoa/Villanova
4240900291,Vico Nono di Via San Giovanni,1,,Biddanoa/Villanova
4240900292,Via San Rocco,1,,Biddanoa/Villanova
4240900394,Via Francesco Cocco Ortu,37,,Sant'Alenixedda
4240900590,Vico di Via San Rocco,6,,Biddanoa/Villanova
4240900591,Via San Saturnino,85b,,Biddanoa/Villanova
4240900703,Via Gioviano Pontano,37,,Sant'Alenixedda
4240900790,Vico Terzo di Via Giovanni Battista Tuveri,,,Monte Urpinu
4240900791,Via Macomer,19,,Biddanoa/Villanova
4240900795,Via Tiziano,76,,San Benedetto
4240900797,Piazza Francesco Cocco Ortu Iunior,,,San Benedetto
4240900889,Vico Quarto di Via Giovanni Battista Tuveri,1,,Monte Urpinu
4240900901,Via Gioviano Pontano,,,Sant'Alenixedda
4240900989,Vico Quarto di Via Giovanni Battista Tuveri,12,,Monte Urpinu
4240901003,Via Nicol? Tommaseo,41,,Sant'Alenixedda
4240901089,Piazza San Rocco,4,,Biddanoa/Villanova
4240901190,Piazza Ugo Tristani,4f,,La Vega
4240901489,Via Gerolamo Olives,1,,Fonsarda
4240919793,Via Gioviano Pontano,29,,Sant'Alenixedda
4240920191,Via Gioviano Pontano,19,,Sant'Alenixedda
4240920284,Via Giuseppe Luigi Lagrange,5,,Genneruxi
4240920285,Via Giuseppe Luigi Lagrange,2,,Genneruxi
4240932089,Via Matteo Maria Boiardo,10,,Sant'Alenixedda
4240967589,Via Guido Cavalcanti,30,,San Benedetto
4240995094,Via Domenico Filia,7a,,Bonaria
4241000192,Via Domenico Filia,10,,Bonaria
4241728252,Via Don Giovanni Bosco,8,,Stampaxi/Stampace
4241770494,Vico Primo di Via della Fauna,6,,Poetto-Medau su Cramu
4241778004,Ruga-Via del Perastro,1,,Poetto-Medau su Cramu
4241778012,Ruga-Via del Perastro,3,,Poetto-Medau su Cramu
4241778014,Via Is Arenas,13,,Poetto-Medau su Cramu
4241778017,Vico Terzo di Via Is Arenas,10,,Poetto-Medau su Cramu
4241782004,Vico Secondo di Via della Fauna,9,,Poetto-Medau su Cramu
4241796070,Via Renato Fasano,4,,Borgo Sant'Elia
4241796079,Via Gavino Gabriel,1,,Borgo Sant'Elia
4242550534,Via Isola San Pietro,,,Poetto-Medau su Cramu
4242550535,Via Isola San Pietro,,,Poetto-Medau su Cramu
4242550536,Via Rodi,,,Poetto-Medau su Cramu
4242571114,Via Ausonia,65,,Poetto-Medau su Cramu
4242571115,Via Isola San Pietro,,,Poetto-Medau su Cramu
4242571116,Via Isola San Pietro,,,Poetto-Medau su Cramu
4242574194,Via del Pozzetto,8,,Quartiere del Sole
4242574702,Via dei Cavalleggeri,2,,Poetto-Medau su Cramu
4242582398,Via Rodi,,,Poetto-Medau su Cramu
4242582494,Via Rodi,,,Poetto-Medau su Cramu
4242582697,Via Isola San Pietro,,,Poetto-Medau su Cramu
4242593928,Via Isola San Pietro,,,Poetto-Medau su Cramu
4242594402,Via Isola San Pietro,,,Poetto-Medau su Cramu
4242594791,Via Isola San Pietro,,,Poetto-Medau su Cramu
4242594792,Via Isola San Pietro,,,Poetto-Medau su Cramu
4242595991,Via Isola San Pietro,,,Poetto-Medau su Cramu
4242596202,Via Rodi,,,Poetto-Medau su Cramu
4242596805,Via Isola San Pietro,,,Poetto-Medau su Cramu
4242596901,Via dei Cavalleggeri,2,,Poetto-Medau su Cramu
4242619089,Via del Pozzetto,3,,Quartiere del Sole
4242619795,Via Luigi Galvani,65,,Genneruxi
4242702791,Vico di Via Tel Aviv,7,,Genneruxi
4242817927,Via Curtatone,2,Terram?ini - Is Bingias,Municipalidadi de Pirri/Municipalit? di Pirri
4242831481,Via Talete,6a,,CEP
4242831482,Via Talete,8a,,CEP
4242832153,Via Talete,8a,,CEP
4242833053,Via Alessandro Volta,12,,CEP
4242833055,Via Stanislao Cannizzaro,72,,CEP
4242833452,Via Stanislao Cannizzaro,5a,,CEP
4242833807,Via Stanislao Cannizzaro,15c,,CEP
4242833808,Via Archimede,,,CEP
4242834129,Via Baldassarre Castiglione,2,,CEP
4242834130,Via Alessandro Volta,36,,CEP
4242840503,Via Stanislao Cannizzaro,10,,CEP
4242840504,Via Flavio Gioia,95,,CEP
4242861187,Via Talete,11d,,CEP
4242861188,Via Heinrich Rudolph Hertz,13,Terram?ini - Is Bingias,Municipalidadi de Pirri/Municipalit? di Pirri
4242862252,Via Talete,23a,,CEP
4242862255,Via delle Spighe,25,San Giuseppe - Santa Teresa - Parteolla,Municipalidadi de Pirri/Municipalit? di Pirri
4242862588,Via Alessandro Volta,60,,CEP
4242863364,Via Talete,15a,,CEP
4242863366,Via Efisio Melis,48,Monteleone - Santa Rosalia,Municipalidadi de Pirri/Municipalit? di Pirri
4242863367,Via dei Gherardeschi,37,Monteleone - Santa Rosalia,Municipalidadi de Pirri/Municipalit? di Pirri
4242863368,Via dei Gherardeschi,32,Monteleone - Santa Rosalia,Municipalidadi de Pirri/Municipalit? di Pirri
4242863733,Via Talete,6,,CEP
4242863734,Via della Resistenza,137,Terram?ini - Is Bingias,Municipalidadi de Pirri/Municipalit? di Pirri
4242863735,Vico di Via Antonio Ignazio Argiolas,15,San Giuseppe - Santa Teresa - Parteolla,Municipalidadi de Pirri/Municipalit? di Pirri
4242863737,Vico di Via Antonio Ignazio Argiolas,1,San Giuseppe - Santa Teresa - Parteolla,Municipalidadi de Pirri/Municipalit? di Pirri
4242864833,Via dei Gherardeschi,47,Monteleone - Santa Rosalia,Municipalidadi de Pirri/Municipalit? di Pirri
4242865420,Via Alessandro Volta,44,,CEP
4242865421,Via Alessandro Volta,52,,CEP
4242865423,Via Nicol? Cosenz,5,Monteleone - Santa Rosalia,Municipalidadi de Pirri/Municipalit? di Pirri
4242865424,Via Nicol? Cosenz,1,Monteleone - Santa Rosalia,Municipalidadi de Pirri/Municipalit? di Pirri
4242865425,Via delle Spighe,17,San Giuseppe - Santa Teresa - Parteolla,Municipalidadi de Pirri/Municipalit? di Pirri
4242868965,Via Avogadro di Collobiano,68,,CEP
4242869068,Via Mosca,27,,Quartiere Europeo
4242871928,Via Mosca,20,,Quartiere Europeo
4242871931,Via Stanislao Cannizzaro,11d,,CEP
4242871935,Via Alessandro Volta,40,,CEP
4242872412,Via Stanislao Cannizzaro,60,,CEP
4242872816,Via Alessandro Volta,4,,CEP
4242878101,Via Alessandro Volta,8,,CEP
4242878102,Via Stanislao Cannizzaro,31b,,CEP
4242878104,Via Galileo Ferraris,,,Quartiere Europeo
4242878105,Via Talete,2,,CEP
4242878529,Via Stanislao Cannizzaro,40,,CEP
4242878530,Via Alessandro Volta,20,,CEP
4242880212,Via Alessandro Volta,24,,CEP
4242887489,Piazza Edmondo De Amicis,5,Terram?ini - Is Bingias,Municipalidadi de Pirri/Municipalit? di Pirri
4242960190,Vico di Via dei Malaspina,14,Monteleone - Santa Rosalia,Municipalidadi de Pirri/Municipalit? di Pirri
4242960195,Vico di Via Conte di Biancamano,12,San Giuseppe - Santa Teresa - Parteolla,Municipalidadi de Pirri/Municipalit? di Pirri
4242960289,Vico di Via dei Malaspina,8,Monteleone - Santa Rosalia,Municipalidadi de Pirri/Municipalit? di Pirri
4242960301,Vico Secondo di Via Alberto Riva Villasanta,14,Monteleone - Santa Rosalia,Municipalidadi de Pirri/Municipalit? di Pirri
4242960389,Vico di Via dei Malaspina,10,Monteleone - Santa Rosalia,Municipalidadi de Pirri/Municipalit? di Pirri
4242960497,Via Alberto Riva Villasanta,69,Monteleone - Santa Rosalia,Municipalidadi de Pirri/Municipalit? di Pirri
4242960692,Vico di Via Conte di Biancamano,1,San Giuseppe - Santa Teresa - Parteolla,Municipalidadi de Pirri/Municipalit? di Pirri
4242960802,,,,
4242960890,Via San Quintino,3,Monteleone - Santa Rosalia,Municipalidadi de Pirri/Municipalit? di Pirri
4242960891,Vico Primo di Via Santa Maria Chiara,8,Monteleone - Santa Rosalia,Municipalidadi de Pirri/Municipalit? di Pirri
4242960989,Vico Primo di Via Chiesa,5,Monteleone - Santa Rosalia,Municipalidadi de Pirri/Municipalit? di Pirri
4242961007,Vico Secondo di Via Alberto Riva Villasanta,1,Monteleone - Santa Rosalia,Municipalidadi de Pirri/Municipalit? di Pirri
4242961189,Via Chiesa,22,Monteleone - Santa Rosalia,Municipalidadi de Pirri/Municipalit? di Pirri
4242961211,Via San Fermo,5a,Monteleone - Santa Rosalia,Municipalidadi de Pirri/Municipalit? di Pirri
4242961212,Via San Fermo,9,Monteleone - Santa Rosalia,Municipalidadi de Pirri/Municipalit? di Pirri
4242961312,Via San Fermo,11a,Monteleone - Santa Rosalia,Municipalidadi de Pirri/Municipalit? di Pirri
4242961489,Vico Terzo di Via Santa Maria Chiara,2,Villa Doloretta,Municipalidadi de Pirri/Municipalit? di Pirri
4242961690,Vico Terzo di Via Santa Maria Chiara,3,Villa Doloretta,Municipalidadi de Pirri/Municipalit? di Pirri
4242961989,Vico Secondo di Via Santa Maria Chiara,5,Villa Doloretta,Municipalidadi de Pirri/Municipalit? di Pirri
4242980792,Via Alberto Riva Villasanta,86,Monteleone - Santa Rosalia,Municipalidadi de Pirri/Municipalit? di Pirri
4242981091,Via San Fermo,9,Monteleone - Santa Rosalia,Municipalidadi de Pirri/Municipalit? di Pirri
4242987870,Via dei Venti,24,Is Campus,Municipalidadi de Pirri/Municipalit? di Pirri
4242987873,Via dei Venti,4,Is Campus,Municipalidadi de Pirri/Municipalit? di Pirri
4242987878,Via Giuseppe Sanna Salaris,24b,Is Campus,Municipalidadi de Pirri/Municipalit? di Pirri
4242987883,Via Sergio Montaldo,1,Is Campus,Municipalidadi de Pirri/Municipalit? di Pirri
4243013835,Via Sergio Montaldo,3,Is Campus,Municipalidadi de Pirri/Municipalit? di Pirri
4243015714,Via degli Astri,13,Is Campus,Municipalidadi de Pirri/Municipalit? di Pirri
4243016495,Via Claudio Villa,,Is Campus,Municipalidadi de Pirri/Municipalit? di Pirri
4243016496,Via Erminio Macario,,Is Campus,Municipalidadi de Pirri/Municipalit? di Pirri
4243017325,Via Fabrizio De Andr?,1,Is Campus,Municipalidadi de Pirri/Municipalit? di Pirri
4243017326,Via Luigi Tenco,,Is Campus,Municipalidadi de Pirri/Municipalit? di Pirri
4243019571,Via Sorelle degli Agostini,1,Is Campus,Municipalidadi de Pirri/Municipalit? di Pirri
4243024231,,,Is Campus,Municipalidadi de Pirri/Municipalit? di Pirri
4243025116,Via Sergio Montaldo,1,Is Campus,Municipalidadi de Pirri/Municipalit? di Pirri
4243025118,Via degli Astri,15,Is Campus,Municipalidadi de Pirri/Municipalit? di Pirri
4243025608,Via Sorelle degli Agostini,1,Is Campus,Municipalidadi de Pirri/Municipalit? di Pirri
4243026510,Via delle More,12,Is Campus,Municipalidadi de Pirri/Municipalit? di Pirri
4243027389,Via del Poggio,19,Villa Doloretta,Municipalidadi de Pirri/Municipalit? di Pirri
4243037499,Via Francesco Farci,2,San Giuseppe - Santa Teresa - Parteolla,Municipalidadi de Pirri/Municipalit? di Pirri
4243059692,Via Antioco Casula,1,San Giuseppe - Santa Teresa - Parteolla,Municipalidadi de Pirri/Municipalit? di Pirri
4243059693,Via Francesco Farci,8,San Giuseppe - Santa Teresa - Parteolla,Municipalidadi de Pirri/Municipalit? di Pirri
4243099290,Via Antioco Casula,3,San Giuseppe - Santa Teresa - Parteolla,Municipalidadi de Pirri/Municipalit? di Pirri
4244291692,Via Antioco Casula,1,San Giuseppe - Santa Teresa - Parteolla,Municipalidadi de Pirri/Municipalit? di Pirri
4244291794,Via della Menta,122a,Barracca Manna,Municipalidadi de Pirri/Municipalit? di Pirri
4244292012,Via della Resistenza,3,Terram?ini - Is Bingias,Municipalidadi de Pirri/Municipalit? di Pirri
4244292013,Piazza Giovanni Serrau,,Terram?ini - Is Bingias,Municipalidadi de Pirri/Municipalit? di Pirri
4244292014,Via Leandro Corona,7,Terram?ini - Is Bingias,Municipalidadi de Pirri/Municipalit? di Pirri
4244294020,Via del Risorgimento,56,Terram?ini - Is Bingias,Municipalidadi de Pirri/Municipalit? di Pirri
4244294396,Via San Martino della Battaglia,4c,Monteleone - Santa Rosalia,Municipalidadi de Pirri/Municipalit? di Pirri
4244320189,Via San Martino della Battaglia,4a,Monteleone - Santa Rosalia,Municipalidadi de Pirri/Municipalit? di Pirri
4244320289,Vico Primo di Via del Risorgimento,3,Monteleone - Santa Rosalia,Municipalidadi de Pirri/Municipalit? di Pirri
4244320393,Via della Menta,122a,Barracca Manna,Municipalidadi de Pirri/Municipalit? di Pirri
4244320489,Via della Resistenza,1,Terram?ini - Is Bingias,Municipalidadi de Pirri/Municipalit? di Pirri
4244320500,Via Caravaggio,10,,Mulinu Becciu
4244327092,Vico Vincenzina Murgia,2,Barracca Manna,Municipalidadi de Pirri/Municipalit? di Pirri
4244330794,Vico Vincenzina Murgia,1,Barracca Manna,Municipalidadi de Pirri/Municipalit? di Pirri
4244335596,Via Armando Businco,5b,,Mulinu Becciu
4244383291,Via Armando Businco,5d,,Mulinu Becciu
4244405790,Via Caravaggio,,,Mulinu Becciu
4244683532,Via Pietro Ambu,8b,Barracca Manna,Municipalidadi de Pirri/Municipalit? di Pirri
4244683533,Via Pietro Ambu,8,Barracca Manna,Municipalidadi de Pirri/Municipalit? di Pirri
4244683534,Via Bartolomeo Colleoni,,Barracca Manna,Municipalidadi de Pirri/Municipalit? di Pirri
4244683536,Via Bartolomeo Colleoni,,Barracca Manna,Municipalidadi de Pirri/Municipalit? di Pirri
4244683537,Via Bartolomeo Colleoni,,Barracca Manna,Municipalidadi de Pirri/Municipalit? di Pirri
4244683538,Via Bartolomeo Colleoni,,Barracca Manna,Municipalidadi de Pirri/Municipalit? di Pirri
4244683543,Via Bartolomeo Colleoni,,Barracca Manna,Municipalidadi de Pirri/Municipalit? di Pirri
4244683544,Via Bartolomeo Colleoni,,Barracca Manna,Municipalidadi de Pirri/Municipalit? di Pirri
4244683545,Via Bartolomeo Colleoni,,Barracca Manna,Municipalidadi de Pirri/Municipalit? di Pirri
4244683546,Via Bartolomeo Colleoni,,Barracca Manna,Municipalidadi de Pirri/Municipalit? di Pirri
4244683548,Via Bartolomeo Colleoni,4,Barracca Manna,Municipalidadi de Pirri/Municipalit? di Pirri
4244683549,Via Bartolomeo Colleoni,30,Barracca Manna,Municipalidadi de Pirri/Municipalit? di Pirri
4244683551,Via Bartolomeo Colleoni,,Barracca Manna,Municipalidadi de Pirri/Municipalit? di Pirri
4244683552,Via Bartolomeo Colleoni,,Barracca Manna,Municipalidadi de Pirri/Municipalit? di Pirri
4244683553,Via Bartolomeo Colleoni,12,Barracca Manna,Municipalidadi de Pirri/Municipalit? di Pirri
4245974591,Via Toscana,36,,La Vega
4245975001,Via Filippo Corridoni,49a,San Giuseppe - Santa Teresa - Parteolla,Municipalidadi de Pirri/Municipalit? di Pirri
4245976092,Via Filippo Corridoni,47,San Giuseppe - Santa Teresa - Parteolla,Municipalidadi de Pirri/Municipalit? di Pirri
4246006589,Vico di Via La Vega,11,,La Vega
4246112094,Viale Vittime dei bombardamenti del 1943,,,Stampaxi/Stampace
4246112796,Largo Giuseppe Dess?,2,,Stampaxi/Stampace
4246141893,Piazza Giovanni Marghinotti,1,,Biddanoa/Villanova
4246141901,Viale Enrico Endrich,,,Biddanoa/Villanova
4246141907,Via San Saturnino,,,Biddanoa/Villanova
4246159891,Viale Vittime dei bombardamenti del 1943,,,Stampaxi/Stampace
4246159992,Largo Giuseppe Dess?,,,Castedd'e susu/Castello
4246159997,Viale San Vincenzo,11,,La Vega
4246160092,Piazzetta Anita Castaldi,,,Stampaxi/Stampace
4246160389,Viale Enrico Endrich,,,Biddanoa/Villanova
4246160397,Viale Vittime dei bombardamenti del 1943,,,Stampaxi/Stampace
4246160492,Viale Vittime dei bombardamenti del 1943,,,Stampaxi/Stampace
4246160589,Viale Enrico Endrich,,,Biddanoa/Villanova
4246160591,Viale Vittime dei bombardamenti del 1943,,,Stampaxi/Stampace
4246160594,Viale Vittime dei bombardamenti del 1943,,,Stampaxi/Stampace
4246161189,Viale San Vincenzo,23,,La Vega
4246239631,Via Pietro Scornigiani,36a,,Is Mirrionis
4246239632,Via Pietro Scornigiani,41,,Is Mirrionis
4254877258,Scalette Santa Chiara,12,,Stampaxi/Stampace
4255935589,Via San Saturnino,2,,Biddanoa/Villanova
4259955019,Viale Trento,,,Sant'Avendrace-Santa Gilla
4259955459,Via Milano,50,,Bonaria
4259961867,Via Arezzo,2,,Bonaria
4259972636,Via Milano,67,,Bonaria
4259972675,Viale Salvatore Ferrara,,,Bonaria
4259972865,Via Livorno,1,,Bonaria
4259975828,Viale Salvatore Ferrara,,,Bonaria
4259975829,Viale Salvatore Ferrara,,,Bonaria
4259976420,Viale Salvatore Ferrara,,,Bonaria
4259976421,Piazza Marco Polo,9,,Bonaria
4259976424,Viale Salvatore Ferrara,,,Bonaria
4259977003,Piazza Marco Polo,,,Bonaria
4259977004,Viale Salvatore Ferrara,,,Bonaria
4259977006,Viale Salvatore Ferrara,,,Bonaria
4260001901,Viale Salvatore Ferrara,,,Bonaria
4260004492,Piazza Marco Polo,,,Bonaria
4260015991,Viale Salvatore Ferrara,,,Bonaria
4260015992,Piazza Marco Polo,,,Bonaria
4260029194,Viale Salvatore Ferrara,,,Bonaria
4260029195,Piazza Marco Polo,,,Bonaria
4260050889,Viale Salvatore Ferrara,,,Bonaria
4260050890,Viale Salvatore Ferrara,,,Bonaria
431637707,Via Andrea Vesalio,17,,Quartiere Europeo
431637713,Via Cesare Pintus,18,Terram?ini - Is Bingias,Municipalidadi de Pirri/Municipalit? di Pirri
433172516,Via Pertusola,8,,San Michele
433172524,Via Meilogu,14b,,Is Mirrionis
436369226,Via Peschiera,1,,Tuvixeddu-Tuvumannu
4406270890,Strada Statale 554 Cagliaritana,,,Mulinu Becciu
4406270910,Strada Statale 554 Cagliaritana,,,Mulinu Becciu
4406270916,,,,Mulinu Becciu
4406270917,,,,Mulinu Becciu
4406270919,,,,Mulinu Becciu
4425354703,Strada Statale 554 Cagliaritana,,,Mulinu Becciu
4425354705,Strada Statale 554 Cagliaritana,,,Mulinu Becciu
4425354716,Strada Statale 554 Cagliaritana,,,Mulinu Becciu
4425354720,Strada Statale 554 Cagliaritana,,,Mulinu Becciu
4425354721,Strada Statale 554 Cagliaritana,,,Mulinu Becciu
4437908125,Via La Vega,10,,La Vega
4437908128,Viale San Vincenzo,37,,La Vega
4439093547,Via Falzarego,,,Sant'Avendrace-Santa Gilla
4439093550,Via Falzarego,,,Sant'Avendrace-Santa Gilla
4439093556,Sentiero nel parco di Tuvixeddu,,,Tuvixeddu-Tuvumannu
4439093559,Vico Secondo di Viale Sant'Avendrace,,,Sant'Avendrace-Santa Gilla
4439093560,Vico Secondo di Viale Sant'Avendrace,,,Sant'Avendrace-Santa Gilla
4439093562,Vico Secondo di Viale Sant'Avendrace,,,Sant'Avendrace-Santa Gilla
4439093564,Vico Secondo di Viale Sant'Avendrace,,,Sant'Avendrace-Santa Gilla
4440019603,Viale Bonaria,136,,Bonaria
4440019614,Viale Bonaria,136,,Bonaria
4440019621,Viale Bonaria,136,,Bonaria
4440019622,Viale Bonaria,41,,Bonaria
4440019623,Viale Bonaria,41,,Bonaria
4440019626,Viale Bonaria,130,,Bonaria
4440019627,Viale Bonaria,130,,Bonaria
4440019630,Viale Bonaria,130,,Bonaria
4440019631,Viale Bonaria,130,,Bonaria
4440019644,Via Vittorio Bottego,,,Bonaria
4440019648,Via Vittorio Bottego,,,Bonaria
4440019650,Viale Bonaria,41,,Bonaria
4440019651,Via Vittorio Bottego,1,,Bonaria
4440019654,Viale Cimitero,27,,Bonaria
4440523614,Via Falzarego,,,Sant'Avendrace-Santa Gilla
4440523619,Via Falzarego,28,,Sant'Avendrace-Santa Gilla
4442582184,,,,Bonaria
4442584489,Viale Bonaria,124,,Bonaria
4442584500,Viale Bonaria,124,,Bonaria
4449216142,Piazza Arsenale,1,,Stampaxi/Stampace
4449240593,Via Malta,,,Stampaxi/Stampace
4449240595,Via Tigellio,,,Stampaxi/Stampace
4449256164,Via Ottone Bacaredda,170,,La Vega
4549661261,Piazzetta Billy Sechi,3,,La Palma
4557252956,Molo della Sanit?,,,Lapola/Marina
4561542335,Calata Roma,,,Lapola/Marina
4561542340,,,,Lapola/Marina
4561548637,Molo della Sanit?,,,Lapola/Marina
4561548639,Molo della Sanit?,,,Lapola/Marina
4561567129,Molo della Sanit?,,,Lapola/Marina
4561593503,Viale Bonaria,,,Bonaria
4561593513,Viale Armando Diaz,30,,Bonaria
4561593514,Viale Armando Diaz,151,,Bonaria
4561636818,Passeggiata del porto,,,Stampaxi/Stampace
4561656419,Passeggiata del porto,,,Lapola/Marina
4570122056,Via Enrico Sanjust,,,Monte Urpinu
4570122060,Via Enrico Sanjust,17,,Monte Urpinu
4579109204,Traversa di Viale La Plaia,3,,Stampaxi/Stampace
4579109205,Traversa di Viale La Plaia,4,,Stampaxi/Stampace
4579109206,Traversa di Viale La Plaia,3,,Stampaxi/Stampace
4592425124,Via Piero Schiavazzi,,,Nuovo Borgo Sant'Elia
4592425126,Via Piero Schiavazzi,62,,Nuovo Borgo Sant'Elia
460370986,Via dell'Agricoltura,,,Sant'Avendrace-Santa Gilla
460370990,,,,Sant'Avendrace-Santa Gilla
460371008,Via dell'Agricoltura,,,
460371031,Via dell'Agricoltura,,,Sant'Avendrace-Santa Gilla
460371534,Via dell'Artigianato,17,,Sant'Avendrace-Santa Gilla
460374187,Via dei Pescatori,,,Sant'Avendrace-Santa Gilla
460374190,Viale Elmas,146,,Sant'Avendrace-Santa Gilla
460708293,Via dei Castagni,5,San Giuseppe - Santa Teresa - Parteolla,Municipalidadi de Pirri/Municipalit? di Pirri
460708556,Via dei Castagni,24,San Giuseppe - Santa Teresa - Parteolla,Municipalidadi de Pirri/Municipalit? di Pirri
460708649,Via Benvenuto Lobina,7,San Giuseppe - Santa Teresa - Parteolla,Municipalidadi de Pirri/Municipalit? di Pirri
460815738,Via Thomas Alva Edison,,Terram?ini - Is Bingias,Municipalidadi de Pirri/Municipalit? di Pirri
460831777,Via Thomas Alva Edison,,Terram?ini - Is Bingias,Municipalidadi de Pirri/Municipalit? di Pirri
460903948,Via del Prato Fiorito,13,,Poetto-Medau su Cramu
460904136,Via del Sale,8,,Poetto-Medau su Cramu
460904225,Via del Prato Fiorito,4,,Poetto-Medau su Cramu
460904308,Via delle Acacie,21,,Poetto-Medau su Cramu
460904362,Vico Secondo di Via delle Acacie,4,,Poetto-Medau su Cramu
460904419,Via del Prato Fiorito,2,,Poetto-Medau su Cramu
460904712,Via Is Arenas,13,,Poetto-Medau su Cramu
460913804,Via dei Papaveri,2,,Poetto-Medau su Cramu
460913916,Via delle Violette,5,,Poetto-Medau su Cramu
460913982,Via delle Acacie,15,,Poetto-Medau su Cramu
460913994,Via dei Tulipani,,,Poetto-Medau su Cramu
460914161,Via della Fauna,9,,Poetto-Medau su Cramu
460914545,Via dei Tulipani,,,Poetto-Medau su Cramu
460916483,Via delle Violette,1,,Poetto-Medau su Cramu
460916533,Via dei Gelsomini,11,,Poetto-Medau su Cramu
460916562,Via dei Tulipani,,,Poetto-Medau su Cramu
460916574,Via dei Gelsomini,2,,Poetto-Medau su Cramu
460927066,Via delle Peonie,,,Poetto-Medau su Cramu
460927105,Via delle Violette,11,,Poetto-Medau su Cramu
460927233,Via del Boschetto,1,,Poetto-Medau su Cramu
460927421,Via del Boschetto,12,,Poetto-Medau su Cramu
460927539,Via del Boschetto,6,,Poetto-Medau su Cramu
460927572,Via del Boschetto,1,,Poetto-Medau su Cramu
460973243,Via delle Violette,7,,Poetto-Medau su Cramu
460984493,Via dei Tulipani,,,Poetto-Medau su Cramu
460984556,Via della Fauna,1,,Poetto-Medau su Cramu
460984574,Via del Sale,,,Poetto-Medau su Cramu
460984607,Via della Fauna,1,,Poetto-Medau su Cramu
460984623,Via delle Orchidee,2,,Poetto-Medau su Cramu
460984641,Via della Fauna,13,,Poetto-Medau su Cramu
460984659,Via della Fauna,,,Poetto-Medau su Cramu
460984713,Via Is Arenas,1,,Poetto-Medau su Cramu
460985008,Via della Fauna,,,Poetto-Medau su Cramu
460985089,Via dei Gerani,,,Poetto-Medau su Cramu
461001294,Via del Prato Fiorito,,,Poetto-Medau su Cramu
461001585,Via del Prato Fiorito,1,,Poetto-Medau su Cramu
461001783,Via delle Acacie,29,,Poetto-Medau su Cramu
461001893,Via Is Arenas,2,,Poetto-Medau su Cramu
461002074,Vico Primo di Via Is Arenas,4,,Poetto-Medau su Cramu
4668278614,,,,Sant'Avendrace-Santa Gilla
4668278616,Strada Statale 195 var Sulcitana,,,Sant'Avendrace-Santa Gilla
4668278621,,,,Sant'Avendrace-Santa Gilla
4668278650,,,,Sant'Avendrace-Santa Gilla
4668278682,,,,Sant'Avendrace-Santa Gilla
4668279590,,,,Sant'Avendrace-Santa Gilla
4668279593,,,,Sant'Avendrace-Santa Gilla
4668279594,,,,Sant'Avendrace-Santa Gilla
4668279600,,,,Sant'Avendrace-Santa Gilla
4668279607,,,,Sant'Avendrace-Santa Gilla
4668279621,,,,Sant'Avendrace-Santa Gilla
4668279628,,,,Sant'Avendrace-Santa Gilla
4668279633,Strada Statale 195 var Sulcitana,,,Sant'Avendrace-Santa Gilla
4668279646,,,,Sant'Avendrace-Santa Gilla
4668279658,Strada Statale 195 var Sulcitana,,,Sant'Avendrace-Santa Gilla
4677483289,Viale Sant'Avendrace,351,,Sant'Avendrace-Santa Gilla
4677483292,Viale Elmas,,,Sant'Avendrace-Santa Gilla
4677483293,Piazza Sant'Avendrace,2,,Sant'Avendrace-Santa Gilla
4677483296,Viale Sant'Avendrace,,,Sant'Avendrace-Santa Gilla
4677483298,Via Po,,,Sant'Avendrace-Santa Gilla
4677483300,Via Po,,,Sant'Avendrace-Santa Gilla
4677483301,Viale Elmas,,,Sant'Avendrace-Santa Gilla
4677483306,Via Monte Sabotino,1,,Sant'Avendrace-Santa Gilla
474421668,Piazzale Alessandro Ricchi,,,
4747926415,Via Anna Cabras Brundo,,,Is Mirrionis
4820400253,,,,Mulinu Becciu
4820400283,,,,Mulinu Becciu
4820428246,Strada Comunale Cuccuru Biancu,,,Mulinu Becciu
4820428253,Strada Comunale Cuccuru Biancu,,,Mulinu Becciu
4845703291,Via Giuseppe Garibaldi,,,Biddanoa/Villanova
4870702126,Via Dante Alighieri,5,,San Benedetto
4886320668,Via San Michele,,,Sant'Avendrace-Santa Gilla
4886320669,Via Col di Lana,24,,Sant'Avendrace-Santa Gilla
4886320670,Via San Michele,1,,Sant'Avendrace-Santa Gilla
4886320672,Via San Michele,13,,Sant'Avendrace-Santa Gilla
4886320673,Via San Michele,62,,San Michele
4886320674,Via Col del Rosso,12,,San Michele
4889652338,Via Pasquale Paoli,22,,San Benedetto
4889652354,Via Sidney Sonnino,122,,Biddanoa/Villanova
4899932460,,,,Sant'Avendrace-Santa Gilla
4899932465,,,,Sant'Avendrace-Santa Gilla
4902687900,Via dei Valenzani,,,Is Mirrionis
4902687914,Via Saverio Mattei,,,Is Mirrionis
4902687915,Ponte Laghetto Monte Claro,,,Is Mirrionis
4902689734,Ponte Laghetto Monte Claro,,,Is Mirrionis
4902689738,Ponte Laghetto Monte Claro,,,Is Mirrionis
4902689740,Via Saverio Mattei,,,Is Mirrionis
4902689742,Via Saverio Mattei,,,Is Mirrionis
4902689761,Via Saverio Mattei,,,Is Mirrionis
4902689762,Parco Monte Claro,,,Is Mirrionis
4902689764,Via Saverio Mattei,14,,Is Mirrionis
4902689767,Via Saverio Mattei,,,Is Mirrionis
4902689768,Via Saverio Mattei,,,Is Mirrionis
4902689770,Ponte Laghetto Monte Claro,,,Is Mirrionis
4902689773,Ponte Laghetto Monte Claro,,,Is Mirrionis
4902689779,Ponte Laghetto Monte Claro,,,Is Mirrionis
4902689781,Parco Monte Claro,,,Is Mirrionis
4902689791,Ponte Laghetto Monte Claro,,,Is Mirrionis
4902689806,Ponte Laghetto Monte Claro,,,Is Mirrionis
4902690023,Via Saverio Mattei,,,Is Mirrionis
4902690032,Parco Monte Claro,,,Is Mirrionis
4902690041,Ponte Laghetto Monte Claro,,,Is Mirrionis
4902690058,Via Diego Gregorio Cadello,,,Is Mirrionis
4902690061,Parco Monte Claro,,,Is Mirrionis
4902690066,Parco Monte Claro,,,Is Mirrionis
4902690069,Parco Monte Claro,,,Is Mirrionis
4902690081,Parco Monte Claro,,,Is Mirrionis
5030135091,Iscalitas-Scalette delle Sigaraie,,,Lapola/Marina
5030135098,Via Lodovico Baylle,2,,Lapola/Marina
5030135099,Via Napoli,4,,Lapola/Marina
5030135100,Via Barcellona,1,,Lapola/Marina
5030135101,Via dei Mille,2,,Lapola/Marina
5030135102,Via Concezione,1,,Lapola/Marina
5030135103,Via Lepanto,2,,Lapola/Marina
5030135104,Via Vittorio Porcile,1,,Lapola/Marina
5030139734,,,,Lapola/Marina
5053168282,Via dei Carroz,22,,Fonsarda
5064175496,Via Amerigo Vespucci,,,La Palma
5205085835,Via Edina Altara,,,Fonsarda
5205085836,Asse Mediano di Scorrimento,,,Fonsarda
5205085837,Asse Mediano di Scorrimento,,,Fonsarda
5205085841,Asse Mediano di Scorrimento,,,Fonsarda
5205085842,Asse Mediano di Scorrimento,,,Fonsarda
5205085843,Via Edina Altara,,,Fonsarda
5205085844,Via Edina Altara,,,Fonsarda
5205085845,Via Edina Altara,,,Fonsarda
5205085846,Via Edina Altara,,,Fonsarda
5205085847,Via Edina Altara,,,Fonsarda
5205085858,Via dei Valenzani,,,Fonsarda
5205085860,Via Edina Altara,,,Fonsarda
5205085861,Via Edina Altara,,,Fonsarda
5205085877,Via dei Valenzani,,,Fonsarda
5205085878,Via dei Valenzani,,,Fonsarda
5205085879,Via dei Valenzani,,,Fonsarda
5205085880,Via dei Valenzani,,,Fonsarda
5226535700,,,,Lapola/Marina
5228412858,Viale Armando Diaz,182,,Monte Mixi
5243063753,Via Universit?,24,,Castedd'e susu/Castello
5243063757,Terrazza Umberto I,,,Castedd'e susu/Castello
5244797274,Pronto Soccorso,,,San Michele
5253531380,Piazza Giacomo Matteotti,,,Stampaxi/Stampace
5258145681,Via Giudice Torbeno,,,Sant'Alenixedda
5282877080,Via 29 Novembre 1847,25,,Stampaxi/Stampace
5282893234,Vico Primo di Viale Luigi Merello,,,Stampaxi/Stampace
5284962974,Via Gherardo delle Notti,10,,Mulinu Becciu
5297887986,,,,Bonaria
5334829958,Via Antonio Mura,3,San Giuseppe - Santa Teresa - Parteolla,Municipalidadi de Pirri/Municipalit? di Pirri
5334829974,Via Federico Fellini,20,Is Campus,Municipalidadi de Pirri/Municipalit? di Pirri
5334829975,Via Federico Fellini,,Is Campus,Municipalidadi de Pirri/Municipalit? di Pirri
5334829976,Via Federico Fellini,,Is Campus,Municipalidadi de Pirri/Municipalit? di Pirri
5334829977,Via Federico Fellini,,Is Campus,Municipalidadi de Pirri/Municipalit? di Pirri
5334829978,Via Federico Fellini,,Is Campus,Municipalidadi de Pirri/Municipalit? di Pirri
5334829979,Via Federico Fellini,,Is Campus,Municipalidadi de Pirri/Municipalit? di Pirri
5335239770,Via Alberto Riva Villasanta,179,Monteleone - Santa Rosalia,Municipalidadi de Pirri/Municipalit? di Pirri
5335239771,Via Alberto Riva Villasanta,180,Monteleone - Santa Rosalia,Municipalidadi de Pirri/Municipalit? di Pirri
5335239772,Via Guglielmo Pepe,223,Monteleone - Santa Rosalia,Municipalidadi de Pirri/Municipalit? di Pirri
5335239773,Via Alberto Riva Villasanta,222,Monteleone - Santa Rosalia,Municipalidadi de Pirri/Municipalit? di Pirri
5335239774,Via Alberto Riva Villasanta,,,Fonsarda
5335239776,Via Alberto Riva Villasanta,,,Fonsarda
5335239779,Via Alberto Riva Villasanta,,,Fonsarda
5335239780,Via Alberto Riva Villasanta,,,Fonsarda
5335239791,Via Alberto Riva Villasanta,245,Monteleone - Santa Rosalia,Municipalidadi de Pirri/Municipalit? di Pirri
5336798774,Via Guglielmo Marconi,14,,Sant'Alenixedda
5336798776,Via Genneruxi,1a,,Sant'Alenixedda
5338115312,,,Terram?ini - Is Bingias,Municipalidadi de Pirri/Municipalit? di Pirri
5338115317,,,Terram?ini - Is Bingias,Municipalidadi de Pirri/Municipalit? di Pirri
5338115318,Pista ciclabile Terramaini,,Terram?ini - Is Bingias,Municipalidadi de Pirri/Municipalit? di Pirri
5359322271,Via Molo Sant'Agostino,,,Stampaxi/Stampace
5359336663,,,,Lapola/Marina
5364017468,Via Isaac Newton,,Terram?ini - Is Bingias,Municipalidadi de Pirri/Municipalit? di Pirri
5364017469,Via Isaac Newton,,Terram?ini - Is Bingias,Municipalidadi de Pirri/Municipalit? di Pirri
5364017470,Via Isaac Newton,,Terram?ini - Is Bingias,Municipalidadi de Pirri/Municipalit? di Pirri
5364017471,Via Isaac Newton,,Terram?ini - Is Bingias,Municipalidadi de Pirri/Municipalit? di Pirri
5364034363,Via Avogadro di Collobiano,72,,CEP
5364034366,Via Paolo Ruffini,5b,,CEP
5364034378,Via Baldassarre Castiglione,109,,Fonsarda
5364034379,Via Gabriello Chiabrera,,,Fonsarda
5364034382,Via Gabriello Chiabrera,,,Fonsarda
5365725206,Via Alfonso Ligas,53,,San Michele
5365725213,Via Alfonso Ligas,47,,San Michele
5365725227,Via Giuseppe Peretti,1,,San Michele
5365725254,Via Alfonso Ligas,13,,San Michele
5365725256,Via Giuseppe Peretti,,,San Michele
5365725260,Via Giuseppe Peretti,,,San Michele
5365725261,Via Giuseppe Peretti,,,San Michele
5365725268,Via Giuseppe Peretti,,,San Michele
5365725271,Via Giuseppe Peretti,,,San Michele
5365725284,Via Giuseppe Peretti,,,San Michele
5365725286,Via Giuseppe Peretti,3,,San Michele
5365725309,Via della Speranza,37,Barracca Manna,Municipalidadi de Pirri/Municipalit? di Pirri
5365725312,Via Luigi Bernardi,,Barracca Manna,Municipalidadi de Pirri/Municipalit? di Pirri
5365725313,,,Barracca Manna,Municipalidadi de Pirri/Municipalit? di Pirri
5365725315,,,Barracca Manna,Municipalidadi de Pirri/Municipalit? di Pirri
5365725423,Via della Speranza,16,Barracca Manna,Municipalidadi de Pirri/Municipalit? di Pirri
5365725426,Via della Speranza,14,Barracca Manna,Municipalidadi de Pirri/Municipalit? di Pirri
5365725427,Via dei Mandorli,4,Is Campus,Municipalidadi de Pirri/Municipalit? di Pirri
5365799715,Via Chiesa,23,Monteleone - Santa Rosalia,Municipalidadi de Pirri/Municipalit? di Pirri
5365799716,Via Chiesa,23,Monteleone - Santa Rosalia,Municipalidadi de Pirri/Municipalit? di Pirri
5365812138,Via Italia,,Terram?ini - Is Bingias,Municipalidadi de Pirri/Municipalit? di Pirri
5412363649,Viale Elmas,69,,Sant'Avendrace-Santa Gilla
5412363650,Viale Elmas,,,Sant'Avendrace-Santa Gilla
5412363653,Via del Fangario,,,Sant'Avendrace-Santa Gilla
5412363656,Via del Fangario,2,,Sant'Avendrace-Santa Gilla
5412363657,Via del Fangario,6,,Sant'Avendrace-Santa Gilla
5412363660,Viale Elmas,69,,Sant'Avendrace-Santa Gilla
5412363661,Viale Elmas,67,,Sant'Avendrace-Santa Gilla
5412363668,Asse Mediano di Scorrimento,,Monreale,Municipalidadi de Pirri/Municipalit? di Pirri
5412363681,Via Bartolomeo Colleoni,,Barracca Manna,Municipalidadi de Pirri/Municipalit? di Pirri
5471236050,Via Gabriello Chiabrera,,,Fonsarda
5471236051,Via Gabriello Chiabrera,,,Fonsarda
5471236053,Via del Nastro Azzurro,1a,,Fonsarda
5471236054,Via dei Donoratico,104,,Fonsarda
5471236056,Via Filippo Figari,,,Fonsarda
5471236066,Via Filippo Figari,,,Fonsarda
5471236074,Via Filippo Figari,,,Fonsarda
5471236084,Via Filippo Figari,,,Fonsarda
5486110814,Via Saverio Mattei,,,Is Mirrionis
5514396505,Viale Elmas,,,
5514396513,Via dello Statuto Sardo,,,
5514396514,Via dello Statuto Sardo,,,
5522718106,Via Puglia,,,San Michele
5522746565,Via Abruzzi,52,,San Michele
5522768165,Via Giuseppe Peretti,3,,San Michele
5545134736,Piazza Giuseppe Sciola,,,Is Mirrionis
5545134742,Via Diego Gregorio Cadello,,,Is Mirrionis
5545134743,Parco Monte Claro,,,Is Mirrionis
5545134748,Via Diego Gregorio Cadello,11d,,Is Mirrionis
5545134750,Via Diego Gregorio Cadello,11d,,Is Mirrionis
5545134754,Via Diego Gregorio Cadello,11b,,Is Mirrionis
5545134774,Via Diego Gregorio Cadello,11d,,Is Mirrionis
5545134775,Via Diego Gregorio Cadello,,,Is Mirrionis
5545134779,Via Diego Gregorio Cadello,11d,,Is Mirrionis
5545134780,Via Diego Gregorio Cadello,11d,,Is Mirrionis
5545134784,Via Diego Gregorio Cadello,11d,,Is Mirrionis
5545134785,Via Diego Gregorio Cadello,,,Is Mirrionis
5545134786,Via Diego Gregorio Cadello,11d,,Is Mirrionis
5545134789,Via Diego Gregorio Cadello,,,Is Mirrionis
5545134790,Via Diego Gregorio Cadello,11d,,Is Mirrionis
5545134791,Via Diego Gregorio Cadello,11d,,Is Mirrionis
5545134792,Via Diego Gregorio Cadello,,,Is Mirrionis
5545134793,Via Diego Gregorio Cadello,,,Is Mirrionis
5545191077,Via Anna Cabras Brundo,,,Is Mirrionis
5545191079,Via Anna Cabras Brundo,,,Is Mirrionis
5545191084,Parco Monte Claro,,,Is Mirrionis
5545191101,Via Diego Gregorio Cadello,,,Is Mirrionis
5546710645,Asse Mediano di Scorrimento,,,Fonsarda
5546710655,Via dei Valenzani,,,Fonsarda
5562015352,Via Luigi Crespellani,,,Mulinu Becciu
5562015353,Via Luigi Crespellani,,,Mulinu Becciu
5562015361,Via Piero della Francesca,,,Mulinu Becciu
5562015362,Via Piero della Francesca,,,Mulinu Becciu
5562015368,Via Piero della Francesca,,,Mulinu Becciu
5562015369,Via Piero della Francesca,,,Mulinu Becciu
5563840582,Piazza delle Muse,3,,Mulinu Becciu
5563840584,Piazza delle Muse,10,,Mulinu Becciu
5563840591,Piazza delle Muse,,,Mulinu Becciu
5563840595,Piazza delle Muse,1,,Mulinu Becciu
5563841431,Via Gavino Dessy Deliperi,,,Mulinu Becciu
5563841433,Via Vittore Carpaccio,9,,Mulinu Becciu
5563841436,Via Beato Angelico,7,,Mulinu Becciu
5563841438,Via Sandro Botticelli,4,,Mulinu Becciu
5563841439,Via Beato Angelico,9,,Mulinu Becciu
5563841443,Via Vittore Carpaccio,7,,Mulinu Becciu
5563841444,Via Beato Angelico,9,,Mulinu Becciu
5563841446,Via Vittore Carpaccio,5,,Mulinu Becciu
5563872874,Strada Statale 554 Cagliaritana,,,Mulinu Becciu
5563872892,Strada Statale 554 Cagliaritana,,,Mulinu Becciu
5563872896,Strada Statale 554 Cagliaritana,,,Mulinu Becciu
5563872927,,,,Mulinu Becciu
5563872929,Strada Statale 554 Cagliaritana,,,Mulinu Becciu
5563872936,,,,Mulinu Becciu
5563872938,,,,Mulinu Becciu
5563872939,Strada Statale 554 Cagliaritana,,,Mulinu Becciu
5563872954,Strada Statale 554 Cagliaritana,,,Mulinu Becciu
5563872955,Strada Statale 554 Cagliaritana,,,Mulinu Becciu
5563872960,Strada Statale 554 Cagliaritana,,,Mulinu Becciu
5563872965,Strada Statale 554 Cagliaritana,,,Mulinu Becciu
5563872968,Strada Statale 554 Cagliaritana,,,Mulinu Becciu
5563872971,Strada Statale 554 Cagliaritana,,,Mulinu Becciu
5563872972,Strada Statale 554 Cagliaritana,,,Mulinu Becciu
5563872977,Strada Statale 554 Cagliaritana,,,Mulinu Becciu
5563872980,Strada Statale 554 Cagliaritana,,,Mulinu Becciu
5563872990,Via Cimabue,12,,Mulinu Becciu
5563872991,Via Cimabue,7,,Mulinu Becciu
5567777355,Piazza Sant'Avendrace,,,Sant'Avendrace-Santa Gilla
5578156038,Via Galileo Ferraris,35,,Quartiere Europeo
5578156044,Via Galileo Ferraris,47,,Quartiere Europeo
5578156045,Via Alessandro Volta,44,,CEP
5578156052,Via Galileo Ferraris,41,,Quartiere Europeo
5578156055,Via Galileo Ferraris,47,,Quartiere Europeo
5578156060,Via Galileo Ferraris,39,,Quartiere Europeo
5587001287,Via Garigliano,12,,Sant'Avendrace-Santa Gilla
5587001292,Via Po,1a,,Sant'Avendrace-Santa Gilla
5599022643,Pista ciclabile Terramaini,,Terram?ini - Is Bingias,Municipalidadi de Pirri/Municipalit? di Pirri
5599022645,Pista ciclabile Terramaini,,Terram?ini - Is Bingias,Municipalidadi de Pirri/Municipalit? di Pirri
5599022651,Pista ciclabile Terramaini,,Terram?ini - Is Bingias,Municipalidadi de Pirri/Municipalit? di Pirri
5599022656,Pista ciclabile Terramaini,,Terram?ini - Is Bingias,Municipalidadi de Pirri/Municipalit? di Pirri
5612651987,,,,Sant'Avendrace-Santa Gilla
5613084538,Via Giovanni Capula,,,Fonsarda
5613084540,Via dei Valenzani,,,Is Mirrionis
5613084542,Via Giovanni Capula,,,Fonsarda
5613084545,Via Liguria,15,,Is Mirrionis
5613084546,Via Liguria,15,,Is Mirrionis
5613084547,Via dei Valenzani,,,Is Mirrionis
5613084548,Via Liguria,17,,Is Mirrionis
5613084549,Via dei Valenzani,,,Is Mirrionis
5620380902,Asse Mediano di Scorrimento,,,Bonaria
5686165360,Asse Mediano di Scorrimento,,,San Michele
5686165361,Via Giuseppe Peretti,,,San Michele
5718628900,Via Stanislao Caboni,15a,,Bonaria
5718628905,Via Stanislao Caboni,,,Bonaria
5754238727,Vico Primo di Viale Luigi Merello,,,Stampaxi/Stampace
5754238728,Vico Primo di Viale Luigi Merello,,,Stampaxi/Stampace
5763920442,Via Monte Mixi,,,Monte Mixi
5763920443,Via Catania,,,Monte Mixi
5763920444,Viale Armando Diaz,225,,Bonaria
5763920445,Via della Pineta,,,Monte Mixi
5763920451,Viale Armando Diaz,,,Monte Mixi
5831742593,Strada Statale 131 dir Carlo Felice,,,Mulinu Becciu
5974229346,Via Pantelleria,,,
599933558,Via Sant'Ignazio da Laconi,11,,Stampaxi/Stampace
599933560,Via Sant'Ignazio da Laconi,,,Stampaxi/Stampace
599933564,Via Sant'Ignazio da Laconi,,,Stampaxi/Stampace
599933567,Via Sant'Ignazio da Laconi,,,Stampaxi/Stampace
599933572,Via Sant'Ignazio da Laconi,,,Stampaxi/Stampace
599933575,Via Sant'Ignazio da Laconi,,,Stampaxi/Stampace
599933583,Via Palabanda,,,Stampaxi/Stampace
6008063538,Via Gorizia,26,,Tuvixeddu-Tuvumannu
6034073764,,,,
6034073774,,,,Mulinu Becciu
6034073778,,,,Mulinu Becciu
6036411606,Via Francesco Cocco Ortu,99,,Sant'Alenixedda
6036411607,Via Ottone Bacaredda,79,,Sant'Alenixedda
6036411610,Via Ottone Bacaredda,91,,Sant'Alenixedda
6046658694,Via Is Mirrionis,,,Tuvixeddu-Tuvumannu
6046658696,Via Is Mirrionis,,,Is Mirrionis
6049100032,Via Is Guadazzonis,,,Monte Mixi
6049100034,Via Is Guadazzonis,,,Monte Mixi
6049100035,Via Is Guadazzonis,,,Monte Mixi
6049100039,Via Andrea Cesalpino,,,Monte Mixi
6049100041,Via Is Guadazzonis,,,Monte Mixi
6049100043,Via Andrea Cesalpino,,,Monte Mixi
6049100045,Via Is Guadazzonis,8,,Monte Urpinu
6049100046,Via Is Guadazzonis,8,,Monte Urpinu
6049100047,Via Is Guadazzonis,,,Monte Mixi
6049100048,Via Andrea Cesalpino,,,Monte Mixi
6049100052,Via Is Guadazzonis,,,Monte Mixi
6049100060,Via Andrea Cesalpino,,,Monte Mixi
6049100331,Via Generale Stefano Cagna,37,,Monte Mixi
6049100340,Via Generale Stefano Cagna,37,,Monte Mixi
6049100344,Via Generale Stefano Cagna,37,,Monte Mixi
6049100351,Via Generale Stefano Cagna,37,,Monte Mixi
6049100364,Via Is Guadazzonis,,,Monte Mixi
6049100370,Via Marcello Malpighi,7,,Monte Mixi
6064379403,Via Flavio Gioia,,,CEP
6073781088,Via Goffredo Mameli,83,,Stampaxi/Stampace
607971300,SS131,,,San Michele
6086061198,Via Lunigiana,36,,San Michele
6086061208,,,,San Michele
6086089233,Viale Calamosca,,,Borgo Sant'Elia
6086089234,Viale Calamosca,,,Borgo Sant'Elia
6086089241,Viale Calamosca,,,Borgo Sant'Elia
6086089242,Viale Calamosca,,,Borgo Sant'Elia
6086089249,Viale Calamosca,,,Borgo Sant'Elia
6086089283,Viale Calamosca,,,Borgo Sant'Elia
6086089284,Viale Calamosca,,,Borgo Sant'Elia
6086089290,Viale Calamosca,,,Borgo Sant'Elia
6086089295,Viale Calamosca,,,Borgo Sant'Elia
6086092263,Viale Calamosca,,,Borgo Sant'Elia
6086124573,Viale Calamosca,39,,Borgo Sant'Elia
6086124577,Viale Calamosca,,,Borgo Sant'Elia
6086124580,Viale Calamosca,43,,Borgo Sant'Elia
6086124582,Viale Calamosca,43,,Borgo Sant'Elia
6086124584,Viale Calamosca,,,Borgo Sant'Elia
6086126700,Viale Calamosca,,,Borgo Sant'Elia
6086126703,Viale Calamosca,,,Borgo Sant'Elia
6086126711,Viale Calamosca,,,Borgo Sant'Elia
6086126721,Viale Calamosca,38,,Borgo Sant'Elia
6086126727,Viale Calamosca,38,,Borgo Sant'Elia
6086126730,Viale Calamosca,38,,Borgo Sant'Elia
6086126745,Viale Calamosca,,,Borgo Sant'Elia
6086126746,Viale Calamosca,,,Borgo Sant'Elia
6086126750,Viale Calamosca,,,Borgo Sant'Elia
6086126751,Viale Calamosca,,,Borgo Sant'Elia
6086126756,Viale Calamosca,,,Borgo Sant'Elia
6086126779,Viale Calamosca,,,Borgo Sant'Elia
6086126781,Viale Calamosca,,,Borgo Sant'Elia
6086148087,Via Tuvumannu,24,,Tuvixeddu-Tuvumannu
6086166521,Sentiero nel parco di Tuvixeddu,,,Tuvixeddu-Tuvumannu
6086217563,Vico Secondo di Viale Luigi Merello,26,,Stampaxi/Stampace
6086217564,Via Ravenna,24,,Bonaria
6086217580,Via Ravenna,,,Bonaria
6086217591,Via Ravenna,,,Bonaria
6086217602,Via dei Falconi,,,Bonaria
6086217607,Via dei Falconi,,,Bonaria
6086275908,Via Dante Alighieri,95,,Sant'Alenixedda
6086275911,Via Francesco Petrarca,30,,San Benedetto
6086275913,Via Tiziano,,,San Benedetto
6093047832,Viale Calamosca,17,,Borgo Sant'Elia
6093047833,Viale Calamosca,17,,Borgo Sant'Elia
6093047836,Viale Calamosca,,,Borgo Sant'Elia
6093047837,Viale Calamosca,17,,Borgo Sant'Elia
6093047840,Viale Calamosca,,,Borgo Sant'Elia
6093047848,Viale Calamosca,,,Borgo Sant'Elia
6093047849,Viale Calamosca,17,,Borgo Sant'Elia
6093047867,Viale Calamosca,,,Borgo Sant'Elia
6093047872,Viale Calamosca,30,,Borgo Sant'Elia
6093047876,Viale Calamosca,17,,Borgo Sant'Elia
6093049086,Viale Calamosca,,,Borgo Sant'Elia
6093049089,Viale Calamosca,,,Borgo Sant'Elia
6093049090,Viale Calamosca,,,Borgo Sant'Elia
6093049093,Viale Calamosca,,,Borgo Sant'Elia
6093049097,Viale Calamosca,,,Borgo Sant'Elia
6093049100,Viale Calamosca,,,Borgo Sant'Elia
6093049101,Viale Calamosca,,,Borgo Sant'Elia
6093049102,Viale Calamosca,17,,Borgo Sant'Elia
6093049107,Viale Calamosca,,,Borgo Sant'Elia
6093049112,Viale Calamosca,17,,Borgo Sant'Elia
6093049120,Viale Calamosca,,,Borgo Sant'Elia
6093049121,Viale Calamosca,,,Borgo Sant'Elia
6093049123,Viale Calamosca,,,Borgo Sant'Elia
6093049126,Viale Calamosca,,,Borgo Sant'Elia
6093049134,Viale Calamosca,,,Borgo Sant'Elia
6093049154,Via Giovanni Manurita,,,Borgo Sant'Elia
6093049168,Viale Calamosca,,,Borgo Sant'Elia
6093049170,Viale Calamosca,,,Borgo Sant'Elia
6093049180,Viale Calamosca,,,Borgo Sant'Elia
6093049187,Viale Calamosca,,,Borgo Sant'Elia
6093049195,Viale Calamosca,,,Borgo Sant'Elia
6093049197,Viale Calamosca,,,Borgo Sant'Elia
6093049205,Viale Calamosca,,,Borgo Sant'Elia
6093049220,Viale Calamosca,,,Borgo Sant'Elia
6093049227,Viale Calamosca,,,Borgo Sant'Elia
6093049228,Viale Calamosca,,,Borgo Sant'Elia
6093049232,Viale Calamosca,,,Borgo Sant'Elia
6093049236,Viale Calamosca,,,Borgo Sant'Elia
6093049247,Viale Calamosca,,,Borgo Sant'Elia
6093049249,Viale Calamosca,,,Borgo Sant'Elia
6093049250,Viale Calamosca,,,Borgo Sant'Elia
6093049251,Viale Calamosca,,,Borgo Sant'Elia
6093049253,Viale Calamosca,35,,Borgo Sant'Elia
6093049254,Viale Calamosca,35,,Borgo Sant'Elia
6093049257,Viale Calamosca,35,,Borgo Sant'Elia
6093049272,Viale Calamosca,38,,Borgo Sant'Elia
6093049309,Via Marina Piccola,,,Borgo Sant'Elia
6093049315,Viale Calamosca,38,,Borgo Sant'Elia
6093049317,Viale Calamosca,38,,Borgo Sant'Elia
6093049319,Viale Calamosca,38,,Borgo Sant'Elia
6093049326,Viale Calamosca,36,,Borgo Sant'Elia
6093049327,Viale Calamosca,,,Borgo Sant'Elia
6093049336,,,,
6093054720,Via Giovanni Manurita,,,Borgo Sant'Elia
6093054733,Via Giovanni Manurita,,,Borgo Sant'Elia
6093054736,Viale Calamosca,,,Borgo Sant'Elia
6093054739,Via Giovanni Manurita,,,Borgo Sant'Elia
6093054745,Via Giovanni Manurita,,,Borgo Sant'Elia
6093054747,Viale Calamosca,,,Borgo Sant'Elia
6093054748,Viale Calamosca,,,Borgo Sant'Elia
6093054749,Viale Calamosca,,,Borgo Sant'Elia
6106885956,Via Tuvumannu,39a,,Tuvixeddu-Tuvumannu
6106885964,Via Agostino Castelli,37,,Tuvixeddu-Tuvumannu
6106890849,Via Saverio Mattei,5,,Is Mirrionis
6106890852,Via Liguria,,,Is Mirrionis
6106890878,Parco Monte Claro,,,Is Mirrionis
6116598722,Via Montecassino,48,Villa Doloretta,Municipalidadi de Pirri/Municipalit? di Pirri
6116598723,Via Montecassino,,Villa Doloretta,Municipalidadi de Pirri/Municipalit? di Pirri
6116598725,Via Montecassino,47,Villa Doloretta,Municipalidadi de Pirri/Municipalit? di Pirri
6121721947,Via Sidney Sonnino,,,Bonaria
6122075126,,,,San Michele
6122191889,Piazza Sant'Avendrace,2,,Sant'Avendrace-Santa Gilla
6122292653,Via Venti Settembre,3a,,Bonaria
6123588547,Via Antonio Scano,81,,Monte Urpinu
6126245029,Ponte Laghetto Monte Claro,,,Is Mirrionis
6126245032,Ponte Laghetto Monte Claro,,,Is Mirrionis
6131673063,Via Anna Cabras Brundo,,,Is Mirrionis
6131677225,Via Anna Cabras Brundo,,,Is Mirrionis
6131677228,Via dei Valenzani,,,Fonsarda
6133420816,Via Raimondo Carta Raspi,,,Nuovo Borgo Sant'Elia
6147044713,Viale Umberto Ticca,7a,,Mulinu Becciu
6147044719,,,,Mulinu Becciu
6147044732,,,,Mulinu Becciu
6149496208,Viale dei Giornalisti,,,Sant'Avendrace-Santa Gilla
6149496209,Viale dei Giornalisti,,,Sant'Avendrace-Santa Gilla
6149496215,Viale dei Giornalisti,,,Sant'Avendrace-Santa Gilla
6149496216,Viale dei Giornalisti,,,Sant'Avendrace-Santa Gilla
6149519769,Via Amerigo Vespucci,,,Nuovo Borgo Sant'Elia
6149519774,Via Amerigo Vespucci,,,Nuovo Borgo Sant'Elia
6149519779,Via Tramontana,,,La Palma
6149519781,Viale San Bartolomeo,,,La Palma
6149519782,Viale San Bartolomeo,,,La Palma
6149519790,Rotonda San Bartolomeo,,,Borgo Sant'Elia
6149519797,Via S'Arrulloni,,,Quartiere del Sole
6149519798,Via S'Arrulloni,,,Quartiere del Sole
6149519801,Via S'Arrulloni,5,,Quartiere del Sole
6149519837,Via del Pozzetto,14,,Quartiere del Sole
6149519838,Via del Pozzetto,14,,Quartiere del Sole
6149519846,Via del Sole,23,,Quartiere del Sole
6149519855,Via del Pozzetto,9,,Quartiere del Sole
6149519857,Via del Pozzetto,9,,Quartiere del Sole
6149519863,Via del Sole,31,,Quartiere del Sole
6149519866,Via degli Usignoli,1,,Quartiere del Sole
6149519870,Via del Pozzetto,16,,Quartiere del Sole
6149567921,Via Marina Piccola,34,,Borgo Sant'Elia
6152004240,Via Roma,143,,Lapola/Marina
6152004259,Viale Buoncammino,,,Stampaxi/Stampace
6152004267,Via Emilia,1,,San Michele
6153151776,Via Mandrolisai,27c,,Is Mirrionis
6153151777,Via Sarrabus,,,San Michele
6153151783,Via Sarrabus,,,San Michele
6153151786,Via Sarrabus,,,San Michele
6153151787,Via Sarrabus,,,San Michele
6153151805,Via Mandrolisai,82,,Is Mirrionis
6153199966,Via Sarrabus,10,,San Michele
6153199968,Via Mandrolisai,53,,Is Mirrionis
6153200000,Via Meilogu,9,,Is Mirrionis
6153200010,Via Meilogu,9,,Is Mirrionis
6157186845,Piazza San Michele,8,,San Michele
6158826148,Via Francesco Alziator,26,,Nuovo Borgo Sant'Elia
6158826150,Piazza Francesco Antonio Boi,,,Nuovo Borgo Sant'Elia
6158826156,Via Francesco Alziator,7,,Nuovo Borgo Sant'Elia
6158826160,Via Francesco Alziator,15,,Nuovo Borgo Sant'Elia
6167688896,Via Sebastiano Satta,60,,San Benedetto
6167688897,Via Antonio Lo Frasso,35,,San Benedetto
6167688901,Via Dante Alighieri,,,San Benedetto
6167688902,Via Alghero,,,San Benedetto
6167688903,Via Dante Alighieri,,,Monte Urpinu
6167884600,Via Cornalias,74b,,Is Mirrionis
6168445895,Via Mandrolisai,51,,Is Mirrionis
6168445896,Via Mandrolisai,49,,Is Mirrionis
6168445900,Via Monte Acuto,,,Is Mirrionis
6168445901,Via Monte Acuto,,,Is Mirrionis
6168445907,Via Mandrolisai,51,,Is Mirrionis
6168445908,Via Mandrolisai,47,,Is Mirrionis
6168445909,Via Mandrolisai,49,,Is Mirrionis
6168445921,Via Abruzzi,27,,San Michele
6168977397,Via Agostino Castelli,17,,Tuvixeddu-Tuvumannu
6170252996,Via Ostro,7,,La Palma
6170252997,,,,La Palma
6170253028,Via La Palma,,,La Palma
6170253031,Via Tramontana,15,,La Palma
6170397566,Via dei Tritoni,28,,Quartiere del Sole
6170421286,Via del Sole,33,,Quartiere del Sole
6170668965,Via del Sole,11,,Quartiere del Sole
6179491339,Via Logudoro,23,,Bonaria
6179491340,Via San Lucifero,,,Bonaria
6179491341,Piazza San Cosimo,5,,Bonaria
6179491344,Via San Lucifero,,,Bonaria
6179491345,Via San Lucifero,,,Bonaria
6179491364,Piazza San Cosimo,5,,Bonaria
6179491367,Via San Lucifero,76,,Bonaria
6179491369,Via San Lucifero,80,,Bonaria
6179491370,Via San Lucifero,,,Bonaria
6179491371,Via San Lucifero,,,Bonaria
6188234332,,,,Mulinu Becciu
6188306584,,,,Mulinu Becciu
6188306586,Strada Statale 554 Cagliaritana,,,Mulinu Becciu
6188306587,,,,Mulinu Becciu
6191982062,Viale Sant'Avendrace,2,,Sant'Avendrace-Santa Gilla
6191982065,Via Santa Gilla,2,,Sant'Avendrace-Santa Gilla
6221665820,Via Piero della Francesca,,,Mulinu Becciu
6221665821,Via Piero della Francesca,,,Mulinu Becciu
6224678738,Via Giudice Torbeno,,,Sant'Alenixedda
6224678740,Via Giudice Torbeno,,,Sant'Alenixedda
6247994288,Via Goffredo Mameli,195,,Sant'Avendrace-Santa Gilla
6247994367,Via Goffredo Mameli,52,,Stampaxi/Stampace
6263721433,Via Cristoforo Colombo,2c,,Bonaria
6263721434,Via Cristoforo Colombo,7,,Bonaria
6263721435,Via Cristoforo Colombo,24,,Bonaria
6263721436,Via Cristoforo Colombo,25,,Bonaria
6263721437,Via Cristoforo Colombo,30,,Bonaria
6263721438,Via Cristoforo Colombo,37,,Bonaria
6263721439,Via Cristoforo Colombo,39,,Bonaria
6263721440,Via Cristoforo Colombo,32,,Bonaria
6263721441,Via Cristoforo Colombo,,,Bonaria
6263721442,Via Cristoforo Colombo,52,,Bonaria
6263721443,Viale Armando Diaz,94,,Bonaria
6263721444,Viale Armando Diaz,207,,Bonaria
6263721445,Viale Armando Diaz,100,,Bonaria
6263721446,Viale Armando Diaz,,,Bonaria
6263721447,Viale Armando Diaz,116,,Bonaria
6263721450,Viale Armando Diaz,156,,Bonaria
6263721451,Viale Armando Diaz,221,,Bonaria
6263721452,Viale Armando Diaz,225,,Bonaria
6263721453,Viale Armando Diaz,229,,Monte Mixi
6263721454,Viale Armando Diaz,174,,Bonaria
6263721457,Viale Armando Diaz,109b,,Bonaria
6263721459,Viale Armando Diaz,99,,Bonaria
6263721460,Viale Armando Diaz,26,,Bonaria
6263721461,Viale Armando Diaz,21,,Bonaria
6263721462,Viale Armando Diaz,,,Bonaria
6266966064,Via dell'Idrovora,,,Poetto-Medau su Cramu
6266966072,Via Lungo Saline,,,Poetto-Medau su Cramu
6267835191,Viale Poetto,272,,Poetto-Medau su Cramu
6268682038,,,,Mulinu Becciu
6268682039,,,,Mulinu Becciu
6269171837,Corso Vittorio Emanuele Secondo,410,,Sant'Avendrace-Santa Gilla
6269670677,Via Giuseppe Biasi,38,,Fonsarda
6283327643,Piazza dei Pescatori,2,,Borgo Sant'Elia
6283327647,Piazza dei Pescatori,4,,Borgo Sant'Elia
6283327659,Piazza dei Pescatori,,,Borgo Sant'Elia
6283327663,Piazzetta Franco Oliverio,,,Borgo Sant'Elia
6283327668,Piazzetta Franco Oliverio,,,Borgo Sant'Elia
6283434914,Via Flavio Gioia,6,,CEP
6283456788,Via Andrea Vesalio,12,Monteleone - Santa Rosalia,Municipalidadi de Pirri/Municipalit? di Pirri
6283456789,Via Andrea Vesalio,1,,Quartiere Europeo
6283456790,Via Andrea Vesalio,,,Quartiere Europeo
6283456792,Via Andrea Vesalio,7,,Quartiere Europeo
6283456793,Via Andrea Vesalio,28,Monteleone - Santa Rosalia,Municipalidadi de Pirri/Municipalit? di Pirri
6283938617,Via Don Aldo Matzeu,2,,CEP
6283938618,Via Don Aldo Matzeu,,,CEP
6283938619,Via Don Aldo Matzeu,4,,CEP
6283938620,Via Don Aldo Matzeu,,,CEP
6283938623,Via Don Aldo Matzeu,,,CEP
6283938630,Via Don Aldo Matzeu,4,,CEP
6284162877,Piazza Costituzione,10,,Biddanoa/Villanova
6284167041,Via Garfagnana,1,,La Vega
6284167066,Asse Mediano di Scorrimento,,,Is Mirrionis
6284546934,Via Paolo Veronese,10,,Mulinu Becciu
6284683039,Via Libeccio,1,,Quartiere del Sole
6293681655,Via Montecristo,,,Poetto-Medau su Cramu
6293681658,Via Ischia,5,,Poetto-Medau su Cramu
6293681665,Via Lungo Saline,,,Poetto-Medau su Cramu
6293681667,Via Lungo Saline,,,Poetto-Medau su Cramu
6299444785,Via Francesco Gemelli,8,,Monte Urpinu
6299444786,Via Francesco Gemelli,,,Monte Urpinu
6299444787,Via Francesco Gemelli,8,,Monte Urpinu
6299444788,Via Antonio Scano,,,Monte Urpinu
6299444789,Via Filippo Garavetti,,,Monte Urpinu
6299444795,Via Francesco Gemelli,2,,Monte Urpinu
6299444800,Via Francesco Gemelli,10,,Monte Urpinu
6299444804,Via Francesco Gemelli,10,,Monte Urpinu
6299444805,Via Salvatore Vidal,3,,Monte Urpinu
6299444806,Via Francesco Gemelli,8,,Monte Urpinu
6310991557,,,,Sant'Avendrace-Santa Gilla
6310991558,Viale Pula,,,Sant'Avendrace-Santa Gilla
6310991560,,,,Sant'Avendrace-Santa Gilla
6310991561,,,,Sant'Avendrace-Santa Gilla
6324278626,Via Giuseppe Anedda,,,Sant'Alenixedda
6324278628,Via San Vetrano,2,,Sant'Alenixedda
6324278629,Via Ottone Bacaredda,178b,,La Vega
6326784553,Via Francesco Crispi,,,Stampaxi/Stampace
6326784554,Via Francesco Crispi,,,Stampaxi/Stampace
6326784557,Via Francesco Crispi,,,Stampaxi/Stampace
6326812684,Via Flavio Gioia,,,CEP
6328984339,,,,Sant'Avendrace-Santa Gilla
6331412210,Via Montevecchio,31,,Is Mirrionis
6331412216,Via Argentiera,76,,Is Mirrionis
6331412227,Via Campo Pisano,33,,Is Mirrionis
6331412240,Via Carlo Baudi di Vesme,2,,Is Mirrionis
6331412611,Via Cornalias,91,,Is Mirrionis
6331412613,Via Quirra,1,,Is Mirrionis
6331412614,Via Cornalias,109,,Is Mirrionis
6332218984,Via dei Carroz,,,Fonsarda
6334159910,Via Monte Sabotino,3,,Sant'Avendrace-Santa Gilla
6335214295,Via Giuseppe Biasi,25,,Fonsarda
6336284035,Via Po,57a,,Sant'Avendrace-Santa Gilla
6336284036,Via Po,57a,,Sant'Avendrace-Santa Gilla
6336284037,Via Po,,,Sant'Avendrace-Santa Gilla
6339277367,Via Samuele Utzeri,2,,Nuovo Borgo Sant'Elia
6339277371,Via Samuele Utzeri,76,,Nuovo Borgo Sant'Elia
6339287737,Via Ingegnere Tommaso Fiorelli,,,La Palma
6339861204,Via Firenze,43,,Monte Mixi
6339861210,Via Enrico Besta,2,,Monte Urpinu
6339861212,Viale Europa,,,Monte Urpinu
6339861223,Via Nizza,2,,Genneruxi
6339861224,Via Lione,11,,Genneruxi
6340221630,Via Gabriello Chiabrera,,,Fonsarda
6340225734,Via Filippo Figari,2,,Fonsarda
6340231919,Via Gabriello Chiabrera,,,Fonsarda
6340231920,Via Gabriello Chiabrera,10,,Fonsarda
6340231921,Via Gabriello Chiabrera,,,Fonsarda
6340231922,Via Gabriello Chiabrera,20,,Fonsarda
6340231923,Via Salvatore Rosa,1,,Fonsarda
6342114154,Via dei Donoratico,91,,Fonsarda
6342118412,Via Giudice Mariano,103,,Fonsarda
6357708627,Via Premuda,48,,San Michele
6357708633,Via San Michele,69,,San Michele
6357708634,Via San Michele,,,San Michele
6357708637,Via Bosco Cappuccio,93,,San Michele
6358895988,Viale San Bartolomeo,8,,La Palma
6358895989,Viale San Bartolomeo,8,,La Palma
6358895991,Viale Poetto,5,,La Palma
6358895995,Via Tramontana,,,La Palma
6358895996,Viale San Bartolomeo,8,,La Palma
6358895997,Viale Poetto,5,,La Palma
6358895998,Viale San Bartolomeo,8,,La Palma
6358895999,Viale San Bartolomeo,8,,La Palma
6358896000,Viale Poetto,5,,La Palma
6358896003,Viale Poetto,5,,La Palma
6358896014,Via Tramontana,,,La Palma
6358896015,Viale Poetto,5,,La Palma
6358896016,Viale Poetto,5,,La Palma
6358896017,Viale Poetto,5,,La Palma
6369822476,Via Giovanni Maria Angioy,45a,,Stampaxi/Stampace
6369822477,Vico di Largo Carlo Felice di Savoia,1,,Stampaxi/Stampace
6369822479,Via Francesco Crispi,1,,Stampaxi/Stampace
6369822483,Via Giovanni Maria Angioy,45a,,Stampaxi/Stampace
6372602402,,,,Sant'Avendrace-Santa Gilla
6372602421,,,,Sant'Avendrace-Santa Gilla
6372602424,,,,Sant'Avendrace-Santa Gilla
6376248598,,,,San Michele
6378089803,Via Vulcano,1a,,Poetto-Medau su Cramu
6378089804,Via Vulcano,236,,Poetto-Medau su Cramu
6378142295,Via Ischia,6,,Poetto-Medau su Cramu
6378171871,,,,Poetto-Medau su Cramu
6378171875,Via Lungo Saline,,,Poetto-Medau su Cramu
6418891170,Via Falzarego,,,Sant'Avendrace-Santa Gilla
6418891173,Vico Secondo di Viale Sant'Avendrace,,,Sant'Avendrace-Santa Gilla
6418907289,Vico Secondo di Viale Sant'Avendrace,,,Sant'Avendrace-Santa Gilla
6418907309,Vico Secondo di Viale Sant'Avendrace,,,Sant'Avendrace-Santa Gilla
6439401004,Via Villa Giusti,6,,Tuvixeddu-Tuvumannu
6439731047,,,,Mulinu Becciu
6440467753,Vico Secondo di Viale Sant'Avendrace,,,Sant'Avendrace-Santa Gilla
6440467756,Vico Secondo di Viale Sant'Avendrace,,,Sant'Avendrace-Santa Gilla
6440467757,Vico Secondo di Viale Sant'Avendrace,,,Sant'Avendrace-Santa Gilla
6440467766,Vico Secondo di Viale Sant'Avendrace,,,Sant'Avendrace-Santa Gilla
6440467774,Vico Secondo di Viale Sant'Avendrace,,,Sant'Avendrace-Santa Gilla
6440467776,Vico Secondo di Viale Sant'Avendrace,,,Sant'Avendrace-Santa Gilla
6440467783,Vico Secondo di Viale Sant'Avendrace,,,Sant'Avendrace-Santa Gilla
6447810273,Via Giuseppe Brotzu,,,Mulinu Becciu
6447810284,Via Giuseppe Brotzu,,,Mulinu Becciu
6449074441,Pista Ciclopedonale Terramaini - Molentargius,,,Poetto-Medau su Cramu
6449074447,Pista Ciclopedonale Terramaini - Molentargius,,,Poetto-Medau su Cramu
6449074451,Pista Ciclopedonale Terramaini - Molentargius,,,Poetto-Medau su Cramu
6449074466,Pista ciclabile Terramaini,,,Poetto-Medau su Cramu
6449074473,Pista ciclabile Terramaini,,,Poetto-Medau su Cramu
6491655636,Piazza Salento,4,,La Vega
6491703562,Via San Saturnino,54a,,La Vega
6491703576,Piazza Ugo Tristani,4,,La Vega
6491704088,Piazza John Fitzgerald Kennedy,1d,,La Vega
6508777477,Viale Enrico Endrich,,,Biddanoa/Villanova
6508777483,Viale Enrico Endrich,,,Biddanoa/Villanova
6513273984,Ponte Laghetto Monte Claro,,,Is Mirrionis
6513294105,Ponte Laghetto Monte Claro,,,Is Mirrionis
6513294106,Via Diego Gregorio Cadello,,,Is Mirrionis
6513326893,Via Saverio Mattei,,,Is Mirrionis
6520660056,Via Ottone Bacaredda,115,,Fonsarda
6524156222,Viale Campioni d'Italia 1969-70,,,Monte Mixi
6524156230,Viale Campioni d'Italia 1969-70,,,Monte Mixi
6524156241,Via John Davison Rockefeller,3,,Monte Mixi
6524156242,Viale Armando Diaz,,,Monte Mixi
6524156245,Viale Armando Diaz,,,Monte Mixi
6524156253,Viale Armando Diaz,221,,Bonaria
6524156255,Piazza Marco Polo,10,,Bonaria
6524156257,Piazza Marco Polo,,,Bonaria
6524156264,Viale Armando Diaz,199,,Bonaria
6527717910,Viale Regina Margherita,57,,Bonaria
6533862324,Strada statale 195 racc Via San Paolo,,,Sant'Avendrace-Santa Gilla
6533862325,Strada statale 195 racc Via San Paolo,,,Sant'Avendrace-Santa Gilla
6533862339,Strada statale 195 racc Via San Paolo,,,Sant'Avendrace-Santa Gilla
6535742399,Via Santa Gilla,14,,Sant'Avendrace-Santa Gilla
6535742400,Via Santa Gilla,14,,Sant'Avendrace-Santa Gilla
6535742405,Via Santa Gilla,37,,Sant'Avendrace-Santa Gilla
6535742406,Via Santa Gilla,37,,Sant'Avendrace-Santa Gilla
6535742414,Via Santa Gilla,,,Sant'Avendrace-Santa Gilla
6535742427,Viale dei Giornalisti,,,Sant'Avendrace-Santa Gilla
6535742440,Viale dei Giornalisti,,,Sant'Avendrace-Santa Gilla
6535742444,Viale dei Giornalisti,,,Sant'Avendrace-Santa Gilla
6535742445,Piazzetta L'Unione Sarda,,,Sant'Avendrace-Santa Gilla
6535742447,Viale dei Giornalisti,,,Sant'Avendrace-Santa Gilla
6535742448,Viale dei Giornalisti,,,Sant'Avendrace-Santa Gilla
6535742461,Via Santa Gilla,,,Sant'Avendrace-Santa Gilla
6537764603,Via Mincio,11,,Sant'Avendrace-Santa Gilla
6537764604,Via Mincio,,,Sant'Avendrace-Santa Gilla
6537764608,Via Mincio,,,Sant'Avendrace-Santa Gilla
6537764609,Via Mincio,,,Sant'Avendrace-Santa Gilla
6537764610,Via Mincio,11,,Sant'Avendrace-Santa Gilla
6537764611,Via Mincio,,,Sant'Avendrace-Santa Gilla
6537764612,Via Mincio,,,Sant'Avendrace-Santa Gilla
6537764615,Viale dei Giornalisti,,,Sant'Avendrace-Santa Gilla
6541717367,Viale Poetto,,,Poetto-Medau su Cramu
6557651055,Via Amerigo Vespucci,,,Nuovo Borgo Sant'Elia
6586410099,Via Is Maglias,174a,,Tuvixeddu-Tuvumannu
6586410102,Via Is Maglias,132,,Tuvixeddu-Tuvumannu
6586410104,Via Is Maglias,132,,Tuvixeddu-Tuvumannu
6586410105,Via Is Maglias,132,,Tuvixeddu-Tuvumannu
6625079980,Via dei Valenzani,4,,Is Mirrionis
6625079981,Via dei Valenzani,4a,,Is Mirrionis
6625107786,Via Giovanni Capula,,,Fonsarda
6641911135,Via Lunigiana,52,,San Michele
6643065708,,,,Sant'Avendrace-Santa Gilla
6643065710,,,,Sant'Avendrace-Santa Gilla
6643065716,,,,Sant'Avendrace-Santa Gilla
6643065731,,,,Sant'Avendrace-Santa Gilla
6643065732,,,,Sant'Avendrace-Santa Gilla
6643065739,,,,Sant'Avendrace-Santa Gilla
6643065747,,,,Sant'Avendrace-Santa Gilla
6643065748,,,,Sant'Avendrace-Santa Gilla
6643065756,,,,Sant'Avendrace-Santa Gilla
6643065768,,,,Sant'Avendrace-Santa Gilla
6643065772,,,,Sant'Avendrace-Santa Gilla
6646364175,Via Efisio Cao di San Marco,2,,Sant'Alenixedda
6650020652,Viale Calamosca,,,Borgo Sant'Elia
6667967517,Viale Poetto,125,,Poetto-Medau su Cramu
6667967527,Viale Poetto,282,,Poetto-Medau su Cramu
6667967530,,,,Poetto-Medau su Cramu
6667967531,Viale Poetto,,,Poetto-Medau su Cramu
6667967545,Viale Poetto,123,,Poetto-Medau su Cramu
6681106753,Via dell'Agricoltura,3,,Sant'Avendrace-Santa Gilla
6681110387,Via dell'Agricoltura,,,Sant'Avendrace-Santa Gilla
6681110388,Via dell'Agricoltura,,,Sant'Avendrace-Santa Gilla
6681110389,Via dell'Agricoltura,,,Sant'Avendrace-Santa Gilla
6684820695,Via Giuseppe Peretti,11,,San Michele
6705645352,Via Andrea Vesalio,,Terram?ini - Is Bingias,Municipalidadi de Pirri/Municipalit? di Pirri
6705645353,Pista ciclabile Terramaini,,Terram?ini - Is Bingias,Municipalidadi de Pirri/Municipalit? di Pirri
6705645359,Pista ciclabile Terramaini,,Terram?ini - Is Bingias,Municipalidadi de Pirri/Municipalit? di Pirri
6705645366,Pista ciclabile Terramaini,,Terram?ini - Is Bingias,Municipalidadi de Pirri/Municipalit? di Pirri
6706097472,Via Andrea Vesalio,,Terram?ini - Is Bingias,Municipalidadi de Pirri/Municipalit? di Pirri
6706097474,Via Andrea Vesalio,,Terram?ini - Is Bingias,Municipalidadi de Pirri/Municipalit? di Pirri
6706097476,Via Andrea Vesalio,34,Terram?ini - Is Bingias,Municipalidadi de Pirri/Municipalit? di Pirri
6706097477,Via Andrea Vesalio,34,Terram?ini - Is Bingias,Municipalidadi de Pirri/Municipalit? di Pirri
6706097478,Via Andrea Vesalio,,Terram?ini - Is Bingias,Municipalidadi de Pirri/Municipalit? di Pirri
6706097480,Via Andrea Vesalio,,Terram?ini - Is Bingias,Municipalidadi de Pirri/Municipalit? di Pirri
6706097481,Via Andrea Vesalio,,Terram?ini - Is Bingias,Municipalidadi de Pirri/Municipalit? di Pirri
6706097482,Via Andrea Vesalio,,Terram?ini - Is Bingias,Municipalidadi de Pirri/Municipalit? di Pirri
6706097483,Via Andrea Vesalio,,Terram?ini - Is Bingias,Municipalidadi de Pirri/Municipalit? di Pirri
6706097484,Via Andrea Vesalio,,Terram?ini - Is Bingias,Municipalidadi de Pirri/Municipalit? di Pirri
6706198285,Via Andrea Vesalio,,Terram?ini - Is Bingias,Municipalidadi de Pirri/Municipalit? di Pirri
6736371179,Via Grosseto,2,,Bonaria
6736383186,Via Milano,61,,Bonaria
6768690812,Via Riva di Ponente,33,,Stampaxi/Stampace
6768690815,Via Riva di Ponente,10,,Stampaxi/Stampace
6775487560,,,,Sant'Avendrace-Santa Gilla
6775487566,,,,Sant'Avendrace-Santa Gilla
6775487569,,,,Sant'Avendrace-Santa Gilla
6775487571,,,,Sant'Avendrace-Santa Gilla
6775487574,,,,Sant'Avendrace-Santa Gilla
6775487575,,,,Sant'Avendrace-Santa Gilla
6775526323,,,,Sant'Avendrace-Santa Gilla
6784969302,Via Trincea delle Frasche,7a,,Is Mirrionis
6789185274,Via Nazario Sauro,18,,Sant'Avendrace-Santa Gilla
6789185275,Via Nazario Sauro,15,,Sant'Avendrace-Santa Gilla
6789225097,Strada Statale 195 var Sulcitana,,,Sant'Avendrace-Santa Gilla
6789225098,Strada Statale 195 var Sulcitana,,,Sant'Avendrace-Santa Gilla
6789225115,Strada Statale 195 var Sulcitana,,,Sant'Avendrace-Santa Gilla
6789225142,Strada Statale 195 var Sulcitana,,,Sant'Avendrace-Santa Gilla
6789225157,Strada Statale 195 var Sulcitana,,,Sant'Avendrace-Santa Gilla
6789225158,Strada Statale 195 var Sulcitana,,,Sant'Avendrace-Santa Gilla
6789225160,,,,Sant'Avendrace-Santa Gilla
6789225176,,,,Sant'Avendrace-Santa Gilla
6789225178,Strada Statale 195 var Sulcitana,,,Sant'Avendrace-Santa Gilla
6789233492,,,,Sant'Avendrace-Santa Gilla
6795332148,Piazza del Carmine,27/29,,Stampaxi/Stampace
6795332150,Vico di Via Malta,10,,Stampaxi/Stampace
6795332151,Via Sassari,44b,,Stampaxi/Stampace
6795332156,Viale Trieste,1,,Stampaxi/Stampace
6795332158,Via Sassari,15,,Stampaxi/Stampace
6804919431,Via Is Maglias,196,,Tuvixeddu-Tuvumannu
6804919436,Via Is Maglias,196,,Tuvixeddu-Tuvumannu
6804919438,Via Is Maglias,194,,Tuvixeddu-Tuvumannu
6804919439,Via Is Maglias,194,,Tuvixeddu-Tuvumannu
6804919444,Via Is Maglias,196,,Tuvixeddu-Tuvumannu
6804919457,Via Is Maglias,196,,Tuvixeddu-Tuvumannu
6804919463,Via Montenotte,2,,Tuvixeddu-Tuvumannu
6804919467,Via Montenotte,2,,Tuvixeddu-Tuvumannu
6811604700,Via Farfa,,Villa Doloretta,Municipalidadi de Pirri/Municipalit? di Pirri
6811604701,Via Caterina Segurana,,Villa Doloretta,Municipalidadi de Pirri/Municipalit? di Pirri
6811657585,Via dei Tigli,8a,Villa Doloretta,Municipalidadi de Pirri/Municipalit? di Pirri
6811657586,Via delle Greggi,38a,Villa Doloretta,Municipalidadi de Pirri/Municipalit? di Pirri
6812721192,,,,
6814696923,Via Berna,16,,Genneruxi
6814696924,Via Zagabria,20,,Genneruxi
6814696925,Via Berna,16,,Genneruxi
6814696926,Via Berna,15,,Genneruxi
6814696928,Via Berna,,,Genneruxi
6814696929,Via Berna,15,,Genneruxi
6814696930,Via Zagabria,55,,Genneruxi
6868060585,Via Nino Bixio,14,Monteleone - Santa Rosalia,Municipalidadi de Pirri/Municipalit? di Pirri
6868060586,Via Nino Bixio,14,Monteleone - Santa Rosalia,Municipalidadi de Pirri/Municipalit? di Pirri
6868060595,Via Maria Luisa Sanfelice,5,Monteleone - Santa Rosalia,Municipalidadi de Pirri/Municipalit? di Pirri
6868060596,Via Maria Luisa Sanfelice,6a,Monteleone - Santa Rosalia,Municipalidadi de Pirri/Municipalit? di Pirri
6882358381,Via dei Grilli,11,,Fonsarda
6882358382,Via dei Grilli,1,,Fonsarda
6882358383,Via dei Grilli,1,,Fonsarda
6948757553,Viale Calamosca,,,Borgo Sant'Elia
6948757555,Viale Calamosca,,,Borgo Sant'Elia
6948798811,Viale Calamosca,,,Borgo Sant'Elia
6948798816,Viale Calamosca,,,Borgo Sant'Elia
6948798820,Viale Calamosca,,,Borgo Sant'Elia
6948798825,Viale Calamosca,,,Borgo Sant'Elia
6949653283,Via Francesco Cocco Ortu,63,,Sant'Alenixedda
6975211089,Viale Calamosca,,,Borgo Sant'Elia
6975211090,Viale Calamosca,,,Borgo Sant'Elia
6989876492,Via Marina Piccola,,,Borgo Sant'Elia
6989876496,Via Marina Piccola,,,Borgo Sant'Elia
6989876506,Via Marina Piccola,,,Borgo Sant'Elia
6989876508,Via Marina Piccola,,,Borgo Sant'Elia
6989876510,Via Marina Piccola,,,Borgo Sant'Elia
7006289334,Viale Calamosca,,,Borgo Sant'Elia
7006289336,Viale Calamosca,,,Borgo Sant'Elia
7007083454,Viale Calamosca,,,Borgo Sant'Elia
7007083480,Viale Calamosca,,,Borgo Sant'Elia
7007088085,Viale Calamosca,,,Borgo Sant'Elia
7007088088,Viale Calamosca,,,Borgo Sant'Elia
7007088098,Viale Calamosca,47,,Borgo Sant'Elia
701435273,Via Is Mirrionis,201,,San Michele
7068087914,,,,Bonaria
7068087916,,,,Bonaria
7114103159,Via Is Mirrionis,,,Is Mirrionis
7114103161,Piazza d'Armi,,,Is Mirrionis
7119508327,Via Paolo Veronese,10,,Mulinu Becciu
7119508328,Via Paolo Veronese,10,,Mulinu Becciu
7148545437,Via Saverio Mattei,38,,Is Mirrionis
7148545449,Ponte Laghetto Monte Claro,,,Is Mirrionis
7148545457,Via Saverio Mattei,,,Is Mirrionis
7148545470,Parco Monte Claro,,,Is Mirrionis
7173300206,Via Monsignor Giuseppe Cogoni,,,Is Mirrionis
7173300207,Via Monsignor Giuseppe Cogoni,,,Is Mirrionis
7173300219,Via Robert Koch,,,Is Mirrionis
7173300220,Via Robert Koch,,,Is Mirrionis
7173300221,Via Monsignor Giuseppe Cogoni,,,Is Mirrionis
7173300223,Via Monsignor Giuseppe Cogoni,,,Is Mirrionis
7173300224,Via Monsignor Giuseppe Cogoni,,,Is Mirrionis
7174870327,Via Is Mirrionis,88,,Tuvixeddu-Tuvumannu
7174870337,Via Is Mirrionis,88,,Tuvixeddu-Tuvumannu
7174870339,Via Fratelli Falletti,,,Is Mirrionis
7174870340,Via Is Mirrionis,,,Tuvixeddu-Tuvumannu
7174870341,Via Tuvumannu,,,Tuvixeddu-Tuvumannu
7174870353,Via Is Mirrionis,,,Tuvixeddu-Tuvumannu
7174870354,Via Is Mirrionis,,,Tuvixeddu-Tuvumannu
7176091066,Via dei Capraia,8,,Fonsarda
7176091069,Via dei Giudicati,,,Fonsarda
7176091079,Via dei Visconti,2,,Fonsarda
7176091083,Via Giudice Chiano,18,,Fonsarda
7176091084,Via dei Capraia,8,,Fonsarda
7176206086,Via dei Capraia,,,Fonsarda
7176206089,Via Giudicessa Benedetta,30,,Fonsarda
7176206100,Via Giudice Costantino,1,,Fonsarda
7176206105,Via dei Capraia,36,,Fonsarda
7176206106,Via dei Capraia,,,Fonsarda
7176206109,Via Giudice Guglielmo,1,,Fonsarda
7176206112,Via dei Giudicati,52,,Fonsarda
7176206113,Via dei Giudicati,35a,,Fonsarda
7176206128,Via dei Giudicati,60,,Fonsarda
7176206135,Via dei Giudicati,45,,Sant'Alenixedda
7176206137,Via dei Giudicati,49,,Sant'Alenixedda
7176206138,Via dei Giudicati,64,,Fonsarda
7176218398,Via dei Giudicati,,,Sant'Alenixedda
7176218400,Via Giudice Mariano,6,,Fonsarda
7176218401,Via Giudice Mariano,25,,Fonsarda
7176218402,Via Giudice Mariano,46,,Fonsarda
7176218403,Via Giudice Mariano,65,,Fonsarda
7176218404,Via Giudice Costantino,1,,Fonsarda
7176218405,Via Giudice Costantino,1,,Fonsarda
7176218407,Via Giudice Costantino,33,,Fonsarda
7176218420,Via Giudice Guglielmo,34,,Fonsarda
7176218421,Via dei Giudicati,24,,Fonsarda
7176830790,Vico Undicesimo di Via San Giovanni,2,,Biddanoa/Villanova
7176830791,Via Piceno,1,,Biddanoa/Villanova
7176830792,Vico Quattordicesimo di Via San Giovanni,2,,Biddanoa/Villanova
7176830793,Vico Tredicesimo San Giovanni,1,,Biddanoa/Villanova
7176830795,Piazza Wolfgang Amadeus Mozart,,,Sant'Alenixedda
7176830806,Via Giuseppe Anedda,,,Sant'Alenixedda
7176905783,Piazza Attilio Deffenu,,,Bonaria
7177787602,Via Is Mirrionis,88,,Tuvixeddu-Tuvumannu
7177787603,Via Monte Santo,,,Tuvixeddu-Tuvumannu
7177787606,Via Is Mirrionis,,,Tuvixeddu-Tuvumannu
7177787608,Via Is Mirrionis,,,Tuvixeddu-Tuvumannu
7179046320,Via Liguria,11,,Is Mirrionis
7179046321,Via Liguria,11,,Is Mirrionis
7179046332,Via Is Mirrionis,199b,,Is Mirrionis
7179046355,Via Campania,18a,,Is Mirrionis
7179046380,Via Saverio Mattei,,,Is Mirrionis
7179048287,Via Romagna,18,,Is Mirrionis
7181757347,Via Robert Koch,,,Is Mirrionis
7181757356,Via Monsignor Antonio Parragues,,,Is Mirrionis
7181757357,Via Monsignor Antonio Parragues,,,Is Mirrionis
7181757379,Via Monsignor Antonio Parragues,,,Is Mirrionis
7181757383,Via Monsignor Antonio Parragues,,,Is Mirrionis
7181763587,Via Monsignor Antonio Parragues,,,Is Mirrionis
7181763588,Via Monsignor Antonio Parragues,,,Is Mirrionis
7181763615,Via Diego Gregorio Cadello,,,Is Mirrionis
7181763643,Via Monsignor Antonio Parragues,,,Is Mirrionis
7181763648,Via Monsignor Antonio Parragues,21,,Is Mirrionis
7181763650,Via Monsignor Antonio Parragues,,,Is Mirrionis
7181763652,Via Monsignor Antonio Parragues,21,,Is Mirrionis
7182624351,Via Monsignor Antonio Parragues,19a,,Is Mirrionis
7182624360,Via Monsignor Giuseppe Cogoni,,,Is Mirrionis
7182624361,Via Monsignor Giuseppe Cogoni,,,Is Mirrionis
7182624363,Via Monsignor Giuseppe Cogoni,,,Is Mirrionis
7182624366,Via Monsignor Giuseppe Cogoni,,,Is Mirrionis
7182624367,Via Monsignor Giuseppe Cogoni,,,Is Mirrionis
7182636775,Via Monsignor Giuseppe Cogoni,1,,Is Mirrionis
7182636779,Via Monsignor Giuseppe Cogoni,1,,Is Mirrionis
7182642404,Via Tuvumannu,31,,Tuvixeddu-Tuvumannu
7182678997,Via Andrea Vesalio,12,Monteleone - Santa Rosalia,Municipalidadi de Pirri/Municipalit? di Pirri
7182679010,Via Andrea Vesalio,1,,Quartiere Europeo
7182679014,Via Alessandro Volta,14,,CEP
7182679040,Via Alessandro Volta,22,,CEP
7182679042,Via Ignazio Serra,2,,Fonsarda
7182679043,Via Ignazio Serra,2,,Fonsarda
7190872704,Via Sulcis,,,San Michele
7190872706,Via Sulcis,14,,San Michele
7190872712,Via Sulcis,18,,Is Mirrionis
7190872713,Via Sulcis,12,,San Michele
7190872716,Via Sulcis,,,San Michele
7190872718,Via Sulcis,,,San Michele
7190872727,,,,San Michele
7353994443,Viale Europa,,,Monte Urpinu
7353994451,Viale Europa,8,,Monte Urpinu
7353994452,Via Martino Carrillo,,,Monte Urpinu
7353994473,Viale Europa,,,Monte Urpinu
7353994477,Viale Europa,,,Monte Urpinu
7354011786,Viale Europa,,,Monte Urpinu
7354564203,Viale Rafaele Pischedda,,,Monte Urpinu
7354564230,Via della Fauna,,,Poetto-Medau su Cramu
7358194451,Viale Europa,,,Monte Urpinu
7358194474,Viale Europa,,,Monte Urpinu
7389770053,Viale Europa,5,,Monte Urpinu
7389770061,Viale Europa,,,Monte Urpinu
739313673,Via Sidney Sonnino,20,,Bonaria
7396465473,Via del Timo,,Barracca Manna,Municipalidadi de Pirri/Municipalit? di Pirri
7463621727,Via Garfagnana,,,La Vega
7463621728,Via Garfagnana,,,La Vega
7463621731,Via Garfagnana,,,La Vega
7463621732,Piazza Maremma,1,,La Vega
7463621742,Piazza John Fitzgerald Kennedy,,,La Vega
7463621749,Piazza John Fitzgerald Kennedy,,,La Vega
7463621752,Piazza Maremma,1,,La Vega
7463621753,Via Liguria,2,,La Vega
7466695647,Traversa di Via Is Mirrionis,,,Is Mirrionis
7466695648,Via Is Mirrionis,47c,,Is Mirrionis
7466695649,Via Is Mirrionis,49,,Is Mirrionis
7466695652,Traversa di Via Is Mirrionis,,,Is Mirrionis
7466695654,Via Is Mirrionis,49c,,Is Mirrionis
7466695655,Via Is Mirrionis,49,,Is Mirrionis
7466695657,Traversa di Via Is Mirrionis,,,Is Mirrionis
7466695659,Traversa di Via Is Mirrionis,,,Is Mirrionis
7466695663,,,,Is Mirrionis
7466695664,,,,Is Mirrionis
7466695667,Traversa di Via Is Mirrionis,,,Is Mirrionis
7466695668,Via Is Mirrionis,43b,,Is Mirrionis
7466695672,Traversa di Via Is Mirrionis,,,Is Mirrionis
7466695673,Via Is Mirrionis,57,,Is Mirrionis
7466695674,Via Cornalias,,,Is Mirrionis
7466695676,Via Cornalias,19,,Is Mirrionis
7466695682,Piazza Francesco De Esquivel,,,Is Mirrionis
7466711785,,,,Is Mirrionis
7522366427,Via del Fossario,,,Castedd'e susu/Castello
7522475146,Viale Regina Elena,10,,Castedd'e susu/Castello
7522475148,Viale Regina Elena,10,,Castedd'e susu/Castello
7522475150,Viale Regina Elena,10,,Castedd'e susu/Castello
7522989594,Scalette San Sepolcro,4,,Lapola/Marina
7522989600,Via Cammino Nuovo,11,,Castedd'e susu/Castello
7522989603,Via Giovanni Spano,,,Lapola/Marina
7522989607,Via Giovanni Spano,,,Lapola/Marina
7522989609,Via Giovanni Spano,,,Lapola/Marina
7522989615,Via Universit?,40,,Castedd'e susu/Castello
7522989616,Via Giovanni Spano,,,Lapola/Marina
7522989627,Via Giovanni Spano,,,Lapola/Marina
7522989642,Via Universit?,,,Castedd'e susu/Castello
7528921055,Piazza Carlo Alberto,14,,Castedd'e susu/Castello
7528921060,Piazza Palazzo,,,Castedd'e susu/Castello
7537825090,Via Dante Alighieri,,,Bonaria
7537825093,Via Dante Alighieri,,,Bonaria
7537825095,Via Dante Alighieri,,,Bonaria
7537825097,Via Dante Alighieri,,,Bonaria
7545772389,Via Tuvumannu,23,,Tuvixeddu-Tuvumannu
7545772394,Via Is Mirrionis,72b,,Tuvixeddu-Tuvumannu
7545772396,Via Is Mirrionis,66,,Tuvixeddu-Tuvumannu
7545772401,Via Is Mirrionis,,,Is Mirrionis
7545772404,Via Is Mirrionis,60,,Tuvixeddu-Tuvumannu
7545772405,Via Is Mirrionis,56a,,Tuvixeddu-Tuvumannu
7548873351,Via Saverio Mattei,5,,Is Mirrionis
7548873356,Via dei Valenzani,,,Is Mirrionis
7548883000,Via Saverio Mattei,,,Is Mirrionis
7548883012,Via Saverio Mattei,,,Is Mirrionis
7548883014,Via Saverio Mattei,,,Is Mirrionis
7548883046,Via Saverio Mattei,10,,Is Mirrionis
7548883095,Via Saverio Mattei,,,Is Mirrionis
7548883096,Via Liguria,,,Is Mirrionis
7548883102,Via Saverio Mattei,5,,Is Mirrionis
7548883115,Via Saverio Mattei,,,Is Mirrionis
7548883123,Via Saverio Mattei,,,Is Mirrionis
7548883142,Ponte Laghetto Monte Claro,,,Is Mirrionis
7548883151,Ponte Laghetto Monte Claro,,,Is Mirrionis
7548883152,Ponte Laghetto Monte Claro,,,Is Mirrionis
7549130439,Ponte Laghetto Monte Claro,,,Is Mirrionis
7549130441,Parco Monte Claro,,,Is Mirrionis
7549130450,Parco Monte Claro,,,Is Mirrionis
7549130452,Ponte Laghetto Monte Claro,,,Is Mirrionis
7549130458,Parco Monte Claro,,,Is Mirrionis
7549190979,Traversa di Via Is Mirrionis,,,Is Mirrionis
7549190980,Traversa di Via Is Mirrionis,,,Is Mirrionis
7549190981,Traversa di Via Is Mirrionis,,,Is Mirrionis
7549190982,Traversa di Via Is Mirrionis,,,Is Mirrionis
7549190983,Via Is Mirrionis,51,,Is Mirrionis
7549193486,Via Is Mirrionis,63,,Is Mirrionis
7549193498,Via Is Mirrionis,83a,,Is Mirrionis
7549193500,Via Is Mirrionis,81,,Is Mirrionis
7549193509,Via Baronia,14,,Is Mirrionis
7549193510,Via Baronia,,,Is Mirrionis
7549193513,Via Baronia,13,,Is Mirrionis
7549193514,Via Baronia,,,Is Mirrionis
7549193515,Via Baronia,,,Is Mirrionis
7549193519,Via Baronia,,,Is Mirrionis
7549193521,Via Is Mirrionis,83a,,Is Mirrionis
7549193525,Via Is Mirrionis,41,,Is Mirrionis
7549193530,Via Fratelli Falletti,1,,Is Mirrionis
7549193531,Via Is Mirrionis,39,,Is Mirrionis
7549193533,Via Diego Gregorio Cadello,2,,Is Mirrionis
7549541179,Via Diego Gregorio Cadello,11b,,Is Mirrionis
7549572786,Via Diego Gregorio Cadello,11d,,Is Mirrionis
7549572795,Via Diego Gregorio Cadello,11d,,Is Mirrionis
7549572854,Parco Monte Claro,,,Is Mirrionis
7549572898,Via Saverio Mattei,,,Is Mirrionis
7549572941,Via Giovanni Capula,,,Fonsarda
7549572947,Via Diego Gregorio Cadello,19,,Is Mirrionis
7551640347,Via Diego Gregorio Cadello,11a,,Is Mirrionis
7560784682,,,,Sant'Avendrace-Santa Gilla
7560824888,,,,Sant'Avendrace-Santa Gilla
7560824890,,,,Sant'Avendrace-Santa Gilla
7560824896,,,,Sant'Avendrace-Santa Gilla
7580324946,Via Andrea Vesalio,,Terram?ini - Is Bingias,Municipalidadi de Pirri/Municipalit? di Pirri
7580324952,Via Andrea Vesalio,,Terram?ini - Is Bingias,Municipalidadi de Pirri/Municipalit? di Pirri
7580324953,Via Andrea Vesalio,34,Terram?ini - Is Bingias,Municipalidadi de Pirri/Municipalit? di Pirri
7580324955,Via Andrea Vesalio,23,Terram?ini - Is Bingias,Municipalidadi de Pirri/Municipalit? di Pirri
7580324956,Via Andrea Vesalio,23,Terram?ini - Is Bingias,Municipalidadi de Pirri/Municipalit? di Pirri
7580324959,,,Terram?ini - Is Bingias,Municipalidadi de Pirri/Municipalit? di Pirri
7580324960,Via Andrea Vesalio,34,Terram?ini - Is Bingias,Municipalidadi de Pirri/Municipalit? di Pirri
7580324961,Via Andrea Vesalio,,Terram?ini - Is Bingias,Municipalidadi de Pirri/Municipalit? di Pirri
7580324962,Via Andrea Vesalio,,Terram?ini - Is Bingias,Municipalidadi de Pirri/Municipalit? di Pirri
7580324963,Via Andrea Vesalio,34,Terram?ini - Is Bingias,Municipalidadi de Pirri/Municipalit? di Pirri
7580324964,Via Andrea Vesalio,34,Terram?ini - Is Bingias,Municipalidadi de Pirri/Municipalit? di Pirri
7603690603,Via San Michele,,,Sant'Avendrace-Santa Gilla
7603690604,Via Col di Lana,14,,Sant'Avendrace-Santa Gilla
7603690607,Via Col di Lana,14a,,Sant'Avendrace-Santa Gilla
7603690608,Via San Michele,1a,,Sant'Avendrace-Santa Gilla
7620412398,Via La Palma,,,La Palma
7620412412,Via La Palma,,,Poetto-Medau su Cramu
7620412413,Via La Palma,,,La Palma
7620412420,Via La Palma,,,Poetto-Medau su Cramu
7620412426,Via La Palma,,,La Palma
7620412463,,,,Poetto-Medau su Cramu
7620412466,Via Is Arenas,,,Poetto-Medau su Cramu
7620412467,Via delle Acacie,77,,Poetto-Medau su Cramu
7620412481,Via delle Acacie,75,,Poetto-Medau su Cramu
7620415506,Via del Sale,3,,Poetto-Medau su Cramu
7620415604,Viale Poetto,21,,Borgo Sant'Elia
7620415605,Viale Poetto,15,,Borgo Sant'Elia
7635731056,Viale Francesco Ciusa,10,,Fonsarda
7641068135,Piazza Papa Giovanni Ventitreesimo,57,,Sant'Alenixedda
7667059798,Strada Statale 195 var Sulcitana,,,Sant'Avendrace-Santa Gilla
7692187314,SS195racc,,,Sant'Avendrace-Santa Gilla
7692187326,Via Trentino,,,Is Mirrionis
7692187327,Piazza d'Armi,,,Is Mirrionis
7692187328,Via Basilicata,,,Is Mirrionis
7704697609,Via Aurelio Nicolodi,98a,,Stampaxi/Stampace
7704697622,,,,Stampaxi/Stampace
7704697637,Via Fra Nicola Da Gesturi,,,Stampaxi/Stampace
7704697641,Via Aurelio Nicolodi,98a,,Stampaxi/Stampace
7713977659,Via Diego Gregorio Cadello,,,Is Mirrionis
7724159258,Via Nizza,14,,Genneruxi
7724159263,Via Nizza,24,,Genneruxi
7724159266,Via Stoccolma,,,Genneruxi
7724159268,Via Stoccolma,,,Genneruxi
7724159269,Via Nizza,34,,Genneruxi
7724159270,Via dell'Abbazia,12,,Genneruxi
7724159274,Via Nizza,13,,Genneruxi
7724159275,Via Stoccolma,,,Genneruxi
7724159276,Via Stoccolma,,,Genneruxi
7724159279,Via Nizza,30,,Genneruxi
7728100370,Via Monsignor Ernesto Maria Piovella,57e,,Is Mirrionis
7728100374,Via Enrico Serpieri,20,,Is Mirrionis
7728100375,Via Agostino Pipia,,,Is Mirrionis
7728100376,Via Agostino Pipia,16,,Is Mirrionis
7728100380,,,,Is Mirrionis
7728100383,Via Monsignor Antonio Parragues,19a,,Is Mirrionis
7728119686,Via Quintino Sella,60,,Is Mirrionis
7728119687,Via Montevecchio,29,,Is Mirrionis
7728119691,Via Quintino Sella,,,Is Mirrionis
7728119694,Via Quintino Sella,,,Is Mirrionis
7728119699,Via Quintino Sella,,,Is Mirrionis
7728144616,Via Agostino Castelli,1,,Tuvixeddu-Tuvumannu
7728144625,Via Trentino,17,,Is Mirrionis
7728144629,Via Basilicata,,,Is Mirrionis
7728144630,Via Basilicata,,,Is Mirrionis
7728144632,Via Basilicata,,,Is Mirrionis
7728153012,Viale San Vincenzo,,,Is Mirrionis
7728153056,Via Basilicata,,,Is Mirrionis
7728153058,Via Basilicata,,,Is Mirrionis
7728441860,Via Is Mirrionis,90,,Tuvixeddu-Tuvumannu
7728441864,Via Is Mirrionis,94,,Tuvixeddu-Tuvumannu
7728441866,Via Ogliastra,,,Is Mirrionis
7728491260,Via Campania,30,,Is Mirrionis
7728491261,Via Campania,,,Is Mirrionis
7728491263,Via Campania,,,Is Mirrionis
7728491277,Via Campania,,,Is Mirrionis
7728499327,Via Luigi Crespellani,2,,Mulinu Becciu
7728499328,Via Luigi Crespellani,,,Mulinu Becciu
7728503172,Viale Monastir,,,Sant'Avendrace-Santa Gilla
7728503179,Viale Monastir,,,Sant'Avendrace-Santa Gilla
7728503180,Viale Monastir,,,Sant'Avendrace-Santa Gilla
7728503181,Viale Monastir,,,Sant'Avendrace-Santa Gilla
7728503182,Viale Monastir,,,Sant'Avendrace-Santa Gilla
7728503183,Viale Monastir,,,Sant'Avendrace-Santa Gilla
7728503184,Viale Monastir,,,Sant'Avendrace-Santa Gilla
7728507389,Via Campania,73,,Is Mirrionis
7728507393,Via Campania,,,Is Mirrionis
7728529785,Viale Monastir,,,Sant'Avendrace-Santa Gilla
7728529790,Viale Monastir,,,Sant'Avendrace-Santa Gilla
7728529791,Viale Monastir,,,Sant'Avendrace-Santa Gilla
7728529811,Viale Monastir,,,Sant'Avendrace-Santa Gilla
7728529816,Viale Monastir,,,Sant'Avendrace-Santa Gilla
7728529818,Viale Monastir,,,Sant'Avendrace-Santa Gilla
7728529819,Viale Monastir,,,Sant'Avendrace-Santa Gilla
7728529820,Viale Monastir,,,Sant'Avendrace-Santa Gilla
7728529821,Viale Monastir,,,Sant'Avendrace-Santa Gilla
7728529822,Viale Monastir,,,Sant'Avendrace-Santa Gilla
7728529823,Viale Monastir,,,Sant'Avendrace-Santa Gilla
7728529834,Viale Monastir,,,Sant'Avendrace-Santa Gilla
7728529840,Viale Monastir,,,Sant'Avendrace-Santa Gilla
7728529848,Viale Monastir,,,Sant'Avendrace-Santa Gilla
7728529855,Viale Monastir,,,Sant'Avendrace-Santa Gilla
7728629882,Via Monsignor Giuseppe Cogoni,,,Is Mirrionis
7750030751,Via Belvedere,17,,Stampaxi/Stampace
7750030752,Viale Buoncammino,,,Stampaxi/Stampace
7750061191,Via del Borgo Sant'Elia,2,,Borgo Sant'Elia
7750061193,Via del Borgo Sant'Elia,,,Nuovo Borgo Sant'Elia
7750061195,Via del Borgo Sant'Elia,1,,Nuovo Borgo Sant'Elia
7750061199,Via del Borgo Sant'Elia,3a,,Nuovo Borgo Sant'Elia
7750061202,Via del Borgo Sant'Elia,7,,Nuovo Borgo Sant'Elia
7750061205,Via del Borgo Sant'Elia,5,,Nuovo Borgo Sant'Elia
7750061214,Via del Borgo Sant'Elia,,,Nuovo Borgo Sant'Elia
7750061216,Via del Borgo Sant'Elia,3a,,Nuovo Borgo Sant'Elia
7750061218,Via del Borgo Sant'Elia,4,,Borgo Sant'Elia
7804547512,Portico Maria Cristina,,,Castedd'e susu/Castello
7804547539,Via Ubaldo Badas,,,Stampaxi/Stampace
7804547543,Via Ubaldo Badas,,,Stampaxi/Stampace
7804547551,Piazza Arsenale,1,,Stampaxi/Stampace
7804547557,Piazza Arsenale,1,,Stampaxi/Stampace
7804547561,Piazza Arsenale,,,Stampaxi/Stampace
7804547562,Via Ubaldo Badas,,,Stampaxi/Stampace
7804547577,Piazza Arsenale,1,,Stampaxi/Stampace
7804558590,Piazza Arsenale,1,,Stampaxi/Stampace
7804558594,Piazza Arsenale,1,,Stampaxi/Stampace
7804558621,Via Ubaldo Badas,,,Stampaxi/Stampace
7804558635,Via Ubaldo Badas,,,Stampaxi/Stampace
7804558640,Piazza Arsenale,,,Stampaxi/Stampace
7804558669,Via Ubaldo Badas,,,Stampaxi/Stampace
7804558673,Via Ubaldo Badas,,,Stampaxi/Stampace
7804558681,Piazza Arsenale,,,Stampaxi/Stampace
7804558687,Piazza Arsenale,,,Stampaxi/Stampace
7804558693,Piazza Arsenale,,,Stampaxi/Stampace
7804558719,Piazza Arsenale,,,Stampaxi/Stampace
7804558720,Piazza Arsenale,,,Stampaxi/Stampace
7804558742,Piazza Arsenale,,,Stampaxi/Stampace
7804558756,Piazza Arsenale,,,Stampaxi/Stampace
7804596712,,,,
7804596713,Via Nicol? Canelles,66,,Castedd'e susu/Castello
7804596716,Piazza Palazzo,2,,Castedd'e susu/Castello
7804596718,Via Nicol? Canelles,59,,Castedd'e susu/Castello
7804596720,Via Nicol? Canelles,57,,Castedd'e susu/Castello
7804596722,Via Nicol? Canelles,55,,Castedd'e susu/Castello
7804596727,Via Ubaldo Badas,1,,Castedd'e susu/Castello
7804596728,Via Ubaldo Badas,1,,Castedd'e susu/Castello
7804596738,Via Ubaldo Badas,,,Castedd'e susu/Castello
7804596749,Viale Vittime dei bombardamenti del 1943,,,Stampaxi/Stampace
7804648174,Viale Giardini Pubblici,,,Stampaxi/Stampace
7804648181,Via Santi Lorenzo e Pancrazio,21,,Stampaxi/Stampace
7804656498,Via Santi Lorenzo e Pancrazio,15d,,Stampaxi/Stampace
7806121157,Via Campo Scipione,,,Sant'Avendrace-Santa Gilla
7806121160,Via Campo Scipione,,,Sant'Avendrace-Santa Gilla
7806356888,Via Ranieri Sampante,,,Is Mirrionis
7806356893,Via Ranieri Sampante,,,Is Mirrionis
7806356902,,,,Is Mirrionis
7806356905,,,,Is Mirrionis
7806356923,Via Giovanni Cinquini,,,Is Mirrionis
7806356934,Via Giovanni Cinquini,,,Is Mirrionis
7806356935,,,,Is Mirrionis
7806356969,Via Giovanni Cinquini,,,San Michele
7806356973,Via Giovanni Cinquini,,,San Michele
7806356977,,,,
7806356979,Via Giovanni Cinquini,,,Is Mirrionis
7806356984,Via Giovanni Cinquini,,,Is Mirrionis
7806356987,Via Bacu Abis,,,Is Mirrionis
7806356988,Via Bacu Abis,1,,Is Mirrionis
7806356995,Via Sirai,1,,Is Mirrionis
7806357049,Via Giovanni Cinquini,,,San Michele
7806357068,Via Giovanni Cinquini,,,San Michele
7825879706,Via Garfagnana,,,La Vega
7825879707,Via Romagna,,,Is Mirrionis
7825879716,Via Liguria,,,La Vega
7825879734,Piazza Irpinia,3a,,La Vega
7825879745,Piazza Salento,5,,La Vega
7825879766,Piazza Salento,4,,La Vega
7825879779,Piazza Salento,5,,La Vega
7825880587,Piazza Salento,9,,La Vega
7825880590,Via Romagna,,,La Vega
7825880591,Piazza Salento,5,,La Vega
7825880592,Piazza Salento,4,,La Vega
7825880612,Via Ottone Bacaredda,170,,La Vega
7825880627,Via Marche,,,La Vega
7825880632,Via Marche,,,La Vega
7826114891,Viale Regina Margherita,10,,Lapola/Marina
7826114897,Via Camillo Benso Conte di Cavour,1,,Lapola/Marina
7826114917,Piazza Francesco Paolo Ingrao,3,,Bonaria
7826114925,Piazza Francesco Paolo Ingrao,,,Bonaria
7826114930,Piazza Francesco Paolo Ingrao,3,,Bonaria
7826114961,Viale Armando Diaz,,,Bonaria
7826114962,,,,Bonaria
7826117691,Viale Armando Diaz,3,,Bonaria
7826168488,Viale Campioni d'Italia 1969-70,,,Monte Mixi
7826168497,,,,Monte Mixi
7826168507,Via della Pineta,182,,Monte Mixi
7826168529,Via della Pineta,182,,Monte Mixi
7843321013,Via Edward Jenner,,,San Michele
7843321046,Via Giovanni Cinquini,,,San Michele
7843321070,Via Ranieri Sampante,,,Is Mirrionis
7880752033,Via Monsignor Giuseppe Cogoni,5,,Is Mirrionis
7880752043,Via Monsignor Antonio Parragues,,,Is Mirrionis
7880752055,Via Monsignor Antonio Parragues,,,Is Mirrionis
7880752059,Via Monsignor Antonio Parragues,,,Is Mirrionis
7880752074,Via Monsignor Antonio Parragues,,,Is Mirrionis
7880767590,Via Monsignor Antonio Parragues,,,Is Mirrionis
7880767599,Via Monsignor Antonio Parragues,,,Is Mirrionis
7880767600,Via Monsignor Antonio Parragues,19a,,Is Mirrionis
7880767616,Via Diego Gregorio Cadello,,,Is Mirrionis
7892964560,Viale Salvatore Ferrara,,,Nuovo Borgo Sant'Elia
7892964561,Via Chiesa,23,Monteleone - Santa Rosalia,Municipalidadi de Pirri/Municipalit? di Pirri
7892977052,Via Flavio Gioia,12,,CEP
7892988190,Via Carlo Baudi di Vesme,4,,Is Mirrionis
7892988192,Via Carlo Baudi di Vesme,1,,Is Mirrionis
7893007381,Via Flavio Gioia,2a,,CEP
7893025018,Via Brianza,2,,Is Mirrionis
7893027062,Via Serbariu,1,,Is Mirrionis
7893027063,Via Cornalias,70,,Is Mirrionis
7893027064,Via Cornalias,67a,,Is Mirrionis
7904510457,Via Monsignor Ernesto Maria Piovella,28,,Is Mirrionis
7904510458,Via Quintino Sella,,,Is Mirrionis
7904510465,Via Quintino Sella,,,Is Mirrionis
7904510466,Via Quintino Sella,,,Is Mirrionis
7904510467,Via Monsignor Ernesto Maria Piovella,,,Is Mirrionis
7904510468,Via Monsignor Ernesto Maria Piovella,,,Is Mirrionis
7904510470,Via Monsignor Ernesto Maria Piovella,,,Is Mirrionis
7904510473,Via Monsignor Ernesto Maria Piovella,,,Is Mirrionis
7904510474,Via Monsignor Ernesto Maria Piovella,28,,Is Mirrionis
7904510477,Via Monsignor Ernesto Maria Piovella,,,Is Mirrionis
7904665469,Via Po,,,Sant'Avendrace-Santa Gilla
7904665475,Via San Simone,,,Sant'Avendrace-Santa Gilla
7904665479,,,,Sant'Avendrace-Santa Gilla
7904665480,,,,Sant'Avendrace-Santa Gilla
7904665484,,,,Sant'Avendrace-Santa Gilla
7904666889,Strada statale 195 racc Via San Paolo,,,Sant'Avendrace-Santa Gilla
7904666898,Via San Simone,,,Sant'Avendrace-Santa Gilla
7904666916,,,,Sant'Avendrace-Santa Gilla
7904666917,Via San Simone,,,Sant'Avendrace-Santa Gilla
7904666918,Strada statale 195 racc Via San Paolo,,,Sant'Avendrace-Santa Gilla
7904666919,Via San Simone,60,,Sant'Avendrace-Santa Gilla
7904666992,Via San Simone,,,Sant'Avendrace-Santa Gilla
7904666994,Via San Simone,60,,Sant'Avendrace-Santa Gilla
7904666995,Via San Simone,60,,Sant'Avendrace-Santa Gilla
7904666996,Via San Simone,60,,Sant'Avendrace-Santa Gilla
7904666997,Via San Simone,60,,Sant'Avendrace-Santa Gilla
7904666998,Via San Simone,60,,Sant'Avendrace-Santa Gilla
7904666999,Via San Simone,60,,Sant'Avendrace-Santa Gilla
7904667000,Via San Simone,60,,Sant'Avendrace-Santa Gilla
7904667005,Via San Simone,60,,Sant'Avendrace-Santa Gilla
7904667006,Via San Simone,60,,Sant'Avendrace-Santa Gilla
7904667007,Via San Simone,60,,Sant'Avendrace-Santa Gilla
7904667008,Via San Simone,60,,Sant'Avendrace-Santa Gilla
7904667009,Via San Simone,60,,Sant'Avendrace-Santa Gilla
7904667010,Via San Simone,60,,Sant'Avendrace-Santa Gilla
7904667011,Via San Simone,60,,Sant'Avendrace-Santa Gilla
7904667012,Via San Simone,60,,Sant'Avendrace-Santa Gilla
7904667013,Via San Simone,60,,Sant'Avendrace-Santa Gilla
7904667014,Via San Simone,60,,Sant'Avendrace-Santa Gilla
7904667015,Via San Simone,60,,Sant'Avendrace-Santa Gilla
7904667016,Via San Simone,60,,Sant'Avendrace-Santa Gilla
7904667017,Via San Simone,60,,Sant'Avendrace-Santa Gilla
7904667064,Via San Simone,,,Sant'Avendrace-Santa Gilla
7904667065,Via San Simone,60,,Sant'Avendrace-Santa Gilla
7920410932,Piazza Bonaria,1,,Bonaria
7920410944,Piazza Bonaria,3,,Bonaria
7922355321,Via Dante Alighieri,242,,Sant'Alenixedda
7922355323,Via Sant'Alenixedda,111,,Sant'Alenixedda
7922355324,Via Sant'Alenixedda,123,,Sant'Alenixedda
7922355325,Via Dante Alighieri,254,,Sant'Alenixedda
7922355326,Via Efisio Cao di San Marco,6,,Sant'Alenixedda
7922355327,Via Dante Alighieri,240,,Sant'Alenixedda
7922355330,Via Sant'Alenixedda,125,,Sant'Alenixedda
7922355331,Via Sant'Alenixedda,117,,Sant'Alenixedda
7922355332,Via Francesco Salaris,17,,Sant'Alenixedda
7923014482,Via dell'Abbazia,,,Genneruxi
7923032785,Via dell'Abbazia,35,,Genneruxi
7923032786,Via dell'Abbazia,35,,Genneruxi
7923032787,Via Stoccolma,,,Genneruxi
7923032788,Via Nizza,34,,Genneruxi
7923032840,Via Stoccolma,,,Genneruxi
7923032841,Via Stoccolma,,,Genneruxi
7923032842,Via Stoccolma,,,Genneruxi
7927970857,Via Pietro Bembo,5,,Fonsarda
7927970858,Via Pietro Bembo,5,,Fonsarda
7927970860,Via Pietro Bembo,5,,Fonsarda
7927970861,Via Pietro Bembo,5,,Fonsarda
7927970863,Via Pietro Bembo,,,Fonsarda
7927970864,Via Pietro Bembo,4,,Fonsarda
7927970868,Via Pietro Bembo,4,,Fonsarda
7928005191,Via Monsignor Giovanni Della Casa,5,,Fonsarda
7928005192,Via Ignazio Serra,2,,Fonsarda
7928005193,Via Ignazio Serra,2,,Fonsarda
7928005194,Via Ignazio Serra,2,,Fonsarda
7928005195,Via Pietro Bembo,3,,Fonsarda
7928005196,Via Ignazio Serra,6,,Fonsarda
7928450175,Via dei Valenzani,,,Is Mirrionis
7928450180,Via dei Valenzani,,,Is Mirrionis
7928451520,Via Giovanni Capula,,,Fonsarda
7928451528,Via dei Valenzani,,,Is Mirrionis
7928451529,Via dei Valenzani,,,Is Mirrionis
7928451540,Via dei Valenzani,,,Is Mirrionis
7928451541,Via Giovanni Capula,,,Fonsarda
7947892331,Via Priore Fulco,5,,Genneruxi
7947892332,Via San Giuliano,38,,Genneruxi
7947892333,Via San Salvatore da Civita,34,,Genneruxi
7948289897,Via Guglielmo Marconi,,Terram?ini - Is Bingias,Municipalidadi de Pirri/Municipalit? di Pirri
7948420151,Via Cristoforo Colombo,,,Bonaria
7948420152,Via Cristoforo Colombo,48,,Bonaria
7951767459,Strada Statale 195 var Sulcitana,,,Stampaxi/Stampace
7951830108,Strada Statale 195 var Sulcitana,,,Stampaxi/Stampace
7951830121,Strada Statale 195 var Sulcitana,,,Sant'Avendrace-Santa Gilla
7951830139,,,,Sant'Avendrace-Santa Gilla
7951866256,Via La Palma,7,,La Palma
7951866258,,,,La Palma
7959292838,Piazza Costituzione,,,Lapola/Marina
7959292839,Piazza Costituzione,,,Biddanoa/Villanova
7959292850,Viale Regina Elena,1,,Biddanoa/Villanova
7959292881,Viale Regina Margherita,60,,Lapola/Marina
7959292882,Piazza Costituzione,,,Lapola/Marina
7984588026,Via Ventotto Febbraio,17,,Fonsarda
7984588027,Via Nastro Azzurro,,,Fonsarda
7984588029,Via Ventotto Febbraio,6,,Fonsarda
7984588076,Via Sant'Alenixedda,131,,Sant'Alenixedda
7984593293,Via dei Giudicati,45,,Sant'Alenixedda
7984593294,Via dei Giudicati,,,Sant'Alenixedda
7984593295,Via dei Giudicati,43,,Sant'Alenixedda
7984593308,Via dei Giudicati,41,,Sant'Alenixedda
7984593310,Via dei Giudicati,,,Sant'Alenixedda
7984593314,Via dei Giudicati,41,,Sant'Alenixedda
7984593316,Via dei Giudicati,,,Sant'Alenixedda
7984593321,Via dei Giudicati,49,,Sant'Alenixedda
7984593328,Via dei Giudicati,,,Sant'Alenixedda
7984593333,Via Giudice Torbeno,,,Sant'Alenixedda
7984593334,Via Giudice Torbeno,,,Sant'Alenixedda
7984593335,Via Giudice Torbeno,,,Sant'Alenixedda
7984593341,Via Sant'Alenixedda,,,Sant'Alenixedda
7985177532,Piazza Giovanni Ventitreesimo,,,Sant'Alenixedda
7985177540,Piazza Giovanni Ventitreesimo,,,Sant'Alenixedda
7985177541,Piazza Giovanni Ventitreesimo,,,Sant'Alenixedda
7985177546,Piazza Giovanni Ventitreesimo,,,Sant'Alenixedda
7985177562,Via dei Giudicati,7,,Fonsarda
7985177564,Via dei Giudicati,,,Sant'Alenixedda
7985177570,Via dei Giudicati,10,,Fonsarda
7998676125,Via dei Capraia,36,,Fonsarda
7998676126,Via Giudice Mariano,25,,Fonsarda
7998676127,Via Giudice Costantino,33,,Fonsarda
7998676129,Via Giudice Mariano,65,,Fonsarda
8000380434,Via dei Conversi,38,,Genneruxi
8006297989,Via Stoccolma,,,Genneruxi
8006297992,,,,Genneruxi
8006297994,,,,Genneruxi
8006297997,,,,Genneruxi
8006297999,Via dell'Abbazia,37,,Genneruxi
8006298000,Via Lione,9,,Genneruxi
8006298001,Via Berlino,,,Genneruxi
8006298003,,,,Genneruxi
8018211278,Via dei Calafati,9,,Stampaxi/Stampace
8018211283,,,,Stampaxi/Stampace
8018280448,Calata Sant'Agostino,,,Stampaxi/Stampace
8018280466,Via Molo Sant'Agostino,,,Stampaxi/Stampace
8018280471,Via Molo Sant'Agostino,,,Stampaxi/Stampace
8018280477,Molo Sabaudo,,,Stampaxi/Stampace
8018280482,Via Molo Sant'Agostino,,,Stampaxi/Stampace
8018283605,,,,Stampaxi/Stampace
8018283606,,,,Stampaxi/Stampace
8018283607,SS195,,,Stampaxi/Stampace
8018283610,SS195,,,Stampaxi/Stampace
8018283613,,,,Stampaxi/Stampace
8018283626,,,,Stampaxi/Stampace
8018325696,Passeggiata del porto,,,Stampaxi/Stampace
8018325701,Via Molo Sant'Agostino,,,Stampaxi/Stampace
8018325702,Via Molo Sant'Agostino,,,Stampaxi/Stampace
8018325707,Passeggiata del porto,,,Stampaxi/Stampace
8018325709,Via Molo Sant'Agostino,,,Stampaxi/Stampace
8018325710,Passeggiata del porto,,,Stampaxi/Stampace
8018325715,Passeggiata del porto,,,Stampaxi/Stampace
8022340230,Viale Europa,8,,Monte Urpinu
8022340234,Via Pietro Leo,,,Monte Urpinu
8022340239,Viale Europa,8,,Monte Urpinu
8022340240,Viale Europa,8,,Monte Urpinu
8022340252,Via Pietro Leo,,,Monte Urpinu
8022340266,Via Pietro Leo,,,Monte Urpinu
803609277,Via Sirai,1a,,Is Mirrionis
8041749847,,,,Is Mirrionis
8041749848,,,,Is Mirrionis
8047520853,Via Monferrato,14,,San Michele
8047520854,Piazza dei Castellani,1,,San Michele
8047520859,Piazza dei Castellani,1,,San Michele
8047520863,Viale della Pace,,,San Michele
8059242629,,,,Sant'Avendrace-Santa Gilla
8059242637,Viale Pula,,,Sant'Avendrace-Santa Gilla
8059242643,Piazza Nostra Signora di Fatima,,,Sant'Avendrace-Santa Gilla
8059242644,Piazza Nostra Signora di Fatima,,,Sant'Avendrace-Santa Gilla
8059242647,Piazza Nostra Signora di Fatima,,,Sant'Avendrace-Santa Gilla
8059242650,,,,Sant'Avendrace-Santa Gilla
8059295525,Viale Pula,,,Sant'Avendrace-Santa Gilla
8059295528,Viale Pula,,,Sant'Avendrace-Santa Gilla
8059295533,Viale Pula,,,Sant'Avendrace-Santa Gilla
8059295534,Viale Pula,,,Sant'Avendrace-Santa Gilla
8059295536,Viale Pula,,,Sant'Avendrace-Santa Gilla
8074933318,Lungomare Francesco Cossiga,,,Nuovo Borgo Sant'Elia
8078862351,Via Monsignor Salvatore Casu,,San Giuseppe - Santa Teresa - Parteolla,Municipalidadi de Pirri/Municipalit? di Pirri
8078862352,Piazza delle Aquile,,San Giuseppe - Santa Teresa - Parteolla,Municipalidadi de Pirri/Municipalit? di Pirri
8078862354,Piazza delle Aquile,,San Giuseppe - Santa Teresa - Parteolla,Municipalidadi de Pirri/Municipalit? di Pirri
8078862355,Piazza delle Aquile,,San Giuseppe - Santa Teresa - Parteolla,Municipalidadi de Pirri/Municipalit? di Pirri
8078862358,Piazza delle Aquile,,San Giuseppe - Santa Teresa - Parteolla,Municipalidadi de Pirri/Municipalit? di Pirri
8078862362,Piazza delle Aquile,,San Giuseppe - Santa Teresa - Parteolla,Municipalidadi de Pirri/Municipalit? di Pirri
8084750579,Strada Statale 195 var Sulcitana,,,Sant'Avendrace-Santa Gilla
8084750581,Strada Statale 195 var Sulcitana,,,Sant'Avendrace-Santa Gilla
8084750583,Strada Statale 195 var Sulcitana,,,Sant'Avendrace-Santa Gilla
8084750592,Strada Statale 195 var Sulcitana,,,Sant'Avendrace-Santa Gilla
8084750595,Strada Statale 195 var Sulcitana,,,Sant'Avendrace-Santa Gilla
8084750600,Strada Statale 195 var Sulcitana,,,Sant'Avendrace-Santa Gilla
8084750615,Strada Statale 195 var Sulcitana,,,Sant'Avendrace-Santa Gilla
8084757239,Strada Statale 195 var Sulcitana,,,Sant'Avendrace-Santa Gilla
8084757242,Strada Statale 195 var Sulcitana,,,Sant'Avendrace-Santa Gilla
8105005041,Via Enrico Sanjust,15,,Monte Urpinu
8105005042,Via Enrico Sanjust,,,Monte Urpinu
8105005045,Via Enrico Sanjust,,,Monte Urpinu
8105005046,Via Enrico Sanjust,,,Monte Urpinu
8105005049,Via Enrico Sanjust,,,Monte Urpinu
8105005055,Via dei Conversi,1,,Monte Urpinu
8105005063,Via Vittorio Angius,,,Monte Urpinu
8105005074,Via dei Conversi,,,Monte Urpinu
8105005079,Via dei Conversi,,,Monte Urpinu
8105005080,Via dei Conversi,,,Monte Urpinu
8105005082,Via Vittorio Angius,,,Monte Urpinu
8105005083,Via Vittorio Angius,,,Monte Urpinu
8105005084,Via Enrico Sanjust,11,,Monte Urpinu
8105005091,Via Enrico Sanjust di Teulada,,,Monte Urpinu
8105005094,Via Antonio Scano,102,,Monte Urpinu
8105005096,Via Antonio Scano,104,,Monte Urpinu
8142656627,Via Renzo Laconi,,,Mulinu Becciu
8147083691,Via Is Guadazzonis,2,,Monte Urpinu
8147083693,Via Is Guadazzonis,2,,Monte Urpinu
8147083703,Via Is Guadazzonis,2,,Monte Urpinu
8147083714,Via Is Guadazzonis,4,,Monte Urpinu
8147088818,Via Is Guadazzonis,,,Monte Urpinu
8147088819,Via Is Guadazzonis,,,Monte Urpinu
8147088827,Via Is Guadazzonis,,,Monte Urpinu
8147088828,Via Is Guadazzonis,,,Monte Urpinu
8147088833,Via Is Guadazzonis,,,Monte Urpinu
8147088834,Via Is Guadazzonis,,,Monte Urpinu
8147088839,Via Is Guadazzonis,2,,Monte Urpinu
8147088844,Via Is Guadazzonis,2,,Monte Urpinu
8147088860,Via Is Guadazzonis,2,,Monte Urpinu
8147088861,Via Is Guadazzonis,2,,Monte Urpinu
8147088863,Via Is Guadazzonis,4,,Monte Urpinu
8147088866,Via Is Guadazzonis,2,,Monte Urpinu
8147088870,Via Is Guadazzonis,2,,Monte Urpinu
8147088875,Via Is Guadazzonis,2,,Monte Urpinu
8147088879,Via Is Guadazzonis,4,,Monte Urpinu
8147088883,Via Is Guadazzonis,,,Monte Urpinu
8147088888,Via Is Guadazzonis,2,,Monte Urpinu
8147088890,Via Is Guadazzonis,,,Monte Urpinu
8147088904,Via Is Guadazzonis,2,,Monte Urpinu
8147088906,Via Is Guadazzonis,4,,Monte Urpinu
8147088912,Via Is Guadazzonis,,,Monte Urpinu
8147088914,,,,
8147088919,Via Is Guadazzonis,2,,Monte Urpinu
8147088929,Via Is Guadazzonis,2,,Monte Urpinu
8147088931,Via Is Guadazzonis,2,,Monte Urpinu
8147088954,Via Is Guadazzonis,2,,Monte Urpinu
8147104654,Via Lauro De Bosis,7,San Giuseppe - Santa Teresa - Parteolla,Municipalidadi de Pirri/Municipalit? di Pirri
8147104665,Via Alberto Savinio,11,San Giuseppe - Santa Teresa - Parteolla,Municipalidadi de Pirri/Municipalit? di Pirri
8147104677,Via Italia,190,San Giuseppe - Santa Teresa - Parteolla,Municipalidadi de Pirri/Municipalit? di Pirri
8147104679,Via Italia,188b,San Giuseppe - Santa Teresa - Parteolla,Municipalidadi de Pirri/Municipalit? di Pirri
8147104686,Via Lauro De Bosis,2,San Giuseppe - Santa Teresa - Parteolla,Municipalidadi de Pirri/Municipalit? di Pirri
8147104687,Via Italia,163,Terram?ini - Is Bingias,Municipalidadi de Pirri/Municipalit? di Pirri
8147104689,Via Italia,188a,San Giuseppe - Santa Teresa - Parteolla,Municipalidadi de Pirri/Municipalit? di Pirri
8147104694,Via Lauro De Bosis,1,San Giuseppe - Santa Teresa - Parteolla,Municipalidadi de Pirri/Municipalit? di Pirri
8147104695,Via Lauro De Bosis,1,San Giuseppe - Santa Teresa - Parteolla,Municipalidadi de Pirri/Municipalit? di Pirri
8147104697,Via Italia,188,San Giuseppe - Santa Teresa - Parteolla,Municipalidadi de Pirri/Municipalit? di Pirri
8147219616,Via Salvatore Vidal,6,,Monte Urpinu
8147226025,Via Salvatore Vidal,8,,Monte Urpinu
8147226033,Via Salvatore Vidal,8,,Monte Urpinu
8147226034,Via Salvatore Vidal,8,,Monte Urpinu
8147226035,Via Salvatore Vidal,8,,Monte Urpinu
8147226040,Via Salvatore Vidal,8,,Monte Urpinu
8147226046,Via Salvatore Vidal,8,,Monte Urpinu
8158643460,Via del Fossario,,,Castedd'e susu/Castello
8158643461,Piazza Goffredo Angioni,1,,Castedd'e susu/Castello
8158643466,Piazza Goffredo Angioni,1,,Castedd'e susu/Castello
8158643467,Via Nicol? Canelles,2,,Castedd'e susu/Castello
8168293420,Viale Europa,6,,Monte Urpinu
8168293435,Viale Europa,5,,Monte Urpinu
8198398078,Via Riva di Ponente,33,,Stampaxi/Stampace
8198418454,Viale La Plaia,,,Stampaxi/Stampace
8230856810,Piazza San Domenico,,,Biddanoa/Villanova
8230856811,Piazza San Domenico,,,Biddanoa/Villanova
8241311661,Via Dante Alighieri,,,Bonaria
8241311662,Via Dante Alighieri,,,Bonaria
8241311663,Via Gianquinto De Gioannis,1,,Bonaria
8241311676,Via Dante Alighieri,,,Bonaria
8241311677,Via Gianquinto De Gioannis,1,,Bonaria
8241311678,Via San Lucifero,,,Bonaria
8241311695,Via San Lucifero,,,Bonaria
8241331338,Piazza Repubblica,,,Bonaria
8241331355,Piazza Repubblica,,,Monte Urpinu
8241331356,Piazza della Repubblica,16,,Monte Urpinu
8241331358,Piazza Repubblica,,,Monte Urpinu
8246023460,Asse Mediano di Scorrimento,,,Sant'Alenixedda
8246023461,Via Guglielmo Marconi,103,,Genneruxi
8256935899,Via Santa Maria Goretti,23a,San Giuseppe - Santa Teresa - Parteolla,Municipalidadi de Pirri/Municipalit? di Pirri
8256935902,Via Santa Maria Goretti,49,San Giuseppe - Santa Teresa - Parteolla,Municipalidadi de Pirri/Municipalit? di Pirri
8256935904,Via Enrico Toti,,San Giuseppe - Santa Teresa - Parteolla,Municipalidadi de Pirri/Municipalit? di Pirri
8256999271,Via Buggerru,14,,Is Mirrionis
8256999277,Via Quirra,2f,,Is Mirrionis
8256999280,Via Quirra,2g,,Is Mirrionis
8256999281,Via Buggerru,16,,Is Mirrionis
8256999283,Piazzale Massimo Casu,,,Is Mirrionis
8256999284,Via Quirra,2g,,Is Mirrionis
8256999289,,,,
8256999290,Piazzale Massimo Casu,,,Is Mirrionis
8256999293,Piazzale Massimo Casu,,,Is Mirrionis
8256999296,Piazzale Massimo Casu,,,Is Mirrionis
8256999297,Via Quirra,,,Is Mirrionis
8257012427,Via Buggerru,,,Is Mirrionis
8257012428,Piazzale Massimo Casu,,,Is Mirrionis
8262082167,Piazza d'Armi,,,Is Mirrionis
8262082182,Via Trentino,,,Is Mirrionis
8262082213,Via dei Valenzani,,,Is Mirrionis
8297117099,Via dei Conversi,21,,Monte Urpinu
8305267977,Ruga-Via dell'Olivastro,,,Poetto-Medau su Cramu
8387257517,Via Guglielmo Marconi,,Terram?ini - Is Bingias,Municipalidadi de Pirri/Municipalit? di Pirri
8432645215,Via Ubaldo Badas,,,Castedd'e susu/Castello
8443711104,Asse Mediano di Scorrimento,,,Poetto-Medau su Cramu
8443711105,Asse Mediano di Scorrimento,,,Poetto-Medau su Cramu
8458881305,Via Santa Maria Chiara,158,,Fonsarda
8458881308,Via Calamattia,16,,Fonsarda
8467708159,Via Marina Piccola,26,,Borgo Sant'Elia
8467708176,,,,
8467708185,Via Marina Piccola,,,Borgo Sant'Elia
8467801118,Via Marina Piccola,,,Borgo Sant'Elia
8486384675,Via Ravenna,1,,Bonaria
8486384680,Via Ravenna,2,,Bonaria
8486384709,Via Ravenna,2,,Bonaria
8486417218,Piazza Bonaria,,,Bonaria
8486417221,Piazza Bonaria,,,Bonaria
8486417224,Piazza Bonaria,,,Bonaria
8486417232,Viale Bonaria,,,Bonaria
8486417234,Viale Bonaria,,,Bonaria
8486417244,Piazza Bonaria,,,Bonaria
8486417252,Viale Bonaria,,,Bonaria
8486417253,Viale Bonaria,,,Bonaria
8486417257,Viale Bonaria,,,Bonaria
8486417264,Viale Bonaria,,,Bonaria
8486417265,Viale Bonaria,,,Bonaria
8486417281,Piazza Bonaria,,,Bonaria
8486417282,Piazza Bonaria,,,Bonaria
8486417285,Piazza Bonaria,,,Bonaria
8486417286,Piazza Bonaria,,,Bonaria
8486417295,Piazza Bonaria,,,Bonaria
8486417321,Viale Bonaria,136,,Bonaria
8486417327,Via Vittorio Bottego,,,Bonaria
8486417329,Via Vittorio Bottego,,,Bonaria
8486417331,Via Vittorio Bottego,,,Bonaria
8486417333,Viale Bonaria,,,Bonaria
8522652430,Via Alberto Riva Villasanta,195b,Monteleone - Santa Rosalia,Municipalidadi de Pirri/Municipalit? di Pirri
8522652431,Via Famagosta,195c,Monteleone - Santa Rosalia,Municipalidadi de Pirri/Municipalit? di Pirri
8522652432,Via Alberto Riva Villasanta,179,Monteleone - Santa Rosalia,Municipalidadi de Pirri/Municipalit? di Pirri
8522652433,Via Alberto Riva Villasanta,245,Monteleone - Santa Rosalia,Municipalidadi de Pirri/Municipalit? di Pirri
8522652436,Via Giudice Chiano,6,,Fonsarda
8522652437,Via Giudice Chiano,6,,Fonsarda
8522652438,Via Giudice Chiano,6,,Fonsarda
8522652440,Via Romagna,18,,Is Mirrionis
8522652441,Via Romagna,18,,Is Mirrionis
8522652443,Viale Francesco Ciusa,1,,Fonsarda
8522652444,Via Giudice Chiano,40,,Fonsarda
8522652445,Via Giudice Chiano,37a,,Fonsarda
8522652446,Via Giudice Chiano,40,,Fonsarda
8522652447,Via dei Capraia,2,,Fonsarda
8522652448,Via dei Capraia,2,,Fonsarda
8522652451,Via dei Giudicati,11,,Fonsarda
8522652452,Piazza Giovanni Ventitreesimo,,,Sant'Alenixedda
8522652453,Via dei Giudicati,11,,Fonsarda
8522652455,Piazza Papa Giovanni Ventitreesimo,16,,Fonsarda
8522652457,Piazza Papa Giovanni Ventitreesimo,16,,Fonsarda
8522652461,Piazza Papa Giovanni Ventitreesimo,17,,Fonsarda
8522652464,Via Gaetano Salvemini,2,,Fonsarda
8522652465,Piazza Papa Giovanni Ventitreesimo,17,,Fonsarda
8522652466,Via Ventotto Febbraio,1,,Fonsarda
8522652467,Via Don Riccardo Macchioni,,,Sant'Alenixedda
8522652470,Via Gaetano Salvemini,2,,Fonsarda
8522652471,Via dei Capraia,2,,Fonsarda
8522653626,Asse Mediano di Scorrimento,,,Genneruxi
8522653628,Asse Mediano di Scorrimento,,,Genneruxi
8522653629,Asse Mediano di Scorrimento,,,Genneruxi
8522653634,Via Tel Aviv,,,Genneruxi
8522653641,Asse Mediano di Scorrimento,,,Genneruxi
8522653644,Asse Mediano di Scorrimento,,,Genneruxi
8522653646,Asse Mediano di Scorrimento,,,Genneruxi
8522653657,Asse Mediano di Scorrimento,,,Genneruxi
8522653658,Asse Mediano di Scorrimento,,,Genneruxi
8522653664,Asse Mediano di Scorrimento,,,Genneruxi
8522653667,Asse Mediano di Scorrimento,,,Genneruxi
8522653681,,,,Genneruxi
8533367002,Vico Secondo di Viale La Plaia,,,Stampaxi/Stampace
8533367003,Via Sa Perdixedda,7,,Stampaxi/Stampace
8533367005,Viale La Plaia,72,,Stampaxi/Stampace
8533367007,Via Sa Perdixedda,11,,Stampaxi/Stampace
8540772572,Viale Roberto Pisano,,Terram?ini - Is Bingias,Municipalidadi de Pirri/Municipalit? di Pirri
8540772579,,,Terram?ini - Is Bingias,Municipalidadi de Pirri/Municipalit? di Pirri
8540772584,Via Andr? Marie Ampere,2,Terram?ini - Is Bingias,Municipalidadi de Pirri/Municipalit? di Pirri
8543242984,Piazza Francesco Paolo Ingrao,3,,Bonaria
8543242985,Piazza Francesco Paolo Ingrao,3,,Bonaria
8543242986,Piazza Francesco Paolo Ingrao,3,,Bonaria
8543245718,Via Roma,41,,Lapola/Marina
8567956254,,,,La Palma
8628807576,Via Luigi Rachel,7,,Borgo Sant'Elia
8628807578,Via dei Musicisti,9,,Borgo Sant'Elia
8628807579,Via Gavino Gabriel,4,,Borgo Sant'Elia
8628807584,Via Gavino Gabriel,6,,Borgo Sant'Elia
8628807588,Via Gavino Gabriel,6,,Borgo Sant'Elia
8628807668,Via Luigi Rachel,2,,Borgo Sant'Elia
8628807696,Via del Borgo Sant'Elia,17,,Borgo Sant'Elia
8628807702,Via del Borgo Sant'Elia,,,Borgo Sant'Elia
8628807725,Via del Borgo Sant'Elia,,,Borgo Sant'Elia
8628807728,Via del Borgo Sant'Elia,,,Borgo Sant'Elia
8628807731,Via del Borgo Sant'Elia,,,Nuovo Borgo Sant'Elia
8628807732,Via del Borgo Sant'Elia,,,Borgo Sant'Elia
8628807736,Via del Borgo Sant'Elia,,,Borgo Sant'Elia
8628807738,Via del Borgo Sant'Elia,,,Borgo Sant'Elia
8628807741,Via del Borgo Sant'Elia,,,Nuovo Borgo Sant'Elia
8628807742,Via del Borgo Sant'Elia,13,,Nuovo Borgo Sant'Elia
8628807756,Piazzale Lazzaretto,,,Borgo Sant'Elia
8651664319,Via Angelo Garau,16,Is Campus,Municipalidadi de Pirri/Municipalit? di Pirri
8651664320,Via dei Coralli,13,Is Campus,Municipalidadi de Pirri/Municipalit? di Pirri
8651664327,Via Angelo Garau,16,Is Campus,Municipalidadi de Pirri/Municipalit? di Pirri
8651664335,Via Sergio Montaldo,,Is Campus,Municipalidadi de Pirri/Municipalit? di Pirri
8662440941,Via San Lucifero,76,,Bonaria
8662440971,Via San Lucifero,,,Bonaria
8662440981,Via Logudoro,23,,Bonaria
8662440993,Via San Lucifero,,,Bonaria
8662440994,Piazza San Cosimo,9,,Bonaria
8662440995,Via San Lucifero,80,,Bonaria
8662490829,Viale Bonaria,,,Bonaria
8662490832,Viale Bonaria,,,Bonaria
8734583969,Via Il Ghirlandaio,,,Mulinu Becciu
8734583972,Via Luigi Crespellani,,,Mulinu Becciu
8760845777,Via Premuda,10,,San Michele
8786343072,Via Montecassino,53,Villa Doloretta,Municipalidadi de Pirri/Municipalit? di Pirri
8796312257,Viale La Plaia,2,,Stampaxi/Stampace
8831406593,Via Sassari,,,Stampaxi/Stampace
8831406598,Via Roma,159,,Stampaxi/Stampace
8842999473,Calata Azuni,,,Lapola/Marina
8842999474,Calata Azuni,,,Lapola/Marina
8842999493,Viale Poetto,144,,Poetto-Medau su Cramu
8844588991,Via dei Conversi,27,,Monte Urpinu
8844589004,Via dei Conversi,21,,Monte Urpinu
8844592452,Via dei Conversi,32,,Genneruxi
8844712041,Viale Armando Diaz,241,,Monte Mixi
8844712042,Viale Armando Diaz,241,,Monte Mixi
8844712043,Viale Armando Diaz,,,Monte Mixi
8844712045,Viale Armando Diaz,182,,Monte Mixi
8844712046,Viale Armando Diaz,229,,Monte Mixi
8844712047,Viale Armando Diaz,229,,Monte Mixi
8844712048,Viale Armando Diaz,176,,Monte Mixi
8844712049,Viale Armando Diaz,176,,Monte Mixi
8844712050,Viale Armando Diaz,,,Bonaria
8844712051,Viale Armando Diaz,174,,Bonaria
8844712052,Viale Armando Diaz,225,,Bonaria
8844712053,Viale Armando Diaz,158b,,Bonaria
8844712055,Viale Armando Diaz,219,,Bonaria
8844712056,Viale Armando Diaz,219,,Bonaria
8844712057,Viale Armando Diaz,116,,Bonaria
8844712058,Viale Armando Diaz,,,Bonaria
8844712060,Viale Armando Diaz,137,,Bonaria
8844712062,Viale Armando Diaz,109b,,Bonaria
8844712063,Viale Armando Diaz,195,,Bonaria
8844712064,Viale Armando Diaz,195,,Bonaria
8844712065,Viale Armando Diaz,72,,Bonaria
8844712066,Viale Armando Diaz,72,,Bonaria
8844712067,Viale Armando Diaz,201,,Bonaria
8844712068,Viale Armando Diaz,201,,Bonaria
8844712069,Viale Armando Diaz,76,,Bonaria
8844712070,Viale Armando Diaz,76,,Bonaria
8844712071,Viale Salvatore Ferrara,,,Bonaria
8844712072,Viale Armando Diaz,100,,Bonaria
8844712073,Viale Armando Diaz,207,,Bonaria
8844712074,Viale Armando Diaz,94,,Bonaria
8844722220,Via Bolzano,1,,Bonaria
8844722234,Via Bolzano,1,,Bonaria
8844770565,Viale Bonaria,28,,Bonaria
8851957016,Passeggiata del porto,,,Lapola/Marina
8866203678,Via Gianquinto De Gioannis,15,,Bonaria
8866203682,Via Gianquinto De Gioannis,23,,Bonaria
8874680087,,,,Sant'Avendrace-Santa Gilla
8874730033,Viale San Vincenzo,,,Stampaxi/Stampace
8889634566,Via Girolamo Araolla,,,
8889634573,Via Edward Jenner,,,San Michele
8891159746,Viale Buoncammino,3a,,Stampaxi/Stampace
8891159755,Via Ospedale,,,Stampaxi/Stampace
8892245253,Vico di Corso Vittorio Emanuele Secondo,,,Stampaxi/Stampace
8892245255,Via Porto Scalas,1,,Stampaxi/Stampace
8922664846,Via delle Rondini,6,,Poetto-Medau su Cramu
8922664847,Via delle Rondini,6,,Poetto-Medau su Cramu
8922664853,Via delle Rondini,6,,Poetto-Medau su Cramu
8922664856,Via delle Rondini,6,,Poetto-Medau su Cramu
8922670647,Via delle Rondini,2,,Poetto-Medau su Cramu
9044999955,Via Monsignor Giovanni Della Casa,,,Fonsarda
9044999963,Via Ignazio Serra,,,Fonsarda
9044999964,Via Monsignor Giovanni Della Casa,,,Fonsarda
9044999965,Via Ignazio Serra,2,,Fonsarda
9094656191,Via Maria Luisa Sanfelice,5,Monteleone - Santa Rosalia,Municipalidadi de Pirri/Municipalit? di Pirri
9094656192,Via Maria Luisa Sanfelice,5,Monteleone - Santa Rosalia,Municipalidadi de Pirri/Municipalit? di Pirri
9094656201,Via Pietrino Moi,2,Monteleone - Santa Rosalia,Municipalidadi de Pirri/Municipalit? di Pirri
9094656202,Via Pietrino Moi,2,Monteleone - Santa Rosalia,Municipalidadi de Pirri/Municipalit? di Pirri
9094656210,Via Efisio Melis,20,Monteleone - Santa Rosalia,Municipalidadi de Pirri/Municipalit? di Pirri
9094656213,Via Efisio Melis,15,Monteleone - Santa Rosalia,Municipalidadi de Pirri/Municipalit? di Pirri
9094677321,Via Evangelista Torricelli,2,,CEP
9095858313,Viale Calamosca,26,,Borgo Sant'Elia
9095905548,Ruga-Via dell'Olivastro,,,Poetto-Medau su Cramu
9095905573,Ruga-Via dell'Olivastro,,,Poetto-Medau su Cramu
9095905593,Ruga-Via dell'Olivastro,,,Poetto-Medau su Cramu
9095905606,Via della Fauna,,,Poetto-Medau su Cramu
9095905615,Via della Fauna,,,Poetto-Medau su Cramu
9096837424,Via Giovanni Manurita,,,Borgo Sant'Elia
9099754179,Via della Pineta,251,,Monte Mixi
9101541912,Via Monsignor Antonio Parragues,,,Is Mirrionis
9101541916,Via Monsignor Antonio Parragues,,,Is Mirrionis
9105051013,Viale Bonaria,,,Bonaria
9116833403,Piazza Papa Paolo Sesto,,,Bonaria
9116833404,Via Cristoforo Colombo,3,,Bonaria
9116833406,Piazza Papa Paolo Sesto,,,Bonaria
9116833407,Piazza Papa Paolo Sesto,6,,Bonaria
9116833410,Via Cristoforo Colombo,3,,Bonaria
9116833414,Via Cristoforo Colombo,48,,Bonaria
9116833415,Via Cristoforo Colombo,3,,Bonaria
9117855369,Via Roma,161,,Stampaxi/Stampace
9117855371,Via Roma,161,,Stampaxi/Stampace
9117855373,Via Sassari,38a,,Stampaxi/Stampace
9117855380,Via Sassari,,,Stampaxi/Stampace
9117855407,,,,Stampaxi/Stampace
9117855408,,,,Stampaxi/Stampace
9135610103,Via Diego Gregorio Cadello,,,Is Mirrionis
9135617626,Via Diego Gregorio Cadello,,,Is Mirrionis
9135617632,Via Diego Gregorio Cadello,,,Is Mirrionis
9135617640,Via Diego Gregorio Cadello,,,Is Mirrionis
9135617643,Via Diego Gregorio Cadello,,,Is Mirrionis
9135617649,Via Diego Gregorio Cadello,,,Is Mirrionis
9135617674,Via Diego Gregorio Cadello,,,Is Mirrionis
9135617675,Via Diego Gregorio Cadello,,,Is Mirrionis
9135617679,Via Diego Gregorio Cadello,,,Is Mirrionis
9146969321,Molo Bonaria,,,Bonaria
9146969328,Calata dei Trinitari,,,Bonaria
9146969336,Via Sebastiano Caboto,1,,Bonaria
9152297333,Viale Europa,8,,Monte Urpinu
9152297334,Via Salvatore Vidal,10,,Monte Urpinu
9169168756,Via Montecristo,4,,Poetto-Medau su Cramu
9169168760,Via dei Villini,,,Poetto-Medau su Cramu
9169168761,Via dei Villini,,,Poetto-Medau su Cramu
9171427482,Viale Calamosca,,,Borgo Sant'Elia
9171427488,Viale Calamosca,,,Borgo Sant'Elia
9171427499,Viale Calamosca,,,Borgo Sant'Elia
9171427505,Viale Calamosca,35,,Borgo Sant'Elia
9171427507,Viale Calamosca,,,Borgo Sant'Elia
9171427510,Viale Calamosca,,,Borgo Sant'Elia
9171427512,Viale Calamosca,37,,Borgo Sant'Elia
9171480564,Viale Calamosca,,,Borgo Sant'Elia
9171480571,Viale Calamosca,,,Borgo Sant'Elia
9171480574,Viale Calamosca,,,Borgo Sant'Elia
9186902417,Viale Poetto,30,,Quartiere del Sole
9204568080,Piazza Giovanni Ventitreesimo,,,Sant'Alenixedda
9207616776,,,,Monte Urpinu
9207623051,Via dei Conversi,126,,Genneruxi
9207623066,Via Martino Carrillo,,,Monte Urpinu
9211860228,Via Po,12,,Sant'Avendrace-Santa Gilla
9211860229,Via Po,14,,Sant'Avendrace-Santa Gilla
9216894511,Via Guglielmo Marconi,,,Genneruxi
9248007088,Strada Statale 195 var Sulcitana,,,Sant'Avendrace-Santa Gilla
9248007110,Strada Statale 195 var Sulcitana,,,Sant'Avendrace-Santa Gilla
9248011819,Strada Statale 195 var Sulcitana,,,Sant'Avendrace-Santa Gilla
9248011823,,,,
9248011826,Strada Statale 195 var Sulcitana,,,Sant'Avendrace-Santa Gilla
9248011830,Strada Statale 195 var Sulcitana,,,Sant'Avendrace-Santa Gilla
9248011831,Strada Statale 195 var Sulcitana,,,Sant'Avendrace-Santa Gilla
9248011838,Strada Statale 195 var Sulcitana,,,Sant'Avendrace-Santa Gilla
9248011839,Strada Statale 195 var Sulcitana,,,Sant'Avendrace-Santa Gilla
9248011854,Strada Statale 195 var Sulcitana,,,Sant'Avendrace-Santa Gilla
9248011855,,,,Sant'Avendrace-Santa Gilla
9248011874,,,,Sant'Avendrace-Santa Gilla
9248011875,Strada Statale 195 var Sulcitana,,,Sant'Avendrace-Santa Gilla
9248011882,Strada Statale 195 var Sulcitana,,,Sant'Avendrace-Santa Gilla
9248011883,Strada Statale 195 var Sulcitana,,,Sant'Avendrace-Santa Gilla
9248011884,Strada Statale 195 var Sulcitana,,,Sant'Avendrace-Santa Gilla
9248011885,Strada Statale 195 var Sulcitana,,,Sant'Avendrace-Santa Gilla
9248011887,Strada Statale 195 var Sulcitana,,,Sant'Avendrace-Santa Gilla
9248011888,Strada Statale 195 var Sulcitana,,,Sant'Avendrace-Santa Gilla
9248011889,Strada Statale 195 var Sulcitana,,,Sant'Avendrace-Santa Gilla
9248011890,Strada Statale 195 var Sulcitana,,,Sant'Avendrace-Santa Gilla
9248011891,,,,Sant'Avendrace-Santa Gilla
9248011892,Strada Statale 195 var Sulcitana,,,Sant'Avendrace-Santa Gilla
9248011893,Strada Statale 195 var Sulcitana,,,Sant'Avendrace-Santa Gilla
9248011894,Strada Statale 195 var Sulcitana,,,Sant'Avendrace-Santa Gilla
9248011895,Strada Statale 195 var Sulcitana,,,Sant'Avendrace-Santa Gilla
9248011913,Strada Statale 195 var Sulcitana,,,Sant'Avendrace-Santa Gilla
9248011914,Strada Statale 195 var Sulcitana,,,Sant'Avendrace-Santa Gilla
9248011916,Strada Statale 195 var Sulcitana,,,Sant'Avendrace-Santa Gilla
9248011917,Strada Statale 195 var Sulcitana,,,Sant'Avendrace-Santa Gilla
9248011920,Strada Statale 195 var Sulcitana,,,Sant'Avendrace-Santa Gilla
9248011921,Strada Statale 195 var Sulcitana,,,Sant'Avendrace-Santa Gilla
9248011934,Strada Statale 195 var Sulcitana,,,Sant'Avendrace-Santa Gilla
9248011935,Strada Statale 195 var Sulcitana,,,Sant'Avendrace-Santa Gilla
9248011936,Strada Statale 195 var Sulcitana,,,Sant'Avendrace-Santa Gilla
9248011943,Strada Statale 195 var Sulcitana,,,Sant'Avendrace-Santa Gilla
9248011944,,,,Sant'Avendrace-Santa Gilla
9248011945,,,,Sant'Avendrace-Santa Gilla
9248011947,,,,Sant'Avendrace-Santa Gilla
9248011948,,,,Sant'Avendrace-Santa Gilla
9255971530,Via Guglielmo Marconi,234,Terram?ini - Is Bingias,Municipalidadi de Pirri/Municipalit? di Pirri
9255971533,Via Lione,4,,Genneruxi
9256257494,Via San Simone,,,Sant'Avendrace-Santa Gilla
9256257498,Via Santa Gilla,,,Sant'Avendrace-Santa Gilla
9257313083,Piazzale dell'Accoglienza,4,,San Michele
9257313085,Piazza dei Castellani,2,,San Michele
9257313095,Viale delle Cappelle,,,San Michele
9257313097,Viale delle Cappelle,,,San Michele
9257313098,Viale delle Cappelle,,,San Michele
9257414619,Viale delle Cappelle,,,San Michele
9257414620,Viale delle Cappelle,,,San Michele
9257414621,Viale delle Cappelle,,,San Michele
9257414622,Viale delle Cappelle,,,San Michele
9257414623,Viale delle Cappelle,,,San Michele
9257414625,Viale delle Cappelle,,,San Michele
9259904427,Via Giudicessa Vera,4,,Sant'Alenixedda
9259904429,Via Giudicessa Vera,,,Sant'Alenixedda
9293504961,Via della Pineta,182,,Monte Mixi
9293504962,Viale Armando Diaz,,,Monte Mixi
9293504969,Viale Armando Diaz,204,,Monte Mixi
9315848866,Piazza dell'Annunziata,15,,Sant'Avendrace-Santa Gilla
9315848867,Piazza dell'Annunziata,,,Sant'Avendrace-Santa Gilla
9315848881,Via Pola,,,Sant'Avendrace-Santa Gilla
9315848885,Via Porto Torres,,,Sant'Avendrace-Santa Gilla
9315848886,,,,
9352584939,Via Is Mirrionis,,,Tuvixeddu-Tuvumannu
9352584940,Via Is Mirrionis,,,Tuvixeddu-Tuvumannu
9352584947,Via Is Mirrionis,86,,Tuvixeddu-Tuvumannu
9352584949,Via Is Mirrionis,86,,Tuvixeddu-Tuvumannu
9352584952,Via Is Mirrionis,,,Tuvixeddu-Tuvumannu
9352584953,Via Is Mirrionis,,,Tuvixeddu-Tuvumannu
9352584954,Via Is Mirrionis,,,Tuvixeddu-Tuvumannu
9352584955,Via Is Mirrionis,,,Tuvixeddu-Tuvumannu
9357771987,Calata Fiera,,,Bonaria
9357771989,Percorso ciclopedonale Via del Sale,,,Bonaria
9357771990,Percorso ciclopedonale Via del Sale,,,Bonaria
9357771994,Calata Fiera,,,Bonaria
9357771995,Calata dei Trinitari,18,,Bonaria
9357771996,Calata dei Trinitari,,,Bonaria
9357771997,Calata dei Trinitari,,,Bonaria
9357771999,Banchina San Bartolomeo,23,,Bonaria
9357775628,Via Sebastiano Caboto,14,,Bonaria
9357775629,Percorso ciclopedonale Via del Sale,,,Bonaria
9357775630,Percorso ciclopedonale Via del Sale,,,Bonaria
9357775632,Calata dei Trinitari,,,Bonaria
9357775633,Percorso ciclopedonale Via del Sale,,,Bonaria
9357775635,Calata dei Trinitari,,,Bonaria
9357775636,Percorso ciclopedonale Via del Sale,,,Bonaria
9357775638,Calata dei Trinitari,,,Bonaria
9357775639,Percorso ciclopedonale Via del Sale,,,Bonaria
9357775640,Via Sebastiano Caboto,2,,Bonaria
9357775656,Percorso ciclopedonale Via del Sale,31,,Bonaria
9357775657,Banchina San Bartolomeo,,,Bonaria
9357775658,Banchina San Bartolomeo,,,Bonaria
9357775659,Banchina San Bartolomeo,,,Bonaria
9357775660,Banchina San Bartolomeo,,,Bonaria
9357775661,Percorso ciclopedonale Via del Sale,,,Bonaria
9357775662,Banchina San Bartolomeo,,,Bonaria
9357775664,,,,Bonaria
9357775665,Percorso ciclopedonale Via del Sale,,,Bonaria
9357775667,Percorso ciclopedonale Via del Sale,,,Bonaria
9357775673,Banchina San Bartolomeo,,,Bonaria
9357775674,Banchina San Bartolomeo,,,Bonaria
9357775675,Banchina San Bartolomeo,,,Bonaria
9357775692,Via Amerigo Vespucci,,,Nuovo Borgo Sant'Elia
9360708413,Via del Timo,16,Barracca Manna,Municipalidadi de Pirri/Municipalit? di Pirri
9360708415,,,Barracca Manna,Municipalidadi de Pirri/Municipalit? di Pirri
9372899177,Via Salvatore Rosa,55,,Fonsarda
9372899182,Via Salvatore Rosa,55,,Fonsarda
9372899189,Via Giuseppe Biasi,21,,Fonsarda
9372899191,Via Salvatore Rosa,53,,Fonsarda
9372899194,Via Salvatore Rosa,55,,Fonsarda
9372899199,Via Felice Melis Marini,9,,Fonsarda
9372925126,Via Felice Melis Marini,22,,Fonsarda
9372925128,Via Giuseppe Biasi,,,Fonsarda
9372925138,Via Giuseppe Biasi,,,Fonsarda
9372925148,Via Salvatore Rosa,,,Fonsarda
9372925161,Via Salvatore Rosa,,,Fonsarda
9373083123,Viale Francesco Ciusa,127,,Fonsarda
9373083126,Viale Francesco Ciusa,70,,Fonsarda
9373263622,Viale Buoncammino,,,Stampaxi/Stampace
9373263624,Viale Luigi Merello,101,,Stampaxi/Stampace
9373263629,Via Is Mirrionis,1a,,Is Mirrionis
9373263630,Viale San Vincenzo,,,Is Mirrionis
9373263633,Piazza d'Armi,,,Is Mirrionis
9373263667,Via Is Mirrionis,,,Is Mirrionis
9373263673,Viale San Vincenzo,,,Is Mirrionis
9373263704,Via Is Mirrionis,,,Is Mirrionis
9396648000,Viale Monastir,178/B,,Sant'Avendrace-Santa Gilla
9396648006,Viale Monastir,205,,Mulinu Becciu
9396648007,Viale Monastir,212,,Sant'Avendrace-Santa Gilla
9396648009,Viale Monastir,216,,Sant'Avendrace-Santa Gilla
9396648012,Viale Monastir,212,,Sant'Avendrace-Santa Gilla
9396649421,Strada Statale 131 Carlo Felice,,,Sant'Avendrace-Santa Gilla
9396649422,Strada Statale 131 Carlo Felice,,,Sant'Avendrace-Santa Gilla
9425723743,Calata Azuni,,,Lapola/Marina
9425723745,Calata Roma,,,Lapola/Marina
9425723750,Calata Roma,,,Lapola/Marina
9433347868,Piazza Attilio Deffenu,,,Bonaria
9433347893,,,,Bonaria
9433347898,Via Giovanni Barbini,2,,Bonaria
9463118875,Piazza Giuseppe Pizzorno,,,Monte Mixi
9463118891,Piazza Giuseppe Pizzorno,,,Monte Mixi
9463118901,Piazza Giuseppe Pizzorno,,,Monte Mixi
9463118906,Piazza Giuseppe Pizzorno,,,Monte Mixi
9463118907,Piazza Giuseppe Pizzorno,,,Monte Mixi
9463118908,Piazza Giuseppe Pizzorno,,,Monte Mixi
9463118909,Piazza Giuseppe Pizzorno,,,Monte Mixi
9463118910,Piazza Giuseppe Pizzorno,,,Monte Mixi
9463118912,Piazza Giuseppe Pizzorno,,,Monte Mixi
9465900040,Via Is Mirrionis,201,,San Michele
9465900041,Via Is Mirrionis,154,,San Michele
9465900042,Via Is Mirrionis,201,,San Michele
9465908776,Via Is Mirrionis,199,,Is Mirrionis
9465908780,Via Nebida,32,,Is Mirrionis
9466093214,Via Anna Cabras Brundo,,,Is Mirrionis
9466093215,Via Anna Cabras Brundo,,,Is Mirrionis
9466191021,Piazza San Michele,4,,San Michele
9466191022,Piazza San Michele,3,,San Michele
9466191023,Piazza Is Maglias,1,,San Michele
9466191024,Via San Michele,69,,San Michele
9466191025,Via San Michele,,,San Michele
9466191026,Via San Michele,,,San Michele
9466191027,Via San Michele,69,,San Michele
9466191028,Via San Michele,,,San Michele
9466191029,Piazza San Michele,2,,San Michele
9466191030,Piazza Is Maglias,1,,San Michele
9466191031,Via San Michele,69,,San Michele
9466191056,Via Abruzzi,,,San Michele
9466191057,Piazza San Michele,2,,San Michele
9466191058,Piazza San Michele,2,,San Michele
9466191065,Via Premuda,1,,San Michele
9466191069,Piazza San Michele,1,,San Michele
9466191072,Via San Michele,,,San Michele
9466191073,Piazza San Michele,8,,San Michele
9466191074,Piazza San Michele,8,,San Michele
9466248168,Via Saverio Mattei,,,Is Mirrionis
9466248170,Via Campania,4a,,Is Mirrionis
9466602046,Viale Poetto,144,,Poetto-Medau su Cramu
9490123098,Viale Elmas,,,
9490123099,Via dell'Autonomia,,,
9490123103,Via dell'Autonomia,,,
9490123104,Via dello Statuto Sardo,,,
9492822950,Via Raimondo Carta Raspi,,,Nuovo Borgo Sant'Elia
9492822951,,,,Nuovo Borgo Sant'Elia
9492822953,Via Raimondo Carta Raspi,,,Nuovo Borgo Sant'Elia
9492822955,Via Raimondo Carta Raspi,,,Nuovo Borgo Sant'Elia
9492822956,,,,Nuovo Borgo Sant'Elia
9492822959,Via Raimondo Carta Raspi,,,Nuovo Borgo Sant'Elia
9492822965,,,,Nuovo Borgo Sant'Elia
9532416519,Via Genneruxi,2,,Genneruxi
9532416520,Via Guglielmo Marconi,,,Genneruxi
9532725777,Via Alberto Riva Villasanta,112,Monteleone - Santa Rosalia,Municipalidadi de Pirri/Municipalit? di Pirri
9532725801,Vico Primo di Via San Quintino,4,Monteleone - Santa Rosalia,Municipalidadi de Pirri/Municipalit? di Pirri
9532835476,Via Andrea Vesalio,1,,Quartiere Europeo
9532835477,Via Talete,10,,CEP
9532835482,Via Andrea Vesalio,1,,Quartiere Europeo
9532835483,Via Andrea Vesalio,1,,Quartiere Europeo
9532835487,Via Andrea Vesalio,1,,Quartiere Europeo
9532835512,Via Andrea Vesalio,,,Quartiere Europeo
9532841535,Via Andrea Vesalio,10,Monteleone - Santa Rosalia,Municipalidadi de Pirri/Municipalit? di Pirri
9532841567,Via Andrea Vesalio,9,,Quartiere Europeo
9532841570,Via Telesio,31,,Quartiere Europeo
9532841575,Via Cesare Pintus,,Terram?ini - Is Bingias,Municipalidadi de Pirri/Municipalit? di Pirri
9532841580,Via Andrea Vesalio,17,,Quartiere Europeo
9532841583,Via Andrea Vesalio,17,,Quartiere Europeo
9532841595,Via Andrea Vesalio,,Terram?ini - Is Bingias,Municipalidadi de Pirri/Municipalit? di Pirri
9532841601,Via Andrea Vesalio,32,Terram?ini - Is Bingias,Municipalidadi de Pirri/Municipalit? di Pirri
9532841610,Viale Roberto Pisano,6,Terram?ini - Is Bingias,Municipalidadi de Pirri/Municipalit? di Pirri
9532841612,Viale Roberto Pisano,,Terram?ini - Is Bingias,Municipalidadi de Pirri/Municipalit? di Pirri
9532841616,Viale Roberto Pisano,,Terram?ini - Is Bingias,Municipalidadi de Pirri/Municipalit? di Pirri
9532841617,Viale Roberto Pisano,,Terram?ini - Is Bingias,Municipalidadi de Pirri/Municipalit? di Pirri
9532841618,Viale Roberto Pisano,,Terram?ini - Is Bingias,Municipalidadi de Pirri/Municipalit? di Pirri
9532841629,Via Giuliana Treleani,,Terram?ini - Is Bingias,Municipalidadi de Pirri/Municipalit? di Pirri
9532841652,Via Gaio Giulio Cesare,,Terram?ini - Is Bingias,Municipalidadi de Pirri/Municipalit? di Pirri
9532841659,Viale Roberto Pisano,6,Terram?ini - Is Bingias,Municipalidadi de Pirri/Municipalit? di Pirri
9549302142,Via Baldassarre Castiglione,110,,Sant'Alenixedda
9549302149,Via Baldassarre Castiglione,,,Sant'Alenixedda
9549302161,Via Baldassarre Castiglione,43c,,Fonsarda
9549302164,Via Baldassarre Castiglione,27,,Fonsarda
9549302165,Via Baldassarre Castiglione,27,,Fonsarda
9549302172,Via Baldassarre Castiglione,27a,,Fonsarda
9549302174,Via Matteo Bandello,,,Fonsarda
9549302192,Via Baldassarre Castiglione,,,Fonsarda
9549314122,Via Baldassarre Castiglione,,,Fonsarda
9549314126,Via Baldassarre Castiglione,,,Fonsarda
9554097631,Via Giuseppe Mercalli,,Terram?ini - Is Bingias,Municipalidadi de Pirri/Municipalit? di Pirri
9554097632,Via Giuseppe Mercalli,,Terram?ini - Is Bingias,Municipalidadi de Pirri/Municipalit? di Pirri
9554097640,Via Guglielmo Marconi,212,Terram?ini - Is Bingias,Municipalidadi de Pirri/Municipalit? di Pirri
9554097642,Via Giuseppe Mercalli,27,,Genneruxi
9554097643,Via Giuseppe Mercalli,,,Genneruxi
9554097645,Via Giuseppe Mercalli,8,,Genneruxi
9554097648,Via Giuseppe Mercalli,27,,Genneruxi
9554097650,Via Guglielmo Marconi,159,Terram?ini - Is Bingias,Genneruxi
9554097651,Via Guglielmo Marconi,159,Terram?ini - Is Bingias,Genneruxi
9554097652,Via Guglielmo Marconi,161a,Terram?ini - Is Bingias,Genneruxi
9554097653,Via Guglielmo Marconi,161a,Terram?ini - Is Bingias,Genneruxi
9554097654,Via Guglielmo Marconi,161,Terram?ini - Is Bingias,Genneruxi
9554097661,Via Guglielmo Marconi,200,Terram?ini - Is Bingias,Municipalidadi de Pirri/Municipalit? di Pirri
9554097662,Via Guglielmo Marconi,161,Terram?ini - Is Bingias,Genneruxi
9554097663,Via Guglielmo Marconi,198,Terram?ini - Is Bingias,Municipalidadi de Pirri/Municipalit? di Pirri
9554097664,Via Guglielmo Marconi,161,Terram?ini - Is Bingias,Genneruxi
9554097665,Via Guglielmo Marconi,161,Terram?ini - Is Bingias,Genneruxi
9554097666,Via Guglielmo Marconi,161,Terram?ini - Is Bingias,Genneruxi
9554097667,Via Guglielmo Marconi,161,Terram?ini - Is Bingias,Genneruxi
9554097668,Via Guglielmo Marconi,161,Terram?ini - Is Bingias,Genneruxi
9554097669,Via Giuseppe Mercalli,,,Genneruxi
9554097674,Via Guglielmo Marconi,163,Terram?ini - Is Bingias,Genneruxi
9554097676,Via Guglielmo Marconi,163,Terram?ini - Is Bingias,Genneruxi
9554097679,Via Guglielmo Marconi,,Terram?ini - Is Bingias,Genneruxi
9568979374,Via Bainsizza,24,,Tuvixeddu-Tuvumannu
9570321759,Via degli Olmi,2,Is Campus,Municipalidadi de Pirri/Municipalit? di Pirri
9580594865,Via Monte Sabotino,3,,Sant'Avendrace-Santa Gilla
9580594872,Via San Michele,,,Sant'Avendrace-Santa Gilla
9580748330,Viale Umberto Ticca,,,Mulinu Becciu
9580748333,Viale Umberto Ticca,,,Mulinu Becciu
9580748335,Viale Umberto Ticca,,,Mulinu Becciu
9580748344,,,,Mulinu Becciu
9582699541,Via Domenico Millelire,22,,San Benedetto
9582699542,Via Salvatore Farina,52,,San Benedetto
9582699543,Via Annunzio Cervi,11,,San Benedetto
9582699544,Via Pasquale Tola,42,,San Benedetto
9582699591,Via Sidney Sonnino,35,,Bonaria
9582699599,Via San Lucifero,94,,Bonaria
9582699600,Via Grazia Deledda,51,,Bonaria
9582699601,Via Dante Alighieri,,,San Benedetto
9582699602,Via Alghero,78,,San Benedetto
9583973258,Via Vittore Carpaccio,11,,Mulinu Becciu
9589513601,Viale San Bartolomeo,12,,Borgo Sant'Elia
9589537017,Viale San Bartolomeo,12,,Borgo Sant'Elia
9594480814,Piazzale Alessandro Ricchi,,,
9594480815,Piazzale Alessandro Ricchi,2,,San Michele
9595553063,Via Mandrolisai,45,,Is Mirrionis
9599752279,Asse Mediano di Scorrimento,11,Villa Doloretta,Municipalidadi de Pirri/Municipalit? di Pirri
9599752286,Asse Mediano di Scorrimento,11,Villa Doloretta,Municipalidadi de Pirri/Municipalit? di Pirri
9599752307,Via Horatio Nelson,6,Barracca Manna,Municipalidadi de Pirri/Municipalit? di Pirri
9602552064,,,,Sant'Avendrace-Santa Gilla
9602633504,,,,Sant'Avendrace-Santa Gilla
9602633506,,,,Sant'Avendrace-Santa Gilla
9602633507,,,,Sant'Avendrace-Santa Gilla
9602633509,,,,Sant'Avendrace-Santa Gilla
9602657023,Strada Statale 195 var Sulcitana,,,Sant'Avendrace-Santa Gilla
9602657026,Strada Statale 195 var Sulcitana,,,Sant'Avendrace-Santa Gilla
9602657027,Strada Statale 195 var Sulcitana,,,Sant'Avendrace-Santa Gilla
9602657044,Strada Statale 195 var Sulcitana,,,Sant'Avendrace-Santa Gilla
9602657052,Strada Statale 195 var Sulcitana,,,Sant'Avendrace-Santa Gilla
9602657054,Strada Statale 195 var Sulcitana,,,Sant'Avendrace-Santa Gilla
9602657055,Strada Statale 195 var Sulcitana,,,Sant'Avendrace-Santa Gilla
9602693155,Strada Statale 195 var Sulcitana,,,Sant'Avendrace-Santa Gilla
9602693156,Strada Statale 195 var Sulcitana,,,Sant'Avendrace-Santa Gilla
9602693157,Strada Statale 195 var Sulcitana,,,Sant'Avendrace-Santa Gilla
9602719626,,,,Sant'Avendrace-Santa Gilla
9602777520,Strada Statale 195 var Sulcitana,,,Sant'Avendrace-Santa Gilla
9602777524,Strada Statale 195 var Sulcitana,,,Sant'Avendrace-Santa Gilla
9602777525,Strada Statale 195 var Sulcitana,,,Sant'Avendrace-Santa Gilla
9602777526,Strada Statale 195 var Sulcitana,,,Sant'Avendrace-Santa Gilla
9602777527,Strada Statale 195 var Sulcitana,,,Sant'Avendrace-Santa Gilla
9602777530,Strada Statale 195 var Sulcitana,,,Sant'Avendrace-Santa Gilla
9602777531,Strada Statale 195 var Sulcitana,,,Sant'Avendrace-Santa Gilla
9602777532,Strada Statale 195 var Sulcitana,,,Sant'Avendrace-Santa Gilla
9602777533,Strada Statale 195 var Sulcitana,,,Sant'Avendrace-Santa Gilla
9602777565,Strada Statale 195 var Sulcitana,,,Sant'Avendrace-Santa Gilla
9603183368,Via Gerolamo Fracastoro,,,Monte Mixi
9603183372,Via Gerolamo Fracastoro,,,Monte Mixi
9603355733,Piazza San Bartolomeo,,,Borgo Sant'Elia
9603355737,Piazza San Bartolomeo,,,Borgo Sant'Elia
9605879816,Via Nuoro,82,,Bonaria
9609534624,Via Diego Gregorio Cadello,,,Is Mirrionis
9612717278,Via La Palma,,,La Palma
9613118941,Viale Elmas,65,,Sant'Avendrace-Santa Gilla
9613118945,Via Giulio Dolcetta,2,,Sant'Avendrace-Santa Gilla
9613118946,Via Giulio Dolcetta,,,Sant'Avendrace-Santa Gilla
9613118947,Via Giulio Dolcetta,,,Sant'Avendrace-Santa Gilla
9620424194,Via dei Carroz,10,,Fonsarda
9620424195,Via dei Carroz,,,Fonsarda
9626084242,Via del Seminario,16b,,Is Mirrionis
9626133220,Via dei Navigatori,,,Nuovo Borgo Sant'Elia
9626133227,,,,Nuovo Borgo Sant'Elia
9626133242,,,,Nuovo Borgo Sant'Elia
9626133256,,,,Borgo Sant'Elia
9626133260,Via dei Navigatori,,,Nuovo Borgo Sant'Elia
9626133293,Via Samuele Utzeri,76,,Nuovo Borgo Sant'Elia
9628737768,Via dei Carroz,24,,Fonsarda
9628737770,Via dei Carroz,24,,Fonsarda
9628737771,Via dei Carroz,24,,Fonsarda
9628737772,Via Santa Maria Chiara,160,,Fonsarda
9628975659,Ex Strada Statale 195 Sulcitana,,,Sant'Avendrace-Santa Gilla
9633343748,,,Is Campus,Municipalidadi de Pirri/Municipalit? di Pirri
9633343751,Via Sergio Montaldo,,Is Campus,Municipalidadi de Pirri/Municipalit? di Pirri
9635285877,Via Telesio,8,,Quartiere Europeo
9635553144,Via Val Venosta,1,,Is Mirrionis
9635553145,Via Brianza,1,,Is Mirrionis
9635553146,Via Brianza,,,Is Mirrionis
9635553147,Via Quirra,,,Is Mirrionis
9635553148,Via Brianza,2,,Is Mirrionis
9635553149,Via Brianza,,,Is Mirrionis
9635553152,Via Brianza,2,,Is Mirrionis
9635553153,Via Brianza,,,Is Mirrionis
9635553154,Via Brianza,,,Is Mirrionis
9635553174,Via Brianza,,,Is Mirrionis
9635553175,Via Brianza,12,,Is Mirrionis
9635553178,Via Val Venosta,1,,Is Mirrionis
9635553179,Via Val Venosta,1,,Is Mirrionis
9641095452,Via Costantinopoli,1,,Genneruxi
9642842651,Via Pietro e Maria Curie,,,Monte Mixi
9642842654,Via Pietro e Maria Curie,,,Monte Mixi
9642842655,Via Generale Stefano Cagna,11a,,Monte Mixi
9642842658,Via Pietro e Maria Curie,,,Monte Mixi
9642842664,Via Generale Stefano Cagna,56,,Monte Mixi
9642842667,Via Generale Stefano Cagna,29,,Monte Mixi
9651930107,Via Platone,8,Monreale,Municipalidadi de Pirri/Municipalit? di Pirri
9651930110,Via Platone,6,Monreale,Municipalidadi de Pirri/Municipalit? di Pirri
9656031140,Terrazza Umberto I,,,Castedd'e susu/Castello
9660889891,Via Giuseppe Brotzu,,,Mulinu Becciu
9666773081,Viale Poetto,103,,Poetto-Medau su Cramu
9666773082,Viale Poetto,103,,Poetto-Medau su Cramu
9666773083,Viale Poetto,107,,Poetto-Medau su Cramu
9666773084,Viale Poetto,,,Poetto -Medau su Cramu
9666773085,Viale Poetto,,,Poetto-Medau su Cramu
9666773087,Viale Poetto,117,,Poetto-Medau su Cramu
9666773088,Viale Poetto,117,,Poetto-Medau su Cramu
9666773089,Viale Poetto,125,,Poetto-Medau su Cramu
9666773090,Viale Poetto,125,,Poetto-Medau su Cramu
9666773091,Viale Poetto,131,,Poetto-Medau su Cramu
9666773093,Viale Poetto,135,,Poetto-Medau su Cramu
9666773095,Viale Poetto,137,,Poetto-Medau su Cramu
9683257668,Via Serbariu,50,,Is Mirrionis
9683257677,Via Giovanni Cinquini,12,,Is Mirrionis
9683257678,Via Bacu Abis,1,,Is Mirrionis
9683257683,Via Enrico Serpieri,6c,,Is Mirrionis
9683257688,Via Ubaldo da Paganello,8c,,Is Mirrionis
9683257689,Via Odimondo Tempanelli,,,Is Mirrionis
9683257699,Via Edward Jenner,,,San Michele
9737745245,Via Cesare Pintus,,Terram?ini - Is Bingias,Municipalidadi de Pirri/Municipalit? di Pirri
9737745249,Via Andrea Vesalio,17,,Quartiere Europeo
9751620889,Via della Fauna,,,Poetto-Medau su Cramu
9751620892,Via della Fauna,,,Poetto-Medau su Cramu
9751650222,Via dei Calafati,,,Stampaxi/Stampace
9751650236,Via San Simone,,,Sant'Avendrace-Santa Gilla
9754226703,,,,Sant'Avendrace-Santa Gilla
9754291531,Via Baldassarre Castiglione,70,,Sant'Alenixedda
9754291532,Via Baldassarre Castiglione,72,,Sant'Alenixedda
9754291534,Via Baldassarre Castiglione,84,,Sant'Alenixedda
9754291535,Via Baldassarre Castiglione,74,,Sant'Alenixedda
9754291548,Via Baldassarre Castiglione,78,,Sant'Alenixedda
9754291549,Via Baldassarre Castiglione,76,,Sant'Alenixedda
9754291550,Via Baldassarre Castiglione,78,,Sant'Alenixedda
9754291551,Via Baldassarre Castiglione,72,,Sant'Alenixedda
9754291552,Via Baldassarre Castiglione,66a,,Sant'Alenixedda
9784719946,Vico di Via Lodovico Baylle,,,Lapola/Marina
9784719947,,,,Stampaxi/Stampace
9784719948,Via Santa Margherita,,,Stampaxi/Stampace
9796640407,Viale Armando Diaz,,,Bonaria
9796640416,Viale Armando Diaz,,,Bonaria
9796684617,Viale Armando Diaz,,,Bonaria
9796684618,Viale Armando Diaz,,,Bonaria
9796684619,Viale Armando Diaz,,,Bonaria
9796684621,Viale Armando Diaz,225,,Bonaria
9796684622,Viale Armando Diaz,,,Bonaria
9796684624,Viale Armando Diaz,223,,Bonaria
9796684626,Piazza Marco Polo,10,,Bonaria
9796684631,Viale Armando Diaz,,,Bonaria
9796684633,Viale Armando Diaz,,,Bonaria
9796684637,Viale Armando Diaz,,,Bonaria
9796684640,Viale Armando Diaz,,,Bonaria
9796699437,Passeggiata di via Roma,,,Lapola/Marina
9798355978,Via Milano,107,,Bonaria
9798355983,Via Firenze,31,,Bonaria
9806799335,Molo della Sanit?,,,Lapola/Marina
9806799354,Calata Azuni,,,Lapola/Marina
9806823047,Via Molo Sant'Agostino,,,Stampaxi/Stampace
9806823048,Passeggiata del porto,,,Stampaxi/Stampace
9806823076,Calata Azuni,,,Stampaxi/Stampace
9806823082,Calata Azuni,,,Stampaxi/Stampace
9806823086,Calata Azuni,,,Stampaxi/Stampace
9817050852,Piazza Papa Paolo Sesto,,,Bonaria
9820770256,Viale Monastir,118,,Sant'Avendrace-Santa Gilla
9868808518,Via Baldassarre Castiglione,109,,Fonsarda
9868808534,Via Baldassarre Castiglione,49,,Fonsarda
9920312253,Via Camillo Benso Conte di Cavour,14,,Lapola/Marina
9921439442,Viale Poetto,101,,Poetto-Medau su Cramu
9921455694,Viale Poetto,294,,Poetto-Medau su Cramu
9921455695,Viale Poetto,294,,Poetto-Medau su Cramu
9921455696,Viale Poetto,133,,Poetto-Medau su Cramu
9921455697,Viale Poetto,302,,Poetto-Medau su Cramu
9921455698,Viale Poetto,302,,Poetto-Medau su Cramu
9921455699,Viale Poetto,145,,Poetto-Medau su Cramu
9921455703,Viale Poetto,129,,Poetto-Medau su Cramu
9922081167,Via Giuseppe Brotzu,,,Mulinu Becciu
9922081171,Via Giuseppe Peretti,,,San Michele
9922114723,Via Fratelli Falletti,1,,Is Mirrionis
9922114736,Via La Nurra,55,,Is Mirrionis
9949070584,Piazza San Bartolomeo,,,Borgo Sant'Elia
9949070585,Via Vergine di Lluc,7,,Borgo Sant'Elia
9949070586,Via Vergine di Lluc,1,,Borgo Sant'Elia
9949070587,Via Vergine di Lluc,5,,Borgo Sant'Elia
9949070588,Via Vergine di Lluc,,,Borgo Sant'Elia
9949070591,Piazza San Bartolomeo,6,,Borgo Sant'Elia
9949070593,Via Vergine di Lluc,,,Borgo Sant'Elia
9949070597,Via Vergine di Lluc,,,Borgo Sant'Elia
9949070600,Via Vergine di Lluc,,,Borgo Sant'Elia
9949070601,Viale Poetto,13,,Borgo Sant'Elia
9949070602,Via Vergine di Lluc,,,Borgo Sant'Elia
9949070603,Viale Poetto,13,,Borgo Sant'Elia
9949070604,Viale Poetto,13,,Borgo Sant'Elia
9966846104,,,,Sant'Avendrace-Santa Gilla
9966846105,,,,Sant'Avendrace-Santa Gilla
9966846106,,,,Sant'Avendrace-Santa Gilla
9966846109,,,,Sant'Avendrace-Santa Gilla
9995183772,Via Angelo Garau,,Is Campus,Municipalidadi de Pirri/Municipalit? di Pirri
9995183774,Via Giuseppe Sanna Salaris,8,Is Campus,Municipalidadi de Pirri/Municipalit? di Pirri
