node_id,lat,lon,capability_restorativeness,service_sport_and_movement,service_scenic_views,service_quietness,service_cultural_activities,service_nature_contact
302132234,39.2292882,9.1175257,0.9975949184504327,0.9965214771669216,0.9975949184504327,0.9948416169385726,0.838297660291045,0.9975949184504327
302132236,39.2291335,9.1175852,0.9976826316249748,0.9965397298231345,0.9976826316249748,0.9947553490468529,0.8383247815823357,0.9976826316249748
302132288,39.2283383,9.1189444,0.9992120794047413,0.9978748788520757,0.9992120794047413,0.9959659117268217,0.8394322245353655,0.9992120794047413
302132296,39.2285978,9.1194637,0.9993965206471414,0.9979807072888894,0.9993965206471414,0.9956677247901757,0.8395011681286526,0.9993965206471414
302132298,39.2286836,9.1199547,0.9995269692646087,0.9982879433605942,0.9995269692646087,0.9961618289923905,0.8395577051892352,0.9995269692646087
302132358,39.2317197,9.1213274,0.9994084191091975,0.998631921521929,0.9994084191091975,0.9949312417377782,0.8374317450694091,0.9994084191091975
302132369,39.2303252,9.1237424,0.9997009758267248,0.9990463624204465,0.9997009758267248,0.9919647200224133,0.8369916438141662,0.9997009758267248
302132399,39.2297265,9.1250813,0.9998311950045835,0.9991440578954648,0.9998311950045835,0.9912161382726147,0.8365335058251999,0.9998311950045835
302742075,39.2180559,9.118354,0.9945567229099858,0.9890488886910309,0.9945567229099858,0.9890638440571717,0.8381609477371946,0.9945567229099858
302742076,39.2188038,9.1185188,0.996918841395617,0.993437259760771,0.996918841395617,0.9908082134096396,0.8380659575351326,0.996918841395617
302742078,39.2200787,9.1188178,0.9967239205084104,0.9944532697118792,0.9967239205084104,0.9897164855138535,0.8372389678988186,0.9967239205084104
302742079,39.2201757,9.1188457,0.9968102881927162,0.9945809689814408,0.9968102881927162,0.989722743876525,0.8373109743909818,0.9968102881927162
302742080,39.2204701,9.1189974,0.9971383723211518,0.9949653539582282,0.9971383723211518,0.9898156867085449,0.8376059287801254,0.9971383723211518
302742081,39.2206294,9.1190746,0.9971539429264188,0.99526767105743,0.9971539429264188,0.9897722990635935,0.8375933232766218,0.9971539429264188
302742083,39.2216228,9.1196063,0.9976964976250706,0.9957524240234455,0.9976964976250706,0.9889496353309105,0.8383044768355978,0.9976964976250706
302742084,39.2222477,9.1198262,0.9971911882672488,0.9955775919713424,0.9971911882672488,0.9865790601563119,0.8379909077759693,0.9971911882672488
302742085,39.2240302,9.1199475,0.9988960217461881,0.9968965950592141,0.9988960217461881,0.9905093299686362,0.8393167179861871,0.9988960217461881
302742086,39.2248733,9.1199336,0.9993347583643393,0.9963983499794546,0.9993347583643393,0.9915720603406634,0.8396626946321107,0.9993347583643393
302742087,39.2256242,9.1197405,0.9981765190468727,0.9966216897141261,0.9981765190468727,0.9924459042815742,0.838707763964075,0.9981765190468727
302742088,39.226978,9.1199316,0.9992785930609837,0.9967151480419499,0.9992785930609837,0.992079397939369,0.8396377696418544,0.9992785930609837
302742310,39.2380291,9.131027,0.9988358815242868,0.9988358815242868,0.9957064259881393,0.9943523939620754,0.8266545435162708,0.9957064259881393
302742311,39.2296979,9.1263537,0.9997379862116073,0.9992989890843701,0.9997379862116073,0.9920338111117767,0.8347351808103208,0.9997379862116073
302742312,39.2288864,9.1227978,0.9998142210051871,0.9985470653136332,0.9998142210051871,0.9929309068874508,0.8393402173146556,0.9998142210051871
302742313,39.2306375,9.1231039,0.9997265872296589,0.9990093527733486,0.9997265872296589,0.992601728906119,0.8376745822758922,0.9997265872296589
302742314,39.2301959,9.1228978,0.9997455692789013,0.9987175470935964,0.9997455692789013,0.9921576476370402,0.8382682348044148,0.9997455692789013
302742315,39.2289842,9.1228544,0.999805618274022,0.9985220916300596,0.999805618274022,0.9928955966593759,0.8393280000607308,0.999805618274022
302742316,39.2286282,9.1227871,0.9998216877500212,0.9984901811381395,0.9998216877500212,0.9930055653074932,0.8394021750927839,0.9998216877500212
302742321,39.2272961,9.1189266,0.9990367141853065,0.9955627995781576,0.9990367141853065,0.9919333083535178,0.8391914611704564,0.9990367141853065
302742322,39.2267545,9.1191377,0.998514270162568,0.9948129592378868,0.998514270162568,0.9904936404419404,0.8388408260363699,0.998514270162568
302742339,39.2268243,9.1259347,0.9995141077098394,0.99903465582457,0.9995141077098394,0.9871979219376059,0.8386190262914848,0.9995141077098394
302742341,39.2267483,9.1266628,0.9991205031837864,0.9984015737845764,0.9991205031837864,0.9820565247689805,0.8384729582308044,0.9991205031837864
302742343,39.2266785,9.1278563,0.9986790831686854,0.9986790831686854,0.9982794407321279,0.9818907070050131,0.8367942078065359,0.9982760898201652
302742346,39.2266685,9.1281603,0.9976673654121277,0.9976673654121277,0.9972081436891576,0.9783852651151678,0.8367038948084055,0.9971613949187086
302742348,39.2263786,9.128921,0.998238244652398,0.998238244652398,0.9975495330051255,0.9790662042211355,0.8369839710135699,0.9975495330051255
302742349,39.2259076,9.129914,0.9985308532975421,0.9985308532975421,0.9970078667413125,0.9790221470450984,0.836153725449674,0.9970078667413125
302742350,39.2241451,9.127589,0.9970426881732036,0.9968690753314947,0.9970426881732036,0.9765832928799747,0.8365867134250271,0.9970426881732036
302742351,39.2254356,9.1283599,0.9983919147784039,0.9983919147784039,0.9981643718387487,0.9786670250520655,0.8380564321647362,0.9981643718387487
302742352,39.2274377,9.1297987,0.9982984284822469,0.9982984284822469,0.998091075818454,0.9833945239349087,0.8354552996567057,0.998091075818454
302742353,39.2290392,9.1311235,0.9995172721606282,0.9995172721606282,0.9989769334729364,0.9871077639236727,0.8323261067133083,0.9989769334729364
302742354,39.2310992,9.1328221,0.9990987300351198,0.9990987300351198,0.9970278361484699,0.9815462523623224,0.8226456652003223,0.9970278361484699
301811628,39.244023,9.1226626,0.9953971418005604,0.9953971418005604,0.9953229811004363,0.9900859057599232,0.8202268430797738,0.9953229811004363
301811629,39.2442715,9.1232845,0.9952677985253195,0.9952677985253195,0.9949715810276574,0.9905387658774428,0.8220927484882756,0.9949715810276574
301811633,39.2444999,9.1239387,0.9956782014583827,0.9956782014583827,0.9951098425534712,0.9913330996210693,0.8242031675048542,0.9951098425534712
301811634,39.2448363,9.1251729,0.9947319314115431,0.9946556425396554,0.9947319314115431,0.9912027047523305,0.8240023873984297,0.9947319314115431
301811635,39.2450355,9.1257269,0.9941503640394175,0.9936337779439152,0.9941503640394175,0.9908126506778376,0.8238955305127224,0.9941503640394175
301811636,39.2452893,9.1265641,0.9933322517233601,0.9927759363732525,0.9933322517233601,0.9901012980968414,0.8237964575244807,0.9933322517233601
301811637,39.2454523,9.1272441,0.9952421998775813,0.9947125933447404,0.9952421998775813,0.9937975467606303,0.8311752236099796,0.9952421998775813
301811641,39.2373688,9.1247952,0.9971383875085995,0.997095719754896,0.9971383875085995,0.9940697341730864,0.8285220765156192,0.9971383875085995
301811642,39.2385873,9.125298,0.9964568248980944,0.9949838012930393,0.9964568248980944,0.9939012214072674,0.8268329328426054,0.9964568248980944
301811643,39.2386216,9.1253119,0.9964533638819733,0.9943944042371753,0.9964533638819733,0.9939157218506354,0.8268377123981538,0.9964533638819733
301811644,39.2395169,9.1255975,0.9960288794413289,0.9942416022193112,0.9960288794413289,0.9952118881863198,0.8285335003481286,0.9960288794413289
301811645,39.2399364,9.1256911,0.9956813192234077,0.9942262610432747,0.9956813192234077,0.9954881457794655,0.8292832677277632,0.9956813192234077
301811689,39.2402947,9.1257687,0.99535748566817,0.9938423424905732,0.99535748566817,0.9952977927798359,0.828994288639105,0.99535748566817
301811691,39.2410177,9.1259766,0.995439833922034,0.9937645309911632,0.9944118513792429,0.995439833922034,0.8299485002974191,0.9944118513792429
301811694,39.2414,9.1262254,0.9944477068481276,0.9939377586625068,0.991425063580354,0.9944477068481276,0.8292298655747581,0.991425063580354
301811696,39.2420166,9.1266628,0.9904603968455366,0.9875516267641314,0.9899929432768406,0.9904603968455366,0.8256728105045229,0.9899929432768406
301811698,39.242416,9.1269339,0.9913422601124687,0.9884411203480656,0.9909873717723475,0.9913422601124687,0.8271283192747266,0.9909873717723475
301811701,39.2437599,9.1278774,0.9931443462063339,0.9912989478592614,0.9931021740763015,0.9931443462063339,0.8298497958179398,0.9931021740763015
301811703,39.2446849,9.1282828,0.9952979571486045,0.9935757586874814,0.9952979571486045,0.9943060374895821,0.831443479147245,0.9952979571486045
301811704,39.2453307,9.128718,0.9960943857118802,0.9950476821448198,0.9960943857118802,0.9949827741806964,0.832483416764445,0.9960943857118802
302743015,39.2210276,9.1353165,0.9986117628019756,0.9959271982737145,0.9986117628019756,0.9585360767917322,0.8140441507829632,0.9986117628019756
302743018,39.222567,9.1369934,0.9976527076733986,0.9971943930994297,0.9976527076733986,0.9546301687500494,0.8112632217958994,0.9976527076733986
302743020,39.2231529,9.1380942,0.996184547856452,0.9955801667702234,0.996184547856452,0.9501047077846707,0.8050897784056407,0.996184547856452
302743027,39.224279,9.1350176,0.9991270641657253,0.9991270641657253,0.9984852069262453,0.9597170295507729,0.82169121377489,0.9984852069262453
302743029,39.2259189,9.1338855,0.9997170734200038,0.9997170734200038,0.9968303245145632,0.9617615150060127,0.8219669957434234,0.9968303245145632
302743031,39.2254488,9.1356802,0.9996686010295842,0.9996686010295842,0.9958747827437634,0.9595184650777641,0.8130467152318105,0.9958747827437634
302743032,39.225546,9.1365446,0.9994348832861563,0.9994348832861563,0.9948322711644177,0.9562467851669517,0.8069798773305498,0.9948322711644177
302743034,39.2256373,9.1372283,0.9991517593271103,0.9991517593271103,0.9943954281293472,0.9536154619544869,0.8029782693739799,0.9943954281293472
302743037,39.2262208,9.1354465,0.9998238937979667,0.9998238937979667,0.996145258368627,0.9627966964628074,0.815985319153364,0.996145258368627
302743045,39.2261141,9.1363937,0.999119725358357,0.999119725358357,0.9937328725569502,0.9534410477021101,0.8027346705239069,0.9937328725569502
302743046,39.224945,9.1366204,0.9991169285497765,0.9991169285497765,0.9942905175314729,0.9533333020223126,0.8048794920874149,0.9942905175314729
302743050,39.2232639,9.1348489,0.9978616442741841,0.9972899505492511,0.9978616442741841,0.9554130059473567,0.8103881426711258,0.9978616442741841
302743052,39.2226705,9.1350764,0.998415798279051,0.9977924991837825,0.998415798279051,0.9586588028848323,0.8139027417971585,0.998415798279051
302743068,39.2266205,9.135306,0.9998734245122556,0.9998734245122556,0.9958944789640857,0.9637401672334625,0.8145066044814036,0.9958944789640857
302743069,39.2274395,9.1350657,0.9998870069086804,0.9998870069086804,0.9959973880075623,0.9658884882607225,0.8123245519005462,0.9959973880075623
302743070,39.2278407,9.1346482,0.9999147686347332,0.9999147686347332,0.9966728316170466,0.9672498735257181,0.8106783809396432,0.9966728316170466
302743071,39.2282322,9.1342705,0.9998741849000957,0.9998741849000957,0.9964555057361224,0.9662296288233695,0.8086302227401805,0.9964555057361224
302743072,39.2286317,9.1338352,0.9997849125249476,0.9997849125249476,0.9964557943364988,0.9651862194522933,0.8066367965963875,0.9964557943364988
302743073,39.2293294,9.1347845,0.9998238832335317,0.9998238832335317,0.9983228067168228,0.9748904739484839,0.8174983394508881,0.9983228067168228
302743074,39.2289742,9.1352434,0.999842473664599,0.999842473664599,0.9980531661607958,0.9729818730139193,0.8148800078952734,0.9980531661607958
302742443,39.2086117,9.1329013,0.9980963331471451,0.9980963331471451,0.9977372691508998,0.9611849715253155,0.8289732532211426,0.9977372691508998
302742444,39.2081475,9.1334922,0.9986677744928627,0.9986677744928627,0.9974613508548658,0.9606428448320912,0.8295479124614499,0.9974613508548658
302742445,39.2075549,9.1341477,0.9991435311079059,0.9991435311079059,0.9972668319447345,0.9615926633770341,0.8310700082907974,0.9972668319447345
302742446,39.2138348,9.1284708,0.99959587149052,0.99959587149052,0.9984177212609759,0.9765894319221299,0.834886287591519,0.9984177212609759
302742447,39.2137882,9.1288258,0.9990017411001364,0.9990017411001364,0.9981633447075343,0.9717669598027296,0.8324397465497689,0.9981633447075343
302742450,39.2208873,9.13079,0.9991029522840194,0.997568220958684,0.9991029522840194,0.970841951666562,0.8284549680088031,0.9991029522840194
302742451,39.2208718,9.1313399,0.9990105894996902,0.9973985465895482,0.9990105894996902,0.9692000570480056,0.8263674461803029,0.9990105894996902
302742454,39.221479,9.1324135,0.9977636612535818,0.9966965336615576,0.9977636612535818,0.9657918201385275,0.8257270877417506,0.9977636612535818
302742457,39.2217878,9.1328433,0.9963282615919494,0.9952695826497308,0.9963282615919494,0.9615171369215416,0.8216581242550766,0.9963282615919494
302742459,39.2221014,9.1332584,0.9953267812207239,0.9943767934747321,0.9953267812207239,0.9592708902117424,0.8194193177778158,0.9953267812207239
302742461,39.2214738,9.1313693,0.9977406372321064,0.9962358116610253,0.9977406372321064,0.9642124607956398,0.822419515824918,0.9977406372321064
302742464,39.2221726,9.1303404,0.9982706682253286,0.9973877838776295,0.9982706682253286,0.9696185487348183,0.8309432064010274,0.9982706682253286
302742466,39.2221536,9.1313826,0.9972738499204788,0.9964238604076763,0.9972738499204788,0.9657147921406095,0.8278695008186273,0.9972738499204788
302742468,39.2222593,9.1314956,0.9972628591890604,0.9963136251093271,0.9972628591890604,0.9661159833360623,0.828334605783095,0.9972628591890604
302742470,39.2225564,9.1319281,0.9963199395528178,0.9960066538702296,0.9963199395528178,0.9642745797140877,0.826878349886598,0.9963199395528178
302742471,39.2228059,9.1322696,0.9953852525198714,0.9951968017077347,0.9953852525198714,0.9624958285424549,0.8253689665094597,0.9953852525198714
302742475,39.2211413,9.1328133,0.997023245663586,0.9958584147634904,0.997023245663586,0.9637712461498004,0.8234785300622676,0.997023245663586
302742477,39.2204593,9.1321416,0.9954052818125139,0.99427970163284,0.9954052818125139,0.9592878674443673,0.8173022743395081,0.9954052818125139
302742479,39.2208298,9.133218,0.9960930481088077,0.9950248149206753,0.9960930481088077,0.9616158739705994,0.8214091086908177,0.9960930481088077
302742889,39.2127471,9.1281904,0.9998561427117619,0.9998561427117619,0.9976193124248762,0.9771015040431926,0.8355431782390896,0.9976193124248762
291585173,39.1984338,9.1434803,0.997227150824523,0.996996436830363,0.997227150824523,0.9142034521482869,0.8143124124723455,0.997227150824523
291585174,39.1983901,9.1436427,0.9973039140336554,0.9969829059664714,0.9973039140336554,0.9145242936895371,0.8147196625226679,0.9973039140336554
291585177,39.1986818,9.1434501,0.9971064738588422,0.9969656498023641,0.9971064738588422,0.9133785404755582,0.8135006620325114,0.9971064738588422
291585264,39.1984865,9.1438407,0.9972442393128744,0.9970091084734921,0.9972442393128744,0.9150698962106771,0.8146601542144194,0.9972442393128744
291585356,39.1937099,9.0593134,0.9999999967674676,0.5809526181731592,0.9999999967674676,0.46468699682224374,0.3995968858283806,0.9999999967674676
291585359,39.2226536,9.0570428,0.9968162028082136,0.5458640587571524,0.9968162028082136,0.314817244233348,0.25421097146767546,0.9968162028082136
291585364,39.2124102,9.114381,0.9952811557918118,0.9904150676557516,0.9952811557918118,0.9931764891286357,0.8381387688103142,0.9952811557918118
291585367,39.2035828,9.128644,0.9982933673706793,0.9982933673706793,0.9879738732251265,0.9214543407814052,0.8017707809007175,0.9879738732251265
291585368,39.2025624,9.1305152,0.9951106355772804,0.9951106355772804,0.9774040655870833,0.8952286431382229,0.788951905080063,0.9774040655870833
291585531,39.1677057,9.0333197,0.9999999967674676,0.5809526181731592,0.9999999967674676,0.46468699682224374,0.3995968858283806,0.9999999967674676
291719654,39.2161269,9.1097041,0.9943170373755063,0.9943170373755063,0.9909575741448959,0.9885595071217782,0.8374836630560841,0.9908765365603355
291719655,39.2168847,9.108506,0.99466157869888,0.99466157869888,0.989102537482455,0.9861634943668204,0.8362884750008592,0.9887318677076071
291927171,39.2222841,9.0819136,0.9999999967674676,0.5809526181731592,0.9999999967674676,0.46468699682224374,0.3995968858283806,0.9999999967674676
291927208,39.2260146,9.0688677,0.992768272978307,0.5310591834783125,0.992768272978307,0.27525339802678406,0.27253142392908053,0.992768272978307
291927212,39.2150086,9.0892804,0.9999999967674676,0.5809526181731592,0.9999999967674676,0.46468699682224374,0.3995968858283806,0.9999999967674676
291927274,39.2263743,9.0725273,0.9917612173154857,0.5330268365569291,0.9917612173154857,0.2796466249792988,0.2660439916580446,0.9917612173154857
291927286,39.2158059,9.0549816,0.9999999967674676,0.5809526181731592,0.9999999967674676,0.46468699682224374,0.3995968858283806,0.9999999967674676
291927343,39.2222729,9.0561955,0.9990231426659598,0.5315714838854675,0.9990231426659598,0.28412907213915267,0.30074144399804514,0.9990231426659598
291927360,39.218199,9.0541715,0.9999999967674676,0.5809526181731592,0.9999999967674676,0.46468699682224374,0.3995968858283806,0.9999999967674676
291927473,39.2211747,9.0969283,0.9660263080440791,0.9644054612883212,0.9660263080440791,0.9212225139092687,0.742803629598354,0.9660263080440791
31498899,39.2601203,9.1018122,0.8936045538353335,0.8529510990430188,0.8936045538353335,0.6511172199141275,0.5043619476317277,0.8936045538353335
31498915,39.2615302,9.0898185,0.9730485930274296,0.9230801144736701,0.9730485930274296,0.7796192808635961,0.6071207098117195,0.9730485930274296
31498927,39.2594743,9.084083,0.9744898390609187,0.9337152157127617,0.9744898390609187,0.8380295292748523,0.6630729524238265,0.9744898390609187
86103292,39.2112981,9.1040352,0.9896858068785631,0.9896858068785631,0.9777134095168922,0.9478934190762269,0.8192299124733554,0.9747129911788401
259877016,39.2075255,9.1242555,0.9987032162970718,0.9987032162970718,0.9887648544611265,0.9793757508214233,0.83601547190653,0.9887648544611265
265659800,39.2156971,9.1711803,0.9879817939478038,0.9443856171785845,0.9879817939478038,0.7611515418396034,0.665468487824904,0.9879817939478038
265659808,39.2154775,9.1703205,0.9902244629130039,0.9540685708615293,0.9902244629130039,0.7763724765173232,0.6828039391191757,0.9902244629130039
265659831,39.2152131,9.1705792,0.9897939008597502,0.951136991226143,0.9897939008597502,0.7701409548286136,0.6758990971680493,0.9897939008597502
265659839,39.2153738,9.1711811,0.9888607548878728,0.9509541850841993,0.9888607548878728,0.770805225299501,0.6743140861245251,0.9888607548878728
265659926,39.1947553,9.1571858,0.9964576734543173,0.9911726691275868,0.9966114945182184,0.8706304600299258,0.8087470633131605,0.9958423891987134
265659937,39.1958712,9.1523306,0.9984597467811558,0.993756360624518,0.9984597467811558,0.8923315389409993,0.8089511232712528,0.9984597467811558
265659939,39.198839,9.1469441,0.9975521000187207,0.9975521000187207,0.9974975547796067,0.9123210761461408,0.8147322441316356,0.9974975547796067
265659941,39.2016068,9.141998,0.9998557041848151,0.9998557041848151,0.9989124738357951,0.9306017516146029,0.8263096540106036,0.9989124738357951
265659944,39.2036548,9.1400932,0.9995808593254337,0.9995808593254337,0.9942236543696342,0.9361842596924049,0.8264939786159174,0.9942236543696342
265659946,39.2046783,9.1385891,0.9999792319635291,0.9999792319635291,0.9964267099283679,0.944642553358108,0.8296956337122627,0.9964267099283679
265659953,39.2052586,9.1328651,0.9999108310991184,0.9999108310991184,0.9921024909014159,0.9573523624302651,0.8287893501530647,0.9921024909014159
265659960,39.2054519,9.1309992,0.9992617774739514,0.9992617774739514,0.9938041995687878,0.9628010630069317,0.8296486239648683,0.9938041995687878
265664433,39.2096379,9.1230532,0.9997409501254448,0.9997409501254448,0.9921318746718095,0.9852281664807521,0.8380902228627838,0.9921318746718095
265669519,39.2156489,9.1091734,0.995614016470769,0.995614016470769,0.9947130611327015,0.9936037216384348,0.8387423205871823,0.9947130611327015
265669552,39.2201679,9.10366,0.9918076194323067,0.9918076194323067,0.9899062032484998,0.9887389272066243,0.8348742370109863,0.9899062032484998
302742228,39.2285154,9.1263456,0.9998433484618632,0.9995022980033141,0.9998433484618632,0.9908531684836077,0.8362056157279205,0.9998433484618632
302742229,39.228512,9.127821,0.9997513486995103,0.9997104450825558,0.9997513486995103,0.9903047870069122,0.8358645091556822,0.9997513486995103
302742230,39.2304003,9.1217807,0.9995846920807738,0.9983516783487364,0.9995846920807738,0.9926505037502766,0.8373079657570182,0.9995846920807738
302742231,39.2310446,9.122263,0.9996139372156361,0.9988555412010395,0.9996139372156361,0.9936061743593254,0.8370512207836744,0.9996139372156361
302742232,39.2316842,9.1227967,0.9995726404022142,0.9986953360177777,0.9995726404022142,0.9923230628917186,0.8358681741333673,0.9995726404022142
302742233,39.2320988,9.1231731,0.999576849243749,0.9987923509702223,0.999576849243749,0.9917805197556272,0.834962559778738,0.999576849243749
302742234,39.2327514,9.123766,0.9994984777052756,0.9989088108918069,0.9994984777052756,0.9910877746677627,0.8335924765146463,0.9994984777052756
302742235,39.2332124,9.124206,0.9994337337211133,0.9989536993473964,0.9994337337211133,0.989789958785006,0.8322895629136967,0.9994337337211133
302742236,39.2339021,9.1247681,0.9992545037785285,0.9990079027162364,0.9992545037785285,0.9906199584903809,0.8306121329167646,0.9992545037785285
302742237,39.2317608,9.1282217,0.9996138218145157,0.9995747008776701,0.9996138218145157,0.9912154765142978,0.8294078644210378,0.9996138218145157
302742239,39.2331489,9.1261387,0.9991696998777926,0.9991696998777926,0.9990109556657288,0.9904074511956288,0.8275134337700879,0.9990109556657288
302742240,39.2342303,9.1241033,0.9989049603976253,0.998781275098178,0.9989049603976253,0.9906187905407556,0.8307674982757703,0.9989049603976253
302742241,39.2341882,9.1267055,0.9984899940593808,0.9984899940593808,0.9984223660405033,0.9889429022184048,0.8235747452485487,0.9984223660405033
302742244,39.2340599,9.1280073,0.998326537121152,0.9982916536528045,0.998326537121152,0.9887026003745963,0.8211778128542236,0.998326537121152
302742246,39.2333717,9.1276701,0.9987267039983011,0.9987267039983011,0.9986145396767152,0.9890351779290326,0.8221796319723709,0.9986145396767152
302742247,39.2326744,9.1272846,0.9987027092800685,0.9985127322303985,0.9987027092800685,0.9893909622358652,0.8229944649727461,0.9987027092800685
302742248,39.232926,9.1289072,0.9993777773621709,0.9993777773621709,0.999117240715675,0.9898204671093646,0.8262025058603741,0.999117240715675
302742249,39.2350055,9.1248767,0.9983356077000249,0.9979470109688895,0.9983356077000249,0.9893289196633965,0.8251296945605181,0.9983356077000249
302742250,39.2346306,9.125728,0.998657967107763,0.9984692220946907,0.998657967107763,0.9904827773802356,0.8263589118310709,0.998657967107763
302742251,39.2337047,9.1251381,0.99912493912467,0.9990872896578622,0.99912493912467,0.9907041460394118,0.8299685646802356,0.99912493912467
301802541,39.2126608,9.1191813,0.9978778759511399,0.9978778759511399,0.9946260814497053,0.9908689902250805,0.8381791682866284,0.9946260814497053
301802545,39.2116998,9.1202564,0.9985901360382439,0.9985901360382439,0.9932985785171529,0.9886987157952439,0.8380537545011189,0.9932985785171529
301802551,39.210899,9.1199113,0.9987714554176869,0.9987714554176869,0.9932736792288088,0.9904618338362572,0.8383728286184844,0.9932736792288088
301802557,39.2135178,9.119291,0.9978683878905403,0.9978683878905403,0.9972329192255752,0.9935079476935031,0.8393712650326262,0.9972329192255752
301802559,39.2134824,9.1192487,0.9978683978479032,0.9978683978479032,0.997031213286572,0.9930276015576254,0.8392648594682673,0.997031213286572
301802561,39.2133366,9.1192806,0.9980450464490881,0.9980450464490881,0.9969728373533348,0.9929802324584068,0.8392809190500617,0.9969728373533348
301802563,39.2133105,9.1193953,0.9981486894293307,0.9981486894293307,0.9968901279992007,0.99294167658372,0.8392876913464535,0.9968901279992007
301802572,39.2142317,9.1186959,0.997541273171325,0.9974971432947085,0.997541273171325,0.9940329781717024,0.8394251801268379,0.997541273171325
301802648,39.2148483,9.1177762,0.9982666320759465,0.9954363471074091,0.9982666320759465,0.9949806002875812,0.8393702021727868,0.9982666320759465
301802664,39.2153186,9.1174533,0.9978776044679766,0.994120450582723,0.9978776044679766,0.9943357912265768,0.8392403544008172,0.9978776044679766
301802688,39.2154426,9.1185254,0.9975389224342526,0.9943836924571361,0.9975389224342526,0.9928384572513245,0.8390603162770002,0.9975389224342526
301802689,39.2158787,9.1188836,0.9975635927498026,0.9952164043625915,0.9975635927498026,0.9930559496848591,0.8391238489964534,0.9975635927498026
301802692,39.2157823,9.1196718,0.9973777366038733,0.9962990757210212,0.9973777366038733,0.9918102717155575,0.8389366941494856,0.9973777366038733
301802693,39.2151818,9.1193046,0.9969365728621924,0.9941400830702997,0.9969365728621924,0.9916175607089229,0.8389037660626307,0.9969365728621924
301802694,39.2158036,9.1194748,0.9974724957166555,0.9960849552178364,0.9974724957166555,0.9921089613386773,0.8390515455406323,0.9974724957166555
301802695,39.2170894,9.1202233,0.9961960338441603,0.9947114703808003,0.9961960338441603,0.9898083021239406,0.8383878805217315,0.9961960338441603
301802698,39.21749,9.1204915,0.995426084774437,0.9924374286757067,0.995426084774437,0.9887296901070538,0.8378941435143269,0.995426084774437
301802700,39.2185075,9.1234782,0.9968268424082622,0.9968268424082622,0.9959235278680695,0.9852428562728844,0.8331044419407337,0.9959235278680695
301806532,39.2195613,9.1219286,0.9960339718577514,0.9960339718577514,0.9956871584518656,0.9887478699256533,0.8367414063529875,0.9956871584518656
301806579,39.2200908,9.1218079,0.9964190193769992,0.9954276965700504,0.9964190193769992,0.988142310947457,0.8374660128734283,0.9964190193769992
265669562,39.2301165,9.0986985,0.9959775974824225,0.9908393328903043,0.9959775974824225,0.989506293236911,0.8288918888783745,0.9959775974824225
265669576,39.232134,9.0978177,0.9956355915833027,0.9926185035462206,0.9956355915833027,0.9902807094699365,0.8285486728858046,0.9956355915833027
265669580,39.2346255,9.097202,0.9930385574407014,0.9930385574407014,0.9896219429001674,0.986141172215138,0.8258681197057524,0.9896219429001674
265669583,39.2371324,9.0969043,0.9946694671222488,0.9946694671222488,0.9905542821662794,0.9871643070193439,0.826708697497159,0.9905542821662794
265669585,39.2412221,9.0967511,0.9918901243236999,0.9918901243236999,0.990725303653025,0.9779767178396607,0.8169642604419827,0.990725303653025
291582984,39.165266,9.0313096,0.9999999967674676,0.5809526181731592,0.9999999967674676,0.46468699682224374,0.3995968858283806,0.9999999967674676
291583004,39.1680752,9.0334175,0.9999999967674676,0.5809526181731592,0.9999999967674676,0.46468699682224374,0.3995968858283806,0.9999999967674676
291583314,39.1682594,9.0335399,0.9999999967674676,0.5809526181731592,0.9999999967674676,0.46468699682224374,0.3995968858283806,0.9999999967674676
291584377,39.1690289,9.0344928,0.9999999967674676,0.5809526181731592,0.9999999967674676,0.46468699682224374,0.3995968858283806,0.9999999967674676
291584386,39.1920551,9.058191,0.9999999967674676,0.5809526181731592,0.9999999967674676,0.46468699682224374,0.3995968858283806,0.9999999967674676
291584452,39.2153315,9.10046,0.9952777878243728,0.9942441981555209,0.9952777878243728,0.9660479145565206,0.8227513455799301,0.9952777878243728
291584456,39.2140516,9.1048379,0.9968199989350193,0.9968199989350193,0.9923227863449888,0.9773555894783945,0.8340546858018201,0.9908593920128225
291584458,39.2137743,9.1072364,0.9966579975738782,0.9966579975738782,0.9938049693982621,0.9865195680950278,0.8370328652603053,0.9933683379789712
291584837,39.2208413,9.083562,0.9999999967674676,0.5809526181731592,0.9999999967674676,0.46468699682224374,0.3995968858283806,0.9999999967674676
291584842,39.2147692,9.0897919,0.9999999967674676,0.5809526181731592,0.9999999967674676,0.46468699682224374,0.3995968858283806,0.9999999967674676
291584854,39.2132147,9.1129139,0.9959220205226158,0.9932887136848546,0.9959220205226158,0.9951808163523189,0.8390015948895966,0.9959220205226158
291584856,39.2120209,9.115664,0.9931238303364504,0.9887053318278307,0.9931238303364504,0.9904899432909458,0.8350150037733578,0.9931238303364504
291585117,39.1974438,9.1348979,0.9960191975113792,0.9960191975113792,0.9878653617867157,0.9020185411153704,0.7953480671838011,0.9878653617867157
291585124,39.1985886,9.1438649,0.9973000283658361,0.9971538906975239,0.9973000283658361,0.9154447966741853,0.8148795063003902,0.9973000283658361
291585166,39.2060768,9.1247436,0.9987371165077398,0.9987371165077398,0.9907604152778384,0.9559973409128579,0.8244403262501803,0.9907604152778384
302742127,39.2233728,9.1181436,0.9995354889685626,0.9966418144075763,0.9995354889685626,0.993855617435873,0.8399435651662864,0.9995354889685626
302742136,39.2277006,9.1164282,0.9986886125031571,0.9981103137619929,0.9986886125031571,0.9968509255162271,0.83896843408594,0.9986886125031571
302742137,39.2274518,9.1169271,0.999000133525265,0.998008875944827,0.999000133525265,0.9967233741217578,0.8389362247881973,0.999000133525265
302742138,39.2297808,9.1145608,0.9983553189234814,0.9982009349400227,0.9973455496765468,0.9983553189234814,0.8390311897182005,0.9973455496765468
302742139,39.2291392,9.1155184,0.9980076026708959,0.9980076026708959,0.9978913272750616,0.9977694124368867,0.8387489922732985,0.9978913272750616
302742140,39.2284677,9.1165227,0.9982286303788944,0.998130772225015,0.9982286303788944,0.9971206955216134,0.8389171584077886,0.9982286303788944
302742141,39.230849,9.1157522,0.9985357054565983,0.9985357054565983,0.9979645361960275,0.9983720079140403,0.8391787084921809,0.9979645361960275
302742142,39.2302056,9.1167008,0.9972561840677882,0.9972561840677882,0.9970795351945682,0.9967831154315296,0.8387165497881571,0.9970795351945682
302742145,39.2280772,9.111633,0.9991403767620477,0.9979103127510466,0.9988652734418096,0.9991403767620477,0.8387750496612318,0.9988652734418096
302742151,39.2247381,9.1194701,0.9985613238529469,0.9963834456323178,0.9985613238529469,0.9900282619740625,0.8390913981797425,0.9985613238529469
302742153,39.2231951,9.1196404,0.9972454657965887,0.9944001029184394,0.9972454657965887,0.9878547254072066,0.8380773872071551,0.9972454657965887
302742154,39.2225209,9.1195222,0.9977673784455608,0.994804250909677,0.9977673784455608,0.9894707400397847,0.8386961080108422,0.9977673784455608
302742156,39.2217271,9.1191866,0.9986312946056599,0.9955934108874063,0.9986312946056599,0.9916428719844501,0.8393544318371178,0.9986312946056599
302742158,39.2217572,9.1187867,0.9987820892549137,0.9954305030353047,0.9987820892549137,0.9919943230441616,0.8395386602231735,0.9987820892549137
302742163,39.2245845,9.1189053,0.9975461258793393,0.9962715842616968,0.9975461258793393,0.9912772868368864,0.838266680185379,0.9975461258793393
302742164,39.2240826,9.1193243,0.9986993806414329,0.9969246324794147,0.9986993806414329,0.9900927463669471,0.8391868298321542,0.9986993806414329
302742166,39.2218681,9.1196768,0.9977840744408626,0.9958922927099674,0.9977840744408626,0.9891077309536079,0.8384450871307852,0.9977840744408626
302742169,39.2237986,9.1203462,0.9976754689204991,0.9954368851162955,0.9976754689204991,0.9854122950696994,0.8386896334618111,0.9976754689204991
302742171,39.221339,9.1202339,0.9972123891792893,0.996296673736367,0.9972123891792893,0.9879599917769747,0.8379139190645467,0.9972123891792893
302742177,39.2196824,9.1213136,0.9959221823985238,0.994846301697529,0.9959221823985238,0.9871419143449695,0.836296370699789,0.9959221823985238
302742179,39.2200015,9.1200121,0.9966232266000156,0.9948544178414631,0.9966232266000156,0.9886766508363822,0.8367036746000689,0.9966232266000156
302742180,39.2197577,9.1209159,0.9957954618666712,0.9944646206963706,0.9957954618666712,0.9873436065931518,0.8359271907064754,0.9957954618666712
302742181,39.2187756,9.1195941,0.9962348963291631,0.994108625754577,0.9962348963291631,0.989307950817163,0.8372275828155035,0.9962348963291631
302742185,39.2180256,9.1194654,0.9962048356912305,0.9922381964857792,0.9962048356912305,0.989582469331278,0.838120821904962,0.9962048356912305
302742192,39.218376,9.1188123,0.9958707698617824,0.9918174372196977,0.9958707698617824,0.9899248228036295,0.8380133777904062,0.9958707698617824
302742193,39.2180074,9.1187274,0.9951349253028936,0.989434825625226,0.9951349253028936,0.9891784392027522,0.8381074263305321,0.9951349253028936
302742195,39.2170277,9.118216,0.6833632306209467,0.0,0.6833632306209467,0.410017938372568,0.0,0.6833632306209467
302742201,39.2179597,9.1190956,0.9951117265983177,0.9898802888667472,0.9951117265983177,0.9889576479920469,0.8379989807502096,0.9951117265983177
302742208,39.2273308,9.1226711,0.9996578792716184,0.996938422845107,0.9996578792716184,0.9905127225443434,0.8397679928617524,0.9996578792716184
302742211,39.2269359,9.1210109,0.9996599379360097,0.9968816234789035,0.9996599379360097,0.9919734537293834,0.8398243035312632,0.9996599379360097
302742216,39.2278558,9.1208045,0.9996554083333644,0.9979081394226779,0.9996554083333644,0.9939926807626374,0.8395959707588713,0.9996554083333644
302742217,39.2281908,9.1214638,0.9996485206354072,0.9977576818892596,0.9996485206354072,0.9931773203740971,0.839592114081543,0.9996485206354072
302742218,39.2283182,9.1216988,0.9997864895044527,0.998242614804601,0.9997864895044527,0.9939087418614551,0.8396000115310018,0.9997864895044527
302742219,39.2286223,9.1222206,0.9997848234863339,0.9981723558393409,0.9997848234863339,0.9936196381668458,0.8394984717687429,0.9997848234863339
302742220,39.2286594,9.1208116,0.9995462326472467,0.9980402299729233,0.9995462326472467,0.9947624180576381,0.8391899893668493,0.9995462326472467
302742222,39.2297778,9.1217571,0.9994913255860925,0.9978146500654086,0.9994913255860925,0.9903723031257533,0.8370257025993495,0.9994913255860925
302742223,39.2297589,9.1228788,0.9997728284630341,0.998551443099608,0.9997728284630341,0.9923553376924744,0.8387054400604591,0.9997728284630341
302742224,39.2297296,9.1242367,0.9998143602841871,0.9989550856228163,0.9998143602841871,0.9914059274832165,0.8376882949046839,0.9998143602841871
302742225,39.2295547,9.1242165,0.9998304028545648,0.9989871474920708,0.9998304028545648,0.9913365136029407,0.8376099542556695,0.9998304028545648
302742226,39.2286341,9.1217106,0.9996562697853514,0.9981989924421016,0.9996562697853514,0.9942712549539712,0.8389085657438767,0.9996562697853514
302742412,39.2171698,9.1303435,0.9997869692167469,0.9997869692167469,0.9997047317838309,0.972561572441426,0.8313218121476992,0.9997047317838309
302742413,39.2196377,9.1301139,0.9996003332254831,0.9985667813591128,0.9996003332254831,0.9718382969752537,0.8283234253790037,0.9996003332254831
302742414,39.2200998,9.1313015,0.9997228469771572,0.9982729109124954,0.9997228469771572,0.9714918284707429,0.8268982241541651,0.9997228469771572
302742416,39.2204799,9.1330835,0.9993868978776059,0.9973746303300938,0.9993868978776059,0.9659648638121906,0.8215760883541403,0.9993868978776059
302742417,39.2206426,9.1334311,0.9993803134561933,0.9971732211812763,0.9993803134561933,0.9649344842707014,0.8203789153628006,0.9993803134561933
302742418,39.2211204,9.1339095,0.9991299426348672,0.9971854004018166,0.9991299426348672,0.9629630915905987,0.8182509667509945,0.9991299426348672
302742419,39.2220629,9.1346085,0.9987623297809649,0.9972282561928296,0.9987623297809649,0.9604054376764454,0.8147084201874336,0.9987623297809649
302742420,39.2226227,9.1350386,0.9984432415205535,0.9977494079285495,0.9984432415205535,0.9587702685722281,0.8138579744667256,0.9984432415205535
302742424,39.2186257,9.1295291,0.9996460185438532,0.9990168295161735,0.9996460185438532,0.9731813097896285,0.8298930718608092,0.9996460185438532
302742425,39.2185833,9.1304009,0.9997873890344665,0.9993259137789544,0.9997873890344665,0.9717107505870027,0.8286878673971276,0.9997873890344665
302742426,39.2157507,9.1294037,0.9995779349989722,0.9994155109915649,0.9995779349989722,0.9753560485355267,0.8340003200123071,0.9995779349989722
302742427,39.2156109,9.1293976,0.9997586732617586,0.9997586732617586,0.9997309820932098,0.9750398961954387,0.8339981418935165,0.9997309820932098
302742428,39.2143879,9.1293443,0.9992544574360595,0.9991241940354838,0.9992544574360595,0.9726605305737758,0.8332024332145317,0.9992544574360595
302742429,39.21572,9.1302724,0.999883660438285,0.999883660438285,0.9997923804507215,0.9735833633486572,0.8333465320717727,0.9997923804507215
302742430,39.2155907,9.1302666,0.9999007033510356,0.9999007033510356,0.9997916745116785,0.9728487178369136,0.8330019884785886,0.9997916745116785
302742432,39.2137483,9.1301723,0.998715309982282,0.9986916299390449,0.998715309982282,0.9724976528191801,0.8329401547989792,0.998715309982282
302742434,39.2128853,9.1297687,0.9989947472945209,0.9989947472945209,0.9985213824131182,0.9731512276091031,0.8337980400887144,0.9985213824131182
302742435,39.2125947,9.1300803,0.9992748543134614,0.9992748543134614,0.9987849130123557,0.9739507548791364,0.8344472933186523,0.9987849130123557
302742437,39.2107464,9.1316037,0.9986807757822784,0.9975034564188017,0.9986807757822784,0.9686171455853488,0.8304301411580005,0.9986807757822784
302742438,39.210481,9.1317996,0.9986319148608831,0.9974682288200484,0.9986319148608831,0.9674809465649795,0.8300218293896124,0.9986319148608831
302742949,39.2193079,9.1322462,0.9998428135881281,0.9990123771476602,0.9998428135881281,0.9675148595438745,0.824401752363342,0.9998428135881281
302742950,39.2188395,9.1328084,0.9999121876714305,0.999331426535114,0.9999121876714305,0.9656883591491603,0.8240627247021837,0.9999121876714305
302742962,39.2177753,9.13607,0.9997420734329434,0.9958315041001015,0.9997420734329434,0.9539232013447827,0.817593402170467,0.9997420734329434
302742984,39.2091453,9.1350254,0.9983232926884017,0.9971931057506347,0.9983232926884017,0.9571285703225176,0.8271619709904784,0.9983232926884017
302742985,39.2174159,9.1309253,0.999797715893314,0.999797715893314,0.9997220806952091,0.9693769916026564,0.8290158337430562,0.9997220806952091
302742987,39.2181128,9.1318396,0.9998579550539145,0.9996285007967554,0.9998579550539145,0.965801412202102,0.8263834996006324,0.9998579550539145
302742988,39.2194146,9.1338086,0.9997717926055922,0.9987307647145346,0.9997717926055922,0.9615510720181818,0.8205133490553161,0.9997717926055922
302742989,39.2155033,9.1308367,0.9999411113382002,0.9999411113382002,0.9997941425362507,0.9718845452988711,0.8325277334116507,0.9997941425362507
302742990,39.2201012,9.1333498,0.9996442623146008,0.998093897671448,0.9996442623146008,0.9643147442662428,0.8213623832579415,0.9996442623146008
302742991,39.2185797,9.1312588,0.9997929802800307,0.9994349652520174,0.9997929802800307,0.9659987692724434,0.8252062009893832,0.9997929802800307
302743001,39.2228403,9.136084,0.997820775350464,0.997820775350464,0.9972994111364308,0.9558062063547396,0.8132970977175694,0.9972994111364308
302743002,39.2233293,9.136495,0.9983094290490265,0.9983094290490265,0.9972779643640205,0.957284646683907,0.8152963979246673,0.9972779643640205
302743003,39.2213962,9.1355787,0.9985952793355952,0.9964202326678154,0.9985952793355952,0.9575413167563185,0.8120135151177489,0.9985952793355952
302743004,39.22176,9.1343805,0.9986226516520228,0.9972002689289821,0.9986226516520228,0.9610148905905425,0.8158876547689532,0.9986226516520228
302743005,39.2210996,9.1353377,0.9985654149173565,0.9958647752728839,0.9985654149173565,0.958266747054585,0.8135846726229076,0.9985654149173565
302743006,39.2215011,9.1356727,0.9985564620725362,0.9961682292998886,0.9985564620725362,0.9570580241868919,0.8113014072313568,0.9985564620725362
302743008,39.221286,9.1376843,0.9980886432419355,0.9932758437024845,0.9980886432419355,0.9489261063705118,0.8013431319764912,0.9980886432419355
302743009,39.2207533,9.1376037,0.9993744087796445,0.9932156219928016,0.9993744087796445,0.9492521843496162,0.8070721821313253,0.9993744087796445
302743010,39.2219521,9.1361893,0.9977567406358214,0.9953473929351283,0.9977567406358214,0.9546359398176546,0.8076788721466324,0.9977567406358214
302743012,39.2224397,9.1368538,0.9972313557217287,0.9946652936407981,0.9972313557217287,0.9520776376671461,0.8037176579940302,0.9972313557217287
292347849,39.2131427,9.1207967,0.9982009434477964,0.9982009434477964,0.9954373642734544,0.9910497658972457,0.8388954323460185,0.9954373642734544
292347860,39.2134341,9.1195263,0.9982210952072211,0.9982210952072211,0.9969877120720365,0.9930627460459224,0.8393202586522436,0.9969877120720365
293617675,39.2504938,9.1331712,0.9973526115314625,0.9966535435898217,0.9973526115314625,0.9866985078695779,0.8324318264600076,0.9973526115314625
293617678,39.2495894,9.1321311,0.9976312493382447,0.9967875203881135,0.9976312493382447,0.9883208159370015,0.8326973509293157,0.9976312493382447
293850113,39.2699424,9.0846114,0.8605638556538788,0.8605638556538788,0.7695707677371451,0.0,0.0,0.7695707677371451
293851481,39.2592585,9.0930055,0.9790425268023317,0.9784255579151873,0.9790425268023317,0.8765417025863445,0.7043569672017052,0.9790425268023317
293851621,39.2585708,9.0836591,0.0,0.0,0.0,0.0,0.0,0.0
293851647,39.2377311,9.0913093,0.9682543636219321,0.0,0.9682543636219321,0.0,0.0,0.9682543636219321
293851888,39.2620019,9.0874941,0.9749790656018497,0.9570914689038093,0.9749790656018497,0.8360685181606365,0.6584023013396868,0.9749790656018497
293870215,39.2590341,9.0839892,0.9804308678532015,0.9461367216189124,0.9804308678532015,0.8520258520453431,0.677042365300536,0.9804308678532015
293876279,39.2631282,9.0846319,0.8249786346990267,0.8249786346990267,0.7491641398751241,0.0,0.0,0.7491641398751241
297411542,39.2335329,9.131676,0.997291040452713,0.997291040452713,0.9892295967156663,0.9714036914931945,0.7981004281655804,0.9892295967156663
297411723,39.2357964,9.1264317,0.9941093389125469,0.9941093389125469,0.9839017536371117,0.9729072316156941,0.804782227472504,0.9839017536371117
297413078,39.237236,9.1211497,0.996857767523909,0.996857767523909,0.9954536367043288,0.9933368212178121,0.8277549515156716,0.9954536367043288
297413284,39.2316081,9.1355759,0.9973326336547846,0.9973326336547846,0.9934325800905883,0.9649779450205275,0.7966719413015938,0.9934325800905883
297413692,39.2048987,9.1428533,0.9997810621221018,0.9995808696586908,0.9997810621221018,0.9089182136410059,0.8232058239391745,0.9997810621221018
297413697,39.2060813,9.1434458,0.9924241556786175,0.9808102495345299,0.9924241556786175,0.8919690151570723,0.8042049721180707,0.9924241556786175
297413711,39.2163578,9.1422974,0.8997411562771962,0.0,0.8997411562771962,0.0,0.0,0.8997411562771962
297413719,39.2217532,9.1394117,0.9938357227076328,0.9637951029980009,0.9938357227076328,0.9026025324913673,0.736895806020037,0.9938357227076328
297414208,39.2124039,9.1426493,0.9992499743485648,0.996384582007453,0.9992499743485648,0.9259445898240383,0.8134496150063807,0.9992499743485648
301802309,39.2146087,9.1147742,0.9973809050345138,0.9919539162370875,0.9973809050345138,0.9946424364485996,0.839368482908112,0.9973809050345138
301802310,39.2146888,9.1132479,0.9962661040666653,0.9915223466955617,0.9962661040666653,0.9957756780130015,0.8389806409769184,0.9962661040666653
301802311,39.2145064,9.1135387,0.9963383858297208,0.991686644680909,0.9963383858297208,0.9957619711406687,0.8390369983196966,0.9963383858297208
301802312,39.2142755,9.1138824,0.9964949780302076,0.9918510399073204,0.9964949780302076,0.9958060748689311,0.8391026611727519,0.9964949780302076
301802313,39.2140345,9.1142572,0.9970035868559434,0.9915459075368681,0.9970035868559434,0.9948403355317756,0.8392592137199592,0.9970035868559434
301802314,39.2137961,9.1146132,0.9972498957224014,0.9918220335611423,0.9972498957224014,0.994487309473679,0.8392676843540812,0.9972498957224014
301802322,39.2142881,9.1146553,0.9973576745369442,0.9917689482547742,0.9973576745369442,0.9950421799232451,0.8393406033235732,0.9973576745369442
301802404,39.2130504,9.1150058,0.9965315823566732,0.9925194504447793,0.9965315823566732,0.9950178524364618,0.8388128440001862,0.9965315823566732
301802448,39.2127088,9.1155326,0.997333773258042,0.9936766288226967,0.997333773258042,0.9947364639494435,0.8384288204086119,0.997333773258042
301802456,39.215797,9.1175422,0.998419463104347,0.9944709936676416,0.998419463104347,0.9950672329902869,0.8395358178342128,0.998419463104347
301802463,39.2169394,9.1192957,0.9963254140759447,0.9933190608422504,0.9963254140759447,0.9907118116572264,0.8385044828606407,0.9963254140759447
301802471,39.2185062,9.1207976,0.9945592124073919,0.9933477571547306,0.9945592124073919,0.9870792503101777,0.8364373040898662,0.9945592124073919
301802474,39.2179559,9.1214799,0.9953015472581731,0.9937791567987629,0.9953015472581731,0.9875674434677248,0.8374104462311287,0.9953015472581731
301802476,39.2168166,9.120952,0.9958853023611925,0.994154870298254,0.9958853023611925,0.989217502189912,0.8381527697348816,0.9958853023611925
301802477,39.2157351,9.1204332,0.9975461174227469,0.9973173377713166,0.9975461174227469,0.9919759292111013,0.8390454304387145,0.9975461174227469
301802479,39.2149468,9.1200724,0.9979155487371001,0.9979155487371001,0.99737564378756,0.9922588289569927,0.8392834281127468,0.99737564378756
301802481,39.2143066,9.119821,0.9986276948756749,0.9986276948756749,0.9972450148922583,0.9924757235468115,0.8391985782228244,0.9972450148922583
301802484,39.2181738,9.1209589,0.9942579750892447,0.9928782772229153,0.9942579750892447,0.9869190052829385,0.8367222134785783,0.9942579750892447
301802486,39.2176491,9.1222453,0.9973952214632994,0.9973952214632994,0.9970648024006082,0.9896326481398883,0.8363988208043642,0.9970648024006082
301802488,39.2172311,9.1231569,0.9969849240876091,0.9969849240876091,0.996508433397208,0.9877773652396242,0.8349772196000727,0.996508433397208
301806953,39.2205123,9.1273411,0.9959407147281424,0.9959407147281424,0.9949382867292572,0.9752959990427486,0.8305644343745415,0.9949382867292572
301806954,39.2196,9.1260958,0.9961839596783711,0.9961839596783711,0.9941008519856659,0.9785738945540973,0.8307639925396602,0.9941008519856659
301806955,39.2195414,9.1257998,0.9965324088454877,0.9965324088454877,0.99451418706921,0.9795695549752489,0.8315899444440563,0.99451418706921
301806959,39.2210987,9.1266732,0.9958852829251372,0.9958099092162384,0.9958852829251372,0.977104781002352,0.8327118602885568,0.9958852829251372
301806960,39.2217315,9.1276142,0.9971259817853305,0.9966853955962504,0.9971259817853305,0.9750337280759575,0.833068555187947,0.9971259817853305
301806961,39.2224101,9.1268601,0.9969667050333464,0.9966077004848392,0.9969667050333464,0.978915555886923,0.8353189467014832,0.9969667050333464
301806962,39.2207845,9.128708,0.9979839332933247,0.9966629265048118,0.9979839332933247,0.9720527822337073,0.8295440998992,0.9979839332933247
301806964,39.220079,9.1278454,0.9967930277503745,0.9961798781170718,0.9967930277503745,0.9744894906372232,0.8285985584505269,0.9967930277503745
301806965,39.2194854,9.1284845,0.9959897223339491,0.9948682032406081,0.9959897223339491,0.9721073085107484,0.8259389660627259,0.9959897223339491
301807063,39.216692,9.124891,0.999081590364128,0.999081590364128,0.998505971733939,0.985793174160472,0.8369478981047925,0.998505971733939
301807073,39.2180378,9.1276183,0.9988092103500428,0.9987471874146283,0.9988092103500428,0.9783536765484341,0.8335267512082194,0.9988092103500428
301807075,39.2190067,9.1290661,0.998070922415433,0.997846177695608,0.998070922415433,0.9731390898120106,0.8294716973383536,0.998070922415433
301807197,39.2141818,9.1243003,0.9997486456669576,0.9997486456669576,0.9971625832283255,0.9865664671650799,0.8383252133871079,0.9971625832283255
301807201,39.2142982,9.1255232,0.9997410468570459,0.9997410468570459,0.997644446948648,0.9843852854145719,0.8377375997528983,0.997644446948648
301807205,39.213739,9.1263278,0.9997907471005437,0.9997907471005437,0.998128944332462,0.9825804018305963,0.8374582265972234,0.998128944332462
301807209,39.2133553,9.127131,0.9998446313161046,0.9998446313161046,0.9977809638587511,0.9804764722784391,0.8368333107925526,0.9977809638587511
301807211,39.213107,9.1281584,0.9998775754692741,0.9998775754692741,0.9975440727635404,0.9779827898991719,0.8360049775317462,0.9975440727635404
301807213,39.2130392,9.1283383,0.9998354814335482,0.9998354814335482,0.9976467389901698,0.9777048428305761,0.83584097855829,0.9976467389901698
301807214,39.21487,9.1256186,0.9997297478567855,0.9997297478567855,0.9984487068401895,0.9834948821445177,0.8376693693366002,0.9984487068401895
301807215,39.2161609,9.1258268,0.9995835603104939,0.9995835603104939,0.9989715588267707,0.9838266901413765,0.8367351920038533,0.9989715588267707
299641717,39.2345363,9.0968406,0.9958265589351453,0.9958265589351453,0.9948593296845288,0.9905359448778117,0.8299877640574298,0.9948593296845288
299641725,39.233367,9.096273,0.9929824694861402,0.9929824694861402,0.9911854749291119,0.9836096106662684,0.8242777531454143,0.9911854749291119
299641726,39.2327503,9.0952843,0.0,0.0,0.0,0.0,0.0,0.0
301801685,39.2152413,9.1111863,0.9958297363871866,0.9955228047226803,0.9953634390975137,0.9958297363871866,0.8388817360431164,0.9953634390975137
301801707,39.2156775,9.1116883,0.9957721942857748,0.9948360857836615,0.9950588969904058,0.9957721942857748,0.8387655059853101,0.9950588969904058
301801739,39.2187051,9.1115553,0.9964187389475023,0.9951710885475674,0.9964187389475023,0.9954498208340412,0.8357754760018649,0.9964187389475023
301801740,39.2186292,9.1117919,0.9965282026348481,0.9952975501757636,0.9965282026348481,0.995574881908022,0.8358650708162981,0.9965282026348481
301801741,39.21854,9.1120555,0.9965189407533225,0.9951069639595909,0.9965189407533225,0.9958648065445002,0.8361494621597862,0.9965189407533225
301801783,39.2184245,9.1124138,0.9967783356898634,0.9930971008394041,0.9967783356898634,0.9964551776688612,0.8368056588896963,0.9967783356898634
301801785,39.2182437,9.1130029,0.9967828333481504,0.9930941313416896,0.9967150999712,0.9967828333481504,0.8371975288538468,0.9967150999712
301801787,39.2202965,9.1122674,0.9970476374195498,0.9851522999566934,0.9970476374195498,0.9960857767909793,0.8356966194323718,0.9970476374195498
301801795,39.2196807,9.1127251,0.9961504612137095,0.9900046485757928,0.9960693729900743,0.9961504612137095,0.8362328310705351,0.9960693729900743
301801797,39.2197751,9.1042407,0.993099764402362,0.993099764402362,0.9905911942858715,0.9898896095345112,0.8355267881345952,0.9905911942858715
301801798,39.2206662,9.1056834,0.9950982657151299,0.9950982657151299,0.9922576260165317,0.99230658085832,0.8357774811926126,0.9922576260165317
301801799,39.2212335,9.1067036,0.9951632041012628,0.9951632041012628,0.9945571434720468,0.994028802137276,0.8350484762012728,0.9945571434720468
301801802,39.2219339,9.1061875,0.9947462951004533,0.9947462951004533,0.9945743761512531,0.9941697740173137,0.8350102680233767,0.9945743761512531
301801806,39.2203431,9.1074256,0.9967481983039767,0.9964963842962351,0.9967481983039767,0.9949702166691236,0.835359031273697,0.9967481983039767
301801811,39.2194361,9.1090693,0.9966433694941633,0.9966433694941633,0.9948305721920165,0.993043816734228,0.835965518041363,0.9948305721920165
301801833,39.2195814,9.1072388,0.99674947410835,0.99674947410835,0.9925340628506613,0.9919128678731602,0.8363134660588254,0.9925340628506613
301801835,39.2188281,9.1084143,0.9974837002365113,0.9974837002365113,0.9934759203349378,0.9923716540667957,0.8371962756078516,0.9934759203349378
301801900,39.2174836,9.1110898,0.9946128555333169,0.9946128555333169,0.9939522515199282,0.9920282457499947,0.8375554517518535,0.9939522515199282
301801901,39.219994,9.1044529,0.9935747901449288,0.9935747901449288,0.9895730667828148,0.9895056919334089,0.8352272806097416,0.9895730667828148
301801903,39.219928,9.1057913,0.995330054661368,0.995330054661368,0.989966391889052,0.989860558082862,0.8359609533910588,0.989966391889052
301801906,39.2211676,9.1098727,0.9983179350989645,0.9965240963609264,0.9983179350989645,0.995711187745603,0.8357939259729401,0.9983179350989645
301801908,39.2201765,9.1102232,0.9971818326496072,0.9971818326496072,0.996990395192303,0.9953193654701445,0.8364613480235012,0.996990395192303
301801914,39.2184744,9.1114039,0.9967223594271647,0.996116403273524,0.9967223594271647,0.9951731174064826,0.8361583805905761,0.9967223594271647
301801951,39.2176772,9.1126238,0.9962592743243298,0.9945471258022573,0.9962592743243298,0.9953069440765888,0.8376908806924783,0.9962592743243298
301801980,39.2211526,9.1075903,0.995974326991102,0.9955401295937671,0.995974326991102,0.993720555032945,0.8343913373074918,0.995974326991102
301801981,39.2208269,9.1081855,0.9970874188845967,0.9961104446653889,0.9970874188845967,0.9949659868579276,0.835247600225093,0.9970874188845967
301801982,39.2210208,9.1091137,0.9976860481586527,0.996374048908632,0.9976860481586527,0.9953302622485645,0.8354327326958974,0.9976860481586527
301801983,39.2200173,9.1094989,0.9967034713849559,0.9967034713849559,0.9961746310732104,0.9943822147582999,0.8358953242775256,0.9961746310732104
301801984,39.2178829,9.1074137,0.9962369101992581,0.9962369101992581,0.9897497351064932,0.9882242852128957,0.8363204164537201,0.989733455540497
301801988,39.2157189,9.1103787,0.9933560648026838,0.9933560648026838,0.9912207151517071,0.9899007188264425,0.8374430022641796,0.9912207151517071
301801992,39.2164366,9.1115267,0.993967198940173,0.9932150277329487,0.993967198940173,0.993883581976672,0.8379270572926364,0.993967198940173
301801994,39.2169107,9.1120935,0.994077750796917,0.994030886490897,0.994077750796917,0.9936765622920171,0.8380309356401127,0.994077750796917
301801996,39.2167568,9.1139351,0.9936624404723354,0.9896488753583492,0.9936624404723354,0.9936249695734172,0.8385365364234866,0.9936624404723354
301802004,39.2158658,9.1155912,0.9972410868285033,0.991474559494169,0.9972410868285033,0.9948254698323549,0.8394475290491888,0.9972410868285033
301802006,39.215532,9.1162756,0.9985675617949519,0.9940635330836136,0.9985675617949519,0.9963912789727196,0.8396793037448009,0.9985675617949519
301802082,39.2150588,9.1161974,0.9981083961707281,0.9927212305502381,0.9981083961707281,0.996089259246773,0.8395438746044457,0.9981083961707281
301802083,39.2149556,9.116128,0.9975931691916886,0.9912074099330141,0.9975931691916886,0.9958704355949053,0.8393402589334796,0.9975931691916886
302742905,39.208964,9.1280154,0.9999000616619512,0.9999000616619512,0.9942726617525218,0.9744214838072249,0.8347897377803918,0.9942726617525218
302742910,39.2119508,9.1296959,0.9995373858548852,0.9995373858548852,0.9948686261257591,0.9711700858340091,0.8319278556869842,0.9948686261257591
302742911,39.2193372,9.1304347,0.9996385478591651,0.9988821132100978,0.9996385478591651,0.9697880062050099,0.8267671180686625,0.9996385478591651
302742917,39.2136796,9.1303103,0.9993028601432642,0.9993028601432642,0.999126112334635,0.9714476593312354,0.8331776831196819,0.999126112334635
302742918,39.2155096,9.1304148,0.9999214819404472,0.9999214819404472,0.9998028353609327,0.97282784448604,0.8329984323756283,0.9998028353609327
302742919,39.2157149,9.1304148,0.9998667280009164,0.9998667280009164,0.9998101510029144,0.9733951887023773,0.8331517467045143,0.9998101510029144
302742923,39.217413,9.1304757,0.9997464204092502,0.9997464204092502,0.9997230291474535,0.9696936778591286,0.8288449622699504,0.9997230291474535
302742925,39.2185789,9.1305196,0.9997696133103893,0.999211742838702,0.9997696133103893,0.9702392254320049,0.8272248041481498,0.9997696133103893
302742927,39.2198142,9.1305026,0.9996934152788204,0.9985357695375633,0.9996934152788204,0.9733375734708097,0.8288246070721541,0.9996934152788204
302742928,39.2155872,9.130415,0.9998493312209482,0.9998493312209482,0.9997898977520159,0.9730528301057649,0.8330081753262792,0.9997898977520159
302742931,39.2153222,9.1311541,0.9999352358917464,0.9999352358917464,0.9997404070848045,0.9704890193826251,0.8318700195226886,0.9997404070848045
302742932,39.2147308,9.1319193,0.9999113724908311,0.9999113724908311,0.9995357290789263,0.9682858519514465,0.8305518676125543,0.9995357290789263
302742935,39.2120042,9.1326977,0.9992648587124113,0.9992648587124113,0.9986209789720651,0.9632374623796669,0.8298777174567975,0.9986209789720651
302742938,39.2111242,9.1324703,0.9988032809686916,0.9985393271755251,0.9988032809686916,0.9662773302851148,0.8297635412359076,0.9988032809686916
302742940,39.2121259,9.1305246,0.9992394306061175,0.9992394306061175,0.9987517732489147,0.9727433068050361,0.8338369695172974,0.9987517732489147
302742941,39.2125103,9.1312968,0.9994366091494147,0.9994366091494147,0.9983515294054246,0.9640218183841432,0.8298066184531236,0.9983515294054246
302742942,39.2128518,9.131937,0.999706601244055,0.999706601244055,0.998451294577665,0.9646906510866948,0.8299950409132926,0.998451294577665
302742944,39.2136525,9.1318226,0.9998863208374382,0.9998863208374382,0.9991188122542572,0.9669463666569154,0.8311518667686224,0.9991188122542572
302742945,39.2136641,9.1310876,0.9992744370044672,0.9992744370044672,0.9988089374241865,0.9688453212537544,0.8319657057852442,0.9988089374241865
302742948,39.2136836,9.1301697,0.9987036835827412,0.9987036835827412,0.9986764658526135,0.9715029739668601,0.8327295759279109,0.9986764658526135
301806753,39.2183949,9.1238982,0.9972333561774885,0.9972333561774885,0.9964352950290619,0.9850603752635221,0.8333305913950773,0.9964352950290619
301806754,39.2180863,9.1257492,0.9962687730702817,0.9962687730702817,0.9958822102468512,0.9765977692145307,0.8273203275450463,0.9958822102468512
301806756,39.2187574,9.1270021,0.9969276301797286,0.9969276301797286,0.9966620119137455,0.9775222345401571,0.8288196302832169,0.9966620119137455
301806757,39.2192618,9.1276938,0.9974610099389853,0.9974536333828455,0.9974610099389853,0.9751247471801223,0.8288659674314165,0.9974610099389853
301806758,39.219722,9.1282285,0.9966350032294158,0.9955092515502865,0.9966350032294158,0.9737064432159761,0.827354450966013,0.9966350032294158
301806759,39.2190334,9.1238674,0.994017846673184,0.994017846673184,0.9930130737076928,0.9815948686451857,0.8311335990604921,0.9930130737076928
301806760,39.2198194,9.1244694,0.9951110235255586,0.9951110235255586,0.9934361342318843,0.9822589023623087,0.8332178901131982,0.9934361342318843
301806761,39.2201292,9.1238047,0.9954324230011704,0.9954324230011704,0.9946933728728082,0.9844376346757858,0.8346580272670933,0.9946933728728082
301806762,39.2202788,9.1235485,0.9947894321160852,0.9946081491329433,0.9947894321160852,0.9851004822814416,0.8351595272734115,0.9947894321160852
301806763,39.2206344,9.1231852,0.9960858734539954,0.9946290759820237,0.9960858734539954,0.9850734982360623,0.8368386045116561,0.9960858734539954
301806766,39.2211906,9.1233944,0.9963549786853269,0.9953309611570379,0.9963549786853269,0.9843685607720447,0.8375543883476907,0.9963549786853269
301806768,39.2209481,9.1245976,0.9951055255022307,0.9938815461807637,0.9951055255022307,0.9827367053878333,0.8361239058779945,0.9951055255022307
301806769,39.2201964,9.1224606,0.9952757447323916,0.9936897955945895,0.9952757447323916,0.9841645227020945,0.836011172140805,0.9952757447323916
301806770,39.2210348,9.1241484,0.9952916592465786,0.9942592043079936,0.9952916592465786,0.982219179997795,0.8366774374721379,0.9952916592465786
301806829,39.2193911,9.1221572,0.9959693831920482,0.9959693831920482,0.9951813592865789,0.9876713656559565,0.836380047531587,0.9951813592865789
301806833,39.2205886,9.1259454,0.9958713595585748,0.9958713595585748,0.9951390815129639,0.9763511552170117,0.8315511965990215,0.9951390815129639
301806837,39.2199662,9.1266439,0.9964814941601422,0.9964814941601422,0.9960242773099284,0.9775572122434975,0.8295691149946123,0.9960242773099284
301806842,39.2195484,9.1271716,0.9970609713266552,0.9967741504359795,0.9970609713266552,0.9740956042066953,0.8280459200380281,0.9970609713266552
301806951,39.221678,9.1288361,0.9984919580151169,0.9976121754066709,0.9984919580151169,0.9745292141511708,0.8329040935206243,0.9984919580151169
301806952,39.2211992,9.128227,0.997433594125351,0.996548574372641,0.997433594125351,0.9741422099618866,0.8290096511782352,0.997433594125351
301802490,39.2169041,9.1238838,0.9962796457266316,0.9962796457266316,0.9961478498854968,0.9864572619079006,0.8335146517139067,0.9961478498854968
301802493,39.2186619,9.1229015,0.9960707625837605,0.9960707625837605,0.9952565673884146,0.9847874143040283,0.8331318209859053,0.9952565673884146
301802497,39.2170207,9.1220054,0.9970590728442915,0.9970590728442915,0.9963521913473132,0.9887095786928042,0.836618913646811,0.9963521913473132
301802499,39.2159492,9.1216045,0.9973075655027317,0.9973075655027317,0.9968240271485507,0.9901618152169267,0.8379244869472782,0.9968240271485507
301802501,39.2167751,9.1229495,0.997717571113971,0.997717571113971,0.9968830791580187,0.9872063764612586,0.835490257845341,0.9968830791580187
301802503,39.216158,9.1229262,0.9985598121262604,0.9985598121262604,0.9974162341064715,0.9871419060300258,0.836253884798603,0.9974162341064715
301802505,39.2162807,9.1236895,0.9987772239122241,0.9987772239122241,0.997897658575522,0.9850429714139467,0.836306593926092,0.997897658575522
301802507,39.2151604,9.1231154,0.9985063092768376,0.9985063092768376,0.9965338215488936,0.984411371775322,0.8354651596325517,0.9965338215488936
301802509,39.2142871,9.1232734,0.998810811154715,0.998810811154715,0.996435421847851,0.9880078559007551,0.8384222772554446,0.996435421847851
301802511,39.2146981,9.1209701,0.9986835587376232,0.9986835587376232,0.9970881796495056,0.9911205901366367,0.8391533613166672,0.9970881796495056
301802513,39.2143921,9.1222536,0.998681450420797,0.998681450420797,0.9962883920601499,0.9889917737949218,0.8386901072406449,0.9962883920601499
301802515,39.2148734,9.1188412,0.9973421531859264,0.9973421531859264,0.9961026655445824,0.9912004750894,0.8388893189067075,0.9961026655445824
301802517,39.2144632,9.1191719,0.9980372533157595,0.9980372533157595,0.9968647189814104,0.9921352495406968,0.839107851054809,0.9968647189814104
301802521,39.2140679,9.1207103,0.9991177566003339,0.9991177566003339,0.9949928063930545,0.9869642960931565,0.8376434480542236,0.9949928063930545
301802525,39.2133761,9.1234483,0.9997714498806018,0.9997714498806018,0.9960285600527519,0.9878034679162482,0.8386082023236175,0.9960285600527519
301802527,39.2132829,9.1218255,0.9993163386298295,0.9993163386298295,0.9951120678794327,0.9899557176772513,0.838655967084994,0.9951120678794327
301802531,39.2122178,9.1211918,0.9988356668678467,0.9988356668678467,0.9928689311325324,0.9872432960229397,0.8380767501228067,0.9928689311325324
301802535,39.2114841,9.1211968,0.998911019050028,0.998911019050028,0.9932843328464153,0.9882146660016129,0.8383260095642541,0.9932843328464153
301802537,39.210502,9.1211938,0.9990724925953643,0.9990724925953643,0.992850805971651,0.9888348186263836,0.8383965962053963,0.992850805971651
301802539,39.212356,9.1205148,0.9990654890603673,0.9990654890603673,0.9942246049722862,0.9896420294952705,0.8385626716451657,0.9942246049722862
301807216,39.2147974,9.1265043,0.9995889537862315,0.9995889537862315,0.9988409759278761,0.980167414644071,0.8354245524852187,0.9988409759278761
301807296,39.2142436,9.1276658,0.9997597278757013,0.9997597278757013,0.998714173863363,0.9787440005958183,0.8360685175848517,0.998714173863363
301807299,39.2156412,9.1266248,0.9995302628772595,0.9995302628772595,0.9992241040320909,0.9819291264853391,0.8360605089317092,0.9992241040320909
301807300,39.2145428,9.128053,0.999697012475904,0.999697012475904,0.9990119978494756,0.9784838747944127,0.8359386800744416,0.9990119978494756
301807303,39.2150738,9.1274963,0.9996148750571521,0.9996148750571521,0.9992993123018002,0.9799850247061873,0.8356157366766909,0.9992993123018002
301807306,39.216797,9.1256537,0.9990761707570641,0.9990761707570641,0.9984972535619119,0.9838915300103445,0.8359727717289767,0.9984972535619119
301807307,39.2174001,9.1266052,0.9989038363983442,0.9989038363983442,0.9982970906495987,0.981377813723589,0.8344537642727918,0.9982970906495987
301807308,39.2173626,9.1274418,0.9991788608012986,0.9991788608012986,0.999092732123726,0.9793666358887447,0.8345668617943566,0.999092732123726
301807309,39.2172532,9.1274937,0.9992025385629053,0.9992025385629053,0.999129660579008,0.9785825467599485,0.8342203700526233,0.999129660579008
301807313,39.2172473,9.127575,0.9991958555276184,0.9991958555276184,0.9991020108741369,0.9785651614025648,0.8342383907712695,0.9991020108741369
301807314,39.217363,9.127646,0.9991029613082171,0.9991029613082171,0.9990619790767923,0.9788212373691619,0.8341917216644622,0.9990619790767923
301807315,39.2174083,9.1275879,0.9991319093890727,0.9991319093890727,0.9990735204818162,0.9789987699890069,0.8343136288379674,0.9990735204818162
301807316,39.2158116,9.1275284,0.9994527827427463,0.9994527827427463,0.9994168681963354,0.9789705541850513,0.8351249782810225,0.9994168681963354
301807409,39.2156532,9.1275356,0.9994751542718987,0.9994380733088465,0.9994751542718987,0.9785605245546048,0.8350201327934417,0.9994751542718987
301807411,39.2157801,9.1273542,0.9994781859965934,0.9994781859965934,0.9994106533783899,0.9795923369828455,0.8353150659791168,0.9994106533783899
301807414,39.2157887,9.1268886,0.999373825950178,0.999373825950178,0.9992982949221062,0.9799076994184684,0.8352529529147775,0.9992982949221062
301807416,39.2161441,9.1262675,0.9991191678268301,0.9991191678268301,0.9985202230270502,0.981182696008468,0.8347744889131878,0.9985202230270502
301807417,39.2171058,9.1261454,0.9990908680231618,0.9990908680231618,0.9985226063472323,0.9825660765929966,0.8353167020694632,0.9985226063472323
301807420,39.2151681,9.1283898,0.9995043023345987,0.9995043023345987,0.9992350117010725,0.9776269945779026,0.8352795397960993,0.9992350117010725
301807421,39.2156316,9.1286003,0.9995927525011877,0.9995927525011877,0.9995921292436633,0.9770952565948468,0.8352112068375734,0.9995921292436633
302742252,39.2354474,9.1261969,0.9980910254960276,0.9976636553777272,0.9980910254960276,0.9906657282384136,0.8233307073035515,0.9980910254960276
302742255,39.235076,9.1271954,0.9978793734316289,0.9976861031527157,0.9978793734316289,0.989202784621752,0.8213020039645108,0.9978793734316289
302742256,39.2334222,9.1227936,0.9992196005572834,0.9986561152887866,0.9992196005572834,0.989929008318156,0.8339202815020691,0.9992196005572834
302742257,39.2320073,9.1248761,0.9995034494112597,0.9987511623925326,0.9995034494112597,0.9891339906969794,0.8315387545828143,0.9995034494112597
302742258,39.2316428,9.1251073,0.9994902262135035,0.9987578642981203,0.9994902262135035,0.9886197416498294,0.831084150541581,0.9994902262135035
302742260,39.2312236,9.1233044,0.9993473024818741,0.9982238448013127,0.9993473024818741,0.9912132098434947,0.8349137585795646,0.9993473024818741
302742261,39.2328841,9.1247358,0.9992651514812105,0.9986153960169218,0.9992651514812105,0.9884403755543809,0.8308565600222648,0.9992651514812105
302742262,39.231649,9.1255601,0.9994419834261641,0.9987741049394523,0.9994419834261641,0.9887711462916455,0.8310199433026363,0.9994419834261641
302742264,39.2312712,9.1260665,0.9993873661718785,0.9989298038090512,0.9993873661718785,0.9889794411799804,0.8317456217805816,0.9993873661718785
302742265,39.2301232,9.1267055,0.9997188575951097,0.9993446838870678,0.9997188575951097,0.9913078128095028,0.8341315087891812,0.9997188575951097
302742266,39.2299017,9.1265189,0.9996961029584442,0.99930282983748,0.9996961029584442,0.9918278821947194,0.8343184913596502,0.9996961029584442
302742270,39.2297192,9.1266304,0.9996794379052406,0.9993306627169487,0.9996794379052406,0.9918681629057208,0.8341290979292129,0.9996794379052406
302742274,39.2297562,9.1267109,0.9996900039478074,0.9993483065655385,0.9996900039478074,0.9919082724068928,0.8341844589386848,0.9996900039478074
302742278,39.2299129,9.1266729,0.9996291169006678,0.99939279092313,0.9996291169006678,0.9921227415219754,0.834159416312621,0.9996291169006678
302742280,39.2380725,9.130968,0.9988052396501498,0.9988052396501498,0.995721354239203,0.9943715728830991,0.8267581159904014,0.995721354239203
302742283,39.2378351,9.1308314,0.9973778511132046,0.9973778511132046,0.995226700619963,0.993751873575908,0.8261631648978894,0.995226700619963
302742294,39.2320984,9.1284553,0.9996919913262042,0.9996919913262042,0.9995066669726754,0.9910651305280522,0.8284258782023488,0.9995066669726754
302742299,39.2320683,9.128541,0.9997133861211253,0.9997133861211253,0.9994842244828333,0.9910349293549621,0.828292656005071,0.9994842244828333
302742308,39.2369302,9.1304118,0.9940456417671382,0.9940456417671382,0.9932810866764272,0.9916890844203654,0.8219065825187151,0.9932810866764272
302742309,39.2378068,9.1309109,0.9988235469654559,0.9988235469654559,0.9955980292744414,0.9941775505751252,0.8262237748165137,0.9955980292744414
302742355,39.2316316,9.1331813,0.9988301137170223,0.9988301137170223,0.9964557658199821,0.9800249564666027,0.8209976997200958,0.9964557658199821
302742358,39.2298071,9.1296192,0.9998311058417882,0.9998311058417882,0.9994525887746305,0.9903861711015678,0.832317054361058,0.9994525887746305
302742360,39.231797,9.1291732,0.9998279755772372,0.9998279755772372,0.999249979913251,0.9900836600138435,0.8270476104054747,0.999249979913251
302742361,39.2309391,9.1308312,0.9999282657609913,0.9999282657609913,0.9988519219376161,0.9889721466766686,0.8291958814516097,0.9988519219376161
302742364,39.2327843,9.1311485,0.9999343853733987,0.9999343853733987,0.9983330131516291,0.9890294498393024,0.8224803534715871,0.9983330131516291
302742365,39.2325793,9.1317318,0.999941992380085,0.999941992380085,0.9981813044014037,0.9895957239472798,0.8233536940294918,0.9981813044014037
302742367,39.2314334,9.1311253,0.9999337815316242,0.9999337815316242,0.9984965283016364,0.988844536441008,0.8271967849066004,0.9984965283016364
302742368,39.2356563,9.1331482,0.9996090065943096,0.9996090065943096,0.9957126718485823,0.9922119342693804,0.8228808755454535,0.9957126718485823
302742369,39.2348862,9.1329307,0.9996599365703757,0.9996599365703757,0.9967584308170534,0.9915162636092825,0.823145118482072,0.9967584308170534
302742372,39.2277217,9.1267263,0.9996697854509976,0.9993550620265219,0.9996697854509976,0.9888467926260072,0.8374709006790028,0.9996697854509976
302742373,39.2275819,9.1266835,0.9994379208737141,0.9990231230137834,0.9994379208737141,0.9864280973435859,0.837549409943745,0.9994379208737141
302742374,39.2274579,9.1266814,0.9994689404439776,0.9990344126642681,0.9994689404439776,0.986515016500505,0.8376948304331719,0.9994689404439776
302742375,39.2255851,9.126646,0.9991398766050564,0.9984506569412932,0.9991398766050564,0.9814757900010369,0.8390915610940237,0.9991398766050564
302742376,39.224488,9.126595,0.9980753132900537,0.9971294283873934,0.9980753132900537,0.9774368146377862,0.8380829134378668,0.9980753132900537
302742377,39.2255672,9.1270977,0.9989466676956752,0.9983750567923986,0.9989466676956752,0.9798595551732154,0.8388851210534775,0.9989466676956752
302742379,39.2230942,9.129331,0.9974252828735747,0.9968406843871906,0.9974252828735747,0.9717414542691248,0.8332932868959819,0.9974252828735747
302742380,39.2227993,9.1298275,0.9974609332282308,0.9970292228999124,0.9974609332282308,0.9694856611311384,0.8314599207658262,0.9974609332282308
302742381,39.222511,9.1303537,0.9978941355835943,0.9973921424948577,0.9978941355835943,0.9699423415574843,0.8315744439244558,0.9978941355835943
302742382,39.2246469,9.1304808,0.9984544489745248,0.9984544489745248,0.9965446359997822,0.9746347906052488,0.8357646605211286,0.9965446359997822
302742384,39.2225059,9.1287034,0.997497660099865,0.9965705248078797,0.997497660099865,0.9739960143664883,0.833084286834361,0.997497660099865
301807425,39.2157787,9.1286154,0.9996248866149997,0.9995473394685401,0.9996248866149997,0.9773489813073445,0.8350376538395806,0.9996248866149997
301807480,39.2172084,9.1286911,0.9995183454111648,0.9995183454111648,0.9993689215660466,0.9761482045411821,0.8331910062661434,0.9993689215660466
301807481,39.2171903,9.1294665,0.9996794357541741,0.9996794357541741,0.9995357084014553,0.9745902537343933,0.8323486569528776,0.9995357084014553
301807531,39.2173141,9.1294719,0.9994041674415127,0.9993694698589417,0.9994041674415127,0.9747919714234662,0.8318351096750036,0.9994041674415127
301807534,39.217331,9.1286908,0.999483370272906,0.999483370272906,0.9993338219672988,0.9761548438992576,0.8332777287706454,0.9993338219672988
301811538,39.2398093,9.1186023,0.9997394334178088,0.9997394334178088,0.9992455982110098,0.9986792792552941,0.8372633754065453,0.9992455982110098
301811548,39.2395519,9.1188286,0.9996069876569225,0.9996069876569225,0.999168443050187,0.9983364910561071,0.8365391911532918,0.999168443050187
301811552,39.2398435,9.1192492,0.9996601712636018,0.9996601712636018,0.9992014802016277,0.9983976528215065,0.8365298885482262,0.9992014802016277
301811558,39.2401457,9.1193725,0.9996382857130942,0.9996382857130942,0.9991941706627876,0.9983686922268515,0.8363932257368762,0.9991941706627876
301811560,39.2446776,9.1246415,0.9955086467602347,0.9955086467602347,0.9953387977952524,0.9916711890749721,0.8243387092364551,0.9953387977952524
301811561,39.2442706,9.1243005,0.9958698696765225,0.9958460313445041,0.9958698696765225,0.991745432524863,0.8236200187516942,0.9958698696765225
301811589,39.2438412,9.1239164,0.9963448738442168,0.9959457265932543,0.9963448738442168,0.9923054037111289,0.8222056505393426,0.9963448738442168
301811594,39.243375,9.1234945,0.9968207169570996,0.9966861496405913,0.9968207169570996,0.9932040475265228,0.8239703997553441,0.9968207169570996
301811598,39.2429182,9.1230215,0.9972095659637539,0.9972095659637539,0.9972048118260065,0.9940741930333928,0.8259782703717169,0.9972048118260065
301811603,39.2423957,9.1224708,0.997762426554652,0.997762426554652,0.9976378513689318,0.9946299664635285,0.8272838043668167,0.9976378513689318
301811606,39.2419236,9.1218265,0.9983626649081705,0.9983626649081705,0.9980253664281012,0.9953872667240463,0.8292418187134494,0.9980253664281012
301811609,39.2414634,9.1212046,0.9988006430296626,0.9988006430296626,0.99844483334344,0.9963502337908121,0.8315060384346438,0.99844483334344
301811613,39.2411297,9.1207427,0.9990956109260386,0.9990956109260386,0.9986921344701108,0.9969574630637769,0.8329677156040708,0.9986921344701108
301811615,39.2405745,9.119989,0.9994639943565661,0.9994639943565661,0.9989847944588484,0.9977373811928629,0.8349832134428589,0.9989847944588484
301811627,39.2434971,9.1209867,0.996346853744059,0.9962247767900722,0.996346853744059,0.9914927688818495,0.8198866499570745,0.996346853744059
301802113,39.2136982,9.1155746,0.997508293342393,0.9924130341335059,0.997508293342393,0.994823953869857,0.8390474985867519,0.997508293342393
301802114,39.2166629,9.1135004,0.9956784950915849,0.9931308250807289,0.9953705613008935,0.9956784950915849,0.8388158878183537,0.9953705613008935
301802150,39.2153943,9.1128347,0.9957066343860501,0.9903131372765583,0.9944545360208831,0.9957066343860501,0.8389060704530283,0.9944545360208831
301802151,39.2150973,9.1125663,0.996079410031234,0.9916110285638832,0.9954298037637792,0.996079410031234,0.8389423733356467,0.9954298037637792
301802152,39.214832,9.1122924,0.9956281583438145,0.994149983413618,0.9953230888237352,0.9956281583438145,0.8386784403247282,0.9953230888237352
301802157,39.2151573,9.1132122,0.9962810904844553,0.9911609459545405,0.9961194716207915,0.9962810904844553,0.8391710976265577,0.9961194716207915
301802160,39.2149535,9.113529,0.9963878893689068,0.9912652068213619,0.9963878893689068,0.9963122468267236,0.8391758385148957,0.9963878893689068
301802161,39.2148143,9.113825,0.9964752928503888,0.9914383896155904,0.9964752928503888,0.9963349199389113,0.8392059423689623,0.9964752928503888
301802211,39.2141095,9.1149165,0.9975579498031115,0.9925410568608763,0.9975579498031115,0.9946026964745172,0.8393996679414221,0.9975579498031115
301802212,39.213921,9.1152289,0.9977638450015452,0.9931402575358429,0.9977638450015452,0.9948986522026176,0.8393326494315692,0.9977638450015452
301802214,39.2145692,9.1127028,0.9959989061637217,0.9920705298773413,0.9959989061637217,0.9958456798907092,0.8389427392339986,0.9959989061637217
301802215,39.2144153,9.1129821,0.9962442748620788,0.991893312268389,0.9962442748620788,0.9957876138600158,0.8389384303384,0.9962442748620788
301802216,39.2142489,9.1132815,0.9962616339889182,0.9916310064426981,0.9962616339889182,0.995648928816718,0.838943223456887,0.9962616339889182
301802217,39.2140111,9.1136339,0.9966083105203833,0.991629746403412,0.9966083105203833,0.9948721152983648,0.8392081085983754,0.9966083105203833
301802218,39.2137715,9.1139942,0.9968948791715556,0.9914354548056538,0.9968948791715556,0.9947317432701498,0.8392375328060041,0.9968948791715556
301802219,39.2135177,9.1143479,0.9969705075722108,0.991239646296927,0.9969705075722108,0.9941515764322848,0.8391897837944949,0.9969705075722108
301802220,39.2158634,9.1139037,0.9963932112254864,0.9917682687406894,0.996228168827701,0.9963932112254864,0.8393768428566932,0.996228168827701
301802251,39.2148621,9.1129609,0.9959997643202234,0.9915722671970684,0.9959997643202234,0.9957565618792222,0.8389545840692094,0.9959997643202234
301802255,39.2156302,9.1146345,0.9966529772710542,0.9915789565500832,0.9966529772710542,0.9960316289772645,0.8394195881216195,0.9966529772710542
301802259,39.2152256,9.1153675,0.9971588254612478,0.9909136722859269,0.9971588254612478,0.9941904862798473,0.8392960198895005,0.9971588254612478
301806581,39.2207577,9.121638,0.9959735741241856,0.9947009857310317,0.9959735741241856,0.9868055304883042,0.837010957791312,0.9959735741241856
301806583,39.2215729,9.1214581,0.9963356640941907,0.9953141013008069,0.9963356640941907,0.9878505838611561,0.8373511075855065,0.9963356640941907
301806584,39.2220957,9.1215216,0.99826524199837,0.9960323420806181,0.99826524199837,0.987915600824313,0.8390286418140366,0.99826524199837
301806585,39.222819,9.1215946,0.9987621827531102,0.9961376943416944,0.9987621827531102,0.9878488479982244,0.8394080771990485,0.9987621827531102
301806602,39.2232358,9.123248,0.9984980910235033,0.9949713782744708,0.9984980910235033,0.9835711348549668,0.8391984313671614,0.9984980910235033
301806603,39.2232161,9.1235931,0.9987944161630752,0.9956265795327843,0.9987944161630752,0.9833255135516958,0.839289332111642,0.9987944161630752
301806604,39.2232737,9.1243672,0.9985447160597798,0.9963344699739198,0.9985447160597798,0.9817170928831157,0.8388761447434171,0.9985447160597798
301806659,39.2233258,9.1250834,0.9985401958493113,0.9967484181743346,0.9985401958493113,0.9805753995457764,0.8385587637941921,0.9985401958493113
301806660,39.2232828,9.1264046,0.9978858780443395,0.9970367722940569,0.9978858780443395,0.9784390171197423,0.8374358386946309,0.9978858780443395
301806661,39.2231738,9.1268736,0.9976019779101999,0.9971145574327236,0.9976019779101999,0.9777853250031218,0.8365823110233183,0.9976019779101999
301806663,39.2221613,9.1282225,0.9980186024979255,0.9971838887203095,0.9980186024979255,0.9759472262081341,0.8344493521441583,0.9980186024979255
301806664,39.2224395,9.1235745,0.9981686522410775,0.9947527203228455,0.9981686522410775,0.9832440605976686,0.8387991867630543,0.9981686522410775
301806665,39.2223807,9.1259942,0.9967562181566791,0.9950430779743065,0.9967562181566791,0.9760928743243573,0.8363294156451347,0.9967562181566791
301806666,39.2223949,9.12506,0.9976002144565685,0.9956889624523279,0.9976002144565685,0.978609855086156,0.8374514195706211,0.9976002144565685
301806667,39.2218892,9.1225499,0.9965487365839992,0.9940185155452066,0.9965487365839992,0.9830816084196476,0.8374652210262191,0.9965487365839992
301806668,39.2216966,9.1235525,0.9972229381792768,0.9952811709091741,0.9972229381792768,0.9832794599100245,0.8380596462872393,0.9972229381792768
301806669,39.2215378,9.1243058,0.9954338447921462,0.9951180964282141,0.9954338447921462,0.9815817115128689,0.8363445025119131,0.9954338447921462
301806671,39.2203337,9.1250748,0.9954482075671539,0.9954482075671539,0.9946516813984224,0.9780943589142763,0.8334512770570032,0.9946516813984224
301806672,39.219553,9.1250365,0.9971389684809667,0.9971389684809667,0.9955451664912192,0.9820369584071081,0.8329091306958036,0.9955451664912192
301806673,39.218106,9.1249958,0.9969118654077797,0.9969118654077797,0.9958957579181078,0.9807954391352198,0.8300737720248583,0.9958957579181078
301811709,39.2344545,9.1236227,0.9987724940510875,0.9986537720756982,0.9987724940510875,0.9906041678971079,0.8313424533584023,0.9987724940510875
301813601,39.2370426,9.1261497,0.9963764539665451,0.9956595766939247,0.9963764539665451,0.9937858125764105,0.8266616376836011,0.9963764539665451
301813602,39.2368764,9.1268296,0.996542940371215,0.9955390187015648,0.996542940371215,0.9940613412419674,0.8264269981781314,0.996542940371215
301813603,39.2365683,9.127933,0.9957205145792565,0.9956324099470589,0.9957205145792565,0.9939461003484527,0.8254764307618232,0.9957205145792565
301813899,39.2321972,9.1355273,0.9968477301704622,0.9968477301704622,0.9964883350890948,0.9772829819848954,0.8069482412886987,0.9964883350890948
301814091,39.2322776,9.1351051,0.9856118614280012,0.9856118614280012,0.9829743080203945,0.9659260250879191,0.7905821177932478,0.9829743080203945
301814100,39.2325566,9.1334161,0.0,0.0,0.0,0.0,0.0,0.0
301814173,39.2336145,9.1317136,0.980969078398415,0.980969078398415,0.973675084566474,0.9656378337887233,0.793290709023133,0.973675084566474
301814334,39.2314839,9.1355844,0.9944626627707418,0.9944626627707418,0.9886203523709799,0.9507558626005702,0.7857269956864343,0.9886203523709799
302124735,39.2285297,9.0935543,0.9996390851492581,0.9817280487836549,0.9996390851492581,0.9567701866077234,0.7970290011042364,0.9996390851492581
302126026,39.2328738,9.0956586,0.0,0.0,0.0,0.0,0.0,0.0
302126068,39.2328774,9.0955,0.9933841835799435,0.9933841835799435,0.9931949842453813,0.9850652086622287,0.8246070707589098,0.9931949842453813
302126177,39.2348692,9.1009809,0.9990281779430144,0.9990281779430144,0.9947236702981763,0.9968315333704945,0.8357600104292822,0.9947236702981763
302132030,39.2375893,9.1006703,0.9993755050727828,0.9993755050727828,0.9935941471470788,0.9948921913509189,0.8333984930862327,0.9935941471470788
302132045,39.2377315,9.1035118,0.9996679523421445,0.9996679523421445,0.9954962026931453,0.996766868623314,0.8350562323483193,0.9954962026931453
302132074,39.2356622,9.1090611,0.9996538978311765,0.9996538978311765,0.9958572709081457,0.996986987333226,0.8381031781797829,0.9958572709081457
302132174,39.2337087,9.1117599,0.9996995207732233,0.9996995207732233,0.9974585568811841,0.9976280813038994,0.8387553318489237,0.9974585568811841
302132176,39.2332884,9.1124559,0.9994173002859307,0.9994173002859307,0.9975530784720806,0.9977603743073158,0.8389118794947239,0.9975530784720806
302132178,39.2324834,9.1138361,0.9990600891127086,0.9990600891127086,0.9981456790024443,0.9988210259845495,0.8393203892908511,0.9981456790024443
302132184,39.23206,9.1143695,0.9991091665545526,0.9991091665545526,0.9980901545897333,0.9988789524096015,0.8393077665526303,0.9980901545897333
302742385,39.2231848,9.1277682,0.9972072803652154,0.9969007067243899,0.9972072803652154,0.9774527225416767,0.835605606444051,0.9972072803652154
302742387,39.2213023,9.1293442,0.9987892031041301,0.9973981724955373,0.9987892031041301,0.9732038361457424,0.8317282274503047,0.9987892031041301
302742388,39.2209966,9.1297442,0.9990684006512746,0.997424667156447,0.9990684006512746,0.9722812348892842,0.8307156188741907,0.9990684006512746
302742389,39.2208998,9.1302655,0.9992893931790324,0.997939214319182,0.9992893931790324,0.9724796087740009,0.8299882445495453,0.9992893931790324
302742390,39.2204475,9.1291043,0.9962246027733769,0.9943611782445266,0.9962246027733769,0.9701013418796601,0.8247128656787739,0.9962246027733769
302742391,39.220082,9.1295154,0.9950461479373379,0.9930296448981294,0.9950461479373379,0.9677892098143495,0.8225270387142465,0.9950461479373379
302742393,39.2245128,9.1251236,0.9992119380543293,0.9973105449598078,0.9992119380543293,0.9820607936521913,0.8392673216424108,0.9992119380543293
302742394,39.2256025,9.1251766,0.9994706871367737,0.9983387926271142,0.9994706871367737,0.9837904250044196,0.8395132094859926,0.9994706871367737
302742395,39.2281928,9.1283861,0.9982258719561571,0.9982258719561571,0.9981781300238003,0.9824850209646063,0.8337217331573168,0.9981781300238003
302742396,39.2278008,9.1290908,0.9980175422702849,0.9980175422702849,0.9980105447341461,0.9828011889912156,0.8348626671425188,0.9980105447341461
302742398,39.2255488,9.1278601,0.9985385196778456,0.998354267607747,0.9985385196778456,0.9789827441525358,0.8384575561422967,0.9985385196778456
302742400,39.2256276,9.1244491,0.9994720551699765,0.9977458906328435,0.9994720551699765,0.9827449182495339,0.8395950362621225,0.9994720551699765
302742402,39.2245254,9.1244122,0.9991210513599172,0.9961533985922421,0.9991210513599172,0.9818546892864,0.8394796608303938,0.9991210513599172
302742403,39.2247761,9.1226613,0.9994322095553172,0.9961138690136644,0.9994322095553172,0.9856855423653494,0.8397636598043168,0.9994322095553172
302742405,39.2245414,9.1236803,0.9993291463207238,0.9961012709698156,0.9993291463207238,0.9833424618729503,0.8396487626998564,0.9993291463207238
302742406,39.2250657,9.1237005,0.9993144401946351,0.9967021962950402,0.9993144401946351,0.9809754052360221,0.8394476158262008,0.9993144401946351
302742407,39.2233977,9.1304035,0.9976404466342056,0.9976404466342056,0.9969607301380311,0.9706362636821212,0.8331703825184505,0.9969607301380311
302742408,39.2215214,9.1303034,0.9988861421896849,0.997823517409836,0.9988861421896849,0.9709542096073439,0.8288281170629923,0.9988861421896849
302742410,39.2197685,9.1303645,0.9996995095707578,0.998593512727198,0.9996995095707578,0.97346456489276,0.8289150539686762,0.9996995095707578
302742411,39.2172953,9.1303466,0.9997661618991782,0.9997661618991782,0.9996922267195938,0.9730657875269788,0.831551716572171,0.9996922267195938
302742089,39.2274875,9.1198659,0.9993582373492885,0.9977792477606322,0.9993582373492885,0.9943623273208233,0.8396964875485964,0.9993582373492885
302742090,39.2266448,9.1201093,0.9994243376750949,0.9960968586093762,0.9994243376750949,0.9915244646380303,0.8397684966458538,0.9994243376750949
302742091,39.2259115,9.1205075,0.9996718258044854,0.9965215145004154,0.9996718258044854,0.9918294786652216,0.8398520483733579,0.9996718258044854
302742094,39.2269655,9.1180052,0.9987582208203376,0.9977032071982905,0.9987582208203376,0.9959058472653514,0.8393932441604587,0.9987582208203376
302742096,39.2266607,9.1172342,0.9985477480097086,0.9974369189863894,0.9985477480097086,0.9956575051498093,0.8389672691818718,0.9985477480097086
302742099,39.2261211,9.1170761,0.999389326862111,0.9976107324596717,0.999389326862111,0.9957097647721816,0.8385697797816307,0.999389326862111
302742101,39.2309814,9.1137874,0.9982203692632019,0.9981630122269873,0.9971285539323811,0.9982203692632019,0.8388430943524855,0.9971285539323811
302742102,39.2307849,9.1140888,0.9984356031741516,0.99831789649013,0.9974810278765728,0.9984356031741516,0.8390162290975097,0.9974810278765728
302742103,39.2301825,9.1150081,0.998265360112697,0.998265360112697,0.9975744708235208,0.9980766324471625,0.8389546737901202,0.9975744708235208
302742104,39.2295414,9.1159562,0.9978949454146988,0.9978949454146988,0.9977927411742812,0.9975507471353576,0.8389301423929653,0.9977927411742812
302742105,39.2288627,9.1169827,0.9983998790575449,0.997622883862382,0.9983998790575449,0.9961544868013918,0.8385803814569702,0.9983998790575449
302742106,39.228636,9.1173072,0.9987165851985117,0.9976494381178713,0.9987165851985117,0.9963135264680142,0.8386966345015499,0.9987165851985117
302742110,39.2300242,9.1132097,0.9978074124555408,0.9977354627587334,0.9964345308380963,0.9978074124555408,0.838450898353694,0.9964345308380963
302742112,39.2303917,9.1136304,0.9978090730482647,0.997632614350247,0.9964579099670029,0.9978090730482647,0.8384270901882301,0.9964579099670029
302742113,39.2311024,9.1144214,0.9982395941341011,0.9982395941341011,0.9973094010553865,0.9982331282401782,0.8388626527901394,0.9973094010553865
302742115,39.2315581,9.1148922,0.9990332434293608,0.9990332434293608,0.99810877093637,0.998907817962867,0.8394179942882682,0.99810877093637
302742118,39.2292998,9.114037,0.9981467539626547,0.9980899863584709,0.9973846866534967,0.9981467539626547,0.8388124117286435,0.9973846866534967
302742119,39.2286757,9.1150124,0.9977127027601004,0.9977127027601004,0.997666863887879,0.9964291945925307,0.8384252132134085,0.997666863887879
302742120,39.2280031,9.1160028,0.9986348682944534,0.9982891436090716,0.9986348682944534,0.9971105966653399,0.8390260892031072,0.9986348682944534
302742125,39.2240613,9.1177066,0.9994559005927625,0.9965971683560412,0.9994559005927625,0.9941607623297681,0.8397688711354135,0.9994559005927625
291930930,39.2279752,9.0936244,0.9929577935358586,0.983086656256856,0.9929577935358586,0.9470679294817256,0.7905749585394715,0.9929577935358586
291930970,39.2283175,9.0940211,0.9962399779576929,0.9896317204977318,0.9962399779576929,0.9653380909733591,0.8075505727467991,0.9962399779576929
291931007,39.2289147,9.0946403,0.9967124449567278,0.9908852123481698,0.9967124449567278,0.966644307496822,0.8134561813348554,0.9967124449567278
291931047,39.2312516,9.0933937,0.9997434453688091,0.9907364566039284,0.9997434453688091,0.9536825291378002,0.8047754210206298,0.9997434453688091
291950060,39.2141622,9.1077963,0.997053662415433,0.997053662415433,0.9944927507044701,0.9885604516388026,0.837643290393391,0.9942195326401675
291950065,39.2146732,9.1024962,0.9957417089466122,0.9957417089466122,0.992764722522341,0.9723471293217044,0.828660995203013,0.992734223877843
291950099,39.2284441,9.092514,0.9999400726924133,0.9805790121044284,0.9999400726924133,0.9265143641539073,0.7873155620054422,0.9999400726924133
291950100,39.2281878,9.0926206,0.8997411562771962,0.0,0.8997411562771962,0.0,0.0,0.8997411562771962
291950111,39.2211399,9.0968257,0.9941582366946421,0.9593222278120257,0.9941582366946421,0.883575508277007,0.7507366551033908,0.9941582366946421
291950133,39.2160445,9.0997129,0.9947517225936985,0.9932625146869816,0.9947517225936985,0.9614433802347353,0.8189359914535669,0.9947517225936985
291950163,39.2113713,9.1158323,0.992697073778582,0.990916876554132,0.992697073778582,0.9891367730236998,0.834367655805866,0.992697073778582
292273181,39.2421174,9.1515213,0.9682543636219321,0.0,0.9682543636219321,0.0,0.0,0.9682543636219321
292274049,39.2251245,9.1293056,0.998550368515791,0.998550368515791,0.997439616434674,0.9785347217071657,0.8373121224228324,0.997439616434674
292274052,39.2285882,9.1320165,0.9994870638741391,0.9994870638741391,0.9985134782884317,0.9848797402368284,0.8306710158487334,0.9985134782884317
292274059,39.2331181,9.1365963,0.9962808568726036,0.995778910519809,0.9962808568726036,0.975272669746295,0.8013211504827674,0.9962808568726036
292274066,39.2220023,9.1262634,0.9964538091663436,0.9964538091663436,0.9962081775404326,0.9802481208348611,0.835272716094168,0.9962081775404326
292274069,39.2237323,9.1282727,0.997434860336245,0.997434860336245,0.9971260292649213,0.9769147228321373,0.836201808059072,0.9971260292649213
292274248,39.2228176,9.127364,0.9977372967730055,0.9972336787160909,0.9977372967730055,0.9785501211844335,0.8362577066543283,0.9977372967730055
292347461,39.1684046,9.0330249,0.9999999967674676,0.5809526181731592,0.9999999967674676,0.46468699682224374,0.3995968858283806,0.9999999967674676
292347826,39.2111578,9.1159028,0.9929001276337033,0.992604664737836,0.9929001276337033,0.9897127023106668,0.8350747016917637,0.9929001276337033
302964321,39.2030518,9.1298763,0.9980845567639668,0.9980845567639668,0.9891379497893849,0.9539220202852898,0.818987613355329,0.9891379497893849
302964322,39.2061491,9.1248753,0.9984020034854043,0.9984020034854043,0.9909546888673959,0.9739704867431241,0.8337220356514179,0.9909546888673959
302964332,39.2029455,9.1295159,0.9986244046855239,0.9986244046855239,0.9898091988898471,0.9238276509744583,0.804364261780088,0.9898091988898471
302964333,39.2030852,9.1292704,0.9985290736196166,0.9985290736196166,0.989686496778345,0.923364080858562,0.8041457063581038,0.989686496778345
302964335,39.2041999,9.1282317,0.9994377572284553,0.9994377572284553,0.9908760993644469,0.9606932675477362,0.8261583022127171,0.9908760993644469
302964347,39.2132484,9.1233708,0.9997635780537852,0.9997635780537852,0.995618111287418,0.9879223673777792,0.8385953901994095,0.995618111287418
302964348,39.2125802,9.1233558,0.6833632306209467,0.6833632306209467,0.0,0.0,0.0,0.0
302964677,39.2380565,9.1196403,0.9974434593022539,0.99721910531007,0.9974434593022539,0.9973882817118102,0.835539033280271,0.9974434593022539
302964678,39.2391372,9.1190988,0.9943801252523904,0.9943801252523904,0.9941610061109581,0.9927862944078362,0.8296807455326712,0.9941610061109581
302964683,39.2393194,9.1183203,0.9998314157084617,0.9998314157084617,0.9993509815328265,0.9990299748919406,0.8380076625049176,0.9993509815328265
302964685,39.2350373,9.112134,0.9997961011985377,0.9997961011985377,0.9980316403621564,0.9980681657032541,0.8387361485978357,0.9980316403621564
302964689,39.2364283,9.1141008,0.9997226503708085,0.9997226503708085,0.9986914424468069,0.9989664249418662,0.8392021096577137,0.9986914424468069
302964690,39.2365833,9.11422,0.9997320449373154,0.9997320449373154,0.9987603542542431,0.9990027371216097,0.8391774028614085,0.9987603542542431
302964695,39.2360695,9.111245,0.9997330972321291,0.9997330972321291,0.9978279035521589,0.9979933161908336,0.8385961835927425,0.9978279035521589
302964697,39.2366072,9.1126211,0.9995966724180964,0.9995966724180964,0.9985578644496241,0.9987724304411159,0.8389936104204667,0.9985578644496241
302964698,39.2366398,9.1129837,0.9995771992768848,0.9995771992768848,0.9985863109537221,0.9988162403788973,0.8390178655399612,0.9985863109537221
302964699,39.2365022,9.1133447,0.9995681853323004,0.9995681853323004,0.998585995069624,0.998847722775791,0.8390472050234383,0.998585995069624
302964700,39.2367665,9.1107206,0.9994584584808169,0.9994584584808169,0.9975122240541933,0.9976187259759509,0.8380697602726128,0.9975122240541933
302964701,39.2373294,9.1120586,0.997818060153495,0.997818060153495,0.9967145443907826,0.9967442770310802,0.8370988917337647,0.9967145443907826
302964702,39.2372542,9.1104202,0.999151979832596,0.999151979832596,0.9970769410629161,0.9972704089348355,0.8377693973412592,0.9970769410629161
302743075,39.2282425,9.1361339,0.9998431433305119,0.9998431433305119,0.9970027539713747,0.9691068906992112,0.8099733572548028,0.9970027539713747
302743076,39.2268966,9.13688,0.9995248662135177,0.9995248662135177,0.9956541093680159,0.9559957477093185,0.7959548754980327,0.9956541093680159
302743079,39.2284342,9.1359043,0.9998347123591429,0.9998347123591429,0.9971800502548338,0.9701630541430294,0.8109725271008204,0.9971800502548338
302743080,39.2285984,9.135695,0.9998409988701813,0.9998409988701813,0.9972728324652408,0.97099989600258,0.811860199945004,0.9972728324652408
302743084,39.2293533,9.1356929,0.9998541901177872,0.9998541901177872,0.9979214504908867,0.9719766168340248,0.8137445840744484,0.9979214504908867
302743085,39.2303083,9.1354629,0.999787776512786,0.999787776512786,0.9986379029423686,0.9686766669700106,0.8099048875206051,0.9986379029423686
302743087,39.2292975,9.1353125,0.9998636949368614,0.9998636949368614,0.9979930015674058,0.9732063660478506,0.8152524614073466,0.9979930015674058
302743396,39.2240482,9.1369807,0.9988755685799712,0.9980426481936239,0.9988755685799712,0.9565761002941626,0.8135901957344652,0.9988755685799712
302743404,39.2254954,9.1380667,0.9970550060327195,0.9949881726101039,0.9970550060327195,0.9485095638573037,0.7960750145925779,0.9970550060327195
302743416,39.2238581,9.1390955,0.9971288724560148,0.9960682605423257,0.9971288724560148,0.9417282170240155,0.7934958910612967,0.9971288724560148
302743431,39.2241825,9.1378762,0.9965739736768027,0.9948021573108589,0.9965739736768027,0.9392828612644518,0.7906232215259171,0.9965739736768027
302743433,39.2227255,9.1389568,0.9556025128129887,0.9369133493972848,0.9556025128129887,0.8627304164460741,0.7378102778010583,0.9556025128129887
302743440,39.2241534,9.1375333,0.9987152130994995,0.9976898099820308,0.9987152130994995,0.9547355322595082,0.8106929107585212,0.9987152130994995
302743441,39.2237255,9.1387279,0.9946696037507962,0.9935253090905903,0.9946696037507962,0.93942464665288,0.7914219791761784,0.9946696037507962
302743447,39.2269813,9.1377246,0.8131899860146964,0.8131899860146964,0.6833632306209467,0.0,0.0,0.6833632306209467
302743452,39.224931,9.138884,0.9947041629157747,0.9886603910510062,0.9947041629157747,0.9016418065737424,0.7253215328466821,0.9947041629157747
302743457,39.2254838,9.1388712,0.9946910716478291,0.9570814256347796,0.9946910716478291,0.8934925459018831,0.6949919734595438,0.9946910716478291
302743545,39.2396151,9.1481143,0.9995928211873127,0.985810425498033,0.9995928211873127,0.9400150375710653,0.7406449361020568,0.9995928211873127
302743548,39.2409626,9.149275,0.9990274081123297,0.9831601341631899,0.9990274081123297,0.9366900050986058,0.7363654460499472,0.9990274081123297
302964121,39.2144222,9.1433361,0.9981854474529378,0.9891119485054389,0.9981854474529378,0.9188547431509766,0.8078576472704042,0.9981854474529378
302964272,39.2071955,9.1337671,0.999502371986428,0.999502371986428,0.996513893259672,0.9623009367813056,0.8315087975776437,0.996513893259672
302964273,39.2059081,9.1329599,0.9998781683365068,0.9998781683365068,0.9950574186404223,0.9589326278008833,0.8303179179310245,0.9950574186404223
302964274,39.2057569,9.1345442,0.9998635885931929,0.9998635885931929,0.9940359418460691,0.9548288642372891,0.82935054570718,0.9940359418460691
302964275,39.2050894,9.13444,0.9999448710433008,0.9999448710433008,0.9942203629908432,0.9535233164807876,0.8295825994559405,0.9942203629908432
302964276,39.2062656,9.1299306,0.9968498541854415,0.9968498541854415,0.9898561253714065,0.9645867899306712,0.8284718940123862,0.9898561253714065
302964278,39.2068216,9.1295646,0.9901717351487579,0.9901717351487579,0.9829062730789858,0.9534089915959623,0.8193452873517711,0.9829062730789858
302964279,39.2067672,9.1300236,0.9913955616004263,0.9913955616004263,0.9844141805470182,0.9554356636127161,0.8211504145631676,0.9844141805470182
302964284,39.2080708,9.1270255,0.9998976865407007,0.9998976865407007,0.9933974528763402,0.9765751928074229,0.8353063764829713,0.9933974528763402
302964287,39.2069281,9.1269889,0.9994234436176761,0.9994234436176761,0.9922307236131911,0.9737134452745897,0.8338194020254572,0.9922307236131911
302964289,39.2069294,9.1261917,0.9980681876484921,0.9980681876484921,0.9898676940694635,0.9741203667514056,0.8340774795555371,0.9898676940694635
302964290,39.2069277,9.1265384,0.9978625126038083,0.9978625126038083,0.9897630945602485,0.9741844625554077,0.8341679224006925,0.9897630945602485
302964294,39.2080523,9.1279755,0.9998059830294829,0.9998059830294829,0.9939466931838213,0.9754210131755648,0.834458289561563,0.9939466931838213
302964295,39.2089244,9.1289179,0.9998281676303851,0.9998281676303851,0.9940442717624556,0.9720440110735631,0.8336263749717497,0.9940442717624556
302964296,39.208032,9.1288893,0.9996773574891787,0.9996773574891787,0.9945531379761383,0.9731848972417678,0.8338079171740105,0.9945531379761383
302964301,39.2082534,9.1246705,0.9997242875090271,0.9997242875090271,0.9901185856182403,0.9814982262905111,0.8371746311113315,0.9901185856182403
302964305,39.2081015,9.1257385,0.9998807500738666,0.9998807500738666,0.9923438287669057,0.9794850131334539,0.8362815681871182,0.9923438287669057
302964309,39.2088705,9.1270412,0.9999198016026185,0.9999198016026185,0.9934881064237325,0.9761222919620076,0.8354448207787172,0.9934881064237325
302964310,39.2089605,9.1277546,0.9999039063997394,0.9999039063997394,0.9940679764391787,0.9744180125395917,0.8349517811641066,0.9940679764391787
302964314,39.2079934,9.1301133,0.9993932263285912,0.9993932263285912,0.9951659306176315,0.9700412605098194,0.8322977696975976,0.9951659306176315
302964315,39.2095274,9.127434,0.9998616620200379,0.9998616620200379,0.9930622820233311,0.9723000470172192,0.8338619483026627,0.9930622820233311
302964703,39.2378078,9.1116882,0.9983759350119525,0.9983759350119525,0.9975183803994224,0.9976193199775103,0.8377781249334896,0.9975183803994224
302964705,39.237987,9.1123149,0.9985871135192785,0.9985871135192785,0.998322536191831,0.9980202485633257,0.8381385791613605,0.998322536191831
302964706,39.2377915,9.1101269,0.9986868894335754,0.9986868894335754,0.9970980083862112,0.9976353032388077,0.837768425066092,0.9970980083862112
302964708,39.2397723,9.1127111,0.9984307506223355,0.9974229128770014,0.9984307506223355,0.9979326747705736,0.837558881894162,0.9984307506223355
302964713,39.2378955,9.1134723,0.9985941395342746,0.9985941395342746,0.9981594864266944,0.998175463778276,0.8382197367080494,0.9981594864266944
302964714,39.2373952,9.1134274,0.99925957050161,0.99925957050161,0.9982179067375885,0.9982017622982436,0.8383209499164559,0.9982179067375885
302964715,39.237297,9.1138959,0.9995710528085215,0.9995710528085215,0.9985106769869919,0.9984887346812296,0.8386157519188844,0.9985106769869919
302964718,39.238992,9.1127315,0.9984226813836485,0.9982959524810708,0.9984226813836485,0.9978951489889664,0.8377921244595613,0.9984226813836485
302964719,39.2405038,9.1106834,0.9978149726833951,0.9969123767120242,0.9978149726833951,0.9975119571969339,0.8367937289233073,0.9978149726833951
302964720,39.2388141,9.1121394,0.9983609008183548,0.9980579674892925,0.9983609008183548,0.9980018857528253,0.8375955746769111,0.9983609008183548
302964721,39.2387638,9.1127913,0.9984831029739795,0.9984831029739795,0.9983974489263802,0.9979488642319276,0.8378225772362631,0.9983974489263802
302964722,39.2400566,9.1097897,0.9977652822049278,0.9977652822049278,0.9973308816033284,0.9974131051393382,0.8364254478117873,0.9973308816033284
302964723,39.2387652,9.1108798,0.9980012493654536,0.9980012493654536,0.9976918340394242,0.9979674630242295,0.8371037659514132,0.9976918340394242
302964727,39.2379403,9.1127084,0.9988477116408965,0.9988477116408965,0.9985065686318126,0.9982052993009166,0.8382807576442494,0.9985065686318126
302964730,39.2399721,9.1126037,0.9984099477074077,0.9973245432523393,0.9984099477074077,0.9979222077863679,0.8375654114810328,0.9984099477074077
302964732,39.2408005,9.111566,0.9978400185017731,0.9960024170221409,0.9978400185017731,0.9971875055572854,0.8369013224863449,0.9978400185017731
302964733,39.240808,9.1113062,0.9978069911783448,0.9962624806958542,0.9978069911783448,0.9972551960264043,0.8368727330540687,0.9978069911783448
302964738,39.2382379,9.1097762,0.9982759914492132,0.9982759914492132,0.9968260836453973,0.9974331073334404,0.8373054905095879,0.9968260836453973
302964739,39.2386546,9.1094254,0.9982870147675599,0.9982870147675599,0.9974452098949685,0.99767687163923,0.8371104734123402,0.9974452098949685
302964740,39.239478,9.1086983,0.9984547247364209,0.9984547247364209,0.997320830979129,0.9971978715131629,0.8365103053317418,0.997320830979129
304587538,39.2425191,9.1205498,0.995857799709131,0.9954789911034658,0.995857799709131,0.9904558020191574,0.8174932539454566,0.995857799709131
304587540,39.242831,9.1209819,0.996378253273064,0.9962112976007237,0.996378253273064,0.9915351920599932,0.8199746035804578,0.996378253273064
304587544,39.2398792,9.1225731,0.9966469456273761,0.9947097692600858,0.9966469456273761,0.9927993763734521,0.8239373241485605,0.9966469456273761
304587547,39.2402647,9.1229802,0.9967751612871296,0.9953477711277557,0.9967751612871296,0.9931892196056461,0.8249861135471034,0.9967751612871296
304587548,39.2408219,9.1235522,0.9967343981998001,0.9958699580352371,0.9967343981998001,0.99385249101241,0.8256190715319077,0.9967343981998001
304587550,39.2413368,9.1241177,0.9948481563799417,0.9932289456550887,0.9948481563799417,0.993337311998699,0.8246220355759104,0.9948481563799417
304587552,39.241859,9.1246609,0.9948216525722191,0.9939524144933206,0.9948216525722191,0.99409822317732,0.8267231845350017,0.9948216525722191
304587554,39.2423932,9.1252021,0.9948872214419332,0.9940483853694989,0.9948872214419332,0.990642426003497,0.818374486811784,0.9948872214419332
304587555,39.2428497,9.125643,0.9929714110258971,0.9919702826869352,0.9929714110258971,0.9875981174382419,0.814268375765952,0.9929714110258971
304587558,39.2432604,9.1260241,0.9932942745141474,0.9925347410831141,0.9932942745141474,0.9879674866070155,0.8157795075632954,0.9932942745141474
304587561,39.2426037,9.1260712,0.9927982160891903,0.9915161904556838,0.9927982160891903,0.9873433394727511,0.8120886533016963,0.9927982160891903
304587568,39.2420388,9.1258189,0.993836583257894,0.9926287004745884,0.993836583257894,0.9889517554827968,0.8149616547146668,0.993836583257894
304587571,39.2440122,9.1256875,0.993676979254356,0.993358090012396,0.993676979254356,0.9889064097671054,0.8192581089389237,0.993676979254356
304587597,39.2436686,9.1272942,0.9902912795607145,0.9886141595136398,0.9902912795607145,0.9871356618860577,0.8196368491480702,0.9902912795607145
304587598,39.2434766,9.1276726,0.9933508008203749,0.9923823329662932,0.9933364726363686,0.9933508008203749,0.8299738666047417,0.9933364726363686
304587613,39.2425218,9.1168242,0.9990574242467419,0.9984666650042846,0.9990574242467419,0.9966672435110786,0.8316690845419382,0.9990574242467419
304587617,39.2422942,9.1167129,0.9989945031218208,0.9986391296806725,0.9989945031218208,0.9969318951622825,0.832406645485991,0.9989945031218208
304587624,39.2423332,9.117158,0.9989084842430168,0.9984118065677094,0.9989084842430168,0.9965848869356556,0.8315266537965393,0.9989084842430168
304587634,39.2426174,9.1165252,0.9991432453537082,0.9983863505025201,0.9991432453537082,0.9967073260679892,0.8316871600805579,0.9991432453537082
304587639,39.2418123,9.1171358,0.9990847014550616,0.9990847014550616,0.9990198215355519,0.9975448338241416,0.8340320179484824,0.9990198215355519
302964193,39.2086326,9.1394294,0.998510203034392,0.9982807702542091,0.998510203034392,0.93729955393935,0.8244448926460999,0.998510203034392
302964195,39.2085107,9.1366241,0.9980412591515209,0.9980412591515209,0.9977269969569942,0.9541358447306437,0.8287604834880092,0.9977269969569942
302964205,39.2067528,9.1383874,0.9992580284581951,0.9992580284581951,0.9980335944140013,0.9456759053113902,0.8289207294951664,0.9980335944140013
302964206,39.2065855,9.1386446,0.9993472084659749,0.9993472084659749,0.9981501666766357,0.944767093671732,0.8288288973989728,0.9981501666766357
302964208,39.2065509,9.1410952,0.999712370799435,0.999712370799435,0.9984574482071998,0.9304272839941111,0.8232295474733062,0.9984574482071998
302964209,39.2065543,9.1416144,0.999767816649355,0.999767816649355,0.9984893932642896,0.9299091645906711,0.8235100554110357,0.9984893932642896
302964210,39.2071393,9.1380652,0.998963585998814,0.998963585998814,0.9972781516317375,0.94675078878023,0.8289665656637294,0.9972781516317375
302964214,39.2108723,9.1411789,0.9990723163442532,0.9990723163442532,0.9989877058168376,0.9327369518111492,0.8202444469904837,0.9989877058168376
302964218,39.2073828,9.1389245,0.9989359120662402,0.9989359120662402,0.9975492132468909,0.9421110700545315,0.8272985605984695,0.9975492132468909
302964220,39.2073854,9.1402069,0.9993204145543961,0.9993204145543961,0.997749712282675,0.937029800097971,0.8245186425340404,0.997749712282675
302964221,39.2077182,9.1410229,0.9996541093928718,0.9996541093928718,0.9976812440767798,0.9336176401913185,0.8238251842544394,0.9976812440767798
302964222,39.208233,9.1420342,0.9998588119723157,0.9998588119723157,0.9988307336334032,0.9286740528282347,0.8205202575949758,0.9988307336334032
302964223,39.2098288,9.1415484,0.9995271271157479,0.9995271271157479,0.9990473310670218,0.927955513704272,0.8179476685625191,0.9990473310670218
302964227,39.2069234,9.1410686,0.9997076970600538,0.9997076970600538,0.9977502506196433,0.9310073610431306,0.8235302542894621,0.9977502506196433
302964228,39.2069264,9.1416148,0.9997759566855766,0.9997759566855766,0.9985890301467036,0.9286221538730038,0.8235406906048932,0.9985890301467036
302964229,39.2069453,9.1431801,0.9998556039672151,0.9998556039672151,0.9986381536058301,0.923122431545198,0.8228203895703786,0.9986381536058301
302964236,39.2049955,9.1420873,0.9997999761225901,0.9997999761225901,0.99593469749112,0.9339635769928649,0.8210547413541276,0.99593469749112
302964237,39.2049977,9.1416268,0.9998632923227996,0.9998632923227996,0.996327594161446,0.9353969114189311,0.8223055078548676,0.996327594161446
302964244,39.2071882,9.1345305,0.9992541547519347,0.9992541547519347,0.996979109577795,0.9604411150374049,0.8310713061508758,0.996979109577795
302964245,39.2064479,9.1353206,0.9994539270836564,0.9994539270836564,0.9957343727647868,0.9574454707773015,0.830735658726719,0.9957343727647868
302964825,39.235864,9.1038766,0.9992017087458628,0.9992017087458628,0.9934686726205892,0.9960662342036325,0.8337890498622652,0.9934686726205892
302964826,39.2347226,9.1050852,0.9990039055767564,0.9990039055767564,0.9917314414257095,0.9960416555396753,0.8341647063825993,0.9917314414257095
302964830,39.2341335,9.1062599,0.9985486750255423,0.9985486750255423,0.9911849088085769,0.9959554461610501,0.833577782296246,0.9911849088085769
302965974,39.2361959,9.1026902,0.9993134819503826,0.9993134819503826,0.9937974050933869,0.9959986755435017,0.8333364007420412,0.9937974050933869
302965975,39.2355454,9.1033893,0.9988719746581366,0.9988719746581366,0.992954298674433,0.9957777891595841,0.8333924103335213,0.992954298674433
302965976,39.2344184,9.1045835,0.9992138984506713,0.9992138984506713,0.9921138562891394,0.9961604869676293,0.834491976609793,0.9921138562891394
302965979,39.2363532,9.101746,0.9991379776930401,0.9991379776930401,0.9931592817853861,0.9950116086537943,0.833136563289253,0.9931592817853861
302965980,39.2358604,9.1022116,0.9993554942031554,0.9993554942031554,0.9940581723261139,0.9959063922623131,0.8341083735017922,0.9940581723261139
302965981,39.2355054,9.1025235,0.9992306941596316,0.9992306941596316,0.9935887390007331,0.9955788894658575,0.8335426685663018,0.9935887390007331
302965982,39.2351893,9.102839,0.9991994460927901,0.9991994460927901,0.9932973386506199,0.995837326873356,0.8338341901349339,0.9932973386506199
302965983,39.2340548,9.1039292,0.9991743332565177,0.9991743332565177,0.9919407503430338,0.99617070516443,0.8346609259132173,0.9919407503430338
302965985,39.2329173,9.1045523,0.999021337098947,0.999021337098947,0.9915705577649782,0.996430965289275,0.8348967580940679,0.9915705577649782
302965986,39.232699,9.102969,0.9987905386787301,0.9987905386787301,0.9934532798086435,0.9971013311227273,0.8362088216074242,0.9934532798086435
302965989,39.2328901,9.1033068,0.9987516884578747,0.9987516884578747,0.9930644926658596,0.9967397146181071,0.8356957307605515,0.9930644926658596
302965999,39.2279313,9.1090184,0.9987519004713109,0.99652453824363,0.997599919167513,0.9987519004713109,0.8377326692796929,0.997599919167513
302966001,39.2296891,9.1077207,0.9985319285913642,0.9960037748541303,0.9961692626599791,0.9985319285913642,0.8377576240071424,0.9961692626599791
302966005,39.2328091,9.1028591,0.9987766979710284,0.9987766979710284,0.9935551975228326,0.9971297791901124,0.836248533241747,0.9935551975228326
302966006,39.2354447,9.1002842,0.9981875676853521,0.9981875676853521,0.9941399517166442,0.9945014230753929,0.8330978092716136,0.9941399517166442
302966007,39.2359532,9.0998539,0.9982775741578838,0.9982775741578838,0.994830973350897,0.994688721802845,0.8332419397908217,0.994830973350897
302966008,39.2367092,9.0992496,0.9984252141239385,0.9984252141239385,0.9946068207115406,0.9943208493590532,0.8331821046028255,0.9946068207115406
302964794,39.2385435,9.1055165,0.9992363972624049,0.9992363972624049,0.9955046356403361,0.9968967003764974,0.8351424082098834,0.9955046356403361
302964796,39.2388784,9.1064146,0.9989705779377733,0.9989705779377733,0.9956083392283672,0.9964058336739963,0.8346219294773626,0.9956083392283672
302964798,39.2390597,9.1075323,0.998003607055053,0.998003607055053,0.9964168874073269,0.996199204521225,0.8353481634885567,0.9964168874073269
302964799,39.2391883,9.1043244,0.9996159850661624,0.9996159850661624,0.995516861534518,0.9962428018909634,0.8343817482126635,0.995516861534518
302964800,39.2371145,9.1055716,0.9991777907240733,0.9991777907240733,0.9959148453269514,0.9973045102280476,0.8364222897818696,0.9959148453269514
302964805,39.2352416,9.1045352,0.9988712525554134,0.9988712525554134,0.9924499101006959,0.9959808971894427,0.8339838576607164,0.9924499101006959
302964806,39.2349364,9.1040102,0.9991443741948141,0.9991443741948141,0.9928416806209909,0.9961175945001135,0.8342387833610172,0.9928416806209909
302964807,39.234612,9.1033713,0.9989645159887786,0.9989645159887786,0.9925923811216631,0.9952353387040294,0.8326867931541725,0.9925923811216631
302964808,39.237161,9.1040205,0.9994854987590929,0.9994854987590929,0.9951279498695276,0.9967409080437231,0.8348947541715077,0.9951279498695276
302964810,39.2364286,9.1059407,0.9988413270192561,0.9988413270192561,0.9953116350815537,0.9970739112203622,0.8363609635487639,0.9953116350815537
302964811,39.2362118,9.1064519,0.9988306382882705,0.9988306382882705,0.9952029239231182,0.9970098075054302,0.836970142558862,0.9952029239231182
302964812,39.2358707,9.1072561,0.9988276903870945,0.9988276903870945,0.9947412772134074,0.9966072149471374,0.8376244501972252,0.9947412772134074
302964813,39.2360947,9.1057046,0.9985837219533696,0.9985837219533696,0.994249852398152,0.9962980675439851,0.8350047206949256,0.994249852398152
302964814,39.2358783,9.1062147,0.9986707655524443,0.9986707655524443,0.9946830718511275,0.9966112967353403,0.8366582757235627,0.9946830718511275
302964815,39.2355367,9.10702,0.9987111628809817,0.9987111628809817,0.9941601531818097,0.9961326545813307,0.8373263760330176,0.9941601531818097
302964819,39.237084,9.1033721,0.9992469829867212,0.9992469829867212,0.9941199173178794,0.9959772832819656,0.833621500711153,0.9941199173178794
302964820,39.236881,9.1036847,0.9994100463121741,0.9994100463121741,0.9946755822653379,0.996422408666718,0.8343290088344916,0.9946755822653379
302964821,39.2363627,9.1044441,0.9990420694085187,0.9990420694085187,0.993571137124169,0.9958602218696961,0.833591959628446,0.993571137124169
302964823,39.2369197,9.1025611,0.9994545793764863,0.9994545793764863,0.9943404685869176,0.996116879808915,0.8343613160360198,0.9943404685869176
302964824,39.2364817,9.1031012,0.9994755337198632,0.9994755337198632,0.9942210851317708,0.9963198388368752,0.8338763133644873,0.9942210851317708
302964248,39.2053071,9.1371616,0.9997502039772247,0.9997502039772247,0.9953194721396535,0.9487195434350543,0.8310749101621835,0.9953194721396535
302964249,39.2069611,9.1361447,0.9986013829844854,0.9986013829844854,0.9952350446375456,0.9540498886206417,0.8286329420289656,0.9952350446375456
302964250,39.2077783,9.137399,0.9983517137672663,0.9983517137672663,0.9970520086415287,0.9501375412517804,0.8290172046549006,0.9970520086415287
302964251,39.2076984,9.1353693,0.9986858552075757,0.9986858552075757,0.9964995544445084,0.9574502013958822,0.8287008508072524,0.9964995544445084
302964252,39.2058817,9.1365934,0.9972139631000173,0.9972139631000173,0.9927419033841427,0.9478586850543766,0.8255990425831885,0.9927419033841427
302964253,39.2091983,9.1355079,0.9982083469543964,0.9971929437865559,0.9982083469543964,0.9556215503695007,0.8275463107067489,0.9982083469543964
302964254,39.2055705,9.1298254,0.9958848422760889,0.9958848422760889,0.9896173825032472,0.9646064735826043,0.8274823933077252,0.9896173825032472
302964255,39.2055167,9.130351,0.9960141933524994,0.9960141933524994,0.9893515194711062,0.9630225409090156,0.8261654963241479,0.9893515194711062
302964256,39.2056938,9.1306378,0.9951951997803491,0.9951951997803491,0.9890968598973822,0.9621480831546362,0.8252396489080877,0.9890968598973822
302964257,39.2060548,9.1314676,0.9994126945614994,0.9994126945614994,0.9950684945298212,0.9616553533625708,0.8302851238213997,0.9950684945298212
302964259,39.2066736,9.1316739,0.9991328524368539,0.9991328524368539,0.9958928194878508,0.9633112085540325,0.8311455987328867,0.9958928194878508
302964260,39.2073728,9.1317917,0.9993017566723493,0.9993017566723493,0.9964682862074096,0.9660511484889567,0.8319648622048065,0.9964682862074096
302964261,39.2084479,9.1317664,0.9984981607811155,0.9984981607811155,0.9974185678510333,0.9639579897611639,0.8305835357121157,0.9974185678510333
302964262,39.2103216,9.1317089,0.9967384939384613,0.9962150731292709,0.9967384939384613,0.9598925329845228,0.8252990328425325,0.9967384939384613
302964263,39.2103272,9.1308421,0.996010510059198,0.995466498793226,0.996010510059198,0.9570773752555131,0.8224952311116802,0.996010510059198
302964265,39.2084602,9.1321703,0.9983499774799346,0.9983499774799346,0.9976234450801336,0.9633086572859464,0.8303262209282875,0.9976234450801336
302964267,39.2096591,9.1308757,0.996920485615118,0.996920485615118,0.9950581783592515,0.9573100381723667,0.8245166029522975,0.9950581783592515
302964268,39.2073051,9.1325858,0.9995832382552522,0.9995832382552522,0.9966456852546485,0.9645776867151519,0.8321528636986623,0.9966456852546485
302964269,39.2065678,9.1330498,0.999802826226695,0.999802826226695,0.9959878407919017,0.9619626640135175,0.8314597153653208,0.9959878407919017
302964270,39.2063927,9.1346318,0.9995395035343281,0.9995395035343281,0.99499680389921,0.9576924768543447,0.8303796018690418,0.99499680389921
302964126,39.2117971,9.1425709,0.9965464851597042,0.9797311837848375,0.9965464851597042,0.9064694080290134,0.7934168546545425,0.9965464851597042
302964128,39.2209362,9.1365699,0.9984900358792651,0.994006429881229,0.9984900358792651,0.9508337177541829,0.8085451072825472,0.9984900358792651
302964135,39.2190785,9.1399602,0.9988597547130542,0.9853576316239916,0.9988597547130542,0.9362818886383417,0.7980602684110798,0.9988597547130542
302964139,39.2177994,9.1406757,0.9979650569505916,0.9855652874831253,0.9979650569505916,0.9302995629562211,0.8025987696174973,0.9979650569505916
302964144,39.2146281,9.1425403,0.9990253807701427,0.9909116271263572,0.9990253807701427,0.9219195446293704,0.8116175452046277,0.9990253807701427
302964145,39.2143985,9.1425559,0.9990960869640295,0.9917631017020031,0.9990960869640295,0.9225070550060799,0.812069783986929,0.9990960869640295
302964146,39.2140675,9.1425931,0.9991612254941891,0.9927315837220719,0.9991612254941891,0.9234479488491387,0.8123736097472078,0.9991612254941891
302964147,39.2138337,9.1426114,0.9992579514820692,0.9934933656682141,0.9992579514820692,0.9240187689329874,0.8127273924959632,0.9992579514820692
302964149,39.211988,9.1421846,0.9975346882544123,0.9975346882544123,0.9940202741694761,0.9298296296391211,0.8174342785856141,0.9940202741694761
302964151,39.2117167,9.141839,0.9980815929671215,0.9980815929671215,0.9976581585256129,0.9307616265242811,0.8182670577969869,0.9976581585256129
302964152,39.2112952,9.14104,0.9991894860103905,0.9988073383301556,0.9991894860103905,0.9344641262658498,0.8204949288942868,0.9991894860103905
302964154,39.2099944,9.1379619,0.9986113836158639,0.9974528360609978,0.9986113836158639,0.9467989104262291,0.8251969474296023,0.9986113836158639
302964155,39.2092969,9.1358203,0.99817765822661,0.9972164532764425,0.99817765822661,0.9551136909632998,0.8277816983002085,0.99817765822661
302964157,39.2091327,9.1343607,0.9979172324048998,0.9972513809951447,0.9979172324048998,0.958869542635479,0.8272230576156071,0.9979172324048998
302964160,39.2097111,9.1322999,0.9982554458984068,0.9969103813271849,0.9982554458984068,0.9646618326387859,0.8288803680754212,0.9982554458984068
302964172,39.214127,9.1433513,0.9985697334326527,0.9909383293924053,0.9985697334326527,0.9204446045633382,0.8087596559303143,0.9985697334326527
302964180,39.2114058,9.1419236,0.9982549891475416,0.9977830189542445,0.9982549891475416,0.9287562968346135,0.8171592561842304,0.9982549891475416
302964184,39.2117121,9.1421638,0.9977663863342717,0.9977663863342717,0.99368378247949,0.9300583378696038,0.8176790307185712,0.99368378247949
302964191,39.2096126,9.1383699,0.998124667792133,0.997156804661213,0.998124667792133,0.946476004434067,0.8255769081728416,0.998124667792133
302964192,39.2090575,9.1389492,0.9980797700524183,0.9976332773960573,0.9980797700524183,0.9351999271281152,0.8232967185481539,0.9980797700524183
304697342,39.2483315,9.1290056,0.9957860585900487,0.9942646277117199,0.9957860585900487,0.9887354237064035,0.830993649037213,0.9957860585900487
304697343,39.2486184,9.1293013,0.9959472364252328,0.9947426006657129,0.9959472364252328,0.9879338654096181,0.8308743353623047,0.9959472364252328
304697344,39.2490549,9.1297273,0.9964769041281264,0.9957122481383793,0.9964769041281264,0.9886801205814172,0.8315933196386255,0.9964769041281264
304697345,39.2494809,9.1301573,0.9963923898948988,0.995490156553858,0.9963923898948988,0.9860032674341799,0.8309235159616303,0.9963923898948988
304697346,39.2516933,9.1317855,0.9948738674325516,0.9928112559981529,0.9948738674325516,0.980375391606785,0.8281677727942862,0.9948738674325516
304697348,39.2523643,9.1320715,0.9942276370412091,0.991480299990623,0.9942276370412091,0.9776459371978083,0.8269432827531767,0.9942276370412091
304697349,39.2527737,9.1322024,0.9937715140827957,0.9916618873112866,0.9937715140827957,0.9766054974005771,0.8262986617043008,0.9937715140827957
304697350,39.2532807,9.1323494,0.9927900812951678,0.990358312010371,0.9927900812951678,0.974496398925987,0.8250157710811592,0.9927900812951678
304697351,39.2533324,9.132366,0.9926739977999025,0.9902997193233827,0.9926739977999025,0.9742754096947355,0.8247130703945789,0.9926739977999025
304697352,39.253674,9.1324694,0.988956781638636,0.988956781638636,0.9842027044206648,0.9726181639981091,0.823585529371887,0.9842027044206648
304697361,39.252824,9.1297366,0.9941325056637553,0.9941325056637553,0.9876160822148612,0.9663892129591595,0.8185849532874393,0.9876160822148612
304697362,39.253242,9.1301866,0.9919726131609803,0.9919726131609803,0.9866544981217792,0.9631452546290812,0.8167898323170611,0.9866544981217792
304697363,39.2536709,9.1306112,0.9925481102995507,0.9925481102995507,0.9884490168486775,0.9655872529237502,0.8189167124146005,0.9884490168486775
304697365,39.2540875,9.1310356,0.9906750267120159,0.9906750267120159,0.9807534747306684,0.9667256917589689,0.8196942469709351,0.9807534747306684
304697367,39.254485,9.1314524,0.9897324754037374,0.9897324754037374,0.9752826074300656,0.9589182302014466,0.8140238359340691,0.9752826074300656
304697368,39.2542895,9.1315881,0.9849101906759994,0.9849101906759994,0.9806152989798272,0.9678568874416601,0.8200590242620422,0.9806152989798272
304697369,39.2544752,9.1303539,0.9923448841703746,0.9923448841703746,0.9786186390343217,0.9634102645905902,0.8172185975565766,0.9786186390343217
304697370,39.2540925,9.1298787,0.9930493750692783,0.9930493750692783,0.9859837832243677,0.9639431492519789,0.8166824766474373,0.9859837832243677
304697371,39.2533604,9.1311805,0.9916343227459165,0.9916343227459165,0.9905887986390816,0.9698946243185143,0.8217385930984221,0.9905887986390816
304697373,39.2521756,9.1332772,0.9933976256069488,0.9906777311650844,0.9933976256069488,0.9745593006049282,0.8246407181463073,0.9933976256069488
302966009,39.2344771,9.0987597,0.9977685069397223,0.9977685069397223,0.9955327617084727,0.9945622417310541,0.8333806357702221,0.9955327617084727
302966010,39.2350079,9.0995799,0.9985763915612479,0.9985763915612479,0.9946323633981476,0.9955698913908981,0.8343536541802367,0.9946323633981476
302966011,39.2357605,9.100939,0.9987684726343968,0.9987684726343968,0.9940304522996776,0.9953443377653954,0.8337830072145537,0.9940304522996776
302966013,39.235275,9.1013773,0.9987423253157902,0.9987423253157902,0.9937572176254077,0.9955787999161407,0.8339629585623514,0.9937572176254077
302966014,39.2350899,9.1015508,0.9987864032346501,0.9987864032346501,0.9928306716514679,0.9954183233731728,0.8333463863858814,0.9928306716514679
302966015,39.2346646,9.10193,0.998612075867459,0.998612075867459,0.9925893019800129,0.9955650246639834,0.8334519992411443,0.9925893019800129
302966016,39.2339483,9.1006856,0.9982815937551273,0.9982815937551273,0.9953301482068768,0.9962625800613077,0.8352709464675852,0.9953301482068768
302966017,39.2343931,9.1014664,0.9990188098931431,0.9990188098931431,0.9949900614818751,0.9971666155449996,0.8362722237689486,0.9949900614818751
302966018,39.2375336,9.1042568,0.9995583395647832,0.9995583395647832,0.9956605629175168,0.99707370681839,0.8354837186896892,0.9956605629175168
302966019,39.2349419,9.1008919,0.9977003839912226,0.9977003839912226,0.9937162837290725,0.9943829379701985,0.8327479037612274,0.9937162837290725
302966021,39.2336402,9.1009927,0.9984644865377196,0.9984644865377196,0.9955567433016427,0.9965293720036712,0.8355954221110612,0.9955567433016427
302966022,39.2345269,9.1000662,0.9987352654554438,0.9987352654554438,0.994921408486405,0.9960388129224861,0.8350144175503247,0.994921408486405
302966023,39.2355244,9.0990156,0.9980925758843924,0.9980925758843924,0.9953761980003438,0.9946639579857445,0.8333843035032461,0.9953761980003438
302966025,39.2357639,9.0995264,0.9981245392801534,0.9981245392801534,0.9950621141719095,0.9945969571074272,0.833256203954239,0.9950621141719095
302966026,39.2349974,9.0979759,0.9969822278666828,0.9969822278666828,0.9956373268934144,0.9932151305418175,0.8319907236432634,0.9956373268934144
302966027,39.2341618,9.0990826,0.997968456650161,0.997968456650161,0.9954206154806702,0.9949181429109514,0.8338631102088627,0.9954206154806702
302966029,39.2265155,9.100324,0.9917717820357596,0.9917717820357596,0.9912662101920662,0.9870067853816542,0.8303819852791452,0.9912662101920662
302966030,39.2239723,9.1037242,0.9954605504942787,0.9954605504942787,0.994262040106572,0.9924025091846542,0.8328411112366327,0.994262040106572
302966031,39.2231178,9.1048597,0.9954573955654514,0.9954573955654514,0.9939254766422878,0.9922159477741642,0.8329516174089071,0.9939254766422878
302966033,39.2250448,9.1036232,0.9943389824949316,0.9943389824949316,0.9939204592313232,0.9918799965095223,0.832148333713393,0.9939204592313232
302966093,39.2295762,9.1105557,0.9991902602024924,0.9986978783320288,0.9977629075889569,0.9991902602024924,0.8387476329570327,0.9977629075889569
302966094,39.2307353,9.1094244,0.9985782481067674,0.9974698341624765,0.996376177110469,0.9985782481067674,0.8379751694841782,0.996376177110469
302966095,39.2311169,9.1090946,0.9981003209281233,0.9966358781111849,0.9956537849085962,0.9981003209281233,0.8374198622135159,0.9956537849085962
302966096,39.2302993,9.10863,0.9983336422915767,0.995867637999711,0.9956721140021039,0.9983336422915767,0.8376331545110647,0.9956721140021039
302966097,39.2304615,9.1089634,0.9983838445932169,0.9964093447802602,0.9958107387151492,0.9983838445932169,0.837803462011244,0.9958107387151492
302966098,39.2292307,9.108981,0.9985132668995674,0.9961707174798088,0.9965378304089564,0.9985132668995674,0.8375353190600263,0.9965378304089564
302966109,39.2219151,9.1135887,0.9989037874301331,0.9892891239040351,0.9989037874301331,0.9972585175330952,0.8390077023224767,0.9989037874301331
303202277,39.2413271,9.0875291,0.9985518342946065,0.9839736352128966,0.9985518342946065,0.917529571243706,0.7552808941539878,0.9985518342946065
303202283,39.2433902,9.0899771,0.997894965698701,0.9902651641169489,0.997894965698701,0.9479405358367434,0.7845857072614016,0.997894965698701
304576392,39.2425528,9.1129263,0.9967079694546914,0.9936081504708217,0.9967079694546914,0.9937916143795489,0.8344625294737916,0.9967079694546914
304576393,39.2425436,9.1128615,0.9967316486855055,0.9936975342367191,0.9967316486855055,0.993848422410555,0.8344930358340037,0.9967316486855055
304576399,39.2425185,9.1125245,0.9965983484574309,0.9938900149516361,0.9965983484574309,0.9938445211422944,0.8345368972044904,0.9965983484574309
304576401,39.2428209,9.1131226,0.9968486626420043,0.9930247559890596,0.9968486626420043,0.9932961229332326,0.8339071694411538,0.9968486626420043
304576403,39.241911,9.1097068,0.9972705334680159,0.9972705334680159,0.9971730370125752,0.9952330708529664,0.8358833393728455,0.9971730370125752
304576404,39.2420471,9.1097557,0.9971077041509405,0.9971077041509405,0.9970987938242664,0.9948897349399818,0.8356897795200539,0.9970987938242664
304576406,39.2422217,9.1107294,0.9965056398478569,0.9959711766596474,0.9965056398478569,0.9936370303905527,0.8350237039449037,0.9965056398478569
304576459,39.2432414,9.1103237,0.993921221476849,0.9925905759573878,0.993921221476849,0.9903715431466349,0.8335435262384815,0.993921221476849
304576473,39.2407696,9.1111997,0.9977752566741089,0.9963054032187092,0.9977752566741089,0.9972490076186833,0.8368238411491958,0.9977752566741089
304576490,39.2420214,9.1115662,0.9966405494673527,0.9956340246999774,0.9966405494673527,0.9950243434486417,0.8355018853902818,0.9966405494673527
304576502,39.2406196,9.1071332,0.9991798758245422,0.9991798758245422,0.9967028022843745,0.9953675943855055,0.8360466947861447,0.9967028022843745
302966034,39.2256921,9.1035032,0.9933813848980728,0.9933813848980728,0.9931316778410425,0.9910040525681525,0.8312830035009164,0.9931316778410425
302966035,39.2260722,9.1032888,0.993591108484249,0.9927906995885118,0.993591108484249,0.9917857578629116,0.8316225241327966,0.993591108484249
302966037,39.227634,9.1018013,0.9918269556863817,0.9885640781871352,0.9918269556863817,0.990202253509553,0.8301631306620081,0.9918269556863817
302966038,39.2257816,9.1037193,0.9935725358761307,0.9931451869272084,0.9935725358761307,0.9917235497208204,0.8316122459079361,0.9935725358761307
302966039,39.2254043,9.1042716,0.9941869320894529,0.9941869320894529,0.9937587635524134,0.9921458291439631,0.8321737679380177,0.9937587635524134
302966040,39.2248091,9.1051704,0.9949406971613887,0.9949406971613887,0.9934271500393506,0.9923962786362905,0.8326351946130789,0.9934271500393506
302966045,39.2250547,9.1055797,0.9953126367062591,0.9953126367062591,0.9934680191239463,0.9926793381147593,0.8327266855509742,0.9934680191239463
302966059,39.2247165,9.1078834,0.9974940108764133,0.9974940108764133,0.9967221781783214,0.9954391211221825,0.833104075200149,0.9967221781783214
302966061,39.2244028,9.1084025,0.997697144218271,0.997697144218271,0.9970758471119764,0.9962108550298188,0.8342125565534665,0.9970758471119764
302966064,39.2247274,9.1092607,0.9977520899795237,0.9977520899795237,0.9972090371124411,0.9968116169370037,0.8350054969936271,0.9972090371124411
302966065,39.2252122,9.1099633,0.9976452122311511,0.9976452122311511,0.997504602954632,0.9975571100189347,0.8358292788847057,0.997504602954632
302966066,39.2254414,9.1103607,0.9979010525925185,0.9977482053801513,0.9978438575545159,0.9979010525925185,0.8361677784108263,0.9978438575545159
302966067,39.2263853,9.1082652,0.9973931752899492,0.9960624867038225,0.9961155760500908,0.9973931752899492,0.836090765538561,0.9961155760500908
302966070,39.2240514,9.103846,0.9954013963752425,0.9954013963752425,0.9942752805422641,0.9924775126214306,0.8328766987167698,0.9942752805422641
302966071,39.2220729,9.1096082,0.9985765274472054,0.9968143451348342,0.9985765274472054,0.9965262346883121,0.8359471693836322,0.9985765274472054
302966074,39.223389,9.1088611,0.998472586229094,0.9976539944497035,0.998472586229094,0.9969420980159086,0.8361127373018568,0.998472586229094
302966076,39.2244101,9.1079944,0.9976709014962227,0.9976709014962227,0.9971173015587973,0.9959462944579633,0.8338720548238543,0.9971173015587973
302966089,39.2300271,9.1094397,0.9986880660860094,0.9970295476315051,0.9968886716516783,0.9986880660860094,0.8379094840189703,0.9968886716516783
302966091,39.2302609,9.1098774,0.998929951477726,0.9978976544545982,0.9971323116839964,0.998929951477726,0.8383383330273847,0.9971323116839964
302966092,39.2291577,9.1109928,0.9993640491115425,0.9989901987088959,0.9982639795792978,0.9993640491115425,0.8389163330466887,0.9982639795792978
302964741,39.2381941,9.1084697,0.9974384228702875,0.9974384228702875,0.9955440527355491,0.9965341656486585,0.8364591896731679,0.9955440527355491
302964743,39.2379289,9.1091027,0.9978668421971403,0.9978668421971403,0.9960808941052731,0.9968921663256132,0.8368571448121964,0.9960808941052731
302964744,39.237522,9.1095441,0.9984211006597489,0.9984211006597489,0.9964783668866302,0.9971916532660924,0.8374271300942606,0.9964783668866302
302964745,39.2369716,9.1100491,0.9990484069146996,0.9990484069146996,0.9967168783589023,0.9973201263161366,0.8379149560264908,0.9967168783589023
302964746,39.2378116,9.1068949,0.9983032276417555,0.9983032276417555,0.995377944504501,0.9967940701777277,0.8360044717277834,0.995377944504501
302964748,39.2375424,9.1073861,0.9984381627912842,0.9984381627912842,0.9952381701501561,0.9968355858991862,0.8366264707378576,0.9952381701501561
302964753,39.2372664,9.1082615,0.9978799791163749,0.9978799791163749,0.994087064242199,0.9959562022357631,0.8361081019995708,0.994087064242199
302964757,39.2370857,9.1088422,0.9988022311748376,0.9988022311748376,0.9943411604870469,0.9959225566411347,0.83701004104826,0.9943411604870469
302964759,39.2366205,9.1096744,0.9985369197199531,0.9985369197199531,0.9958513129050983,0.996636090568789,0.8372271272120747,0.9958513129050983
302964761,39.2376466,9.105985,0.9983901138582582,0.9983901138582582,0.9951272661999337,0.996610756000955,0.8359208373675322,0.9951272661999337
302964764,39.2371162,9.1070856,0.9988637077658313,0.9988637077658313,0.9952886310634662,0.9970508939132416,0.8371204169393657,0.9952886310634662
302964766,39.2366653,9.1083672,0.9991910531457137,0.9991910531457137,0.9949420751880139,0.9965728117766463,0.837621684498501,0.9949420751880139
302964768,39.2362219,9.109399,0.998469090620936,0.998469090620936,0.995127232235392,0.995945232868012,0.8368017719939216,0.995127232235392
302964773,39.2375804,9.1085883,0.9972812156369911,0.9972812156369911,0.9934629600646664,0.9954224602458525,0.835587442876762,0.9934629600646664
302964776,39.2378266,9.1077494,0.9979889300252206,0.9979889300252206,0.9946135681571366,0.9963651973930232,0.8361828061814823,0.9946135681571366
302964778,39.2373865,9.1090827,0.9964797782041857,0.9964797782041857,0.9921595758519952,0.9943013876103078,0.8346232224700297,0.9921595758519952
302964782,39.238366,9.1088066,0.9976522433887698,0.9976522433887698,0.9964012634841023,0.9967562975807219,0.8361635313158663,0.9964012634841023
302964784,39.2392053,9.1105098,0.9975358860187726,0.9970514334473244,0.9973228455995689,0.9975358860187726,0.8363533116269595,0.9973228455995689
302964786,39.2396346,9.1113939,0.9981966351532852,0.9972675291844864,0.9981966351532852,0.9981054643683396,0.8369539522554384,0.9981966351532852
302964788,39.239195,9.108089,0.9979988454605302,0.9979988454605302,0.9968828405119057,0.9968261087842208,0.8359759069615227,0.9968828405119057
304578833,39.250485,9.1005172,0.9972892343841768,0.9962355726722238,0.9972892343841768,0.9630903341725365,0.8137899105905146,0.9972892343841768
304578840,39.249966,9.1030456,0.9985630829660264,0.9921306161831368,0.9985630829660264,0.9695966641590124,0.8181234368249339,0.9985630829660264
304579940,39.2523462,9.0992659,0.9973142452443001,0.9973142452443001,0.9964696965013308,0.9529799441634851,0.8058001375746648,0.9964696965013308
304579967,39.2497042,9.1145416,0.9970558739386884,0.9933156185055017,0.9970558739386884,0.9775392198939108,0.8006836568787128,0.9970558739386884
304579989,39.2522695,9.1001704,0.9972238459116147,0.9972238459116147,0.9966467388555931,0.9553493242236082,0.8077568726748544,0.9966467388555931
304579993,39.2524606,9.0992705,0.9973243995295855,0.9973243995295855,0.9964239849905204,0.9523863977217883,0.8052139761626393,0.9964239849905204
304579996,39.2532255,9.0967681,0.9968371636898793,0.9968371636898793,0.9967705765076884,0.9435891237520284,0.7964668400674659,0.9967705765076884
304580002,39.253335,9.0961291,0.9966685623905137,0.9959480081796114,0.9966685623905137,0.9408881868918217,0.7936121719957187,0.9966685623905137
304580003,39.2533252,9.0963322,0.9966894198702937,0.9959991556893346,0.9966894198702937,0.941248017672224,0.7940487747035283,0.9966894198702937
304580011,39.2532197,9.0947514,0.9963734748444169,0.9950721538887493,0.9963734748444169,0.9364388478180926,0.7880560968234945,0.9963734748444169
304580019,39.2533679,9.0932624,0.9959085160552755,0.9940673044019784,0.9959085160552755,0.933388915674815,0.7806633080952821,0.9959085160552755
304580021,39.2536014,9.092115,0.9954538557018318,0.9927835333297075,0.9954538557018318,0.933964445751669,0.7761050000455658,0.9954538557018318
304580027,39.2538349,9.0994972,0.9969227935824797,0.9969227935824797,0.994792695547235,0.9455858872508881,0.7988966821708188,0.994792695547235
304580034,39.255311,9.0983344,0.9965078871265222,0.9965078871265222,0.9951510761834222,0.9371030764972063,0.788901588622795,0.9951510761834222
304580036,39.2551812,9.097829,0.9963198410708783,0.9963198410708783,0.9951314675204924,0.9352778739207143,0.7865280543671229,0.9951314675204924
304580037,39.2540431,9.0971796,0.9965672031846958,0.9965672031846958,0.9960762091644759,0.9385057884112583,0.7908297868240288,0.9960762091644759
304580041,39.2538328,9.1005222,0.996764046247337,0.996764046247337,0.9947212386478864,0.9474925627505127,0.8004401374101358,0.9947212386478864
304580043,39.253839,9.1012676,0.9964564287364359,0.9964564287364359,0.9938418611431994,0.9445531982211367,0.7977397714619616,0.9938418611431994
304580055,39.25301,9.1004998,0.9967868556758073,0.9967868556758073,0.9957171249931086,0.9510939862326212,0.8042972331915913,0.9957171249931086
304580059,39.2538211,9.0947472,0.9959865244307907,0.9950620443153525,0.9959865244307907,0.9337259864215,0.7844568626349527,0.9959865244307907
304695992,39.2537792,9.132914,0.9894529666691284,0.9894529666691284,0.9851746701378662,0.9723333149886877,0.8225882128019949,0.9851746701378662
304695998,39.252719,9.1340102,0.9921284905902686,0.9921284905902686,0.9888208652555595,0.9789438498704133,0.827499982001417,0.9888208652555595
304696617,39.2499863,9.1338673,0.9972186209499762,0.9966455550699362,0.9972186209499762,0.986825715965498,0.8321613685918832,0.9972186209499762
304696618,39.24965,9.1343362,0.9972768527482008,0.99706950134714,0.9972768527482008,0.9877220077483676,0.8323534617293167,0.9972768527482008
304696619,39.2495939,9.1344147,0.9972622040929104,0.9970196473038876,0.9972622040929104,0.9876317300182863,0.8322979343830095,0.9972622040929104
304696620,39.2494529,9.1346236,0.9978817591969756,0.9978817591969756,0.9975616492201276,0.9882796971962331,0.8327764272169594,0.9975616492201276
304696621,39.2499727,9.1325729,0.9977038241033873,0.9970764064671204,0.9977038241033873,0.9882675442131783,0.8328912432912541,0.9977038241033873
304696622,39.2494668,9.1332494,0.9973336133113138,0.9967965858852643,0.9973336133113138,0.9880056298524494,0.8320810463846986,0.9973336133113138
304696623,39.2491204,9.1337069,0.9975157543852969,0.997392252330619,0.9975157543852969,0.9888456812132361,0.8325677936159459,0.9975157543852969
304696624,39.2487976,9.1341013,0.9978192179669859,0.9978192179669859,0.9976646683273572,0.9896159274535704,0.8329888357503167,0.9976646683273572
304696625,39.2491834,9.1329034,0.99703919251071,0.9962182523234971,0.99703919251071,0.9870032627292659,0.8313653571598847,0.99703919251071
304696629,39.2433872,9.1383699,0.9989274137862304,0.9931551445713533,0.9989274137862304,0.988315992395243,0.8273151654930654,0.9989274137862304
304696631,39.2433681,9.1382071,0.998952076689432,0.9932315386035612,0.998952076689432,0.9886220745877142,0.827434368584131,0.998952076689432
304696632,39.2433167,9.1381896,0.9989603442104443,0.9933038347420631,0.9989603442104443,0.9887558309454669,0.8276337469426851,0.9989603442104443
304696635,39.2432435,9.1383438,0.998996759134991,0.9931516072492623,0.998996759134991,0.9881484339543299,0.8273263570777367,0.998996759134991
304696639,39.2438188,9.1382681,0.9966494496043694,0.9885822479399858,0.9966494496043694,0.981685483236612,0.8195075954037333,0.9966494496043694
304696641,39.2462787,9.1379784,0.9951474578372893,0.99323970356734,0.9951474578372893,0.983839838707555,0.825547773151954,0.9951474578372893
304696656,39.2428394,9.1376558,0.9965704528315007,0.9930206728244392,0.9965704528315007,0.9899483075634502,0.8220605680307385,0.9965704528315007
304696662,39.2429135,9.1379401,0.9988534035390232,0.9926522773624034,0.9988534035390232,0.9880271539203537,0.826652892725828,0.9988534035390232
304696667,39.2432686,9.1385348,0.9990292761939045,0.9929425863589952,0.9990292761939045,0.987158927088269,0.8267427747899074,0.9990292761939045
304578764,39.2458534,9.1042512,0.9979181738987467,0.9970559144681364,0.9979181738987467,0.9826505426502563,0.826280462208088,0.9979181738987467
304578772,39.2459608,9.104083,0.991241473286505,0.989081238590081,0.991241473286505,0.9729989720799147,0.8141018165776326,0.991241473286505
304578781,39.2435212,9.1022075,0.9937974821102398,0.9937974821102398,0.9937454307180167,0.9822676531082938,0.8214619657458864,0.9937454307180167
304578788,39.2456791,9.1039105,0.9971595182505962,0.9966970914520549,0.9971595182505962,0.9814444930370181,0.8255889761678471,0.9971595182505962
304578792,39.246078,9.1043367,0.997886596182197,0.9866906362349319,0.997886596182197,0.9641171207279804,0.8120482833989591,0.997886596182197
304578796,39.2491898,9.1032116,0.9987328191474035,0.9914667206394004,0.9987328191474035,0.9706956781981111,0.8184464224820889,0.9987328191474035
304578798,39.2494125,9.1029801,0.9988222325474828,0.9915369898192234,0.9988222325474828,0.9724137603718497,0.8194994148035246,0.9988222325474828
304578799,39.249439,9.1029238,0.9987986283071979,0.9914703604985537,0.9987986283071979,0.9722447525893027,0.8193799476703814,0.9987986283071979
304578800,39.2495194,9.1026073,0.9987335134454175,0.9932318489658892,0.9987335134454175,0.9714065332371719,0.8191466480447054,0.9987335134454175
304578805,39.2492231,9.1033157,0.9987495453595941,0.9914184177701578,0.9987495453595941,0.9707311937692306,0.818455162216163,0.9987495453595941
304578807,39.2494541,9.1032667,0.9986987147484082,0.9913800117888337,0.9986987147484082,0.9700279784066822,0.8183045722803146,0.9986987147484082
304578809,39.2496699,9.1028466,0.9987345374069937,0.992732689480758,0.9987345374069937,0.9714279063040233,0.8190993566055027,0.9987345374069937
304578813,39.2495395,9.1033315,0.9987156189011811,0.9914233179192046,0.9987156189011811,0.9702483268853392,0.8184635029638974,0.9987156189011811
304578814,39.249634,9.1034933,0.9987051718661206,0.9913835256382746,0.9987051718661206,0.9698315869063381,0.8184922102704403,0.9987051718661206
304578816,39.2497798,9.1031782,0.9986765678598306,0.9921537381877321,0.9986765678598306,0.9702267573767226,0.8184164592288954,0.9986765678598306
304578819,39.2498145,9.096613,0.997954506327967,0.9888910793212603,0.997954506327967,0.9523346420633483,0.8052555880483585,0.997954506327967
304578823,39.2495627,9.1011037,0.9980035647273925,0.9951425129916049,0.9980035647273925,0.9664987414948267,0.8161874208797115,0.9980035647273925
304578827,39.2510855,9.1001299,0.9970978669500985,0.9967387443112302,0.9970978669500985,0.9600431987811322,0.8117083855681284,0.9970978669500985
304578830,39.2521792,9.1000469,0.9972175134707066,0.9972175134707066,0.9967142959437053,0.9558512944981884,0.8081790730375958,0.9967142959437053
304578832,39.2505352,9.1022235,0.9950025906815813,0.9930648473796465,0.9950025906815813,0.9525524573582972,0.8051384872295163,0.9950025906815813
304580062,39.2541276,9.0955525,0.9952406464118042,0.994974053059867,0.9952406464118042,0.9295011803416839,0.7788565172394356,0.9952406464118042
304580064,39.2538542,9.0933223,0.9955930562171523,0.994318870149725,0.9955930562171523,0.9310816052089311,0.7777679660926151,0.9955930562171523
304580068,39.2547865,9.0955666,0.9949017770444145,0.9949017770444145,0.9947699542292396,0.9274673079928223,0.7761640577214255,0.9947699542292396
304580074,39.2551247,9.09757,0.9962297112746606,0.9962297112746606,0.9949543155174462,0.9342247013399738,0.7851474602324781,0.9949543155174462
304580076,39.2553743,9.0985993,0.9963925402781485,0.9963925402781485,0.9948869233677479,0.9360161119025984,0.7872335209735082,0.9948869233677479
304580086,39.2574455,9.1002993,0.9951768785842281,0.9951768785842281,0.9915559494711851,0.9242248917415836,0.7714428505972556,0.9915559494711851
304580092,39.2560839,9.0956035,0.9947072571615716,0.9947072571615716,0.9934484180611795,0.9216282135708612,0.7673725246196007,0.9934484180611795
304580240,39.2415432,9.0942729,0.9885183981930601,0.9885183981930601,0.9866087557983371,0.9672346586705184,0.8085226763732265,0.9866087557983371
304580241,39.2409328,9.0945052,0.9879553806934545,0.9879553806934545,0.9852288073642841,0.9681395314733324,0.8079124096031696,0.9852288073642841
304580242,39.2394856,9.0950352,0.9802050451114985,0.9802050451114985,0.9778792459495081,0.9582576294687195,0.7988328774815912,0.9778792459495081
304580244,39.2409527,9.0967661,0.9914881568021827,0.9914881568021827,0.9901497365385563,0.9773810915773427,0.816337448422479,0.9901497365385563
304587520,39.2418418,9.1207364,0.9984081449402636,0.9984081449402636,0.9981105408704255,0.9955890271514277,0.829759512181625,0.9981105408704255
304587524,39.2430553,9.1192347,0.996925755526346,0.996925755526346,0.9967533099815432,0.9928548658200701,0.8232976333938313,0.9967533099815432
304587527,39.2433129,9.1210715,0.9965521482939249,0.9964621152875612,0.9965521482939249,0.9918674324797712,0.8207609584301991,0.9965521482939249
304587529,39.2430111,9.1215205,0.9968677145446793,0.996846283384605,0.9968677145446793,0.9927046434056174,0.8228239155068281,0.9968677145446793
304587531,39.2427323,9.1219344,0.9972220865991999,0.997213818547797,0.9972220865991999,0.99349382847399,0.8246905593562391,0.9972220865991999
304587532,39.2439026,9.1223965,0.9955204049393969,0.9954254303376573,0.9955204049393969,0.9903821985936418,0.819613923917229,0.9955204049393969
304587534,39.2435114,9.1220687,0.9953927019556962,0.9949658193495166,0.9953927019556962,0.9899727844426875,0.8176087503828954,0.9953927019556962
304587535,39.2432464,9.122499,0.9967938646270654,0.9966384953890527,0.9967938646270654,0.9924692107560729,0.8221878589176667,0.9967938646270654
304587536,39.2424046,9.1214929,0.9978068803871697,0.9978068803871697,0.9976094711807051,0.9943525669335772,0.8267145435416335,0.9976094711807051
304576554,39.2378105,9.1031722,0.9996408730612287,0.9996408730612287,0.9952377382322716,0.9965360358305875,0.8348921933678242,0.9952377382322716
304576555,39.2380795,9.1022212,0.9994127507322946,0.9994127507322946,0.9940186054328516,0.9952259768570585,0.8336231655763934,0.9940186054328516
304576556,39.2389889,9.1029926,0.9994468883900395,0.9994468883900395,0.9942891087755484,0.9949991452533318,0.8330518640992379,0.9942891087755484
304576557,39.2384271,9.1015067,0.9993542650968942,0.9993542650968942,0.9933795015956673,0.9939024271031038,0.8321529258105439,0.9933795015956673
304576558,39.2393512,9.1022781,0.9994742232583949,0.9994742232583949,0.9938464990065173,0.9941355614599116,0.832204644322231,0.9938464990065173
304576560,39.2377248,9.1000199,0.9989480240713602,0.9989480240713602,0.9917708371854423,0.9933331457031576,0.832687885511673,0.9917708371854423
304576563,39.2387691,9.1000226,0.9989713149383911,0.9989713149383911,0.9927443299572218,0.9930301255881423,0.8316310698484676,0.9927443299572218
304576564,39.2410821,9.1007995,0.9978849096923943,0.9978849096923943,0.9952472665848703,0.9896211187355901,0.8277804015072227,0.9952472665848703
304576571,39.2406022,9.0994253,0.997238103811745,0.997238103811745,0.9932465230127497,0.9884250249952614,0.8259955203680022,0.9932465230127497
304576577,39.2406549,9.0996313,0.996985162615409,0.996985162615409,0.9932377558627837,0.9877921541499683,0.8252942093285789,0.9932377558627837
304576578,39.2397752,9.0982325,0.9973650138098511,0.9973650138098511,0.9914232040770647,0.9884489703784957,0.8262374726349735,0.9914232040770647
304576579,39.2400217,9.0985816,0.9978416555040858,0.9978416555040858,0.992188580190746,0.9895668057695853,0.8275119535402014,0.992188580190746
304576580,39.2390129,9.0994198,0.9986586598358894,0.9986586598358894,0.9924669555217901,0.991987597489142,0.8303923419171819,0.9924669555217901
304576582,39.2383728,9.0979724,0.9973217040648064,0.9973217040648064,0.9916188686815449,0.9892940810432272,0.8279521000794317,0.9916188686815449
304576583,39.2386625,9.0986236,0.9979521605446726,0.9979521605446726,0.9918037610801973,0.9905273984652068,0.8290791661734719,0.9918037610801973
304576584,39.2388137,9.0989664,0.998291327387687,0.998291327387687,0.9919385233299199,0.991158262392739,0.8296711944651445,0.9919385233299199
304576587,39.2369301,9.0982624,0.9977631068311671,0.9977631068311671,0.9938261365615355,0.9925267704069747,0.831407989925298,0.9938261365615355
304576588,39.2372758,9.0988081,0.996756001726017,0.996756001726017,0.992198319227441,0.9906540458176392,0.8293668857861332,0.992198319227441
304578757,39.2431323,9.1008625,0.9899508747864159,0.9899508747864159,0.9892891220820861,0.9750017464841101,0.8173137682423374,0.9892891220820861
304578760,39.2430552,9.1016325,0.9949177331333149,0.9948077070587411,0.9949177331333149,0.9842395171369529,0.823264729402124,0.9949177331333149
304594799,39.2608164,9.1214567,0.9907627622086118,0.9907627622086118,0.9672294198955084,0.9339790092062564,0.7664660568963134,0.9672294198955084
304594800,39.2605373,9.1222216,0.9916031619099102,0.9916031619099102,0.9681028829084952,0.9364781675490272,0.770127223729609,0.9681028829084952
304594801,39.2602644,9.1229459,0.992481241933335,0.992481241933335,0.9686976210127024,0.9387721982890337,0.7745364305089738,0.9686976210127024
304594804,39.2590996,9.1239282,0.9941866980884807,0.9941866980884807,0.9705876476627565,0.9441890081109016,0.7847274631106458,0.9705876476627565
304594805,39.2575667,9.1250379,0.9950125290918792,0.9950125290918792,0.9702054887496815,0.9485609317418662,0.795563399544948,0.9702054887496815
304594806,39.2573384,9.1252267,0.9951331661677819,0.9951331661677819,0.9637096321447529,0.9443786531432082,0.7971456640002802,0.9637096321447529
304594807,39.2569809,9.1255248,0.9956477058736986,0.9956477058736986,0.964053977570842,0.9457198564690299,0.7995935165479446,0.964053977570842
304594808,39.2565751,9.1258741,0.9961230995725766,0.9961230995725766,0.9654392726353187,0.9479634984643469,0.8022936074540573,0.9654392726353187
304594810,39.2604558,9.1212554,0.9905503054163012,0.9905503054163012,0.9654171830838996,0.9314475417231086,0.7636492489853022,0.9654171830838996
304594811,39.260057,9.1210657,0.9902761740968794,0.9902761740968794,0.9641697265981212,0.9292553821070979,0.760593146337359,0.9641697265981212
304594813,39.2594085,9.1205977,0.9906987410802557,0.9906987410802557,0.9648767562755934,0.9274921247484995,0.7559316869574269,0.9648767562755934
304594814,39.2591996,9.1204394,0.9909998669654426,0.9909998669654426,0.9656727837486836,0.9273724285578382,0.754882255185702,0.9656727837486836
304594815,39.2588706,9.1201485,0.9907878850786968,0.9907878850786968,0.9742706276663148,0.9266672692245882,0.7519694871705609,0.9742706276663148
304594818,39.258359,9.1195512,0.9929861603294006,0.9929861603294006,0.976750792056006,0.9320700244727069,0.7521193969840206,0.976750792056006
304594819,39.2577637,9.1201993,0.9942117251501582,0.9942117251501582,0.9769054097631626,0.9343964444563224,0.7503777504022281,0.9769054097631626
304594820,39.2584654,9.1211633,0.993452039425773,0.993452039425773,0.9762524750143421,0.9327557276233894,0.7570461654700104,0.9762524750143421
304594822,39.2593496,9.1221593,0.9929336850357002,0.9929336850357002,0.9669139480719117,0.9338827080169767,0.7678545142986002,0.9669139480719117
304594823,39.2597385,9.1217431,0.9911008421216471,0.9911008421216471,0.9635597542198261,0.9298096337990254,0.7621248948988913,0.9635597542198261
304594826,39.2607942,9.1158179,0.9858813634650687,0.9858813634650687,0.967703637184655,0.914594446811946,0.7096828135797342,0.967703637184655
304594829,39.2596923,9.1172795,0.9900906652568153,0.9900906652568153,0.9726403683941927,0.9238782101962342,0.7289546942619634,0.9726403683941927
304596689,39.2550555,9.1178229,0.9952890672742065,0.9952890672742065,0.9772290322447011,0.9460153409559183,0.7685009760687744,0.9772290322447011
304596690,39.2541521,9.1187552,0.995355190865993,0.995355190865993,0.9812545349331064,0.9525421117663114,0.7775096937266369,0.9812545349331064
304596691,39.2536333,9.119286,0.9970871854541599,0.9970871854541599,0.9827959779294769,0.9558948017421762,0.7816997204996563,0.9827959779294769
304596693,39.2576649,9.1184294,0.9901883623833534,0.9901883623833534,0.9690728300742235,0.9287001821606271,0.7404486155691976,0.9690728300742235
304596709,39.2557754,9.1180652,0.9948490391340827,0.9948490391340827,0.9789818577699458,0.9450673810209009,0.7628424081074118,0.9789818577699458
304596714,39.2567701,9.1186035,0.9938920346831391,0.9938920346831391,0.9761276452038306,0.9401941798584251,0.7562481098704225,0.9761276452038306
304596718,39.2552632,9.1186067,0.9934455907238167,0.9934455907238167,0.975783862229993,0.9375500449373926,0.7501529530383659,0.975783862229993
304596723,39.2543046,9.1230957,0.9976816397160365,0.9976816397160365,0.9810116521199155,0.9524076684323348,0.7931861365491624,0.9810116521199155
304596725,39.2552112,9.1243072,0.9976159702841184,0.9976159702841184,0.9781536908177453,0.9516248634265937,0.8018361885413939,0.9781536908177453
304596726,39.2548945,9.1248383,0.9971061204323012,0.9971061204323012,0.9753388032343572,0.9507634161822,0.8045051188602045,0.9753388032343572
304596727,39.2544466,9.124248,0.9971317141523282,0.9971317141523282,0.9746065752188336,0.9503562732410624,0.8041550306516209,0.9746065752188336
304596729,39.2546316,9.1253017,0.9973701732418725,0.9973701732418725,0.9777529914577341,0.9539121297479958,0.8071550495835603,0.9777529914577341
304596730,39.2541293,9.1246197,0.9975872226077858,0.9975872226077858,0.9771134560351448,0.9536054888041561,0.8067617847352003,0.9771134560351448
304596731,39.2535619,9.1260565,0.9978096322503469,0.9978096322503469,0.9840595381555205,0.9631456151927492,0.8144270617645436,0.9840595381555205
304596732,39.2526718,9.1270853,0.9975911168351207,0.9975911168351207,0.9882237002191386,0.9696846876481782,0.8197319483989579,0.9882237002191386
304596733,39.2525697,9.1270901,0.9976620884437878,0.9976620884437878,0.9885857885220618,0.9702035542793613,0.8200909779706431,0.9885857885220618
304596734,39.2539956,9.1266929,0.9971200487615592,0.9971200487615592,0.9815616061070638,0.9593293673200527,0.8117698314890365,0.9815616061070638
304596735,39.2530436,9.1275005,0.997082626243665,0.997082626243665,0.9865558818758196,0.9668915361919812,0.81769683839415,0.9865558818758196
304596736,39.2532196,9.1256261,0.9978059819613025,0.9978059819613025,0.9793821955385729,0.9559141325187204,0.8076704921959109,0.9793821955385729
304596737,39.2525232,9.1264537,0.9979052055450617,0.9979052055450617,0.9872261345577973,0.9679971810372228,0.8181170809756111,0.9872261345577973
304591579,39.2609682,9.0840131,0.9640885853912159,0.9291345144721923,0.9640885853912159,0.7978927663384214,0.6202465959042326,0.9640885853912159
304591582,39.2598202,9.0872337,0.9772238746105911,0.9482675181212202,0.9772238746105911,0.8268093556961464,0.6451217999641964,0.9772238746105911
304591593,39.2604466,9.0859255,0.98627815469164,0.9582781839480351,0.98627815469164,0.8721227999806594,0.6985556647964805,0.98627815469164
304591608,39.2621929,9.0852576,0.9816959361641959,0.9495364750944241,0.9816959361641959,0.8580762565991463,0.6836346274673972,0.9816959361641959
304591626,39.2582228,9.0832222,0.0,0.0,0.0,0.0,0.0,0.0
304594768,39.2612358,9.1154295,0.983984553112083,0.983984553112083,0.9658582259098725,0.9113143995009361,0.7037274930556413,0.9658582259098725
304594769,39.2636588,9.1166608,0.9806353023493087,0.9806353023493087,0.956886297416137,0.9080342704903099,0.7144797564729835,0.956886297416137
304594774,39.2633382,9.118529,0.9827877661620275,0.9827877661620275,0.9581360904615976,0.9143533171587592,0.7291024239671986,0.9581360904615976
304594776,39.2629429,9.1197614,0.985447418091509,0.985447418091509,0.9610419260707699,0.9207162925180651,0.7413968876789829,0.9610419260707699
304594777,39.262713,9.1205922,0.9857428290713356,0.9857428290713356,0.9614535593488615,0.92222428266171,0.7444253039573081,0.9614535593488615
304594781,39.2603033,9.1183197,0.9876383770521224,0.9876383770521224,0.9654187080545364,0.9184442036289447,0.725068426415823,0.9654187080545364
304594782,39.2600243,9.1181651,0.9876800031900277,0.9876800031900277,0.9704025066016146,0.9189941895634798,0.7251575769198481,0.9704025066016146
304594783,39.2594157,9.1178155,0.9899449967367531,0.9899449967367531,0.9730644602607266,0.9242476144543614,0.7336331237823683,0.9730644602607266
304594785,39.2597144,9.1193972,0.9894544624881603,0.9894544624881603,0.9658754215551447,0.9215276656380387,0.7340180491740083,0.9658754215551447
304594786,39.2587893,9.1186503,0.9914183808672067,0.9914183808672067,0.9749765929162818,0.9283135267277665,0.7432623357120318,0.9749765929162818
304594787,39.2599373,9.1195271,0.9904078184082988,0.9904078184082988,0.9661500055573204,0.9256711540292623,0.7478370961404359,0.9661500055573204
304594793,39.2618742,9.1204095,0.9881010887756052,0.9881010887756052,0.9644477007482324,0.9277787172698264,0.7541157241561653,0.9644477007482324
304594795,39.2622285,9.1201646,0.9871785669251043,0.9871785669251043,0.9632534430088818,0.9253978507145406,0.7499145892319556,0.9632534430088818
304594796,39.2628512,9.1197211,0.9857757229293569,0.9857757229293569,0.9614262804115987,0.921639468649315,0.7431981516134258,0.9614262804115987
304594797,39.2613588,9.1207458,0.9892533639854022,0.9892533639854022,0.965297404182105,0.9303233229270503,0.7595858127101157,0.965297404182105
304594830,39.2592871,9.118002,0.9900687125538512,0.9900687125538512,0.9734097308019235,0.9248188913081867,0.7361796555543191,0.9734097308019235
304594832,39.2584096,9.1193997,0.9929042868980769,0.9929042868980769,0.9764643094669075,0.9316986050460515,0.7500879525767605,0.9764643094669075
304594833,39.2579875,9.1199726,0.9944642977940283,0.9944642977940283,0.9775118362318302,0.9353549210399368,0.7514828680483907,0.9775118362318302
304594834,39.2576298,9.120339,0.9941174960512708,0.9941174960512708,0.9765651145869385,0.9338409813365394,0.7497258117427357,0.9765651145869385
304594835,39.2573401,9.1206883,0.9938044593733237,0.9938044593733237,0.9755588028582839,0.9320701736283604,0.7469631782550553,0.9755588028582839
304594836,39.2570367,9.1210327,0.9945298142922085,0.9945298142922085,0.977116834477295,0.9339246287473838,0.7548657353797653,0.977116834477295
304594838,39.2562579,9.1215686,0.9969766241880815,0.9969766241880815,0.9833978775301587,0.9494954282950048,0.7817380062171592,0.9833978775301587
304594839,39.2552675,9.1221557,0.9976366621237643,0.9976366621237643,0.9811399884824424,0.9510754077656671,0.7895837900198078,0.9811399884824424
304594840,39.2545149,9.1227864,0.9978596902245856,0.9978596902245856,0.9823083579555385,0.9543113656491811,0.7947146106322284,0.9823083579555385
304594841,39.25643,9.121921,0.9941899809619693,0.9941899809619693,0.977091730900437,0.9350988373694776,0.7653610661562557,0.977091730900437
304594842,39.2565321,9.1221658,0.9942098389183981,0.9942098389183981,0.9769766793822751,0.9350936392636007,0.7654756582224415,0.9769766793822751
304594848,39.2577428,9.1218241,0.9914449710643671,0.9914449710643671,0.9722646076848939,0.9263690198211503,0.75449132620524,0.9722646076848939
304594851,39.258207,9.121471,0.9913750443171743,0.9913750443171743,0.9726353839216468,0.9271856935435909,0.7564207253853317,0.9726353839216468
304594852,39.2589992,9.1225277,0.9926006437145141,0.9926006437145141,0.9656310711472285,0.9314037503633954,0.7636833104778882,0.9656310711472285
304594853,39.257831,9.1214406,0.992291004497331,0.992291004497331,0.9725332255949553,0.9271758791357182,0.7392212064502074,0.9725332255949553
304594854,39.2569212,9.1219225,0.993460585634156,0.993460585634156,0.9750908442613572,0.9321826665746802,0.7613083491362873,0.9750908442613572
304594858,39.2569402,9.1226333,0.9939019763215079,0.9939019763215079,0.9775780416342484,0.9362970730617834,0.7674783155900267,0.9775780416342484
304594870,39.2577241,9.1241317,0.9948752437580844,0.9948752437580844,0.9720048349345097,0.9422689912219245,0.7799087994821278,0.9720048349345097
304594879,39.2560258,9.1236125,0.9961013889192695,0.9961013889192695,0.9744353556894711,0.9414575957358542,0.7786323673974606,0.9744353556894711
304594880,39.2562971,9.123766,0.9957287059507751,0.9957287059507751,0.9734824346128325,0.9396211894507841,0.7771517680639614,0.9734824346128325
304697383,39.2529538,9.1329618,0.9914986932464901,0.9887554518148657,0.9914986932464901,0.9713722801149909,0.82330604133895,0.9914986932464901
304697385,39.2525313,9.130182,0.9919757644857775,0.9879613915095548,0.9919757644857775,0.9738983482282502,0.8239315790152845,0.9919757644857775
304697386,39.2528919,9.1306867,0.9915480881125769,0.9885411871230132,0.9915480881125769,0.972270203858231,0.8231201309892223,0.9915480881125769
304697387,39.2525948,9.1300251,0.9915568713421438,0.9873810497299303,0.9915568713421438,0.9732476615143494,0.8235401692120871,0.9915568713421438
304697392,39.2534413,9.1287583,0.9953835506450727,0.9953835506450727,0.9882076684159073,0.9696260838731197,0.8200063155168668,0.9882076684159073
304697393,39.2545941,9.1285007,0.994468761317384,0.994468761317384,0.9844451617720268,0.9623906889230819,0.8149500322569985,0.9844451617720268
304697394,39.2537755,9.1293056,0.9944797153892668,0.9944797153892668,0.9875074619338041,0.9665952391394469,0.8184589416880776,0.9875074619338041
304697395,39.2549423,9.1293358,0.9927959159527128,0.9927959159527128,0.9721213756304846,0.9578085814690332,0.8118337334467557,0.9721213756304846
304697396,39.2542757,9.1300818,0.9924744749052921,0.9924744749052921,0.9852576193946739,0.9624915735254296,0.8158328262794249,0.9852576193946739
304697398,39.2540125,9.1297177,0.9933607691824566,0.9933607691824566,0.9862750079705096,0.9645019589947689,0.8169510395466334,0.9862750079705096
304697399,39.2548466,9.1308367,0.9907354540852518,0.9907354540852518,0.9761364362838906,0.9601407705172565,0.8147639598098425,0.9761364362838906
304697400,39.2547829,9.1289416,0.9935826888575773,0.9935826888575773,0.9831571690968497,0.9599020451582728,0.8133870634434648,0.9831571690968497
304698874,39.2518797,9.1214938,0.9983863564904197,0.9983863564904197,0.9869656611158915,0.9665397191397728,0.7980548320312649,0.9869656611158915
304698876,39.2502833,9.1233758,0.9979666927922235,0.9979666927922235,0.9854027441246048,0.9684386596061724,0.8106110923250671,0.9854027441246048
304698877,39.2501617,9.1235881,0.9980244439702861,0.9980244439702861,0.985139122957437,0.9688499853899076,0.8118560415382844,0.985139122957437
304698878,39.2498512,9.1241586,0.9977735834918384,0.9977735834918384,0.9843693168726566,0.9698211351926016,0.8145883811175508,0.9843693168726566
304698879,39.2497716,9.1243171,0.9976296315326487,0.9976296315326487,0.9841134869496149,0.9696109485144677,0.8144351450300911,0.9841134869496149
304698880,39.2495878,9.1246693,0.9975357454545226,0.9975357454545226,0.9882777971964274,0.9767744479028989,0.8155608030734293,0.9882777971964274
304698881,39.24933,9.1251524,0.9971664789874873,0.9971664789874873,0.9872701298589386,0.9756102425826666,0.8150467945803039,0.9872701298589386
304698882,39.2491245,9.1255501,0.9968033679371929,0.9968033679371929,0.9861259806459853,0.9749479375407117,0.8149119127325138,0.9861259806459853
304698883,39.2487359,9.1261238,0.996001684237504,0.996001684237504,0.9856394860389563,0.9760115396768646,0.8153093567317623,0.9856394860389563
304698884,39.2482632,9.1265935,0.9964403329566129,0.9964403329566129,0.9897159304088127,0.9808594592684863,0.8247765543151473,0.9897159304088127
304698886,39.2478691,9.1269569,0.9956714503374713,0.9956714503374713,0.9895346232834638,0.9806671198239206,0.8245800230138195,0.9895346232834638
304698887,39.2475762,9.1272182,0.9950314586402828,0.9950314586402828,0.98941554326501,0.9808382288214302,0.8245741093618075,0.98941554326501
304698888,39.246923,9.1277653,0.9937893970719859,0.9937893970719859,0.9896801955778206,0.9813915481994783,0.8237426376886979,0.9896801955778206
304698890,39.2465109,9.1281734,0.9938774409915999,0.9938774409915999,0.9932030204197275,0.9909690657170358,0.8281177248588734,0.9932030204197275
304698893,39.2514113,9.1283725,0.9966033510046379,0.9966033510046379,0.9936933520027981,0.9798486172139553,0.8270399623274066,0.9936933520027981
304698894,39.2512264,9.1283582,0.996712735253895,0.996712735253895,0.9940391482432968,0.9807498917657054,0.8273298879335566,0.9940391482432968
304698895,39.2505757,9.1283367,0.9962457885401672,0.9962457885401672,0.9922485498852938,0.9813343059239266,0.827045280817735,0.9922485498852938
304698897,39.2501437,9.1284423,0.9959499820517806,0.9959499820517806,0.9933743068245214,0.983238697403519,0.8280456205309331,0.9933743068245214
304698898,39.2498786,9.1285374,0.9939012947562017,0.9930617643926211,0.9939012947562017,0.9841925054708694,0.8286389848505751,0.9939012947562017
304698899,39.2496391,9.1286121,0.994109936894542,0.993044544627359,0.994109936894542,0.9849425168605475,0.8288241419570405,0.994109936894542
304698900,39.2488725,9.1288355,0.9950820933729774,0.993834462516658,0.9950820933729774,0.9870939831447477,0.8299888259216172,0.9950820933729774
304698901,39.2485148,9.1289356,0.9955509338758056,0.994390293068267,0.9955509338758056,0.9881631979399843,0.830654817225273,0.9955509338758056
304698903,39.2473715,9.1292108,0.9925515117576236,0.9912489853468835,0.9925515117576236,0.9890468468425853,0.8280227843811608,0.9925515117576236
304698908,39.2482295,9.1300578,0.9959650147178213,0.9945397687023192,0.9959650147178213,0.9888439668226447,0.8313309167912084,0.9959650147178213
304698909,39.2486734,9.1304314,0.9970129381720122,0.9961833336109804,0.9970129381720122,0.9900610540711285,0.8323666159372516,0.9970129381720122
304698910,39.249143,9.1308221,0.996720135536258,0.9958704175673877,0.996720135536258,0.9890232035237361,0.8319736627042933,0.996720135536258
304698911,39.2501693,9.1288069,0.9933798938107333,0.9924686390228837,0.9933798938107333,0.9833006727612403,0.8284576680522581,0.9933798938107333
304698912,39.2497781,9.1295829,0.9954120010534794,0.9942142636339553,0.9954120010534794,0.9860801627337763,0.8303571612749939,0.9954120010534794
304594941,39.2581543,9.1272682,0.9918943144531491,0.9918943144531491,0.9601231874384739,0.9408621043460602,0.7943621159847283,0.9601231874384739
304594943,39.2577134,9.1275413,0.9928830655921507,0.9928830655921507,0.9612741492614548,0.9432186862485896,0.7978972942144067,0.9612741492614548
304594944,39.2592004,9.1251481,0.9923844371727587,0.9923844371727587,0.9661126099687217,0.9399986120305708,0.7821846021603662,0.9661126099687217
304594945,39.2588548,9.1254112,0.9929261077455204,0.9929261077455204,0.9667777709158435,0.9415719392755013,0.7848005361970958,0.9667777709158435
304594946,39.2585928,9.1256094,0.992977323823689,0.992977323823689,0.9663261732356432,0.942008279800096,0.786754745650937,0.9663261732356432
304594947,39.2585173,9.1256557,0.9930962520869642,0.9930962520869642,0.9665995789732313,0.9424300815922196,0.7872874342422741,0.9665995789732313
304594949,39.2579598,9.124745,0.9948674523889467,0.9948674523889467,0.9699154375621899,0.9471897871604843,0.7928538934756616,0.9699154375621899
304594950,39.2596914,9.1262946,0.9904040038208338,0.9904040038208338,0.962828095124851,0.9385276801233984,0.7835344790334694,0.962828095124851
304596642,39.2619977,9.1234299,0.9820263020571239,0.9820263020571239,0.9554427091019799,0.9128506449313786,0.7308336987763296,0.9554427091019799
304596655,39.2607651,9.1203006,0.9879383719992298,0.9879383719992298,0.960377014654025,0.9236813891388315,0.75280833137898,0.960377014654025
304596657,39.2593739,9.1191543,0.989531363047595,0.989531363047595,0.9716573743534916,0.9218509918229493,0.7327695167710769,0.9716573743534916
304596661,39.2602611,9.116419,0.988079429429711,0.988079429429711,0.97004894782962,0.9189205247556658,0.7181078509216265,0.97004894782962
304596662,39.2574168,9.1148053,0.9928768849320944,0.9928768849320944,0.9764536383856031,0.9344534953784142,0.737775406392633,0.9764536383856031
304596663,39.2581107,9.1156572,0.9919042820358336,0.9919042820358336,0.9747667998730055,0.9310635748167457,0.7313231075432163,0.9747667998730055
304596664,39.2578635,9.1159849,0.9905017978925035,0.9905017978925035,0.9721017585726135,0.9301499291618593,0.7343930237104596,0.9721017585726135
304596678,39.2571709,9.1151336,0.993298688974404,0.993298688974404,0.9770753289507871,0.9361621220972983,0.741470503692373,0.9770753289507871
304596681,39.2563838,9.1162873,0.9945225243085566,0.9945225243085566,0.9778514163511991,0.9406009760052448,0.7527007837766024,0.9778514163511991
304596685,39.2561989,9.1166345,0.9945060477325853,0.9945060477325853,0.9781247893939963,0.9423163877306301,0.7571083206544035,0.9781247893939963
304596686,39.255933,9.1171114,0.9949210397132771,0.9949210397132771,0.9786591886280869,0.9440400494717371,0.7605775281144687,0.9786591886280869
304596688,39.2553329,9.1176751,0.9953336081062735,0.9953336081062735,0.9798391633034517,0.9470979533850123,0.7661967784136581,0.9798391633034517
304594889,39.2557914,9.1225058,0.9965377026048872,0.9965377026048872,0.9759402707925837,0.9437745810291922,0.7812663976381213,0.9759402707925837
304594890,39.2554297,9.1228878,0.9970709075321817,0.9970709075321817,0.9784264629073297,0.9472109272525854,0.7851123528065717,0.9784264629073297
304594901,39.2541675,9.1224827,0.9976898888609332,0.9976898888609332,0.981885707529896,0.9543824107036116,0.7922035897778572,0.981885707529896
304594911,39.256311,9.1281204,0.9929754488551116,0.9929754488551116,0.9675630366225021,0.9530465984809007,0.8071793764717199,0.9675630366225021
304594912,39.254536,9.1281872,0.9950838883296942,0.9950838883296942,0.9853816334385934,0.9642494629260481,0.8161460972328879,0.9853816334385934
304594913,39.2561942,9.1262539,0.992772215368559,0.992772215368559,0.9676775512955275,0.939494589359147,0.7965227649891996,0.9676775512955275
304594914,39.2558659,9.1265655,0.9959780657377164,0.9959780657377164,0.9776907417528558,0.9527746989098559,0.806905301940763,0.9776907417528558
304594915,39.2555351,9.126934,0.9953456219855271,0.9953456219855271,0.9794725546151094,0.955455692266017,0.8090944108603711,0.9794725546151094
304594917,39.2531595,9.1283032,0.9960727256707769,0.9960727256707769,0.9895331765154184,0.9719198816856187,0.8214291286313287,0.9895331765154184
304594918,39.2525386,9.128359,0.9970516109806284,0.9970516109806284,0.9912867274640423,0.9750500684661573,0.8237050525103357,0.9912867274640423
304594919,39.2519816,9.1213792,0.9984015017030161,0.9984015017030161,0.9865547013859585,0.965899558471999,0.7982633600357188,0.9865547013859585
304594924,39.2533412,9.124047,0.9984069450933503,0.9984069450933503,0.9819424168066812,0.9591135268769608,0.808212065826808,0.9819424168066812
304594925,39.2534855,9.1242386,0.9983218983451541,0.9983218983451541,0.9816132427293464,0.9581568172095857,0.8071429336786984,0.9816132427293464
304594926,39.2536081,9.1244828,0.9974031466651871,0.9974031466651871,0.9771784718471029,0.9535883975111971,0.8064933763099301,0.9771784718471029
304594927,39.2538492,9.124925,0.9974277831721943,0.9974277831721943,0.9791081350483055,0.9561791336166287,0.8088978234877784,0.9791081350483055
304594929,39.2541351,9.1253697,0.9975084428996739,0.9975084428996739,0.9807658073532766,0.9583132864612341,0.8106733474640259,0.9807658073532766
304594930,39.2544339,9.1256504,0.9971626905520171,0.9971626905520171,0.9792629042927714,0.9560432795036731,0.8088070981060771,0.9792629042927714
304594931,39.2548122,9.1260323,0.9952216780996325,0.9952216780996325,0.975834602983374,0.9503130936906913,0.80487676121596,0.975834602983374
304594937,39.2568684,9.1276409,0.9930462871508543,0.9930462871508543,0.9612013034811012,0.9442883491101177,0.7999506286183335,0.9612013034811012
304594940,39.2578354,9.1261071,0.9929358083608718,0.9929358083608718,0.9610115629978735,0.9401445862896066,0.791991113852252,0.9610115629978735
304696681,39.2406148,9.1347248,0.9939107437459022,0.9939107437459022,0.9909346622214222,0.9915273414216199,0.8215322687070054,0.9909346622214222
304696682,39.240381,9.1343427,0.9943590336798875,0.9943590336798875,0.9913449676187205,0.9914874331606438,0.8213263667644521,0.9913449676187205
304696684,39.2401698,9.133718,0.9956166452451078,0.9956166452451078,0.9921760661277856,0.9924139973811137,0.8231969535229671,0.9921760661277856
304696686,39.239743,9.1327915,0.9972436686123324,0.9972436686123324,0.9932680633118437,0.9930705002294369,0.8246890892488553,0.9932680633118437
304696692,39.2390342,9.1316584,0.9982305135457653,0.9982305135457653,0.99467183355864,0.9940872060649327,0.8264134704431667,0.99467183355864
304697326,39.2499656,9.1315021,0.997255515600095,0.9965258014905592,0.997255515600095,0.9870123907227809,0.8319655097622528,0.997255515600095
304697327,39.2503095,9.1308779,0.9967210863077195,0.9958779873164213,0.9967210863077195,0.9855025874345364,0.8310747088311706,0.9967210863077195
304697328,39.2510546,9.1283474,0.9959235313390109,0.9959235313390109,0.9943117662899884,0.9813369556064463,0.8278219318149498,0.9943117662899884
304697329,39.2506182,9.1291971,0.9954406192213129,0.9945200336010903,0.9954406192213129,0.9834933114284861,0.8293949246843885,0.9954406192213129
304697330,39.2502399,9.1299205,0.9961172328202641,0.9950540908491761,0.9961172328202641,0.9848439193642438,0.8302959867576097,0.9961172328202641
304697331,39.2499158,9.1305581,0.9967408682542094,0.9955644831242045,0.9967408682542094,0.9865371566424064,0.8313514438197775,0.9967408682542094
304697332,39.2495856,9.1311953,0.9972309579110455,0.9961705022733089,0.9972309579110455,0.9880029177736175,0.8321899368408379,0.9972309579110455
304697333,39.2492502,9.1318434,0.9975242559725696,0.9967033995640935,0.9975242559725696,0.9891723152212821,0.8328443947743522,0.9975242559725696
304697334,39.2511238,9.1296325,0.9955681827828061,0.9955681827828061,0.9948846379171798,0.9812965376950609,0.8284992716113307,0.9948846379171798
304697335,39.25051,9.1310429,0.9964858099834348,0.9958048763946185,0.9964858099834348,0.9847484551066905,0.8308113703627401,0.9964858099834348
304697336,39.251459,9.1299055,0.9950838353833273,0.9950838353833273,0.9943279608611411,0.9799874621499579,0.8276758089354324,0.9943279608611411
304697337,39.2508407,9.1313274,0.9959964441297389,0.994955919635286,0.9959964441297389,0.9834662071158056,0.8300236276014616,0.9959964441297389
304697339,39.2522109,9.1291017,0.9954103062564474,0.9954103062564474,0.9903013446786796,0.9725492508736049,0.8222371549466876,0.9903013446786796
304697340,39.2517596,9.1301542,0.9948978795633425,0.9948978795633425,0.9939641243793793,0.9791003383026575,0.8270649469786742,0.9939641243793793
304697341,39.2511789,9.1315249,0.9956877555765391,0.9942404238808068,0.9956877555765391,0.9822662805978314,0.8292894416474035,0.9956877555765391
304576503,39.2455831,9.1044916,0.9977728088518829,0.997304746608154,0.9977728088518829,0.9832348955390885,0.8271960422033072,0.9977728088518829
304576506,39.2451088,9.104609,0.9977789016427142,0.9977789016427142,0.9977327035211196,0.9844751977428561,0.8283763670068968,0.9977327035211196
304576509,39.244132,9.1048668,0.998416081129325,0.998416081129325,0.997950150777543,0.9876562115701294,0.8303829418082169,0.997950150777543
304576511,39.2420316,9.105836,0.9993118808721134,0.9993118808721134,0.9969886455981215,0.9928888784570776,0.8343231084063415,0.9969886455981215
304576513,39.2413479,9.1063632,0.9993407060814432,0.9993407060814432,0.9967161117429995,0.994237025602333,0.8350147242918824,0.9967161117429995
304576514,39.2377727,9.1033262,0.9996763090950079,0.9996763090950079,0.9954180230841911,0.9967186842846489,0.8350317366063713,0.9954180230841911
304576523,39.2399151,9.1052104,0.999620948718113,0.999620948718113,0.9951821730721713,0.9946620054069687,0.8325771245296496,0.9951821730721713
304576526,39.2405836,9.1071727,0.9991659275075216,0.9991659275075216,0.9967067543033361,0.9954249348749917,0.8360431707375452,0.9967067543033361
304576528,39.2412101,9.1050827,0.9994302923904365,0.9994302923904365,0.9959961186784833,0.9922381143177201,0.8314069605823031,0.9959961186784833
304576531,39.2418929,9.1037216,0.9994191366950674,0.9994191366950674,0.9955773172065772,0.9909636287635484,0.8297928358846975,0.9955773172065772
304576535,39.2410322,9.103108,0.9995020365506215,0.9995020365506215,0.9948365287678077,0.9920770816162626,0.8294465407619883,0.9948365287678077
304576537,39.240625,9.1027737,0.9995766899777743,0.9995766899777743,0.9947073525735998,0.9929922683959836,0.8306953875737444,0.9947073525735998
304576538,39.2401178,9.1023574,0.9996252395189867,0.9996252395189867,0.9947249593205502,0.9940222345034784,0.8321219316069581,0.9947249593205502
304576540,39.2395574,9.1018974,0.9995349451376322,0.9995349451376322,0.9941105214979856,0.9937323514387296,0.8317720365936331,0.9941105214979856
304576541,39.2386649,9.1010904,0.9993903740581458,0.9993903740581458,0.9938928995109176,0.9940412096212412,0.8323019601024162,0.9938928995109176
304576545,39.2406981,9.1037227,0.9994318571683377,0.9994318571683377,0.9935375189663899,0.991188564435031,0.8281775220015982,0.9935375189663899
304576546,39.2414788,9.1018241,0.9991892368173738,0.9991892368173738,0.9933621217597783,0.9896472986118376,0.826047095702207,0.9933621217597783
304576549,39.2392669,9.1001781,0.9988334454765969,0.9988334454765969,0.9941364000039119,0.992658859973337,0.8309527566142013,0.9941364000039119
304576551,39.2390125,9.1004839,0.9989048598749136,0.9989048598749136,0.9939110817314887,0.9928672680128989,0.831064488412276,0.9939110817314887
304576553,39.2382163,9.1018908,0.9993255807179149,0.9993255807179149,0.9929438232698475,0.9937942789905548,0.8320645591709919,0.9929438232698475
304587648,39.2422441,9.1178124,0.9690119597868574,0.9647916012124061,0.9690119597868574,0.9686281985657429,0.8030218832899098,0.9690119597868574
304587650,39.2413394,9.1175857,0.9993647713673419,0.9993647713673419,0.9991187245860029,0.9980495125859185,0.835385764396094,0.9991187245860029
304587653,39.2407711,9.1179828,0.9995417635227467,0.9995417635227467,0.9992205480320071,0.9984631471925067,0.8365299565795616,0.9992205480320071
304587657,39.2383313,9.116805,0.9998373482869409,0.9998373482869409,0.9992632114867073,0.9994218749109836,0.8388569031333541,0.9992632114867073
304587659,39.2398945,9.1173821,0.9996935702011003,0.9996935702011003,0.9991608975014171,0.9986739138222606,0.8372530993182552,0.9991608975014171
304587661,39.2391215,9.1180501,0.9998412516379588,0.9998412516379588,0.9993218631497152,0.9990355502267633,0.8380296760442925,0.9993218631497152
304587663,39.2395767,9.1169957,0.9997469037516541,0.9997469037516541,0.9988978935253525,0.9988823177988023,0.8378482142420393,0.9988978935253525
304587668,39.2390979,9.116124,0.9997290771561426,0.9997290771561426,0.9989947926061102,0.9988286404226242,0.8375718807490677,0.9989947926061102
304587676,39.2425161,9.1156457,0.9988627192738165,0.9980474025897957,0.9988627192738165,0.9966152172451825,0.8324318951588459,0.9988627192738165
304587680,39.242498,9.1154371,0.9987270740519955,0.997847641097612,0.9987270740519955,0.9963428859951784,0.8318069461363055,0.9987270740519955
304587682,39.2473816,9.1146319,0.9968850409272496,0.9859546270655698,0.9968850409272496,0.985576203830605,0.819086169393011,0.9968850409272496
304587684,39.2418604,9.1094378,0.9975049864258062,0.9975049864258062,0.9969738380164531,0.99488237373992,0.8356990153506445,0.9969738380164531
304587744,39.2446496,9.111727,0.9895341906134164,0.9808157396748148,0.9895341906134164,0.9842960321630733,0.8269002712148847,0.9895341906134164
304587748,39.2447726,9.1140835,0.995711286550234,0.9909886103152485,0.995711286550234,0.9900893805165424,0.8181306533219963,0.995711286550234
304588010,39.2517908,9.1120899,0.9936284891248954,0.9866043414921835,0.9936284891248954,0.9677799028079537,0.7844833547522257,0.9936284891248954
304590273,39.2581311,9.0908863,0.9915572065315861,0.9821908801675929,0.9915572065315861,0.9000618420794988,0.7363841811014304,0.9915572065315861
304590285,39.2581196,9.088527,0.9913373662178602,0.9744600349273976,0.9913373662178602,0.8970004221315449,0.7278235913900072,0.9913373662178602
304591533,39.2611799,9.0901696,0.9832022041668091,0.9709542580312748,0.9832022041668091,0.8516190153983456,0.6750522692308402,0.9832022041668091
304591541,39.2613756,9.0886855,0.974956111975394,0.9334568289259005,0.974956111975394,0.7923955002462434,0.6150005319421927,0.974956111975394
304591546,39.2624751,9.0874431,0.845972925478328,0.8142913951522761,0.845972925478328,0.0,0.0,0.845972925478328
304596739,39.2537337,9.1262955,0.9975391584499723,0.9975391584499723,0.9830254814236274,0.9614996548091996,0.8133031623980981,0.9830254814236274
304596740,39.2519834,9.1256059,0.9982457442593796,0.9982457442593796,0.9860897482758129,0.9674400961484834,0.8167319683363046,0.9860897482758129
304617226,39.2442652,9.1537951,0.9991045444661405,0.9947859654183104,0.9991045444661405,0.89368587180842,0.687207289445568,0.9991045444661405
304617227,39.2441138,9.1534414,0.9989524699541694,0.9952876185539512,0.9989524699541694,0.8963938900800472,0.6905283466165218,0.9989524699541694
304617229,39.2438794,9.1531295,0.9990900180427765,0.9696341067810075,0.9990900180427765,0.8992239799633464,0.693794384457043,0.9990900180427765
304617231,39.2435331,9.1529996,0.999226206065306,0.9714868110684733,0.999226206065306,0.9030417410717073,0.697753210349604,0.999226206065306
304617236,39.2433715,9.1540766,0.9682543636219321,0.0,0.9682543636219321,0.0,0.0,0.9682543636219321
304618135,39.2413685,9.1500531,0.9992027484972018,0.9800091901577892,0.9992027484972018,0.9309819333248819,0.729208553520476,0.9992027484972018
304618139,39.2419398,9.1509856,0.9987053178987957,0.9812242812540585,0.9987053178987957,0.9239743072039169,0.7201525110808314,0.9987053178987957
304618717,39.243543,9.1547393,0.9682543636219321,0.0,0.9682543636219321,0.0,0.0,0.9682543636219321
304618740,39.2441604,9.1529443,0.9992188048272007,0.9956180155286517,0.9992188048272007,0.8955651121037042,0.6910051890590905,0.9992188048272007
304620860,39.2515672,9.1376795,0.9972605463685547,0.9972605463685547,0.9953634678335032,0.9790728386434966,0.8258264921969474,0.9953634678335032
304620862,39.2501101,9.1363322,0.9982202305965497,0.9982202305965497,0.9971383281444897,0.9854386101173743,0.8304262820111213,0.9971383281444897
304620873,39.2497677,9.1357697,0.9978900233922542,0.9978900233922542,0.9972816295471908,0.9862669810995908,0.8308679788310407,0.9972816295471908
304620884,39.2496227,9.1361798,0.9979957183008928,0.9979957183008928,0.9972335834668239,0.985583995695961,0.8304680610610771,0.9972335834668239
304620897,39.2500869,9.1354872,0.9978023594710164,0.9978023594710164,0.9973214091324465,0.9865606184732623,0.8314414967354871,0.9973214091324465
304620899,39.2514406,9.1343778,0.9968374808514049,0.9961758136291402,0.9968374808514049,0.9845029059605013,0.8313154409565433,0.9968374808514049
304620900,39.2503937,9.1352379,0.9975405644680684,0.9975405644680684,0.9973108721485514,0.9864879215091737,0.8315890693453524,0.9973108721485514
304621467,39.2517034,9.1346042,0.9964722333315053,0.9953634462974016,0.9964722333315053,0.9834607225795935,0.8306084970058248,0.9964722333315053
304695931,39.2524353,9.1352373,0.9955035009996844,0.9930847591851892,0.9955035009996844,0.9803352394690324,0.8286107320864616,0.9955035009996844
304698981,39.2465848,9.1347235,0.9970719702797718,0.9970719702797718,0.9960192872494564,0.9896542402058686,0.8309986835979114,0.9960192872494564
304698986,39.2446409,9.1357391,0.9951247757354399,0.9951247757354399,0.9920793963482828,0.9897675778519796,0.8284145693984831,0.9920793963482828
304698987,39.2445803,9.1354989,0.9949776735696221,0.9949776735696221,0.9920015222895011,0.9900090717117315,0.8287037571955385,0.9920015222895011
304698988,39.2467773,9.1350085,0.9967369446621854,0.9967369446621854,0.9960498839697409,0.9893681767168643,0.8305189960130445,0.9960498839697409
304698989,39.243724,9.1331514,0.995762452377618,0.995762452377618,0.9943756879335112,0.9941373778567852,0.8297751720530918,0.9943756879335112
304698991,39.2457314,9.1338223,0.9970006283552297,0.9970006283552297,0.9958971398565697,0.9922485747107128,0.8316077399330071,0.9958971398565697
304698998,39.244526,9.1319656,0.9952659459066366,0.9952659459066366,0.9931605177787611,0.9943159947050623,0.8304600059308543,0.9931605177787611
304698999,39.2441934,9.1325189,0.9956730992494045,0.9956730992494045,0.9928554751191869,0.9941298497022797,0.8302793844732331,0.9928554751191869
304699002,39.2431315,9.1348585,0.9954784850450226,0.9954784850450226,0.9937809929361405,0.9931656241778491,0.8273725467937545,0.9937809929361405
304699003,39.2430348,9.1355261,0.995022445430191,0.995022445430191,0.994157553406268,0.9925124584862298,0.8261063937432706,0.994157553406268
304699005,39.2427918,9.1361667,0.9945412141253736,0.9945412141253736,0.9944238843274219,0.9917990897076877,0.8244013496151195,0.9944238843274219
304699007,39.2483034,9.1212103,0.9977593350827066,0.9977593350827066,0.9931106579784958,0.982829098208927,0.8094879120553773,0.9931106579784958
304699008,39.248683,9.1216444,0.9977567129538936,0.9977567129538936,0.9910166837871123,0.978243073618248,0.8054645740102179,0.9910166837871123
304699009,39.2489244,9.1218975,0.9976423624281379,0.9976423624281379,0.9896022913158785,0.97811148131669,0.8066120624443939,0.9896022913158785
304699010,39.2499623,9.123058,0.9978988236737958,0.9978988236737958,0.9884093154070401,0.974548771633291,0.809779165219876,0.9884093154070401
304699012,39.2493719,9.1238135,0.9973620650192585,0.9973620650192585,0.9884141119145574,0.9767915556909473,0.8132474662446826,0.9884141119145574
304699013,39.2490874,9.1241651,0.9967252968663156,0.9967252968663156,0.9879482284591209,0.9783377209503071,0.8102571350559914,0.9879482284591209
304699014,39.2485794,9.1248406,0.9958737670477826,0.9958737670477826,0.9862695971158665,0.9763595573311321,0.8124346009473457,0.9862695971158665
304699015,39.2481587,9.1253661,0.9941131599279442,0.9941131599279442,0.9844372448946695,0.9782383316541549,0.8111815976091812,0.9844372448946695
304699016,39.2469099,9.1237191,0.9962932269960728,0.9962932269960728,0.9896842795032863,0.984113113005132,0.815025861219328,0.9896842795032863
304698913,39.2487873,9.1315055,0.9974368201361457,0.9968105009572339,0.9974368201361457,0.9902301615362307,0.8329382618988814,0.9974368201361457
304698915,39.2483252,9.1311234,0.9973344899039666,0.9969054978618725,0.9973344899039666,0.9911389256570439,0.83295575906471,0.9973344899039666
304698916,39.2478797,9.1307172,0.9971368381380848,0.9967402091008932,0.9971368381380848,0.991719275211802,0.832828337394365,0.9971368381380848
304698917,39.250416,9.1290293,0.9931987087139819,0.9919878423473771,0.9931987087139819,0.9824035470069451,0.8279539730280538,0.9931987087139819
304698918,39.2509435,9.1294737,0.9958933712397819,0.9958933712397819,0.9951244594655024,0.9821493461096754,0.8288880497544682,0.9951244594655024
304698919,39.2507772,9.1293412,0.9954397255585832,0.9946040186453687,0.9954397255585832,0.9827990796358176,0.8292080285758197,0.9954397255585832
304698920,39.250157,9.1307503,0.99661290958048,0.995738770186998,0.99661290958048,0.9852213667710734,0.8308947537438678,0.99661290958048
304698922,39.2512578,9.1248855,0.9980025070800119,0.9980025070800119,0.9855073927956249,0.9695565402396953,0.8170063227583694,0.9855073927956249
304698923,39.2522349,9.1258516,0.9981362837184511,0.9981362837184511,0.9871669028792934,0.9686866535338433,0.8183131120645416,0.9871669028792934
304698925,39.2516676,9.1264993,0.9976744323353295,0.9976744323353295,0.9894565451172266,0.9725075158186862,0.8210798766733898,0.9894565451172266
304698926,39.2513664,9.1268476,0.9974077524876281,0.9974077524876281,0.990489173029004,0.9739174424502717,0.8224045148401459,0.990489173029004
304698927,39.2509213,9.1273557,0.9974229977387965,0.9974229977387965,0.992023288096111,0.9765453280153713,0.8243675197170661,0.992023288096111
304698928,39.2507388,9.1275643,0.9972942797093811,0.9972942797093811,0.9924846586597926,0.977442580903712,0.8251946248661663,0.9924846586597926
304698932,39.2502593,9.1263966,0.9976383321291671,0.9976383321291671,0.9893013869067309,0.9754040238331206,0.8227087012170013,0.9893013869067309
304698933,39.2505405,9.1268007,0.9974615598300747,0.9974615598300747,0.9889032622591074,0.9737413748305758,0.8215317079496487,0.9889032622591074
304698934,39.2509413,9.1254204,0.9979272444027658,0.9979272444027658,0.9867694866273087,0.971857362443822,0.8192202929293957,0.9867694866273087
304698935,39.2509787,9.1262874,0.9974785672991389,0.9974785672991389,0.988239773018202,0.9720522787062126,0.8206319372564783,0.988239773018202
304698936,39.2500602,9.1266352,0.9974848471456497,0.9974848471456497,0.9899956480076321,0.9756093392533636,0.8233848729951829,0.9899956480076321
304698937,39.2492777,9.1262473,0.9961029187745603,0.9961029187745603,0.9875143513117048,0.9728925178300986,0.821471723224378,0.9875143513117048
304698938,39.2497376,9.1269837,0.9971338327250814,0.9971338327250814,0.9901921298549764,0.9767022158348558,0.8240638413749263,0.9901921298549764
304763463,39.2412779,9.1121748,0.9974442383992786,0.9952740520486006,0.9974442383992786,0.9966680404240089,0.8364319125801425,0.9974442383992786
304763464,39.2414566,9.1125283,0.9974402078582173,0.9952212310263947,0.9974402078582173,0.9966223908070976,0.8363526027689445,0.9974402078582173
304763465,39.2415248,9.1119803,0.9971960671936773,0.9947735556477972,0.9971960671936773,0.996287270961792,0.8360874017352721,0.9971960671936773
304763467,39.2417909,9.1121587,0.9968109318654231,0.9939089853656197,0.9968109318654231,0.9957058690500747,0.8356064514436633,0.9968109318654231
304763470,39.2415349,9.1116309,0.996884062146696,0.99405685393194,0.996884062146696,0.9958146485860772,0.8356684387628552,0.996884062146696
304763471,39.2410447,9.1116848,0.9975959814420573,0.9956858311064749,0.9975959814420573,0.9969843761854178,0.8365808526755748,0.9975959814420573
304763473,39.2411739,9.1112388,0.997157157712018,0.9945386263487461,0.997157157712018,0.9963873502044465,0.8361397799644084,0.997157157712018
304763476,39.2477803,9.1137752,0.9964985825363983,0.981612012086193,0.9964985825363983,0.9833097170297663,0.8155588038607022,0.9964985825363983
304763477,39.2478353,9.1136221,0.9964538311628793,0.981239727714637,0.9964538311628793,0.9830532951134009,0.8151091285467442,0.9964538311628793
304763486,39.2469492,9.1111436,0.9894351340966022,0.9631535572992113,0.9894351340966022,0.9705767328869646,0.8027657581036518,0.9894351340966022
304763503,39.2477926,9.1037951,0.9992782276123019,0.9875144593042818,0.9992782276123019,0.9672930251569924,0.8152556028958787,0.9992782276123019
304763504,39.2473016,9.1056581,0.9992170351808193,0.9797813748443044,0.9992170351808193,0.9595246090051623,0.8081656281490861,0.9992170351808193
304763673,39.2492537,9.1176039,0.996745606466035,0.996745606466035,0.9957504267748089,0.9764067891773852,0.8005239442194207,0.9957504267748089
304763683,39.2477916,9.1174268,0.995495846546045,0.995495846546045,0.993722510387394,0.9713512601708736,0.7904863961162493,0.993722510387394
304763685,39.2486444,9.1187495,0.9965801199954423,0.9965801199954423,0.9941675362739045,0.9764274552658463,0.7991321588129253,0.9941675362739045
304763689,39.2470647,9.1207259,0.9969282478100174,0.9969282478100174,0.9919825312841369,0.9809346514335278,0.8026696307915829,0.9919825312841369
304763690,39.2481358,9.1201582,0.9975047180763041,0.9975047180763041,0.993170520333902,0.9807443030962021,0.8045067745530858,0.993170520333902
304763692,39.2465859,9.1203921,0.9967654077788752,0.9967654077788752,0.9918245118602366,0.9826067359721016,0.8061569663903649,0.9918245118602366
304763704,39.250385,9.1188624,0.998008099665747,0.998008099665747,0.9921211864804498,0.9738507136807282,0.7949331684539797,0.9921211864804498
304763705,39.2511317,9.1172429,0.9970973128184876,0.9970973128184876,0.989809627865815,0.9676630946496726,0.7859661598188469,0.989809627865815
304734577,39.2412324,9.1321728,0.9972912552585015,0.9972912552585015,0.9912904731377246,0.9936711374321546,0.8267132460074134,0.9912904731377246
304734581,39.2407612,9.1325569,0.9974291029530128,0.9974291029530128,0.9920712294945495,0.9939551199877298,0.8270544047484205,0.9920712294945495
304734585,39.2403313,9.1328783,0.9974641245323929,0.9974641245323929,0.9923183620688453,0.9937298335801271,0.8265385927968861,0.9923183620688453
304734586,39.240715,9.1315407,0.9974264303522656,0.9974264303522656,0.9918758523110622,0.9939210721588271,0.8270729856004521,0.9918758523110622
304734589,39.242096,9.1326173,0.9966884458104757,0.9966884458104757,0.9914285076271594,0.9927922958910296,0.8250772984469813,0.9914285076271594
304734591,39.2403289,9.13197,0.9975177348358105,0.9975177348358105,0.9924771650001192,0.99414332043729,0.8272897310501783,0.9924771650001192
304734592,39.2418515,9.1332258,0.9966193473428027,0.9966193473428027,0.9919806640278412,0.9923117218843962,0.8240798549930705,0.9919806640278412
304734593,39.2411148,9.1310962,0.9972494158882785,0.9972494158882785,0.9911818913559692,0.9937588320573045,0.8267724623799212,0.9911818913559692
304734595,39.242303,9.1321246,0.9967860697799379,0.9967860697799379,0.990830832250524,0.9929428793673843,0.8257314419727262,0.990830832250524
304734596,39.2426151,9.1315048,0.9967161520547864,0.9967161520547864,0.9901995309484134,0.993182610314058,0.8267688510171168,0.9901995309484134
304734597,39.2438381,9.1330042,0.995751473542796,0.995751473542796,0.9942252523824732,0.9941480243868692,0.8298053763179307,0.9942252523824732
304734600,39.2426612,9.1345402,0.9954267958957514,0.9954267958957514,0.9933374505710332,0.9927320438942309,0.8257424514032036,0.9933374505710332
304734601,39.2427307,9.1345873,0.9954279566415895,0.9954279566415895,0.9934024820084556,0.9927200816270874,0.826134026912387,0.9934024820084556
304734603,39.2424852,9.1351876,0.9942413460698977,0.9942413460698977,0.9936261642065585,0.9918326011293344,0.8231977382820298,0.9936261642065585
304734604,39.2422307,9.1358085,0.9948101003573369,0.994116807832954,0.9948101003573369,0.9918484332836717,0.8233143750948215,0.9948101003573369
304734608,39.2416131,9.133831,0.9953155408307878,0.9953155408307878,0.992858730305926,0.9929666619751306,0.8253131739569096,0.992858730305926
304734610,39.2413486,9.1345023,0.9946383874769309,0.9946383874769309,0.9919360341363397,0.9927520350182452,0.8246577819195838,0.9919360341363397
304734612,39.2411327,9.1350567,0.9941072819747239,0.9941072819747239,0.9929833671939297,0.9924332993665917,0.8239690336111466,0.9929833671939297
304734614,39.2424944,9.1299341,0.9930396519067394,0.9930396519067394,0.98865525834545,0.9891602576539186,0.8212919023654833,0.98865525834545
304734616,39.2419777,9.1303366,0.994425727868667,0.994425727868667,0.987200727992734,0.9909530073947432,0.8226017457098762,0.987200727992734
304699017,39.2471845,9.1240935,0.9957385438478926,0.9957385438478926,0.9886233937921649,0.9827495416948586,0.8134510009521052,0.9886233937921649
304699018,39.2473402,9.124299,0.9955782159342461,0.9955782159342461,0.9878692858585114,0.9819386225752896,0.8128455320374991,0.9878692858585114
304699019,39.2474946,9.1244973,0.9953225543264955,0.9953225543264955,0.9873359210028244,0.9813646763779068,0.8124912118749922,0.9873359210028244
304699020,39.2477064,9.124769,0.9951173948679336,0.9951173948679336,0.9864260574479308,0.98068275399078,0.8125040617296968,0.9864260574479308
304699021,39.2472391,9.1231265,0.9970427191312237,0.9970427191312237,0.9909943201495548,0.9851155170952436,0.8156123227337307,0.9909943201495548
304699022,39.2477117,9.1237288,0.9958694127422456,0.9958694127422456,0.9879791765427163,0.9802241544077532,0.8104297356603092,0.9879791765427163
304699023,39.2480811,9.1242171,0.9961386355003229,0.9961386355003229,0.9873431373663504,0.9789771999085367,0.8117324529994583,0.9873431373663504
304699024,39.247597,9.1224956,0.9973419724727227,0.9973419724727227,0.9915996147531133,0.9845228072488549,0.8138529739409921,0.9915996147531133
304699025,39.2478719,9.1228026,0.9974478598397089,0.9974478598397089,0.9907937366278341,0.9832027001540056,0.8118673530010212,0.9907937366278341
304699026,39.2481274,9.1231051,0.997246600413765,0.997246600413765,0.9900324151825587,0.9820513657561484,0.8108998569012897,0.9900324151825587
304699027,39.2485175,9.1235551,0.997152500812437,0.997152500812437,0.9889393807624205,0.9808264200565564,0.8102069385753368,0.9889393807624205
304699028,39.2488451,9.1230768,0.9973972233193029,0.9973972233193029,0.9889935377628382,0.9788425024340316,0.8116792548429876,0.9889935377628382
304699029,39.2490655,9.1233646,0.9969540210466964,0.9969540210466964,0.9876074204192717,0.9754013893117621,0.8108463477244099,0.9876074204192717
304699030,39.2502887,9.1218733,0.9977220592147614,0.9977220592147614,0.9890249980805377,0.9728405942826406,0.8032845379580144,0.9890249980805377
304699031,39.2496301,9.1226823,0.9975848630306442,0.9975848630306442,0.9877575833309936,0.9734068376037669,0.8076393428865415,0.9877575833309936
304699033,39.2509979,9.1202124,0.997897185075504,0.997897185075504,0.989559537285087,0.9706240901422588,0.7915239445395548,0.989559537285087
304699034,39.2501975,9.1211079,0.9978436080015893,0.9978436080015893,0.9911256304945848,0.9753148183225785,0.7990067406094087,0.9911256304945848
304699036,39.2493292,9.1223521,0.9978399323196511,0.9978399323196511,0.9896220288891745,0.9771039103699406,0.8077868870976904,0.9896220288891745
304699038,39.246829,9.1259984,0.9927588565792264,0.9927588565792264,0.9841237782845469,0.9790232859220097,0.812851799587827,0.9841237782845469
304699039,39.2467681,9.1260706,0.9942001588297279,0.9942001588297279,0.9908632349059195,0.9868166447337176,0.8246849327035706,0.9908632349059195
304734775,39.2388481,9.1368124,0.9974163995893843,0.9974163995893843,0.990786469362037,0.9857134845567178,0.8079743357384463,0.990786469362037
304734776,39.2383661,9.1368148,0.9979763991815955,0.9979763991815955,0.9916622853384056,0.9864694921481187,0.8091434571120104,0.9916622853384056
304734779,39.2341257,9.1351249,0.9989939718026073,0.9989939718026073,0.9973978613828052,0.9850514891634257,0.8107117858851169,0.9973978613828052
304734780,39.2343745,9.1347956,0.9992455705485852,0.9992455705485852,0.9962303720681533,0.9870263120969363,0.8147110381087046,0.9962303720681533
304734788,39.2346459,9.1373359,0.9988883299669401,0.9988883299669401,0.9978316003470288,0.9850842703378839,0.8065557402978017,0.9978316003470288
304734790,39.2348508,9.1370962,0.998972343382258,0.998972343382258,0.9977124120088128,0.9856237321813777,0.8066634980453453,0.9977124120088128
304734792,39.2329665,9.1353841,0.9981422661581443,0.9981422661581443,0.9972337579195688,0.9803331120918728,0.8017042933154191,0.9972337579195688
304734794,39.2328814,9.1344407,0.9980670243508694,0.9980670243508694,0.9951164214627057,0.9805387311784731,0.799617722077065,0.9951164214627057
304734795,39.2332911,9.1349762,0.9984994466134283,0.9984994466134283,0.9970834871020885,0.9822801733113734,0.8032114772468354,0.9970834871020885
304734796,39.2335958,9.135405,0.9987420495261605,0.9987420495261605,0.9975619117239624,0.9834773972757124,0.805845583243034,0.9975619117239624
304734798,39.23349,9.1346182,0.998190651023135,0.998190651023135,0.996609970138082,0.9810502463923496,0.8036345100384783,0.996609970138082
304734800,39.233506,9.1367242,0.998800930935124,0.998800930935124,0.9984470580661224,0.9832609634030232,0.8085664741137478,0.9984470580661224
304734802,39.2336841,9.1365053,0.998810582682341,0.998810582682341,0.9983651290804482,0.9836212715098703,0.808189918351318,0.9983651290804482
304734803,39.2340663,9.136039,0.9989147402504259,0.9989147402504259,0.998108280900892,0.9845467012802614,0.8081547924686923,0.998108280900892
304734806,39.2335602,9.1371865,0.9985669020226067,0.9985669020226067,0.9984410967721974,0.9824075949109394,0.8076509671677538,0.9984410967721974
304734809,39.2320351,9.1369424,0.9997455572453289,0.9997455572453289,0.9992953604088071,0.9651255568583625,0.8000850134986829,0.9992953604088071
304734813,39.2355155,9.1398689,0.9981333645047901,0.9981333645047901,0.9976578643685688,0.9737175218301981,0.791049482880055,0.9976578643685688
304734814,39.2363897,9.1387857,0.9970043355255562,0.9970043355255562,0.9961150050850782,0.9654662233080673,0.7773570039996968,0.9961150050850782
304734819,39.2379933,9.1391373,0.9966188314711704,0.996243374423551,0.9966188314711704,0.9598243224078336,0.7685081825199086,0.9966188314711704
304734821,39.2380771,9.1390248,0.9964032856850322,0.996019993863343,0.9964032856850322,0.9589476108687666,0.7670367264366833,0.9964032856850322
304699087,39.2457331,9.1235477,0.9958548152700865,0.9958548152700865,0.993053777597981,0.9893113224416761,0.8223053824693373,0.993053777597981
304699088,39.2451185,9.1237258,0.9951741848830402,0.9951741848830402,0.9927130404786764,0.9893702226219229,0.8227322515620176,0.9927130404786764
304699089,39.2450163,9.1230864,0.9948511414228196,0.9948511414228196,0.9941422563849863,0.9900432462771354,0.822051549613084,0.9941422563849863
304699090,39.2448631,9.1220985,0.9944871821683392,0.9944871821683392,0.9940207506136726,0.9888991728995694,0.8191076452956817,0.9940207506136726
304699092,39.245923,9.124787,0.9959441534913291,0.9959441534913291,0.9922910069040369,0.9898037774538663,0.8256640320015206,0.9922910069040369
304699094,39.2453334,9.1209551,0.995708863904095,0.995708863904095,0.9914961617426156,0.9840409876171646,0.809260695371023,0.9914961617426156
304699095,39.2458025,9.1208356,0.9962493193760896,0.9962493193760896,0.9919030209506265,0.9844828401713027,0.8099763021147122,0.9919030209506265
304699096,39.2450024,9.1210394,0.9951281980360488,0.9951281980360488,0.9907344179277149,0.9826738281010382,0.8068827966324139,0.9907344179277149
304734556,39.2449819,9.1289432,0.9947792305119878,0.9935102534794616,0.9947792305119878,0.994158582015235,0.8310445147255885,0.9947792305119878
304734557,39.2444321,9.1292815,0.9929581878674667,0.9929581878674667,0.9899134536701469,0.9907206026776985,0.8261836012995046,0.9899134536701469
304734560,39.2439561,9.1301838,0.9946017953454658,0.9946017953454658,0.9895526244265619,0.9916405802823597,0.8262964585734389,0.9895526244265619
304734561,39.2437244,9.1307368,0.9953228967272219,0.9953228967272219,0.9901872728776294,0.9923598620300855,0.8269577539400386,0.9901872728776294
304734563,39.2435911,9.1310736,0.995651800738535,0.995651800738535,0.9920401466557026,0.9927120240236744,0.8273555062993913,0.9920401466557026
304734564,39.2434689,9.1313566,0.9960363516175751,0.9960363516175751,0.9924904899635281,0.9931196991212021,0.8277750157954372,0.9924904899635281
304734566,39.2432523,9.1318931,0.9964730213466068,0.9964730213466068,0.9928143664471996,0.9937055503892449,0.8284271031873501,0.9928143664471996
304734567,39.2438074,9.130094,0.9943456464022431,0.9943456464022431,0.9891562786988335,0.9912623792257501,0.8257496815930503,0.9891562786988335
304734568,39.2433225,9.1304738,0.9940221439227707,0.9940221439227707,0.9899286121120145,0.9906392381731602,0.8240929527681115,0.9899286121120145
304734570,39.2427887,9.130908,0.9953950249488533,0.9953950249488533,0.9916447708901012,0.9920854184635269,0.825289837164513,0.9916447708901012
304734571,39.2423001,9.1313201,0.9967489078809628,0.9967489078809628,0.9898677477049648,0.9929306354746754,0.8256550045131468,0.9898677477049648
304734572,39.2416941,9.1318058,0.9970632905770417,0.9970632905770417,0.9908979197103327,0.9934335950586609,0.8263823982733635,0.9908979197103327
304698941,39.2494182,9.127343,0.9967484784734387,0.9967484784734387,0.9906063212012833,0.9785802750244029,0.8250166798958904,0.9906063212012833
304698945,39.2483608,9.1285849,0.9924592426091239,0.9924592426091239,0.989023095193665,0.9772484403898212,0.8237119289992826,0.989023095193665
304698946,39.2477297,9.1280298,0.9894594429636823,0.9894594429636823,0.9852826806713385,0.972183816652006,0.8205862756576897,0.9852826806713385
304698947,39.2480941,9.1286663,0.9915818413926035,0.9915818413926035,0.9879145877201213,0.9756243322816395,0.8228691626789366,0.9879145877201213
304698948,39.2474759,9.1281606,0.9884127023016427,0.9884127023016427,0.9835361847940048,0.9704204326132482,0.8192956648467319,0.9835361847940048
304698950,39.2506689,9.1258494,0.9978559733972167,0.9978559733972167,0.9883215941889412,0.9741426426923758,0.8207546221440247,0.9883215941889412
304698951,39.2492506,9.127518,0.9964575956233733,0.9964575956233733,0.9899169877530716,0.977465168747727,0.8242839059313863,0.9899169877530716
304698952,39.2495136,9.1260016,0.9955269293748545,0.9955269293748545,0.9863390917509534,0.9712109184844017,0.8204468920936704,0.9863390917509534
304698953,39.2470414,9.1300377,0.9972611939267844,0.9966234704237249,0.9972611939267844,0.9933540540970589,0.8332753262721152,0.9972611939267844
304698954,39.2465807,9.1309501,0.9971836801789697,0.9970987797818742,0.9971836801789697,0.9936027956737724,0.8333368682091147,0.9971836801789697
304698955,39.247122,9.1314488,0.9975333528451573,0.9975333528451573,0.9970089245183096,0.9929693903793511,0.8332342213745858,0.9970089245183096
304698957,39.2467322,9.1323679,0.9980977599120368,0.9980977599120368,0.9974312779545171,0.9931208940863033,0.8333541591835208,0.9974312779545171
304698958,39.2465709,9.1326014,0.9979734835191302,0.9979734835191302,0.9972542454195924,0.9931481476297873,0.8331370986659017,0.9972542454195924
304698961,39.2436156,9.1353603,0.9936039839412291,0.9936039839412291,0.9872525263369781,0.9888741575010005,0.8257460320560884,0.9872525263369781
304698965,39.2460009,9.130493,0.9968674883889233,0.9968674883889233,0.9963453578289212,0.9940969966226326,0.8331881838613651,0.9963453578289212
304698966,39.2453792,9.1317874,0.9973750073697678,0.9973750073697678,0.9963313378427676,0.9942448515398591,0.8329263436265252,0.9963313378427676
304698967,39.2447594,9.1326596,0.9961747452113597,0.9961747452113597,0.995183395217756,0.9940085656115726,0.8313130591394429,0.995183395217756
304698968,39.2441268,9.133601,0.9955673111119829,0.9955673111119829,0.9927970151583179,0.9939681709810526,0.8295652296445698,0.9927970151583179
304698974,39.2446841,9.1361047,0.9941928342363628,0.9941928342363628,0.9917129311139922,0.9893116961132212,0.827775414140264,0.9917129311139922
304698979,39.2477579,9.1339007,0.9960284346241732,0.9960284346241732,0.9955390866237342,0.9872751577737495,0.8302617938745352,0.9955390866237342
304699040,39.2463479,9.1265134,0.9935101401894887,0.9935101401894887,0.991102410051316,0.9884678750668467,0.8253703570710508,0.991102410051316
304699041,39.2459015,9.1270063,0.993978600776258,0.993978600776258,0.9937120579463247,0.9917600297866127,0.8290104167975987,0.9937120579463247
304699042,39.2502322,9.119123,0.9980811564984262,0.9980811564984262,0.9923160454801595,0.974684583392134,0.7961267213916527,0.9923160454801595
304699043,39.2505992,9.1196377,0.9980040802588646,0.9980040802588646,0.9910991823009591,0.9725027803631708,0.7937845056284347,0.9910991823009591
304699044,39.2513539,9.1207042,0.9978610652782022,0.9978610652782022,0.9880413069334388,0.9684758297828638,0.7897186400331341,0.9880413069334388
304699046,39.2509392,9.1192777,0.9978824577782768,0.9978824577782768,0.9903931190328474,0.9707304797624708,0.7910743378484211,0.9903931190328474
304699047,39.2498214,9.1205639,0.9980494483199968,0.9980494483199968,0.9921372312514657,0.9766472205277423,0.8004598130881214,0.9921372312514657
304699048,39.2485696,9.1224377,0.9972588798712596,0.9972588798712596,0.989494487796228,0.9796577891342598,0.8093714638060369,0.989494487796228
304699049,39.2496329,9.1202913,0.9980630429549615,0.9980630429549615,0.9925812076248204,0.9775210042902137,0.8001717535727108,0.9925812076248204
304699050,39.249465,9.1200483,0.9981074071298991,0.9981074071298991,0.9931334112044105,0.9785351412375634,0.8015896723617187,0.9931334112044105
304699051,39.25051,9.1186399,0.9979642900710073,0.9979642900710073,0.9916218336190569,0.9728607094378845,0.7932751243531928,0.9916218336190569
304699052,39.2511109,9.1195227,0.9975611628824484,0.9975611628824484,0.9896554283503609,0.9693317457096665,0.7892065043842958,0.9896554283503609
304699053,39.2465577,9.1255977,0.9931004032641326,0.9931004032641326,0.9850895133729978,0.979805906409378,0.8128140111000588,0.9850895133729978
304699054,39.2463556,9.1252832,0.9927059502151576,0.9927059502151576,0.9845363847461678,0.9792996537152984,0.8111014403310661,0.9845363847461678
304699055,39.2461491,9.1249667,0.9954426790304631,0.9954426790304631,0.9923411126843494,0.9896718322183488,0.8260631436846811,0.9923411126843494
304699056,39.2471637,9.1265716,0.9942866316181733,0.9942866316181733,0.9915352159633332,0.9877096547314663,0.8261565684686996,0.9915352159633332
304699057,39.2473258,9.1264187,0.9937302274988908,0.9937302274988908,0.9910231864549761,0.9870702933619312,0.8253952497916284,0.9910231864549761
304699058,39.246704,9.1269823,0.9920799406312046,0.9920799406312046,0.9919003003544392,0.9894816899031018,0.8266048884213795,0.9919003003544392
304699059,39.2461569,9.1274852,0.9934678523902408,0.9933792161313835,0.9934678523902408,0.991341548858269,0.8285916620376644,0.9934678523902408
304699060,39.2457157,9.126549,0.9942147124847189,0.9933317561846924,0.9942147124847189,0.9924328008806654,0.8296508964215826,0.9942147124847189
304734701,39.2364487,9.1290458,0.9952109075455852,0.9950207812805647,0.9952109075455852,0.9932756941761299,0.8243489258752346,0.9952109075455852
304734702,39.2370172,9.1287376,0.9941591120480773,0.9930417826805928,0.9941591120480773,0.992294328015222,0.8221671508130386,0.9941591120480773
304734703,39.2368229,9.1292794,0.9946052339257537,0.9939572192408916,0.9946052339257537,0.9925402176143082,0.822960451578815,0.9946052339257537
304734705,39.2362702,9.1283597,0.9954607771282586,0.9952208970014429,0.9954607771282586,0.9934680567943249,0.8244834956084587,0.9954607771282586
304734706,39.2381405,9.1292885,0.9926726021115636,0.9915285185126644,0.9926726021115636,0.9913531289908231,0.8203897225030613,0.9926726021115636
304734711,39.2358666,9.1264369,0.995665182913941,0.995665182913941,0.9944786532055847,0.9884559916122438,0.8212090024633394,0.9944786532055847
304734713,39.2363859,9.1266194,0.9964763279196209,0.99548574540648,0.9964763279196209,0.9933001318772717,0.8253979746730663,0.9964763279196209
304734715,39.2334039,9.1331674,0.9996385510003771,0.9996385510003771,0.9965797703138962,0.9893841124315008,0.8216388972835278,0.9965797703138962
304734726,39.2360715,9.1369273,0.9991349245241007,0.9991349245241007,0.9963928185974082,0.9881271851953257,0.8130458993950112,0.9963928185974082
304734729,39.234448,9.1355715,0.9990478199409221,0.9990478199409221,0.9978058052283896,0.9853651420606653,0.8115180745635441,0.9978058052283896
304734730,39.2352548,9.1366233,0.9989816247587472,0.9989816247587472,0.9973170388035154,0.9865763697525503,0.8114733036027012,0.9973170388035154
304734732,39.2357008,9.1367935,0.9989993409172224,0.9989993409172224,0.9968083437844094,0.9872943477071199,0.8120371371017598,0.9968083437844094
304734734,39.2365609,9.1369227,0.9990028245798906,0.9990028245798906,0.9951508941525201,0.9873131537336592,0.8107852192251712,0.9951508941525201
304734740,39.2387045,9.1353658,0.9976967710318821,0.9976967710318821,0.9910562732840517,0.9854885186840446,0.8071562356589893,0.9910562732840517
304734743,39.2389566,9.1342727,0.9969885866372624,0.9969885866372624,0.9893227575711294,0.9835613943952038,0.804236458228551,0.9893227575711294
304734744,39.2390816,9.1340467,0.996818467817601,0.996818467817601,0.9889175082339943,0.9833508419561077,0.8039418993581041,0.9889175082339943
304734748,39.2394552,9.1331291,0.9953635401279168,0.9953635401279168,0.9887263067618026,0.9877084588519854,0.8133342142363177,0.9887263067618026
304734752,39.2375423,9.1354132,0.9987604351598127,0.9987604351598127,0.9930519704263473,0.9881430374370268,0.8120739536960413,0.9930519704263473
304734753,39.2375518,9.1352851,0.9987150074105412,0.9987150074105412,0.9928635199755096,0.9880007640188013,0.8117920751702831,0.9928635199755096
304734767,39.2400596,9.1363811,0.996300234930314,0.996300234930314,0.9860189257832184,0.9832904434576639,0.8048250634643731,0.9860189257832184
304763706,39.2512356,9.1169582,0.9970687886274507,0.9970687886274507,0.9891391391460443,0.9663951294904368,0.7841377420889233,0.9891391391460443
304763707,39.2514793,9.116324,0.9966705606445196,0.9966705606445196,0.9873963640467162,0.9634752835300083,0.7798290931201703,0.9873963640467162
304763709,39.2518866,9.1157259,0.9962718566261287,0.9962718566261287,0.9854474875980148,0.9602164893890098,0.774971273224436,0.9854474875980148
304763710,39.2523672,9.1152714,0.9959171386108201,0.9959171386108201,0.9839103202955878,0.9573265758193985,0.7703274200148931,0.9839103202955878
304764036,39.2529952,9.114572,0.9949889957877017,0.9949889957877017,0.9822152095813693,0.9534996883329386,0.7649338645709701,0.9822152095813693
304764041,39.2523132,9.1138902,0.0,0.0,0.0,0.0,0.0,0.0
304764043,39.251856,9.1141054,0.9903133698292272,0.9903133698292272,0.9797617805834804,0.943995051875603,0.7488360610440754,0.9797617805834804
304764048,39.2552274,9.1150658,0.9926561625312751,0.9926561625312751,0.9782681433876312,0.9416874623999055,0.746112003040758,0.9782681433876312
304764051,39.2535479,9.1157521,0.9946139847032338,0.9946139847032338,0.981277894223565,0.9496274839330971,0.7586045681284985,0.981277894223565
304764054,39.2536856,9.1180503,0.9933424995687848,0.9933424995687848,0.9777773522554318,0.948074711853096,0.7555188604534058,0.9777773522554318
304764080,39.2519684,9.1179545,0.996861679185294,0.996861679185294,0.9869850512664455,0.9627011052204025,0.7796523544022237,0.9869850512664455
304764087,39.2526834,9.1189169,0.9969040875678767,0.9969040875678767,0.981923946048771,0.9542370879260691,0.7787381612504304,0.981923946048771
304764098,39.2517972,9.1181942,0.9964404941471928,0.9964404941471928,0.9875924756528425,0.9638865996674687,0.7796689744689181,0.9875924756528425
304764101,39.2517582,9.118747,0.9948573413179285,0.9948573413179285,0.9757768182368157,0.9458465912198188,0.7685584170567792,0.9757768182368157
304764107,39.2523097,9.1193341,0.9962347326229026,0.9962347326229026,0.9795654969101963,0.9509168816930414,0.7746015218774055,0.9795654969101963
304764119,39.2524907,9.1176243,0.9942286638419668,0.9942286638419668,0.9822172265313468,0.9555040073685853,0.7681247279887746,0.9822172265313468
304764125,39.2535974,9.117208,0.9929638718913376,0.9929638718913376,0.9758968061605762,0.9433333910841525,0.7497134826732057,0.9758968061605762
304764129,39.2543249,9.1185731,0.9955549018881859,0.9955549018881859,0.9789311706496117,0.9502102984227752,0.7758823850332339,0.9789311706496117
304764131,39.2542817,9.1165389,0.9946432678091284,0.9946432678091284,0.9788210540361455,0.9457978138086772,0.7587018952410569,0.9788210540361455
306145817,39.1940461,9.1567609,0.9966746167086092,0.9914584709003829,0.9968304916096283,0.8697533091957341,0.8099201489639472,0.9960511171045328
313332540,39.2240346,9.1153549,0.9995274955736805,0.9938710522226646,0.9995274955736805,0.9969997041629525,0.8393882373605279,0.9995274955736805
313332543,39.227163,9.1116936,0.9988896489054494,0.9933333024376744,0.9988896489054494,0.9979679372396147,0.8370214652982041,0.9988896489054494
313482284,39.2205434,9.1135928,0.9981480100534352,0.9905321391743966,0.9981480100534352,0.9979974918282872,0.8380299956415147,0.9981480100534352
313482285,39.2207052,9.1134869,0.9981563626875065,0.9887701375629939,0.9981563626875065,0.9977898248030391,0.8380962835932515,0.9981563626875065
313482286,39.2208958,9.1125522,0.9984695177130545,0.9884262228323304,0.9984695177130545,0.997728256268551,0.8385160394279428,0.9984695177130545
313482293,39.2207577,9.1124949,0.99753785846041,0.9861171341985675,0.99753785846041,0.9972681504222292,0.837204034466325,0.99753785846041
313606738,39.230355,9.1109254,0.9992257979073544,0.9992257979073544,0.997225380605021,0.9988705331078966,0.8385847636585362,0.997225380605021
313606740,39.2302856,9.1110418,0.9992163825378627,0.9992163825378627,0.9972221948281034,0.9988541793703654,0.8385708318606309,0.9972221948281034
313607055,39.2330795,9.1112028,0.9997192030706922,0.9997192030706922,0.9971100906607977,0.9972401222204443,0.8384801000118011,0.9971100906607977
313609084,39.2296209,9.1097784,0.9986107194190103,0.9961630546097993,0.9972584429552201,0.9986107194190103,0.8378606806833192,0.9972584429552201
313677521,39.2138915,9.1054052,0.9959493462821561,0.9959493462821561,0.9914593716861683,0.9792718547330369,0.83476147059942,0.9903615480017772
313677525,39.2139252,9.1052857,0.9969288179338053,0.9969288179338053,0.9927138803701137,0.9788201237179702,0.8345819131162903,0.9914369112323205
313680513,39.2334598,9.1111526,0.9997575484769048,0.9997575484769048,0.9971860650015689,0.9971275524766657,0.8385874593451426,0.9971860650015689
313719195,39.2217558,9.1258908,0.9964546868054677,0.9964546868054677,0.9959548394178501,0.980168789266346,0.835034816872323,0.9959548394178501
313720148,39.2152045,9.1088069,0.995407041999961,0.995407041999961,0.9939272512906713,0.9925474894372306,0.8386133284372186,0.9939272512906713
313736984,39.2315703,9.0938477,0.0,0.0,0.0,0.0,0.0,0.0
313736993,39.2315721,9.0940198,0.0,0.0,0.0,0.0,0.0,0.0
314898763,39.223731,9.1153918,0.999503897241715,0.9941000140930405,0.999503897241715,0.9967755148669573,0.839714054478064,0.999503897241715
314898776,39.2230971,9.1177204,0.9995650958840377,0.9963840289032357,0.9995650958840377,0.9942175991604457,0.8399919421645773,0.9995650958840377
314898786,39.2166812,9.1171002,0.9990906652878494,0.9948171696535448,0.9991113812590064,0.9958287680691301,0.8396458107454812,0.9990078014032212
304734617,39.2415288,9.1296242,0.9958797019612851,0.9958797019612851,0.9888011159139962,0.9932997042814032,0.8263344995006435,0.9888011159139962
304734618,39.2413526,9.1293395,0.9970350026760505,0.9970350026760505,0.9906362224010784,0.9944649552609245,0.8284144145465003,0.9906362224010784
304734621,39.2406628,9.1284454,0.9972086475790567,0.9972086475790567,0.9926521787119755,0.9955956566029471,0.8306759641136355,0.9926521787119755
304734623,39.240274,9.1281381,0.9971874383028827,0.9971874383028827,0.9931744564447657,0.9957707339412903,0.8309891816623931,0.9931744564447657
304734624,39.2409454,9.1280548,0.9967581501129936,0.9967581501129936,0.9920530084982266,0.9952628201164784,0.8301656875451963,0.9920530084982266
304734628,39.2420424,9.1286753,0.9952134781314125,0.9952134781314125,0.9902810313094608,0.9939485861875722,0.828094594541646,0.9902810313094608
304734630,39.2423325,9.1282726,0.9942582470944379,0.9942582470944379,0.9892802030823027,0.9930829482185979,0.8266324894012267,0.9892802030823027
304734632,39.2425894,9.1285127,0.9935864255319976,0.9935864255319976,0.9885279149265307,0.9922984471795848,0.8254319249350779,0.9885279149265307
304734634,39.2397872,9.131249,0.9977533481596824,0.9977533481596824,0.9934404412786851,0.9942927040145316,0.8274196313761899,0.9934404412786851
304734635,39.2399822,9.1293266,0.9963432313539178,0.9963432313539178,0.9915253486303647,0.9945936496018613,0.8287911258287088,0.9915253486303647
304734638,39.2396631,9.1305626,0.9971516469780372,0.9971516469780372,0.9926655752072856,0.9941522027036723,0.8272241280379242,0.9926655752072856
304734639,39.2394613,9.1308154,0.9977171518713568,0.9977171518713568,0.9935074465903734,0.9942767622657329,0.8273786032212781,0.9935074465903734
304734640,39.239989,9.1309961,0.9974739276733985,0.9974739276733985,0.9929930529599675,0.9941623489591173,0.827179726727915,0.9929930529599675
304734642,39.2412325,9.1276594,0.9960668517573574,0.9960668517573574,0.9916103194874336,0.9947509746893421,0.8292519321700723,0.9916103194874336
304734643,39.2396516,9.1297544,0.9959076599927985,0.9959076599927985,0.9912932163296801,0.9940742938944718,0.8277809728159381,0.9912932163296801
304734644,39.2391511,9.1304027,0.9951374273220669,0.9951374273220669,0.9905034581923498,0.9934072478483197,0.8260533773250607,0.9905034581923498
304734646,39.2392863,9.1292565,0.9974690445378004,0.9974690445378004,0.9936588427586115,0.994813480625345,0.8289143551256886,0.9936588427586115
304734647,39.2414282,9.1307477,0.9967390439047917,0.9967390439047917,0.9904935506731245,0.9931573284389661,0.8254836196241726,0.9904935506731245
304734648,39.2396007,9.1310009,0.9978855222247451,0.9978855222247451,0.9937400342117573,0.9942757981268943,0.8273635986022195,0.9937400342117573
304734650,39.2440031,9.1289877,0.9920716705277848,0.9920716705277848,0.988735551181876,0.9896431422990992,0.8241681659054184,0.988735551181876
304699061,39.245911,9.1259046,0.9938076573206487,0.9938076573206487,0.993210697576906,0.9912083262566042,0.8281750933651637,0.993210697576906
304699063,39.2462689,9.1244992,0.9956647838837176,0.9956647838837176,0.9916252981114486,0.9886662339033956,0.824632738603022,0.9916252981114486
304699064,39.2464031,9.1233829,0.9963459194399692,0.9963459194399692,0.9920684964913394,0.9888606347475483,0.8228886497075956,0.9920684964913394
304699066,39.2463498,9.1220668,0.9963424410220326,0.9963424410220326,0.992785018600587,0.9868513638945422,0.8153559385044858,0.992785018600587
304699067,39.2465378,9.1206526,0.9967159094117508,0.9967159094117508,0.9918178855996469,0.9831828166443637,0.8074236906716085,0.9918178855996469
304699068,39.2474821,9.1226933,0.9974337882839438,0.9974337882839438,0.9916265796375604,0.9856984526624691,0.8162168070882947,0.9916265796375604
304699069,39.2477503,9.1222144,0.9976040639733408,0.9976040639733408,0.9920157135488566,0.984991352681015,0.8144254347553742,0.9920157135488566
304699070,39.2480163,9.1217443,0.997744363136873,0.997744363136873,0.9925752112394064,0.9841541400794949,0.8123319922171195,0.9925752112394064
304699071,39.2483956,9.1208994,0.9977573705095854,0.9977573705095854,0.9935032796641854,0.9827740707766877,0.809039541880219,0.9935032796641854
304699072,39.2485529,9.1204538,0.9976487618733925,0.9976487618733925,0.9937860713880459,0.9817855725562553,0.80711837177506,0.9937860713880459
304699073,39.249073,9.1190444,0.996569080682965,0.996569080682965,0.9949149815170688,0.9781462701775322,0.8020462687902216,0.9949149815170688
304699076,39.2508685,9.117914,0.9975816249341275,0.9975816249341275,0.9909169137805296,0.9702673591523674,0.7894684323587092,0.9909169137805296
304699078,39.2498122,9.1197131,0.998124888101417,0.998124888101417,0.9932482866046782,0.976990888041358,0.7997528914579485,0.9932482866046782
304699079,39.2473733,9.1218718,0.997606326296113,0.997606326296113,0.9920214715307812,0.9857398431211616,0.8156331607543956,0.9920214715307812
304699080,39.2470346,9.1221776,0.9971174048020539,0.9971174048020539,0.9913619510361381,0.9866861794340748,0.8177726669910679,0.9913619510361381
304699081,39.2466639,9.1225362,0.997424884586698,0.997424884586698,0.9921203316865919,0.9880048456504132,0.8200550309859741,0.9921203316865919
304699083,39.2477284,9.1215213,0.9977495996815735,0.9977495996815735,0.9923351929612547,0.9846496030138732,0.8132217261300231,0.9923351929612547
304699084,39.2460044,9.1221579,0.9960592439111948,0.9960592439111948,0.9930777294403164,0.9873465393258475,0.8160924987463595,0.9930777294403164
304699085,39.2455354,9.1222774,0.9956543757853393,0.9956543757853393,0.9937194128475041,0.9885890169449507,0.8185731199317536,0.9937194128475041
304699086,39.2449121,9.1224361,0.9949895705119106,0.9949895705119106,0.9943461847560112,0.9895048427413641,0.8202697621657515,0.9943461847560112
306145821,39.19412,9.1570317,0.9967520498815098,0.9916956283766851,0.9969033609957928,0.8706232527250153,0.809858946418984,0.9961468054243778
306145825,39.1941621,9.15705,0.9966852478870631,0.9916439122435677,0.996825090019334,0.8708741183932455,0.8100225126887264,0.99612587935798
306145832,39.1943352,9.1568771,0.9969595137107573,0.9921511554071177,0.9970767445036086,0.8721672896896275,0.8109565858286928,0.9964905905393519
306145848,39.1953032,9.1590685,0.9943878468480696,0.9833930515301933,0.994773373049396,0.8490725491920493,0.7866904477345631,0.9928457420427639
306145852,39.1965784,9.1593565,0.9954568938389763,0.9867711143656073,0.9956889871338336,0.856095837687604,0.7899065286593518,0.994528520659547
306145861,39.2015765,9.1614829,0.9961945497426618,0.9787717216460015,0.9961945497426618,0.8379817514894339,0.7621627166579271,0.9961945497426618
306145863,39.2021809,9.1619327,0.9960558533880608,0.978150545360459,0.9960558533880608,0.8358387799854085,0.7600562786021003,0.9960558533880608
306145867,39.2043776,9.1635816,0.9954745112597891,0.9755436570815064,0.9954745112597891,0.8276012832147497,0.7488268782993932,0.9954745112597891
306145869,39.2048871,9.1639463,0.9953443349129611,0.9743072476304969,0.9953443349129611,0.8247765163375291,0.745427333235456,0.9953443349129611
306146619,39.2097361,9.1648992,0.9904825918148799,0.9656607690104418,0.9904825918148799,0.8066764097092032,0.720343106575875,0.9904825918148799
306146624,39.2097137,9.1646097,0.9905967900249842,0.9654391251848661,0.9905967900249842,0.8066050367674695,0.7208934868977489,0.9905967900249842
306146634,39.2095259,9.1647299,0.9909393563045635,0.9657762950689752,0.9909393563045635,0.8060342743372326,0.7193358284507556,0.9909393563045635
306146647,39.209542,9.1648509,0.9919897074820241,0.9661240327764516,0.9919897074820241,0.8064216500064552,0.7198121026203526,0.9919897074820241
306146929,39.2093987,9.1651735,0.9940227298760957,0.9668086543598776,0.9940227298760957,0.8072433367202034,0.7199952422595894,0.9940227298760957
306146932,39.2084168,9.1668218,0.9954502422038026,0.9697325411579466,0.9954502422038026,0.8122344536953275,0.726036890406866,0.9954502422038026
306221921,39.2168268,9.1790587,0.9811859849617166,0.9282138495185873,0.9811859849617166,0.7467135727624462,0.6426266598714205,0.9811859849617166
306221954,39.2166184,9.1798313,0.9807863435079404,0.924482475588865,0.9807863435079404,0.7369313549317313,0.6346215113004345,0.9807863435079404
306221957,39.2172302,9.1799597,0.6833632306209467,0.0,0.6833632306209467,0.0,0.0,0.6833632306209467
306222209,39.1950951,9.1575472,0.9951065297265705,0.9840044246974116,0.9954301021469328,0.8517917103104372,0.7932752146542118,0.9938122400451211
306222210,39.1954984,9.1576636,0.9952873948947016,0.9846001704874787,0.9955888629767955,0.8537788473138844,0.7938916372992897,0.9940815225663263
304762075,39.2318207,9.101703,0.996140200450015,0.996140200450015,0.9916008456282781,0.9930516348975983,0.8308060249147682,0.9916008456282781
304762076,39.2336214,9.1021428,0.9987848638914452,0.9987848638914452,0.9941163975197241,0.9972153517622805,0.8364239804252493,0.9941163975197241
304762079,39.2332002,9.0980827,0.9961123335677469,0.9954486560086238,0.9961123335677469,0.9922828630378314,0.831058448004966,0.9961123335677469
304762080,39.2331187,9.0975658,0.9959653352072647,0.9959653352072647,0.9959459331025005,0.9923102419051583,0.8316519635065642,0.9959459331025005
304762082,39.231811,9.0979305,0.9957088797552337,0.9921668774577282,0.9957088797552337,0.9900737866915281,0.8283157856940112,0.9957088797552337
304763196,39.2364716,9.0969265,0.9951636419457562,0.9951636419457562,0.9913297562787035,0.9893213708772679,0.8285946360382329,0.9913297562787035
304763199,39.2382283,9.0968647,0.9948643469299941,0.9948643469299941,0.9914427057441885,0.9875263878501168,0.8267770554128923,0.9914427057441885
304763200,39.237999,9.099778,0.9991558890710814,0.9991558890710814,0.9928498714619288,0.993807717316543,0.833109478746142,0.9928498714619288
304763201,39.2373142,9.0947072,0.9919589046295263,0.9919589046295263,0.9848268258811232,0.9789508556713299,0.8204631970307102,0.9848268258811232
304763206,39.237851,9.0968797,0.9947246753763183,0.9947246753763183,0.9906367983034193,0.9861243186624759,0.8255261944159161,0.9906367983034193
304763207,39.23467,9.0939002,0.9895246878508053,0.9895246878508053,0.9849993863902415,0.9764487827483798,0.8187552912800538,0.9849993863902415
304763209,39.2351271,9.0947266,0.9907354683137416,0.9907354683137416,0.9876814673621591,0.9805752402024243,0.8217818512323104,0.9876814673621591
304763210,39.2357738,9.0958935,0.9934803452376736,0.9934803452376736,0.9908509328771069,0.9854994488025303,0.8256459955189968,0.9908509328771069
304763211,39.233104,9.0952757,0.9914794229840541,0.9914794229840541,0.9896085054164399,0.9803324995735148,0.8206646530255783,0.9896085054164399
304763213,39.2353156,9.0933328,0.9906575177364102,0.9906575177364102,0.9810864703637461,0.971731650032038,0.8150665484121,0.9810864703637461
304763215,39.2320297,9.0938319,0.9852273503477488,0.9852273503477488,0.984387781405455,0.9737487810728891,0.814716569060687,0.984387781405455
304763220,39.2344172,9.0921572,0.9946329488090652,0.9946329488090652,0.9855402607775502,0.9645598731716825,0.808912810994732,0.9855402607775502
304763227,39.2319532,9.0934099,0.9907531496468759,0.9862863767210266,0.9907531496468759,0.9793808652804559,0.8183594969827308,0.9907531496468759
304763228,39.2318653,9.0934777,0.9908851181419227,0.9864573212695367,0.9908851181419227,0.9795563087042295,0.818523542161484,0.9908851181419227
304763230,39.2318711,9.0938476,0.0,0.0,0.0,0.0,0.0,0.0
304734652,39.2436463,9.1289249,0.9933735151662241,0.9924169503905377,0.9928843434064337,0.9933735151662241,0.8293433528475168,0.9928843434064337
304734655,39.2424934,9.129274,0.9953193613180914,0.9953193613180914,0.9911684439854896,0.9937716976593102,0.8280992489234019,0.9911684439854896
304734657,39.2408416,9.1271653,0.9956973160362949,0.9956973160362949,0.9921541987309852,0.9948507394684696,0.8292028664891004,0.9921541987309852
304734661,39.2415535,9.1280582,0.9952785628217744,0.9952785628217744,0.9909011209506241,0.9942425822823969,0.8285532967293393,0.9909011209506241
304734664,39.2418526,9.1270507,0.989367290610523,0.9860009456066646,0.9882912545659832,0.989367290610523,0.824142228516517,0.9882912545659832
304734667,39.2382049,9.1307672,0.9986899600923815,0.9986899600923815,0.9955031691617844,0.9945477597777295,0.8273851024094458,0.9955031691617844
304734668,39.2385752,9.1312627,0.9984194897821284,0.9984194897821284,0.9951852646764354,0.9941288965611295,0.8263329479694014,0.9951852646764354
304734669,39.2397427,9.1262333,0.9954971613786013,0.9943116252509633,0.9951929155844034,0.9954971613786013,0.8293762341639154,0.9951929155844034
304734671,39.2395768,9.1266538,0.9950013379203941,0.9947894191334231,0.9944907123889704,0.9950013379203941,0.8282958015089391,0.9944907123889704
304734673,39.2384415,9.1288376,0.9965160252317111,0.9965160252317111,0.9932568688679014,0.9944042229045161,0.827558920381736,0.9932568688679014
304734675,39.2377972,9.1298895,0.9933343252928534,0.9917531623679491,0.9933343252928534,0.9914760238132809,0.8208268124922979,0.9933343252928534
304734676,39.2400787,9.1274597,0.9950092083296819,0.9949788591708048,0.9938523857597551,0.9950092083296819,0.8286380171288662,0.9938523857597551
304734677,39.2389137,9.1290815,0.9970069404488745,0.9970069404488745,0.9934472948156992,0.9946326000701987,0.8284792528784175,0.9934472948156992
304734679,39.2400471,9.1269409,0.9952131807254138,0.9951907584623777,0.9943511136388351,0.9952131807254138,0.8289287305688834,0.9943511136388351
304734680,39.2401659,9.1282599,0.9971683834575495,0.9971683834575495,0.9933302137888254,0.9957869024821819,0.8309089706878812,0.9933302137888254
304734684,39.2360601,9.1276702,0.9956870473553976,0.9949030673247531,0.9956870473553976,0.9930550050279905,0.824216669989416,0.9956870473553976
304734688,39.2380006,9.128632,0.9958225652496945,0.9958225652496945,0.9926679151341337,0.9937892751464115,0.8262814632852077,0.9926679151341337
304734690,39.2386554,9.1266658,0.9952039119832039,0.9938376299358559,0.9952039119832039,0.9937199789440246,0.8252806958019527,0.9952039119832039
304734692,39.2374317,9.126289,0.9961714593564106,0.994910701520542,0.9961714593564106,0.9937910866787381,0.8256313637719229,0.9961714593564106
304734699,39.2365988,9.1285339,0.9954394829585858,0.9953347114269294,0.9954394829585858,0.9936254710951455,0.8248686179829382,0.9954394829585858
304734823,39.236294,9.1411336,0.9990246200669538,0.9982008478168836,0.9990246200669538,0.9711609714035945,0.7850613195878123,0.9990246200669538
304734827,39.2367556,9.1392804,0.9967128997032977,0.9967128997032977,0.9964057555202117,0.9641429436233112,0.7760808492595399,0.9964057555202117
304734829,39.2374177,9.1430376,0.9991731057825632,0.9966855963264853,0.9991731057825632,0.9670605676192707,0.781012059949713,0.9991731057825632
304734841,39.2424653,9.1401279,0.998386240518728,0.9938799848466197,0.998386240518728,0.9830339144463704,0.8225757862689216,0.998386240518728
304740408,39.2364191,9.1329036,0.9994508496278889,0.9994508496278889,0.9951704213501346,0.9924819310995286,0.8225772547884387,0.9951704213501346
304740409,39.2369504,9.1324586,0.9992297389486919,0.9992297389486919,0.9947402529876269,0.9933145833070112,0.8237756315207185,0.9947402529876269
304740412,39.2373639,9.1331712,0.9990872838472037,0.9990872838472037,0.9944397878391523,0.9928004540319014,0.8226781682345208,0.9944397878391523
304740427,39.2359419,9.1309207,0.9990048853981391,0.9990048853981391,0.9945950003793,0.9919740026033669,0.8207166082529209,0.9945950003793
304740430,39.2349885,9.130759,0.9985008349617288,0.9985008349617288,0.9943233276439292,0.9909615922039451,0.8193753181965294,0.9943233276439292
304740443,39.2355679,9.1321551,0.9996558608659619,0.9996558608659619,0.9959863577465571,0.9914967501945905,0.8223364655780031,0.9959863577465571
304740448,39.2351877,9.1312723,0.9954911993031357,0.9954911993031357,0.9882823311021602,0.9855063058990277,0.8080398285247695,0.9882823311021602
304742283,39.2228759,9.1074543,0.9974883597378156,0.9971594916425617,0.9974883597378156,0.9960838503557315,0.8354504776498324,0.9974883597378156
304742287,39.2228358,9.1065034,0.9956480527792697,0.9956480527792697,0.9945235231399482,0.9933420028269091,0.8337040392950978,0.9945235231399482
304742292,39.2228153,9.1052871,0.9948739620662777,0.9948739620662777,0.9936805381316693,0.9920840448133336,0.8328966879581322,0.9936805381316693
304742299,39.2263079,9.1079562,0.9972745655970449,0.9956918746833933,0.995849857465008,0.9972745655970449,0.8359415338874411,0.995849857465008
304742302,39.2262073,9.105932,0.9939436452823486,0.9913606433437286,0.992768675336864,0.9939436452823486,0.8317064077856066,0.992768675336864
304742303,39.2269745,9.1074415,0.9962142231086136,0.9943315369277688,0.9948087182907261,0.9962142231086136,0.8344730612548507,0.9948087182907261
304742308,39.2224211,9.1035979,0.9924801785674265,0.9924801785674265,0.9911256584942342,0.9896196819899624,0.8323560718170343,0.9911256584942342
304742309,39.2220566,9.1040203,0.9917455336235415,0.9917455336235415,0.990688795833333,0.9895643091797673,0.8329796026043068,0.990688795833333
304742310,39.2210314,9.1052487,0.9939816614114596,0.9939816614114596,0.9915186424289755,0.991445218359497,0.8352281512105318,0.9915186424289755
306297175,39.1982085,9.1381766,0.9965852686439094,0.9965852686439094,0.994499668063457,0.9169160392522699,0.8054950915109023,0.994499668063457
306297203,39.2000445,9.1322171,0.9896860182534843,0.9896860182534843,0.9767073491328238,0.9288881559533175,0.7993523717688444,0.9767073491328238
306299123,39.1981419,9.1402596,0.9920043392895541,0.9913003837352361,0.9920043392895541,0.9000765500226139,0.7970086984612441,0.9920043392895541
306299125,39.1964792,9.1379291,0.9966051614828769,0.9966051614828769,0.9948911104991719,0.9115196296364352,0.8010213142552244,0.9948911104991719
306299165,39.1928472,9.1390943,0.9962408512849152,0.9962408512849152,0.9959168753933122,0.8969167632151291,0.7911515734038509,0.9959168753933122
306299169,39.1924001,9.1391856,0.995945765148347,0.995945765148347,0.9954481865587225,0.895153795026313,0.7902755136059795,0.9954481865587225
306299174,39.191392,9.1397398,0.9955458896299344,0.9955458896299344,0.9952309870149505,0.893041494313557,0.7903219164351285,0.9952309870149505
306299177,39.1911202,9.1398974,0.9954247652768681,0.9954247652768681,0.9950762840375879,0.8915253413993213,0.7901083216124565,0.9950762840375879
306299182,39.1892956,9.1413145,0.9929273609129722,0.9925619673702002,0.9929273609129722,0.8815498693594759,0.7820560820153047,0.9929273609129722
306299195,39.1932609,9.1353089,0.9924295006484177,0.9924295006484177,0.9910732843740662,0.891435176308214,0.7818233396677295,0.9910732843740662
306299206,39.1948238,9.1351441,0.9954733464616957,0.9954733464616957,0.9933282637327788,0.9008808089147545,0.792850777331978,0.9933282637327788
306299208,39.1924987,9.1407117,0.9953715659687119,0.9953715659687119,0.9949854232915131,0.8910526419690222,0.7934882150807314,0.9949854232915131
306299216,39.1977919,9.1437556,0.9968687148287658,0.9965604964277993,0.9968687148287658,0.9128476006306455,0.812688268558186,0.9968687148287658
306299219,39.1982827,9.143828,0.9974039024182161,0.99702451623812,0.9974039024182161,0.9144932967708119,0.8148795980034043,0.9974039024182161
306299221,39.1917978,9.1411201,0.9944541173244564,0.9944541173244564,0.9941440633749098,0.8880884814381789,0.7912972744623828,0.9941440633749098
306299222,39.1906691,9.1418732,0.9929459585995969,0.9929459585995969,0.9926160679306217,0.8816756993461171,0.78657465773338,0.9926160679306217
306299224,39.1899314,9.1423651,0.9920436806457276,0.9920179419270052,0.9920436806457276,0.8782783686068727,0.7835082221760784,0.9920436806457276
306299225,39.1926912,9.1419384,0.9929592040857803,0.9925805734770152,0.9929592040857803,0.8832818772273109,0.7857145566394956,0.9929592040857803
306299235,39.1906714,9.1425191,0.9920431792152511,0.9920431792152511,0.9917734300732982,0.8790798811164408,0.7839529595876416,0.9917734300732982
306299244,39.1923093,9.1416437,0.9934796570152762,0.993429645426878,0.9934796570152762,0.8854518575439326,0.7881142642549781,0.9934796570152762
309849377,39.2097889,9.1179515,0.9919009408556896,0.9919009408556896,0.9885544771187307,0.984819928561967,0.8311277874066085,0.9885544771187307
309849493,39.2109549,9.1184809,0.9976710278049024,0.9976710278049024,0.9942326527329818,0.9919219276157986,0.8373038296407116,0.9942326527329818
309849495,39.2108456,9.1169104,0.9946191970690192,0.9946191970690192,0.9929834321138177,0.9900647182895818,0.8355605205447011,0.9929834321138177
309850457,39.1980965,9.1481372,0.9988866217472937,0.9983134538448556,0.9988866217472937,0.9105408070040124,0.8192677450547559,0.9988866217472937
309850461,39.195834,9.1521733,0.9981561562099558,0.9940305059474553,0.9981561562099558,0.8871976754714491,0.8067430856198635,0.9981561562099558
309850466,39.1946465,9.1544982,0.9961588937471479,0.9905295198245728,0.9962771083053503,0.8660102966292104,0.8063298433973838,0.9956860355143382
309850467,39.1943922,9.1552778,0.9960483815201912,0.9901399660188831,0.9962013697473727,0.8662015673767689,0.8063859937085462,0.995436428611465
309850469,39.2019799,9.1411882,0.999848246433808,0.999848246433808,0.9988248463673114,0.9288537092146069,0.8260387704541802,0.9988248463673114
309851187,39.2019792,9.1359002,0.9999103990793047,0.9999103990793047,0.9929394245827536,0.9366665888189326,0.8221457395179108,0.9929394245827536
309853032,39.2192823,9.0546042,0.9999999967674676,0.5809526181731592,0.9999999967674676,0.46468699682224374,0.3995968858283806,0.9999999967674676
309853059,39.2186171,9.0557456,0.9999999967674676,0.5809526181731592,0.9999999967674676,0.46468699682224374,0.3995968858283806,0.9999999967674676
309853107,39.2189334,9.054224,0.9999999967674676,0.5809526181731592,0.9999999967674676,0.46468699682224374,0.3995968858283806,0.9999999967674676
309853132,39.2202076,9.0558679,0.9999999967674676,0.5809526181731592,0.9999999967674676,0.46468699682224374,0.3995968858283806,0.9999999967674676
309853145,39.2207873,9.0557061,0.9990118307550878,0.5423565445225468,0.9990118307550878,0.30796760995793704,0.2960623253923024,0.9990118307550878
309853207,39.220121,9.0544883,0.9988005105958604,0.5418901433861791,0.9988005105958604,0.306695669602371,0.2931075543029869,0.9988005105958604
309853235,39.2198717,9.0506669,0.9997689534413884,0.5336971852645053,0.9997689534413884,0.29020422749652847,0.30522611631540747,0.9997689534413884
309853278,39.2193726,9.0533123,0.9999999967674676,0.5809526181731592,0.9999999967674676,0.46468699682224374,0.3995968858283806,0.9999999967674676
313332533,39.2273061,9.1116103,0.9990190521162666,0.9971327506548928,0.9989825533554785,0.9990190521162666,0.8386137966562968,0.9989825533554785
313332538,39.2243424,9.114924,0.9995355863181062,0.9940121248408906,0.9995355863181062,0.9972529504873027,0.8394653399654995,0.9995355863181062
313332539,39.2240703,9.1152212,0.9995405234927982,0.9944465842754879,0.9995405234927982,0.9969795709252526,0.8396014549477407,0.9995405234927982
306222211,39.1967472,9.158037,0.995984687170317,0.9871769819551846,0.9962092174541225,0.8610043265074414,0.7965891327427578,0.995086566035095
306222212,39.1985726,9.1585954,0.9945502627854383,0.9872170976928396,0.9946629032195554,0.8554810123265487,0.7846461120536885,0.9940997010489699
306222213,39.2004235,9.1591876,0.9955675696134865,0.9815877205605708,0.9955675696134865,0.8463388233737527,0.7709225389256851,0.9955675696134865
306222215,39.2013874,9.1597745,0.9961638503409806,0.9814501487011281,0.9961638503409806,0.8466904384524998,0.7713935310403625,0.9961638503409806
306222216,39.2027046,9.1607969,0.9959863476835015,0.9778164810855217,0.9959863476835015,0.8377638688749368,0.760976846810631,0.9959863476835015
306222219,39.2066348,9.1627456,0.9946383436726307,0.9713223031829754,0.9946383436726307,0.8183096757731124,0.7362046592285347,0.9946383436726307
306222224,39.2070741,9.1638799,0.9946530102671882,0.9728971241942812,0.9946530102671882,0.8195481937636047,0.736960706186323,0.9946530102671882
306222275,39.1946702,9.1585586,0.9942126861943574,0.981733352123861,0.9946287041322556,0.8464889113691233,0.7872357314424112,0.9925486144427648
306222283,39.19539,9.1584536,0.9947677057095445,0.9832756811902682,0.9951066399393946,0.8510173060282024,0.7892334554611806,0.993411968790144
306222328,39.1966618,9.1587365,0.9956312027992712,0.9868868434781151,0.9958505185515922,0.8590755622091898,0.7931230023134201,0.9947539397899869
306222351,39.1985065,9.1591559,0.9941256175269277,0.9868365007897176,0.9941939898175038,0.8539517375058524,0.781641382052366,0.9938521283646234
306222384,39.2001909,9.1597632,0.995661387468715,0.9826128834716491,0.995661387468715,0.8471224279524208,0.7728822767062504,0.995661387468715
306222386,39.2011,9.1604138,0.9959958819463569,0.9805980003773417,0.9959958819463569,0.8447300636628691,0.7695932824385094,0.9959958819463569
306222423,39.2026214,9.1609758,0.9954845220749213,0.9754271870508325,0.9954845220749213,0.8379086998959165,0.7588013604520353,0.9954845220749213
306222424,39.2035108,9.1616518,0.9957159490697951,0.9772126822194288,0.9957159490697951,0.8347992906188486,0.7573352212393052,0.9957159490697951
306222425,39.2030987,9.1626243,0.9961054302846449,0.9775520528867743,0.9961054302846449,0.8321946234653056,0.7553747807917877,0.9961054302846449
306222441,39.2041259,9.1619457,0.9957787016347366,0.9774690618402561,0.9957787016347366,0.8340890823339059,0.7568562033091835,0.9957787016347366
306222463,39.2043434,9.1621333,0.9957463108127705,0.9773544073383669,0.9957463108127705,0.8337207075607491,0.7560750165638408,0.9957463108127705
306222464,39.2048178,9.162619,0.9957261770443196,0.9767327970035576,0.9957261770443196,0.8316761840820389,0.7539229717216152,0.9957261770443196
306222465,39.2052781,9.163162,0.9956580569002557,0.9762387471687102,0.9956580569002557,0.8294802949824565,0.7510474475441188,0.9956580569002557
304742315,39.2234205,9.1017032,0.9940759343754262,0.9940759343754262,0.9908105741164166,0.9880777961585294,0.830326669653299,0.9908105741164166
304742316,39.2242149,9.1034076,0.9951502776557059,0.9951502776557059,0.9939569195485014,0.9918821631375332,0.8324163710717207,0.9939569195485014
304742317,39.223182,9.1008711,0.9926335557213355,0.9926335557213355,0.9884646611625112,0.9856933170984633,0.8289084227695384,0.9884646611625112
304742319,39.2256573,9.1006631,0.9919534719725367,0.9919534719725367,0.9911776088689165,0.9858059779178182,0.8299698640060865,0.9911776088689165
304742320,39.2263677,9.0997221,0.9906885197860927,0.9897300076843283,0.9906885197860927,0.9842975913765543,0.8282176341424902,0.9906885197860927
304742334,39.2288281,9.0977379,0.9942094242605685,0.9894084702340097,0.9942094242605685,0.9848723604951157,0.8254464739685143,0.9942094242605685
304742336,39.2293978,9.0970814,0.9949208722991523,0.9896016097511197,0.9949208722991523,0.9853778860145465,0.8252388076264852,0.9949208722991523
304742339,39.2304795,9.0954877,0.9946383060700005,0.9882458578085941,0.9946383060700005,0.9843205585130391,0.823332460854367,0.9946383060700005
304742340,39.2312705,9.0950741,0.9938759548064093,0.9869082094025533,0.9938759548064093,0.9833243485117509,0.8216586673101846,0.9938759548064093
304742341,39.2325942,9.0955063,0.9936859437082108,0.990895929422609,0.9936859437082108,0.9860292671153865,0.8245128910857359,0.9936859437082108
304742342,39.2315755,9.0960508,0.9949339806154398,0.9882829662253663,0.9949339806154398,0.9861519804479524,0.8242602331581106,0.9949339806154398
304742343,39.2308168,9.0964403,0.9952882671284553,0.9879568506162986,0.9952882671284553,0.9869107893928667,0.8255625114630698,0.9952882671284553
304742344,39.2309312,9.0968058,0.9955390867699643,0.9887118619153987,0.9955390867699643,0.9878975517764684,0.8265994888025585,0.9955390867699643
304742345,39.2310967,9.0973405,0.9960083569719782,0.9901952771846573,0.9960083569719782,0.9892976376298545,0.828021514178347,0.9960083569719782
304742346,39.2313396,9.0981358,0.9966779650107666,0.9918450795318784,0.9966779650107666,0.9909948413326373,0.8297634043230109,0.9966779650107666
304742347,39.2324772,9.0966408,0.9923417798929408,0.9857976725571206,0.9923417798929408,0.9833701495848206,0.8227794137188147,0.9923417798929408
304742348,39.2305935,9.096976,0.9953476534799768,0.9890641556271197,0.9953476534799768,0.9870066503942555,0.8257886006928742,0.9953476534799768
304742349,39.2295923,9.0975144,0.994792977374483,0.9882149522174597,0.994792977374483,0.9864627655691539,0.8261684257595648,0.994792977374483
304742350,39.2302284,9.0958535,0.9944760258865722,0.9880537793840058,0.9944760258865722,0.9837195052965186,0.8229819577973924,0.9944760258865722
304742351,39.2309903,9.0982939,0.996542856435618,0.9912427983610919,0.996542856435618,0.9905383378567124,0.8294440372224592,0.996542856435618
304742352,39.2318579,9.0969547,0.9948330865778497,0.988605536684017,0.9948330865778497,0.9865292404228275,0.8251487493844819,0.9948330865778497
304742353,39.2294421,9.0989959,0.9954969750626669,0.9913554676425106,0.9954969750626669,0.9892176464385148,0.8292640599623196,0.9954969750626669
304742356,39.2275777,9.0986678,0.9936088375989507,0.991038612658693,0.9936088375989507,0.9856296901848277,0.8282091470146525,0.9936088375989507
304742357,39.2278439,9.0997078,0.9933738753782206,0.9912077327572506,0.9933738753782206,0.9882942187314077,0.8301273247651426,0.9933738753782206
304743219,39.2229924,9.0985496,0.9880748912239625,0.9880748912239625,0.9855546179568622,0.9530894585034309,0.8114130228136568,0.9855546179568622
304743226,39.222708,9.0991083,0.9883031068324364,0.9883031068324364,0.9831735541489744,0.9506942362312789,0.8106690610511579,0.9831735541489744
304743248,39.2164124,9.0997049,0.9929071251459468,0.9925707569606009,0.9929071251459468,0.9585797696267004,0.8195583835211822,0.9929071251459468
304743311,39.215426,9.0993534,0.9943613857920827,0.9934033796719253,0.9943613857920827,0.9621481137688057,0.8215943000706858,0.9943613857920827
304743315,39.21549,9.1000361,0.99488547123639,0.9939180774584242,0.99488547123639,0.9643728411956745,0.8214071089072856,0.99488547123639
304743319,39.2158001,9.0994834,0.9943509666432904,0.9933184101007295,0.9943509666432904,0.9622275038905898,0.8211660416761424,0.9943509666432904
304743335,39.2171249,9.0995873,0.9920880260739903,0.9920880260739903,0.9917660343162877,0.9571108115858433,0.8187711225809396,0.9917660343162877
304762043,39.2392264,9.1117573,0.9982254639034308,0.9976065798857251,0.9982254639034308,0.9981685577675344,0.8371412247503336,0.9982254639034308
304762046,39.2390771,9.109056,0.9977211974529562,0.9977211974529562,0.997099922768154,0.9971534406552128,0.8363615826756049,0.997099922768154
304762048,39.2396235,9.1101346,0.9977732073529778,0.9976841308678664,0.9975415987929019,0.9977732073529778,0.8365029972535377,0.9975415987929019
304762050,39.2400621,9.1110329,0.9978911087481797,0.996619023746282,0.9978911087481797,0.9976409085677249,0.8364053406340395,0.9978911087481797
304762063,39.2314263,9.1059817,0.9972765155679953,0.9972765155679953,0.9915361640139806,0.9958024035035304,0.835068809093743,0.9915361640139806
304762066,39.2316214,9.1061508,0.9968278918469523,0.9968278918469523,0.9909737283675351,0.9953386978149951,0.8346151520308174,0.9909737283675351
304762071,39.2337854,9.1067849,0.9958280212443239,0.9958280212443239,0.9872984862961374,0.9920906243916786,0.8311921587525524,0.9872984862961374
304762072,39.2330921,9.1061725,0.995966054591999,0.995966054591999,0.9887857313976577,0.9932936919924794,0.8325632857806704,0.9887857313976577
304762073,39.2333633,9.1012595,0.9983535134657298,0.9983535134657298,0.9951430218517198,0.9962918101810267,0.8352820220871007,0.9951430218517198
306299258,39.1904831,9.1413987,0.9927856213250527,0.9927856213250527,0.9925903676249853,0.8815436494599252,0.7852870692250038,0.9925903676249853
306299279,39.1933894,9.1417624,0.9910033671414497,0.9904804341727986,0.9910033671414497,0.8784604503602869,0.7795935027706175,0.9910033671414497
306299295,39.1990697,9.1434061,0.9976749437018608,0.9976749437018608,0.9976402775361685,0.9184203166825352,0.8166043027394516,0.9976402775361685
306299305,39.1985899,9.1426954,0.9930236809374271,0.9930236809374271,0.9915763662961452,0.9075591639579705,0.7958776376681498,0.9915763662961452
306299313,39.2012054,9.1419332,0.9995349060113157,0.9995349060113157,0.9984184430951741,0.9267673340270812,0.8239238190198763,0.9984184430951741
306299317,39.2005887,9.1436399,0.9977027604167449,0.9977027604167449,0.9973109850392067,0.9165597291054745,0.8183217117212895,0.9973109850392067
306299328,39.1967677,9.1578865,0.9939774557018655,0.9855017715474205,0.9943306241156984,0.8600839318290329,0.7971841794386515,0.9925647820465339
306299344,39.2014489,9.1596445,0.9881150292879783,0.9764553845003088,0.9881150292879783,0.841256053673827,0.7695309448055376,0.9881150292879783
309847327,39.2699151,9.0770146,0.9999441286079864,0.8374155361982266,0.9999441286079864,0.7952463160333931,0.5657929672061266,0.9999441286079864
309848263,39.239362,9.119339,0.9995828715980801,0.9995828715980801,0.9991374056048227,0.9981394275215463,0.8358675298073344,0.9991374056048227
309848275,39.2384501,9.1197246,0.999255588648501,0.999255588648501,0.9988660345459869,0.9974488170727105,0.8345165327522438,0.9988660345459869
309848278,39.2373871,9.1211194,0.9978331983544564,0.9978331983544564,0.997081928157089,0.9951081607448506,0.8299993466838339,0.997081928157089
309848281,39.2366456,9.123907,0.9949378273848526,0.9949378273848526,0.9948540866715703,0.9906258358271658,0.8244156323703162,0.9948540866715703
309848285,39.2370561,9.1246559,0.9974277168339939,0.9974277168339939,0.9971899150900723,0.9935705932084089,0.8280244962234715,0.9971899150900723
309848286,39.2360341,9.1264777,0.9967151209264874,0.9963028035370226,0.9967151209264874,0.9923075164944637,0.825021545452607,0.9967151209264874
309848290,39.2364578,9.1246244,0.9979217588715554,0.9979217588715554,0.9972822292826289,0.9928837165668056,0.8275451388443412,0.9972822292826289
309848291,39.2365147,9.1244212,0.9979568349167843,0.9979568349167843,0.9974341229114221,0.9931165875621464,0.8279464223566011,0.9974341229114221
309848495,39.2392887,9.1232159,0.9955089474933533,0.9921843277469994,0.9955089474933533,0.9906847800573194,0.8194792769614901,0.9955089474933533
309848499,39.2386153,9.1246523,0.9959023104545395,0.9921943249207764,0.9959023104545395,0.9920900758451134,0.8245842967757859,0.9959023104545395
309848502,39.2381622,9.1251222,0.9967752415070444,0.995796114578589,0.9967752415070444,0.9935251400283405,0.8270645268497356,0.9967752415070444
306223989,39.1966231,9.14604,0.9976911259555425,0.9969146110769909,0.9976911259555425,0.9070565802391672,0.8112739783607259,0.9976911259555425
306223991,39.1981469,9.1482117,0.9989255127190898,0.9983518227165039,0.9989255127190898,0.9107919747120816,0.8194389403783011,0.9989255127190898
306224015,39.2029649,9.1399364,0.999808254431334,0.999808254431334,0.9939181246014923,0.9245656176294901,0.8189623408971406,0.9939181246014923
306224098,39.2037633,9.1398539,0.9998366235648877,0.9998366235648877,0.9954056011769653,0.9232773098146876,0.8228110615481329,0.9954056011769653
306294338,39.2006767,9.1436739,0.9998314690758738,0.9998314690758738,0.99904652593517,0.9261570139825823,0.8240826006139061,0.99904652593517
306294339,39.2017448,9.1436067,0.9998450871644324,0.9998450871644324,0.9994417071897345,0.9226917052827622,0.8236817757298583,0.9994417071897345
306294341,39.2040295,9.1434006,0.9999236278153935,0.999812197733467,0.9999236278153935,0.9131721792083044,0.8240396466438455,0.9999236278153935
306294342,39.2046365,9.1432417,0.9999234968631274,0.9997663347852196,0.9999234968631274,0.9107434375233908,0.824551303859489,0.9999234968631274
306294344,39.2048598,9.1431485,0.9998284674923719,0.9996940612165637,0.9998284674923719,0.9095831840238593,0.8239198629437932,0.9998284674923719
306294350,39.2036887,9.1446202,0.999841153368881,0.9997578595216201,0.999841153368881,0.9118560901468448,0.8213804522297652,0.999841153368881
306294351,39.2034862,9.1451,0.9997584325576069,0.9997022528344026,0.9997584325576069,0.9105010249603014,0.8214028966812145,0.9997584325576069
306294352,39.2037053,9.145276,0.9996795417661349,0.9996587250409045,0.9996795417661349,0.9088172037864103,0.8202385485757648,0.9996795417661349
306294353,39.2028875,9.1470764,0.9990623280488135,0.9990623280488135,0.9988624879883906,0.9026661657288902,0.8164862366617489,0.9988624879883906
306294354,39.2022118,9.146547,0.9989832080986089,0.9989832080986089,0.998835684185732,0.9061019634624607,0.8221306568494968,0.998835684185732
306294355,39.201553,9.1457404,0.9990386823437951,0.9990386823437951,0.9986372463480356,0.910485715254616,0.8214168863820479,0.9986372463480356
306294358,39.2009012,9.1464789,0.9987042318393494,0.9987042318393494,0.998152616700672,0.9137858247201683,0.82122218786945,0.998152616700672
306294359,39.2002011,9.1472605,0.9984203360564526,0.9983270857256872,0.9984203360564526,0.900854873170282,0.8184789707554193,0.9984203360564526
306294360,39.1996846,9.1478323,0.9987153804157389,0.998631761790178,0.9987153804157389,0.9027575854592023,0.8180279743003068,0.9987153804157389
306294361,39.199191,9.148672,0.998849051146242,0.9987898293070845,0.998849051146242,0.9064955842489635,0.8181380412056897,0.998849051146242
306294362,39.1997204,9.1453738,0.9992721675292863,0.9992721675292863,0.9975781351307887,0.9198493722758179,0.8206285108169868,0.9975781351307887
314898794,39.2145246,9.1169473,0.9988078740331036,0.9959799568158455,0.9988078740331036,0.9958446137839738,0.839582399764836,0.9988078740331036
314898801,39.2120534,9.1166537,0.9966062422524673,0.9961742708821303,0.9966062422524673,0.9940395241133433,0.8388066758440733,0.9966062422524673
314898825,39.2137497,9.1054882,0.9964776991324641,0.9964776991324641,0.9921204811198797,0.9792492394209139,0.8347468941481151,0.9909557535830694
314899302,39.213411,9.1161037,0.9981183202225313,0.9946739014827819,0.9981183202225313,0.9951212381195383,0.8392059970962392,0.9981183202225313
314899326,39.2130432,9.1158109,0.9978806852098878,0.9947377029282288,0.9978806852098878,0.994913140461452,0.838948267162392,0.9978806852098878
314905892,39.2208403,9.115724,0.998744061826471,0.9926855688471459,0.998744061826471,0.9985239159277166,0.839942948287845,0.998744061826471
314905893,39.2208134,9.1158237,0.9988034690305057,0.9924318613144126,0.9988034690305057,0.9959436952159845,0.8399173366275098,0.9988034690305057
314906568,39.2172119,9.1134953,0.9960011139053062,0.9938669439169744,0.9960011139053062,0.9957873231661963,0.8380491375199626,0.9960011139053062
314907192,39.217102,9.1134265,0.995660631909335,0.9934162020266292,0.995660631909335,0.995495284817428,0.838079805884914,0.995660631909335
314938636,39.2307076,9.1084256,0.9978814903138719,0.9956195690957516,0.9948848180485373,0.9978814903138719,0.8371582192020767,0.9948848180485373
314939162,39.2301676,9.1092468,0.9980029193534456,0.9955921723040649,0.9951748655337411,0.9980029193534456,0.8373778905383035,0.9951748655337411
314939164,39.2308781,9.1101776,0.9982442549704109,0.9982442549704109,0.9961297838586448,0.998114636032028,0.8375296642249607,0.9961297838586448
314939361,39.2321571,9.1113038,0.9996030837916932,0.9996030837916932,0.996048452993109,0.9961895682096599,0.8379647165012926,0.996048452993109
314941252,39.2123227,9.1140443,0.9949335839531919,0.9899226529584685,0.9949335839531919,0.992904138338402,0.8379651538839658,0.9949335839531919
314953318,39.2216966,9.1166282,0.999587701845266,0.9950512135149094,0.999587701845266,0.9966713918689004,0.8399997379745059,0.999587701845266
314953713,39.2217997,9.1024316,0.992688221690164,0.992688221690164,0.9899075872493185,0.9879230503207845,0.8323386307947006,0.9899075872493185
314961217,39.2339305,9.1293807,0.9986056991834289,0.9986056991834289,0.9940067317187039,0.9887112062796934,0.8169882555688893,0.9940067317187039
314961291,39.2338679,9.1308871,0.9972137533708019,0.9972137533708019,0.9871463150424009,0.9703690574478914,0.7977385955352507,0.9871463150424009
314961602,39.2355365,9.1240506,0.9985327700824709,0.9985327700824709,0.9980162621517605,0.9916565675915744,0.8285781320690567,0.9980162621517605
314962745,39.2417413,9.1181313,0.5466905844967574,0.0,0.5466905844967574,0.410017938372568,0.0,0.5466905844967574
306222467,39.2060554,9.1640746,0.9952051190362475,0.9747929968652164,0.9952051190362475,0.8247525871388027,0.7449450011769794,0.9952051190362475
306222473,39.2063654,9.1633441,0.9948788441827255,0.9722856249997591,0.9948788441827255,0.8212417926347719,0.7395502571825642,0.9948788441827255
306222601,39.2073025,9.1641821,0.9942952214367377,0.9719623529286529,0.9942952214367377,0.8171408501874002,0.7339905541318341,0.9942952214367377
306222616,39.2082744,9.1646109,0.9932712989972803,0.9692975681242519,0.9932712989972803,0.8108654576240574,0.7248695510659241,0.9932712989972803
306222617,39.2091714,9.1655646,0.9947093562543672,0.9670190011692273,0.9947093562543672,0.8073169880665613,0.7198832238664046,0.9947093562543672
306222658,39.2080394,9.1650004,0.9954477912256713,0.9685853984963441,0.9954477912256713,0.810687202177078,0.7246070043505105,0.9954477912256713
306222663,39.2080438,9.1663473,0.9950326886928921,0.9671460223873525,0.9950326886928921,0.8095333683535899,0.7221201899614129,0.9950326886928921
306222989,39.1919155,9.1619501,0.9843750350560999,0.9749460117318736,0.9843750350560999,0.8111913840873626,0.8086775429190951,0.9843750350560999
306223497,39.1923917,9.1559526,0.9917968072400061,0.9834440016107417,0.992214128942139,0.8391822897352321,0.8090662750151416,0.9901275204314741
306223506,39.1923063,9.1523,0.9721354410981302,0.9692828117264963,0.9728485984410387,0.8428069234052452,0.7919023014304394,0.969264033377539
306223514,39.1899821,9.1500569,0.9783476034184404,0.9782149740049414,0.9783807607718151,0.8609735346679512,0.7952927767939382,0.9767292216861184
306223770,39.1845556,9.1475914,0.9640636424338809,0.9640636424338809,0.9624098681355691,0.8341970094755923,0.763707349949768,0.9624098681355691
306223776,39.1877289,9.1491464,0.9757462730431153,0.9757462730431153,0.9675150531309133,0.8474055721743016,0.7809318951962494,0.9675150531309133
306223777,39.1897054,9.1501746,0.9784415643605,0.9784415643605,0.9772181950186054,0.8592098632530603,0.7942635586252083,0.9754447318859305
306223906,39.1835642,9.1564647,0.9428277636771519,0.9428277636771519,0.938541014962272,0.800115299651512,0.7486647701509604,0.9363453964106482
306223919,39.1863273,9.1535306,0.9621808699542631,0.9609898768491852,0.9624786182305326,0.830027441995576,0.7720903849988361,0.9602302331893837
306223928,39.1867131,9.1520132,0.9646391701890712,0.96454846381276,0.964661846783149,0.8359721813288111,0.77527348753942,0.9628015129800606
306223940,39.1942926,9.1477583,0.9944305650691424,0.9921361340455804,0.9944305650691424,0.8954803371995296,0.8027103723150789,0.9944305650691424
306223945,39.1967579,9.145095,0.996883371043054,0.9963065158739457,0.996883371043054,0.9033404222129479,0.808383313472653,0.996883371043054
306223952,39.1981687,9.1440225,0.9974220532631278,0.9969751157602422,0.9974220532631278,0.9140252239431027,0.814750828773771,0.9974220532631278
306296874,39.2051505,9.1260386,0.9994254384629226,0.9994254384629226,0.9871826429316317,0.9584672492385288,0.8243660248762475,0.9871826429316317
306296888,39.203685,9.1263521,0.9997068879447468,0.9997068879447468,0.9935363353014832,0.9603709068620961,0.8249384308237913,0.9935363353014832
306296891,39.2040225,9.1269789,0.9995713639785339,0.9995713639785339,0.993479511194726,0.9620464274731068,0.8263385382004558,0.993479511194726
306296893,39.2045421,9.1273405,0.9996224774936285,0.9996224774936285,0.9934034897776144,0.9644431275015941,0.8281454839471278,0.9934034897776144
306296919,39.2017395,9.1395956,0.9986835620612184,0.9986835620612184,0.9983756719786482,0.8989352853714806,0.809767170670395,0.9983756719786482
306296936,39.2021663,9.1410618,0.9998504217494694,0.9998504217494694,0.998655580193217,0.9283704789761733,0.8257677828963049,0.998655580193217
306296943,39.2013448,9.1391294,0.9994299335655851,0.9994299335655851,0.9984345458611484,0.922521002116179,0.8180548875234251,0.9984345458611484
306296948,39.2012699,9.1415856,0.9995941122693394,0.9995941122693394,0.9985333013507768,0.9276332629798452,0.8245891021626787,0.9985333013507768
306296954,39.2014479,9.141774,0.9996350191702724,0.9996350191702724,0.9985257118250858,0.9271206428481069,0.8243769033887447,0.9985257118250858
306296961,39.1983443,9.1408311,0.9938836887378751,0.9938836887378751,0.9932711165716832,0.9100418371910104,0.8002720310135886,0.9932711165716832
306296994,39.1984407,9.13879,0.9970201483205329,0.9970201483205329,0.9962731714275014,0.9158683159353713,0.8071310933059942,0.9962731714275014
306296996,39.1984228,9.138616,0.9970947780825912,0.9970947780825912,0.9963367440378946,0.9160761231039684,0.8072827981607129,0.9963367440378946
306297010,39.1975246,9.1348564,0.9864675198103927,0.983228774312481,0.9864675198103927,0.9176279463139934,0.8046355487986089,0.9864675198103927
306297012,39.1985778,9.1386345,0.9970376436327253,0.9970376436327253,0.9955062920644256,0.9107994618391542,0.8072242152262432,0.9955062920644256
306297015,39.1994702,9.1384365,0.9981087845275477,0.9981087845275477,0.9962951579675222,0.9143597196083747,0.8106254863444697,0.9962951579675222
306297075,39.2000282,9.1320785,0.992496074857513,0.992496074857513,0.9900139680514558,0.9114176278252833,0.7994601891602742,0.9900139680514558
306297086,39.1987121,9.1318387,0.9938635932729781,0.9938635932729781,0.993209112363716,0.9157072222747038,0.8029624746546575,0.993209112363716
306297100,39.1992394,9.1298124,0.9937199926795995,0.9937199926795995,0.9928263338082491,0.9184950287407158,0.8073366661308089,0.9928263338082491
306297135,39.2003925,9.1303401,0.9938273824192015,0.9938273824192015,0.993771465268011,0.9227828448334843,0.8121134086606013,0.993771465268011
306297145,39.2009139,9.1326909,0.9952828264022976,0.993804603255889,0.9952828264022976,0.9311739658393597,0.8184316875854871,0.9952828264022976
306294363,39.2002196,9.1458385,0.998986253226901,0.998986253226901,0.9975920546248966,0.9171530382558939,0.8193371834932205,0.9975920546248966
306294366,39.2007027,9.144946,0.9982425123395031,0.9982425123395031,0.9974049584082235,0.9084641681648348,0.8178588591602265,0.9974049584082235
306294369,39.2011332,9.1481422,0.9992630298649149,0.9992630298649149,0.999046171129229,0.8994947205836373,0.8202547835875208,0.999046171129229
306294370,39.2010425,9.1482806,0.999323637459826,0.999323637459826,0.9990958451055671,0.8990145683803099,0.8200490236746534,0.9990958451055671
306294371,39.200671,9.1487783,0.9992996571515798,0.9992996571515798,0.9992287500192764,0.8987120366061307,0.8193124182542633,0.9992287500192764
306294372,39.2003966,9.1491551,0.9993123198279915,0.9992257712638939,0.9993123198279915,0.9000750721679933,0.8191061271332354,0.9993123198279915
306294373,39.1999312,9.1499438,0.9990593744918501,0.9987251600528317,0.9990593744918501,0.897303904794411,0.8175153835550266,0.9990593744918501
306294377,39.1981437,9.1530851,0.9991356463807394,0.9962860256642266,0.9991356463807394,0.8846552622247983,0.8083809730023903,0.9991356463807394
306294379,39.1975187,9.1524149,0.9989596018030156,0.9954434380955175,0.9989596018030156,0.8906471286583345,0.8066261247155071,0.9989596018030156
306294380,39.1992848,9.1493175,0.9972820469158031,0.9952684762352847,0.9972820469158031,0.8841117031893742,0.8037047395995818,0.9972820469158031
306294383,39.1988024,9.1485041,0.9991841403629607,0.9986047378567717,0.9991841403629607,0.9081755149296741,0.8185797159217241,0.9991841403629607
306294384,39.1982432,9.1482606,0.9989954900016814,0.9983637738537373,0.9989954900016814,0.9108145947980442,0.8194847637034597,0.9989954900016814
306294385,39.196985,9.1503644,0.9985692956159558,0.9956460588429595,0.9985692956159558,0.9001535160121671,0.8126493488635373,0.9985692956159558
306294387,39.1973189,9.151422,0.9978908643539007,0.9931065382351112,0.9978908643539007,0.8942091713735127,0.8073636863373089,0.9978908643539007
306294388,39.1964029,9.1513777,0.9991783114330328,0.9954171977241665,0.9991783114330328,0.896101233483377,0.8107750947875191,0.9991783114330328
306294389,39.1970212,9.1519614,0.9989672038328223,0.9950456309957304,0.9989672038328223,0.8930664766186014,0.8081130952257781,0.9989672038328223
306294392,39.1964262,9.1528405,0.9982283460768143,0.9932573077501861,0.9982283460768143,0.8895399482740876,0.8059144238814384,0.9982283460768143
306294393,39.1951857,9.1534896,0.9982107211909031,0.9933370087564679,0.9982107211909031,0.8875585575799927,0.8075887934481196,0.9982107211909031
306294410,39.2025868,9.1495209,0.999302628855977,0.999302628855977,0.9987862051639832,0.8909302009753106,0.8134134198686435,0.9987862051639832
306296872,39.2037332,9.1288657,0.9990192294153653,0.9990192294153653,0.9908393808366855,0.9581452988320498,0.823358844445584,0.9908393808366855
364333958,39.216422,9.1248403,0.9991407095614144,0.9991407095614144,0.9985540671963521,0.9858002424239029,0.8371399719224684,0.9985540671963521
364333977,39.2185726,9.1249231,0.9978635213630199,0.9978635213630199,0.9965555959147129,0.982769014351951,0.8331208912116546,0.9965555959147129
364333979,39.2196084,9.1249524,0.9971155973959379,0.9971155973959379,0.9952194714694862,0.9822630539426425,0.8331019825596325,0.9952194714694862
364335199,39.2196689,9.1142392,0.9968856535310119,0.985264557519031,0.9968856535310119,0.9963043072316005,0.8388755020832068,0.9968856535310119
364335217,39.2201085,9.1141305,0.9974673604120834,0.9874752296254096,0.9974673604120834,0.9968241887653323,0.8394519633786052,0.9974673604120834
366503492,39.2433854,9.1103345,0.9938092483266475,0.992369667070952,0.9938092483266475,0.9902444978602526,0.8335096901849272,0.9938092483266475
366517466,39.2244003,9.1316116,0.998641416629374,0.998641416629374,0.9954468201174901,0.9702545414544288,0.8338146980787644,0.9954468201174901
366517475,39.2242854,9.1319889,0.9986453238962992,0.9986453238962992,0.9951850288536263,0.9687365943902672,0.8326712511631896,0.9951850288536263
366517476,39.2243291,9.1323616,0.9986820938500475,0.9986820938500475,0.9953707885824389,0.9678697755002241,0.831912211173308,0.9953707885824389
366517478,39.224899,9.1324435,0.9985595798750097,0.9985595798750097,0.9944976149603854,0.965355454106989,0.8299652254975569,0.9944976149603854
366517480,39.2251727,9.1326755,0.998732429792583,0.998732429792583,0.9950911327202997,0.9641499071135924,0.8284653454666911,0.9950911327202997
366517483,39.2253413,9.1334565,0.9989371101812912,0.9989371101812912,0.996096674776958,0.9622743820560749,0.825516958024882,0.996096674776958
366517485,39.2252378,9.1338355,0.9990097075708331,0.9990097075708331,0.9967561594937399,0.9611303632437199,0.8238161003759106,0.9967561594937399
366517574,39.2252708,9.1343108,0.9992334491811715,0.9992334491811715,0.9972534901918776,0.9614864640386216,0.8237855966171929,0.9972534901918776
366517601,39.2249436,9.1345399,0.9992030940887229,0.9992030940887229,0.9976241032262909,0.9625983282178293,0.8256550052819092,0.9976241032262909
366517610,39.2244058,9.1323502,0.9986335054690617,0.9986335054690617,0.9952671922199785,0.9676026430927356,0.8316385990200207,0.9952671922199785
366517660,39.2239082,9.1322843,0.9984388446641315,0.9984388446641315,0.9951702439289293,0.9660151119954555,0.8304563023183361,0.9951702439289293
366517662,39.2236597,9.1320801,0.9983030958095801,0.9983030958095801,0.9945594086539533,0.9646749812013347,0.8297866876629897,0.9945594086539533
366517664,39.224079,9.1324713,0.9986513075702242,0.9986513075702242,0.9955467645303804,0.9669664879813097,0.831088437141469,0.9955467645303804
366517699,39.2240648,9.1328857,0.9986232547227221,0.9986232547227221,0.9957010238424722,0.9658734998381111,0.8300619466135828,0.9957010238424722
314985030,39.2232239,9.1233676,0.9985040291374471,0.994965200348251,0.9985040291374471,0.9833995918600442,0.839215070941162,0.9985040291374471
314985782,39.2225774,9.1227579,0.9977113881855405,0.9941379064072363,0.9977113881855405,0.9833036480212004,0.8384348990335312,0.9977113881855405
315238581,39.2498647,9.1150189,0.9968232218621307,0.993717113327995,0.9968232218621307,0.9766873329816625,0.7992469263959392,0.9968232218621307
315238586,39.2493935,9.1144324,0.9972237869278786,0.9930930125300089,0.9972237869278786,0.9781160069326452,0.8017335369331787,0.9972237869278786
315238589,39.2490344,9.1148751,0.9976142380694758,0.9938290759266492,0.9976142380694758,0.9800669305772824,0.8050536194878237,0.9976142380694758
315238591,39.2491187,9.1153042,0.9965409339950796,0.9942100458630154,0.9965409339950796,0.9757667296644237,0.7986442820009556,0.9965409339950796
315238595,39.2495921,9.1154774,0.9965745472113657,0.9931488628865605,0.9965745472113657,0.9758320489846707,0.797701993153849,0.9965745472113657
315238738,39.249816,9.1147119,0.9970072879513199,0.9932546542371175,0.9970072879513199,0.9772551471053335,0.8001331513852544,0.9970072879513199
315238756,39.2519521,9.1138632,0.9936680207520634,0.9854270958681282,0.9936680207520634,0.9676092877884427,0.784631756137461,0.9936680207520634
315238895,39.2493413,9.1157866,0.9966558594146544,0.9949984557746524,0.9966558594146544,0.9759602382812521,0.7998026542828889,0.9966558594146544
315239049,39.2487156,9.1151016,0.9976393127965938,0.9936680141880614,0.9976393127965938,0.9804249705523964,0.8057685231303493,0.9976393127965938
315239135,39.2519856,9.1139553,0.0,0.0,0.0,0.0,0.0,0.0
315239194,39.2484087,9.1155216,0.9975399371572234,0.9931908780516779,0.9975399371572234,0.9802982898409865,0.805616989636479,0.9975399371572234
315239195,39.2458706,9.1164578,0.9934258018880954,0.9804025100339177,0.9934258018880954,0.9782558583064757,0.8098685781125023,0.9934258018880954
315240564,39.2435045,9.1020718,0.9936887480703153,0.9935124452087066,0.9936887480703153,0.981817925004965,0.8210384464721014,0.9936887480703153
315365643,39.2400321,9.0968188,0.9899179983779001,0.9899179983779001,0.9877453512053178,0.9757525713830948,0.8144056354914402,0.9877453512053178
315378644,39.2104481,9.1182238,0.9945749823903939,0.9945749823903939,0.9910003419500506,0.9878831500182467,0.8340770434133903,0.9910003419500506
315379812,39.2197393,9.1553428,0.9999538429713754,0.9054073574883128,0.9999538429713754,0.7818128674467582,0.7235298742190539,0.9999538429713754
315379821,39.2142776,9.1501567,0.9997554137968175,0.9477200364391773,0.9997554137968175,0.8175935774676971,0.766793069926445,0.9997554137968175
315379825,39.2133982,9.1447834,0.9998903121813869,0.9301032469778583,0.9998903121813869,0.8098137030924788,0.7447645619476926,0.9998903121813869
315380470,39.2056499,9.1454217,0.9999303764836387,0.9998629623196374,0.9999303764836387,0.9009980050184971,0.8240126695537442,0.9999303764836387
315381089,39.2140544,9.1580061,0.999638168328113,0.9674869162502435,0.999638168328113,0.8256153142917916,0.774486711632218,0.999638168328113
315381090,39.2152539,9.1599213,0.9997803077832479,0.9594217646462744,0.9997803077832479,0.8178356932373531,0.765497162627883,0.9997803077832479
315381094,39.2191843,9.1644493,0.9999874968490962,0.9275500642030092,0.9999874968490962,0.7919157441060193,0.7362308898588618,0.9999874968490962
315381095,39.2192525,9.1648283,0.9999857085806643,0.9253647455459201,0.9999857085806643,0.7901426423120782,0.734249750866724,0.9999857085806643
315381098,39.2204961,9.1671393,0.9999732338441103,0.9190720814370379,0.9999732338441103,0.7852389994561627,0.7288463467772057,0.9999732338441103
315381272,39.2224174,9.1621411,0.9999997868709826,0.8996149700327292,0.9999997868709826,0.7708767182183126,0.712224176806744,0.9999997868709826
315381281,39.2236267,9.1609046,0.9999999899015513,0.8878601424745691,0.9999999899015513,0.7644540170345157,0.704146711342051,0.9999999899015513
315381334,39.2192013,9.164553,0.9999882827960013,0.9268814912847299,0.9999882827960013,0.7914324042609994,0.7357458455859299,0.9999882827960013
315381457,39.2181878,9.1611658,0.9999822797577512,0.9361547562348765,0.9999822797577512,0.8003547224280534,0.7451332570337242,0.9999822797577512
315381466,39.2158076,9.1592936,0.9998262632378797,0.9545813161141053,0.9998262632378797,0.8136238210598579,0.7612718749886539,0.9998262632378797
315381523,39.2165311,9.1587279,0.9997734392538833,0.9496692505524418,0.9997734392538833,0.8102350177013264,0.7571650400158254,0.9997734392538833
315381754,39.2171437,9.1583663,0.9996564600711944,0.9460890630851129,0.9996564600711944,0.8083325630189183,0.7544354206322266,0.9996564600711944
315382073,39.2169617,9.1572311,0.9991732648788554,0.941588339621768,0.9991732648788554,0.8047526672741769,0.7509243500003248,0.9991732648788554
364333752,39.2223956,9.1251542,0.9975816245020589,0.9957000376421754,0.9975816245020589,0.978474148083627,0.8373509031139416,0.9975816245020589
364333753,39.2233231,9.1251782,0.9985185368190104,0.9968089492954124,0.9985185368190104,0.9803722571492743,0.8384838749148587,0.9985185368190104
364333754,39.2245116,9.1252316,0.9991940044057122,0.9973561050574171,0.9991940044057122,0.9820742758899565,0.8392176221670702,0.9991940044057122
364333755,39.2256036,9.1252918,0.9994487897714437,0.998398926005818,0.9994487897714437,0.9838600219356775,0.8394937029570323,0.9994487897714437
364333954,39.2181289,9.1249025,0.9977834112929823,0.9977834112929823,0.9965556763529313,0.9824376517592738,0.832898438256568,0.9965556763529313
364333955,39.2175642,9.1248975,0.9987353124986704,0.9987353124986704,0.9977354425323521,0.9839051234928834,0.8354563306997635,0.9977354425323521
1320082652,39.2169574,9.1171757,0.9992841362192274,0.9946031256380417,0.9993047176805541,0.9957957233482115,0.8396102651108328,0.9992018103739208
1320090762,39.2169413,9.1166396,0.9979768646866393,0.9917808182374369,0.9979839681048013,0.9971462590911206,0.8398370984979252,0.9979484510139914
1327981903,39.220563,9.1129537,0.9975196464563127,0.9856898983856474,0.9975196464563127,0.99728858008418,0.8371890344707992,0.9975196464563127
1327985937,39.2199465,9.113075,0.9972733303714443,0.9872686423887249,0.9972733303714443,0.9965763903032352,0.836196050062765,0.9972733303714443
1328857478,39.2171583,9.1131243,0.995402938222679,0.9940695578896627,0.995402938222679,0.9952692982991512,0.838215937530345,0.995402938222679
1329785484,39.208216,9.1246083,0.9998887338194139,0.9998887338194139,0.9909767715917901,0.9815080968072292,0.8371430685106517,0.9909767715917901
1329785498,39.2078329,9.1253191,0.9998099813506839,0.9998099813506839,0.9918536969699685,0.9789671817277252,0.8361430105228992,0.9918536969699685
1329845643,39.2071721,9.1233785,0.9974213949695604,0.9974213949695604,0.9885250509477058,0.9758659026624561,0.8345484141543283,0.9885250509477058
1329870453,39.2072175,9.1231835,0.9944000084832738,0.9944000084832738,0.9848563272342098,0.9756807450281536,0.8332227522218462,0.9848563272342098
1329870502,39.2073217,9.1232927,0.994288373382145,0.994288373382145,0.9846523843187305,0.9752708907823483,0.8330682625086185,0.9846523843187305
1329875497,39.2075428,9.1226686,0.9950313880864577,0.9950313880864577,0.9853791456302009,0.9771928712992377,0.8329126793689611,0.9853791456302009
1329890085,39.2046779,9.1204711,0.9974460694722781,0.9974460694722781,0.9845253889416046,0.945302406781056,0.8097597431727646,0.9845253889416046
1329890105,39.2044044,9.1220466,0.9984589470038912,0.9984589470038912,0.9873050544850456,0.9504520260934743,0.8161647543541007,0.9873050544850456
1329890126,39.2037759,9.1225736,0.9980159172629343,0.9980159172629343,0.9859689006264409,0.9478749155235185,0.8129860888205841,0.9859689006264409
1332634017,39.2143442,9.1048723,0.9961353838078281,0.9961353838078281,0.9904724690879827,0.9723206851076498,0.8320575630632375,0.9883998818485793
1332634020,39.2146512,9.1049986,0.9955713321326611,0.9955713321326611,0.9892803329160764,0.9678260103454698,0.8299685405546202,0.9870376527158611
1332634055,39.214472,9.1049297,0.9962959983809261,0.9962959983809261,0.9909134826137631,0.9735234392298447,0.8325300243390784,0.9889857560922223
1332634058,39.2145267,9.10496,0.9955763672303198,0.9955763672303198,0.9892966279545501,0.9682615959864128,0.8299769309746542,0.9870361303887504
1332634061,39.2145093,9.1041483,0.9961900298099925,0.9961900298099925,0.9906245026057626,0.9726900818163462,0.8320266678839477,0.9886227082472359
1332634064,39.2144078,9.1053651,0.9954898045353214,0.9954898045353214,0.9889775241674894,0.9682379357224012,0.8302313553084095,0.9865250001311365
1309639332,39.217091,9.0827218,0.9999999967674676,0.5809526181731592,0.9999999967674676,0.46468699682224374,0.3995968858283806,0.9999999967674676
1309639342,39.2126818,9.0779336,0.9999999967674676,0.5809526181731592,0.9999999967674676,0.46468699682224374,0.3995968858283806,0.9999999967674676
1309639471,39.216974,9.0829708,0.9999999967674676,0.5809526181731592,0.9999999967674676,0.46468699682224374,0.3995968858283806,0.9999999967674676
1309639495,39.1947334,9.1353561,0.995493947322483,0.995493947322483,0.9932804899235649,0.9012146961059389,0.7932021503276608,0.9932804899235649
1309639553,39.2178182,9.0872021,0.9999999967674676,0.5809526181731592,0.9999999967674676,0.46468699682224374,0.3995968858283806,0.9999999967674676
1309639721,39.2188872,9.0848869,0.9999999967674676,0.5809526181731592,0.9999999967674676,0.46468699682224374,0.3995968858283806,0.9999999967674676
1315493867,39.2615341,9.0860967,0.9655252763489853,0.918631614502626,0.9655252763489853,0.8097400068622521,0.6352984874211479,0.9655252763489853
1315493871,39.2612986,9.0857995,0.9726830782456823,0.9447336326848309,0.9726830782456823,0.8202564975202555,0.6423771116258021,0.9726830782456823
1317790871,39.2140182,9.0911035,0.9999999967674676,0.5809526181731592,0.9999999967674676,0.46468699682224374,0.3995968858283806,0.9999999967674676
1317790873,39.2142233,9.0913052,0.9999999967674676,0.5809526181731592,0.9999999967674676,0.46468699682224374,0.3995968858283806,0.9999999967674676
1317790874,39.2138456,9.0915348,0.9999999967674676,0.5809526181731592,0.9999999967674676,0.46468699682224374,0.3995968858283806,0.9999999967674676
1317790877,39.2142431,9.0905784,0.9999999967674676,0.5809526181731592,0.9999999967674676,0.46468699682224374,0.3995968858283806,0.9999999967674676
1317790887,39.214298,9.0910689,0.9999999967674676,0.5809526181731592,0.9999999967674676,0.46468699682224374,0.3995968858283806,0.9999999967674676
1317790888,39.2145213,9.0903631,0.9999999967674676,0.5809526181731592,0.9999999967674676,0.46468699682224374,0.3995968858283806,0.9999999967674676
1317790893,39.2159388,9.08985,0.9999999967674676,0.5809526181731592,0.9999999967674676,0.46468699682224374,0.3995968858283806,0.9999999967674676
1320036073,39.2178705,9.1167446,0.9992159436396395,0.9884808972640718,0.9992372520922874,0.9959844391949312,0.8397465950266464,0.9991307098290477
1320082628,39.2186349,9.1161001,0.9986511300946284,0.9923697914188759,0.9986633357572583,0.9964176524305615,0.8396280527262839,0.9986023074441086
1320082632,39.2186322,9.1157269,0.9985431880794046,0.991208244526348,0.9985431880794046,0.9979753404219371,0.8399163857735655,0.9985431880794046
1320082642,39.2187326,9.1164598,0.9994213570502198,0.9944681099239385,0.9994266612704508,0.9970650915926355,0.8399807722555962,0.9994001401692959
1320082650,39.2170037,9.1169219,0.9991060682098357,0.9949431038577966,0.999126363234872,0.9959084970962296,0.8396220200210117,0.9990248881096903
368032108,39.2206637,9.1168202,0.9995791638008916,0.9941024867474908,0.9995791638008916,0.9969917796122677,0.8399964384226472,0.9995791638008916
368032111,39.2200426,9.1168676,0.9994614845782251,0.994335902539449,0.9994614845782251,0.9971007936019295,0.8399873184205484,0.9994614845782251
368032114,39.2186087,9.1166727,0.9994722733626429,0.9943189792726209,0.9994777478669187,0.9969278265431438,0.8399797495129299,0.9994503753455395
368032117,39.2178953,9.1165383,0.9993856605085039,0.9924943925430879,0.9994012033759387,0.9963168505189068,0.8399167379684147,0.9993234890387646
368032197,39.2201903,9.1161033,0.9989298636952013,0.9933629145016372,0.9989298636952013,0.9967636760695526,0.8398851263738254,0.9989298636952013
368032199,39.2194739,9.1160708,0.9991158077478351,0.9940297226896263,0.9991210393399251,0.997076920727377,0.8399530316052787,0.9990948813794751
368032202,39.2179931,9.1159556,0.9993589609316452,0.9925446043049513,0.9993744756805042,0.9969307917779541,0.8398695287168576,0.9992969019362096
368032212,39.2200834,9.1164475,0.9988908073897163,0.9933997554977322,0.9988956754374294,0.9964835164403831,0.8399208661714365,0.9988713351988634
368032215,39.2193842,9.116436,0.9992287707010171,0.9939924291246307,0.9992331841056584,0.996922932248891,0.8399704305146551,0.999211117082452
368032216,39.2188425,9.1164678,0.9994120866476153,0.9944691349591153,0.9994171446849155,0.9971142683028944,0.8399813542776935,0.9993918544984146
368032218,39.2178906,9.1163117,0.9993729467546493,0.9925704976963952,0.9993891343959797,0.9966995700267856,0.8399119613853665,0.999308196189328
368033056,39.2165801,9.1160576,0.9977890812250185,0.9913840640620957,0.9977890812250185,0.9973862397858637,0.8398532948068194,0.9977890812250185
368036227,39.2166153,9.1152379,0.9954291120848491,0.9900925189951094,0.9954291120848491,0.9947778357768541,0.8393461898924277,0.9954291120848491
368042707,39.2492033,9.1068242,0.9836398636535489,0.9226804068436079,0.9836398636535489,0.9523079767162478,0.778101102284932,0.9836398636535489
371068191,39.21047,9.121301,0.9991096392517994,0.9991096392517994,0.9928233394239915,0.9887492739606112,0.838351822183657,0.9928233394239915
371068282,39.210621,9.1208221,0.9989831159863352,0.9989831159863352,0.9928474358580385,0.9891431536547074,0.8383568573257939,0.9928474358580385
408256572,39.2305729,9.0984802,0.9962252155090789,0.9911844422819832,0.9962252155090789,0.9899857694643518,0.8291212929269605,0.9962252155090789
409554693,39.2398838,9.1021653,0.9995875272846926,0.9995875272846926,0.9945548096552385,0.9937184814726971,0.8317502243264621,0.9945548096552385
410194997,39.2297518,9.0978845,0.9952187977805569,0.9891292612384496,0.9952187977805569,0.9873717781505686,0.8268485608061353,0.9952187977805569
410194998,39.2293462,9.0981672,0.9943814277363062,0.987334348511825,0.9943814277363062,0.9858744467046269,0.8255517813616259,0.9943814277363062
366517701,39.2239532,9.1332211,0.998741353031701,0.998741353031701,0.9961242511799067,0.9647301974962365,0.8287977935279727,0.9961242511799067
366517704,39.2243534,9.134033,0.9987025131851118,0.9987025131851118,0.9963508064702706,0.9612119039873455,0.8251780070424318,0.9963508064702706
366517706,39.2240813,9.1338354,0.9988143735795214,0.9988143735795214,0.9968107123065533,0.9629796883127015,0.826917858193387,0.9968107123065533
366517772,39.2247291,9.1346902,0.9991064852614806,0.9991064852614806,0.9978956348066229,0.9604500786717738,0.823287420133586,0.9978956348066229
366517845,39.2235136,9.1318933,0.9984182478812703,0.9984182478812703,0.9947704820989919,0.9651518113696621,0.8300094339584847,0.9947704820989919
366517847,39.2231609,9.1322989,0.9955458808079682,0.9955458808079682,0.9946412982518194,0.9621698603710052,0.8265862340119412,0.9946412982518194
366517884,39.2239924,9.1337085,0.9988329044826237,0.9988329044826237,0.9969231968597219,0.9634771792663833,0.8273908665728289,0.9969231968597219
367928510,39.1867801,9.1434314,0.9836131941623416,0.9836131941623416,0.9831595674346776,0.8616809526218181,0.7679116855997979,0.9831595674346776
367928610,39.1891728,9.1413212,0.9927678539295662,0.9924148391853275,0.9927678539295662,0.881160900827212,0.7817274910470461,0.9927678539295662
368031742,39.2196575,9.1150465,0.99830823215453,0.9920111048564184,0.99830823215453,0.99781709092722,0.8399643093055638,0.99830823215453
368031745,39.2188348,9.1151049,0.9982107012117425,0.990431667858263,0.9982107012117425,0.9979074579716313,0.8399300144130382,0.9982107012117425
368031746,39.218681,9.1153654,0.9983337578295527,0.9907906220350778,0.9983337578295527,0.9979286125993494,0.8399317011883507,0.9983337578295527
368031750,39.2179976,9.1151191,0.9966623449771697,0.9861130224936159,0.995553379364598,0.9966623449771697,0.8396448614557074,0.995553379364598
368031751,39.2178251,9.1148903,0.9970654474393296,0.9866491377425992,0.9957963282903609,0.9970654474393296,0.8396381889172673,0.9957963282903609
368031754,39.2200107,9.1153726,0.9983296651074025,0.9914751929990683,0.9983296651074025,0.9976166851418984,0.8399281684838089,0.9983296651074025
368031755,39.2196363,9.1153954,0.9986714961534157,0.9925022348810577,0.9986714961534157,0.9980356034650179,0.8399637477460616,0.9986714961534157
368031839,39.2196087,9.1157568,0.9982170300739119,0.9915112828550317,0.9982170300739119,0.9971713219220436,0.8398998534118004,0.9982170300739119
368031842,39.2187227,9.1157506,0.997417199525546,0.9893596416992392,0.997417199525546,0.9962093578036089,0.8397593272234094,0.997417199525546
368031843,39.2180466,9.1156084,0.9980631914390641,0.9908593343812474,0.9980631914390641,0.9978519824164495,0.8399200254032831,0.9980631914390641
368032107,39.2211365,9.1167374,0.9995996511714205,0.9945974822951067,0.9995996511714205,0.9969770251029473,0.8399992570216326,0.9995996511714205
1280720801,39.2249375,9.1199107,0.9985511063915578,0.9964298544888138,0.9985511063915578,0.9916273143762815,0.8390480532479792,0.9985511063915578
1288172154,39.2142284,9.1041773,0.9963915612885755,0.9963915612885755,0.9910057339460752,0.9736468691052713,0.8325225339938381,0.9891197555577864
1288172158,39.2148435,9.1041207,0.9964436169303292,0.9964436169303292,0.9924618340914683,0.9733962013860715,0.8315249321046423,0.9913650539378845
1309637796,39.2112559,9.0990047,0.9748085054616757,0.9713138670076229,0.9748085054616757,0.9039434570422513,0.785795307329346,0.9748085054616757
1309638225,39.2115357,9.0988604,0.9760205880033869,0.9726143833189917,0.9760205880033869,0.9060263619299889,0.7874308838808229,0.9760205880033869
1309638377,39.2177192,9.0845904,0.9999999967674676,0.5809526181731592,0.9999999967674676,0.46468699682224374,0.3995968858283806,0.9999999967674676
1309638458,39.1989542,9.1314913,0.9935207206450877,0.9935207206450877,0.9924894370920907,0.9142460055482367,0.8032874824436468,0.9924894370920907
1309638472,39.2187292,9.0840632,0.9999999967674676,0.5809526181731592,0.9999999967674676,0.46468699682224374,0.3995968858283806,0.9999999967674676
1309638506,39.2177982,9.0830188,0.9999999967674676,0.5809526181731592,0.9999999967674676,0.46468699682224374,0.3995968858283806,0.9999999967674676
1309638510,39.2164041,9.0879907,0.9999999967674676,0.5809526181731592,0.9999999967674676,0.46468699682224374,0.3995968858283806,0.9999999967674676
1309638543,39.2185768,9.0852666,0.9999999967674676,0.5809526181731592,0.9999999967674676,0.46468699682224374,0.3995968858283806,0.9999999967674676
1309638776,39.2124695,9.0988416,0.9816259810195735,0.9797256363538046,0.9816259810195735,0.9172517160450223,0.7965076533868888,0.9816259810195735
1309638831,39.1950074,9.1352117,0.9953994628934901,0.9953994628934901,0.9937258793442999,0.9013910065417944,0.7934945332524858,0.9937258793442999
1309638865,39.2113849,9.0989407,0.9755480213019077,0.9719629163763968,0.9755480213019077,0.9050564425771258,0.7868003103061185,0.9755480213019077
1309638941,39.2172574,9.0838923,0.9999999967674676,0.5809526181731592,0.9999999967674676,0.46468699682224374,0.3995968858283806,0.9999999967674676
1309639137,39.2149076,9.080436,0.9999999967674676,0.5809526181731592,0.9999999967674676,0.46468699682224374,0.3995968858283806,0.9999999967674676
1309639202,39.2131441,9.0773729,0.9999999967674676,0.5809526181731592,0.9999999967674676,0.46468699682224374,0.3995968858283806,0.9999999967674676
1309639208,39.213256,9.0988704,0.9840750375354395,0.9826389981034587,0.9840750375354395,0.9231701328489145,0.8005620196970457,0.9840750375354395
1309639233,39.2164876,9.0877834,0.9999999967674676,0.5809526181731592,0.9999999967674676,0.46468699682224374,0.3995968858283806,0.9999999967674676
1309639264,39.1935215,9.1355655,0.9925209818969484,0.9925209818969484,0.9924387238204506,0.8909707830342619,0.7796734697582917,0.9924387238204506
410198037,39.2307465,9.0974626,0.9949754746350078,0.9881686957531691,0.9949754746350078,0.9867613080258547,0.8255455277597749,0.9949754746350078
410202496,39.2310947,9.0945622,0.9938113112430812,0.9871922764335109,0.9938113112430812,0.9828899810879167,0.8214014436265292,0.9938113112430812
410204620,39.2252265,9.102031,0.9938567064927364,0.9938567064927364,0.9924566973670318,0.9890717186205201,0.8306340716501465,0.9924566973670318
410204621,39.2255771,9.1024938,0.9930421518990402,0.9930421518990402,0.9915199614546428,0.9878541456427553,0.8297129740645562,0.9915199614546428
410204625,39.2261684,9.1024513,0.9915403773970598,0.9915403773970598,0.9905500816669759,0.9857149221430253,0.8277946415674521,0.9905500816669759
410204626,39.2259364,9.1022176,0.9922666015100512,0.9922666015100512,0.990775300331062,0.9863960040792652,0.8287144494820223,0.990775300331062
411398017,39.2274395,9.1279067,0.9989353645454394,0.9989353645454394,0.9987778625906477,0.9838989180782641,0.8364182078203498,0.9987778625906477
411494023,39.2217968,9.1062944,0.9944763518709685,0.9944763518709685,0.9944229299496893,0.9940235347538598,0.834871671550866,0.9944229299496893
431637707,39.2423168,9.1369955,0.9979124662614385,0.9927635958575033,0.9979124662614385,0.9884118291212622,0.8257390909076188,0.9979124662614385
431637713,39.2389674,9.1380185,0.9906993252009221,0.9836918104969861,0.9906993252009221,0.9768193098378091,0.808799037013476,0.9906993252009221
433172516,39.2385754,9.1041687,0.9996150420488843,0.9996150420488843,0.995190396496767,0.9962113907607519,0.8342858319921655,0.995190396496767
433172524,39.2389427,9.1047612,0.999128699699624,0.999128699699624,0.9947893753567334,0.9961812285810185,0.8339534412616894,0.9947893753567334
436369226,39.2296937,9.1088233,0.998632336264865,0.9965833414347287,0.9964687919020345,0.998632336264865,0.8378220382755653,0.9964687919020345
460370990,39.258013,9.0881617,0.989354515643965,0.9712640819190335,0.989354515643965,0.8949591114623626,0.7258228664161458,0.989354515643965
460371000,39.2565757,9.0855739,0.410017938372568,0.0,0.410017938372568,0.0,0.0,0.410017938372568
460371031,39.2516369,9.0835504,0.994574787929602,0.9545182074620996,0.994574787929602,0.8853010870237237,0.702469097312064,0.994574787929602
460374187,39.2468393,9.0870613,0.996156865287129,0.9811403027682459,0.996156865287129,0.9256826310268972,0.7506175079808286,0.996156865287129
460374190,39.2468597,9.0873316,0.9961340901122984,0.9817884089995869,0.9961340901122984,0.9270115130632074,0.7518710181906829,0.9961340901122984
460708293,39.2550467,9.1215687,0.997316290503813,0.997316290503813,0.9797932784313381,0.9484769794728071,0.7856704034581004,0.9797932784313381
460708556,39.2541692,9.1203645,0.996118574127903,0.996118574127903,0.9791359354726755,0.9438215678552379,0.774892634542243,0.9791359354726755
1333438964,39.2249685,9.1139931,0.999508316301786,0.9964345053987487,0.999508316301786,0.9962555273937126,0.8388556891785934,0.999508316301786
1333438976,39.2241148,9.1123268,0.999627656519709,0.9970007181922205,0.999627656519709,0.9951875289664864,0.837587498822831,0.999627656519709
1333456291,39.2270774,9.111524,0.9981889572233171,0.9915507104198974,0.9981889572233171,0.9959762982554393,0.8354343781563672,0.9981889572233171
1333456295,39.2270285,9.111811,0.9989655782074472,0.996525990232133,0.9989655782074472,0.9989083802037869,0.8384317994665554,0.9989655782074472
1333468619,39.2232758,9.1180916,0.9995309029056427,0.9965093089635841,0.9995309029056427,0.9938224386856193,0.8399583602870017,0.9995309029056427
1333468623,39.2231311,9.1177451,0.9995597428326287,0.9963708111800935,0.9995597428326287,0.9941963595134923,0.8399917159906374,0.9995597428326287
1333468624,39.2231302,9.1178401,0.9994716060231454,0.9964005685493729,0.9994716060231454,0.9937165073315734,0.8399091445389586,0.9994716060231454
1333468657,39.2227557,9.1176094,0.9995514100049414,0.9961572218179284,0.9995514100049414,0.9945644219957528,0.8399969357878101,0.9995514100049414
1333468665,39.2229903,9.1180644,0.9994802853123003,0.9965559503280884,0.9994802853123003,0.9938519082204487,0.8399282793745206,0.9994802853123003
1333468668,39.2232357,9.1179723,0.9995194763147663,0.9963079823001076,0.9995194763147663,0.9938067936048409,0.8399702555440554,0.9995194763147663
1333481510,39.2178246,9.1182485,0.6833632306209467,0.0,0.6833632306209467,0.410017938372568,0.0,0.6833632306209467
1333481520,39.2174643,9.1180473,0.6833632306209467,0.0,0.6833632306209467,0.410017938372568,0.0,0.6833632306209467
1333481527,39.2150325,9.1168419,0.9989289489911033,0.9953785201550255,0.9989289489911033,0.9961464358028099,0.8396989702359842,0.9989289489911033
1333481557,39.219001,9.1179992,0.9965166150429241,0.993955279206075,0.9965166150429241,0.9918959956765223,0.8389982125545201,0.9965166150429241
1333481560,39.2221895,9.1180391,0.9990714831103044,0.9957059893246853,0.9990714831103044,0.9924800423178575,0.8397512751093383,0.9990714831103044
1333481578,39.2162003,9.1173674,0.9985162964822244,0.993952937042084,0.9985162964822244,0.9951967983592529,0.8396334168819574,0.9985162964822244
1333484982,39.2153874,9.118472,0.9975834026938482,0.9942257202900084,0.9975834026938482,0.9932151607487255,0.8391573583603796,0.9975834026938482
1333488139,39.2156351,9.1169617,0.9988977131083642,0.9948304070961737,0.9988977131083642,0.9958657609172121,0.8397184410034527,0.9988977131083642
1333502736,39.2162759,9.1195743,0.9959150552935029,0.9933612399855626,0.9959150552935029,0.9892887330992725,0.83829262797231,0.9959150552935029
1333520924,39.2288672,9.1322434,0.9994425177197982,0.9994425177197982,0.9983906067338214,0.9844083708679676,0.8301093143927121,0.9983906067338214
1333585783,39.2274599,9.1350982,0.9997433311314642,0.9997433311314642,0.9956310212557276,0.9651155112515176,0.8063407100512534,0.9956310212557276
1333588074,39.2268042,9.1363534,0.9997787146273976,0.9997787146273976,0.9943712452956478,0.9596188654586906,0.8092697427516609,0.9943712452956478
1333588088,39.2268832,9.1368035,0.9997953515288049,0.9997953515288049,0.9938778317163213,0.9593104534216943,0.8074356158555047,0.9938778317163213
1333599102,39.2262008,9.1369262,0.9987847133236316,0.9987847133236316,0.9929252981547901,0.9512284039056467,0.7997693647934525,0.9929252981547901
1333599104,39.226072,9.1361347,0.9989648983316781,0.9989648983316781,0.9933765090968906,0.952521736899785,0.8014084772863147,0.9933765090968906
1333602815,39.2249604,9.1368538,0.998981041192851,0.998981041192851,0.9939860874446362,0.952518887610058,0.8037497371608426,0.9939860874446362
1333602817,39.2249293,9.1363817,0.9989788522587549,0.9989788522587549,0.9939792629228055,0.9525004818791143,0.803725144018784,0.9939792629228055
1333604593,39.2245062,9.1373447,0.9981959414193656,0.9970807932016224,0.9981959414193656,0.9527084850219247,0.8086276710126531,0.9981959414193656
1333604603,39.2243641,9.1364998,0.9984823790908323,0.9973265844859239,0.9984823790908323,0.9539779784695033,0.8104071709885294,0.9984823790908323
1333604608,39.2240319,9.1368634,0.9988983568964801,0.998167780497445,0.9988983568964801,0.9567016541627728,0.8138675231311386,0.9988983568964801
1333604610,39.2244057,9.1367573,0.9986362177426812,0.9977223289062466,0.9986362177426812,0.9548273219328915,0.8115577050030597,0.9986362177426812
1333611743,39.2316736,9.1332218,0.9987872504721873,0.9987872504721873,0.9964090028984491,0.9799328722820401,0.8208558206033912,0.9964090028984491
1333617490,39.2312694,9.1286342,0.9996115828915413,0.9996115828915413,0.9991853967673203,0.9906768838410668,0.8274610623230845,0.9991853967673203
1333620486,39.2321391,9.1307196,0.9999272926426775,0.9999272926426775,0.9984502698894724,0.9887536257193417,0.8220607117587387,0.9984502698894724
1333620491,39.2324132,9.1303903,0.9999223500838359,0.9999223500838359,0.9984512132918326,0.9884954570147484,0.8216882688887609,0.9984512132918326
1333620497,39.2326909,9.1306944,0.9999241334800824,0.9999241334800824,0.9983058438436441,0.9885763204760857,0.8217941410422794,0.9983058438436441
1333620510,39.2323521,9.1299658,0.9997739981815625,0.9997739981815625,0.9990989951886905,0.9889736643862328,0.8247992337561169,0.9990989951886905
1333620514,39.2324777,9.1305328,0.9999199621216865,0.9999199621216865,0.9984083130033093,0.988445113456953,0.8215911181847442,0.9984083130033093
1333620523,39.2325361,9.1294345,0.999689823901351,0.999689823901351,0.9990544432188412,0.9889833563003202,0.8252040354725044,0.9990544432188412
1333620528,39.232549,9.1309405,0.9999267273288012,0.9999267273288012,0.9982978259514822,0.9886305827841062,0.821854880980859,0.9982978259514822
460708649,39.2540119,9.1211011,0.995526301039907,0.995526301039907,0.9773728106042133,0.9507820748544414,0.7780485303679012,0.9773728106042133
460815738,39.2386841,9.1507208,0.9968373114288934,0.87302081982255,0.9968373114288934,0.7853819521475964,0.5771929011428278,0.9968373114288934
460831777,39.2391259,9.1506343,0.9967918314464562,0.8717094201862613,0.9967918314464562,0.7837237895618738,0.5757101099852473,0.9967918314464562
460903948,39.215143,9.156587,0.9995883679977011,0.9581604294050173,0.9995883679977011,0.8173526664439924,0.7669014620989668,0.9995883679977011
460904136,39.2126552,9.1566346,0.9998201360289913,0.9725580569107325,0.9998201360289913,0.8347030581437811,0.7841296763804447,0.9998201360289913
460904225,39.2139804,9.1551232,0.9997781290250539,0.9629868277120465,0.9997781290250539,0.8246893877151877,0.7755368003399762,0.9997781290250539
460904308,39.2119495,9.1538349,0.9998803250349748,0.9701486412655492,0.9998803250349748,0.838027812571102,0.7869529091499008,0.9998803250349748
460904362,39.2113992,9.1545542,0.9998697832486682,0.9749672877684383,0.9998697832486682,0.8420078705070361,0.7908528470651256,0.9998697832486682
460904419,39.2126999,9.1534364,0.9997204144953528,0.9640498031315692,0.9997204144953528,0.8312342259054913,0.7821602131072174,0.9997204144953528
460904712,39.2157118,9.1540185,0.9992258614822143,0.954256200440392,0.9992258614822143,0.817275099679473,0.766062631842891,0.9992258614822143
460913804,39.2145822,9.157336,0.9996665800793907,0.9626978758420158,0.9996665800793907,0.821142336248451,0.7701997395703729,0.9996665800793907
460913916,39.2133922,9.1557457,0.9998384816206022,0.9666175972525148,0.9998384816206022,0.8294943730364973,0.7788195271996795,0.9998384816206022
460913982,39.2115686,9.1533504,0.9998581924208986,0.9703866018063255,0.9998581924208986,0.837992530025024,0.7872710622249707,0.9998581924208986
460913994,39.2109313,9.1525046,0.9997958384598266,0.9761847082748863,0.9997958384598266,0.844416223819931,0.7929288563986407,0.9997958384598266
460914161,39.2094468,9.15055,0.9996947557978828,0.9845790792298883,0.9996947557978828,0.8520843321236456,0.7995531724555224,0.9996947557978828
460914545,39.2094509,9.1543842,0.9999679121647282,0.9874700671129953,0.9999679121647282,0.8544609622922466,0.8016457882731077,0.9999679121647282
460916483,39.2128298,9.1564371,0.9997974295436591,0.9710373265966775,0.9997974295436591,0.8335003937105734,0.7829257867175687,0.9997974295436591
460916533,39.2109971,9.1540223,0.9998782182885457,0.9749657282691041,0.9998782182885457,0.8424426845909654,0.7911360677765443,0.9998782182885457
460916562,39.2103772,9.1532136,0.9999187059965398,0.9805861826960397,0.9999187059965398,0.8484915793517456,0.7962873560299943,0.9999187059965398
460916574,39.2089933,9.151354,0.9998408755988848,0.9869581974393569,0.9998408755988848,0.8554329601142928,0.8018917721361865,0.9998408755988848
460927066,39.2158511,9.1561404,0.9962954619212825,0.943864156304067,0.9962954619212825,0.8085111048816318,0.7592293387270161,0.9962954619212825
460927105,39.2151814,9.1543571,0.9989672713263763,0.9562751259058643,0.9989672713263763,0.8194259496820462,0.7690657932434453,0.9989672713263763
460927233,39.214448,9.1523659,0.9996347936343272,0.9559778401802692,0.9996347936343272,0.8237623076933046,0.7728798859109658,0.9996347936343272
460927421,39.2147725,9.1521844,0.9996484470466109,0.9553089401050654,0.9996484470466109,0.8225929776467469,0.7712145087218945,0.9996484470466109
460927539,39.2137672,9.1527868,0.9994409246424686,0.9589849938028583,0.9994409246424686,0.8267500013353629,0.7766676240742271,0.9994409246424686
460927572,39.2121485,9.1541056,0.9998571296374587,0.9687855196124486,0.9998571296374587,0.8365505077291394,0.7856719791339021,0.9998571296374587
460973243,39.2144969,9.1547877,0.9996439260493499,0.960243135080684,0.9996439260493499,0.8221847192192846,0.772836483457656,0.9996439260493499
460984493,39.2098363,9.1538849,0.9999457751902744,0.9843049206647966,0.9999457751902744,0.8519539298773076,0.7994573949150915,0.9999457751902744
460984556,39.2085278,9.152153,0.9999608291396354,0.9906349676786048,0.9999608291396354,0.8590496422646721,0.8047478506044946,0.9999608291396354
460984574,39.2077951,9.1532298,0.9999971498110779,0.9940660948127397,0.9999971498110779,0.864683773314504,0.808852326947895,0.9999971498110779
460984623,39.2099537,9.1498029,0.9996177045922066,0.9839971538472598,0.9996177045922066,0.8498419748035255,0.7985679599728674,0.9996177045922066
460984641,39.2100827,9.1495433,0.9995742701164231,0.9841214033942108,0.9995742701164231,0.8496272173935231,0.798500135467846,0.9995742701164231
460984659,39.2104411,9.1490677,0.999343190823959,0.9814597624682618,0.999343190823959,0.8470396880355684,0.7963278265167895,0.999343190823959
460984713,39.2143031,9.1503645,0.9997569555540862,0.9482236267027749,0.9997569555540862,0.8180549239916234,0.7672313116189603,0.9997569555540862
460985008,39.2134054,9.1461804,0.9998889445474611,0.9383228137873874,0.9998889445474611,0.8142721618798618,0.7508747011347676,0.9998889445474611
460985089,39.2114091,9.1503711,0.9983279626474025,0.9728131889034164,0.9983279626474025,0.8400549580060926,0.7898744071968767,0.9983279626474025
461001294,39.2161729,9.1579815,0.9995431060434296,0.9527938589969883,0.9995431060434296,0.8124677594039849,0.7600372081364226,0.9995431060434296
461001585,39.2174965,9.161571,0.9999719660296368,0.9408686241395042,0.9999719660296368,0.8030044826947647,0.748661434599702,0.9999719660296368
461001783,39.2154313,9.1585324,0.9997108787902204,0.9575204659348451,0.9997108787902204,0.816221486181689,0.764322569643873,0.9997108787902204
461001893,39.2168174,9.1569462,0.9989547076555932,0.9430917091797107,0.9989547076555932,0.8058254067444213,0.7520665287792309,0.9989547076555932
1333679581,39.2244968,9.1263111,0.9984854192398412,0.9971880883097554,0.9984854192398412,0.9786249569155633,0.8385517756516114,0.9984854192398412
1333679582,39.2253519,9.1263371,0.9991129729445528,0.998204429455814,0.9991129729445528,0.9808986497854971,0.839080166102395,0.9991129729445528
1333679583,39.2256015,9.1255602,0.9993866862033322,0.9984212701626741,0.9993866862033322,0.9833959523742762,0.8394320846373807,0.9993866862033322
1333681576,39.2268029,9.1246896,0.9996143081681482,0.9984453179133352,0.9996143081681482,0.9852100117295136,0.8392948971622137,0.9996143081681482
1333682832,39.2243068,9.1187383,0.9983732534795293,0.9967577074269278,0.9983732534795293,0.9916433098268935,0.8389407748414084,0.9983732534795293
1333682835,39.2243298,9.1188674,0.9985037115255538,0.9967956078489506,0.9985037115255538,0.9916024578250688,0.8390118393160159,0.9985037115255538
1333682837,39.2243361,9.119085,0.9985529539142014,0.9969107239969054,0.9985529539142014,0.9917696936516355,0.839078687929927,0.9985529539142014
1333682844,39.224488,9.1188895,0.9978425642415625,0.996417161611976,0.9978425642415625,0.9917617386500985,0.8383749524343852,0.9978425642415625
1333684519,39.2220353,9.1186996,0.9989441030210745,0.9955800225598426,0.9989441030210745,0.9923529706812101,0.8396559638456782,0.9989441030210745
1333686335,39.2228452,9.1214661,0.9986959915848188,0.9961314931121739,0.9986959915848188,0.9876124892318185,0.8393632683948885,0.9986959915848188
1333686339,39.2224853,9.1212644,0.9978980396464022,0.9958322114644966,0.9978980396464022,0.9869721205634613,0.8387803723349125,0.9978980396464022
1333686347,39.2236774,9.1196732,0.9970643015380027,0.9940044133852844,0.9970643015380027,0.986765513817947,0.8378997452663361,0.9970643015380027
1333686354,39.2232681,9.1192376,0.9960007951702311,0.9934187990593664,0.9960007951702311,0.985275126434586,0.8369722890941571,0.9960007951702311
1333686356,39.2236753,9.1199352,0.9987810657287067,0.9970747811992315,0.9987810657287067,0.9901102253100735,0.8392630219661654,0.9987810657287067
1333686367,39.2229241,9.1185699,0.996460402139503,0.994515197932191,0.996460402139503,0.987323051857036,0.8373301264642289,0.996460402139503
1333686368,39.2240362,9.1196922,0.9988606885547627,0.9971347433985306,0.9988606885547627,0.9906756445910866,0.8393190760819228,0.9988606885547627
1333687436,39.2228336,9.1215228,0.9987040291947419,0.9960589778213002,0.9987040291947419,0.9876611897975938,0.8393679740981044,0.9987040291947419
1333692730,39.2275119,9.1207848,0.9996642206916883,0.9978793067843701,0.9996642206916883,0.9939941037132426,0.8395955921879505,0.9996642206916883
1333692731,39.226764,9.1204971,0.9995014632903663,0.9970105390323107,0.9995014632903663,0.9931479846329074,0.8397745297883994,0.9995014632903663
1333692735,39.2275368,9.1205381,0.9996583419739166,0.997876731529492,0.9996583419739166,0.9939807845167717,0.8395964218624932,0.9996583419739166
1332736342,39.2309997,9.0952157,0.9943484742710987,0.9867306767452028,0.9943484742710987,0.9836854154628077,0.8219904151741779,0.9943484742710987
1332736345,39.2315829,9.0970941,0.9952346258120349,0.9891485851179285,0.9952346258120349,0.9875653267281869,0.82625735703104,0.9952346258120349
1332755542,39.2304976,9.0973931,0.9924916774180156,0.983465325265482,0.9924916774180156,0.9831731712214008,0.8221594740579876,0.9924916774180156
1332755558,39.2304686,9.0981657,0.9952542422038346,0.9886586806218802,0.9952542422038346,0.9879000426947584,0.8269673283514832,0.9952542422038346
1332757721,39.2267061,9.0993424,0.991682210601976,0.9904932315465089,0.991682210601976,0.9856142738951567,0.829019698082553,0.991682210601976
1332760158,39.2253436,9.1008014,0.9922217455779362,0.9922217455779362,0.990388560281015,0.9851512036325617,0.8296895866357937,0.990388560281015
1332761769,39.2272057,9.100017,0.9926667571399035,0.9916271265810097,0.9926667571399035,0.9877561996080256,0.8303211702769977,0.9926667571399035
1332761772,39.2268122,9.0992197,0.9919448559775779,0.989429834761414,0.9919448559775779,0.9839341525038013,0.8271278914546605,0.9919448559775779
1332765156,39.2259069,9.1005723,0.9920054539670459,0.9920054539670459,0.9913444848624794,0.9865829729814679,0.8302829770902344,0.9913444848624794
1332765166,39.2261553,9.1007649,0.9916483994302961,0.9916483994302961,0.9900663057897127,0.9863558278360105,0.830116418257,0.9900663057897127
1332765195,39.2261156,9.1004871,0.9918959791105161,0.9918959791105161,0.9905248137644015,0.9868814445595653,0.8303513162664867,0.9905248137644015
1332769850,39.2249471,9.1012694,0.9928685228710331,0.9928685228710331,0.9899807100703246,0.9861118943588819,0.82970981563996,0.9899807100703246
1332769851,39.2243871,9.1012489,0.9924362005550914,0.9924362005550914,0.9893058371381462,0.985371394862915,0.8292216647208867,0.9893058371381462
1332769852,39.2253796,9.1018223,0.9935964458173415,0.9935964458173415,0.9922226274409939,0.9887795483347502,0.8305731309442269,0.9922226274409939
1332769856,39.224246,9.1013141,0.9936260459387003,0.9936260459387003,0.9898755247204084,0.9865898724984832,0.8297096982864018,0.9898755247204084
1332769863,39.2250409,9.1013928,0.9933137802467885,0.9933137802467885,0.9922110052203014,0.9884123261685228,0.830195301926983,0.9922110052203014
1332769864,39.2254853,9.1010106,0.9922617249602919,0.9922617249602919,0.9901900247358663,0.9853086949961085,0.8296686141771102,0.9901900247358663
1332769866,39.2254201,9.1007704,0.9922413308099446,0.9922413308099446,0.9905237330633421,0.9852882300633283,0.8297442167635429,0.9905237330633421
1332769867,39.2245894,9.1019536,0.9929981922363863,0.9929981922363863,0.991899486825707,0.9878748593841733,0.8295968302054231,0.991899486825707
1332769868,39.2244635,9.1014924,0.9932168681248938,0.9932168681248938,0.992058579788394,0.9881729251505794,0.8299046449232176,0.992058579788394
1333254643,39.2230874,9.11343,0.99895011670758,0.985680155783766,0.99895011670758,0.9971235793581684,0.8389698227332476,0.99895011670758
1333269449,39.2203612,9.1157408,0.9987678321606972,0.9930246546456162,0.9987678321606972,0.9978296100611209,0.8399600139662425,0.9987678321606972
1333324444,39.2199208,9.1124325,0.997093209454885,0.9900104653724852,0.997093209454885,0.9961322480976693,0.8357894483767095,0.997093209454885
1333324471,39.2196437,9.1130112,0.996129082080979,0.9894632142936,0.9958338207013514,0.996129082080979,0.8363105433197664,0.9958338207013514
1333359519,39.2227981,9.1090291,0.9986334287373584,0.9973657387739061,0.9986334287373584,0.9967589966155946,0.8359826151652903,0.9986334287373584
1333381597,39.2232669,9.1062932,0.9950132954323276,0.9950132954323276,0.9939489089439465,0.9926139097773472,0.8329665054626302,0.9939489089439465
1333381613,39.2245087,9.1081859,0.9976490256699012,0.9976490256699012,0.9970678560130749,0.9959780698834158,0.8338768791771489,0.9970678560130749
1333397931,39.2274113,9.1078642,0.9953453417682204,0.9932461477230583,0.9939742240036419,0.9953453417682204,0.83329100748131,0.9939742240036419
1333404041,39.2292613,9.1066253,0.9932297378331325,0.9919790878742754,0.9919485773693102,0.9932297378331325,0.8308787393662769,0.9919485773693102
1333422447,39.2289213,9.1097208,0.998663278573231,0.99595478311311,0.9975393613383519,0.998663278573231,0.8375577203536032,0.9975393613383519
1333422448,39.2271986,9.109505,0.9988258947399501,0.9973117912128522,0.9979986406368435,0.9988258947399501,0.8378597458848999,0.9979986406368435
1333422451,39.2290912,9.1095954,0.9985771017821223,0.9957363864311333,0.9974428653772655,0.9985771017821223,0.8373983509965923,0.9974428653772655
1333422472,39.2285501,9.1104215,0.9989817473190074,0.997751246196232,0.9983176028015619,0.9989817473190074,0.8384611931904682,0.9983176028015619
1333422478,39.2284012,9.1100669,0.9989944412304903,0.9976843051198263,0.9982469179314539,0.9989944412304903,0.8382588858289017,0.9982469179314539
1333422479,39.2284957,9.1107048,0.9990452438294102,0.9979213140590886,0.9984275181779031,0.9990452438294102,0.8385708718239361,0.9984275181779031
1333422487,39.2287591,9.1091625,0.9982677262932506,0.9952672236784985,0.9971907222144594,0.9982677262932506,0.836746223077151,0.9971907222144594
1333432231,39.2267123,9.1101521,0.9984676105252185,0.9974741325281323,0.9977047167905485,0.9984676105252185,0.8372591431370047,0.9977047167905485
1333432241,39.2243487,9.1144721,0.999530280497203,0.994119718133061,0.999530280497203,0.9971817325503886,0.8393452558900402,0.999530280497203
1333432404,39.2239209,9.1148044,0.9994726393399619,0.9935994403385096,0.9994726393399619,0.9972786209046051,0.8392625862990045,0.9994726393399619
1333438940,39.2270891,9.1115507,0.9981835180222374,0.9915336012143133,0.9981835180222374,0.9959907798727587,0.8354191784393861,0.9981835180222374
1332634067,39.2143475,9.105332,0.9963106557885352,0.9963106557885352,0.9909076587669168,0.9735116718303437,0.8327029202093095,0.9889738318924071
1332634071,39.2144022,9.1048908,0.9962762121126553,0.9962762121126553,0.9907982065453476,0.9732590209617876,0.8324105928012179,0.9888240352519638
1332634100,39.2146139,9.1041375,0.9963839872739446,0.9963839872739446,0.991228812603786,0.9717656739711361,0.8315020951769507,0.9894896358498495
1332634106,39.2146262,9.1043066,0.9962715853090336,0.9962715853090336,0.9911374769503478,0.9712641871734181,0.8311899702983622,0.9894253822899494
1332634117,39.2142279,9.1052666,0.996271669120778,0.996271669120778,0.9908099024581682,0.9732959566029595,0.8326248857572112,0.9888550259860373
1332641273,39.2131007,9.1002236,0.9919630507565664,0.9919630507565664,0.9789714669352946,0.9494669370573843,0.8156104233880448,0.9769325325248498
1332645340,39.2210182,9.0993429,0.9888909906318293,0.9888909906318293,0.9738568543045358,0.9466146992759945,0.8086267978142312,0.9738568543045358
1332662027,39.2210273,9.09964,0.9885909805838284,0.9885909805838284,0.9732774177531104,0.9460892741051332,0.8088654917206266,0.9732774177531104
1332668605,39.2240382,9.0952751,0.9956215793901504,0.9682402994934876,0.9956215793901504,0.9001514747367082,0.7790453818034022,0.9956215793901504
1332668613,39.2253108,9.0969394,0.9980025329337685,0.987948013764238,0.9980025329337685,0.9669301602749316,0.8159450373045369,0.9980025329337685
1332668625,39.2291145,9.0940233,0.9997807660106827,0.9823680047985803,0.9997807660106827,0.9584744431921305,0.7987587732038477,0.9997807660106827
1332668631,39.2248772,9.0955452,0.9984529160727426,0.9833277956168995,0.9984529160727426,0.95576760324497,0.8101713785955,0.9984529160727426
1332668667,39.2284437,9.0928414,0.9999243010930966,0.9785068184588351,0.9999243010930966,0.9237232419636886,0.7849654490884865,0.9999243010930966
1332670754,39.225287,9.0947457,0.9985436868692205,0.9807566438601085,0.9985436868692205,0.9403549690961754,0.7931882488543786,0.9985436868692205
1332688699,39.2285585,9.0948003,0.9935489653944451,0.9897324759155699,0.9935489653944451,0.9670909072487274,0.8136983357080336,0.9935489653944451
1332688735,39.2282324,9.0949996,0.9954910217793631,0.9904702061677199,0.9954910217793631,0.9696583152944097,0.8152187611500521,0.9954910217793631
1332688740,39.2286784,9.0946863,0.994161300355218,0.9898128960496607,0.994161300355218,0.9677750522522498,0.8141222080598091,0.994161300355218
1332699836,39.2300215,9.0922327,0.9999845217298576,0.9861178224776928,0.9999845217298576,0.9409509112593555,0.7968071510737876,0.9999845217298576
1332726253,39.2324564,9.0948599,0.9942344065940498,0.992110941590298,0.9942344065940498,0.9857630574493936,0.8245628834709449,0.9942344065940498
1332736340,39.2313022,9.0961912,0.9949723924642283,0.987854151147974,0.9949723924642283,0.9861973505934384,0.8245100605221065,0.9949723924642283
1332770281,39.2246231,9.1028521,0.9946690967579953,0.9946690967579953,0.9932737747045088,0.9908869362377757,0.8317343589704831,0.9932737747045088
1332772993,39.2259224,9.1093894,0.9959607697721807,0.9959607697721807,0.9954976960489609,0.9947623896075971,0.8318326158764007,0.9954976960489609
1332773674,39.2263545,9.1103865,0.9983258641065816,0.9973815799902118,0.9975935152713897,0.9983258641065816,0.8368608023452155,0.9975935152713897
1332775380,39.2233453,9.1109262,0.9989918779101102,0.9957854689764922,0.9989918779101102,0.9953813626615807,0.8343105004411445,0.9989918779101102
1332775406,39.2231217,9.1106203,0.999000168639773,0.9957989730795169,0.999000168639773,0.9955222668261691,0.8344618735023773,0.999000168639773
1332775409,39.2243081,9.1126769,0.9995264374890286,0.9971555772592623,0.9995264374890286,0.99535949173122,0.8378945080023413,0.9995264374890286
1332785523,39.2213307,9.1026582,0.9919188743134925,0.9919188743134925,0.9896460912983935,0.987793079736995,0.8325818825095204,0.9896460912983935
1332793012,39.2195916,9.1086683,0.9960059545089177,0.9960059545089177,0.994878916561731,0.9924605161010303,0.834711943801741,0.994878916561731
1332793354,39.2172493,9.113197,0.995294628477584,0.9939835036528766,0.995294628477584,0.9952607312728159,0.8381385993299756,0.995294628477584
1332797937,39.2169879,9.1121216,0.9945808552213612,0.9945808552213612,0.9943879769230055,0.9936738068826585,0.8380414578579859,0.9943879769230055
1333240154,39.2221528,9.1160514,0.999270869413095,0.9939473004298823,0.999270869413095,0.995666071910845,0.8399830439868649,0.999270869413095
1333240902,39.2219883,9.1136805,0.998863996378541,0.9885505880319462,0.998863996378541,0.9971307417618112,0.8391565430532262,0.998863996378541
1333240907,39.2230498,9.114074,0.9984057723467433,0.9819266125931824,0.9984057723467433,0.9959598921258866,0.8387141313187361,0.9984057723467433
1333240911,39.2241855,9.1148938,0.9995401722357,0.9942853158078198,0.9995401722357,0.9973300389291039,0.8393976737200738,0.9995401722357
1333248864,39.2240361,9.1128897,0.9995080320890786,0.9963492190982661,0.9995080320890786,0.9946164425133892,0.8372222959859544,0.9995080320890786
1333254596,39.2228612,9.1135896,0.9990301801419713,0.9868030182047026,0.9990301801419713,0.9973523090376754,0.8390714412572889,0.9990301801419713
1333254610,39.2228036,9.1136658,0.9990389477570131,0.9868983832200191,0.9990389477570131,0.9973752308408804,0.8390808714531102,0.9990389477570131
1333254617,39.2228056,9.1130679,0.9988820065406275,0.985336859147183,0.9988820065406275,0.997033289958483,0.8388334725217953,0.9988820065406275
1333254630,39.2229033,9.113497,0.9990043132987569,0.9865903661890475,0.9990043132987569,0.9972853973123549,0.8390378302926261,0.9990043132987569
1333254631,39.2230985,9.1135383,0.9989591687898993,0.985836535041694,0.9989591687898993,0.9971820710681191,0.8390013742137578,0.9989591687898993
474421668,39.2479959,9.1099966,0.9908878074302611,0.9596340086850987,0.9908878074302611,0.9710129375265176,0.7928373010940152,0.9908878074302611
599933558,39.2210001,9.1099366,0.9983730173199564,0.9966021917036936,0.9983730173199564,0.9956484533077804,0.835724544209866,0.9983730173199564
599933560,39.2211915,9.1102599,0.9985599010405336,0.996446047554044,0.9985599010405336,0.9955289583071151,0.8353346699594241,0.9985599010405336
599933564,39.2213675,9.1104461,0.9986184173756897,0.9962626065346228,0.9986184173756897,0.9953295989345843,0.8351538804388517,0.9986184173756897
599933567,39.2215176,9.1106048,0.9987247850875246,0.9961500730276669,0.9987247850875246,0.9952855991996853,0.8348715835693081,0.9987247850875246
599933572,39.2215564,9.1106458,0.998740669546555,0.996124570725775,0.998740669546555,0.9952302309767802,0.8348317683496363,0.998740669546555
599933575,39.2217088,9.1108071,0.9987877356291535,0.996038744067588,0.9987877356291535,0.995108871550759,0.8346746758534662,0.9987877356291535
599933583,39.2219118,9.1114588,0.999304633457103,0.9954992888861905,0.999304633457103,0.9947958273205604,0.8338487033610628,0.999304633457103
607971300,39.2431857,9.0970102,0.9917099582970464,0.9909765552398705,0.9917099582970464,0.9721797309288668,0.8153851428675066,0.9917099582970464
701435273,39.2379593,9.1026202,0.9993716420085563,0.9993716420085563,0.994221976452217,0.9955334437384692,0.8339854912037663,0.994221976452217
739313673,39.2117216,9.1187456,0.997829616681306,0.997829616681306,0.9945027967244056,0.9916022243125775,0.8375756687274916,0.9945027967244056
803609277,39.24144,9.1110597,0.9972211413053904,0.9952220702915475,0.9972211413053904,0.9963630385161464,0.836434696773504,0.9972211413053904
1072794774,39.2169637,9.1105553,0.9936354551738984,0.9936354551738984,0.9921040573399066,0.9898145068801399,0.8372469679526683,0.9921040573399066
1072794775,39.2181537,9.1098207,0.9955509856381041,0.9955509856381041,0.9920493617030984,0.9898022027362516,0.836142304193672,0.9920493617030984
1075548258,39.1869128,9.1480412,0.9708841432606562,0.9708841432606562,0.9656126619008062,0.8407747402441215,0.7732707773738019,0.9656126619008062
1075548263,39.184632,9.147662,0.9654667599166523,0.9654667599166523,0.962787925021305,0.8347642912160458,0.7640730168937369,0.962787925021305
1075548306,39.1867751,9.1515525,0.9662108544667332,0.9662108544667332,0.9658553974032402,0.8392046020605498,0.7771196528600073,0.9640967983733312
1075548330,39.1868316,9.1479824,0.970254944580217,0.970254944580217,0.9650255768995509,0.8399869037547802,0.7726048254972062,0.9650255768995509
1075548334,39.1911599,9.1616654,0.9840822522089565,0.9742073974039922,0.9840822522089565,0.8073255682432702,0.8082118420979747,0.9840822522089565
1212993863,39.22361,9.1338617,0.9987764597666511,0.9987764597666511,0.9973587809071713,0.9621179462918277,0.8258050507501346,0.9973587809071713
1334511669,39.2314044,9.0928498,0.999825992821783,0.9876711946873232,0.999825992821783,0.9414963353845766,0.7999148627491579,0.999825992821783
1334511677,39.2312416,9.0927117,0.9998409751812819,0.9879248738847972,0.9998409751812819,0.9421068833256832,0.8001253945805763,0.9998409751812819
1334511679,39.2311708,9.0927285,0.9998426602443323,0.9879367641320715,0.9998426602443323,0.9421539024686858,0.8001437859443805,0.9998426602443323
1334511689,39.2311811,9.0926238,0.9999172756006591,0.9866626381427916,0.9999172756006591,0.9389584651456506,0.7979061147868058,0.9999172756006591
1334519520,39.220771,9.0957713,0.9939698368207843,0.9683267775145425,0.9939698368207843,0.9028575215379561,0.7775125133787064,0.9939698368207843
1334519522,39.2309776,9.0878608,0.999998364654332,0.9805420351583886,0.999998364654332,0.9097643766505731,0.7800247195120951,0.999998364654332
1334519553,39.22082,9.0967369,0.994405844324843,0.9712950488872838,0.994405844324843,0.902844684613288,0.7787791030682635,0.994405844324843
1334519581,39.2308446,9.0885689,0.9999975470357529,0.9793407784954774,0.9999975470357529,0.9158630881623948,0.7813663114055275,0.9999975470357529
1334519626,39.2337148,9.0866712,0.9999957987249889,0.9858052891628691,0.9999957987249889,0.9157541586688644,0.7829406015405528,0.9999957987249889
1334519635,39.2309361,9.0883007,0.999998364654332,0.980542051192656,0.999998364654332,0.9097643766505731,0.7800247195120951,0.999998364654332
1334538457,39.2325988,9.0952778,0.9934120343114551,0.9905506726059017,0.9934120343114551,0.9854746298446233,0.8239153346995464,0.9934120343114551
1334538460,39.2326087,9.0954914,0.9936847357671443,0.990905887753456,0.9936847357671443,0.9860292762901917,0.8245130396846237,0.9936847357671443
1334538463,39.2327938,9.0955607,0.0,0.0,0.0,0.0,0.0,0.0
1335370836,39.2298806,9.1031433,0.9871743831540021,0.9870137475702482,0.9853578207016068,0.9871743831540021,0.8257339839076825,0.9853578207016068
1335370858,39.2307283,9.102339,0.9896711035782828,0.9893319789599736,0.9873291955369016,0.9896711035782828,0.8286191521578806,0.9873291955369016
1335379071,39.2314286,9.1047539,0.9982604608186483,0.9982604608186483,0.9916801309921398,0.9963947251647293,0.8353702827039685,0.9916801309921398
1335409829,39.2348907,9.1085431,0.9988417145588401,0.9988417145588401,0.9884505310783532,0.9909904329885482,0.8345462761390056,0.9884505310783532
1335434809,39.2352019,9.1067833,0.9985770938064548,0.9985770938064548,0.9935541063558471,0.9956521824128307,0.8370478740600167,0.9935541063558471
1335434849,39.2353923,9.1073603,0.9987782059193631,0.9987782059193631,0.9942995263051732,0.9962344574675843,0.837460224174626,0.9942995263051732
1335434895,39.235544,9.1059769,0.9982088423373983,0.9982088423373983,0.9936417190549437,0.9959266011801237,0.8348571804143683,0.9936417190549437
1333520933,39.2288976,9.1322681,0.9994658734176565,0.9994658734176565,0.9983786121031465,0.9843037653209538,0.8300505537224379,0.9983786121031465
1333520978,39.2302774,9.1334601,0.9992993037394363,0.9992993037394363,0.9988011262412174,0.9785973054335833,0.823516930535299,0.9988011262412174
1333538903,39.2296649,9.1343512,0.9997226004425313,0.9997226004425313,0.9988453882339708,0.9766890155728368,0.8195586492289918,0.9988453882339708
1333538951,39.2328609,9.1362638,0.9960861906012666,0.995710961528882,0.9960861906012666,0.9747493836042661,0.8011735647069725,0.9960861906012666
1333538956,39.2322193,9.1351947,0.9860655113755893,0.9860655113755893,0.9831297409221963,0.9658490187011476,0.7904076433391489,0.9831297409221963
1333579139,39.2259158,9.1320723,0.9993922327546564,0.9993922327546564,0.9942327243949522,0.9567722396503077,0.8196065560313077,0.9942327243949522
1333579155,39.2256004,9.1318783,0.9994221645997561,0.9994221645997561,0.9946292096630459,0.9573741631745404,0.8205040244139209,0.9946292096630459
1333579156,39.2268899,9.1352202,0.9998864194198904,0.9998864194198904,0.9957064243388392,0.9646313099579783,0.8141089787142677,0.9957064243388392
1333579158,39.2264706,9.13343,0.9997983931685793,0.9997983931685793,0.9929348080167285,0.956765483635562,0.8059324227650371,0.9929348080167285
1333579161,39.2244367,9.131336,0.9986994592314206,0.9986994592314206,0.995629042286742,0.9708957865641651,0.8339963835340276,0.995629042286742
1333579170,39.2267329,9.1340831,0.999852426755169,0.999852426755169,0.995337312497968,0.9611070746354027,0.8155228569992188,0.995337312497968
1333579171,39.2264944,9.1324789,0.9997849092829716,0.9997849092829716,0.9937168302662762,0.9577315450869446,0.8096407300790349,0.9937168302662762
1333579208,39.2265769,9.1339604,0.9998410308338527,0.9998410308338527,0.9952161633748114,0.9607792017116539,0.8154550417980458,0.9952161633748114
1333579216,39.2267354,9.1338078,0.9998360574530013,0.9998360574530013,0.9952684043253935,0.961067318960552,0.8158911461330163,0.9952684043253935
1333581907,39.2271027,9.1340676,0.9998752106547263,0.9998752106547263,0.9954284920860416,0.9621634216938534,0.8110578649279158,0.9954284920860416
1333581909,39.2267308,9.1341474,0.9998580296137456,0.9998580296137456,0.9953705590552973,0.9611947730116664,0.8155508512232778,0.9953705590552973
1333582987,39.2290732,9.1357545,0.9998102432787808,0.9998102432787808,0.9977153430589079,0.9712787366037305,0.8126351527989468,0.9977153430589079
1333582989,39.2292139,9.134938,0.9998387745947555,0.9998387745947555,0.9982443533740649,0.9744183682808241,0.8167732518286943,0.9982443533740649
1333582990,39.229148,9.1363396,0.9997688005033859,0.9997688005033859,0.9974097263025872,0.9701093408997452,0.8111611218751066,0.9974097263025872
1333585763,39.2278771,9.1365866,0.9998088770920026,0.9998088770920026,0.9965125823845685,0.967418506558458,0.8077545329519075,0.9965125823845685
1333744109,39.2242113,9.1153281,0.9995456280834267,0.9938579229524506,0.9995456280834267,0.9971282264540168,0.8394318318183672,0.9995456280834267
1333745642,39.2241626,9.1155704,0.9995364430884865,0.9938246208552222,0.9995364430884865,0.9968772088357493,0.8393712588588269,0.9995364430884865
1333745650,39.2242126,9.116692,0.9980057144935839,0.9887119150255109,0.9980057144935839,0.9944770370246308,0.8378163423440195,0.9980057144935839
1333746235,39.2243931,9.1176803,0.9992331892322961,0.9966694382040779,0.9992331892322961,0.994696826221911,0.8396124817528221,0.9992331892322961
1333750252,39.2273745,9.1181013,0.9986112484342387,0.9975103229291741,0.9986112484342387,0.9958213022149329,0.8388598185835006,0.9986112484342387
1333750271,39.2273325,9.1180846,0.9986344249557522,0.9975350799521083,0.9986344249557522,0.9958243049865165,0.8388571464788508,0.9986344249557522
1333750276,39.2271048,9.1181092,0.9988964231308048,0.9978938897744899,0.9988964231308048,0.9961397492048883,0.8394691902043534,0.9988964231308048
1333750277,39.2272798,9.1182259,0.9987715879911067,0.997981670050564,0.9987715879911067,0.9962121012045141,0.839161909386556,0.9987715879911067
1333750283,39.2273508,9.1180349,0.9986241079585986,0.9975267179742123,0.9986241079585986,0.9958700934829658,0.8388481719401988,0.9986241079585986
1333751050,39.2316041,9.1149806,0.9990355899872152,0.9990355899872152,0.998113346528465,0.9988980493148686,0.8394166844506977,0.998113346528465
1333751052,39.2302094,9.1168269,0.998409793452986,0.998409793452986,0.9974449860568032,0.9975343646397402,0.839065378812546,0.9974449860568032
1333751060,39.2291653,9.1176877,0.9970419839206173,0.9970051593978005,0.9970419839206173,0.9954260540270014,0.838202981196497,0.9970419839206173
1333751062,39.2315592,9.1150287,0.9990318703817266,0.9990318703817266,0.9981069766121402,0.998880432471708,0.8394083240353486,0.9981069766121402
1333751069,39.2323249,9.1140989,0.9991320785774613,0.9991320785774613,0.99825229040368,0.9989389262538291,0.8393999193434558,0.99825229040368
1333753569,39.2307113,9.1186888,0.9983616565223048,0.9975865217953949,0.9983616565223048,0.9973551210978542,0.8370930409548524,0.9983616565223048
1333753578,39.2313826,9.1181165,0.9972799390417492,0.9972799390417492,0.9960288114298429,0.9963780439716446,0.8384289997748073,0.9960288114298429
1333758045,39.2296011,9.1200318,0.9992075919448242,0.9979510346573868,0.9992075919448242,0.995892120455908,0.8393239216352658,0.9992075919448242
1333759863,39.2293296,9.1228622,0.9997899644464954,0.9984866924309405,0.9997899644464954,0.9926225380758893,0.8390617528184484,0.9997899644464954
1333759865,39.2293542,9.1217395,0.999602884824023,0.9979066955148311,0.999602884824023,0.9917553978165292,0.8383659514594017,0.999602884824023
1333761790,39.2310426,9.1205501,0.999207824847624,0.9983213363831388,0.999207824847624,0.9945913268539828,0.8376388579355475,0.999207824847624
1333624822,39.2367538,9.1280263,0.9940490389665122,0.9940490389665122,0.9919017433639864,0.9923007492279363,0.8229138751226995,0.9919017433639864
1333624833,39.2366708,9.1282755,0.9955922155533391,0.9955922155533391,0.9955127434125992,0.99383215005116,0.8253093912301679,0.9955127434125992
1333625644,39.234368,9.1268047,0.998412917061971,0.998412917061971,0.9983122468336382,0.9889476853180617,0.8228016625857688,0.9983122468336382
1333638252,39.233603,9.127367,0.998573776608874,0.998573776608874,0.9985482748080622,0.9889720505536618,0.8221498623536337,0.9985482748080622
1333638287,39.2336447,9.1273971,0.998561177656731,0.998561177656731,0.9985384277959962,0.9889527642262019,0.8220541427493172,0.9985384277959962
1333638292,39.2338234,9.1278896,0.9984203661118091,0.9984203661118091,0.9984174685720054,0.9887387269244543,0.821269366373778,0.9984174685720054
1333638303,39.2336584,9.127321,0.9985534745590701,0.9985534745590701,0.9985371621612187,0.9889713300032237,0.8220386490106715,0.9985371621612187
1333638337,39.233799,9.1271542,0.9987104471808387,0.9987104471808387,0.9985115724840055,0.9890611722642221,0.8238309144071692,0.9985115724840055
1333640201,39.2336671,9.1275183,0.998535079381142,0.998535079381142,0.9984965451712148,0.9888940096426094,0.8216361928452272,0.9984965451712148
1333652525,39.2285577,9.124819,0.99986769639606,0.9991991051826766,0.99986769639606,0.9903607750943234,0.8378462047574794,0.99986769639606
1333652535,39.2285513,9.1249417,0.999868241167938,0.9992355064098498,0.999868241167938,0.9902820719412935,0.8377502096696049,0.999868241167938
1333652562,39.229734,9.1249852,0.9998298284294777,0.9991440518714929,0.9998298284294777,0.9912032539343936,0.8365734723755436,0.9998298284294777
1333660370,39.229874,9.1264891,0.99970076348375,0.999308497093358,0.99970076348375,0.9916465917128614,0.8343787477576438,0.99970076348375
1333667986,39.2256151,9.1237108,0.9994800395781451,0.9973357344392221,0.9994800395781451,0.9820326657385364,0.8395435639358737,0.9994800395781451
1333668001,39.2256104,9.1234242,0.999448028882958,0.9971741311093228,0.999448028882958,0.9816414380988804,0.8396200471246421,0.999448028882958
1333668006,39.2258991,9.1236821,0.9992503038500095,0.9974567550589358,0.9992503038500095,0.9821136105102927,0.8394634776146065,0.9992503038500095
1333670647,39.2267731,9.120034,0.9993914660166276,0.9962124973668702,0.9993914660166276,0.9916330809827371,0.8397049773911299,0.9993914660166276
1333679578,39.2245127,9.1255275,0.9984003022579203,0.9966830028113387,0.9984003022579203,0.9780148985439124,0.8374033325067323,0.9984003022579203
1333679579,39.2255896,9.1263514,0.9992519776767242,0.9984233242775307,0.9992519776767242,0.9818865867712335,0.8391987184811558,0.9992519776767242
1333679580,39.2253682,9.1255551,0.9988937996716897,0.9978041253396714,0.9988937996716897,0.9803899896693301,0.8390627752795321,0.9988937996716897
1333854088,39.2416451,9.1156682,0.9983680855324955,0.9982179718082341,0.9983680855324955,0.9966781812857387,0.8320579925503166,0.9983680855324955
1333856919,39.2444337,9.1157179,0.9979109174786266,0.995301706083424,0.9979109174786266,0.9929448821714233,0.8284275164810956,0.9979109174786266
1333862656,39.24573,9.1152184,0.9954547150671841,0.9877125986894898,0.9954547150671841,0.9853449220978165,0.8187245675246233,0.9954547150671841
1333862658,39.245192,9.1154011,0.9973906686968202,0.9936628315997302,0.9973906686968202,0.9911334430176854,0.8267357308841006,0.9973906686968202
1333862685,39.2465667,9.1149167,0.9952216573536121,0.9882179908161743,0.9952216573536121,0.985636952386557,0.8215973159828158,0.9952216573536121
1333866786,39.2490225,9.1105393,0.9931757535019302,0.9650548443169094,0.9931757535019302,0.9746344174102126,0.7987441748254325,0.9931757535019302
1333873303,39.2484126,9.1070289,0.9847685582507166,0.9236992989563677,0.9847685582507166,0.9543824827537709,0.7804338121674885,0.9847685582507166
1333873306,39.2487136,9.1069156,0.9842965197812346,0.9234475553852693,0.9842965197812346,0.9535672860946769,0.7795804145000853,0.9842965197812346
1333879146,39.2497299,9.1091474,0.0,0.0,0.0,0.0,0.0,0.0
1333879177,39.2489052,9.1089938,0.0,0.0,0.0,0.0,0.0,0.0
1333888864,39.2505681,9.1113824,0.9920379428967462,0.9800346241485356,0.9920379428967462,0.9623056425127959,0.77455110973642,0.9920379428967462
1333888873,39.2505278,9.1113637,0.9920555703154631,0.9800703218538851,0.9920555703154631,0.9623469727948281,0.774617687906505,0.9920555703154631
1333895297,39.2513333,9.1140412,0.9951057595267645,0.9900174889072327,0.9951057595267645,0.97086161922645,0.7895317875522492,0.9951057595267645
1333895305,39.2519448,9.111542,0.9911809045576443,0.9829168181182314,0.9911809045576443,0.9619263492277952,0.7752519136929517,0.9911809045576443
1333923060,39.2510366,9.102062,0.9952118079049544,0.993757710476306,0.9952118079049544,0.9526555162908258,0.8055142592021487,0.9952118079049544
1333923080,39.2509968,9.1022105,0.9951202221459007,0.9935321523178166,0.9951202221459007,0.9525185733157869,0.8053002253331528,0.9951202221459007
1333925912,39.2508496,9.1002545,0.9971086786562773,0.9966686912215422,0.9971086786562773,0.9610555160514607,0.8123267060969975,0.9971086786562773
1333925913,39.2521483,9.1002842,0.9971813182276155,0.9971813182276155,0.9966295658081743,0.9554704133393219,0.8078005662705923,0.9966295658081743
1333928079,39.2526443,9.0992824,0.9973052121772878,0.9973052121772878,0.9963605467605138,0.9518719601931968,0.8050394174493561,0.9963605467605138
1333941096,39.2490113,9.1037231,0.997165436148353,0.9820552483733036,0.997165436148353,0.9602656651012392,0.8110146301294319,0.997165436148353
1335434948,39.2349173,9.106582,0.9974485722407911,0.9974485722407911,0.9931810642994253,0.9955907996136207,0.8344110630938245,0.9931810642994253
1335555439,39.2341639,9.1024785,0.9982768789431283,0.9982768789431283,0.9918577852903395,0.9947817426052354,0.8321937584492783,0.9918577852903395
1335555471,39.2343977,9.1022668,0.9984239592332769,0.9984239592332769,0.9921241301652262,0.9951608808124348,0.8328535665817727,0.9921241301652262
1335555476,39.2343933,9.1029239,0.9986036053918105,0.9986036053918105,0.992136201856556,0.9949021406927088,0.8322279304348772,0.992136201856556
1335555485,39.2344915,9.1023773,0.99853801058743,0.99853801058743,0.9922381701324386,0.9952014409017156,0.8328848502563252,0.9922381701324386
1335555505,39.2342737,9.1026877,0.9983660247794983,0.9983660247794983,0.9918636503534709,0.9948079762207859,0.8321968754277962,0.9918636503534709
1335555510,39.2350202,9.1025553,0.9990509703949013,0.9990509703949013,0.9930818355724103,0.9956841065607197,0.8336227127418333,0.9930818355724103
1335625646,39.2325052,9.1039708,0.9988364771898145,0.9988364771898145,0.9922364596493098,0.9964719328842084,0.8352259390649065,0.9922364596493098
1335625675,39.2333966,9.103136,0.9983038205887858,0.9983038205887858,0.9919495053167253,0.9958060798432584,0.8345333872262318,0.9919495053167253
1335625681,39.2338626,9.1054122,0.9982214645625805,0.9982214645625805,0.9905370958742749,0.9950314672712038,0.8327567569168477,0.9905370958742749
1335716047,39.2430911,9.0837005,0.9992231156037199,0.9315716093125859,0.9992231156037199,0.87337360675319,0.6795524203367524,0.9992231156037199
1335716053,39.242738,9.0838239,0.9997822523607282,0.9300287776856642,0.9997822523607282,0.8720921369963007,0.6777579930791079,0.9997822523607282
1335716130,39.2429394,9.0873724,0.9986970905327085,0.9793986467798922,0.9986970905327085,0.9169272309268283,0.7385812324307546,0.9986970905327085
1335716244,39.241616,9.0883015,0.9986270542357123,0.9847023606355451,0.9986270542357123,0.9211920709168844,0.7583493514155372,0.9986270542357123
1335716338,39.2417929,9.086388,0.9991187016023642,0.9472968961219649,0.9991187016023642,0.8620862952972074,0.6929206535724737,0.9991187016023642
1335716452,39.2433736,9.0845615,0.9972806230796517,0.9182353819795024,0.9972806230796517,0.8622420972749195,0.6639321739762273,0.9972806230796517
1335748369,39.2406524,9.0921069,0.9890935056764953,0.9890935056764953,0.981394194428689,0.9619714984377403,0.8043608178327146,0.981394194428689
1335791571,39.2430995,9.0970838,0.9914981813407233,0.990762748326342,0.9914981813407233,0.971834949312391,0.815126048883808,0.9914981813407233
1335801991,39.2429293,9.0969899,0.9918763493663584,0.9909381976076472,0.9918763493663584,0.9738601719717979,0.8164741073929116,0.9918763493663584
1335812081,39.2458577,9.1042236,0.997894034017126,0.9970321949463303,0.997894034017126,0.9825805872190526,0.8262210129896956,0.997894034017126
1333769321,39.2336137,9.1202739,0.9987755344461615,0.9985380142473234,0.9987755344461615,0.9956471931803803,0.8359253233934062,0.9987755344461615
1333784661,39.2445759,9.1282186,0.9951484365059942,0.9932418926190001,0.9951484365059942,0.9940890122820178,0.8311744112490075,0.9951484365059942
1333784683,39.243716,9.128928,0.9934685655594656,0.9927330939761365,0.9929314092417412,0.9934685655594656,0.8293933333525367,0.9929314092417412
1333784686,39.2455442,9.1280478,0.9948754885124417,0.9946359507439395,0.9948754885124417,0.9931699782447871,0.8305947155086802,0.9948754885124417
1333791629,39.2461873,9.1275514,0.9934704693328565,0.9933682822041564,0.9934704693328565,0.9913024476172355,0.8285509895770325,0.9934704693328565
1333799008,39.2475567,9.127239,0.9949611085337835,0.9949611085337835,0.9893880212986612,0.980826236507705,0.8245279702053209,0.9893880212986612
1333799022,39.245918,9.1258832,0.9937789114704639,0.9937789114704639,0.9931851179898745,0.9911734788751436,0.8281347171418469,0.9931851179898745
1333799027,39.245302,9.124974,0.990972207823627,0.990972207823627,0.9909689686959161,0.9883914161545128,0.8251240184263338,0.9909689686959161
1333804001,39.242041,9.1204899,0.9983131231401654,0.9983131231401654,0.9980545144205912,0.9954521605308425,0.8294381831091622,0.9980545144205912
1333804004,39.2426411,9.1212134,0.9964525059766969,0.9963378660418946,0.9964525059766969,0.9917278276066186,0.8204616828237958,0.9964525059766969
1333804007,39.2424562,9.1204604,0.9957661639400541,0.9953252805125465,0.9957661639400541,0.9902571652090834,0.8170384016965286,0.9957661639400541
1333806741,39.2429958,9.1201266,0.994881715652727,0.9943614137628924,0.994881715652727,0.989044698058385,0.8143247747717733,0.994881715652727
1333834241,39.2400165,9.1187776,0.9997398750449941,0.9997398750449941,0.9992860669927687,0.9986553043254539,0.8371489947427776,0.9992860669927687
1333843240,39.2382544,9.1166365,0.9998359190452294,0.9998359190452294,0.9992465080022885,0.9994281746361494,0.8388748916642649,0.9992465080022885
1333843246,39.2380635,9.1168006,0.9998230222304695,0.9998230222304695,0.9992190666502212,0.9994310030726413,0.8388861797290057,0.9992190666502212
1333843251,39.2377898,9.1164208,0.9998121170171806,0.9998121170171806,0.9991541924046279,0.9994529087876206,0.8389781744050526,0.9991541924046279
1333843261,39.2380017,9.1161331,0.9998197349450876,0.9998197349450876,0.9991905202767265,0.9994164856370846,0.8389788962054633,0.9991905202767265
1333852986,39.2407791,9.1157348,0.9984778322824884,0.9984778322824884,0.9978614459060068,0.9965677153403776,0.831827577437155,0.9978614459060068
1333852987,39.2407515,9.1161741,0.9986604564298039,0.9986604564298039,0.9978500874089237,0.996696840653256,0.8321561451049947,0.9978500874089237
1333854086,39.2430663,9.1151468,0.9982309081434776,0.9969617204554715,0.9982309081434776,0.9953339173348562,0.8296563821787069,0.9982309081434776
1333692736,39.2269917,9.1204493,0.9993940407362476,0.9965780281387389,0.9993940407362476,0.991969301023193,0.8396667265798471,0.9993940407362476
1333699043,39.2284866,9.1227336,0.9998691207250007,0.9985294375004106,0.9998691207250007,0.9930360729452011,0.8394126238390015,0.9998691207250007
1333699056,39.2286118,9.1226063,0.9997244751346054,0.9978662062336398,0.9997244751346054,0.9930210998984463,0.839452415148735,0.9997244751346054
1333699057,39.2285193,9.1227644,0.9998718752490403,0.9987453040461456,0.9998718752490403,0.9928486595582086,0.8394277638910439,0.9998718752490403
1333699090,39.2286067,9.122931,0.999872615548525,0.998844911630182,0.999872615548525,0.9927626621211227,0.8393728959432567,0.999872615548525
1333699129,39.2285207,9.1227103,0.9998699485089404,0.9985301099218896,0.9998699485089404,0.9930567266995821,0.8394185151699075,0.9998699485089404
1333703552,39.2285572,9.118187,0.9982318508931879,0.9976814874623657,0.9982318508931879,0.9956939654557403,0.8387756919489281,0.9982318508931879
1333703571,39.2291359,9.1199817,0.9992956019994796,0.9981227106314811,0.9992956019994796,0.9961423194727186,0.8393648134809935,0.9992956019994796
1333703582,39.2284693,9.1183964,0.9983926929898213,0.997835931214909,0.9983926929898213,0.9959770528081534,0.8388223744807243,0.9983926929898213
1333719184,39.2378448,9.1126991,0.9988692256280631,0.9988692256280631,0.9985068771194358,0.9982290245709043,0.8383199755505518,0.9985068771194358
1333723586,39.2383431,9.1112362,0.9977160061423705,0.9977160061423705,0.9973598699674963,0.9976758007326428,0.836854463096731,0.9973598699674963
1333727948,39.2346314,9.1104146,0.999769855396316,0.999769855396316,0.9965843493610115,0.9966107967379859,0.8382487893795281,0.9965843493610115
1333728854,39.2343734,9.1125222,0.999530187053033,0.999530187053033,0.9981486164286423,0.9980675262603498,0.8389223825508002,0.9980929648180874
1333730749,39.2327381,9.1138593,0.9989735860727794,0.9989735860727794,0.9981037903823754,0.998729866145865,0.8393448057968483,0.9981037903823754
1333738464,39.2288826,9.1112682,0.9993428797240246,0.9988920949175807,0.9983138504815311,0.9993428797240246,0.8389065604330921,0.9983138504815311
1333738467,39.2282863,9.1124403,0.9988790287146782,0.9981753825710371,0.9973510713491572,0.9988790287146782,0.8385329249282297,0.9973510713491572
1333738828,39.228348,9.1125526,0.9988964546715517,0.9966877797365721,0.9973331687981293,0.9988964546715517,0.8385127164376557,0.9973331687981293
1333738829,39.2293471,9.1116638,0.9991387732644669,0.9983621588124987,0.9973670457286652,0.9991387732644669,0.8386194496640389,0.9973670457286652
1333738831,39.2285546,9.1128353,0.9989241394722547,0.9967478891681852,0.9971476625334724,0.9989241394722547,0.8384940107531592,0.9971476625334724
1333744103,39.2255195,9.1147629,0.9996103347812973,0.991726741671037,0.9996103347812973,0.9960485673649281,0.839261845229761,0.9996103347812973
1335812083,39.2459668,9.1043279,0.9980585480902756,0.9968410859124665,0.9980585480902756,0.9821316143443556,0.825611916641889,0.9980585480902756
1335812095,39.2459777,9.1041953,0.9978450555698577,0.9968667188320757,0.9978450555698577,0.9822042375962372,0.8258319994248612,0.9978450555698577
1335812127,39.2459261,9.1043463,0.9980140175635133,0.9968165858756153,0.9980140175635133,0.9820525084646599,0.8255770601946565,0.9980140175635133
1335824293,39.2461328,9.1042154,0.9977565454848758,0.9966701595468196,0.9977565454848758,0.9818903753675992,0.825253511362544,0.9977565454848758
1335830253,39.2457798,9.1044399,0.9978236192678681,0.9966992733885428,0.9978236192678681,0.9816254083272965,0.82528427643861,0.9978236192678681
1335830257,39.2457136,9.1043923,0.9976484920463983,0.9971315059637141,0.9976484920463983,0.9828955218286242,0.8266845853805954,0.9976484920463983
1335858523,39.243292,9.1016898,0.9942603570131213,0.9942603570131213,0.993878002692607,0.9829378591042249,0.8221313695687571,0.993878002692607
1335861244,39.243633,9.1018334,0.9934267526715507,0.9934267526715507,0.993321221830177,0.9814754973479812,0.8208919318310007,0.993321221830177
1335861251,39.2435302,9.1008841,0.9922657899521468,0.9922657899521468,0.9914574667426177,0.9791680150168194,0.8198371178902981,0.9914574667426177
1335861253,39.2439365,9.1013629,0.9925053331437365,0.9925053331437365,0.9923321460197124,0.9800672778717262,0.8200539463646744,0.9923321460197124
1335874950,39.2440285,9.1012284,0.9922153994595856,0.9922153994595856,0.9920992077639942,0.9795597857350657,0.8196100269910244,0.9920992077639942
1335930557,39.2401497,9.1016254,0.9994463774820161,0.9994463774820161,0.9943923160332526,0.9928897565895877,0.8306417621677862,0.9943923160332526
1335936890,39.2395286,9.1035889,0.9995607781123225,0.9995607781123225,0.9949705791527585,0.9952958623488376,0.8334200605761043,0.9949705791527585
1335936895,39.2394188,9.102154,0.9994802878490618,0.9994802878490618,0.9938822244244934,0.9940611058274502,0.8321336545118079,0.9938822244244934
1335936905,39.2393192,9.1029222,0.9994445999449919,0.9994445999449919,0.9941777940669632,0.9946855648707974,0.832713566835296,0.9941777940669632
1335936920,39.2389269,9.103114,0.9994559142239783,0.9994559142239783,0.9943137796352628,0.9950399081958798,0.8330850897316052,0.9943137796352628
1335936921,39.2396967,9.1032374,0.9994851111169828,0.9994851111169828,0.9949047740383465,0.9950197607553795,0.8330885200577303,0.9949047740383465
1335936922,39.2399846,9.1026352,0.9996163720058219,0.9996163720058219,0.9945768351262029,0.9941977974561308,0.8323109823250658,0.9945768351262029
1335936925,39.2394847,9.1030604,0.9994914172744295,0.9994914172744295,0.9943130428554398,0.9947853957495886,0.8328639724745459,0.9943130428554398
1335936926,39.2391117,9.102749,0.9994160960787412,0.9994160960787412,0.9941264021175129,0.9947767095465172,0.8328521864649869,0.9941264021175129
1333943681,39.2503139,9.1050886,0.9986514405194754,0.9867243554859007,0.9986514405194754,0.9662083832381709,0.8158703525652035,0.9986514405194754
1333945894,39.2499088,9.1049331,0.9987753154655521,0.9871167225296542,0.9987753154655521,0.9666908701780808,0.8163350753643202,0.9987753154655521
1333959783,39.2510163,9.1175509,0.9972955439959419,0.9972955439959419,0.9906148648402551,0.9689450447482224,0.7879926129238953,0.9906148648402551
1333978302,39.2520315,9.1331536,0.9930438642073326,0.9900387709331535,0.9930438642073326,0.9737440154662872,0.8237115371455177,0.9930438642073326
1333978303,39.2525946,9.1336473,0.9942774655629704,0.9918376649954103,0.9942774655629704,0.97679898503998,0.8260299774274623,0.9942774655629704
1333988594,39.2510474,9.1339199,0.9970047321195916,0.9960890915351807,0.9970047321195916,0.984680314329714,0.8316581074624182,0.9970047321195916
1333988603,39.2512609,9.1333153,0.9962836297574412,0.9948272780588309,0.9962836297574412,0.982144452734045,0.8304317964226079,0.9962836297574412
1333989892,39.249983,9.1359947,0.9978739567325244,0.9978739567325244,0.9972342701891092,0.9862156224062868,0.8309704075385794,0.9972342701891092
1333989906,39.2498619,9.1362688,0.9981480179436247,0.9981480179436247,0.9972772034158645,0.9857691353053077,0.8305763723145294,0.9972772034158645
1333989920,39.2496155,9.1358907,0.9979466903357833,0.9979466903357833,0.9972869802738272,0.9860102116088086,0.8305880292186453,0.9972869802738272
1334347783,39.2317318,9.0941151,0.0,0.0,0.0,0.0,0.0,0.0
1334347785,39.2329552,9.0952374,0.0,0.0,0.0,0.0,0.0,0.0
1334347788,39.2314682,9.0942221,0.0,0.0,0.0,0.0,0.0,0.0
1334351927,39.2328987,9.0952854,0.0,0.0,0.0,0.0,0.0,0.0
1334351928,39.2329158,9.095234,0.0,0.0,0.0,0.0,0.0,0.0
1334502910,39.2318695,9.0921932,0.9972471680349828,0.9844204113554561,0.9972471680349828,0.9560016380505834,0.7979370960629798,0.9972471680349828
1334502911,39.2324135,9.0902984,0.9999977426352031,0.9852719307720866,0.9999977426352031,0.917296788922243,0.783673461600771,0.9999977426352031
1334502930,39.2318774,9.0898424,0.9999980480794315,0.9852840777404218,0.9999980480794315,0.9169776058898003,0.7838699602376658,0.9999980480794315
1334502975,39.2322657,9.0903177,0.9999977569169802,0.9854245525147437,0.9999977569169802,0.9177626354620784,0.7838728861839861,0.9999977569169802
1334502979,39.2320556,9.0924438,0.9968987102690098,0.9849336996323063,0.9968987102690098,0.9564653453555828,0.7980103460018343,0.9968987102690098
1335949327,39.2409023,9.1062077,0.9991041098874506,0.9991041098874506,0.9959052991768821,0.9937665907836262,0.8345480735550797,0.9959052991768821
1335949339,39.2408637,9.1068848,0.9992563595729042,0.9992563595729042,0.9967290119911353,0.9951206071512781,0.8358876406564901,0.9967290119911353
1335950213,39.2399566,9.1059431,0.9995767261118916,0.9995767261118916,0.9955102192356458,0.9949409381050698,0.8334287235383352,0.9955102192356458
1335950214,39.2397367,9.1062447,0.999594466519334,0.999594466519334,0.9953184136531289,0.9949781165195897,0.8335497571408543,0.9953184136531289
1335950531,39.2401583,9.1057304,0.9994642738852152,0.9994642738852152,0.9952782802229473,0.9943157163326833,0.8330523269591431,0.9952782802229473
1335950533,39.2405374,9.1061092,0.9990546903874788,0.9990546903874788,0.9952176193601223,0.9941202498555294,0.8342296869592408,0.9952176193601223
1335958533,39.2389761,9.1070431,0.9982496222445107,0.9982496222445107,0.9957350952094768,0.9958576994394182,0.8346511826131643,0.9957350952094768
1335962661,39.2360867,9.1009073,0.998744912357277,0.998744912357277,0.99381379692155,0.9952108136280524,0.8335659476568189,0.99381379692155
1335962692,39.2357856,9.1007273,0.9986881102405536,0.9986881102405536,0.9940195746235898,0.9952637901157185,0.8336795692847212,0.9940195746235898
1335962698,39.2360814,9.1011583,0.998821559831472,0.998821559831472,0.9938224246707316,0.9951823752812292,0.8335201907153751,0.9938224246707316
1335962748,39.2360241,9.1007876,0.9986993993414324,0.9986993993414324,0.9938496008308199,0.9952158085675192,0.8335907718450525,0.9938496008308199
1335962753,39.2365841,9.1007102,0.9986478422480642,0.9986478422480642,0.9929729460481346,0.9942279535105536,0.8323142462362543,0.9929729460481346
1335962761,39.236274,9.1009867,0.9985586464146304,0.9985586464146304,0.9934921581584135,0.9945067721159262,0.8326412028765762,0.9934921581584135
1335962762,39.2363456,9.1009228,0.9985238623240166,0.9985238623240166,0.9933000077795944,0.9944660136572708,0.8325824826478554,0.9933000077795944
1335962777,39.236015,9.1005858,0.9984137384240397,0.9984137384240397,0.9935840057462122,0.9945988350289782,0.8327927945579243,0.9935840057462122
1335962780,39.2359858,9.100721,0.9986625511893426,0.9986625511893426,0.9938600515484168,0.9952196490563184,0.8336007119138301,0.9938600515484168
1335962783,39.2359875,9.1012473,0.9988907913594625,0.9988907913594625,0.9938892395864368,0.9953252803423478,0.8337212241831949,0.9938892395864368
1335962785,39.236125,9.1009838,0.9987637259506439,0.9987637259506439,0.9938033699531289,0.9951365717229533,0.833457903425491,0.9938033699531289
1335969344,39.2374424,9.0986778,0.9967513027566729,0.9967513027566729,0.9921347306498404,0.9905071950119403,0.8292739471828939,0.9921347306498404
1336425669,39.2430497,9.1008593,0.989928524526318,0.989928524526318,0.9892891220855783,0.9750368940096674,0.8173312009651321,0.9892891220855783
1336488545,39.2425408,9.1169397,0.999020575827462,0.9984241467443621,0.999020575827462,0.9966021829300649,0.8315206739211757,0.999020575827462
1336510982,39.2434131,9.1235289,0.9968280782868227,0.996657770267673,0.9968280782868227,0.9932325677907999,0.8239604750814007,0.9968280782868227
1336510994,39.2437061,9.1229707,0.9959894337343194,0.9954244095138713,0.9959894337343194,0.9911320755003339,0.8194123550173202,0.9959894337343194
1336536539,39.2464273,9.1227788,0.996537171327059,0.996537171327059,0.9924809441030417,0.9886645444320754,0.8215736987227876,0.9924809441030417
1336626036,39.2437201,9.1217955,0.9952160353857671,0.9948226548991762,0.9952160353857671,0.9896726325248282,0.8173164632025437,0.9952160353857671
1336655104,39.2471797,9.1189987,0.9957755885458474,0.9957755885458474,0.9904825591228371,0.9777900584061493,0.7968083337170878,0.9904825591228371
1336662465,39.2476383,9.1182044,0.9943197590155348,0.9943197590155348,0.9916957756336319,0.9720244448007151,0.7887596103335023,0.9916957756336319
1336662476,39.2474988,9.1182621,0.9944443361513493,0.9944443361513493,0.9918384510154455,0.9725181085003186,0.7895433311204338,0.9918384510154455
1336662493,39.247585,9.1182988,0.9943037807694174,0.9943037807694174,0.9916779384880647,0.9721166515560428,0.7888337138642014,0.9916779384880647
1336662495,39.2474616,9.1182259,0.9944808845200225,0.9944808845200225,0.9918784834664798,0.9726219796591637,0.7897238801616661,0.9918784834664798
1336662498,39.2471965,9.1182033,0.9947730014830958,0.9947730014830958,0.9922445014340315,0.9732775481084759,0.790976860221146,0.9922445014340315
1336669353,39.247605,9.1177083,0.9939443885246544,0.9939443885246544,0.9914024120189098,0.9713449319325622,0.7875935986792528,0.9914024120189098
1336672458,39.2486171,9.1207528,0.9976482342944573,0.9976482342944573,0.9934448538196139,0.9820970071219266,0.8077751178518774,0.9934448538196139
1336672463,39.2484877,9.1206481,0.9976956984521229,0.9976956984521229,0.9936738043435269,0.9822475280813014,0.8079979006035968,0.9936738043435269
1336673054,39.248972,9.1228868,0.9972869071000513,0.9972869071000513,0.9887153149240424,0.9782340009933203,0.8104246202978896,0.9887153149240424
1336678702,39.2512564,9.1213111,0.9976911939360184,0.9976911939360184,0.9864252048586302,0.966671146544629,0.7880072553226823,0.9864252048586302
1336678717,39.2510718,9.1218702,0.9979794584732753,0.9979794584732753,0.9875508116560858,0.9691953669969382,0.7998437519634573,0.9875508116560858
1336678720,39.2516721,9.1211745,0.9981769607658223,0.9981769607658223,0.9856592023724469,0.9641188677215238,0.7954636509005671,0.9856592023724469
1336678721,39.25127,9.1216408,0.9982519405457942,0.9982519405457942,0.9865753902254161,0.9664109423001508,0.7975510620390667,0.9865753902254161
1336678727,39.2510591,9.1215415,0.9976404311934916,0.9976404311934916,0.9863958297818242,0.9669110366858651,0.7885656279943173,0.9863958297818242
1336425681,39.2435619,9.1018338,0.9936964946849909,0.9936265704425341,0.9936964946849909,0.9818307387870603,0.821098816357173,0.9936964946849909
1336430939,39.2422133,9.1032653,0.9992419292715565,0.9992419292715565,0.9949813085271135,0.989718652156693,0.8283948254951757,0.9949813085271135
1336433500,39.2424781,9.1042019,0.9992284783643328,0.9992284783643328,0.9947366198928747,0.9893724028868086,0.8277523465724747,0.9947366198928747
1336436471,39.2430363,9.1053716,0.998998742650054,0.998998742650054,0.9977351808127769,0.9907843743415204,0.8329225196727911,0.9977351808127769
1336438455,39.241635,9.1067111,0.998734868293286,0.998734868293286,0.9956714132117153,0.9935841606879476,0.8345126362486135,0.9956714132117153
1336438461,39.2414362,9.1062795,0.9993287820214464,0.9993287820214464,0.9966719616256979,0.9940361853298316,0.8348968177481695,0.9966719616256979
1336438465,39.2420998,9.106315,0.9982940280503765,0.9982940280503765,0.9942841136601386,0.9920430516467788,0.833188362466337,0.9942841136601386
1336444500,39.2408303,9.1074154,0.9991550807878743,0.9991550807878743,0.9968040355067145,0.9951830241213732,0.8360039740731484,0.9968040355067145
1336444504,39.2427377,9.108142,0.9967544068992814,0.9967544068992814,0.9957832644581522,0.991923229613227,0.8346227674040606,0.9957832644581522
1336444506,39.2423267,9.1084491,0.9972865371587422,0.9972865371587422,0.9953548147133197,0.9927738373949778,0.8349130381407981,0.9953548147133197
1336444514,39.242396,9.1075106,0.9974190211520269,0.9974190211520269,0.9954664320223141,0.9929842094018597,0.8338711163045228,0.9954664320223141
1336444516,39.2420262,9.1077856,0.9979086368956178,0.9979086368956178,0.9960495521204173,0.993837893380926,0.8348077494049055,0.9960495521204173
1336444518,39.2411417,9.1063895,0.9989667217856075,0.9989667217856075,0.9956096532407613,0.99335495257639,0.8340103904690913,0.9956096532407613
1336444521,39.2414347,9.108225,0.9985363414730554,0.9985363414730554,0.9968887402312868,0.9951029669354488,0.8360551695700417,0.9968887402312868
1336450126,39.2467836,9.1077572,0.9988822475583965,0.9713764965148676,0.9988822475583965,0.9729140808883224,0.8188355312194748,0.9988822475583965
1336461448,39.2445439,9.1103367,0.984607401503362,0.9718235408914315,0.984607401503362,0.977560004433235,0.8206570642627006,0.984607401503362
1336461452,39.2438616,9.1096002,0.993069390398329,0.990200418429895,0.993069390398329,0.9871847222904535,0.8313309399272064,0.993069390398329
1336461475,39.2440718,9.1092605,0.9952505210637856,0.9952505210637856,0.9919266261362981,0.985719740174923,0.8312776518913735,0.9919266261362981
1336461497,39.2450355,9.1092486,0.9822292339494642,0.9671797002268975,0.9822292339494642,0.9743132961932538,0.8174944851386436,0.9822292339494642
1336461539,39.2426855,9.1128383,0.9965971254281168,0.9934196650897096,0.9965971254281168,0.9936156799910814,0.8344046279542665,0.9965971254281168
1336678728,39.2508681,9.1217772,0.9976400322173213,0.9976400322173213,0.9869677957493181,0.9688485441341981,0.7958982413299412,0.9869677957493181
1336678730,39.2514678,9.1214082,0.9983325070732035,0.9983325070732035,0.9872226323106188,0.9667965776848089,0.7979552225959532,0.9872226323106188
1336684245,39.2518711,9.1200887,0.9973656524726364,0.9973656524726364,0.985914142043713,0.9646988068365556,0.7840624917968043,0.985914142043713
1336684247,39.2515358,9.1195901,0.9970454682966656,0.9970454682966656,0.9853057688634965,0.9632644430288061,0.7808110369402079,0.9853057688634965
1336684248,39.2520685,9.1203692,0.9970600671804705,0.9970600671804705,0.984896588448678,0.9631149386990056,0.7817610293028484,0.984896588448678
1336688196,39.2494824,9.1181945,0.9970338606552932,0.9970338606552932,0.9939087046943418,0.9725244106616071,0.794585123914133,0.9939087046943418
1336688200,39.2502678,9.1184217,0.9977240617901291,0.9977240617901291,0.9916415731516375,0.9724722342819401,0.7927773572087308,0.9916415731516375
1336688206,39.2495869,9.1194309,0.9969374562992035,0.9969374562992035,0.9924923809786828,0.9709085927910462,0.7915747684721302,0.9924923809786828
1336688213,39.2499045,9.1180708,0.9971328176918536,0.9971328176918536,0.9928441170292928,0.9721409646020461,0.793049925397143,0.9928441170292928
1336688217,39.2501511,9.118598,0.9978487285652113,0.9978487285652113,0.9920640097398821,0.9733049115312319,0.7939936319700415,0.9920640097398821
1336688224,39.2493054,9.1193425,0.9965123147491586,0.9965123147491586,0.991882271398333,0.9695239389905347,0.7894326596035778,0.991882271398333
1336688226,39.2496483,9.1182299,0.9972309809984866,0.9972309809984866,0.9941900230723013,0.9732987667248201,0.7955482720167072,0.9941900230723013
1336688260,39.2498132,9.1182159,0.9972814512617536,0.9972814512617536,0.9930543662724103,0.9725195948424695,0.7936282751214736,0.9930543662724103
1336688270,39.2495578,9.1188229,0.9969496441990229,0.9969496441990229,0.9934105272897782,0.9721202241922617,0.793546631040204,0.9934105272897782
1336688283,39.2494127,9.1187829,0.9968176915085935,0.9968176915085935,0.9931486586104318,0.9713885462062739,0.7924329888965084,0.9931486586104318
1336691517,39.2511478,9.119045,0.9977507279263508,0.9977507279263508,0.9896636391050346,0.9692904184705783,0.7890771418622836,0.9896636391050346
1336698871,39.2506383,9.1156907,0.9950692494185073,0.9950692494185073,0.9931088849476187,0.9677393810783749,0.7867116278357574,0.9931088849476187
1336703180,39.2496988,9.1181236,0.997316227148794,0.997316227148794,0.9943405118403016,0.9735940902627843,0.7960608239080543,0.9943405118403016
1336703183,39.2496177,9.1176657,0.9970160382593859,0.9970160382593859,0.9949375614750477,0.9748533174872678,0.7980870942913353,0.9949375614750477
1336711074,39.2518146,9.1208365,0.998060979194925,0.998060979194925,0.9843496820500455,0.962546311112931,0.7942450077721355,0.9843496820500455
1336461548,39.2438525,9.1127069,0.9941756764664039,0.9885103376386438,0.9941756764664039,0.9900720243478978,0.8325560656852578,0.9941756764664039
1336461571,39.2445141,9.1098197,0.9906742963732352,0.9844905432779346,0.9906742963732352,0.9855807567564632,0.8308937085592898,0.9906742963732352
1336461589,39.2439568,9.1106747,0.9923989017962107,0.9871429612983555,0.9923989017962107,0.987835825500314,0.8321158436336918,0.9923989017962107
1336461606,39.2439587,9.1095834,0.9930355678018928,0.9901502530198958,0.9930355678018928,0.9871297741853199,0.831280892625896,0.9930355678018928
1336461641,39.2433807,9.1090443,0.9959050489398427,0.9959050489398427,0.9945309865577403,0.9907782351846799,0.8342863146992533,0.9945309865577403
1336461665,39.245559,9.1099647,0.9832308464174636,0.9697254809714282,0.9832308464174636,0.9759014204169156,0.8191031578249827,0.9832308464174636
1336461669,39.2451847,9.1097442,0.9826602572261466,0.9683123776360356,0.9826602572261466,0.9749265354137928,0.8183183187829887,0.9826602572261466
1336461688,39.2438126,9.1096261,0.9930930584127446,0.9902829945964212,0.9930930584127446,0.9872480588982215,0.8313734296858928,0.9930930584127446
1336461695,39.2445266,9.109557,0.9919552682326958,0.9874540079712308,0.9919552682326958,0.9854035421130574,0.8300320677221353,0.9919552682326958
1336463195,39.2417514,9.1101443,0.9964050133597704,0.9939251775447372,0.9964050133597704,0.9951202498885966,0.835438024942963,0.9964050133597704
1336463205,39.2417637,9.1107412,0.9969549073317538,0.9949191565954875,0.9969549073317538,0.9959072493706231,0.8360930227724953,0.9969549073317538
1336464006,39.2416111,9.1108663,0.997038931363925,0.9949944105069257,0.997038931363925,0.9959687283314407,0.8361459435663982,0.997038931363925
1336464008,39.2417749,9.1111987,0.9969106660895726,0.9947720313557182,0.9969106660895726,0.9958147688181116,0.8360473552317687,0.9969106660895726
1336467225,39.2434194,9.108991,0.9958925738020508,0.9958925738020508,0.9945061894755074,0.9907458542584214,0.8342654496495884,0.9945061894755074
1336467333,39.2458269,9.1081542,0.9972895545383377,0.9598136800330584,0.9972895545383377,0.9680192460128848,0.8200398585046854,0.9972895545383377
1336473121,39.2441486,9.1115528,0.9925893867777112,0.9858718444945653,0.9925893867777112,0.987937226630554,0.8319642870824114,0.9925893867777112
1336476141,39.2429201,9.1145545,0.9978529061900094,0.9960346749855821,0.9978529061900094,0.9944549457535119,0.8275492159441667,0.9978529061900094
1336476146,39.2431279,9.1145419,0.9976806307606578,0.9956131140082622,0.9976806307606578,0.9940881615756668,0.8266547121877627,0.9976806307606578
1336476175,39.2433135,9.1142857,0.99752824432082,0.9950150043838482,0.99752824432082,0.9935011524833669,0.8254605140323911,0.99752824432082
1336488534,39.2422439,9.1167523,0.9990016503582587,0.9986861866550422,0.9990016503582587,0.996992167433824,0.8325618936019571,0.9990016503582587
1336711078,39.2522304,9.1194458,0.996034267630248,0.996034267630248,0.979118251128533,0.950230156618725,0.7736747503404535,0.979118251128533
1336711082,39.2520939,9.1212475,0.9983446935464737,0.9983446935464737,0.9860808806170623,0.9651426483399352,0.7973538750502861,0.9860808806170623
1336712657,39.2525837,9.1197381,0.9955253637963146,0.9955253637963146,0.9757141440784884,0.9466653987123894,0.7709862152736074,0.9757141440784884
1336716407,39.254893,9.1191949,0.992029128755432,0.992029128755432,0.9736506302741226,0.9335662871414507,0.7420127370873684,0.9736506302741226
1336721018,39.258183,9.1179487,0.989339351657723,0.989339351657723,0.9720408511721217,0.9231770299709562,0.7351099533109491,0.9720408511721217
1336721024,39.2588103,9.1176251,0.9885002200233257,0.9885002200233257,0.9714433630607615,0.9213299544997574,0.7301272928897872,0.9714433630607615
1336721025,39.2555967,9.1174606,0.9951706713291986,0.9951706713291986,0.9792679359905406,0.9459308490273642,0.764571970794805,0.9792679359905406
1336721034,39.2597841,9.1194337,0.9893331463958416,0.9893331463958416,0.9657448807052036,0.9212087013633198,0.7334016615717905,0.9657448807052036
1336737668,39.2602823,9.1196866,0.9902576830083338,0.9902576830083338,0.9659256225570534,0.9252506229711236,0.7466547226005064,0.9659256225570534
1336737674,39.2549615,9.1176715,0.9951181097162213,0.9951181097162213,0.977145190522983,0.9454394702264214,0.767431595329356,0.977145190522983
1336737685,39.2597344,9.1172146,0.9901109359794533,0.9901109359794533,0.9726349416077753,0.9238799116739157,0.7284777914352271,0.9726349416077753
1336737694,39.2546041,9.1192016,0.9942535544777668,0.9942535544777668,0.9744251471547668,0.9456201030499726,0.7729732107236006,0.9744251471547668
1336737696,39.2598238,9.1165657,0.987271672917193,0.987271672917193,0.9691151244614458,0.9173747069030099,0.7147709302491837,0.9691151244614458
1336737701,39.2607579,9.118592,0.9874222406249985,0.9874222406249985,0.9652080686791484,0.9182185907897601,0.724985814319896,0.9652080686791484
1336737702,39.2542502,9.1196225,0.9930073067777988,0.9930073067777988,0.9781893677129185,0.9469535737739003,0.7675452500708893,0.9781893677129185
1336737711,39.2554773,9.1169909,0.9934490418705235,0.9934490418705235,0.9735005468255364,0.9403130434402128,0.7596515220344809,0.9735005468255364
1336737717,39.260095,9.1161977,0.9877163294509254,0.9877163294509254,0.9695046175952479,0.9179827772455803,0.7159140303257313,0.9695046175952479
1336737718,39.2536374,9.1159107,0.9945689745155243,0.9945689745155243,0.9810402867000381,0.9489817418936582,0.7580574523081552,0.9810402867000381
1336744358,39.2539177,9.1178181,0.9956797195890509,0.9956797195890509,0.9785657136674655,0.9474011834308766,0.7701795677013548,0.9785657136674655
1336750552,39.2536837,9.1155629,0.9938753050033484,0.9938753050033484,0.980476916490885,0.9495165781057051,0.7571180336320864,0.980476916490885
