node_id,lat,lon,capability_care,service_medicines_and_supplies,service_impatient_and_care,service_rehabilitation_services,service_diagnosis_and_prevention,service_emergency_services,service_care_services
302132234,39.2292882,9.1175257,0.998677468852064,0.9964396834549749,0.998677468852064,0.44055183592517777,0.9449320033329467,0.9957973305356106,0.9727605600936416
302132236,39.2291335,9.1175852,0.9987828022576051,0.996529637052487,0.998782802257605,0.4415001769088182,0.9453083048551961,0.9958478237358136,0.9729987130137456
302132288,39.2283383,9.1189444,0.9995900791258835,0.9980818519941695,0.9995900791258835,0.4458013378490977,0.9472838819441313,0.9966891198735965,0.9807440322398472
302132296,39.2285978,9.1194637,0.9997134166552972,0.9983780656220301,0.9997134166552972,0.44240166473524334,0.9456215237915827,0.9966204558459372,0.9815376326952041
302132298,39.2286836,9.1199547,0.9997536457369146,0.9985758012022806,0.9997536457369146,0.4438454181986208,0.9463626205028763,0.9967066366710009,0.9825000879941752
302132358,39.2317197,9.1213274,0.9983753940038484,0.9987822967733546,0.9967477829258244,0.4243588218254664,0.9369017488332333,0.9942500203892858,0.9803175439110627
302132369,39.2303252,9.1237424,0.9960995834332157,0.99653321101944,0.9943650730883186,0.4136787447150845,0.9326532805756665,0.9934779514411042,0.9803277179201314
302132399,39.2297265,9.1250813,0.9946080832568588,0.9947651074238122,0.9939799865890446,0.4068701669114118,0.9311009972107348,0.9930749122410106,0.9803354626709869
302742075,39.2180559,9.118354,0.999684571237137,0.9962484933655937,0.999684571237137,0.43213029480878595,0.9562651498949657,0.9560006400905195,0.9443212256461698
302742076,39.2188038,9.1185188,0.9999650067011084,0.9973695201023183,0.9999650067011083,0.4384607110425835,0.9557705368992356,0.9825872589926635,0.9593814155706563
302742078,39.2200787,9.1188178,0.9999999849880072,0.997715563458749,0.9999999849880072,0.4331755230898935,0.9504005042162631,0.9862548913802801,0.9669953841992399
302742079,39.2201757,9.1188457,0.9999999898589229,0.9978718782490966,0.999999989858923,0.4330510646291839,0.9504597122042228,0.9865282548271037,0.9672077107817403
302742080,39.2204701,9.1189974,0.9999999976924779,0.9979732799433584,0.9999999976924779,0.43354027112271604,0.9501519275610746,0.9880130238165532,0.9684083999264204
302742081,39.2206294,9.1190746,0.9999999978676234,0.997776359302169,0.9999999978676234,0.43391006354193834,0.9496311294541095,0.988473858294936,0.9683198000927211
302742083,39.2216228,9.1196063,0.9999999028688085,0.9975691789077401,0.9999999028688085,0.4401716264108845,0.9421543287628658,0.9917005455968203,0.9701651699796229
302742084,39.2222477,9.1198262,0.9999992660129042,0.9975717410867678,0.9999992660129042,0.42921174183389105,0.9330779765745059,0.9892308761340595,0.9704884394669259
302742085,39.2240302,9.1199475,0.9999998391399941,0.9989312558103937,0.9999998391399941,0.42728047169235533,0.9388864105981847,0.9937832563040111,0.9750498053420272
302742086,39.2248733,9.1199336,0.9999993319188109,0.9982052161542666,0.9999993319188109,0.43085439090778177,0.9404761706618686,0.9944884238677635,0.9754428357420265
302742087,39.2256242,9.1197405,0.9999999621234374,0.9979273869268072,0.9999999621234374,0.4290351867186837,0.9425036905144286,0.9949916621278397,0.9728643061995554
302742088,39.226978,9.1199316,0.9999961681308221,0.9985525931500442,0.9999961681308221,0.4247341008337401,0.9396090001512716,0.9961117868558265,0.9794856978688511
302742310,39.2380291,9.131027,0.990866600568779,0.9947706341849036,0.9498238354552347,0.3623158388911843,0.8712318631458176,0.9379776740462,0.9752504661042802
302742311,39.2296979,9.1263537,0.9929200562353434,0.9931417310149286,0.9920333571170027,0.400134462666083,0.9280309294380678,0.9920333571170027,0.979589663478027
302742312,39.2288864,9.1227978,0.9985879333736332,0.9975176800208807,0.998587933373633,0.42342605025177565,0.9374413146850032,0.9943661138770353,0.9829443187982073
302742313,39.2306375,9.1231039,0.9970525986496039,0.997461097604148,0.9954186028314276,0.4135595215399975,0.9334244967152867,0.9940142090412847,0.9806028365560704
302742314,39.2301959,9.1228978,0.9971067359524732,0.9972079608550007,0.9967018363423634,0.4158124882747113,0.9341333539900553,0.9933443471106549,0.9804774354257111
302742315,39.2289842,9.1228544,0.9986150494007278,0.9975425256540369,0.9986150494007278,0.42355623688905597,0.9374993143212157,0.9943689534997715,0.9829417494215927
302742316,39.2286282,9.1227871,0.9986327015196632,0.9973950779744919,0.9986327015196632,0.42335328033149955,0.9374490109846364,0.9944924160694325,0.9828737081568993
302742321,39.2272961,9.1189266,0.9999872510421836,0.9971424586255109,0.9999872510421836,0.4210405340140783,0.9377300329327753,0.995393680370913,0.9752513319192871
302742322,39.2267545,9.1191377,0.999962003378607,0.9961470946601823,0.999962003378607,0.4135593626387937,0.9346150558022517,0.9942339304214952,0.9723444681296587
302742339,39.2268243,9.1259347,0.9926376500476906,0.9928643841196295,0.9917307137599347,0.3942798760262355,0.9300075836344789,0.9917307137599347,0.9827418928935178
302742341,39.2267483,9.1266628,0.9920768424366463,0.9925335525749236,0.9902500018835368,0.3777231050468328,0.9308207182167889,0.988565716501069,0.9796103585957341
302742343,39.2266785,9.1278563,0.9888595578950087,0.9890767013819558,0.9879909839472194,0.3783649580837027,0.9291506426686723,0.9879909839472194,0.9776907785230936
302742346,39.2266685,9.1281603,0.9877677044384818,0.9886907175941066,0.9840756518159823,0.36080833279507657,0.9288170111141083,0.9837281458683306,0.9751629498414256
302742348,39.2263786,9.128921,0.9898647727040563,0.9908517268356021,0.9859169561778732,0.36463253822158403,0.9323706244331444,0.9842194709426354,0.9782629551791051
302742349,39.2259076,9.129914,0.9891678894978598,0.9904561874800281,0.9840146975691876,0.36303503701861245,0.9374810602508731,0.9815711007002091,0.9812391947315591
302742350,39.2241451,9.127589,0.9963913347882227,0.9968385523474768,0.9946024645512067,0.3771064350974819,0.9454053001501583,0.9854752427107359,0.9832209057589948
302742351,39.2254356,9.1283599,0.9931678997148286,0.9938960982877934,0.9902551054229692,0.371162762309603,0.9385959267366373,0.9858231789103166,0.9815127040247664
302742352,39.2274377,9.1297987,0.9859710897171039,0.986697622477645,0.9830649586749393,0.36394046393841173,0.9252559742995993,0.9830649586749393,0.9787823896376903
302742353,39.2290392,9.1311235,0.985312956732966,0.9856796498063429,0.9811249038599295,0.374457663915704,0.9121247394604399,0.9811249038599295,0.9838461844394586
302742354,39.2310992,9.1328221,0.9770505512138515,0.9783020051846295,0.9678506185056284,0.35727280137486855,0.8893061818171782,0.9678506185056284,0.97204473533074
301811628,39.244023,9.1226626,0.9869301119642546,0.9937410587481212,0.9596863248287882,0.40670908073446566,0.8943347623606193,0.9596863248287882,0.9591569014351657
301811629,39.2442715,9.1232845,0.98801474525819,0.994817642234007,0.9571126470058838,0.4050902473177937,0.8918944878093755,0.9571126470058838,0.9608031573549218
301811633,39.2444999,9.1239387,0.9894999716040612,0.995758182835853,0.9578518684224373,0.406084748612892,0.8928319155830075,0.9578518684224373,0.9644671266768942
301811634,39.2448363,9.1251729,0.9894503275305835,0.9959000815676707,0.9569298420248482,0.4053537630819916,0.8919693622128579,0.9569298420248482,0.9636513113822343
301811635,39.2450355,9.1257269,0.9893761464912768,0.9960530666176007,0.9542364721490906,0.4037987854375876,0.8893922058943101,0.9542364721490906,0.9626684659859809
301811636,39.2452893,9.1265641,0.9896423482438789,0.9963543940525991,0.9497187624841817,0.40109704723507306,0.8850438764142963,0.9497187624841817,0.9627941650089978
301811637,39.2454523,9.1272441,0.994187653224645,0.9986092245856888,0.9478107147189885,0.3979013373942688,0.8810882531634017,0.9453634735111324,0.9765013677804699
301811641,39.2373688,9.1247952,0.9899427699919547,0.9936851789662404,0.9749731340948115,0.40704205177569003,0.9192881497984763,0.9749731340948115,0.9618889540865991
301811642,39.2385873,9.125298,0.9886110410646907,0.9938321233077736,0.9677267120923589,0.39976720888370215,0.9109504503874939,0.9677267120923589,0.958562322785185
301811643,39.2386216,9.1253119,0.9886066281089171,0.9938311024047037,0.9677087309257706,0.3997413870233628,0.9109026719321813,0.9677087309257706,0.9585530591952116
301811644,39.2395169,9.1255975,0.9878671225305345,0.9936636809039809,0.9646808890367492,0.40141491490985115,0.9077790111250628,0.9646808890367492,0.9596153112433481
301811645,39.2399364,9.1256911,0.9873116547470263,0.9936415480005408,0.9615588630208117,0.3987839802492558,0.904935553304779,0.9615588630208117,0.9619920817329675
301811689,39.2402947,9.1257687,0.9879172064701741,0.9940574238001197,0.9598770452802887,0.397835271890318,0.9028406635137233,0.9598770452802887,0.9633563371503914
301811691,39.2410177,9.1259766,0.9897910705538872,0.9954199682628627,0.9477818204462636,0.3935667271928522,0.8965205224105957,0.9469674978651947,0.9672754797179851
301811694,39.2414,9.1262254,0.9903770464092605,0.995921985965563,0.9357719332637336,0.37601831756997206,0.8757697721088678,0.9357866453026562,0.9681972881840502
301811696,39.2420166,9.1266628,0.9903516143272839,0.9962992261099871,0.9291714554576241,0.3742716555556229,0.8569106794273447,0.9249687483666619,0.9665611671964709
301811698,39.242416,9.1269339,0.9914197987668033,0.9969960187117247,0.9321320273179687,0.3773506824604441,0.8599180800771341,0.9260658246913339,0.9691149189871178
301811701,39.2437599,9.1278774,0.9938509816200316,0.9984514482108724,0.9355912911000388,0.37404558552335115,0.8528048156700796,0.9249957163841411,0.9754491152566684
301811703,39.2446849,9.1282828,0.9948182607577837,0.9988281348047945,0.9425122845745428,0.3819176399722095,0.8626827819786417,0.9290318543405371,0.9787787645697403
301811704,39.2453307,9.128718,0.9955180231392876,0.9990483507987213,0.9463306600778805,0.38411837917003266,0.8652261265205895,0.9312997113420199,0.9813967125015529
302743015,39.2210276,9.1353165,0.9866013043948042,0.9888602301809966,0.9602808895919596,0.3395030109298062,0.9429231924018295,0.9493922019913125,0.9775656012500347
302743018,39.222567,9.1369934,0.9791867133800832,0.9792618835652549,0.9519207549343665,0.32817971374446814,0.9320910748155403,0.9440092590460986,0.9788860326393961
302743020,39.2231529,9.1380942,0.9750920128296713,0.9729181297478919,0.9453258657768927,0.3213932808757779,0.9251107133570884,0.9346279012351617,0.9750920128296713
302743027,39.224279,9.1350176,0.9833417041480541,0.9777555961985395,0.9627913393635298,0.327984109814065,0.9296307769957035,0.9580388762659106,0.9833417041480541
302743029,39.2259189,9.1338855,0.9847894544157666,0.9719747130236885,0.9643162790783677,0.3287881915586933,0.9203630488026981,0.9576036549996438,0.9847894544157666
302743031,39.2254488,9.1356802,0.982665289035124,0.9599174283878671,0.956502478790996,0.31885357892451843,0.9108645932304404,0.9427650088636559,0.982665289035124
302743032,39.225546,9.1365446,0.9800025010877802,0.9543453303919855,0.9515997993852074,0.3143577388083345,0.9051111562867958,0.9368374788371358,0.9800025010877802
302743034,39.2256373,9.1372283,0.9780601536815084,0.948816038550708,0.9479809852977279,0.31125190271058395,0.8995090662119176,0.931439272434114,0.9780601536815084
302743037,39.2262208,9.1354465,0.9847059026939345,0.9649287175703488,0.9613274932789848,0.32350077721806675,0.9154165265280453,0.9503872056721858,0.9847059026939347
302743045,39.2261141,9.1363937,0.9779384826167988,0.9485061280894241,0.947951582292022,0.31102514388085767,0.8991772618674416,0.931582790710286,0.9779384826167988
302743046,39.224945,9.1366204,0.9778157917920719,0.9483202713450298,0.9476313818018389,0.31088947499280317,0.8989783735527127,0.9309125978388558,0.9778157917920719
302743050,39.2232639,9.1348489,0.9812182162011241,0.9815627088984303,0.9548651781820511,0.3308626561544099,0.9347603936916754,0.9451003513677784,0.9798402454118993
302743052,39.2226705,9.1350764,0.9847134595326302,0.985558944098579,0.9580999892850389,0.3354122427464324,0.939336562994712,0.9501174183226845,0.9813315212688355
302743068,39.2266205,9.135306,0.9845484351260079,0.9615060624147203,0.9603282466903836,0.3253935752511101,0.912293602887543,0.9485052800307876,0.9845484351260079
302743069,39.2274395,9.1350657,0.9841281039910833,0.955871688717261,0.958862516424616,0.329532082108573,0.9059476095512151,0.9459510512381047,0.9841281039910833
302743070,39.2278407,9.1346482,0.9837148115945568,0.9524305725999792,0.9578331294771351,0.33255175670218845,0.9014348192159052,0.9437624789191221,0.9837148115945568
302743071,39.2282322,9.1342705,0.9827033342135572,0.9492547604376611,0.9559031904137802,0.33068884878459626,0.8974124011644511,0.9407795040381556,0.9827033342135572
302743072,39.2286317,9.1338352,0.9814612964678703,0.9461714941767588,0.9541701922163671,0.3289265724484693,0.8925058120403663,0.9387261271501768,0.9814612964678702
302743073,39.2293294,9.1347845,0.9848123196563424,0.9634277333843932,0.9644169970410812,0.3469123711436584,0.8929815992673127,0.9550207704331029,0.9848123196563424
302743074,39.2289742,9.1352434,0.984206340558145,0.9597120479375532,0.9621317374972471,0.34322502836360647,0.8929160611006302,0.9515382603069937,0.984206340558145
302742443,39.2086117,9.1329013,0.9794872052564803,0.9810987537614176,0.9730410112367305,0.3594538121692168,0.9581996515503702,0.9730410112367305,0.933194606820475
302742444,39.2081475,9.1334922,0.9774191975357653,0.9783772559974518,0.9735869636890192,0.3627348302792785,0.9575649358381824,0.9735869636890192,0.9312473879351242
302742445,39.2075549,9.1341477,0.9745149724893932,0.9738797761569961,0.9745149724893932,0.36825650441612656,0.9569577011761179,0.9745149724893932,0.9280374600357979
302742446,39.2138348,9.1284708,0.9925742081263398,0.9960192932166058,0.9787938677652761,0.39131608556892417,0.9625317427306787,0.9650861529282778,0.9531536288472409
302742447,39.2137882,9.1288258,0.9907709400555711,0.9949731994090961,0.9739619026414711,0.37788038248603795,0.9608359065250702,0.9636815670358166,0.9521109511389872
302742450,39.2208873,9.13079,0.9945333859257319,0.9967875483395605,0.9855167362704178,0.3592748930033213,0.9551516411159564,0.974060069658702,0.9812737668449731
302742451,39.2208718,9.1313399,0.9936148828434612,0.9960887074492152,0.9837195844204452,0.3566497045923188,0.9535840603810782,0.9718902314561265,0.9803539734711413
302742454,39.221479,9.1324135,0.9906730691825412,0.9935679453775161,0.9778497376727102,0.3500111501417532,0.9494502288146903,0.9677555528142894,0.9790935644026415
302742457,39.2217878,9.1328433,0.9877629201460322,0.9906024786772414,0.9720892453022557,0.34265836928978555,0.9452862501953119,0.9613617895199589,0.9764046860211951
302742459,39.2221014,9.1332584,0.9861430359841179,0.9890345339126229,0.9689024205101254,0.33994211396329177,0.9431385426673281,0.9576744696941892,0.9745770442700978
302742461,39.2214738,9.1313693,0.9898137809474037,0.9927893153269832,0.9758634387770903,0.3458012468866556,0.9478882449347971,0.9653731340223258,0.9779116434290854
302742464,39.2221726,9.1303404,0.9926401000232569,0.9951917084624134,0.9824336662666308,0.3553473138105716,0.9525837624438214,0.9752848639446468,0.9821533529772132
302742466,39.2221536,9.1313826,0.9896353923627373,0.9921299198532234,0.9752332633864769,0.3462477313906853,0.9473737906351901,0.9690491247150202,0.9796572824007933
302742468,39.2222593,9.1314956,0.9897994695439858,0.992312389013945,0.9759933616764968,0.347089604099698,0.9476041981210673,0.9699730258665235,0.979747791664149
302742470,39.2225564,9.1319281,0.9883796291983411,0.9907914740955562,0.9733420546993014,0.34434881571801246,0.9456845210568522,0.9672012214073551,0.9787322496094808
302742471,39.2228059,9.1322696,0.9869465738581851,0.9893514065920033,0.9707283383991206,0.3421361474149748,0.9436680157857307,0.9644080270181673,0.9773272429229121
302742475,39.2211413,9.1328133,0.9891881173795147,0.9920968512632875,0.9751452384247539,0.34660076679277413,0.9475765835517833,0.9645080777471069,0.9775531818444236
302742477,39.2204593,9.1321416,0.9860182112930916,0.9890188930674955,0.9690472272690311,0.3405983951102735,0.9433388786223578,0.9576903222559429,0.9740154841954762
302742479,39.2208298,9.133218,0.9877378435133616,0.9907057682018973,0.9722053443862416,0.34391538333638844,0.9455890896315726,0.9612210860326124,0.9758661447592188
302742889,39.2127471,9.1281904,0.9913941291828866,0.9950272154142237,0.9768617842575389,0.393568613162715,0.959496519996519,0.9626219961119483,0.9471531197934343
291585173,39.1984338,9.1434803,0.956013324164655,0.9461023105904529,0.956013324164655,0.2945411029133433,0.8862953835235348,0.949514662064995,0.8741290283246397
291585174,39.1983901,9.1436427,0.9569239048602639,0.946733303710205,0.9569239048602639,0.2951604053238078,0.8869377882484712,0.9497647857844308,0.8743500013328047
291585177,39.1986818,9.1434501,0.9541717942608371,0.944825994500761,0.9541717942608371,0.2933091730870974,0.8850315424130403,0.9493552418294637,0.8726189481007025
291585264,39.1984865,9.1438407,0.9542718363101378,0.9466640931212326,0.9542718363101379,0.29607813877104167,0.8882245453188741,0.9495984311775318,0.8741124024766319
291585356,39.1937099,9.0593134,0.0,0.0,0.0,0.0,0.0,0.0,0.0
291585359,39.2226536,9.0570428,0.410017938372568,0.0,0.0,0.0,0.0,0.0,0.410017938372568
291585364,39.2124102,9.114381,0.9997278587048182,0.9953064162632304,0.9997278587048182,0.47774846518683173,0.9691983630843728,0.9633533563595974,0.9282479316204364
291585367,39.2035828,9.128644,0.8909142852357209,0.8435059055577474,0.8909142852357209,0.3113709068546352,0.8830357711241685,0.8909142852357209,0.8484695269682481
291585368,39.2025624,9.1305152,0.8543988317600513,0.8425621146737046,0.8542422135633849,0.29182548031102185,0.8544379863092179,0.8532144066477619,0.8224560462293061
291585531,39.1677057,9.0333197,0.0,0.0,0.0,0.0,0.0,0.0,0.0
291719654,39.2161269,9.1097041,0.9993139996250328,0.9994423814888396,0.9988004721698053,0.5149972776065063,0.9786255750012052,0.9888065328682988,0.9285616427074402
291719655,39.2168847,9.108506,0.9994915789302378,0.999123252912698,0.9994915789302378,0.5231090045997422,0.9796782601335462,0.9877313822688203,0.929548181346966
291927171,39.2222841,9.0819136,0.0,0.0,0.0,0.0,0.0,0.0,0.0
291927208,39.2260146,9.0688677,0.410017938372568,0.0,0.0,0.0,0.0,0.0,0.410017938372568
291927212,39.2150086,9.0892804,0.0,0.0,0.0,0.0,0.0,0.0,0.0
291927274,39.2263743,9.0725273,0.410017938372568,0.0,0.0,0.0,0.0,0.0,0.410017938372568
291927286,39.2158059,9.0549816,0.0,0.0,0.0,0.0,0.0,0.0,0.0
291927343,39.2222729,9.0561955,0.410017938372568,0.0,0.0,0.0,0.0,0.0,0.410017938372568
291927360,39.218199,9.0541715,0.0,0.0,0.0,0.0,0.0,0.0,0.0
291927473,39.2211747,9.0969283,0.8707306830562203,0.874701018314457,0.8312245605569816,0.5035338893576182,0.8784333907931562,0.8312245605569816,0.78229620976073
31498899,39.2601203,9.1018122,0.5791425154439932,0.5238159360851984,0.5371816797166089,0.25313414975947895,0.5206540065610612,0.5222117329660501,0.5791425154439932
31498915,39.2615302,9.0898185,0.6927880852654293,0.6328389271642434,0.6463416974730535,0.3100886488657021,0.6304788861589125,0.633592363343706,0.6927880852654293
31498927,39.2594743,9.084083,0.7559657600938856,0.7029316891511311,0.707864191497594,0.34471505793549967,0.6974961270093578,0.6977106187511947,0.7559657600938856
86103292,39.2112981,9.1040352,0.9718816785006184,0.9723309688010325,0.9700845172989617,0.4665180132224084,0.93404716998556,0.9239047094786962,0.8518133019251861
259877016,39.2075255,9.1242555,0.98090934139662,0.9763856772282778,0.98090934139662,0.4137771447945582,0.9432447191286135,0.9302158668760568,0.916299746675955
265659800,39.2156971,9.1711803,0.9831202732174648,0.6598632829670926,0.9831202732174648,0.14514914628892214,0.504683363554564,0.9609412158164251,0.53923661932012
265659808,39.2154775,9.1703205,0.9884238084026734,0.7028444972626026,0.9884238084026734,0.1537797147094381,0.5423844085574708,0.965159123688973,0.5543580595753854
265659831,39.2152131,9.1705792,0.9887686190343187,0.6871702562560786,0.9887686190343187,0.14857321203164944,0.527121421385835,0.9636481290960687,0.5382644217630411
265659839,39.2153738,9.1711811,0.9860543266499939,0.6911480984414351,0.9860543266499939,0.15005120689463114,0.5312442990623409,0.9638100007895626,0.5413978570178067
265659926,39.1947553,9.1571858,0.9998605080928292,0.9095736006052092,0.9998605080928292,0.24462135504657245,0.7864395967609892,0.9250908467326147,0.8204651003603953
265659937,39.1958712,9.1523306,0.9835506934808426,0.932422265794184,0.9835506934808425,0.2686356741708355,0.8318169629512648,0.9398694206121958,0.8088228054819714
265659939,39.198839,9.1469441,0.9526166161189967,0.9473344826330095,0.9526166161189967,0.29031394011737244,0.8804572062107533,0.9526166161189967,0.8383430581414705
265659941,39.2016068,9.141998,0.9654095593413514,0.9568245921420323,0.9654095593413514,0.3175356000727837,0.9199111316522204,0.9654095593413514,0.8799080979086898
265659944,39.2036548,9.1400932,0.9611288119335603,0.9434114362136861,0.9611288119335603,0.3316436395435282,0.9340705345711989,0.9611288119335603,0.8899424572170336
265659946,39.2046783,9.1385891,0.971940534319915,0.9524452496619095,0.9719405343199151,0.3418295723029024,0.9429599377511457,0.9719405343199151,0.9029832751043213
265659953,39.2052586,9.1328651,0.9664296706466398,0.9443442573136124,0.9664296706466398,0.3668467911623543,0.9489254125742446,0.9664296706466398,0.9068888907893322
265659960,39.2054519,9.1309992,0.9633179288532084,0.9500083541772181,0.9633179288532084,0.3765050519061468,0.9520496747697326,0.9633179288532084,0.9121413028028941
265664433,39.2096379,9.1230532,0.9907870556871546,0.9883696417028494,0.9907870556871546,0.4330856583160443,0.9531603691604784,0.9385915736425295,0.9316208266239867
265669519,39.2156489,9.1091734,0.9995616583638323,0.9996014375096013,0.9994025417807559,0.5164019207500393,0.9803835620440389,0.9875404654612743,0.9358464532211722
265669552,39.2201679,9.10366,0.9999736733504083,0.9986687381157604,0.9999736733504083,0.5370155946661862,0.9776670517598952,0.9859899394239642,0.9304199735708151
302742228,39.2285154,9.1263456,0.9930685786790612,0.9930890138477118,0.9929868380044591,0.4054783864971045,0.9317286891293826,0.9928522887752614,0.9809278037548125
302742229,39.228512,9.127821,0.9911724282136359,0.9903738063992954,0.9911724282136359,0.39739918609242375,0.9268255755838883,0.9911724282136359,0.9824158693606274
302742230,39.2304003,9.1217807,0.9971531333433309,0.9975106192097631,0.9957231898776022,0.4125770044643156,0.9326592705822333,0.9927518090193357,0.978829498505117
302742231,39.2310446,9.122263,0.9974784224884101,0.9980263027452012,0.9952869014612463,0.4196394178561625,0.9343803703166901,0.9936572346834757,0.9800167966815517
302742232,39.2316842,9.1227967,0.9967562225542743,0.9976373992622037,0.9932315157225567,0.4098446402429199,0.9310352835965616,0.9923408847245885,0.9772626378972595
302742233,39.2320988,9.1231731,0.9961884652708717,0.9973132307038988,0.9916894035387634,0.4057658433274126,0.9291553246202662,0.991421641709229,0.9759776652495613
302742234,39.2327514,9.123766,0.9955056947890951,0.9966708290041261,0.9908451579289715,0.3998499084074832,0.9256938069769656,0.9908451579289715,0.9744101192013553
302742235,39.2332124,9.124206,0.9945328671836622,0.9960168849372238,0.9885967961694153,0.3954053028885932,0.9232157466752219,0.9885967961694153,0.972409074472992
302742236,39.2339021,9.1247681,0.9930248722710415,0.9950089274638919,0.9850886514996402,0.3887410529953559,0.9193090945234277,0.9850886514996402,0.9700939531988665
302742237,39.2317608,9.1282217,0.9910532379177276,0.9927654888389769,0.9842042342327303,0.37949873840578163,0.9116166889442016,0.9842042342327303,0.9737315735211941
302742239,39.2331489,9.1261387,0.9912936306668743,0.9929960145302269,0.9844840952134638,0.3790999998520539,0.911333140640485,0.9844840952134638,0.9674485943462875
302742240,39.2342303,9.1241033,0.9938081660144694,0.9957418152799201,0.9860735689526665,0.3927645663482393,0.921912887930513,0.9860735689526665,0.9704370458502363
302742241,39.2341882,9.1267055,0.9880451040150297,0.9908565163195308,0.9767994547970252,0.3720740283988917,0.9037138321813173,0.9767994547970252,0.9610856461744585
302742244,39.2340599,9.1280073,0.9860255056127561,0.9894342722998055,0.9723904388645584,0.36520709971123855,0.895319308197304,0.9723904388645584,0.959315392398451
302742246,39.2333717,9.1276701,0.9866226315546587,0.9895928115713193,0.974741911488016,0.36305962888266574,0.8947676543536297,0.974741911488016,0.961718425833349
302742247,39.2326744,9.1272846,0.9875588923712466,0.9901401620103069,0.9772338138150057,0.36852172401907557,0.8989169839563804,0.9772338138150057,0.9612131154726828
302742248,39.232926,9.1289072,0.9872792980339888,0.989723363605739,0.9775030357469884,0.3701049496377298,0.90112526462995,0.9775030357469884,0.969348038027684
302742249,39.2350055,9.1248767,0.9885369508154259,0.9920548172292636,0.9744654851600748,0.3771242868693578,0.9091420777928837,0.9702366846527063,0.9608467791191504
302742250,39.2346306,9.125728,0.9889983710096346,0.9923963032042712,0.9754066422310882,0.37901021110891153,0.9113047811690412,0.9740550624332595,0.9631800435654878
302742251,39.2337047,9.1251381,0.9926579206517396,0.9945241609955751,0.985192959276398,0.38650954936402837,0.9175581589430815,0.985192959276398,0.9690178418999742
301802541,39.2126608,9.1191813,0.9978641704806724,0.9915093624751737,0.9978641704806724,0.4546546042362395,0.9589804026244078,0.9476313457612576,0.9371744506573695
301802545,39.2116998,9.1202564,0.9954973360485081,0.9902887880107234,0.9954973360485081,0.44256511052241243,0.9550926284542445,0.9370971849922546,0.9380112826405271
301802551,39.210899,9.1199113,0.9981697532836865,0.9904544639983132,0.9981697532836865,0.45620346256922284,0.958069075296429,0.9429605256666278,0.9371532481564345
301802557,39.2135178,9.119291,0.9992352274314177,0.9964080925252848,0.9992352274314177,0.4581831141660333,0.9662838123940874,0.9624949329656124,0.9509697463535797
301802559,39.2134824,9.1192487,0.9989272240465694,0.9961916259403094,0.9989272240465694,0.45837181946801464,0.9652697932362094,0.959402514183608,0.9505887454954337
301802561,39.2133366,9.1192806,0.9988768759017864,0.9962020771962097,0.9988768759017864,0.455666951857632,0.9648140103847238,0.9597609195204718,0.9508881201713238
301802563,39.2133105,9.1193953,0.998904177179247,0.9963317928348979,0.998904177179247,0.4560373623714193,0.9649893391607557,0.9599868622937316,0.9513276857419425
301802572,39.2142317,9.1186959,0.9996883078917757,0.9971260417042451,0.9996883078917757,0.4541269441331188,0.9666134840331456,0.9679642225385363,0.9522916171388247
301802648,39.2148483,9.1177762,0.9999355257290714,0.9979853488315077,0.9999355257290714,0.4569485116154101,0.9686324225437686,0.9745288695753047,0.9524566564111139
301802664,39.2153186,9.1174533,0.9998817921396012,0.9975841439846055,0.9998817921396013,0.4501704991887568,0.9670803394469492,0.971858482245213,0.9504011390207453
301802688,39.2154426,9.1185254,0.99929842123182,0.9987135261475266,0.99929842123182,0.4440711073945365,0.9629969062497075,0.9618652631446699,0.9540143355614495
301802689,39.2158787,9.1188836,0.9994924335832671,0.9990856860128262,0.999492433583267,0.4474453209552442,0.9642687771860461,0.9622644932241946,0.9567487556855144
301802692,39.2157823,9.1196718,0.9991350512738086,0.9991432917941627,0.9991020891923924,0.4424826645653708,0.9615788859118254,0.9596503299989141,0.9591885886329817
301802693,39.2151818,9.1193046,0.9987997443562663,0.9983418733974032,0.9987997443562663,0.44139746027108906,0.9606229744510778,0.9565350130353594,0.9517556195146114
301802694,39.2158036,9.1194748,0.9991562002479757,0.9990872398055821,0.9991562002479757,0.4452204518830842,0.9621963552116561,0.9591116086858472,0.95858789534386
301802695,39.2170894,9.1202233,0.9997022092501557,0.9993691646358444,0.9997022092501557,0.4361042457102633,0.9575023359018641,0.9608258838358646,0.9584452784787828
301802698,39.21749,9.1204915,0.9997603610132554,0.9990304642573103,0.9997603610132554,0.43227797002669544,0.9552024663504146,0.9581985486148532,0.9562162962296484
301802700,39.2185075,9.1234782,0.9992557196520923,0.9991963178475475,0.9992557196520923,0.4069353404212699,0.9509441675495356,0.9749524007936317,0.9709318811941031
301806532,39.2195613,9.1219286,0.9999972691247937,0.9988985385078224,0.9999972691247937,0.42332207644288733,0.9505079832782417,0.9812332117733205,0.969016308613958
301806579,39.2200908,9.1218079,0.9999866016366245,0.9992207464903774,0.9999866016366245,0.4200999915546074,0.9470744961786449,0.9854729577423272,0.972981476748266
265669562,39.2301165,9.0986985,0.9828796561815719,0.984999792299996,0.972301413440764,0.5466872075655557,0.9827899047763213,0.9635352777247291,0.9181914825154937
265669576,39.232134,9.0978177,0.9872728526643153,0.9902461373807618,0.9725344617424918,0.5456953890083467,0.9867607220226797,0.9725344617424918,0.9265685757973959
265669580,39.2346255,9.097202,0.986963425487977,0.9899970461867929,0.9724108569017782,0.5388962702229082,0.984501285856456,0.9724108569017782,0.938808408886123
265669583,39.2371324,9.0969043,0.9884503798105683,0.9912748511282538,0.9751262644830714,0.5375683380347592,0.985257414766845,0.9751262644830714,0.9466691910965025
265669585,39.2412221,9.0967511,0.9733268907705376,0.9762077695202948,0.9590795949089206,0.5161158407571992,0.9726984992218606,0.9590795949089206,0.9407560904413832
291582984,39.165266,9.0313096,0.0,0.0,0.0,0.0,0.0,0.0,0.0
291583004,39.1680752,9.0334175,0.0,0.0,0.0,0.0,0.0,0.0,0.0
291583314,39.1682594,9.0335399,0.0,0.0,0.0,0.0,0.0,0.0,0.0
291584377,39.1690289,9.0344928,0.0,0.0,0.0,0.0,0.0,0.0,0.0
291584386,39.1920551,9.058191,0.0,0.0,0.0,0.0,0.0,0.0,0.0
291584452,39.2153315,9.10046,0.9762765384341112,0.976911301225233,0.9737374872696243,0.5012170683835037,0.9467242320080332,0.9336409574878364,0.8677130367478221
291584456,39.2140516,9.1048379,0.9927446152079068,0.9930399024036556,0.9915634664249114,0.4886991901947365,0.9633460385887012,0.9629949723102845,0.898675689159308
291584458,39.2137743,9.1072364,0.997140756952506,0.99728006049326,0.9965835427894901,0.500304734867987,0.9721461135195588,0.975773526820167,0.9162441927497504
291584837,39.2208413,9.083562,0.0,0.0,0.0,0.0,0.0,0.0,0.0
291584842,39.2147692,9.0897919,0.0,0.0,0.0,0.0,0.0,0.0,0.0
291584854,39.2132147,9.1129139,0.9999755036934584,0.9985174410374285,0.9999755036934584,0.490796750981191,0.9747461208291426,0.9781419213463027,0.939082447505202
291584856,39.2120209,9.115664,0.9995879713029359,0.9888656322616157,0.9995879713029359,0.46597105041512477,0.9601515948568898,0.9456998002624055,0.9151185650368815
291585117,39.1974438,9.1348979,0.904623746402179,0.8917911520803693,0.9046237464021791,0.28500507597336916,0.8403910846757073,0.9046237464021791,0.8419271138856417
291585124,39.1985886,9.1438649,0.9537497650714329,0.9467084672297584,0.9537497650714329,0.29661733212773467,0.8890663802441853,0.950208292463331,0.8744697630849775
291585166,39.2060768,9.1247436,0.9357763937653127,0.9216812630997622,0.9357763937653127,0.3596602874523991,0.9293609532938955,0.9303254623595226,0.8897571578397105
302742127,39.2233728,9.1181436,0.9999987510458668,0.9956486894070686,0.9999987510458668,0.4600853582742819,0.9543595505514755,0.9963905882110264,0.9697557067021906
302742136,39.2277006,9.1164282,0.9995296436744016,0.9953575549849895,0.9995296436744016,0.4536951437317515,0.9497327242027682,0.9966075268690159,0.9727503899186145
302742137,39.2274518,9.1169271,0.999823540915458,0.9961522857908891,0.999823540915458,0.4498233547341019,0.9485323697308298,0.9968200750374432,0.9737354979435552
302742138,39.2297808,9.1145608,0.9963339031497147,0.9965802549388366,0.9953484959932268,0.4666234308190997,0.9532388944891136,0.9953484959932268,0.9707867287235781
302742139,39.2291392,9.1155184,0.9975055146898361,0.9957875580929689,0.9975055146898361,0.45885771653243607,0.9513577911311287,0.9952710785505,0.9714235807228291
302742140,39.2284677,9.1165227,0.9982659618331006,0.9963082261449046,0.9982659618331006,0.452687962820139,0.9495475442102179,0.9960132724083173,0.9731402331964139
302742141,39.230849,9.1157522,0.9973964644960206,0.9977644231760887,0.9959246297757481,0.47090765718477123,0.9564378431092144,0.9959246297757481,0.9736265582963688
302742142,39.2302056,9.1167008,0.9970465802697629,0.9960405025031718,0.9970465802697629,0.4509113062562716,0.9493528937224601,0.9954208549986548,0.9721517055051339
302742145,39.2280772,9.111633,0.9897594915343295,0.98585854485192,0.9897594915343295,0.5063022690152686,0.9638099191130253,0.9897594915343295,0.9684243934250729
302742151,39.2247381,9.1194701,0.9999992843590546,0.998399758432096,0.9999992843590546,0.43484583506211627,0.9391577626724291,0.9930937509916778,0.9731086019524079
302742153,39.2231951,9.1196404,0.9999992120674602,0.9950268511119803,0.9999992120674602,0.4411801785736049,0.940033028284967,0.9902382853851279,0.964658968500601
302742154,39.2225209,9.1195222,0.9999985457210263,0.9953966452583737,0.9999985457210264,0.4435166790807535,0.9443000773809774,0.9911825227372308,0.9655567372776482
302742156,39.2217271,9.1191866,0.9999999548022739,0.9968250168337134,0.9999999548022738,0.44955082628534,0.9506991504606425,0.9929433306253116,0.9680966853199037
302742158,39.2217572,9.1187867,0.9999997869678334,0.9953282401072904,0.9999997869678334,0.4505196025093319,0.9469636236602864,0.9936297120004675,0.967453825585093
302742163,39.2245845,9.1189053,0.9999995292024222,0.997578897114346,0.9999995292024222,0.42819748244378825,0.9414427924000124,0.9939679659164249,0.9708931593439087
302742164,39.2240826,9.1193243,0.9999999243832067,0.9985684639888808,0.9999999243832067,0.43763712686955325,0.9398563789324307,0.9934570150569889,0.9739903497313694
302742166,39.2218681,9.1196768,0.9999992049669354,0.9975383919140466,0.9999992049669354,0.4402075353601981,0.942116500770199,0.9919008257784676,0.9706414164537719
302742169,39.2237986,9.1203462,0.9999994857779629,0.9989137405435067,0.9999994857779629,0.42162747926094374,0.9304907828679696,0.9901695356918215,0.9727840855143184
302742171,39.221339,9.1202339,0.9999998407812819,0.998556560031276,0.9999998407812819,0.4367247623663326,0.9408364170267602,0.9907918813929713,0.9717850944176336
302742177,39.2196824,9.1213136,0.9999993433571138,0.998739496920955,0.9999993433571137,0.42631272121984004,0.9419223442361476,0.9830902183318004,0.9674492545413399
302742179,39.2200015,9.1200121,0.9999999851427401,0.9988781455255634,0.9999999851427401,0.429830376846856,0.9467696206089509,0.9840175932249855,0.9666444043786764
302742180,39.2197577,9.1209159,0.9999996526578346,0.9987179103399016,0.9999996526578346,0.42683895810149863,0.9431871187499888,0.9818427515733046,0.9661410957039541
302742181,39.2187756,9.1195941,0.9999999930334816,0.9991211416180771,0.9999999930334816,0.43126430664605,0.9515140996043505,0.9796922768148237,0.9642961970008895
302742185,39.2180256,9.1194654,0.9999494602724769,0.9989034943973284,0.9999494602724769,0.43052137623259923,0.9563588772085289,0.9615271540491472,0.9556761269031184
302742192,39.218376,9.1188123,0.9999630203380957,0.9982514491664699,0.9999630203380957,0.4309225187109995,0.9572312314137325,0.9650837328299691,0.9539723390456708
302742193,39.2180074,9.1187274,0.999706281528345,0.9967738219404781,0.999706281528345,0.4322806398778748,0.9562648083023291,0.9553155305834076,0.9450082081697212
302742195,39.2170277,9.118216,0.6833632306209467,0.0,0.6833632306209467,0.0,0.0,0.0,0.0
302742201,39.2179597,9.1190956,0.9996246901542999,0.9970269221123275,0.9996246901542998,0.4317765957176553,0.9559916181642495,0.9544493758540018,0.9452911051872604
302742208,39.2273308,9.1226711,0.9992918266113836,0.9968758767233116,0.9992918266113836,0.4184237528416815,0.9345699437222357,0.9929747837105118,0.9805653396986128
302742211,39.2269359,9.1210109,0.9998541935793541,0.9982385688185271,0.9998541935793541,0.42569217433047335,0.9393384230583915,0.9948512209365192,0.9815541436197489
302742216,39.2278558,9.1208045,0.9996970755830983,0.9980998233790367,0.9996970755830983,0.4338985463479621,0.9421141549052059,0.9956847565952088,0.9821403922007278
302742217,39.2281908,9.1214638,0.9994239236163232,0.9978692334085187,0.9994239236163232,0.4271487788900449,0.9400759075105386,0.9949263617861963,0.9820088467715881
302742218,39.2283182,9.1216988,0.9993563000246425,0.9979827594369648,0.9993563000246425,0.4289504353016831,0.9405928756875963,0.9954147005538808,0.9825951442694375
302742219,39.2286223,9.1222206,0.9991941066558971,0.9977051185358083,0.9991941066558971,0.42745577919560473,0.939509855997734,0.9952363262618571,0.9821532891118192
302742220,39.2286594,9.1208116,0.9995090402484612,0.9980235889810073,0.9995090402484612,0.4369452065251929,0.9433172799952687,0.9959722569855871,0.9815280591395958
302742222,39.2297778,9.1217571,0.9966335293527292,0.9968353448452907,0.9958262673824833,0.40931217938911574,0.9316235810724327,0.9917748975236762,0.9776946378268752
302742223,39.2297589,9.1228788,0.9974983469322931,0.9972617803831557,0.9974983469322931,0.41864318377749754,0.9354270089271379,0.993433585051019,0.9809485753721952
302742224,39.2297296,9.1242367,0.9959258876890043,0.9959438305344767,0.995854116307114,0.4131256603755999,0.9336629847396053,0.9938500701774515,0.9808352423551712
302742225,39.2295547,9.1242165,0.9958183485307964,0.9958264048706247,0.9957861231714832,0.4123786652039734,0.933265828258304,0.9937425828553603,0.9806351115374262
302742226,39.2286341,9.1217106,0.9993788754699126,0.9979947367938404,0.9993788754699126,0.43065569587963304,0.9410572447309437,0.9954969566242304,0.9818385330974126
302742412,39.2171698,9.1303435,0.9952182365486683,0.9986946429252949,0.9813126110421616,0.3714410864861355,0.9614617182433972,0.9714994646851628,0.9739777318842062
302742413,39.2196377,9.1301139,0.995226475607211,0.9983282710156268,0.9828192939735477,0.36811497502813334,0.9573369965955798,0.9664515936144109,0.9762190407535646
302742414,39.2200998,9.1313015,0.9942931610581853,0.9974928293307591,0.9814944879678904,0.3617543010845852,0.9558938181050657,0.9708434298656233,0.9802543919836051
302742416,39.2204799,9.1330835,0.9919415369641325,0.9948656318007305,0.9728588710256002,0.35177089848056137,0.9507746575622239,0.9613004457795914,0.9802451576177399
302742417,39.2206426,9.1334311,0.9913474511730692,0.9940312924872301,0.9710417604101675,0.3492949748253525,0.949820676988784,0.9599564832669014,0.9806120859164256
302742418,39.2211204,9.1339095,0.9901666284182621,0.9923632221241626,0.9674510784034033,0.3457622101489479,0.9476306775499396,0.9575435283920346,0.98138025359466
302742419,39.2220629,9.1346085,0.9872726752908174,0.9886225041798572,0.9607491007428701,0.3396537470841774,0.9432329287465346,0.9518583389586739,0.9818733597346585
302742420,39.2226227,9.1350386,0.9851357286803942,0.9859556391819635,0.959076075144518,0.33574674768192886,0.9395819951129128,0.9501852995409882,0.9818560866741164
302742424,39.2186257,9.1295291,0.9960882994158972,0.9987625665821697,0.9853912307508074,0.3718866282942371,0.9591745813958072,0.9668212788598152,0.9762484319323498
302742425,39.2185833,9.1304009,0.9947015608620446,0.9983348239525722,0.9801685084999342,0.36405055201510417,0.9595675843593441,0.9704955562342963,0.9780251450916583
302742426,39.2157507,9.1294037,0.9955669068361105,0.9986065278870125,0.9834084226325025,0.38181462472637673,0.9624496220883296,0.9670836370613752,0.9676691562342262
302742427,39.2156109,9.1293976,0.9953787300378739,0.9985074423812275,0.9828638806644601,0.3809843550053225,0.9628239434293454,0.9707062351498972,0.9671327768576687
302742428,39.2143879,9.1293443,0.9934108099645542,0.9973170268408437,0.9777859424593967,0.37710595420061643,0.962781347996697,0.9661761934647206,0.9611987944194378
302742429,39.21572,9.1302724,0.9947008849567234,0.9982821168403342,0.98037595742228,0.3776396513740511,0.9630691611510913,0.973308713344603,0.9688938623299697
302742430,39.2155907,9.1302666,0.9942993782532862,0.9981205013767861,0.9790148857592867,0.375645496891449,0.9629700016752123,0.9734157811175507,0.968259886965312
302742432,39.2137483,9.1301723,0.9928197608506661,0.9965321511617841,0.9779701996061946,0.3789886030739844,0.9628089574135286,0.9679807535264934,0.9587969989715379
302742434,39.2128853,9.1297687,0.9918979036858421,0.9958062293815564,0.9762646009029855,0.38342318836060035,0.9631483917273572,0.9702140189189489,0.9564957515077385
302742435,39.2125947,9.1300803,0.9921307739799435,0.9960183149287081,0.976580610184885,0.3848164606890125,0.9639461623103701,0.9715762212299845,0.9577097122600208
302742437,39.2107464,9.1316037,0.9867433309028034,0.9905282709655967,0.9716035706516303,0.3735998274915274,0.9622012600139328,0.9716035706516303,0.9456140267280133
302742438,39.210481,9.1317996,0.9857952423102926,0.9894613884584776,0.9711306577175528,0.3709136947114831,0.9618909217159944,0.9711306577175528,0.9438546947796204
302742949,39.2193079,9.1322462,0.9923677827118264,0.9959709308325644,0.9748341345955804,0.3538933129284153,0.9547198782609511,0.9661413166078185,0.9779551902288741
302742950,39.2188395,9.1328084,0.9915057458300687,0.995348330179523,0.9706702538072438,0.3502917384302193,0.9548177219596876,0.9635827361463339,0.9761354084322514
302742962,39.2177753,9.13607,0.9828385796910655,0.9864679064761579,0.9489280176895313,0.33312202341218944,0.94311297936956,0.939603702230365,0.9683212725506956
302742984,39.2091453,9.1350254,0.9757784472311565,0.9770080816396968,0.9708599095969961,0.35242492952065657,0.9555710193937025,0.9708599095969961,0.9275960018202823
302742985,39.2174159,9.1309253,0.9925815022266904,0.9972809719784698,0.9711977568950008,0.36083840141358525,0.9594532574672996,0.9711977568950008,0.9737836232195727
302742987,39.2181128,9.1318396,0.9908628451090673,0.9956935396084611,0.9668195244351289,0.35343735771552737,0.9564878440905581,0.9648956742832937,0.9715400671114915
302742988,39.2194146,9.1338086,0.9892198640078802,0.9929113800515365,0.9637478755912778,0.3432747809520247,0.9510640688861943,0.9566151120330795,0.9744537998332553
302742989,39.2155033,9.1308367,0.9936890563332432,0.9977731876681671,0.9773525309935477,0.37374312780182795,0.962399218273058,0.9738244913080609,0.9669188167743681
302742990,39.2201012,9.1333498,0.9911023121439062,0.9941360123362919,0.9698124238522461,0.34858869615666244,0.9511298825594923,0.9606049442261457,0.9789675113743636
302742991,39.2185797,9.1312588,0.9919334662680934,0.9958672721812675,0.9729541758544399,0.35068953366043415,0.956433136086965,0.9646657998605618,0.9761982426153977
302743001,39.2228403,9.136084,0.9790632555993061,0.9757663885945892,0.9539570213969223,0.32374330889916836,0.9286944140794717,0.946824789492627,0.9790632555993061
302743002,39.2233293,9.136495,0.9802186549411432,0.9770996659160827,0.9562938078914721,0.3253651297275131,0.9300092222492549,0.9499518703000667,0.9802186549411432
302743003,39.2213962,9.1355787,0.9855073867197495,0.9871825926783743,0.9565468084033916,0.3370477638847668,0.9407993203506939,0.9456618711493009,0.9788065628852504
302743004,39.22176,9.1343805,0.9882599217369342,0.9898748372636452,0.962953710169014,0.3417713468695936,0.9445961604785079,0.953337928411591,0.981800259630091
302743005,39.2210996,9.1353377,0.986390865349359,0.988609300222039,0.9597962899148315,0.33914488759700645,0.9426020495192369,0.9490650794446125,0.9775171258586393
302743006,39.2215011,9.1356727,0.9849693653419725,0.9866043849142904,0.9556656048181549,0.3362861831133118,0.9402011859817792,0.9446812467917791,0.9784292870527013
302743008,39.221286,9.1376843,0.9773518862124664,0.9787383486068627,0.9427185179978785,0.3264686406070798,0.9305996049498059,0.9293637400090002,0.9718060366348813
302743009,39.2207533,9.1376037,0.9787981613511837,0.9806479958397534,0.9437660007337041,0.328302939216593,0.9325915559760958,0.9320512891333292,0.9713988233969049
302743010,39.2219521,9.1361893,0.9824712635151038,0.9838731172928609,0.9513444784842455,0.33269561711472057,0.9366541540794115,0.9390354971907255,0.9768638484040755
302743012,39.2224397,9.1368538,0.9793342213633062,0.9803831781488105,0.9480253986867327,0.32893043817755824,0.9323900836223685,0.934378677164265,0.9751383942212895
292347849,39.2131427,9.1207967,0.9978025785838504,0.9948355178869134,0.9978025785838504,0.4484027138691815,0.9610581085128772,0.951596016426374,0.9460863453549814
292347860,39.2134341,9.1195263,0.9990146516805439,0.9966116927487978,0.9990146516805439,0.45685192409444836,0.9654865388215494,0.9604100810464338,0.9526507961678229
293617675,39.2504938,9.1331712,0.9918692627821543,0.994386939609412,0.9281743421182801,0.35193464832013527,0.8134961271794704,0.8919175174640332,0.9817985554731231
293617678,39.2495894,9.1321311,0.9929871092819593,0.9954422055343365,0.9345558699320848,0.35870001315195127,0.824737529135692,0.8995909095636576,0.9831667242724504
293850113,39.2699424,9.0846114,0.0,0.0,0.0,0.0,0.0,0.0,0.0
293851481,39.2592585,9.0930055,0.7897011187624566,0.7541417761636038,0.7482710279780844,0.3627027107825927,0.7442638621074688,0.7482710279780844,0.7897011187624566
293851621,39.2585708,9.0836591,0.0,0.0,0.0,0.0,0.0,0.0,0.0
293851647,39.2377311,9.0913093,0.0,0.0,0.0,0.0,0.0,0.0,0.0
293851888,39.2620019,9.0874941,0.7390703684625045,0.6941060165895288,0.6934795675177188,0.33197602683855193,0.6876875759526295,0.6865344125288884,0.7390703684625045
293870215,39.2590341,9.0839892,0.7721620039123434,0.7206809558825601,0.7235632018609508,0.3537277433414061,0.7149339364994476,0.7136762978868119,0.7721620039123434
293876279,39.2631282,9.0846319,0.0,0.0,0.0,0.0,0.0,0.0,0.0
297411542,39.2335329,9.131676,0.9644495495543025,0.9607801726798795,0.9446025495974816,0.327891973986587,0.8585833695456003,0.9388216683170338,0.9644495495543025
297411723,39.2357964,9.1264317,0.9706794369820663,0.977368636038069,0.9439226407580555,0.34904248207801447,0.879624058791251,0.9388337353891859,0.9368441590990787
297413078,39.237236,9.1211497,0.9808770445153607,0.9811555980972686,0.9797628301877295,0.4196348955693731,0.9163129444323896,0.9797628301877295,0.942733386329368
297413284,39.2316081,9.1355759,0.9719269169971374,0.9496372259560979,0.9430170932578544,0.33604275111831006,0.8601591690421084,0.9308253276732749,0.9719269169971374
297413692,39.2048987,9.1428533,0.9567662137369816,0.9295834320436034,0.9567662137369816,0.28602907215324047,0.877871644161235,0.9567662137369816,0.8521511098347132
297413697,39.2060813,9.1434458,0.9260072554384795,0.8437864375849083,0.9260072554384795,0.26068603901170156,0.8460799689852868,0.9260072554384795,0.8285998709579769
297413711,39.2163578,9.1422974,0.0,0.0,0.0,0.0,0.0,0.0,0.0
297413719,39.2217532,9.1394117,0.920202118417229,0.8810419382162702,0.8788494925643423,0.271768151939023,0.8389627593753916,0.8478984453635059,0.9202021184172291
297414208,39.2124039,9.1426493,0.95448249947894,0.916963261889805,0.95448249947894,0.30744791894515133,0.9177261055821131,0.95448249947894,0.8922503265466554
301802309,39.2146087,9.1147742,0.9999998247652304,0.9964567253461621,0.9999998247652304,0.46233319681651175,0.9696927124733646,0.9723868597238663,0.9390974846160828
301802310,39.2146888,9.1132479,0.9999985654754614,0.9990156864259987,0.9999985654754614,0.484396284746063,0.973546171435239,0.9857540154210204,0.9367012859087152
301802311,39.2145064,9.1135387,0.9999985355597879,0.9988439412494025,0.9999985355597879,0.4823297477552053,0.9730370362471594,0.9849268297281265,0.9376070502988723
301802312,39.2142755,9.1138824,0.9999992216274606,0.9986337023180213,0.9999992216274606,0.4802262161538927,0.9725318227801032,0.9838636950654615,0.9381775143970746
301802313,39.2140345,9.1142572,0.9999999343079838,0.9977043585901938,0.9999999343079838,0.47281224330718435,0.9716662988536809,0.974352187758051,0.9389554848114887
301802314,39.2137961,9.1146132,0.9999999272326048,0.9968923760503736,0.9999999272326048,0.46735905998061916,0.970246883287687,0.9711683176186185,0.9384855954176684
301802322,39.2142881,9.1146553,0.999999929512853,0.9977214119657047,0.999999929512853,0.4712942600860813,0.9713590319208728,0.9755165800848516,0.9400075072280085
301802404,39.2130504,9.1150058,0.9999863391836036,0.997524789301138,0.9999863391836036,0.480808342945714,0.9717213185038037,0.9721729097528675,0.9381092812923806
301802448,39.2127088,9.1155326,0.9999946170157213,0.9965714808876786,0.9999946170157213,0.4732021022167132,0.9703200123543183,0.9683619452163433,0.9396673971076753
301802456,39.215797,9.1175422,0.9999161457813527,0.9983437408596174,0.9999161457813527,0.45378037345272326,0.968713508147565,0.9751694556530182,0.9529700283560469
301802463,39.2169394,9.1192957,0.999640666230719,0.9990931864445677,0.999640666230719,0.4395461708127247,0.9603538761624205,0.9575772016807613,0.9549801411194556
301802471,39.2185062,9.1207976,0.9999795891603057,0.9990882688570287,0.9999795891603057,0.4269426779431056,0.9474024806247203,0.9738177229547058,0.9635027585990351
301802474,39.2179559,9.1214799,0.9987203052220676,0.9984124000808414,0.9987203052220676,0.4298670834602704,0.9510384323958372,0.9592334514885392,0.9579780595150873
301802476,39.2168166,9.120952,0.9987029765215834,0.9986039090250398,0.9987029765215834,0.43636795598379363,0.9567275917324565,0.9597399480350095,0.957850930310814
301802477,39.2157351,9.1204332,0.999169535149617,0.999223986701832,0.9989517289407576,0.44621773672068193,0.9628765818219123,0.9634861447713133,0.9621259868910924
301802479,39.2149468,9.1200724,0.9985178549913792,0.9981656737190233,0.9985178549913791,0.44907638960044144,0.962752065251006,0.957349122653085,0.9538801737387005
301802481,39.2143066,9.119821,0.9987528395897235,0.998050264025313,0.9987528395897236,0.45234278290267343,0.9640189231761525,0.959210222940825,0.9561666349041725
301802484,39.2181738,9.1209589,0.999965515766478,0.9990058174893434,0.9999655157664781,0.42794767241733017,0.9471992293493624,0.9724119497258112,0.9622793865408598
301802486,39.2176491,9.1222453,0.9996348804949036,0.9994447418799919,0.9996348804949037,0.42360717820987964,0.9551819747496156,0.9745450920697302,0.9692727624866916
301802488,39.2172311,9.1231569,0.999282923735703,0.9993152560692955,0.9991535944013334,0.41670690215266326,0.9538135823090956,0.9684191021632687,0.9667414096385355
301806953,39.2205123,9.1273411,0.9976129662416211,0.9978756144661757,0.9965623733434035,0.38647833360389,0.9525019652839862,0.9791297129363777,0.9797479965601884
301806954,39.2196,9.1260958,0.9985147724533645,0.9983513062303829,0.9985147724533645,0.3955278634862939,0.9519476125196354,0.9779047595861776,0.9757517706026035
301806955,39.2195414,9.1257998,0.9988047969786394,0.9985435487923916,0.9988047969786394,0.3969857808778578,0.9527197425137386,0.9789032760417101,0.9761467128864334
301806959,39.2210987,9.1266732,0.9978692588808065,0.9980313911537338,0.9972207297890968,0.3907088831740737,0.9502024190505766,0.9823603143066595,0.9815520798308455
301806960,39.2217315,9.1276142,0.9964710954042233,0.9971139015194372,0.9938998709433674,0.3783042017268069,0.9511164086551201,0.9818095758438729,0.982759906488559
301806961,39.2224101,9.1268601,0.9979787610969021,0.9982474526223547,0.9969039949950916,0.39072153308044816,0.9501278087382234,0.9852825341722149,0.9837920281217142
301806962,39.2207845,9.128708,0.995140432622583,0.9962453225241326,0.9907208730163856,0.36865114803038607,0.9536469819587553,0.9769787616086433,0.9811678646329056
301806964,39.220079,9.1278454,0.9968307436149815,0.9972095488519144,0.9953155226672499,0.38186678236427785,0.9531247169711758,0.976681529360709,0.9804614278708829
301806965,39.2194854,9.1284845,0.9955620033103341,0.9961040447140634,0.9933938376954166,0.37617805226086815,0.9509678305842961,0.9720787031132082,0.9782446029049997
301807063,39.216692,9.124891,0.9991581700400796,0.9995670526303286,0.9975226396790836,0.4099648913047534,0.9617287889292857,0.9724798622029135,0.9700364678741639
301807073,39.2180378,9.1276183,0.9975600035554141,0.9992153553183594,0.9909385965036328,0.3889716590797154,0.9601039931903997,0.9613506776332904,0.9716994755685786
301807075,39.2190067,9.1290661,0.996158795402156,0.9982482055265026,0.9878011549047697,0.3758114851249063,0.9564267041462814,0.9561409341806733,0.9705931193495263
301807197,39.2141818,9.1243003,0.9974645802808326,0.998754578191633,0.9923045886376307,0.422352580386012,0.9574580578250144,0.9592722641329375,0.9567275049918099
301807201,39.2142982,9.1255232,0.996611878142385,0.9983909629966041,0.9894955387255088,0.41468144178606076,0.9594884499725681,0.9574438224741644,0.9553554477325656
301807205,39.213739,9.1263278,0.9958318363389894,0.9981009333693903,0.9867554482173858,0.4078487548904671,0.9609251460221556,0.9638086905125798,0.9544108360933661
301807209,39.2133553,9.127131,0.9943835571086712,0.9972050593998066,0.9830975479441293,0.4025237616379118,0.9605401784926617,0.9641484668221673,0.9512526033118465
301807211,39.213107,9.1281584,0.9924388950408934,0.995778900756279,0.9790788721793513,0.39588386353618854,0.9607404071090551,0.9640866914847915,0.9496578886998863
301807213,39.2130392,9.1283383,0.9922032322638002,0.9956134728470247,0.978562269930903,0.3949064456335996,0.9608776471303871,0.9642495655233702,0.9499834388247189
301807214,39.21487,9.1256186,0.9970204544177069,0.9988315332944481,0.9897761389107429,0.4102757677756473,0.9613818894112907,0.9616252311860707,0.9594086780849101
301807215,39.2161609,9.1258268,0.9985360725228851,0.9994685969833984,0.9948059746808319,0.4061804927644708,0.9630303026313725,0.9677896510386051,0.9679099644617167
299641717,39.2345363,9.0968406,0.9900238198720225,0.992759544148543,0.97669903306853,0.5447564052584704,0.9886084815555846,0.97669903306853,0.940148733450222
299641725,39.233367,9.096273,0.9825850731948675,0.986091242981168,0.9649134014802082,0.5424006520895851,0.9831483643274939,0.9649134014802082,0.916924748787466
299641726,39.2327503,9.0952843,0.0,0.0,0.0,0.0,0.0,0.0,0.0
301801685,39.2152413,9.1111863,0.9999679987686936,0.9996511630317302,0.9999679987686936,0.5053117571437037,0.9780292577429511,0.9895743241915482,0.9387257768529172
301801707,39.2156775,9.1116883,0.9999911530751776,0.9996238940117377,0.9999911530751776,0.5016667422063733,0.9770125849688074,0.99111471297002,0.9376124967972627
301801739,39.2187051,9.1115553,0.9999992335885727,0.9997545296601222,0.9999992335885727,0.49482695097923984,0.9712660690084642,0.9971341839706965,0.9332160880010599
301801740,39.2186292,9.1117919,0.9999993583466804,0.9997605477914585,0.9999993583466804,0.49521956322857924,0.9712076193152406,0.9971620390529935,0.9335960840827159
301801741,39.21854,9.1120555,0.999999595475951,0.999763548464458,0.999999595475951,0.49425633541185326,0.9712758563584519,0.9972277099185312,0.9339506731632502
301801783,39.2184245,9.1124138,0.9999974884603006,0.9996318962221404,0.9999974884603006,0.4966902073624089,0.9725792920055425,0.9964083231361228,0.9373532955152793
301801785,39.2182437,9.1130029,0.9999981277276413,0.9996509709690384,0.9999981277276413,0.49615485337732707,0.9727483356495974,0.9963633994323701,0.9384338854336829
301801787,39.2202965,9.1122674,0.9999984821761232,0.9991798951389431,0.9999984821761232,0.4822384367916712,0.9640476114386876,0.9955415916961246,0.9302831750502976
301801795,39.2196807,9.1127251,0.9999998301673577,0.9989521358566336,0.9999998301673577,0.48856594319637825,0.9675390500946103,0.9966360833715671,0.9306064167641792
301801797,39.2197751,9.1042407,0.9999880538037228,0.9989316956903777,0.9999880538037228,0.5357377987535389,0.9786089507734548,0.9875123036218457,0.931273049759037
301801798,39.2206662,9.1056834,0.999996262834958,0.9991045292611772,0.999996262834958,0.5330664146394638,0.9770893939701714,0.9909805742802132,0.9335785738421299
301801799,39.2212335,9.1067036,0.997321197621039,0.9972109023442023,0.997321197621039,0.5329417030991496,0.9643879204142407,0.9918706851771374,0.9370261501450359
301801802,39.2219339,9.1061875,0.998681909260133,0.995970692327283,0.998681909260133,0.5368396806011404,0.9624993912206633,0.9909229141679189,0.9376511590009087
301801806,39.2203431,9.1074256,0.9988743638155496,0.9989263752665578,0.9986663180115167,0.5303490719739641,0.9698604010051594,0.9953900011551837,0.9358778944200012
301801811,39.2194361,9.1090693,0.9997538519824799,0.9994984431189962,0.9997538519824799,0.5262364381186673,0.9756198366048963,0.9953184566259599,0.9357582850674105
301801833,39.2195814,9.1072388,0.9999833689212034,0.9991442589761513,0.9999833689212034,0.5264397529244101,0.9785492895351448,0.9935026626217399,0.9332030139729477
301801835,39.2188281,9.1084143,0.9998977616521003,0.9995101453006335,0.9998977616521003,0.5249950697482632,0.9806180972876942,0.9917004768376251,0.9365003129971711
301801900,39.2174836,9.1110898,0.9997523170496156,0.9997402079047697,0.9997523170496156,0.5055597791310701,0.9755827343894122,0.993433640546959,0.9331114623581722
301801901,39.219994,9.1044529,0.9999878778156667,0.9989646506532447,0.9999878778156667,0.5318718784300428,0.9758769760495787,0.9884241970688361,0.9279243385978664
301801903,39.219928,9.1057913,0.9999981112123401,0.999333409158301,0.9999981112123401,0.5314641896201605,0.9776813272802392,0.9908755467632678,0.9293614995010169
301801906,39.2211676,9.1098727,0.9995086545134155,0.9993384694015942,0.9995086545134155,0.5238686695221659,0.9705020978104455,0.9962550704379117,0.9379993083652589
301801908,39.2201765,9.1102232,0.9998845035924826,0.9994906804289522,0.9998845035924826,0.5209250406019386,0.9746381607509906,0.9963627472489635,0.9392889273492735
301801914,39.2184744,9.1114039,0.9999986917878302,0.9997997651843072,0.9999986917878302,0.500852419671879,0.9735789685282978,0.9970629545196393,0.9351022126346813
301801951,39.2176772,9.1126238,0.9999146202187277,0.9998337574897681,0.9999146202187277,0.5017281959159765,0.9752066502580177,0.9954704309613007,0.938317508739017
301801980,39.2211526,9.1075903,0.9983168846218179,0.9985372355554076,0.9974354808874591,0.5257558644489381,0.9633652847246765,0.994939679449808,0.9315671079856551
301801981,39.2208269,9.1081855,0.9992087674029867,0.9989294245124603,0.9992087674029867,0.5281373124324337,0.9675752355780484,0.9955509151293698,0.9352293770080382
301801982,39.2210208,9.1091137,0.9993861575932799,0.9992252126947875,0.9993861575932799,0.5260991902842665,0.9706281124538315,0.9958658022101219,0.9366742038551149
301801983,39.2200173,9.1094989,0.9997029153837446,0.9993044130948577,0.9997029153837446,0.5227771764634394,0.9734918015421922,0.995604685677042,0.9355284980851355
301801984,39.2178829,9.1074137,0.9999499589698438,0.9992921481604631,0.9999499589698438,0.5271142987872602,0.9792636923110158,0.9886815679859707,0.9307297589313227
301801988,39.2157189,9.1103787,0.99917331387265,0.9991794662800094,0.9991487042432123,0.5109890437933092,0.9776402253567509,0.988046956065736,0.9284826870456059
301801992,39.2164366,9.1115267,0.9999485597182625,0.9994771331004437,0.9999485597182625,0.4994667617624295,0.9743815204328585,0.9919600100220725,0.9334201923077401
301801994,39.2169107,9.1120935,0.9999511843038678,0.9995978256427148,0.9999511843038678,0.49881053548469945,0.9748657636708947,0.9935559852643018,0.9347734386970634
301801996,39.2167568,9.1139351,0.9999852641579813,0.9989980677177783,0.9999852641579813,0.4777241494310075,0.9731013144731127,0.9908391351647902,0.9382930493749634
301802004,39.2158658,9.1155912,0.9999999915028547,0.9965006575843839,0.9999999915028547,0.45496602739022673,0.9703594516302461,0.9798730328909505,0.9439024377711679
301802006,39.215532,9.1162756,0.9999998621931885,0.9971311033183237,0.9999998621931885,0.45920839902493954,0.9720890832639402,0.9827339665768705,0.9490975262509915
301802082,39.2150588,9.1161974,0.9999999909587178,0.9972031014582585,0.9999999909587178,0.46465781826676855,0.9701026521828532,0.9824906466186026,0.9449836770480169
301802083,39.2149556,9.116128,0.9999999772148949,0.9971526458960466,0.9999999772148949,0.46481173329293085,0.9689311270250879,0.9818471565664298,0.940323259111869
302742905,39.208964,9.1280154,0.9764665986816677,0.9787836301475011,0.9671984728183342,0.4018038100538922,0.9589511917847975,0.9544102347346235,0.9296233777518221
302742910,39.2119508,9.1296959,0.9860215020061408,0.9906707116474295,0.9674246634409859,0.3826114711275725,0.9517083493789195,0.952638997789996,0.935584152423915
302742911,39.2193372,9.1304347,0.9936885311646534,0.997815454599926,0.9771808374235625,0.35979038816776904,0.957490237595112,0.9673164349483431,0.9769717934153098
302742917,39.2136796,9.1303103,0.9923167330019742,0.996707161691089,0.9747550182455151,0.3765706769352455,0.963236664845282,0.9686358948129914,0.9612201650849752
302742918,39.2155096,9.1304148,0.9942653401894738,0.9980936077242354,0.9789522700504272,0.37575355124848847,0.9627101846392065,0.9738040644909259,0.96824030336061
302742919,39.2157149,9.1304148,0.9945723119052312,0.9982526719318093,0.9798508717989189,0.3769579264100158,0.9630391148957419,0.9734490174257635,0.9693928006808917
302742923,39.217413,9.1304757,0.9929920955422364,0.9975214879692429,0.9731615973787383,0.3599115623051185,0.9596034010548402,0.9709923438217358,0.9748745258342104
302742925,39.2185789,9.1305196,0.9941490774124296,0.9977241764646321,0.9798486812036206,0.35918749716091086,0.95772830899958,0.969880006403082,0.9779952784807413
302742927,39.2198142,9.1305026,0.9953475548935751,0.998274871274025,0.9836382893717751,0.36594173126321977,0.9577729373143427,0.9734551895296113,0.9806402856223775
302742928,39.2155872,9.130415,0.9943885110365321,0.998164199915706,0.9792857555198365,0.3761963504408379,0.9628289928830257,0.9730259105669793,0.9688000063814814
302742931,39.2153222,9.1311541,0.992942587762273,0.9974029433083019,0.9751011655781573,0.37096766396690395,0.9621635606446114,0.973426654626234,0.9650092984052189
302742932,39.2147308,9.1319193,0.991686869805265,0.9963739881404682,0.972938396464452,0.36664954505836445,0.9618010430149201,0.972938396464452,0.9608848904711165
302742935,39.2120042,9.1326977,0.9859825902994305,0.9898939765198028,0.9703370454179409,0.36160207768832286,0.9594305264916991,0.9703370454179409,0.9437431566735933
302742938,39.2111242,9.1324703,0.9852413189473749,0.9891695507773578,0.9695283916274434,0.36811063945844835,0.9606577542866025,0.9695283916274434,0.9423304599155466
302742940,39.2121259,9.1305246,0.9904403369597743,0.9948019091729389,0.9729940481071162,0.38264968664925214,0.9631808646306174,0.9718802559773327,0.9541633210021434
302742941,39.2125103,9.1312968,0.9873631525213916,0.9920828079650864,0.9684845307466124,0.36052282593143936,0.9593574240432021,0.9684845307466124,0.948001254223225
302742942,39.2128518,9.131937,0.9874228535006,0.9928169593801378,0.9658464299824485,0.36264498040732196,0.9590434998426292,0.9658464299824485,0.9494680025995839
302742944,39.2136525,9.1318226,0.9895821079303619,0.9947590969869081,0.968874151704177,0.36707685869785645,0.9609190381505419,0.968874151704177,0.9550867298706162
302742945,39.2136641,9.1310876,0.990474084744639,0.9955560017706794,0.9701464166404778,0.3712925733695478,0.9619823021093843,0.9693871168543023,0.9573118384026915
302742948,39.2136836,9.1301697,0.9920217863928675,0.9961961188113808,0.9753244567188145,0.37723588849129275,0.9625750067635211,0.9667766976383129,0.9580512963859334
301806753,39.2183949,9.1238982,0.9991735883004264,0.9992499496645973,0.9988681428437431,0.4073908592741973,0.9524912970837526,0.9733531672128155,0.9706651872037307
301806754,39.2180863,9.1257492,0.9977671256743581,0.9980611697818261,0.9965909492444861,0.38357839777180924,0.9513167286625914,0.9673994083478811,0.9729355786204618
301806756,39.2187574,9.1270021,0.9978074246735376,0.9980339417264908,0.9969013564617246,0.38671994051733827,0.9552330616331933,0.9718329852776313,0.9766865653067063
301806757,39.2192618,9.1276938,0.9971754471866218,0.9980086089724738,0.9938428000432138,0.3773753795429714,0.9560843822939086,0.9723789317532228,0.9780822647915837
301806758,39.219722,9.1282285,0.9961585764506241,0.9966587350167105,0.9941579421862787,0.3780616877066912,0.952236009341458,0.9742114433546674,0.9793325349709882
301806759,39.2190334,9.1238674,0.9992734843379582,0.9974506932271453,0.9992734843379582,0.3989065614911269,0.9434112166631816,0.9771596548931427,0.9708192739937993
301806760,39.2198194,9.1244694,0.9995927254848673,0.9980755821489284,0.9995927254848673,0.4060303970661685,0.9483607273372592,0.9815716036297197,0.9745605714173121
301806761,39.2201292,9.1238047,0.9998122244613968,0.9985695986489311,0.9998122244613968,0.41090171733683056,0.9494696333186287,0.9842724026821585,0.9758267352832326
301806762,39.2202788,9.1235485,0.9998731450739534,0.9983718272771137,0.9998731450739534,0.41368672958975017,0.9424063008011162,0.9827947136695263,0.9724213498498906
301806763,39.2206344,9.1231852,0.9998310350283508,0.9991083961529172,0.9998310350283507,0.41171968735215264,0.9443790779019153,0.9866802890361983,0.9751754411309286
301806766,39.2211906,9.1233944,0.9998334022614908,0.9993162505260369,0.9998334022614908,0.41358742567294604,0.9456516103869108,0.9886672427221511,0.9765451946589618
301806768,39.2209481,9.1245976,0.9996257752658605,0.9990442273335881,0.9996257752658605,0.40768202303714285,0.9443902851849303,0.9859649384940785,0.9749271729561654
301806769,39.2201964,9.1224606,0.9997972635729092,0.9986264863031968,0.9997972635729092,0.4071728100842741,0.9396326772209064,0.9845394446786371,0.9728784080691222
301806770,39.2210348,9.1241484,0.9996041345994515,0.9990938310168808,0.9996041345994515,0.40875765615932047,0.9441148430979852,0.9869438548381746,0.9753518964998731
301806829,39.2193911,9.1221572,0.9999770015894527,0.9989801128262858,0.9999770015894528,0.4173349600308652,0.9484646781449005,0.9814703858406741,0.9723127501428693
301806833,39.2205886,9.1259454,0.9981875095630294,0.998375848451038,0.9974341540109948,0.3874548678533603,0.952248716272821,0.9808155344680844,0.9797871321965965
301806837,39.2199662,9.1266439,0.9979534424097573,0.997992175280661,0.9977985109261431,0.3901093346813807,0.9550832978293019,0.9765283147955359,0.9790288865201497
301806842,39.2195484,9.1271716,0.9969557452856046,0.9974519227353605,0.9949710354865806,0.3774464446595787,0.955200881311663,0.9740886684014269,0.9787728844635115
301806951,39.221678,9.1288361,0.996209501497453,0.9971130406808849,0.9925953447637256,0.37325293446636554,0.9549787469491049,0.9814468712236751,0.9834431361016543
301806952,39.2211992,9.128227,0.9963804369937527,0.9969004775620386,0.9943002747206094,0.379116835059135,0.95293791448464,0.9763946666225335,0.9816939789739025
301802490,39.2169041,9.1238838,0.9990981097927215,0.9992521661549351,0.998481884343867,0.4116445310002365,0.9525819980251345,0.9654210410929044,0.9647229254479328
301802493,39.2186619,9.1229015,0.9993330806560665,0.998935414001596,0.9993330806560666,0.4049089297304496,0.9481289150502833,0.9745342974747336,0.9699356756913893
301802497,39.2170207,9.1220054,0.9990286847905325,0.9991426236977122,0.9985729291618137,0.42754056701454335,0.9531785548646567,0.9634717263249952,0.9636250010324203
301802499,39.2159492,9.1216045,0.999020249541404,0.9991839095908914,0.9983656093434545,0.4379870513874573,0.9579176415422294,0.9595475677165856,0.9624794313975054
301802501,39.2167751,9.1229495,0.9992354184769824,0.999366996276801,0.998709107277707,0.41460701090485935,0.9557879716979646,0.9650510018407429,0.9654515129208778
301802503,39.216158,9.1229262,0.9990725616084096,0.9993478218232026,0.997971520749238,0.414433051579284,0.9569771055469612,0.9632755178229697,0.9650953047175705
301802505,39.2162807,9.1236895,0.9985687260461644,0.9992975248951584,0.9956535306501882,0.40791896190929766,0.9581505485682242,0.9653569820402208,0.963895759773802
301802507,39.2151604,9.1231154,0.9981360694002155,0.9986194962661508,0.9962023619364746,0.4046353281424554,0.952224798329168,0.9551566065298508,0.9584680645206243
301802509,39.2142871,9.1232734,0.997501655365791,0.9982426801498457,0.9945375562295722,0.42578525806474676,0.9514376442693236,0.9517750527124373,0.9557612764696692
301802511,39.2146981,9.1209701,0.9978593234973856,0.9979090742890118,0.9976603203308808,0.4434955878772753,0.9599715141339923,0.9535507438660517,0.9539346438595655
301802513,39.2143921,9.1222536,0.9969261694865569,0.9972467055138873,0.9956440253772354,0.43148564241653004,0.9535089925429737,0.947853409070786,0.9520118944836746
301802515,39.2148734,9.1188412,0.9982204591591531,0.9963186341464672,0.9982204591591531,0.44497305193787223,0.9608310000182293,0.9537804006143492,0.9495004402863039
301802517,39.2144632,9.1191719,0.9987884068955598,0.9972869682860455,0.9987884068955598,0.4490134359269906,0.9629816560005948,0.9576111557679235,0.9530286453184013
301802521,39.2140679,9.1207103,0.993877328983134,0.9940034164104563,0.9933729792738446,0.42554084776854273,0.9472858609923106,0.939801462294701,0.9416404327830825
301802525,39.2133761,9.1234483,0.9968429164216033,0.9977004759060732,0.9934126784837234,0.4291936673422311,0.9545057316602736,0.9522155804896049,0.9516771286482508
301802527,39.2132829,9.1218255,0.9967379424285244,0.9943136187044038,0.9967379424285244,0.4426658361441705,0.9576264873449457,0.9452579319205331,0.9449606957006313
301802531,39.2122178,9.1211918,0.9932339862880589,0.9881914943651176,0.9932339862880589,0.43719579928673113,0.9502503341335835,0.9286539074660437,0.9339357182059577
301802535,39.2114841,9.1211968,0.9946108925811155,0.9886070296713652,0.9946108925811155,0.4401519476932291,0.9521651068703963,0.9313312043676886,0.9364468714397816
301802537,39.210502,9.1211938,0.9963813482488448,0.9874526030646147,0.9963813482488448,0.44767933061895415,0.9521757476152192,0.9364222681783227,0.9340445219863907
301802539,39.212356,9.1205148,0.99645377272089,0.9924826429787745,0.99645377272089,0.44283765036126593,0.9574402164217447,0.9443319643282468,0.9422267711417437
301807216,39.2147974,9.1265043,0.9972678253540771,0.998873565544371,0.9908448645929012,0.39249112515134876,0.9613982005764788,0.9655063842331688,0.9610713438089781
301807296,39.2142436,9.1276658,0.994149284944777,0.9971617536941662,0.9820994099472199,0.39618114315760194,0.9628416966841482,0.9633332654868071,0.9569315060971557
301807299,39.2156412,9.1266248,0.9981832086385962,0.9993599822966833,0.9934761140062477,0.3977352188003398,0.963408565397041,0.9697429173633265,0.9665994090661997
301807300,39.2145428,9.128053,0.995072454640676,0.9977685221051621,0.9842881847827316,0.39445120717975213,0.9635906106173954,0.9659716634454505,0.9596261437374888
301807303,39.2150738,9.1274963,0.997375183169132,0.9989946303037791,0.9908973946305435,0.3920698542868706,0.9635006058165474,0.9692677071464533,0.9646107840371053
301807306,39.216797,9.1256537,0.9988501627106733,0.9995152187568607,0.9961899385259235,0.4035650410501561,0.961361104459619,0.9690750097766643,0.9687980470437348
301807307,39.2174001,9.1266052,0.998374094805123,0.99942741989006,0.9941607944653748,0.39712051551302974,0.9603502980279207,0.9636483046023455,0.9680624077051182
301807308,39.2173626,9.1274418,0.9978934002399118,0.9993634885022703,0.992013047190478,0.3911842871358607,0.9618383765306593,0.9630832358338619,0.9722029944555537
301807309,39.2172532,9.1274937,0.9976429093792942,0.9992763428392198,0.9911091755395915,0.38905838121113523,0.9617237099643424,0.9630987457473491,0.9716524690056135
301807313,39.2172473,9.127575,0.9976514341757051,0.999285270799338,0.9911160876811737,0.3891727400263535,0.961258962628732,0.9626612115228811,0.9714408791013127
301807314,39.217363,9.127646,0.9977170279103308,0.9992922014887112,0.9914163335968089,0.38994300232721935,0.9612980342832057,0.9618128658716414,0.9714458375157474
301807315,39.2174083,9.1275879,0.9977779909689167,0.9993178571039628,0.9916185264287326,0.3903466568711593,0.9615424607571402,0.9625542658406211,0.9719393403600093
301807316,39.2158116,9.1275284,0.9971274751156433,0.9989153146619635,0.9899761169303622,0.38928073729391954,0.9628607372861696,0.9676308637497109,0.9664217994017921
301807409,39.2156532,9.1275356,0.996943711357302,0.9988163054758904,0.9894533348829483,0.3881921455360243,0.962503610887459,0.9679217755588887,0.9655191225499996
301807411,39.2157801,9.1273542,0.9973194530246146,0.9990219651527233,0.990509404512179,0.39024962550044856,0.9629493697387267,0.9685648537981817,0.9661040163238245
301807414,39.2157887,9.1268886,0.9976180242688041,0.9991332417057738,0.9915571545209255,0.3908804029548312,0.9622633007698204,0.9678166872373181,0.965555922326622
301807416,39.2161441,9.1262675,0.998168981287714,0.9993785594427566,0.9933306686675442,0.3959928917029265,0.9607568523775393,0.9621014606803305,0.967653502171029
301807417,39.2171058,9.1261454,0.9986385876440491,0.9995038197460906,0.9951776592358831,0.3999678669227204,0.9613976674989366,0.9668269481962383,0.9688426583826939
301807420,39.2151681,9.1283898,0.9955395643552829,0.9980017539443229,0.9856908059991227,0.38950501572466667,0.9631923227460362,0.9663169108089924,0.9623324677720716
301807421,39.2156316,9.1286003,0.9957862651960075,0.9985213109816091,0.9848460820536017,0.3871487551281328,0.9632254106002397,0.9686813748305059,0.9658984460639143
302742252,39.2354474,9.1261969,0.9866976679871652,0.9909187709702308,0.9698132560549027,0.3777327192446243,0.9064950681121697,0.9660874441316588,0.9582370320872147
302742255,39.235076,9.1271954,0.9843459036876525,0.9891343871217854,0.9651919699511211,0.3716720253944127,0.8998229945085718,0.9651919699511211,0.9564433366004736
302742256,39.2334222,9.1227936,0.9961682565788633,0.9973545935781046,0.9914229085818979,0.4041107504257102,0.9286397522230319,0.9907719914663287,0.9749304676177525
302742257,39.2320073,9.1248761,0.9944330272708654,0.995381790073149,0.990637976061731,0.392103114413832,0.9208309753152173,0.990637976061731,0.971956695278693
302742258,39.2316428,9.1251073,0.9939802495657705,0.9949049693316282,0.9902813705023393,0.38956204352701285,0.9194295264291672,0.9902813705023393,0.9717352393972967
302742260,39.2312236,9.1233044,0.9959079077465017,0.9969668023361568,0.9916723293878817,0.40562520642398925,0.9291064464655251,0.9911430688207643,0.9749899577881483
302742261,39.2328841,9.1247358,0.99367102344738,0.995198317774688,0.987561846138148,0.39060682067410973,0.9199935241167034,0.987561846138148,0.9695271023632677
302742262,39.231649,9.1255601,0.9936271241907634,0.9945148149045409,0.9900763613356532,0.3876882065265799,0.9181335996100009,0.9900763613356532,0.9716150675175286
302742264,39.2312712,9.1260665,0.9933731619221527,0.9942796455807398,0.9897472272878048,0.38713467119982714,0.9181339559601502,0.9897472272878048,0.9722607303947327
302742265,39.2301232,9.1267055,0.9937133655440135,0.9944279074851841,0.9908551977793313,0.3960098453735531,0.9254596971499127,0.9908551977793313,0.9779810063544718
302742266,39.2299017,9.1265189,0.9925241664135924,0.9927802133865852,0.9914999785216212,0.39771774017796635,0.9263629404377437,0.9914999785216212,0.9789909196516708
302742270,39.2297192,9.1266304,0.9920272402193953,0.9921417474212504,0.9915692114119753,0.3965302204489863,0.926045515542219,0.9915692114119753,0.9795915800425635
302742274,39.2297562,9.1267109,0.9921011074880599,0.9922384097444391,0.9915518984625432,0.3960085366443621,0.9256366818391683,0.9915518984625432,0.9797287592446605
302742278,39.2299129,9.1266729,0.9922901727896865,0.9925543598313495,0.9912334246230339,0.3969011911516949,0.9258878086848525,0.9912334246230339,0.9787942785142607
302742280,39.2380725,9.130968,0.9908328900151165,0.9947904975442126,0.9498497830963725,0.3626889271441482,0.8717379770721151,0.9382069187492955,0.9750024598987321
302742283,39.2378351,9.1308314,0.9868548068035492,0.9928380528824059,0.9435853925070538,0.3636613071876167,0.8736501725797245,0.939893657148845,0.9629218224881222
302742294,39.2320984,9.1284553,0.9901643775588961,0.9921837372389232,0.9820869388387877,0.3764345269266081,0.9084376210945899,0.9820869388387877,0.9741221376189729
302742299,39.2320683,9.128541,0.9900187464885262,0.9920761013150906,0.9817893271822684,0.37597494495231765,0.9080118133736065,0.9817893271822684,0.9742460085834921
302742308,39.2369302,9.1304118,0.9788184959246166,0.9873977313562285,0.9339117435731146,0.36629848056608766,0.874059591641338,0.9346963716644496,0.9445015541981691
302742309,39.2378068,9.1309109,0.9904335343847475,0.9944558707941088,0.948842557815287,0.36111922540986235,0.8703580822508905,0.9371143261784826,0.9743441887473022
302742355,39.2316316,9.1331813,0.9743954958000336,0.9755463648716066,0.9651108267483389,0.35486946030920835,0.8862138617047663,0.9651108267483389,0.9697920195137417
302742358,39.2298071,9.1296192,0.9891522256150338,0.9900594521219551,0.9855233195873491,0.383832767607945,0.9134295515112975,0.9855233195873491,0.9818459899692366
302742360,39.231797,9.1291732,0.9888391658344354,0.9912826960134244,0.9790650451184797,0.3723928175118128,0.9039012573363924,0.9790650451184797,0.9744559464104827
302742361,39.2309391,9.1308312,0.988629250796017,0.9908853502786925,0.9796048528653153,0.3761085253824372,0.9024106440613283,0.9796048528653153,0.9761306594132316
302742364,39.2327843,9.1311485,0.9866999853094424,0.9909644849540417,0.9696419867310452,0.3595400577944955,0.8863553402086055,0.9696419867310452,0.9686367735661942
302742365,39.2325793,9.1317318,0.9867564874024537,0.9909025696366224,0.9701721584657792,0.36136181486648744,0.8876519934397882,0.9701721584657792,0.9692136262379585
302742367,39.2314334,9.1311253,0.9877001309261587,0.9905092167478291,0.9764637876394774,0.37113032050492323,0.8970207675425212,0.9764637876394774,0.9733741677521799
302742368,39.2356563,9.1331482,0.9870128272975012,0.9903411708836866,0.9473317281351251,0.3461802813009984,0.8660417699228584,0.9436860378225557,0.9736994529527596
302742369,39.2348862,9.1329307,0.9855842049904948,0.9891907046610349,0.9530146429304001,0.34619841476795105,0.8706577834042879,0.9530146429304001,0.9711582063083345
302742372,39.2277217,9.1267263,0.9921514982549253,0.9918426884792777,0.9921514982549253,0.40047149642074215,0.9290230689342476,0.9921514982549253,0.9825458456168474
302742373,39.2275819,9.1266835,0.9911393087461992,0.9912382650419002,0.990743483563395,0.3923324691850414,0.9281395730669302,0.990743483563395,0.9813350273354016
302742374,39.2274579,9.1266814,0.9913794824861577,0.9915209708855733,0.9908135288884948,0.39286771172440543,0.9296196951613903,0.9908135288884948,0.981688036619766
302742375,39.2255851,9.126646,0.9949576882454421,0.9952708331699499,0.9937051085474108,0.38088181115438835,0.9373225751731123,0.9883957227311679,0.9805368241978633
302742376,39.224488,9.126595,0.9965375905245974,0.9968237873911109,0.9953928030585436,0.3804972592191439,0.9435056093920131,0.9873621660608861,0.9818384652645727
302742377,39.2255672,9.1270977,0.994044162040958,0.9944104244547242,0.9925791123858931,0.37866695657544763,0.9358920843653581,0.9875174635292474,0.9799477922009394
302742379,39.2230942,9.129331,0.9943833563717548,0.9955115921501421,0.9898704132582057,0.3687247489030528,0.95030283584677,0.9799647369223942,0.983619953549052
302742380,39.2227993,9.1298275,0.9912921142063553,0.9936510257685718,0.9811998504129017,0.35301176169840315,0.9499245116850243,0.9750335808450181,0.9818564679574896
302742381,39.222511,9.1303537,0.9921258954867954,0.994569536184866,0.9817801132694002,0.3544937809893063,0.9516137162267947,0.9755002730343478,0.9823513326945129
302742382,39.2246469,9.1304808,0.9901252415556049,0.9914917399128163,0.983451172186295,0.36049025762146103,0.945353596832416,0.9804362443205165,0.9846592481267593
302742384,39.2225059,9.1287034,0.9957696097888431,0.9965907555803476,0.9924850266228251,0.3752534189741743,0.9517326723282887,0.9819300539359529,0.9831099944972129
301807425,39.2157787,9.1286154,0.9961946882252293,0.9986638554684806,0.9863180192522246,0.38639734476780335,0.9631053116066536,0.9691222021817307,0.966440222609908
301807480,39.2172084,9.1286911,0.9969873341606841,0.999201841642398,0.9881293042338286,0.38250601244924154,0.961393320968929,0.9652761711454246,0.9722210696866144
301807481,39.2171903,9.1294665,0.9962309774625813,0.999001969097439,0.9851470109231504,0.3771998228899274,0.9610658279310762,0.9684388073816309,0.9724744859000759
301807531,39.2173141,9.1294719,0.9963425968276244,0.9990152883836061,0.9856518306036973,0.3779092767892174,0.9607673728235926,0.9640386374980883,0.9728483163862036
301807534,39.217331,9.1286908,0.9970759569823756,0.9992227960479635,0.9884886007200235,0.3832075691563898,0.9616049616710284,0.9650704222991093,0.9722973437828923
301811538,39.2398093,9.1186023,0.992698702107992,0.9928780561601975,0.9919812858991699,0.4520882747190667,0.9397582381917253,0.9919812858991699,0.960231170632408
301811548,39.2395519,9.1188286,0.9927112534212172,0.9928254362894301,0.9922545219483656,0.4460779306057296,0.9369936654850516,0.9922545219483656,0.9603626570331671
301811552,39.2398435,9.1192492,0.9915684320494159,0.9914231921811656,0.9915684320494159,0.4472040843682661,0.9363643402083781,0.9915684320494159,0.9611430865397621
301811558,39.2401457,9.1193725,0.9919076656155654,0.9913314132477382,0.9919076656155654,0.4468018217830505,0.9360689441768165,0.9919076656155654,0.9618728793197809
301811560,39.2446776,9.1246415,0.989670069240315,0.9959039326314123,0.9606580537015675,0.4092054606488364,0.8962246668474214,0.9606580537015675,0.9647346156759257
301811561,39.2442706,9.1243005,0.9893902395239919,0.9955478459873733,0.9640323277314026,0.4133635649986956,0.900936962076759,0.9640323277314026,0.9647598136704657
301811589,39.2438412,9.1239164,0.9893087406906388,0.9946707240688348,0.9678608071778548,0.4177823285498565,0.9054970234866345,0.9678608071778548,0.964582159553338
301811594,39.243375,9.1234945,0.9892122316486653,0.9937136407543524,0.9712065952259171,0.42111748684925543,0.9094099768254421,0.9712065952259171,0.9643103493752582
301811598,39.2429182,9.1230215,0.9891683541442784,0.9929596881510403,0.9740030181172309,0.42329152758755395,0.9122069621232716,0.9740030181172309,0.9644438381337255
301811603,39.2423957,9.1224708,0.9886975839217472,0.9914984550151474,0.9774940995481466,0.42509596681928663,0.9160087635557852,0.9774940995481466,0.9640153305177336
301811606,39.2419236,9.1218265,0.9879724646518673,0.9896290092142167,0.9813462864024695,0.43029532259331343,0.920310599214908,0.9813462864024695,0.9635514815662848
301811609,39.2414634,9.1212046,0.9874488125253659,0.9881520872426364,0.9846357136562837,0.43651572718537723,0.9253597369215255,0.9846357136562837,0.9629403109384215
301811613,39.2411297,9.1207427,0.9871851484359567,0.9872521963026026,0.9869169569693733,0.4405986964672868,0.9287142343492014,0.9869169569693733,0.9626931938410791
301811615,39.2405745,9.119989,0.9899699860054132,0.9890360406296763,0.9899699860054132,0.4453083255232388,0.9332104634237686,0.9899699860054132,0.9619319320482168
301811627,39.2434971,9.1209867,0.9862440064752352,0.990695885860267,0.9684364889351084,0.4138556718346216,0.9031229413442199,0.9684364889351084,0.9573831876954212
301802113,39.2136982,9.1155746,0.9999987649142865,0.9965309843625552,0.9999987649142865,0.46850393225557907,0.9700767564526503,0.9707043593521097,0.938528857275669
301802114,39.2166629,9.1135004,0.999998804774427,0.9996234922325054,0.999998804774427,0.4949961537562706,0.9757325963178348,0.9944091358911153,0.9383290869649811
301802150,39.2153943,9.1128347,0.9999997558988747,0.9993786412555165,0.9999997558988747,0.4891264258140733,0.9741339722350022,0.9908287179901423,0.9369696160457378
301802151,39.2150973,9.1125663,0.999999571059543,0.9993877341169592,0.999999571059543,0.4898923668628496,0.9748575509475353,0.9901999403176833,0.9362439282473061
301802152,39.214832,9.1122924,0.9999334044513865,0.9994343146783622,0.9999334044513865,0.4987712268317327,0.976768125783307,0.9855988884199287,0.935796984043407
301802157,39.2151573,9.1132122,0.999999905018444,0.9993339348588168,0.999999905018444,0.4854503692225988,0.9739528213199949,0.9898805385651401,0.9383816314109805
301802160,39.2149535,9.113529,0.9999999123580047,0.9991970706332248,0.9999999123580047,0.48445490377352574,0.973671821703808,0.9892302881985202,0.9388904909424552
301802161,39.2148143,9.113825,0.9999998221494529,0.9990617882769587,0.9999998221494529,0.4824966247072582,0.9732124277435091,0.9886670307297495,0.9389836628955843
301802211,39.2141095,9.1149165,0.9999998453602518,0.9964471905656362,0.9999998453602518,0.4634470192503421,0.9700208547975707,0.9712222214027852,0.9398459785900937
301802212,39.213921,9.1152289,0.999997446116073,0.9964944395682944,0.999997446116073,0.46451125862335757,0.9700969566842318,0.9714489292451695,0.9409626719737775
301802214,39.2145692,9.1127028,0.9999987132633937,0.9992347839715494,0.9999987132633937,0.4875972143868563,0.9743017561659904,0.9860981753154016,0.9368256219268394
301802215,39.2144153,9.1129821,0.9999984520232184,0.9991004225120116,0.9999984520232184,0.4854651070149375,0.9737654017464107,0.9855428634338379,0.9371104925153254
301802216,39.2142489,9.1132815,0.9999977064264682,0.998811723729832,0.9999977064264682,0.48317607571132853,0.973053030906796,0.9841034848276492,0.9367079475637955
301802217,39.2140111,9.1136339,0.9999993855367769,0.9979904417240112,0.9999993855367769,0.47635533336965463,0.9726935336413757,0.9753866522327435,0.9380840465126049
301802218,39.2137715,9.1139942,0.9999996467334795,0.9977177956905888,0.9999996467334795,0.47396629248967426,0.9720767424749563,0.9738324904119722,0.9382712685582442
301802219,39.2135177,9.1143479,0.9999998342320324,0.996738105941691,0.9999998342320324,0.46817931633762755,0.9703522316923965,0.9691315521682744,0.936867903647105
301802220,39.2158634,9.1139037,0.9999999923756855,0.9993802227092055,0.9999999923756855,0.4841498462099641,0.9736891993255057,0.9910050129555538,0.9420517145612727
301802251,39.2148621,9.1129609,0.9999981196995947,0.9991475814846612,0.9999981196995947,0.48525933443599983,0.9737295188305768,0.9863797112185833,0.9364341981632706
301802255,39.2156302,9.1146345,0.9999999917922434,0.9987917886225904,0.9999999917922434,0.47706425494828375,0.9720145386161556,0.9878260272336162,0.94094664172373
301802259,39.2152256,9.1153675,0.9999995853071949,0.9954862559788505,0.9999995853071949,0.45786003479598114,0.9684624954061334,0.9711467024720191,0.9374589608063748
301806581,39.2207577,9.121638,0.9998852849108834,0.9989484764265067,0.9998852849108834,0.41979428549600395,0.9439551479048787,0.9838960809418916,0.9714288102916687
301806583,39.2215729,9.1214581,0.9999869438689767,0.998956048766994,0.9999869438689766,0.42663638335739934,0.9450322347372527,0.9848557192477263,0.9709601268448272
301806584,39.2220957,9.1215216,0.9999715805633758,0.9994444051531364,0.9999715805633758,0.42260892939414174,0.9423420468228281,0.9916084884597816,0.9763485141047927
301806585,39.222819,9.1215946,0.999996010752972,0.9994651820362563,0.999996010752972,0.42102949549714375,0.9396563221873431,0.9930392300236898,0.9773671587229147
301806602,39.2232358,9.123248,0.9997484603674343,0.998873992241115,0.9997484603674343,0.40637348612208835,0.9370058304104112,0.9919022029524129,0.97646217776589
301806603,39.2232161,9.1235931,0.9996742144751615,0.9989553478404583,0.9996742144751615,0.4043191953434955,0.9423375584088209,0.9920924013932956,0.9796692235068097
301806604,39.2232737,9.1243672,0.9993605246436371,0.9988144761833943,0.9993605246436372,0.3993551587838589,0.9443665969162675,0.991690950880482,0.9810376119185796
301806659,39.2233258,9.1250834,0.9989447602663365,0.9987242633417873,0.9989447602663365,0.394768549922929,0.9463463851127631,0.991078917289183,0.9825099593985813
301806660,39.2232828,9.1264046,0.9982330716946279,0.998369548204436,0.9976871656553964,0.38724174557832197,0.9489650530116306,0.9888519780422259,0.9838221475927155
301806661,39.2231738,9.1268736,0.9979828012225146,0.9982178148272449,0.9970427468035935,0.38383465086005586,0.9501473886032891,0.9878021394750648,0.9839631137626585
301806663,39.2221613,9.1282225,0.9967354854452976,0.9974153444963564,0.9940160492410618,0.37937289169698246,0.9541131866223694,0.9839158595274917,0.9841263061915453
301806664,39.2224395,9.1235745,0.9996223685480408,0.9991850429597747,0.9996223685480408,0.40337980559858855,0.9440918664111468,0.9907694975952284,0.9777998970905409
301806665,39.2223807,9.1259942,0.9981250757742418,0.9982065854066382,0.9977990372446562,0.38607771144842135,0.9405111084446276,0.987056642339862,0.979196700147003
301806666,39.2223949,9.12506,0.9986652722195672,0.9986590238083,0.9986652722195671,0.3917110019191254,0.9430577215171553,0.9892577194624467,0.9800456594128498
301806667,39.2218892,9.1225499,0.9996501594735371,0.9990104873621023,0.9996501594735372,0.4082410480498056,0.9416831363216377,0.9881905580862893,0.974991569882875
301806668,39.2216966,9.1235525,0.9994749118666579,0.9992376205015041,0.9994749118666579,0.4057281954650336,0.9461080696912864,0.9892316120750829,0.977257207465336
301806669,39.2215378,9.1243058,0.9993773380749369,0.9992274241215391,0.9993773380749369,0.4070303561547286,0.9490530818473348,0.9871937101426121,0.9779101760614575
301806671,39.2203337,9.1250748,0.9985546535298616,0.9986499898897947,0.9981733080901293,0.3932573369730199,0.9507388776613676,0.9835709207244272,0.9790781145084175
301806672,39.219553,9.1250365,0.9992928864909545,0.999106097530291,0.9992928864909545,0.40172130423200303,0.9545066352648545,0.9819871862751052,0.9773095495756426
301806673,39.218106,9.1249958,0.9989342549518392,0.9990445876267161,0.9984929242523315,0.3939645993755459,0.9519283674452024,0.9752054421208628,0.9739599473300204
301811709,39.2344545,9.1236227,0.9943591016158753,0.9961663667900681,0.9871300409191038,0.39555688904806785,0.9239270631064329,0.9844155227011865,0.9710669894421747
301813601,39.2370426,9.1261497,0.9865815028267182,0.9913537498295824,0.9674925148152617,0.3984392299718276,0.9104323380249455,0.9674925148152617,0.9572567668278059
301813602,39.2368764,9.1268296,0.985826086922122,0.9917150418671238,0.9622702671421158,0.39360268068480236,0.9052164190281972,0.9622702671421158,0.9582184423713244
301813603,39.2365683,9.127933,0.9842000389679575,0.9909681131727194,0.9558469365375825,0.38725328259696695,0.898308201619947,0.9558469365375825,0.9571277421489092
301813899,39.2321972,9.1355273,0.9788111515659579,0.9702247877815083,0.9588952568843072,0.3440974403689381,0.8862657287168084,0.9488462437940217,0.9788111515659579
301814091,39.2322776,9.1351051,0.9536578323682396,0.954460145502484,0.9335680590072896,0.3459435232729073,0.847008465648934,0.9277902569710398,0.9504485798312615
301814100,39.2325566,9.1334161,0.0,0.0,0.0,0.0,0.0,0.0,0.0
301814173,39.2336145,9.1317136,0.9619515770559292,0.9669884020827374,0.9418042769486965,0.3607483872246811,0.8690485962657882,0.9418042769486965,0.9191129903177607
301814334,39.2314839,9.1355844,0.9649113847421804,0.9268605348119432,0.9287610948493767,0.3057097303420489,0.8622143904091456,0.9139323978677246,0.9649113847421805
302124735,39.2285297,9.0935543,0.9494397090696283,0.9542456234480206,0.9240014932094337,0.5307723947875169,0.9542870565227475,0.9240014932094337,0.8755096912477767
302126026,39.2328738,9.0956586,0.0,0.0,0.0,0.0,0.0,0.0,0.0
302126068,39.2328774,9.0955,0.9833213561332524,0.9866692088324632,0.9665422826256903,0.5427720569400515,0.9834805961792854,0.9665422826256903,0.9196246410036413
302126177,39.2348692,9.1009809,0.9970677177790207,0.9986340825748252,0.990653305069096,0.5405619988585607,0.991398072702629,0.990653305069096,0.9502536449326541
302132030,39.2375893,9.1006703,0.9970923150470703,0.9983986350402559,0.9918670350743277,0.5315258271769187,0.9899470326741522,0.9918670350743277,0.955208274031277
302132045,39.2377315,9.1035118,0.9985509862087073,0.9995111064562056,0.9947105052187144,0.53010879102963,0.9903998331711451,0.9947105052187144,0.9596586032811405
302132074,39.2356622,9.1090611,0.9992510989509997,0.9997251348834523,0.9973549552211896,0.5111494868262405,0.9857317864520477,0.9973549552211896,0.968649497167552
302132174,39.2337087,9.1117599,0.9983828743520345,0.9986984550601963,0.9971205515193874,0.4974350271105422,0.9749471684486621,0.9971205515193874,0.967032264205106
302132176,39.2332884,9.1124559,0.9977831946866841,0.998225811477231,0.9960127275244962,0.4876241425128396,0.9662460223743913,0.9960127275244962,0.9661018914763112
302132178,39.2324834,9.1138361,0.9979530422305699,0.9984800664066137,0.9958449455263947,0.48596406392400254,0.9656571379940776,0.9958449455263947,0.9710425575720207
302132184,39.23206,9.1143695,0.9975987783033543,0.9982499337999662,0.9949941563169069,0.4799129532401891,0.9598172705429391,0.9949941563169069,0.9713883584583671
302742385,39.2231848,9.1277682,0.9970724005844469,0.9975407950504417,0.9951988227204676,0.38214175513978965,0.9497967535135756,0.98507571098232,0.9845775621917764
302742387,39.2213023,9.1293442,0.9957704161417307,0.9969819463548009,0.9909242952894506,0.3699021606164182,0.9562469101097645,0.9801471042245817,0.982605653588785
302742388,39.2209966,9.1297442,0.9956329502451614,0.9972348011943429,0.9892255464484355,0.3655691994692982,0.9568435569785539,0.9783116128638928,0.9821031729788632
302742389,39.2208998,9.1302655,0.9954101424479176,0.9974054219366795,0.9874290244928703,0.36315834499699595,0.9568495356127309,0.9765802334538487,0.9820199634865513
302742390,39.2204475,9.1291043,0.9942522266116368,0.9950577944252367,0.991029955357238,0.3691022203081343,0.9495476516440885,0.9710916880230175,0.9782382528528698
302742391,39.220082,9.1295154,0.992814448281253,0.9937231714608127,0.989179555563014,0.366103215850312,0.947007582348723,0.9678401378171225,0.9761690008659267
302742393,39.2245128,9.1251236,0.998093078325825,0.9980675006251183,0.998093078325825,0.39138309391939785,0.9401537126450314,0.9909969401845463,0.9810704614020549
302742394,39.2256025,9.1251766,0.9967062585819736,0.9967567264122238,0.9965043872609733,0.38940479263537814,0.9334485193209726,0.9902989873375375,0.9817093304535238
302742395,39.2281928,9.1283861,0.9832499659021774,0.9834441699744829,0.9824731496129552,0.360429729495191,0.9202455502443831,0.9824731496129552,0.9754965747361475
302742396,39.2278008,9.1290908,0.9843731707610764,0.9847586332853929,0.9828313206638105,0.3617486720829058,0.9222642859283696,0.9828313206638105,0.9766066517309793
302742398,39.2255488,9.1278601,0.992744679850168,0.9932856168220446,0.9905809319626614,0.37372321326183283,0.9368677342759877,0.9865047920723636,0.9802077341702651
302742400,39.2256276,9.1244491,0.9974834773784322,0.9967041818628208,0.9974834773784322,0.391067021611671,0.9305063544889209,0.9906171820738882,0.98037666809395
302742402,39.2245254,9.1244122,0.9987153305075351,0.9981042855834604,0.9987153305075351,0.39587488799406245,0.9373034294926058,0.991558267247616,0.9784057123649111
302742403,39.2247761,9.1226613,0.9995735302556663,0.9985650082514712,0.9995735302556663,0.40852759163205854,0.9296268369920369,0.9936345950886804,0.9779380722973008
302742405,39.2245414,9.1236803,0.9992068377786507,0.9982804283130349,0.9992068377786507,0.4005572837272163,0.9306896375034843,0.9924553299858019,0.9777374018370241
302742406,39.2250657,9.1237005,0.9979291701818329,0.9970173043500193,0.9979291701818329,0.39113118468711305,0.9307544909858286,0.9906605185163502,0.978489460658667
302742407,39.2233977,9.1304035,0.9907026689546433,0.9926252310873049,0.9802702667393217,0.3526949908386462,0.9489214020471137,0.9767892698061804,0.9830124204239967
302742408,39.2215214,9.1303034,0.9940039362498586,0.9963498258464862,0.9846203778633482,0.35837154666013604,0.9546841831358843,0.9748655957733429,0.9817927315156112
302742410,39.2197685,9.1303645,0.9953841039549575,0.9983595687599383,0.9834822447350342,0.3666623077082309,0.9579011886797573,0.9732544045049732,0.9804573284786668
302742411,39.2172953,9.1303466,0.995492729549919,0.99876666018895,0.982397006993795,0.3729874426214379,0.9618372005707729,0.9710090722123452,0.9738640187869123
302742089,39.2274875,9.1198659,0.9999632793383509,0.9987252308715697,0.9999632793383509,0.4368683135207973,0.9446774558883173,0.9963743333339554,0.9827844936543163
302742090,39.2266448,9.1201093,0.999939700614238,0.9986391742705147,0.9999397006142379,0.4250295424171617,0.9395352105679754,0.9950804757665025,0.9797189722279975
302742091,39.2259115,9.1205075,0.9998437877096373,0.9989137183222621,0.9998437877096372,0.4269898778243441,0.9406595329269255,0.9949732682235162,0.979247623611701
302742094,39.2269655,9.1180052,0.9999771855661594,0.9974736473338147,0.9999771855661594,0.4400917310262449,0.9467049203491782,0.9969918229784581,0.9781427567740539
302742096,39.2266607,9.1172342,0.9999115469906136,0.9964447378650996,0.9999115469906136,0.4408770255468799,0.9454912598886553,0.9967620259591566,0.9750016346290818
302742099,39.2261211,9.1170761,0.999690536969449,0.995435941744801,0.999690536969449,0.45752735229374314,0.9486410258146615,0.9970438006080174,0.9727969475053192
302742101,39.2309814,9.1137874,0.9957469229237937,0.9962240102258032,0.9938385737157559,0.4645679803968868,0.9522715562388684,0.9938385737157559,0.9687100555106533
302742102,39.2307849,9.1140888,0.9963376444913056,0.9967012194767964,0.9948833445493425,0.466443721012313,0.9533112038391164,0.9948833445493425,0.9701815647240049
302742103,39.2301825,9.1150081,0.9970406952138834,0.9973356515594279,0.9958608698317054,0.4681778772135042,0.9546929982491561,0.9958608698317054,0.9728131027578979
302742104,39.2295414,9.1159562,0.9975692826771422,0.9965266824541772,0.9975692826771422,0.4555609155169097,0.9506489525329984,0.9957544544620147,0.9729844543039329
302742105,39.2288627,9.1169827,0.9988451826754651,0.9965562160207077,0.9988451826754651,0.44425668093355564,0.9467514051732346,0.9962506109190523,0.9730441912615669
302742106,39.228636,9.1173072,0.9991774946026092,0.9969469138142583,0.9991774946026092,0.4453577965712415,0.9472550968469653,0.9963591813215041,0.9742908993363683
302742110,39.2300242,9.1132097,0.9944710178838623,0.9944970017097154,0.9943670825804498,0.4620038932934552,0.9490790521408393,0.9942982218144133,0.9668208291228916
302742112,39.2303917,9.1136304,0.9945883400892196,0.994726155414276,0.994037078788994,0.4600314467975737,0.9488817900743514,0.994037078788994,0.9663907058808038
302742113,39.2311024,9.1144214,0.9960853192987872,0.9965677163319611,0.9941557311660918,0.46392956999257634,0.9525676119323803,0.9941557311660918,0.9691263659418756
302742115,39.2315581,9.1148922,0.997454326313574,0.9979230879328325,0.9955792798365399,0.47710767647005076,0.958125033026601,0.9955792798365399,0.9726359321762452
302742118,39.2292998,9.114037,0.996898632591682,0.995608229067385,0.996898632591682,0.46470262294460024,0.951913415121824,0.9954348930179492,0.9712909738651333
302742119,39.2286757,9.1150124,0.998398285030261,0.9938322046484376,0.998398285030261,0.4475183849269797,0.9471159963908984,0.9952008518306544,0.969111836620687
302742120,39.2280031,9.1160028,0.999333224273091,0.9953995047794116,0.999333224273091,0.45185261420211864,0.9498739094141627,0.9963927949453915,0.9728041621454916
302742125,39.2240613,9.1177066,0.9999626673396398,0.994438715357075,0.9999626673396398,0.46314110248546103,0.952485852626888,0.9966383032480944,0.9684773799663591
291930930,39.2279752,9.0936244,0.9333158497924037,0.937067149231557,0.905871328918959,0.5311011598519859,0.938617188995135,0.905871328918959,0.8598127622364944
291930970,39.2283175,9.0940211,0.9495645415257039,0.9533398921214882,0.9246129629932723,0.541172918989225,0.954366089702401,0.9246129629932723,0.8752407093161945
291931007,39.2289147,9.0946403,0.9461171665577319,0.947824351061705,0.9373751449130718,0.5436298508345235,0.9469415630569117,0.9164079651235223,0.8694682304833463
291931047,39.2312516,9.0933937,0.9374387109076893,0.9402514729855924,0.9110019400383976,0.5401611035421562,0.9425854269776525,0.9067639028059752,0.8701830214063494
291950060,39.2141622,9.1077963,0.998100836416368,0.9982139685777142,0.9976483077709838,0.5042304098173036,0.9745608457222479,0.9795083916864146,0.9214009879015471
291950065,39.2146732,9.1024962,0.9850850515305548,0.9855648428394109,0.9831658862951306,0.49756273693854514,0.9557189705679954,0.9471001586128861,0.8824010071592082
291950099,39.2284441,9.092514,0.9000776002238531,0.9020115902534998,0.8739017680115678,0.5291222092349325,0.9052160671648278,0.8646891449783928,0.84397072363759
291950100,39.2281878,9.0926206,0.0,0.0,0.0,0.0,0.0,0.0,0.0
291950111,39.2211399,9.0968257,0.8782542300264052,0.8797264471494497,0.8723653615342272,0.4582845204026118,0.8479315832609152,0.8011147857690692,0.7634600003639567
291950133,39.2160445,9.0997129,0.9712256450228097,0.9719025050003419,0.9685182051126808,0.49643722907362914,0.9417807978196415,0.9285264347382376,0.8604004183161644
291950163,39.2113713,9.1158323,0.9991698886965873,0.985644838132977,0.9991698886965873,0.45352285219182403,0.9550173096740145,0.933756264015491,0.9135002757184877
292273181,39.2421174,9.1515213,0.0,0.0,0.0,0.0,0.0,0.0,0.0
292274049,39.2251245,9.1293056,0.9921684063215529,0.9932170361370884,0.9879738870594105,0.3696621631640154,0.9424324137993771,0.9837340640734692,0.9835837601390491
292274052,39.2285882,9.1320165,0.9860808011485035,0.9825698019438625,0.9771499787396237,0.3708054281622599,0.9178214559089087,0.9771499787396237,0.9860808011485035
292274059,39.2331181,9.1365963,0.9747924855594655,0.9683592363159781,0.9514666815023615,0.3376189029124599,0.875342882225838,0.9395445551405881,0.9747924855594655
292274066,39.2220023,9.1262634,0.9987270557799985,0.9988613004380458,0.9981900771478089,0.39763851890297425,0.9501030186475067,0.9861142659801657,0.9822877577693218
292274069,39.2237323,9.1282727,0.9959637638656528,0.9966442246938403,0.9932419205529028,0.37796644332797635,0.948528505016588,0.9841284366211194,0.9847503801954661
292274248,39.2228176,9.127364,0.9977805922430862,0.9981496800289306,0.9963042410997092,0.3861564972429994,0.9523387014766898,0.9865543899326062,0.9848025494100179
292347461,39.1684046,9.0330249,0.0,0.0,0.0,0.0,0.0,0.0,0.0
292347826,39.2111578,9.1159028,0.9992240047160634,0.9868889872569756,0.9992240047160634,0.45654523055395146,0.9564888518780806,0.9374507113298858,0.9172254861194358
302964321,39.2030518,9.1298763,0.9355236649777298,0.9224380008486225,0.9354605208742809,0.3685244598676647,0.9355394510035919,0.9350461376953979,0.8935805577397249
302964322,39.2061491,9.1248753,0.9730977794237484,0.9639289737986507,0.9730977794237484,0.40055656612420576,0.9467685070588869,0.943239643746052,0.9141603221111404
302964332,39.2029455,9.1295159,0.902708201784071,0.8606076963077768,0.9027082017840711,0.3153149715307942,0.8907719417934227,0.9027082017840711,0.8556481293868924
302964333,39.2030852,9.1292704,0.9018175889425174,0.8604334711839353,0.9018175889425174,0.31428686322548405,0.8905448789012227,0.9018175889425174,0.8546996807021151
302964335,39.2041999,9.1282317,0.9488726753451665,0.9387874520730277,0.9488726753451665,0.37800319119306214,0.9444630875211496,0.9488726753451665,0.9082939821388927
302964347,39.2132484,9.1233708,0.9965926450242942,0.9973637282906268,0.993508311958964,0.429829940513883,0.9538126771081722,0.9501455407145082,0.95044372346763
302964348,39.2125802,9.1233558,0.0,0.0,0.0,0.0,0.0,0.0,0.0
302964677,39.2380565,9.1196403,0.9891555681150656,0.9903322533177475,0.9844488273043378,0.4133205941684943,0.9159279689207951,0.9844488273043378,0.9476845289730289
302964678,39.2391372,9.1190988,0.9859195856467612,0.9892255531528106,0.9726957156225639,0.39585200275096377,0.9090350747819016,0.9726957156225639,0.9449539496234881
302964683,39.2393194,9.1183203,0.9933635300802621,0.9935755007246918,0.9925156475025434,0.45720153986269874,0.9429181520461829,0.9925156475025434,0.9604844416506735
302964685,39.2350373,9.112134,0.9987247213495964,0.9991162865451004,0.9971584605675807,0.49446127556269065,0.9744046199549449,0.9971584605675807,0.9654062270241268
302964689,39.2364283,9.1141008,0.9975290616885994,0.9980357277391197,0.9955023974865185,0.48486580454487166,0.9654372705778941,0.9955023974865185,0.9595957512263144
302964690,39.2365833,9.11422,0.9973289686855572,0.9978625173434053,0.9951947740541652,0.48409420970776873,0.9641256364227591,0.9951947740541652,0.9587320408243932
302964695,39.2360695,9.111245,0.9989942657590957,0.9994238312350229,0.997276003855387,0.4982733814601555,0.9773505137869148,0.997276003855387,0.9654755216976213
302964697,39.2366072,9.1126211,0.9984361054040253,0.9988747438166554,0.9966815517535047,0.4900712443619461,0.9711693887784192,0.9966815517535047,0.9623790556460458
302964698,39.2366398,9.1129837,0.9982350814641593,0.998694476511736,0.9963975012738522,0.4888734903370562,0.9701181484417108,0.9963975012738522,0.9616949030914247
302964699,39.2365022,9.1133447,0.9980463937451945,0.9984862859719509,0.9962868248381693,0.4867624978390123,0.9684514762990892,0.9962868248381693,0.9605274872328916
302964700,39.2367665,9.1107206,0.9986139419148706,0.9991443526820288,0.9964922988462376,0.49284387146027586,0.9744083495908574,0.9964922988462376,0.9625898517160891
302964701,39.2373294,9.1120586,0.9970497557413802,0.9979897991349801,0.9932895821669805,0.48763004728557635,0.9696753158840488,0.9932895821669805,0.955777617796595
302964702,39.2372542,9.1104202,0.9983974007934625,0.9989798574868037,0.9960675740200977,0.4922010263081843,0.9740109586552325,0.9960675740200977,0.9611144744216696
302743075,39.2282425,9.1361339,0.9827332833546151,0.9523043587210979,0.9573823410255258,0.3365915614978216,0.8923908360481075,0.9436009988303559,0.982733283354615
302743076,39.2268966,9.13688,0.975174613540497,0.9311509675979831,0.9432362478996695,0.31861991145041246,0.8766605313794313,0.9221377805257973,0.975174613540497
302743079,39.2284342,9.1359043,0.9829914452058077,0.9541207674557685,0.958456179006789,0.33814447380872226,0.89061915567176,0.9455018938967021,0.9829914452058077
302743080,39.2285984,9.135695,0.9830573791712447,0.9554407038281508,0.9594255130331347,0.34015907494947806,0.8890778321760446,0.9471542182361038,0.9830573791712447
302743084,39.2293533,9.1356929,0.9835370332301481,0.9578946657466187,0.9607154716095291,0.34161161713771254,0.8886866736543085,0.9495638550933491,0.983537033230148
302743085,39.2303083,9.1354629,0.9825342514366906,0.952488045029099,0.9576380815252686,0.33766631275434095,0.8812090556618773,0.9443544347302206,0.9825342514366907
302743087,39.2292975,9.1353125,0.9839441996430794,0.959961484654895,0.9621676264568156,0.3434059192259224,0.8902441754439919,0.9517422389146275,0.9839441996430793
302743396,39.2240482,9.1369807,0.9797028955328256,0.9751558104318527,0.9548911844502077,0.3240648326431068,0.927831387353524,0.9467861666980637,0.9797028955328256
302743404,39.2254954,9.1380667,0.9707958020542146,0.9595683137448265,0.9403987829127757,0.310409855457649,0.9122431808560482,0.9250883144092075,0.9707958020542146
302743416,39.2238581,9.1390955,0.9680706214325442,0.9531639016869305,0.936489734086162,0.3051955845021477,0.9076156939667427,0.9176006018614025,0.9680706214325442
302743431,39.2241825,9.1378762,0.9669734509972029,0.9509100761455663,0.9343605481709006,0.2988571516520056,0.9062053371560259,0.9153151486470263,0.9669734509972029
302743433,39.2227255,9.1389568,0.8688054068155614,0.8545389762117489,0.8291333225953632,0.25698373597968516,0.8301152665754991,0.8192996754312396,0.8688054068155614
302743440,39.2241534,9.1375333,0.9784231083728466,0.9720552646826388,0.9526008204440854,0.3212098979648937,0.9247649222908063,0.9424929625824877,0.9784231083728466
302743441,39.2237255,9.1387279,0.964776801471628,0.9508112850954807,0.9322729360169325,0.3044326954474166,0.9052270702764891,0.9148180631594339,0.964776801471628
302743447,39.2269813,9.1377246,0.0,0.0,0.0,0.0,0.0,0.0,0.0
302743452,39.224931,9.138884,0.9174379159491703,0.8661232835986101,0.8725983618627589,0.28056193679260755,0.7959149630651774,0.8347581184603163,0.9174379159491703
302743457,39.2254838,9.1388712,0.9131349266434039,0.8578051526694292,0.8500436193250918,0.25335431619987675,0.7615481070136566,0.8009133401662694,0.9131349266434038
302743545,39.2396151,9.1481143,0.9620718222969316,0.9096173824996444,0.8941647317442436,0.2713394924068492,0.7447102196956543,0.8138130175351198,0.9620718222969316
302743548,39.2409626,9.149275,0.9593050118434848,0.9042427453297193,0.8915580878280928,0.2682825979964001,0.7421631031423639,0.8075872955939039,0.9593050118434848
302964121,39.2144222,9.1433361,0.9532903460327328,0.9176519896253164,0.9532903460327327,0.29298168619561066,0.9043895412723116,0.9532903460327327,0.9145879148958455
302964272,39.2071955,9.1337671,0.9728063661894526,0.9687526339412926,0.9728063661894526,0.3720575305650604,0.9561277999917102,0.9728063661894526,0.92387210118431
302964273,39.2059081,9.1329599,0.9697638545194779,0.9618045383849131,0.969763854519478,0.3669853619925996,0.9538449713159767,0.969763854519478,0.9186906509892022
302964274,39.2057569,9.1345442,0.9708190885281133,0.9573515114551938,0.9708190885281132,0.35983680953651537,0.9513351383334253,0.9708190885281132,0.914294229722051
302964275,39.2050894,9.13444,0.970126222216947,0.9516072668799508,0.9701262222169471,0.35865375754157897,0.9495138438569998,0.9701262222169471,0.910674048526772
302964276,39.2062656,9.1299306,0.9473625992070339,0.9440144558422642,0.9473625992070339,0.38048468280442915,0.9456814979729998,0.9452458666927481,0.9040548041232356
302964278,39.2068216,9.1295646,0.9319965314959429,0.9195419732260951,0.9310681585694538,0.3622771472018099,0.9322286247275652,0.9233405589856243,0.8830646865974657
302964279,39.2067672,9.1300236,0.9340650274779853,0.9238355199050352,0.9332915878112307,0.36444563453750217,0.9342583873946738,0.9274007290597278,0.8861076335496584
302964284,39.2080708,9.1270255,0.972723887068046,0.9702250431058104,0.972723887068046,0.4074603486519226,0.9569165802309859,0.9560225207130408,0.9240191591119487
302964287,39.2069281,9.1269889,0.9679458043657531,0.961920637201245,0.9679458043657532,0.39876782999969757,0.9513622389498766,0.9515331521357613,0.9162429112802942
302964289,39.2069294,9.1261917,0.9710745123315809,0.96375896647494,0.9710745123315809,0.40174686738293164,0.9476622845526713,0.9439786959874668,0.9134214221120784
302964290,39.2069277,9.1265384,0.9712018857166307,0.9640832013953103,0.9712018857166307,0.4039432806421962,0.9475252611346028,0.943944728867623,0.9135675503767894
302964294,39.2080523,9.1279755,0.9698508386497925,0.9689871274274011,0.9698508386497925,0.40545634545517856,0.9564983186142226,0.9589469309163274,0.9232608728223022
302964295,39.2089244,9.1289179,0.9720245940747146,0.9746828246382131,0.9613916718207207,0.3944658417416295,0.9574672056784783,0.9585090171221599,0.9266232527071145
302964296,39.208032,9.1288893,0.9694729186716669,0.970624808194427,0.9648653605806262,0.4000127665066616,0.9568679540328406,0.9620244491911589,0.9243697752867216
302964301,39.2082534,9.1246705,0.9840773905807472,0.9800298623597663,0.9840773905807472,0.4222785349412701,0.9461693852587845,0.9371564023703738,0.9201397649595972
302964305,39.2081015,9.1257385,0.9790174289916365,0.9746815957114194,0.9790174289916366,0.41571567117331415,0.9557950875048609,0.9512066666638728,0.9248657204012026
302964309,39.2088705,9.1270412,0.9740308604625747,0.9746163626775298,0.971688851602754,0.40637044999571686,0.9574632948968831,0.9497787900579634,0.9263225633992007
302964310,39.2089605,9.1277546,0.9756488316516091,0.9777601655858817,0.9672034959145187,0.39996419217454937,0.9583176144267807,0.9529602750368583,0.9285098464726419
302964314,39.2079934,9.1301133,0.9653357151703359,0.9654935917419099,0.9647042088840398,0.39318091173527536,0.9563961833434714,0.9647042088840398,0.9224065152338675
302964315,39.2095274,9.127434,0.9716522700875811,0.9739228179132805,0.9625700787847836,0.39521118473542055,0.9558393637740032,0.9426550774895377,0.9240060856002648
302964703,39.2378078,9.1116882,0.9978994296912239,0.9987150134292166,0.9946370947392532,0.4910280792235182,0.9732419328913913,0.9946370947392532,0.9586870264061734
302964705,39.237987,9.1123149,0.9975376261525136,0.998289228079562,0.99453121844432,0.4874331377623782,0.9704414287175195,0.99453121844432,0.9588113019726436
302964706,39.2377915,9.1101269,0.9984598555350799,0.9992742933570852,0.9952021042470587,0.5004631557730916,0.9800910436669996,0.9952021042470587,0.9631683406321067
302964708,39.2397723,9.1127111,0.995380526622683,0.9968190743699762,0.9896263356335102,0.4851611007545934,0.9648334315125618,0.9896263356335102,0.9534726231999228
302964713,39.2378955,9.1134723,0.9965377425639136,0.9972400836918338,0.9937283780522329,0.4799570617716981,0.96291122872835,0.9937283780522329,0.9556172375761331
302964714,39.2373952,9.1134274,0.9969095202639165,0.9975162955195993,0.9944824192411857,0.4823009124134088,0.9646928373546357,0.9944824192411857,0.957175114436787
302964715,39.237297,9.1138959,0.9968258359571605,0.9974345749436382,0.9943908800112496,0.48010894607461846,0.9616390260511589,0.9943908800112496,0.9561689925032486
302964718,39.238992,9.1127315,0.9960273594559789,0.9970430301309309,0.991964676756171,0.4824060918806666,0.9644765430954919,0.991964676756171,0.9546581188897212
302964719,39.2405038,9.1106834,0.9960858418346898,0.9978644961296085,0.9889712246550153,0.4957122311639519,0.9743241643099194,0.9889712246550153,0.9536697334747714
302964720,39.2388141,9.1121394,0.9962358657646405,0.9972368741984358,0.9922318320294596,0.48154319058390416,0.9653491915975806,0.9922318320294596,0.9541102000451857
302964721,39.2387638,9.1127913,0.996283431191785,0.9972492206964741,0.9924202731730285,0.4813644048971548,0.9652116491672221,0.9924202731730285,0.9548797718072114
302964722,39.2400566,9.1097897,0.9972667978961632,0.9986389188646725,0.9917783140221264,0.5004534797625794,0.9778810348061049,0.9917783140221264,0.9546005177160981
302964723,39.2387652,9.1108798,0.997917593436899,0.9990973386240541,0.9931986126882786,0.49634372036304675,0.977751660686907,0.9931986126882786,0.958256893111045
302964727,39.2379403,9.1127084,0.9975515496745302,0.9982387030340633,0.9948029362363978,0.4853011495572659,0.9683762755385484,0.9948029362363978,0.9581282897175725
302964730,39.2399721,9.1126037,0.9954202989557797,0.9969160881302216,0.989437142258012,0.48562008567545994,0.9653069123005888,0.989437142258012,0.9534034409050175
302964732,39.2408005,9.111566,0.9947415045904261,0.9968706982976937,0.9862247297613559,0.4907728986470173,0.9698293517473013,0.9862247297613559,0.9517065251849637
302964733,39.240808,9.1113062,0.9952108230715049,0.9971898780816485,0.9872946030309306,0.49224935643219575,0.9714555595115537,0.9872946030309306,0.951952298689279
302964738,39.2382379,9.1097762,0.9986042097841694,0.9994752599687834,0.9951200090457134,0.5027827601638895,0.9816333704587233,0.9951200090457134,0.962717505736229
302964739,39.2386546,9.1094254,0.998717431616782,0.9996173885047895,0.9951176040647517,0.5049461663983185,0.9825709543672317,0.9951176040647517,0.9619038985084425
302964740,39.239478,9.1086983,0.9981657000763068,0.9992698026544492,0.9937492897637369,0.5063665327385852,0.9819274904500915,0.9937492897637369,0.95919420870618
304587538,39.2425191,9.1205498,0.9817868127818667,0.9860087740778322,0.9648989675980053,0.4093476963272634,0.898318545052354,0.9648989675980053,0.9511212563870125
304587540,39.242831,9.1209819,0.9840538233674775,0.9879764284802737,0.9683634029162926,0.41317648320711503,0.9027137120367189,0.9683634029162926,0.9547176539573904
304587544,39.2398792,9.1225731,0.9819195461798409,0.9853468336183476,0.968210396425814,0.41319176435556537,0.909985968050324,0.968210396425814,0.9513043135324996
304587547,39.2402647,9.1229802,0.9836959666499008,0.9872516271256995,0.969473324746706,0.4143815139208969,0.9118592898220959,0.969473324746706,0.9536054533114147
304587548,39.2408219,9.1235522,0.984269825137103,0.9875439627124238,0.97117327483582,0.416746086134661,0.9109211320375473,0.97117327483582,0.9562622201375766
304587550,39.2413368,9.1241177,0.9830456929106582,0.9900903084030591,0.9544126480972945,0.39804346746635255,0.8970168055506249,0.9544126480972945,0.9548672309410549
304587552,39.241859,9.1246609,0.9852017963012587,0.9917839867818056,0.9563306489462087,0.4032215711469689,0.8990340297533888,0.9563306489462087,0.958873034379071
304587554,39.2423932,9.1252021,0.9830031188006249,0.9888919532426925,0.9594477810323542,0.4075697352192094,0.8960712293997184,0.9594477810323542,0.9532033007088848
304587555,39.2428497,9.125643,0.9819667098580771,0.9899006420745774,0.9496637900513208,0.3985899567383012,0.8846268374289711,0.9496637900513208,0.9502309809920758
304587558,39.2432604,9.1260241,0.9835988217841835,0.9913753888308391,0.9508427623409078,0.39973821631208545,0.8857554813867535,0.9508427623409078,0.9524925535975609
304587561,39.2426037,9.1260712,0.9808500671189472,0.9886367060444977,0.9497035114167448,0.39859266552271994,0.8848280548016015,0.9497035114167448,0.9482608518395905
304587568,39.2420388,9.1258189,0.9800237751295389,0.9863811015851824,0.9545944693069643,0.4028517045504105,0.8903157329423844,0.9545944693069643,0.948167731154323
304587571,39.2440122,9.1256875,0.9864246074127193,0.9937734815879707,0.9518523994803781,0.4005522031762181,0.885970912728721,0.9518523994803781,0.9570291107117134
304587597,39.2436686,9.1272942,0.9857758313541628,0.9933353863389492,0.9361985092058658,0.3875480963507082,0.8702033699571229,0.9361985092058658,0.9555376114150168
304587598,39.2434766,9.1276726,0.9935693728567047,0.9982848907922455,0.9411407453382415,0.3854521403018543,0.8684160822177283,0.9334431408432443,0.9747073011145414
304587613,39.2425218,9.1168242,0.9965151221810941,0.9920855244303264,0.9965151221810941,0.4405583865593495,0.9250511416553259,0.9965151221810941,0.9449397819012256
304587617,39.2422942,9.1167129,0.9960175883921338,0.9919580534222131,0.9960175883921338,0.4397048423354972,0.926026306544422,0.9960175883921338,0.946329521140761
304587624,39.2423332,9.117158,0.9960426616400077,0.9911638901906414,0.9960426616400077,0.4388152235536084,0.9238734045510807,0.9960426616400077,0.9439103034471054
304587634,39.2426174,9.1165252,0.9967766366574906,0.9922541394588414,0.9967766366574906,0.44132235920690044,0.9253200642227252,0.9967766366574906,0.9449208761499924
304587639,39.2418123,9.1171358,0.9958557670874992,0.9920138017750222,0.9958557670874992,0.4413176957362892,0.9293101260647881,0.9958557670874992,0.9498584581273737
302964193,39.2086326,9.1394294,0.9663187859393779,0.938869165836453,0.9663187859393779,0.32667012244447236,0.9346134636117324,0.9663187859393779,0.8964037531698378
302964195,39.2085107,9.1366241,0.9720138985953579,0.9679190138379417,0.9720138985953579,0.35229910931973263,0.953000602936839,0.9720138985953579,0.9202848680852396
302964205,39.2067528,9.1383874,0.9729638503201538,0.9539204929559827,0.9729638503201538,0.3395161541494034,0.9446907413144742,0.9729638503201538,0.9081285129576482
302964206,39.2065855,9.1386446,0.9712468447429502,0.9521517587677206,0.9712468447429502,0.3379940039003564,0.9435182020483567,0.9712468447429502,0.9069465536540662
302964208,39.2065509,9.1410952,0.9563659948136158,0.9218429838161801,0.956365994813616,0.31912555955166916,0.9257706472921449,0.956365994813616,0.8821330117083684
302964209,39.2065543,9.1416144,0.954116471958587,0.9185702923258149,0.954116471958587,0.3190498080780607,0.9250432515469525,0.954116471958587,0.8802044467268174
302964210,39.2071393,9.1380652,0.972626678106263,0.9564634445330803,0.9726266781062631,0.3421254496329021,0.9463375676630429,0.9726266781062631,0.9098209736501298
302964214,39.2108723,9.1411789,0.9613116187770044,0.9327314724868544,0.9613116187770044,0.3176706512514802,0.9284184195864862,0.9613116187770044,0.8975937046229562
302964218,39.2073828,9.1389245,0.9692767234713595,0.9468689065833179,0.9692767234713595,0.33447363327216323,0.9403419526483061,0.9692767234713595,0.9029171669694582
302964220,39.2073854,9.1402069,0.9645195396740872,0.9372217266258278,0.9645195396740872,0.32895972877134516,0.9341658031848966,0.9645195396740872,0.895102600286361
302964221,39.2077182,9.1410229,0.9598401313617417,0.9284222075200053,0.9598401313617417,0.32397595328595086,0.9291976327133868,0.9598401313617417,0.8881189786217919
302964222,39.208233,9.1420342,0.9609413843661981,0.9167906890872373,0.9609413843661981,0.31703739011668614,0.9221825048056338,0.9609413843661981,0.8835465630630714
302964223,39.2098288,9.1415484,0.9593073975778331,0.922006412737994,0.9593073975778332,0.31176833919631913,0.9202373313793134,0.9593073975778332,0.8873938542807017
302964227,39.2069234,9.1410686,0.9562276772689436,0.9228300637905271,0.9562276772689436,0.3198998370259709,0.9255394196327538,0.9562276772689436,0.8829310783826728
302964228,39.2069264,9.1416148,0.9543066016423005,0.9172923968594844,0.9543066016423005,0.31761304262322587,0.9231671401395465,0.9543066016423005,0.8791480037718229
302964229,39.2069453,9.1431801,0.9535412798315183,0.9052533111116661,0.9535412798315183,0.31051167990680106,0.9150339353957624,0.9535412798315183,0.8698451811997859
302964236,39.2049955,9.1420873,0.9509924643986805,0.9259326414776452,0.9509924643986805,0.32630661849087694,0.9278527644992131,0.9509924643986805,0.8823747721016564
302964237,39.2049977,9.1416268,0.9541826434222156,0.930363124811775,0.9541826434222156,0.32826683901018894,0.930305244353449,0.9541826434222156,0.8852215451767219
302964244,39.2071882,9.1345305,0.974637433576687,0.9712686271841491,0.974637433576687,0.36742718659013385,0.9561169750702162,0.974637433576687,0.9255939624848132
302964245,39.2064479,9.1353206,0.9749271186785763,0.9664851226327618,0.9749271186785763,0.36292901860985916,0.9540135100565517,0.9749271186785763,0.9216335857677753
302964825,39.235864,9.1038766,0.9977982699021752,0.9989393857745579,0.9932338064126448,0.52566747737198,0.9896514003099527,0.9932338064126448,0.9483292790983762
302964826,39.2347226,9.1050852,0.9962346349652418,0.9972342356182817,0.992236232353082,0.5264397554496767,0.9889068444878593,0.992236232353082,0.9382898374057512
302964830,39.2341335,9.1062599,0.9952306071085758,0.9964055870941355,0.9905306871663371,0.5236648666728071,0.9878838973796283,0.9905306871663371,0.9359875671394525
302965974,39.2361959,9.1026902,0.9977871511019155,0.9989800870094558,0.9930154074717543,0.5249950175745344,0.9893914324490505,0.9930154074717543,0.9502499320938493
302965975,39.2355454,9.1033893,0.9974028971792401,0.9986093828285262,0.9925769545820957,0.5251876862162712,0.9895041065703214,0.9925769545820957,0.945117618839283
302965976,39.2344184,9.1045835,0.9964726829151181,0.997509061270533,0.9923271694934587,0.5282234093284551,0.9892193673517746,0.9923271694934587,0.9396133076658405
302965979,39.2363532,9.101746,0.9964606506031519,0.9981015470779133,0.989808380632457,0.5357783215786868,0.9902518009907028,0.989808380632457,0.947233578706546
302965980,39.2358604,9.1022116,0.9973999546789561,0.9986968319726387,0.9922124455042258,0.5343233439886176,0.9906323673607869,0.9922124455042258,0.949188584245796
302965981,39.2355054,9.1025235,0.9970239974566065,0.99837335016587,0.9916265866195527,0.5335808985310163,0.9904145928502953,0.9916265866195527,0.9459725085419743
302965982,39.2351893,9.102839,0.9969530880579729,0.9982466526201155,0.9917788298094027,0.5333763865926024,0.9902448996718898,0.9917788298094027,0.9439494597065538
302965983,39.2340548,9.1039292,0.9964886726004847,0.9976946326412894,0.9916648324372657,0.5305938722090392,0.9892765756264532,0.9916648324372657,0.9379376252512989
302965985,39.2329173,9.1045523,0.9957526736979714,0.9971792049386193,0.9900465487353797,0.5332596678845335,0.9889848900905116,0.9900465487353797,0.9387441404842063
302965986,39.232699,9.102969,0.9951371373621463,0.9966806069459936,0.9887344313540747,0.5381992423657198,0.9898785697174852,0.9887344313540747,0.9486912842946232
302965989,39.2328901,9.1033068,0.9948862722568103,0.99641147896691,0.9886310900721316,0.5374241389494498,0.9894028667935288,0.9886310900721316,0.9461849608276698
302965999,39.2279313,9.1090184,0.9867396365016803,0.987147893504856,0.9851066084889776,0.5177279522743493,0.9742476837005676,0.9851066084889776,0.9634215167673399
302966001,39.2296891,9.1077207,0.9875259242382267,0.9876375184887448,0.9870795472361545,0.5164346997635895,0.97510823335067,0.9870795472361545,0.9555518663288782
302966005,39.2328091,9.1028591,0.9952366171112204,0.9968162257308929,0.9886450912447344,0.538699896248691,0.9900105481837137,0.9886450912447344,0.9485626456721447
302966006,39.2354447,9.1002842,0.9952929403332043,0.9974399504424429,0.9857278464658529,0.5398848894229,0.9906131136178346,0.9857278464658529,0.94847230817741
302966007,39.2359532,9.0998539,0.9954723956946309,0.9975210930095321,0.9863556100608178,0.5408827921289883,0.9909655919318586,0.9863556100608178,0.9517156597861225
302966008,39.2367092,9.0992496,0.9958371760914366,0.9977046796724749,0.9877510050560981,0.5411737083433481,0.9908317886120244,0.9877510050560981,0.9554058940436436
302964794,39.2385435,9.1055165,0.9985774402458986,0.9994985532113673,0.9948929883840236,0.5217092331126584,0.9889255273755092,0.9948929883840236,0.958781679406228
302964796,39.2388784,9.1064146,0.9982818916856482,0.9991987124607776,0.9946146085851304,0.5181218920103537,0.9875062610648219,0.9946146085851304,0.9581351109704629
302964798,39.2390597,9.1075323,0.9980293553688427,0.9992347792544966,0.9932076598262273,0.5095090247699158,0.9830829382452785,0.9932076598262273,0.95766321837279
302964799,39.2391883,9.1043244,0.9978456688820417,0.9989628241949259,0.993377047630505,0.518884850450032,0.9886407638859186,0.993377047630505,0.954536662520145
302964800,39.2371145,9.1055716,0.9990165468702817,0.9997658036434321,0.9960195197776799,0.5243518151580683,0.989577843315421,0.9960195197776799,0.9646734816691356
302964805,39.2352416,9.1045352,0.996964045669738,0.9980350251656421,0.992680127686121,0.5263923369003478,0.9893380612624195,0.992680127686121,0.9418804348831369
302964806,39.2349364,9.1040102,0.9971621536862576,0.9982559249430537,0.9927870686590733,0.5282394087512883,0.9896469102217665,0.9927870686590733,0.9430848041465727
302964807,39.234612,9.1033713,0.9962629627630141,0.9974895466670456,0.9913566271468881,0.5305939240059087,0.9894314764998241,0.9913566271468881,0.9407043195015161
302964808,39.237161,9.1040205,0.9985923558040964,0.9995464682695634,0.9947759059422284,0.5267440919020212,0.9900363466046895,0.9947759059422284,0.9591990037596259
302964810,39.2364286,9.1059407,0.9988618219089901,0.9996376003454269,0.9957587081632425,0.5215835302411278,0.9892934205925319,0.9957587081632425,0.9626419123262815
302964811,39.2362118,9.1064519,0.999040542928109,0.9997522383119627,0.9961937613926941,0.519310395682269,0.9889880477971119,0.9961937613926941,0.9650760290178186
302964812,39.2358707,9.1072561,0.9991459852828674,0.9997496140342017,0.9967314702775301,0.5163884343301026,0.9881757783879406,0.9967314702775301,0.9665889684933446
302964813,39.2360947,9.1057046,0.9983624206886758,0.9992246629420416,0.9949134516752126,0.5204979550290881,0.9888707540932182,0.9949134516752126,0.9566521557569592
302964814,39.2358783,9.1062147,0.9989814244405643,0.999705497442311,0.9960851324335773,0.5183391950661789,0.9886181840003538,0.9960851324335773,0.9635373903145453
302964815,39.2355367,9.10702,0.9990935459078438,0.9997008490474204,0.9966643333495376,0.5148052096951022,0.9877404700492994,0.9966643333495376,0.9653312784027339
302964819,39.237084,9.1033721,0.9981721102327666,0.9992648601847115,0.9938011104249874,0.5246305669117037,0.9894772432614801,0.9938011104249874,0.9543951845789111
302964820,39.236881,9.1036847,0.9983907083804722,0.9994141571327784,0.9942969133712473,0.5258269464136184,0.9898253763799715,0.9942969133712473,0.9569076617271122
302964821,39.2363627,9.1044441,0.9981443273240812,0.9992494487756096,0.9937238415179673,0.5240918053157648,0.9893506296627236,0.9937238415179673,0.9530199424741214
302964823,39.2369197,9.1025611,0.9977861814539749,0.9989982380399514,0.992937955110069,0.5334639917524018,0.9903858845801028,0.992937955110069,0.9521015310848993
302964824,39.2364817,9.1031012,0.9981080807804823,0.9992240269290842,0.9936442961860747,0.525878386932136,0.9896602633800085,0.9936442961860747,0.9533527661836595
302964248,39.2053071,9.1371616,0.9736920557382495,0.9540936212328862,0.9736920557382495,0.348795432007313,0.9473219262158291,0.9736920557382495,0.9100499835607447
302964249,39.2069611,9.1361447,0.9708998870712049,0.9603200975506603,0.9708998870712049,0.3560480748105658,0.9510166654023927,0.9708998870712049,0.9152726673308289
302964250,39.2077783,9.137399,0.9726332702326187,0.9614900030076484,0.9726332702326187,0.34682362895094565,0.9498255033421099,0.9726332702326187,0.9151502923136062
302964251,39.2076984,9.1353693,0.9716579564546429,0.9659923773557738,0.9716579564546429,0.3606167166204142,0.9536432221400826,0.9716579564546429,0.9203870193246755
302964252,39.2058817,9.1365934,0.9659839217710438,0.9512208856874873,0.9659839217710438,0.3475650846306868,0.9466577138823343,0.9659839217710438,0.9074527155590136
302964253,39.2091983,9.1355079,0.9737487681414179,0.9744310057177978,0.971019817835898,0.3502036969356419,0.9546472594322302,0.971019817835898,0.9254030764723623
302964254,39.2055705,9.1298254,0.9490565775766656,0.9439696820534728,0.9490565775766656,0.38118460151401984,0.9458267105851865,0.9453961926716974,0.9039714747883121
302964255,39.2055167,9.130351,0.9454186070091287,0.9423093208660884,0.9453629516065847,0.37787359024305894,0.9454325208597647,0.9449977130273894,0.9028876403301289
302964256,39.2056938,9.1306378,0.9452117849868529,0.9419505767036348,0.9451240456087534,0.3761135535869342,0.9452337198313777,0.9445482559399759,0.9021529361782655
302964257,39.2060548,9.1314676,0.9664254725634385,0.9587857077235027,0.9664254725634385,0.3733381460895907,0.9538810808482714,0.9664254725634385,0.9174455051948965
302964259,39.2066736,9.1316739,0.9683990600213657,0.9638732300080834,0.9683990600213657,0.3759614427515281,0.9555343774549024,0.9683990600213657,0.920774677493302
302964260,39.2073728,9.1317917,0.9692848099084118,0.9688808023432726,0.9692848099084118,0.38117038958224825,0.9574267545075575,0.9692848099084118,0.9244751114622537
302964261,39.2084479,9.1317664,0.9756567735954914,0.977106075569575,0.969859565699157,0.3727964125362865,0.9585708554494878,0.969859565699157,0.9304274023823381
302964262,39.2103216,9.1317089,0.9728229208734074,0.9753706418472409,0.9626320369780736,0.36127158945185867,0.9560949635674121,0.9626320369780736,0.9261154567378632
302964263,39.2103272,9.1308421,0.9683618443429298,0.9708120218446128,0.9585611343361979,0.3563829884212517,0.953884270965045,0.9585611343361979,0.9217388968397182
302964265,39.2084602,9.1321703,0.9766865620478964,0.9781431396583765,0.970860251605976,0.37093123690574514,0.9586081102001018,0.970860251605976,0.9311768707913564
302964267,39.2096591,9.1308757,0.9689090615903507,0.9711379398931536,0.9599935483791396,0.36050463389709186,0.9549089982004215,0.9599935483791396,0.9229759435031263
302964268,39.2073051,9.1325858,0.9714845623165572,0.971109841865882,0.9714845623165572,0.3810079005148015,0.9577025352817143,0.9714845623165572,0.9262031541313276
302964269,39.2065678,9.1330498,0.9717659093795239,0.9668485467444634,0.971765909379524,0.3716064306636098,0.9557211488064551,0.971765909379524,0.9226324945117842
302964270,39.2063927,9.1346318,0.9727914769510397,0.9617226797746553,0.9727914769510397,0.36433711650486583,0.9531517506783248,0.9727914769510397,0.9181896081655947
302964126,39.2117971,9.1425709,0.945605096696063,0.8875454536891942,0.945605096696063,0.28146947278559975,0.8832615391232967,0.945605096696063,0.8862992181329628
302964128,39.2209362,9.1365699,0.9803509804628509,0.9821987820429681,0.9471143636359362,0.32927882144782805,0.9341347023078891,0.9352326890544073,0.9729597741423821
302964135,39.2190785,9.1399602,0.9663772194002437,0.9682339353919504,0.9236073064094723,0.31773496152126834,0.921009612035681,0.918039047768442,0.9589503554334169
302964139,39.2177994,9.1406757,0.9520936991343193,0.9531959908601284,0.9287316408310082,0.3047342224690646,0.917692710351226,0.9287316408310082,0.9476845322310828
302964144,39.2146281,9.1425403,0.9552362397445521,0.9239347500073715,0.955236239744552,0.2966396119133014,0.909105758586436,0.955236239744552,0.9206525182689163
302964145,39.2143985,9.1425559,0.9556328668580631,0.9218626793500841,0.9556328668580631,0.29831873663712494,0.9102634936648245,0.9556328668580631,0.9190413717187775
302964146,39.2140675,9.1425931,0.9563831741168812,0.9188183562774815,0.9563831741168812,0.2999185669821198,0.9114071580759456,0.9563831741168812,0.9160013339814119
302964147,39.2138337,9.1426114,0.9566896118453003,0.9166651538365889,0.9566896118453003,0.3011159057772083,0.9125427219704023,0.9566896118453003,0.9142678468306177
302964149,39.211988,9.1421846,0.9581589004277506,0.9244392284683445,0.9581589004277506,0.312646527275913,0.9233487614742193,0.9581589004277506,0.8992913724089843
302964151,39.2117167,9.141839,0.9582371397022027,0.9285903335593215,0.9582371397022027,0.3147402130935875,0.9260266290037271,0.9582371397022027,0.897555482606633
302964152,39.2112952,9.14104,0.9603303284666048,0.9363599729682577,0.9603303284666048,0.3202761959615815,0.9311338188562717,0.9603303284666048,0.9002123109476242
302964154,39.2099944,9.1379619,0.9670705929160144,0.9598379659081663,0.9670705929160144,0.3371909425137323,0.9465777857644382,0.9670705929160144,0.9129840795113199
302964155,39.2092969,9.1358203,0.9729440629645179,0.9733298990655702,0.9714007185603083,0.3486861802477019,0.9540828794604158,0.9714007185603083,0.924500166850317
302964157,39.2091327,9.1343607,0.9769317827464974,0.9784060130564787,0.9710348615065725,0.35544470925037164,0.9564896588427646,0.9710348615065725,0.9297940263801847
302964160,39.2097111,9.1322999,0.983441169183573,0.9864758284682162,0.9713025320450002,0.36570149396560525,0.9598598484690859,0.9713025320450002,0.9384796362150899
302964172,39.214127,9.1433513,0.9550281714104049,0.9149059526283966,0.9550281714104047,0.29643069670799077,0.9071075320364551,0.9550281714104047,0.9119700277342107
302964180,39.2114058,9.1419236,0.9570456130146368,0.9233422352377925,0.9570456130146366,0.3114193637688462,0.9223896289223952,0.9570456130146366,0.8957142920755504
302964184,39.2117121,9.1421638,0.958059994221589,0.9258521847974053,0.9580599942215892,0.31320966451591176,0.9243896553182823,0.9580599942215892,0.899112153390646
302964191,39.2096126,9.1383699,0.9674486737244183,0.9546787303052573,0.9674486737244185,0.33970332727330016,0.9456874387583399,0.9674486737244185,0.9089898871267882
302964192,39.2090575,9.1389492,0.9648563575021128,0.934555740132027,0.9648563575021128,0.3233759231214012,0.9332287025864571,0.9648563575021128,0.8935168104210061
304697342,39.2483315,9.1290056,0.9932233454785848,0.9967059330257778,0.9375149251023781,0.36730055403068296,0.8380420193308177,0.9136287361259384,0.9792929952898127
304697343,39.2486184,9.1293013,0.9920124856293884,0.9951498193912288,0.9327602559360927,0.35716152288654557,0.8235494075399413,0.9031224886154107,0.9794631505820264
304697344,39.2490549,9.1297273,0.992326041818884,0.9953834904383226,0.9342977086188582,0.360988821347483,0.8292429739635875,0.9064691122555941,0.980096247341129
304697345,39.2494809,9.1301573,0.9906623767866698,0.9932088622560215,0.9344959829977285,0.35267344797597916,0.8168456351697779,0.9060242170963351,0.9804764349092632
304697346,39.2516933,9.1317855,0.9854439034625946,0.986928655961351,0.9249369831181317,0.33923431601134874,0.7925215630854522,0.8872448958951051,0.9795048934675689
304697348,39.2523643,9.1320715,0.9826435180274831,0.9834782222477473,0.9208118731060764,0.33425252331140554,0.7835473548126457,0.8780960876091367,0.9793047011464263
304697349,39.2527737,9.1322024,0.9813402066562386,0.9816468829467611,0.9202462912439753,0.3309366311697637,0.7785866031886254,0.8736924292408312,0.9801135014941486
304697350,39.2532807,9.1323494,0.9796507824314696,0.9797341935396228,0.9171190004519021,0.3271321631649182,0.7720904458027166,0.8684393530414171,0.9793171379988572
304697351,39.2533324,9.132366,0.9794380622887982,0.9794792683689071,0.9169318712682061,0.3268350423849323,0.7715477227229984,0.8680532546553807,0.9792732379683626
304697352,39.253674,9.1324694,0.9784255623050456,0.9776168342668414,0.9143126831294441,0.3240291391961738,0.7664382361124698,0.8641746529202361,0.9784255623050456
304697361,39.252824,9.1297366,0.9747739883839187,0.9746092292327861,0.9224226555207579,0.3246979464360066,0.7684364397654759,0.8911261590980037,0.9747739883839187
304697362,39.253242,9.1301866,0.9750633651511867,0.9687262042577636,0.9168003138825553,0.31665350370713075,0.7539774243237695,0.8777576218587083,0.9750633651511867
304697363,39.2536709,9.1306112,0.976357259494209,0.9706511735680468,0.9194569302198278,0.3192677659569912,0.7584777206973006,0.8815087580626491,0.976357259494209
304697365,39.2540875,9.1310356,0.9768699149045114,0.9710456165099178,0.9147214085660241,0.31808841645985275,0.7552379994293666,0.8690210352358179,0.9768699149045114
304697367,39.254485,9.1314524,0.9737784648621167,0.9642633006399235,0.9120630412107641,0.31325603342178976,0.7465466407117352,0.8696948091425537,0.9737784648621167
304697368,39.2542895,9.1315881,0.9757855899688833,0.9721528123714263,0.906574858208566,0.31812944542921107,0.7547599747168118,0.8527379264582696,0.9757855899688833
304697369,39.2544752,9.1303539,0.9760133346349865,0.9700718715739579,0.919343464549461,0.3193488946783272,0.7583719113937516,0.881742924482326,0.9760133346349865
304697370,39.2540925,9.1298787,0.9737150012304365,0.9720078248326497,0.9202120808668616,0.32231593999087776,0.7642204521044905,0.887980473301572,0.9737150012304365
304697371,39.2533604,9.1311805,0.977111061917817,0.9742664946765788,0.9183957117166534,0.32163980573778206,0.7623022987596936,0.8774871794824541,0.977111061917817
304697373,39.2521756,9.1332772,0.9812014758535392,0.9816070901356927,0.9111208519344426,0.3224308990331307,0.7632204372206896,0.8601303902734124,0.9795790187249256
302966009,39.2344771,9.0987597,0.994570013253401,0.9966910967135135,0.9849247403410185,0.5427207580110348,0.9907294357006798,0.9849247403410185,0.9433724272153365
302966010,39.2350079,9.0995799,0.9957377138595319,0.9976818981826574,0.9872013721474943,0.5409779706583636,0.9909993942451746,0.9872013721474943,0.9475381045192768
302966011,39.2357605,9.100939,0.9961330677743082,0.9977828212787198,0.9892837952366502,0.5386524924565099,0.990535087836711,0.9892837952366502,0.948480590015516
302966013,39.235275,9.1013773,0.9964245141246179,0.9979706838281455,0.990166646795768,0.5376698225838169,0.9905325893694656,0.990166646795768,0.9472522008601449
302966014,39.2350899,9.1015508,0.9963449494123501,0.9978657834777115,0.9902616131509047,0.5334350719086224,0.9900864729545508,0.9902616131509047,0.9409703646857684
302966015,39.2346646,9.10193,0.9961732462669137,0.997623434871069,0.9903724918502927,0.5337741766896146,0.9900190223175381,0.9903724918502927,0.9382699581558102
302966016,39.2339483,9.1006856,0.9952159559011964,0.9971027972907169,0.9869661041910335,0.5428196098414448,0.9904785349514378,0.9869661041910335,0.9396045194962405
302966017,39.2343931,9.1014664,0.9970036261500156,0.9985125089522966,0.9908678851606568,0.541643960953151,0.991368934061831,0.9908678851606568,0.9489611003229899
302966018,39.2375336,9.1042568,0.9987407233629526,0.9996315833253798,0.9951772835132436,0.5277566558214425,0.9901870249939165,0.9951772835132436,0.9617236948386608
302966019,39.2349419,9.1008919,0.9949760656180998,0.9971780971226554,0.9851102558668292,0.5390541010139803,0.9903986745320698,0.9851102558668292,0.9439603484330952
302966021,39.2336402,9.1009927,0.9953440731345208,0.9971807549100721,0.9873334642250269,0.5431377605563272,0.9906528732614682,0.9873334642250269,0.9415491218132788
302966022,39.2345269,9.1000662,0.9962468934872227,0.9980222311961908,0.9886405406586598,0.5419070569810891,0.9911655506221125,0.9886405406586598,0.9456509369968391
302966023,39.2355244,9.0990156,0.9946978242064076,0.9968406880861165,0.9849540281692774,0.5421784756859284,0.9908157307607538,0.9849540281692774,0.9457998009826885
302966025,39.2357639,9.0995264,0.9951490549744644,0.9972353994521187,0.9857942692695154,0.5416364948637219,0.9908413082411732,0.9857942692695154,0.9498409156548127
302966026,39.2349974,9.0979759,0.9933903711959917,0.9957322019111459,0.9824374652913379,0.5435399590016136,0.9903653805115225,0.9824374652913379,0.9436657128667356
302966027,39.2341618,9.0990826,0.995042217385457,0.9970540464161588,0.9860431741053439,0.5425294539070019,0.9908018098918723,0.9860431741053439,0.9424925613537679
302966029,39.2265155,9.100324,0.9889993641674425,0.9834488247519632,0.9889993641674425,0.5463437168885833,0.9673680650606834,0.9489416349049414,0.9190783425247426
302966030,39.2239723,9.1037242,0.996592667404903,0.9906913337896578,0.996592667404903,0.5433461276180008,0.9613212607306744,0.9725660655963079,0.9299955339551753
302966031,39.2231178,9.1048597,0.9984658464450047,0.9942993859221539,0.9984658464450047,0.5411488971775585,0.964361568213795,0.9791348730893245,0.9277487238114458
302966033,39.2250448,9.1036232,0.9930293946055022,0.9859912982530504,0.9930293946055022,0.5436021330877446,0.9550791819756239,0.9613096502846679,0.9275693023520394
302966093,39.2295762,9.1105557,0.9917662152144233,0.9886923549882523,0.9917662152144233,0.5033018389797481,0.9618960976414868,0.9917662152144233,0.9630557145860295
302966094,39.2307353,9.1094244,0.986334099748113,0.9814174279248132,0.986334099748113,0.498056993035809,0.954460345443487,0.986334099748113,0.9540180873845031
302966095,39.2311169,9.1090946,0.984154372238741,0.9788021679418462,0.984154372238741,0.4948786109922545,0.9503717162836526,0.984154372238741,0.9507974282462526
302966096,39.2302993,9.10863,0.9827931096437852,0.9772500625214464,0.9827931096437852,0.4969203152067748,0.9536999179745045,0.9827931096437852,0.950722273891045
302966097,39.2304615,9.1089634,0.9842858271085494,0.9789626167510594,0.9842858271085494,0.4967407310339363,0.9539005381222299,0.9842858271085494,0.9515677863477916
302966098,39.2292307,9.108981,0.9839901156728601,0.9780080249471709,0.9839901156728601,0.5027167582069944,0.960080577197987,0.9839901156728601,0.954910381219034
302966109,39.2219151,9.1135887,0.999829603354096,0.9960519608952988,0.999829603354096,0.46315683484022374,0.9555299985550503,0.9979253351150792,0.9422277970503921
303202277,39.2413271,9.0875291,0.8899962812695985,0.8905245289241377,0.857034093629677,0.49130172844680875,0.8918175887132315,0.857034093629677,0.8807576821377985
303202283,39.2433902,9.0899771,0.9254718033547233,0.9283146093177209,0.8982360707306797,0.5109499402029808,0.9284656016935274,0.8982360707306797,0.9097921101699533
304576392,39.2425528,9.1129263,0.9836387588649556,0.9864629425107263,0.9723420242818726,0.4744332731787497,0.9589173013435387,0.9723420242818726,0.9317589835834125
304576393,39.2425436,9.1128615,0.9838137659751224,0.9866039138942423,0.9726531742986425,0.4747378469119088,0.9592299719453603,0.9726531742986425,0.9320951364952142
304576399,39.2425185,9.1125245,0.9841532951622963,0.9871021433615,0.9723579023654815,0.47631001907039006,0.9611464214930842,0.9723579023654815,0.932857465805872
304576401,39.2428209,9.1131226,0.9826600420567039,0.985638186644458,0.9707474637056875,0.47342542417775607,0.9577641375500208,0.9707474637056875,0.9304470043770268
304576403,39.241911,9.1097068,0.991892301075868,0.9942689021904058,0.9823858966177171,0.4916368306149731,0.9743184069229555,0.9823858966177171,0.9438668515728885
304576404,39.2420471,9.1097557,0.9915018764582908,0.9938982859333266,0.9819162385581474,0.49042684867270747,0.9736794891420677,0.9819162385581474,0.9423844561374166
304576406,39.2422217,9.1107294,0.9888799524206707,0.9916100302215839,0.9779596412170183,0.48558977718619306,0.9695028765414759,0.9779596412170183,0.9364664759795525
304576459,39.2432414,9.1103237,0.9822519688984536,0.9855423384120876,0.9690904908439173,0.47663369710607295,0.9601235673207997,0.9690904908439173,0.9254493942044063
304576473,39.2407696,9.1111997,0.9952760946111557,0.9972417237395653,0.9874135780975175,0.49264752625557917,0.9718075999724143,0.9874135780975175,0.9518564238226548
304576490,39.2420214,9.1115662,0.9902502633922198,0.9931391997316495,0.9786945180345008,0.4829966985718514,0.9670975215387307,0.9786945180345008,0.9405205850513529
304576502,39.2406196,9.1071332,0.9968445718394493,0.9983714244421895,0.9907371614284886,0.5042408444249816,0.982838511643418,0.9907371614284886,0.952784203227185
302966034,39.2256921,9.1035032,0.9908814509920622,0.982556503046521,0.9908814509920622,0.5429043834654611,0.9500268516957333,0.9555824912465509,0.9224741355375891
302966035,39.2260722,9.1032888,0.9892461009466933,0.9807366231773151,0.9892461009466933,0.5424316877151698,0.9471721417175311,0.9528459679100266,0.9198935420574486
302966037,39.227634,9.1018013,0.9795922849275771,0.9692978644416244,0.9795922849275771,0.5418301593714749,0.9397737989770887,0.9359466018016672,0.9059504984268025
302966038,39.2257816,9.1037193,0.9899595695289007,0.9816667320756001,0.9899595695289007,0.5424088641287862,0.9483111245547485,0.9541267322632702,0.9215115785583032
302966039,39.2254043,9.1042716,0.9908831047302,0.9818994527633165,0.9908831047302,0.5418063097630885,0.9488312429618307,0.9588415961015166,0.9262883302786419
302966040,39.2248091,9.1051704,0.9931014206090678,0.9849896522247109,0.9931014206090678,0.5407363253821006,0.9503042369202476,0.9645145259808697,0.9293144584185488
302966045,39.2250547,9.1055797,0.9919449543399654,0.9832979603317464,0.9919449543399654,0.5399668988924503,0.9474100535352155,0.9686681057449147,0.9310366573141697
302966059,39.2247165,9.1078834,0.9893284172122545,0.9858671543954654,0.9893284172122545,0.5277093944324082,0.9511349482015733,0.9893284172122545,0.9466695751792913
302966061,39.2244028,9.1084025,0.9904476758469216,0.9869832541862905,0.9904476758469216,0.5258848150601093,0.954475559095303,0.9903515428854027,0.9490573421369352
302966064,39.2247274,9.1092607,0.9903792875537589,0.9875024505720867,0.9903792875537589,0.5223792030187686,0.953326297107395,0.9903792875537589,0.9523297397066499
302966065,39.2252122,9.1099633,0.9917786911767645,0.98868541068456,0.9917786911767645,0.5208405177265857,0.958033078501292,0.9917786911767645,0.9570402068973202
302966066,39.2254414,9.1103607,0.9908601780909695,0.9902633997091091,0.9908601780909695,0.5225714832406407,0.9613511666588633,0.9908601780909695,0.9591517070055857
302966067,39.2263853,9.1082652,0.9814951363660384,0.9800228329199245,0.9814951363660384,0.5085298371802603,0.9631778129281385,0.9814951363660384,0.95330455838717
302966070,39.2240514,9.103846,0.9963815013689563,0.9903361107587221,0.9963815013689563,0.543188477411089,0.960557164448832,0.9713737774617236,0.9298130900231152
302966071,39.2220729,9.1096082,0.999057730895321,0.9986798166238394,0.999057730895321,0.526550727796147,0.9686316044528535,0.9966274270970389,0.944541474879305
302966074,39.223389,9.1088611,0.9980151448359165,0.996765441892783,0.9980151448359165,0.5324782498339506,0.9634096419306265,0.9958589284039728,0.9500060577921523
302966076,39.2244101,9.1079944,0.990939029437567,0.9873756111836338,0.990939029437567,0.5273441728255479,0.9534699182160277,0.9905324612649617,0.9482767957180823
302966089,39.2300271,9.1094397,0.9862117430134617,0.9812449858804182,0.9862117430134617,0.5004539327948015,0.9576093831171125,0.9862117430134617,0.9562713698226156
302966091,39.2302609,9.1098774,0.9887834289727891,0.9845578545023916,0.9887834289727891,0.5010970482472022,0.9576888198004502,0.9887834289727891,0.9578156186301202
302966092,39.2291577,9.1109928,0.9925624859950927,0.9907596656044981,0.9925624859950927,0.5050574774760126,0.9639157949987142,0.9925624859950927,0.9656565001610812
302964741,39.2381941,9.1084697,0.998713883313762,0.9995742434295614,0.9952724428505647,0.5095336794202793,0.9847663502904233,0.9952724428505647,0.9628396896584843
302964743,39.2379289,9.1091027,0.9985916143318654,0.9994182445873904,0.9952850933097657,0.5063929105515154,0.9834985903613503,0.9952850933097657,0.9629818010326219
302964744,39.237522,9.1095441,0.9982126336422701,0.9990698680096548,0.9947836961727311,0.5025754489645785,0.9809687299919823,0.9947836961727311,0.962708696491976
302964745,39.2369716,9.1100491,0.9983306023730848,0.9989417696631052,0.9958859332130031,0.500049290648131,0.9790140368039185,0.9958859332130031,0.9641159486503056
302964746,39.2378116,9.1068949,0.9989349386734301,0.9996941594363016,0.995898055621944,0.5164010353662373,0.9875842528560578,0.995898055621944,0.961734359998314
302964748,39.2375424,9.1073861,0.9990532496180802,0.9997681231987613,0.9961937552953558,0.5149884371154646,0.98757504975533,0.9961937552953558,0.962961559084055
302964753,39.2372664,9.1082615,0.9988539906843128,0.9996363296542125,0.9957246348047144,0.5117551319442833,0.9858833928121451,0.9957246348047144,0.9599114641878203
302964757,39.2370857,9.1088422,0.9990508129424638,0.9996787485496097,0.9965390705138799,0.5098108939436367,0.985230006890431,0.9965390705138799,0.9640476970795724
302964759,39.2366205,9.1096744,0.9988927524915955,0.9995283149951097,0.9963505024775382,0.5061283243024811,0.9827102919304346,0.9963505024775382,0.9647920668534105
302964761,39.2376466,9.105985,0.9989157433234346,0.9996806967202707,0.9958559297360902,0.5186050888293073,0.9882079960437229,0.9958559297360902,0.9617798127325159
302964764,39.2371162,9.1070856,0.9990775166907728,0.9997834523295044,0.9962537741358465,0.5176108596109237,0.9882439122415648,0.9962537741358465,0.9648577857301835
302964766,39.2366653,9.1083672,0.9991218442870223,0.9997018443539067,0.9968018440194845,0.512959245937604,0.9865016441182644,0.9968018440194845,0.9667094805996619
302964768,39.2362219,9.109399,0.9988080641237165,0.9994698927185698,0.9961607497443032,0.5050292594319188,0.9821192053710714,0.9961607497443032,0.9631576766604207
302964773,39.2375804,9.1085883,0.9986801407502673,0.9995221671777559,0.9953120350403132,0.5099789396703153,0.984802844815908,0.9953120350403132,0.9577919632423847
302964776,39.2378266,9.1077494,0.9989242943444443,0.9996929478696754,0.9958496802435199,0.5132378704578565,0.9865709432369743,0.9958496802435199,0.9607965103349931
302964778,39.2373865,9.1090827,0.9983709036673685,0.9992892536386997,0.9946975037820437,0.5073337963950865,0.9833625519686379,0.9946975037820437,0.9544492029208982
302964782,39.238366,9.1088066,0.998647077816503,0.9995833538981072,0.9949019734900865,0.5070076223923139,0.9832983901524457,0.9949019734900865,0.9603398343242516
302964784,39.2392053,9.1105098,0.9971121957819798,0.9986220547369761,0.9910727599619952,0.49603405686720603,0.975063916896787,0.9910727599619952,0.9535766304555222
302964786,39.2396346,9.1113939,0.9967930583956828,0.9984252281992193,0.9902643791815366,0.4928643014826829,0.9734293015684277,0.9902643791815366,0.9556820388119204
302964788,39.239195,9.108089,0.9982938575261245,0.9993912928246174,0.9939041163321531,0.5090224957752576,0.9829525181594442,0.9939041163321531,0.9588710112156711
304578833,39.250485,9.1005172,0.9505242704819171,0.9399863408523936,0.9505242704819171,0.4755088841185188,0.9343825905672689,0.9505242704819171,0.9091240254321475
304578840,39.249966,9.1030456,0.9673499513821467,0.9542508950290721,0.9673499513821467,0.4816114041489894,0.9455731157365207,0.9673499513821467,0.9191343772379142
304579940,39.2523462,9.0992659,0.9229983302901242,0.9184627489194013,0.9229983302901242,0.45628052625813753,0.9105968096600076,0.9229983302901242,0.8868348660821059
304579967,39.2497042,9.1145416,0.9948564301089575,0.9771512411238712,0.9948564301089575,0.3939235355861932,0.8872265812141235,0.9948564301089575,0.925409356933311
304579989,39.2522695,9.1001704,0.9279741679716266,0.9233063855239855,0.9279741679716266,0.4622901604476686,0.9173893797002148,0.9279741679716266,0.8930864102312225
304579993,39.2524606,9.0992705,0.9218737164687371,0.9174365847778259,0.9218737164687371,0.45566278616826045,0.909637769748211,0.9218737164687371,0.8858820762781441
304579996,39.2532255,9.0967681,0.8994618322371422,0.8979472543857672,0.8994618322371422,0.44143491100384225,0.8886436133302781,0.8994618322371422,0.8816849555181374
304580002,39.253335,9.0961291,0.8930109298312887,0.8930152507369898,0.892993646208484,0.43766758257240207,0.882220788299535,0.892993646208484,0.8823338849020833
304580003,39.2533252,9.0963322,0.8937512843191763,0.8938591833787745,0.8933196880807834,0.4378983246296353,0.8830502431900958,0.8933196880807834,0.8820953733583603
304580011,39.2532197,9.0947514,0.8846574315501798,0.8822187053968005,0.8846574315501798,0.4278525345128671,0.8687258989782627,0.8846574315501798,0.8846243403216222
304580019,39.2533679,9.0932624,0.885207585336525,0.8711409387625776,0.8659850833798952,0.4292990939208128,0.8618300930212859,0.8659850833798952,0.885207585336525
304580021,39.2536014,9.092115,0.8866507887938853,0.8663763772537886,0.8556282238829224,0.43396639473345994,0.8601121891656179,0.8556282238829224,0.8866507887938853
304580027,39.2538349,9.0994972,0.9044462305691291,0.9040909981434897,0.9044462305691291,0.44644235664855947,0.8953863914179141,0.9044462305691291,0.871507539343833
304580034,39.255311,9.0983344,0.8846580267971649,0.8856166523234588,0.8808235246919892,0.4300178574619924,0.8730636036013127,0.8808235246919892,0.8626215330452286
304580036,39.2551812,9.097829,0.8805297208811608,0.8815727865116506,0.8763574583592015,0.42504563770374787,0.867786068959137,0.8763574583592015,0.862241121452091
304580037,39.2540431,9.0971796,0.8875089635965517,0.8882413545323736,0.8845793998532643,0.43162376422282817,0.8756962100400467,0.8845793998532643,0.8729595214028386
304580041,39.2538328,9.1005222,0.9079001170206331,0.9079382441944375,0.9077476083254155,0.44864935918513943,0.8994626351936176,0.9077476083254155,0.8747653566918125
304580043,39.253839,9.1012676,0.9019145787071113,0.9024394908157728,0.8998149302724657,0.4454751611875185,0.8938136550030891,0.8998149302724657,0.868936435278229
304580055,39.25301,9.1004998,0.9190500665797834,0.9157763206401706,0.9190500665797834,0.4547413214177438,0.9076886254159316,0.9190500665797834,0.8835044209167066
304580059,39.2538211,9.0947472,0.8793940584364244,0.8762731159248138,0.876936385423273,0.4243529124539836,0.8617420770213776,0.876936385423273,0.8793940584364244
304695992,39.2537792,9.132914,0.9788631742349982,0.9789136805547827,0.9092430068513088,0.3191823588399098,0.7569226234448874,0.8550775952153115,0.9786611489558604
304695998,39.252719,9.1340102,0.9844506078884875,0.9858941678301496,0.9082496929022719,0.3295603059388341,0.77471642913752,0.8669393125641912,0.9786763681218392
304696617,39.2499863,9.1338673,0.9917674933098275,0.9944015041136943,0.9231054731121832,0.3464580352948994,0.8034698074911186,0.887472031042099,0.9812314500943601
304696618,39.24965,9.1343362,0.9920292250377705,0.9947354803879517,0.9210795817745396,0.34241294220521007,0.7975763268535881,0.8880294890376907,0.9812042036370456
304696619,39.2495939,9.1344147,0.9919187326908273,0.994640819164105,0.9203811775427022,0.34197383204881593,0.7963742122602613,0.8871354285431076,0.9810303867977167
304696620,39.2494529,9.1346236,0.9925647191303384,0.9953098793940998,0.9210874605283468,0.3424770865187742,0.7973751214751416,0.8887173047041025,0.9815840780752929
304696621,39.2499727,9.1325729,0.9933036450881526,0.9958520079583255,0.9331802320942519,0.35725093692312104,0.8222910917333204,0.8981934991874339,0.9831101936074608
304696622,39.2494668,9.1332494,0.9923433573398941,0.9953474831260481,0.9192511682325311,0.34473899310174067,0.802299780561987,0.889421910861075,0.9803268541952779
304696623,39.2491204,9.1337069,0.9929792375377076,0.996005363486727,0.9212148061956411,0.34566465155328574,0.8034848848595455,0.8919256776517236,0.9808747337416301
304696624,39.2487976,9.1341013,0.9935652547707143,0.9965878662413314,0.9235443104578569,0.3467594365045072,0.8054666235236484,0.8947402841433542,0.9814748088882457
304696625,39.2491834,9.1329034,0.9913735304120583,0.9944509017950516,0.9156246488585363,0.34117848792795846,0.7963064588321239,0.8856700108897021,0.9790640448800854
304696629,39.2433872,9.1383699,0.9917556449678488,0.9939207442856671,0.9192632362703106,0.3222444001853786,0.8116008269339637,0.9028099761865532,0.9830952476965759
304696631,39.2433681,9.1382071,0.9918726882452278,0.9940824278921373,0.9197363936597452,0.32304754824915327,0.8128080788725839,0.9036426234053789,0.9830337296575895
304696632,39.2433167,9.1381896,0.9920471409820304,0.9942802195520554,0.9200415469428767,0.32409074482563055,0.813260308365511,0.9039590500270888,0.9831148267019304
304696635,39.2432435,9.1383438,0.9915533438681297,0.9936525524533579,0.918725496748686,0.32136375934054207,0.8106199710025139,0.9021556906456611,0.9831565095272168
304696639,39.2438188,9.1382681,0.9854397709809193,0.9873276886623115,0.8947498709740701,0.3007461926886996,0.7615848137870221,0.8732738103937878,0.9778881002553508
304696641,39.2462787,9.1379784,0.9892113449516318,0.9922817730506932,0.8977169172952145,0.3189076085165884,0.7598654249241024,0.8739834918948352,0.9769296325553858
304696656,39.2428394,9.1376558,0.9924674945452895,0.9949089124015656,0.9229352973448024,0.32846156025267903,0.8197438988235053,0.9081858675505505,0.9827018231201847
304696662,39.2429135,9.1379401,0.9909652916226402,0.9930881700016571,0.9174932181980475,0.3198823513070459,0.8095619785516717,0.901275781538878,0.9824737781065728
304696667,39.2432686,9.1385348,0.9907589082507845,0.9927499576083966,0.9163407749115603,0.31843519862915165,0.8066067864096645,0.8992517679850811,0.9827947108203362
304578764,39.2458534,9.1042512,0.9795789300094047,0.9819428119173013,0.9700154217505919,0.503139140981919,0.9705553248867219,0.9700154217505919,0.9452855558821337
304578772,39.2459608,9.104083,0.9622661447462929,0.9651010379803383,0.9483702993537507,0.504416692897303,0.9611516616355519,0.9483702993537507,0.9280200495213606
304578781,39.2435212,9.1022075,0.9787164730859765,0.9808316971493456,0.9686439318044282,0.519309568429231,0.9767021569447895,0.9686439318044282,0.9429164535011233
304578788,39.2456791,9.1039105,0.9781196919140317,0.9805895201366982,0.9680984984865055,0.500135560837112,0.9688079011708062,0.9680984984865055,0.944190494684623
304578792,39.246078,9.1043367,0.9609899626540708,0.9465933068861303,0.9609899626540708,0.47388248592988536,0.9397240198382389,0.9609899626540708,0.9007307399653476
304578796,39.2491898,9.1032116,0.9747218034835162,0.9550855661147936,0.9747218034835162,0.48552517194828804,0.9487508339490069,0.9747218034835162,0.9192183675755952
304578798,39.2494125,9.1029801,0.9729847824470153,0.9595163672595711,0.9729847824470153,0.4876298235674592,0.951513610634988,0.9729847824470153,0.9242030451515599
304578799,39.249439,9.1029238,0.9725425771188716,0.95917197103127,0.9725425771188716,0.48738619213456974,0.9512020127622968,0.9725425771188716,0.9239366761468253
304578800,39.2495194,9.1026073,0.9703012428756499,0.9574157203183074,0.9703012428756499,0.48615409617540567,0.9496141088911707,0.9703012428756499,0.9225998350759259
304578805,39.2492231,9.1033157,0.9747397948674277,0.9551630019145237,0.9747397948674277,0.4854594216918699,0.9488093002339828,0.9747397948674277,0.9191489476398217
304578807,39.2494541,9.1032667,0.9742439953735235,0.9543163326528066,0.9742439953735235,0.4836020054767337,0.9470212571232163,0.9742439953735235,0.9182836006508182
304578809,39.2496699,9.1028466,0.9703495245163037,0.9574325110100237,0.9703495245163037,0.48616569909511026,0.9496291557546737,0.9703495245163037,0.9223839364015081
304578813,39.2495395,9.1033315,0.9750735886953666,0.9546854763389587,0.9750735886953666,0.48391470573319695,0.9473111359628104,0.9750735886953666,0.919006860814954
304578814,39.249634,9.1034933,0.9762670800735277,0.9537300624613593,0.9762670800735277,0.48378467960584326,0.946733255261674,0.9762670800735277,0.9188280852785253
304578816,39.2497798,9.1031782,0.9676912375263542,0.9550143846661662,0.9676912375263542,0.48191179873972373,0.9469770934995686,0.9676912375263542,0.919946184500035
304578819,39.2498145,9.096613,0.9222202176899075,0.9175678919956566,0.9222202176899075,0.4578485695211715,0.9103334179958187,0.9222202176899075,0.9035694057403852
304578823,39.2495627,9.1011037,0.9592964107725214,0.9479254031894493,0.9592964107725214,0.4773988088995023,0.9397024662786471,0.9592964107725214,0.9157331414119256
304578827,39.2510855,9.1001299,0.9406533736662954,0.9337801754163748,0.9406533736662954,0.4686775320116805,0.9269712759221296,0.9406533736662954,0.9034942419959003
304578830,39.2521792,9.1000469,0.929217125376918,0.9244446692487271,0.929217125376918,0.4629718410051442,0.9184295131646527,0.929217125376918,0.8942146713531098
304578832,39.2505352,9.1022235,0.9199637048679267,0.9185236677507383,0.9199637048679267,0.4559195648256882,0.9109711961825834,0.9199637048679267,0.8862085904096334
304580062,39.2541276,9.0955525,0.8707606469711611,0.8669327223636027,0.8656900072755204,0.41749979420545347,0.8520554577784861,0.8656900072755204,0.8707606469711611
304580064,39.2538542,9.0933223,0.8807570256844238,0.8660901535243324,0.8603824100377501,0.4260922727630753,0.8554610657305621,0.8603824100377501,0.8807570256844238
304580068,39.2547865,9.0955666,0.8643568685394613,0.8636301036143998,0.8567572208318072,0.4140820494817183,0.8474448934000368,0.8567572208318072,0.8643568685394613
304580074,39.2551247,9.09757,0.8782415609508298,0.8795202132484634,0.8731269517602954,0.42381380927095186,0.8647347002297416,0.8731269517602954,0.859940298833902
304580076,39.2553743,9.0985993,0.8823202444049669,0.8835117709650452,0.8775541381646538,0.42621490239951126,0.8697431866569209,0.8775541381646538,0.859620097237904
304580086,39.2574455,9.1002993,0.8548065220798378,0.856933556185729,0.8462983856562727,0.40804069400671283,0.8392886364365779,0.8462983856562727,0.8315021169086817
304580092,39.2560839,9.0956035,0.85137976620075,0.8504394227413987,0.8402150332668851,0.4050542948654438,0.8328060880345501,0.8402150332668851,0.85137976620075
304580240,39.2415432,9.0942729,0.9567269769588099,0.9599089798319852,0.940596583262478,0.5027631104752875,0.9576084942806324,0.940596583262478,0.9314529853589802
304580241,39.2409328,9.0945052,0.9600352394411579,0.9634646204412028,0.9429855256530424,0.5050553861349293,0.959646474592721,0.9429855256530424,0.9319836956367152
304580242,39.2394856,9.0950352,0.9471804359332185,0.9510884835000949,0.9276103654048715,0.49543609543098033,0.947299766709078,0.9276103654048715,0.9238058981345516
304580244,39.2409527,9.0967661,0.9729937164552123,0.9760317250816627,0.9582287772100911,0.5151113753161737,0.9712933009066878,0.9582287772100911,0.9399747839323862
304587520,39.2418418,9.1207364,0.9850882574533,0.9858616282104449,0.9819947744247202,0.43224588712676604,0.9212598643629962,0.9819947744247202,0.9602882282287423
304587524,39.2430553,9.1192347,0.9835376466420563,0.9863303261130577,0.9723669287580511,0.41890008175399607,0.9078831541273572,0.9723669287580511,0.9554450390567903
304587527,39.2433129,9.1210715,0.9861029607303924,0.9902136057556223,0.9696603806294728,0.41505516960433486,0.9048244410033651,0.9696603806294728,0.9575847279530308
304587529,39.2430111,9.1215205,0.9874012363091011,0.9911933078713507,0.972232950060103,0.41871710009130764,0.9084375906106067,0.972232950060103,0.9602330274100644
304587531,39.2427323,9.1219344,0.9851201454682399,0.9876623004074646,0.9749515257113412,0.42130903126518676,0.9114874650718032,0.9749515257113412,0.9579649038743094
304587532,39.2439026,9.1223965,0.9868846978403548,0.993277444504737,0.9613137111828264,0.4081556775419932,0.8961867792874135,0.9613137111828264,0.9587517404248646
304587534,39.2435114,9.1220687,0.9856966772608093,0.9920162361517113,0.9604184416972013,0.40712865058974174,0.8951189110467845,0.9604184416972013,0.9564815891092835
304587535,39.2432464,9.122499,0.9876440471870603,0.991749209414857,0.9712233982758737,0.41936948533247076,0.9080197090700084,0.9712233982758737,0.9603783751397805
304587536,39.2424046,9.1214929,0.9858924951017694,0.987970834416325,0.9775791378435463,0.42519657528263866,0.9151832733296772,0.9775791378435463,0.9600624655742562
304576554,39.2378105,9.1031722,0.998453047616698,0.9994374124223135,0.9945155883942354,0.5297419827581119,0.9901965948346849,0.9945155883942354,0.9590596940023726
304576555,39.2380795,9.1022212,0.9972756526165891,0.9985564827756114,0.9921523319805001,0.5304586065726975,0.9897535929301604,0.9921523319805001,0.9561545150444385
304576556,39.2389889,9.1029926,0.996586201494239,0.9979910136334672,0.9909669529373265,0.5259501093996499,0.9888814356718664,0.9909669529373265,0.9537898123665617
304576557,39.2384271,9.1015067,0.9953867650654344,0.9971243382865734,0.9881068980414592,0.5321796598396497,0.9897547687385557,0.9881068980414592,0.952642812041001
304576558,39.2393512,9.1022781,0.995471090345548,0.997044948766649,0.9891756566611445,0.5279216542267834,0.9888736497434584,0.9891756566611445,0.9541265611489044
304576560,39.2377248,9.1000199,0.9956726443120707,0.9973331038284797,0.9889115434838336,0.5357762848957999,0.9895078572968377,0.9889115434838336,0.9529650872808477
304576563,39.2387691,9.1000226,0.9950390778308648,0.9967556330873657,0.9878144219550228,0.536357526012227,0.9896065962042158,0.9878144219550228,0.9553051642933746
304576564,39.2410821,9.1007995,0.9901015752401698,0.9919006166664839,0.9819787904629332,0.5288676809101553,0.9866118858228355,0.9819787904629332,0.9532939324493789
304576571,39.2406022,9.0994253,0.9884843351368777,0.990446284674627,0.9794843217290634,0.5282115601991213,0.9852453980131487,0.9794843217290634,0.9489528823359102
304576577,39.2406549,9.0996313,0.9877310379916263,0.9897061852480895,0.9786132804830745,0.5266838144591562,0.9846991228965696,0.9786132804830745,0.9483183693515899
304576578,39.2397752,9.0982325,0.9893280379966688,0.991492482284722,0.9795778798994846,0.5292071040113615,0.9850397846243417,0.9795778798994846,0.9458759370102248
304576579,39.2400217,9.0985816,0.9907200283995408,0.9927722513729507,0.9816445532816083,0.5303254348261074,0.9859774694030718,0.9816445532816083,0.9483844357807937
304576580,39.2390129,9.0994198,0.9939329488851977,0.995753765138393,0.9861677533940582,0.5346359978931534,0.9885774057858503,0.9861677533940582,0.9545986050767694
304576582,39.2383728,9.0979724,0.9907813967206447,0.9930777726759479,0.9805656736161616,0.5324173224703889,0.9857167700325115,0.9805656736161616,0.9528090354995251
304576583,39.2386625,9.0986236,0.9922811276551357,0.9943779031304507,0.9831147896922353,0.5331025280842656,0.987010970000436,0.9831147896922353,0.954063526735459
304576584,39.2388137,9.0989664,0.9929998545587794,0.9949548323382909,0.9845216841705314,0.5334827033636469,0.9878129805215402,0.9845216841705314,0.9543145707973906
304576587,39.2369301,9.0982624,0.9939255557824133,0.9961095707510138,0.9840709984913526,0.5406892278960151,0.9896634855746449,0.9840709984913526,0.9528642474625353
304576588,39.2372758,9.0988081,0.9917688188007289,0.9942904368685442,0.9801671277642229,0.5374417157365973,0.9877432215904453,0.9801671277642229,0.9501011332406311
304578757,39.2431323,9.1008625,0.9688880790626108,0.9713375735896327,0.9564960700491303,0.5105264939934925,0.9694662245760929,0.9564960700491303,0.9353235956973348
304578760,39.2430552,9.1016325,0.9814789025188001,0.9833406029088804,0.9729050742196531,0.5206895716633182,0.9785402079137836,0.9729050742196531,0.9467623288442706
304594799,39.2608164,9.1214567,0.9200451703813435,0.9052931640863491,0.8781694991580287,0.276856166872045,0.708883196004991,0.8601473568114498,0.9200451703813435
304594800,39.2605373,9.1222216,0.924487600444444,0.9103450926480992,0.8792594853896101,0.2798635459685789,0.7075816652837207,0.856616332529354,0.924487600444444
304594801,39.2602644,9.1229459,0.9294140015568734,0.9161793642747457,0.8836337720634835,0.2827752394066915,0.7120488285950548,0.8602223227903987,0.9294140015568734
304594804,39.2590996,9.1239282,0.9403099750144573,0.9296070986177825,0.8963033801559266,0.2893795272970521,0.7286891167451708,0.8762626119931498,0.9403099750144573
304594805,39.2575667,9.1250379,0.9522959354949263,0.9442470103725515,0.9091146997701496,0.29802229462818736,0.7453502568413067,0.891488799597705,0.9522959354949263
304594806,39.2573384,9.1252267,0.9540531713076363,0.9463990252561298,0.9112411876132839,0.29948434955674713,0.7489961539542046,0.8943106228216694,0.9540531713076363
304594807,39.2569809,9.1255248,0.9566106097799192,0.9497155900756529,0.9146990658211841,0.3023195664433551,0.7544984976290452,0.8993342697528939,0.9566106097799192
304594808,39.2565751,9.1258741,0.9591699785246762,0.9534119644118119,0.9185069818956407,0.30497651147412386,0.7607004830566418,0.9049391332750212,0.9591699785246762
304594810,39.2604558,9.1212554,0.9170246216532113,0.9015545625302931,0.8762489415180817,0.2756993552873958,0.7072432389622595,0.8593086069569621,0.9170246216532113
304594811,39.260057,9.1210657,0.913965967408881,0.8974760203068626,0.8745652034908646,0.27379303747213024,0.7055699567275541,0.8584614283720257,0.913965967408881
304594813,39.2594085,9.1205977,0.9086549815658552,0.8927666245440656,0.8742790697635718,0.2728811601896094,0.70755987419126,0.8633050761306005,0.9086549815658552
304594814,39.2591996,9.1204394,0.9070405805926155,0.891451454020264,0.8754119416072367,0.2729356727387164,0.7106475159188669,0.8675917665528166,0.9070405805926155
304594815,39.2588706,9.1201485,0.9038201199487855,0.8879695379986969,0.8744981875515465,0.27118696249524205,0.7096165645513016,0.8675272361055968,0.9038201199487855
304594818,39.258359,9.1195512,0.902497268548807,0.8927767489519179,0.891788790705177,0.28584186930560457,0.7367682785733911,0.891788790705177,0.902497268548807
304594819,39.2577637,9.1201993,0.9040892839863752,0.9045830557853924,0.9007555207167631,0.29317716958604306,0.7485673775607317,0.9007555207167631,0.9021141967903066
304594820,39.2584654,9.1211633,0.9107421010096751,0.8942882424541886,0.8880951155048431,0.28655008941642784,0.7348566099040184,0.8880951155048431,0.9107421010096751
304594822,39.2593496,9.1221593,0.9226457881644965,0.9074968362711782,0.8854213465934129,0.281804551697958,0.7209965693670498,0.8736009205172565,0.9226457881644965
304594823,39.2597385,9.1217431,0.916924473585031,0.9001753100812611,0.8754542554263266,0.2755769387154387,0.7054821027113592,0.8565937702840247,0.916924473585031
304594826,39.2607942,9.1158179,0.8683254177969251,0.8553942565239188,0.8683254177969251,0.2735474220197252,0.6958661865911961,0.8683254177969251,0.8585576056571338
304594829,39.2596923,9.1172795,0.8865660337160595,0.875210325528608,0.8865660337160595,0.2822630542227741,0.7156381074636253,0.8865660337160595,0.878348193884437
304596689,39.2550555,9.1178229,0.9353082814700657,0.935330127187833,0.9352208985989963,0.31456754207992277,0.7885331400542619,0.9352208985989963,0.9123062524904928
304596690,39.2541521,9.1187552,0.945559687716439,0.9460002836075595,0.943797304151957,0.3215424582340553,0.7995142467220426,0.943797304151957,0.9226283627454255
304596691,39.2536333,9.119286,0.9513858669642026,0.9516529819306915,0.9503174070982472,0.32531187266819095,0.8076573794918858,0.9503174070982472,0.9274107888157763
304596693,39.2576649,9.1184294,0.9035563150974233,0.8991169630255617,0.9035563150974233,0.2920805959710041,0.7495236045771806,0.9035563150974233,0.8832020899663025
304596709,39.2557754,9.1180652,0.9278465805460515,0.9278423774199602,0.9278465805460515,0.3092823187106696,0.7797575061802832,0.9278465805460515,0.907291703225219
304596714,39.2567701,9.1186035,0.9184698483855818,0.9184748633609867,0.9184497884839619,0.3033787325172379,0.7685532509212861,0.9184497884839619,0.9000458057287245
304596718,39.2552632,9.1186067,0.9136626914012428,0.9121942365246885,0.9136626914012428,0.2992010695244915,0.7620190143776359,0.9136626914012428,0.8950972890372721
304596723,39.2543046,9.1230957,0.9457638762010678,0.9434817118075153,0.9357145352868302,0.3157000693438356,0.7891595777669264,0.9357145352868302,0.9457638762010678
304596725,39.2552112,9.1243072,0.9549058528268561,0.9536087658491749,0.9261204207668098,0.3095365485833188,0.7754294231793124,0.922720027191439,0.9549058528268561
304596726,39.2548945,9.1248383,0.9578215211013166,0.9574199116301007,0.9228102929143372,0.30932309298301147,0.7662750394086426,0.9110897169763582,0.9578215211013166
304596727,39.2544466,9.124248,0.956970695115447,0.9572270271581813,0.9225936595432058,0.3088214160110416,0.7660738445941461,0.9107845882027799,0.9559453669445097
304596729,39.2546316,9.1253017,0.9608930841928988,0.9610385933906199,0.9249172288621259,0.3117241569662368,0.7705202599978173,0.9132485892567614,0.960311047402014
304596730,39.2541293,9.1246197,0.9600249828357109,0.9604607090018527,0.9255156408801788,0.31179712217581923,0.7715253029149141,0.9150051679396197,0.9582820781711442
304596731,39.2535619,9.1260565,0.9702662792121706,0.9713774501868584,0.9326268180671571,0.3210721255921852,0.7829290834947554,0.923840904549077,0.9658215953134192
304596732,39.2526718,9.1270853,0.9769871750568544,0.9785423540153099,0.9324604823611077,0.3291092200323398,0.7805973383268284,0.9169418803774734,0.9707664592230323
304596733,39.2525697,9.1270901,0.977560929991458,0.9791730078758667,0.9332367403868495,0.3296888097694205,0.7817203805309413,0.9183619372563525,0.9711126184538236
304596734,39.2539956,9.1266929,0.9666138423829556,0.9673102670396387,0.9282385192355459,0.31673986823356887,0.7750135294755446,0.9163015782304936,0.9638281437562226
304596735,39.2530436,9.1275005,0.9744441463798516,0.9757125286614009,0.9292207284854738,0.3255985247101481,0.7743704294382847,0.9115375228629294,0.9693706172536541
304596736,39.2532196,9.1256261,0.9614318417770392,0.9619865573994123,0.9302144026221237,0.3143195961605882,0.7812656920825379,0.926780526128297,0.9592129792875471
304596737,39.2525232,9.1264537,0.9748934074947826,0.9763252334131816,0.9337822161286911,0.3265206354490338,0.7830094726020269,0.9224041299219939,0.969166103821187
304591579,39.2609682,9.0840131,0.6949984884940883,0.6468432596681103,0.6507054415270815,0.3081022571315389,0.6412726764498894,0.6427781560591742,0.6949984884940883
304591582,39.2598202,9.0872337,0.7241899726548714,0.6741173882540348,0.6749653763858183,0.3230055977030421,0.6714731840232822,0.6619331616407114,0.7241899726548714
304591593,39.2604466,9.0859255,0.7967652576419562,0.7486538771326291,0.7480582801718796,0.3691439807154313,0.7436481580320385,0.7394753278589298,0.7967652576419562
304591608,39.2621929,9.0852576,0.7790436658957647,0.7294464056693118,0.7303608208637553,0.3583528811197581,0.7236233965543455,0.7207672285416175,0.7790436658957647
304591626,39.2582228,9.0832222,0.0,0.0,0.0,0.0,0.0,0.0,0.0
304594768,39.2612358,9.1154295,0.8610428447574744,0.8477810063556301,0.8610428447574744,0.2702608416715484,0.6881818711152377,0.8610428447574744,0.8520395099607155
304594769,39.2636588,9.1166608,0.8662501298812934,0.8412276408005661,0.8299139624244185,0.25635300330009864,0.6415910184223886,0.8174025974097211,0.8662501298812934
304594774,39.2633382,9.118529,0.8826561909744057,0.8588870544734359,0.8378445532529135,0.2590394690765252,0.6431654911678812,0.8152678228709216,0.8826561909744057
304594776,39.2629429,9.1197614,0.894214550690291,0.8738161006580072,0.8486155490201792,0.2637353014623171,0.6651555950401303,0.8240466694452545,0.894214550690291
304594777,39.262713,9.1205922,0.8977416280841177,0.877771704241955,0.8505400956788645,0.26516120331812487,0.666359050051353,0.8238586104174729,0.8977416280841177
304594781,39.2603033,9.1183197,0.8738007490199471,0.8619477378626722,0.8681135316230972,0.27346463738919236,0.7040578360687499,0.8681135316230972,0.8738007490199471
304594782,39.2600243,9.1181651,0.8738450773577263,0.862773757922715,0.8696650998180948,0.2740972300433429,0.7055286254864266,0.8696650998180948,0.8738450773577263
304594783,39.2594157,9.1178155,0.882848122241048,0.8732384218347833,0.8814303183280298,0.2796983007154578,0.7102503598399814,0.8814303183280298,0.882848122241048
304594785,39.2597144,9.1193972,0.8835449124652701,0.8721145096887881,0.8716961687737298,0.2760105839362213,0.7156713623146462,0.8716961687737298,0.8835449124652701
304594786,39.2587893,9.1186503,0.8930637955795127,0.8836263992358349,0.8860284111984341,0.282889465960421,0.7237173642124592,0.8860284111984341,0.8930637955795127
304594787,39.2599373,9.1195271,0.8997001881667274,0.8820262216738888,0.8714537853115593,0.27539832763949984,0.711744049628719,0.8677122035869397,0.8997001881667274
304594793,39.2618742,9.1204095,0.9070749630887249,0.8895748845773007,0.8612522118268395,0.26949761831152413,0.6785439479489033,0.8365134338743807,0.9070749630887249
304594795,39.2622285,9.1201646,0.9027344299169476,0.884364811847337,0.8567303748747004,0.2675099589210123,0.6731317261857965,0.8314812121439181,0.9027344299169476
304594796,39.2628512,9.1197211,0.8959215676035023,0.8759047728747693,0.8500766919996847,0.2642078081828379,0.6664219213352461,0.8252195631474497,0.8959215676035023
304594797,39.2613588,9.1207458,0.9128083114519672,0.8964760971078183,0.8672629897660875,0.2729005025477577,0.6935051746660472,0.8432955832891474,0.9128083114519672
304594830,39.2592871,9.118002,0.8853767574920917,0.87499433627855,0.8790418965213498,0.27888822318387824,0.7158623755273769,0.8790418965213498,0.8853767574920917
304594832,39.2584096,9.1193997,0.900667523135065,0.8919876021486511,0.8930720158764522,0.28650812235776496,0.7380747453238573,0.8930720158764522,0.900667523135065
304594833,39.2579875,9.1199726,0.9055194126447391,0.9060345442472857,0.9034588862345531,0.29468565203284663,0.7515322073627329,0.9034588862345531,0.9032526103908689
304594834,39.2576298,9.120339,0.9033114263206528,0.9037230197875011,0.8991115327268222,0.2922676113155939,0.7467727662616302,0.8991115327268222,0.9016650524532595
304594835,39.2573401,9.1206883,0.9003840699667701,0.9006406456404283,0.8953471979244527,0.28970583215971807,0.7423195401077385,0.8953471979244527,0.899357767272137
304594836,39.2570367,9.1210327,0.9075613592261218,0.8989664790608571,0.8947834998868406,0.2884676595327626,0.740857630349072,0.8947834998868406,0.9075613592261218
304594838,39.2562579,9.1215686,0.9321203353895848,0.9269775916183401,0.9219751801451281,0.3064347082698453,0.7730217121469332,0.9219751801451281,0.9321203353895848
304594839,39.2552675,9.1221557,0.9402874320173591,0.937317227343853,0.9309421671333843,0.3124639925646449,0.7841031469672289,0.9309421671333843,0.9402874320173591
304594840,39.2545149,9.1227864,0.9464924107192747,0.9449406492220223,0.9388886474863392,0.31749500389959423,0.7933502762750543,0.9388886474863392,0.9464924107192747
304594841,39.25643,9.121921,0.9198505221960359,0.9062875232424434,0.8936704005414132,0.283326751713692,0.7325625954707182,0.8891214617425043,0.9198505221960359
304594842,39.2565321,9.1221658,0.9199572877403961,0.9064111951902634,0.893728472499623,0.28369013707469354,0.7330084125544318,0.8892396731853621,0.9199572877403961
304594848,39.2577428,9.1218241,0.9081976691771705,0.8920949061571568,0.8765421573003038,0.2711875552472791,0.707401146914369,0.8638194445653143,0.9081976691771705
304594851,39.258207,9.121471,0.9107849288580733,0.8941801952436936,0.8771267671614574,0.27372158217602555,0.7106824625701595,0.8656430872482592,0.9107849288580733
304594852,39.2589992,9.1225277,0.9190856325274065,0.9027182959085861,0.8826424123027697,0.27900245720144284,0.7169765958401025,0.870050143840096,0.9190856325274065
304594853,39.257831,9.1214406,0.8916676333225928,0.8917675788137557,0.8864273426339546,0.2851125559579644,0.7327201452666436,0.8864273426339546,0.8912678513579413
304594854,39.2569212,9.1219225,0.9160629960663869,0.9011068339800287,0.8896341586592401,0.28145899700423704,0.7282074573078554,0.8848197093658288,0.9160629960663869
304594858,39.2569402,9.1226333,0.922279781903035,0.9084242208842697,0.8948172321245927,0.2855703919691654,0.7352198638912377,0.8902958931911206,0.922279781903035
304594870,39.2577241,9.1241317,0.9353721623151962,0.9227815282964942,0.9029956396155873,0.2944386746228517,0.745992245317987,0.8977631280014325,0.9353721623151962
304594879,39.2560258,9.1236125,0.9290719601300651,0.9231148472300055,0.9165108012711203,0.30342766784200664,0.7669538228420625,0.9165108012711203,0.9290719601300651
304594880,39.2562971,9.123766,0.9293558481448158,0.9211350103946264,0.9128848242210728,0.3018089948935757,0.76281108774248,0.9128848242210728,0.9293558481448158
304697383,39.2529538,9.1329618,0.9783146421229835,0.9781281539587053,0.9133017872801794,0.3248516833490693,0.7671122866156516,0.862244054477089,0.9783146421229835
304697385,39.2525313,9.130182,0.9785752272686731,0.9792501458682034,0.9136116552236105,0.3278640463847478,0.7719095997797175,0.8697899349558615,0.9758755528705522
304697386,39.2528919,9.1306867,0.9769502218242656,0.9770210318896932,0.9134555417701896,0.3257191169691337,0.7679984733652467,0.8673323249101137,0.9766669815625552
304697387,39.2525948,9.1300251,0.9779479161304198,0.9785750608046382,0.9125217097985935,0.3270984978108449,0.7704486960576405,0.86831753887191,0.9754393374335462
304697392,39.2534413,9.1287583,0.9773933381012354,0.9786400569835053,0.9258301804751138,0.3291677125351782,0.7767508373295535,0.9004682885148285,0.9724064625721557
304697393,39.2545941,9.1285007,0.9717065490307156,0.9709379858226801,0.9205067047222971,0.3206548832826742,0.7616604929236862,0.8913275103591705,0.9717065490307156
304697394,39.2537755,9.1293056,0.975229175359376,0.9754354902054254,0.9233575190098546,0.3253846644668753,0.7699556194439813,0.8938609002703013,0.9744039159751786
304697395,39.2549423,9.1293358,0.9704756378912742,0.9661010583127375,0.9157042778474971,0.3158787066050433,0.7526677504870946,0.8827063278566724,0.9704756378912742
304697396,39.2542757,9.1300818,0.97338116030496,0.9706699078248255,0.9186160221123848,0.32096556348535654,0.7616016661878741,0.8848734074201988,0.97338116030496
304697398,39.2540125,9.1297177,0.9738518544321012,0.9729441081106163,0.9209112056214117,0.3231467200754292,0.7656467771032521,0.889106926615018,0.9738518544321012
304697399,39.2548466,9.1308367,0.9745062315195905,0.9663872518676373,0.9153563695327365,0.3157171242194833,0.751319579410065,0.8754201577549786,0.9745062315195905
304697400,39.2547829,9.1289416,0.9710874906938033,0.9683464363910018,0.9178934728416144,0.31781606322386285,0.7564792866381123,0.8865656465986668,0.9710874906938033
304698874,39.2518797,9.1214938,0.9691443147086946,0.9703765953808103,0.9642151920202314,0.3394875816502152,0.8294748024780921,0.9642151920202314,0.9471425272420523
304698876,39.2502833,9.1233758,0.9730503588656481,0.9764771564834426,0.9501975993754712,0.331851382704,0.8123554391710506,0.9501975993754712,0.9593431683944699
304698877,39.2501617,9.1235881,0.9739339267142338,0.9773101311408007,0.948620840339826,0.33195809522933567,0.8108295241422344,0.948620840339826,0.9604291090079664
304698878,39.2498512,9.1241586,0.9770745415591732,0.9805122740861729,0.9449471752942634,0.33486238449742256,0.808201660724099,0.9449471752942634,0.9633236114511743
304698879,39.2497716,9.1243171,0.9769500003705,0.9804119596760332,0.9439771924385326,0.3349858402974342,0.8068779860292906,0.9439771924385326,0.9631021631483669
304698880,39.2495878,9.1246693,0.9822418800106734,0.9867451931698269,0.9532359213378953,0.35361534914790504,0.825453226925796,0.9532359213378953,0.9642286273740593
304698881,39.24933,9.1251524,0.9821601810438814,0.986779925732443,0.9491515963849033,0.35200736763103346,0.8203641360293923,0.9491515963849033,0.9636812022896348
304698882,39.2491245,9.1255501,0.9822010932864315,0.9869544728115102,0.9465223077637722,0.3510850978500224,0.8185412466339689,0.9465223077637722,0.9631875751861165
304698883,39.2487359,9.1261238,0.9837228822797731,0.9889035645232451,0.9441206903653508,0.3542125140622434,0.8230485730587737,0.9438317501982495,0.9630001533058851
304698884,39.2482632,9.1265935,0.9883076481456969,0.9925394044859097,0.945356335858794,0.35231308019997615,0.8201494383785879,0.9391810768368171,0.9713806227848459
304698886,39.2478691,9.1269569,0.9884263433465277,0.9928057829380528,0.9427531339024866,0.3511483508380566,0.8180888121726908,0.9349007477792847,0.9709085849804271
304698887,39.2475762,9.1272182,0.9884618220263167,0.9929444802816274,0.941497882289183,0.3506999396853854,0.8174998716071961,0.9329676343319837,0.9705311890050737
304698888,39.246923,9.1277653,0.9892877793203452,0.9942369288900145,0.9380325965012629,0.34786863053464356,0.81297835089538,0.9271968527332923,0.9694911810416678
304698890,39.2465109,9.1281734,0.9937965199652489,0.998012588020096,0.9475384234459803,0.38038104855471744,0.8589962699684266,0.9380753446186797,0.9769322477458605
304698893,39.2514113,9.1283725,0.9867625281817861,0.9891272937179034,0.9379238324511139,0.3451019066005578,0.8048647010254154,0.9191242489136481,0.9773034660373168
304698894,39.2512264,9.1283582,0.9874768053713391,0.9898936526370414,0.9388596774590799,0.3461676208996044,0.8071891351210043,0.920685961393384,0.9778094163085295
304698895,39.2505757,9.1283367,0.9878531566253764,0.9912721354724536,0.937040743116249,0.35087441415446324,0.8143393733996566,0.9216589499765995,0.9741772412370677
304698897,39.2501437,9.1284423,0.9891955953679691,0.9926660730513784,0.9374667370713593,0.35441867962077955,0.8195728947796198,0.9205895662916506,0.9753136846343318
304698898,39.2498786,9.1285374,0.9897032200728861,0.9933887092435922,0.9339528654828974,0.3560121157251411,0.8216019260598332,0.9149592046063242,0.9749612633900618
304698899,39.2496391,9.1286121,0.9903201762032499,0.994055700514283,0.9353002626013917,0.35744355322285637,0.8240089359060899,0.9168201326787006,0.9753780789591171
304698900,39.2488725,9.1288355,0.9922450628738309,0.9956721436125999,0.9409548407272625,0.36306246851812607,0.8325937867572993,0.9228380804542987,0.9785367399187548
304698901,39.2485148,9.1289356,0.9929810403597791,0.9963973617941986,0.9424672914875762,0.36520432855458174,0.8366786736125311,0.9255451209673925,0.979315754622101
304698903,39.2473715,9.1292108,0.9927465307046308,0.9972730848907406,0.9365556680985083,0.3741293611233494,0.8485165098184677,0.9213622131291991,0.9746403139601918
304698908,39.2482295,9.1300578,0.9930193682723082,0.9964985858059177,0.9362336639863132,0.368917160617333,0.8401836375523302,0.9134712365256078,0.9791024981378702
304698909,39.2486734,9.1304314,0.9931470353686608,0.9963770709441508,0.9352650758648391,0.36723848363538913,0.8375499857954382,0.9100329222108915,0.9802268930667005
304698910,39.249143,9.1308221,0.9925646442359176,0.9955034071559562,0.934954345015656,0.3640808972267463,0.8326520353732542,0.9064028028505651,0.980809592555763
304698911,39.2501693,9.1288069,0.9887701052544258,0.9923969890693395,0.9315090614661823,0.355007212049451,0.8190988578073085,0.9115823170144425,0.9742625699947709
304698912,39.2497781,9.1295829,0.9900320688283943,0.993032627710589,0.9334814910574819,0.3540017754000239,0.8183293918052462,0.9092480161046295,0.9780298332996159
304594941,39.2581543,9.1272682,0.9521449703225193,0.9427046373559705,0.9042164711648648,0.29699382107344247,0.7344732213505217,0.8787768502963702,0.9521449703225193
304594943,39.2577134,9.1275413,0.9553429375215942,0.9473756036883482,0.908514443014092,0.3002142606600942,0.741059321229605,0.8848688122719179,0.9553429375215942
304594944,39.2592004,9.1251481,0.9374901104859492,0.9262303753259881,0.8910153235030573,0.28669624194600374,0.7199686159398606,0.8667894166279639,0.9374901104859492
304594945,39.2588548,9.1254112,0.9405107341536479,0.9297352569040681,0.894200362463133,0.2887872099640319,0.723925381067077,0.8708237629304606,0.9405107341536479
304594946,39.2585928,9.1256094,0.9428306223974205,0.9323561302016681,0.8968666529312669,0.2903812829772485,0.7279299210748688,0.874220156402629,0.9428306223974205
304594947,39.2585173,9.1256557,0.9433735430920369,0.9330715812110981,0.897546289309653,0.29082141505735176,0.7288797906037431,0.8751361679424562,0.9433735430920369
304594949,39.2579598,9.124745,0.9494270315519049,0.9405735187060517,0.9054032893348193,0.29558838794949077,0.7396506330173697,0.8860567353526257,0.9494270315519049
304594950,39.2596914,9.1262946,0.9395628549402142,0.9281659131006496,0.887993087246563,0.2884118423872901,0.7133227015821088,0.8579397198442315,0.9395628549402142
304596642,39.2619977,9.1234299,0.8826390894560346,0.8599576010945914,0.83297711826604,0.25652129000860613,0.6521274427972943,0.8020553052184365,0.8826390894560346
304596655,39.2607651,9.1203006,0.9050232532375414,0.8873204910181033,0.8625641490211268,0.2672383481917259,0.6896838992903599,0.8422929205819584,0.9050232532375414
304596657,39.2593739,9.1191543,0.8829693697260633,0.8708254905936587,0.8716961687737298,0.2760105839362213,0.7156713623146462,0.8716961687737298,0.8829693697260633
304596661,39.2602611,9.116419,0.8773629998527558,0.8651906113781742,0.8773629998527558,0.27777546398550323,0.7055557292248309,0.8773629998527558,0.8673702008487215
304596662,39.2574168,9.1148053,0.9160637321680732,0.9015056175719458,0.9160637321680732,0.29818010717608573,0.7475847351828241,0.9160637321680732,0.8773006093539554
304596663,39.2581107,9.1156572,0.9081280108692577,0.8940553611820103,0.9081280108692577,0.29358671768230166,0.7390747749438397,0.9081280108692577,0.8706906889530923
304596664,39.2578635,9.1159849,0.9104883905209272,0.8978052367804026,0.9104883905209272,0.2953580829759505,0.7420381324357611,0.9104883905209272,0.8739200807126595
304596678,39.2571709,9.1151336,0.9194147387228283,0.9057224502483087,0.9194147387228283,0.3008092160114848,0.7514903417965015,0.9194147387228283,0.8814388230303997
304596681,39.2563838,9.1162873,0.9288443729596565,0.9180576090628778,0.9288443729596565,0.30708011952500547,0.7725273754819589,0.9288443729596565,0.8941549105719951
304596685,39.2561989,9.1166345,0.928622967284494,0.9213814442335676,0.928622967284494,0.30781159713647654,0.7722585771263916,0.928622967284494,0.8990095664216261
304596686,39.255933,9.1171114,0.9297792133598998,0.9254632559062544,0.9297792133598998,0.3092756182058116,0.7805355710769031,0.9297792133598998,0.903181865678669
304596688,39.2553329,9.1176751,0.9326940137748422,0.9325470050260087,0.9326940137748422,0.31226457635109817,0.7853911500605237,0.9326940137748422,0.9097721928892781
304594889,39.2557914,9.1225058,0.9318890884426974,0.9265382473447562,0.9207882683014051,0.30602171067323086,0.7719036552706586,0.9207882683014051,0.9318890884426974
304594890,39.2554297,9.1228878,0.9357546166825235,0.9314683083372262,0.9258776683876053,0.3091909483499934,0.7778694999586219,0.9258776683876053,0.9357546166825235
304594901,39.2541675,9.1224827,0.9472940239740152,0.9481398618560798,0.9425400264593783,0.31987027967413356,0.7976699531217512,0.9425400264593783,0.943910672445757
304594911,39.256311,9.1281204,0.9642769271418111,0.9602468766524419,0.9125053506368564,0.3106944619788597,0.7467546582332859,0.8822176453255582,0.9642769271418111
304594912,39.254536,9.1281872,0.9725888379121423,0.9728594958308899,0.9219261026895049,0.32248223267846154,0.7652437193109992,0.894584756362891,0.971506206237152
304594913,39.2561942,9.1262539,0.9544763710593118,0.9457621262756329,0.9041017081728571,0.29708376816939336,0.733359668613128,0.8770525420477807,0.9544763710593118
304594914,39.2558659,9.1265655,0.9637554558096647,0.9599920227861409,0.9176261866933708,0.31041680130250854,0.7555086522303773,0.8962276742380436,0.9637554558096647
304594915,39.2555351,9.126934,0.9659955010025708,0.9633460010595519,0.9188425548250507,0.31342153680825025,0.7570438581097461,0.8953543522899604,0.9659955010025708
304594917,39.2531595,9.1283032,0.9794735340086987,0.9810561263144109,0.9290137534867601,0.3325011135005386,0.7828364914178594,0.9061390583991947,0.9731431647858501
304594918,39.2525386,9.128359,0.9823608375134704,0.9842995001319431,0.9331954217920165,0.33773675964343264,0.7918423732315631,0.9129225672587851,0.9746061870395796
304594919,39.2519816,9.1213792,0.9682129724686029,0.9694397255171957,0.963305960274232,0.3386959881653221,0.8281507143273914,0.963305960274232,0.9473084499644592
304594924,39.2533412,9.124047,0.9625841779078521,0.9636197737584206,0.943255658471734,0.32367916002807423,0.8001434477356433,0.943255658471734,0.9584417945055784
304594925,39.2534855,9.1242386,0.9609508270320891,0.9617498991050314,0.9411579741726178,0.32250618088363436,0.7978611671897791,0.9411579741726178,0.95775453874032
304594926,39.2536081,9.1244828,0.9600842248863081,0.9606265222315378,0.9265083685366131,0.31180329983829996,0.7737979262990404,0.9182149224182813,0.9579150355053895
304594927,39.2538492,9.124925,0.9626754201290932,0.9632640964389637,0.9280491231193345,0.31382771386826064,0.7765074566164633,0.9190676483424429,0.9603207148896115
304594929,39.2541351,9.1253697,0.9651365239691692,0.9659033107662656,0.9293851167967233,0.31604108041158385,0.7786442592314435,0.9202592995452754,0.9620693767807837
304594930,39.2544339,9.1256504,0.963268301999132,0.9635946615419656,0.9271136441956077,0.31420293899258556,0.7740819049623282,0.916535756637108,0.9619628638277976
304594931,39.2548122,9.1260323,0.9616334497091591,0.957441486175155,0.9150868501542828,0.308144638966736,0.7513423060581633,0.89182343058223,0.9616334497091591
304594937,39.2568684,9.1276409,0.9576923050414257,0.9501347629580954,0.908026206598278,0.30171614030070204,0.7390148813653807,0.8809014362425452,0.9576923050414257
304594940,39.2578354,9.1261071,0.9485038069553292,0.9394090882437368,0.9041815927466552,0.2948062269296022,0.737992954433317,0.8845488177063915,0.9485038069553292
304696681,39.2406148,9.1347248,0.9866140360392179,0.9899180524507593,0.9272396663117408,0.34013137002894134,0.8444226536542973,0.9229171046150451,0.9733979703930525
304696682,39.240381,9.1343427,0.9865171980629247,0.9900973176522958,0.9275881501032543,0.3396064547732249,0.8450215142902966,0.92360316013041,0.9721967197054404
304696684,39.2401698,9.133718,0.9883054004368561,0.9919689883312168,0.9328178093153432,0.34477670582726005,0.8508485657755211,0.9271350701832797,0.9736510488594132
304696686,39.239743,9.1327915,0.989868601529092,0.9937487792729806,0.9381199895498198,0.3497605816610518,0.8567127488962556,0.9312033647067363,0.9743478905535377
304696692,39.2390342,9.1316584,0.9914513402590076,0.9953909573768696,0.9448790067755825,0.35722550470075093,0.8644800528134788,0.935905917909874,0.97569287178756
304697326,39.2499656,9.1315021,0.9918915347133853,0.9942050777535429,0.9349300304713447,0.3558589529893148,0.8203574707967939,0.9013702695948906,0.9826373625527549
304697327,39.2503095,9.1308779,0.9904924179233432,0.992648282901074,0.9349043373038433,0.3514001051537794,0.813427614044382,0.9032826742756226,0.9818689580124201
304697328,39.2510546,9.1283474,0.9879125832301394,0.990410880952361,0.9373872629480337,0.3481142313013216,0.8094495781268704,0.9173328891847329,0.9779193923412532
304697329,39.2506182,9.1291971,0.9891787829649047,0.9916691731387366,0.9335469003725163,0.35082165077578326,0.8124907876558664,0.9062502386121052,0.9792172222695769
304697330,39.2502399,9.1299205,0.9892576915769755,0.9914737217573673,0.9334234750638747,0.349419710987028,0.8106144295244445,0.9037505978840543,0.9803935708554086
304697331,39.2499158,9.1305581,0.9910623051417323,0.9934230551879215,0.934169986654959,0.35518872506349697,0.818788230739748,0.9023470822676323,0.9816193049569757
304697332,39.2495856,9.1311953,0.9921340314631638,0.9946806022651845,0.9333918807227712,0.3597078749923879,0.8254168217110551,0.9001031614785246,0.9819477482550808
304697333,39.2492502,9.1318434,0.9929943701830101,0.9955064352933889,0.9344277689097938,0.36238448873798745,0.8295698606201187,0.902125702574166,0.9829461097414949
304697334,39.2511238,9.1296325,0.9877286065307568,0.9898744760133454,0.9352289083238908,0.34631500325646414,0.8059091509039098,0.9092479761410273,0.9791451286004023
304697335,39.25051,9.1310429,0.989651157353753,0.9917051890175572,0.9345271622052418,0.350058216426965,0.8107376962683276,0.9034906588321745,0.981435030698536
304697336,39.251459,9.1299055,0.98640934142346,0.988339753659203,0.9328442005564678,0.344053082412247,0.8014451379350176,0.9048210997685737,0.9786876924804883
304697337,39.2508407,9.1313274,0.9884004964230358,0.990318190505243,0.9307170647803381,0.3466276224843774,0.8043972192115141,0.8960761677784066,0.9807297200942077
304697339,39.2522109,9.1291017,0.9799134024870083,0.9811889289120702,0.9293602600317874,0.33313396845711774,0.784028301461679,0.9058035523283611,0.9748112967867607
304697340,39.2517596,9.1301542,0.9857466353732728,0.9875773538829187,0.9321152113250075,0.34235998265574535,0.798978505604385,0.9035831047267424,0.978423761334689
304697341,39.2511789,9.1315249,0.9873294325898495,0.9890933958104744,0.9289861712943553,0.3434106936686976,0.7995054246145008,0.8937772158829184,0.98027357970735
304576503,39.2455831,9.1044916,0.9808277242956119,0.9832833214561659,0.9709962186640692,0.4999227406062562,0.9710418036107032,0.9709962186640692,0.9453931486045208
304576506,39.2451088,9.104609,0.9827751630751037,0.9854688748999348,0.9718713063631372,0.49570554963844854,0.9725163534263477,0.9718713063631372,0.9448240523522856
304576509,39.244132,9.1048668,0.9870058899128308,0.9896561971866221,0.9764046608176654,0.4954462124396701,0.9761192567344549,0.9764046608176654,0.940824570268753
304576511,39.2420316,9.105836,0.9939853718884563,0.9960838514555584,0.9855914536200475,0.5053652054042008,0.9825494258005578,0.9855914536200475,0.9463726909744572
304576513,39.2413479,9.1063632,0.9956325583813364,0.9975085024699651,0.988128782026821,0.5044535091940764,0.9837687558354007,0.988128782026821,0.9503832770214125
304576514,39.2377727,9.1033262,0.9985002238510232,0.9994743130754707,0.9946038669532333,0.5296341729766546,0.990330554936586,0.9946038669532333,0.959211827399494
304576523,39.2399151,9.1052104,0.9965217035848413,0.997839700714146,0.9912497150676224,0.5136131679591801,0.9870710282547557,0.9912497150676224,0.9481100606624056
304576526,39.2405836,9.1071727,0.9968979594545662,0.9984199530731934,0.9908099849800569,0.504427607454342,0.9828884818307289,0.9908099849800569,0.9530072358801849
304576528,39.2412101,9.1050827,0.9926318810238026,0.9944654203876354,0.9852977235684716,0.510302319926008,0.9844964492001443,0.9852977235684716,0.9423985812346996
304576531,39.2418929,9.1037216,0.9901399821188102,0.992138317754724,0.9815308888961684,0.5156334012218052,0.9846096422910995,0.9815308888961684,0.9421390557285231
304576535,39.2410322,9.103108,0.9925568417919334,0.994217337066829,0.9857510248740119,0.5207756761571587,0.9865702039657059,0.9857510248740119,0.9466118656113157
304576537,39.240625,9.1027737,0.9938194240413686,0.9954407983482235,0.987318630491881,0.5237023407661233,0.9873951121022195,0.987318630491881,0.9497246996551832
304576538,39.2401178,9.1023574,0.9952447657295075,0.9967639016155402,0.9891682221853768,0.5269517716949607,0.988288768744527,0.9891682221853768,0.954157528548473
304576540,39.2395574,9.1018974,0.9947062233129954,0.9963336131723656,0.988028900143259,0.5290674908526553,0.9888677188045382,0.988028900143259,0.9538398097283448
304576541,39.2386649,9.1010904,0.9952615065741625,0.9969642879935557,0.9880928458330126,0.5327739057432186,0.9898805211508965,0.9880928458330126,0.954253906464086
304576545,39.2406981,9.1037227,0.9914324159503877,0.9932331196940029,0.9838257086953033,0.5182468819743447,0.9858451700984197,0.9838257086953033,0.9434932437226657
304576546,39.2414788,9.1018241,0.988982076277898,0.990804719746318,0.9810025542011079,0.5152489962667881,0.984447295216658,0.9810025542011079,0.9380242169563433
304576549,39.2392669,9.1001781,0.9945238732234584,0.9962346830625352,0.9873219202125469,0.5346596841256737,0.9891154884855674,0.9873219202125469,0.9546649457961847
304576551,39.2390125,9.1004839,0.9948326676924046,0.9965271849669795,0.9877302051143182,0.5347653134629471,0.9893521725132538,0.9877302051143182,0.9540209826552111
304576553,39.2382163,9.1018908,0.9955753268387451,0.9973109812122438,0.9884066082284303,0.5312163510280397,0.9895371138100294,0.9884066082284303,0.9519155207621384
304587648,39.2422441,9.1178124,0.9473290159820288,0.9474395076638441,0.9468870492547677,0.33567034922804445,0.8322656002751443,0.9468870492547677,0.8878978145828027
304587650,39.2413394,9.1175857,0.9949779871055323,0.9918080873704552,0.9949779871055323,0.44311719329863025,0.932233761316483,0.9949779871055323,0.9530968152277941
304587653,39.2407711,9.1179828,0.9939785550024746,0.9915645863337202,0.9939785550024746,0.44621313963821363,0.9353575299791809,0.9939785550024746,0.9563427414013013
304587657,39.2383313,9.116805,0.993452789157494,0.9940633023480473,0.9910107363952807,0.4672311364016981,0.947250994911601,0.9910107363952807,0.9560090215156133
304587659,39.2398945,9.1173821,0.9900395772764429,0.9903467063610957,0.9888110609378319,0.45201928869800034,0.9383051728448536,0.9888110609378319,0.9565410800103005
304587661,39.2391215,9.1180501,0.9926769536548559,0.9928847041488179,0.9918459516790076,0.45884753675571627,0.9429507894037126,0.9918459516790076,0.9597025825900302
304587663,39.2395767,9.1169957,0.9878003929574212,0.9879858077787579,0.9870587336720741,0.4543430574448776,0.9376979567899467,0.9870587336720741,0.9525368600549233
304587668,39.2390979,9.116124,0.9867684021130543,0.9877278141839363,0.9829307538295263,0.45591568200421695,0.937871934270882,0.9829307538295263,0.9500673575709464
304587676,39.2425161,9.1156457,0.9956947113432918,0.9904064427221604,0.9956947113432918,0.4415277286629878,0.9210648859287787,0.9956947113432918,0.9404171913673587
304587680,39.242498,9.1154371,0.9953933411591952,0.9898745401882121,0.9953933411591952,0.43983564420500443,0.9187107720409958,0.9953933411591952,0.9390737502516051
304587682,39.2473816,9.1146319,0.9981741518817631,0.9686872614540866,0.9981741518817631,0.4126917607877272,0.903745676554874,0.9981741518817631,0.9119778136812148
304587684,39.2418604,9.1094378,0.9923680077915913,0.9947136236023888,0.982985544548401,0.4927922657715411,0.9753634866262579,0.982985544548401,0.943423203749831
304587744,39.2446496,9.111727,0.993945343397498,0.9557891174649744,0.993945343397498,0.4241237053064656,0.9014678617726931,0.993945343397498,0.901459572704049
304587748,39.2447726,9.1140835,0.9907952810168476,0.9731801169469901,0.9907952810168476,0.4174172614739079,0.8934141403618568,0.9907952810168476,0.9150159719305364
304588010,39.2517908,9.1120899,0.9908424267836848,0.9606947347713188,0.9908424267836848,0.3780551990490917,0.8647578623964168,0.9908424267836848,0.8989663352704014
304590273,39.2581311,9.0908863,0.8294879006590484,0.7960382312891066,0.7928524820060656,0.3891940840521846,0.790443426726289,0.7928524820060656,0.8294879006590484
304590285,39.2581196,9.088527,0.8318455275729856,0.7869095596385075,0.784503937523917,0.39136030991729104,0.7840986618928479,0.7800200572873743,0.8318455275729856
304591533,39.2611799,9.0901696,0.7562622776083884,0.7155508953807184,0.7133236820697997,0.3424838800905181,0.706434834965233,0.7120453523984441,0.7562622776083884
304591541,39.2613756,9.0886855,0.697732184571553,0.640225621650589,0.650370572491004,0.3133996885388461,0.637374681234815,0.6371050698134937,0.697732184571553
304591546,39.2624751,9.0874431,0.0,0.0,0.0,0.0,0.0,0.0,0.0
304596739,39.2537337,9.1262955,0.9686213923420045,0.9695752262569662,0.9307294166283284,0.31900197174659506,0.780052100009216,0.9205117524642692,0.9648060566821575
304596740,39.2519834,9.1256059,0.9739440412606812,0.9756614087923732,0.9363801112186341,0.32825684638912334,0.7910285234483628,0.9298284077682576,0.9670745711339133
304617226,39.2442652,9.1537951,0.920203820573873,0.8437184422440666,0.842627771025842,0.24156772603486387,0.6749423242190776,0.7383621453198361,0.920203820573873
304617227,39.2441138,9.1534414,0.9228577980964863,0.8473246798502158,0.8456367844168914,0.24366780095272111,0.6793388074707604,0.7420650903606076,0.9228577980964863
304617229,39.2438794,9.1531295,0.9256540352725577,0.8510502695605967,0.8487424728903019,0.24517559796379076,0.6828026334082099,0.74584515793347,0.9256540352725577
304617231,39.2435331,9.1529996,0.9291444998043993,0.8559537775510198,0.8528552574038029,0.24684379779607224,0.6878208543288217,0.751617464077388,0.9291444998043993
304617236,39.2433715,9.1540766,0.0,0.0,0.0,0.0,0.0,0.0,0.0
304618135,39.2413685,9.1500531,0.954633333433298,0.8951677857542175,0.8849429609598595,0.263951589063328,0.7278119995741928,0.797474219993192,0.954633333433298
304618139,39.2419398,9.1509856,0.9484816236526804,0.8848497434700308,0.8768255789837519,0.2587909357668701,0.7177304710000386,0.7854823456349553,0.9484816236526804
304618717,39.243543,9.1547393,0.0,0.0,0.0,0.0,0.0,0.0,0.0
304618740,39.2441604,9.1529443,0.9229898784074709,0.8475973971833287,0.8457505181285575,0.24369952038055095,0.6794412955784254,0.7421793253764339,0.9229898784074709
304620860,39.2515672,9.1376795,0.982644814526357,0.985420046571092,0.890737391143673,0.3170002699458455,0.7513890428689453,0.8519068106373632,0.9715438863474171
304620862,39.2501101,9.1363322,0.9891206746045875,0.991778748107099,0.9066409543736464,0.327081880036403,0.7719109401128438,0.8725492176250067,0.9784883805945416
304620873,39.2497677,9.1357697,0.9899912298708619,0.9926089936609123,0.9079877830320688,0.32753237081154896,0.774912105865675,0.8753143369991654,0.9795201747106603
304620884,39.2496227,9.1361798,0.9892341672884789,0.991924095291296,0.9064523954369895,0.32598921458193136,0.7707610258717712,0.872439217417561,0.9784744552772108
304620897,39.2500869,9.1354872,0.9903950418237145,0.9930916366112652,0.9113620890070556,0.3314317497114885,0.7795391973915058,0.877493812989898,0.9796086626735118
304620899,39.2514406,9.1343778,0.9894484844560824,0.9917358240143413,0.9196341491226245,0.341880114984805,0.7957804184298128,0.8804842581982759,0.9802991262230463
304620900,39.2503937,9.1352379,0.9904429784117335,0.9930615160857601,0.9129133942425122,0.3339492998690696,0.7825734460343707,0.8788574987054913,0.9799688277156271
304621467,39.2517034,9.1346042,0.9885470767623241,0.9907533933459264,0.917374479516283,0.338896493592016,0.7912932188388577,0.8781761330643398,0.9797218104279151
304695931,39.2524353,9.1352373,0.9853507416714186,0.9874320380625958,0.9084080238004362,0.33281044691116585,0.7798265802279175,0.8693612170367334,0.9770255561067095
304698981,39.2465848,9.1347235,0.9912621776760188,0.9954892205055755,0.9078291120851055,0.3395444960302787,0.7928537024329722,0.8899299174220574,0.9743540063577916
304698986,39.2446409,9.1357391,0.9900023533508471,0.9949596262943695,0.8985200958123569,0.3360180595230169,0.7864312313138818,0.8881981150089069,0.9701732615767574
304698987,39.2445803,9.1354989,0.9900403414311827,0.9950059637284089,0.8993607918038179,0.33714925514210375,0.7884340175474233,0.8893289371776174,0.9701778522422777
304698988,39.2467773,9.1350085,0.9920930011550664,0.9967777118571585,0.905091308114573,0.3378890562508604,0.7894900465817679,0.8873044292453252,0.973354158346698
304698989,39.243724,9.1331514,0.9950683736384878,0.9987188227915711,0.9310914890227742,0.35474331061171044,0.8278148453977572,0.9162129155529907,0.9804665770261543
304698991,39.2457314,9.1338223,0.9926242606682606,0.9967309712780256,0.9178333283157194,0.3499827722523347,0.8112141681975279,0.9038536828766842,0.9761974182292009
304698998,39.244526,9.1319656,0.994721997018461,0.9987301882961122,0.9330486891065202,0.36479863373709864,0.8388946203508035,0.9206192743838838,0.9786892319078562
304698999,39.2441934,9.1325189,0.9949510703152482,0.9988994618701994,0.932425844350795,0.3605997995044349,0.8338722788347817,0.9184639735783542,0.9791575040954437
304699002,39.2431315,9.1348585,0.9947727311677654,0.9979307003512732,0.9297724661230059,0.3452204036191327,0.8265856092423067,0.9165812647902841,0.9821408544337346
304699003,39.2430348,9.1355261,0.9945774371836216,0.9975024912177833,0.9294218408690194,0.34219006055507983,0.8270771197591931,0.9154764790710793,0.9828772210469745
304699005,39.2427918,9.1361667,0.9941476746163708,0.9969755973519348,0.92781416849894,0.33901571466648994,0.8258160591361754,0.9140558582730044,0.9828359836741148
304699007,39.2483034,9.1212103,0.9873178781964649,0.9898075202269451,0.9773593100745442,0.367250469501867,0.8594494534013867,0.9773593100745442,0.9548957895393764
304699008,39.248683,9.1216444,0.9826806336887864,0.9855128660986116,0.9713517040494858,0.3569871546430978,0.8473622882658663,0.9713517040494858,0.9489542761913901
304699009,39.2489244,9.1218975,0.9820269057954686,0.9858794069522718,0.9666169011682557,0.35772434973423684,0.8415921173443263,0.9666169011682557,0.9520413037014761
304699010,39.2499623,9.123058,0.978652824649007,0.983078886875175,0.9609485757443355,0.349409190469929,0.8328005406333685,0.9609485757443355,0.9583553241729615
304699012,39.2493719,9.1238135,0.981736935347585,0.986750765080638,0.9565139141044424,0.35584137839744123,0.8294178093208179,0.9565139141044424,0.961681616415373
304699013,39.2490874,9.1241651,0.9818229014589858,0.9878583065153859,0.9576812812333854,0.3581856439597354,0.8323675607307174,0.9576812812333854,0.9562755270318218
304699014,39.2485794,9.1248406,0.9818158520934493,0.9878673648264799,0.9487678467773959,0.3557699875027004,0.8258294375433503,0.9487678467773959,0.9576098011613272
304699015,39.2481587,9.1253661,0.9828159859055785,0.989696668820145,0.9510166897411219,0.3600390218050563,0.8322052543089826,0.9510166897411219,0.9552932542473128
304699016,39.2469099,9.1237191,0.9862857883106201,0.992936899468313,0.945001741758156,0.3725821713940534,0.8514117482867757,0.945001741758156,0.9596813436798483
304698913,39.2487873,9.1315055,0.9935770020566277,0.9964079715912681,0.9368359780763849,0.36685044060328487,0.8366925912294129,0.9076705639018744,0.9822531239180657
304698915,39.2483252,9.1311234,0.9939268352273422,0.9970362879441111,0.9377173594220634,0.3699349539381954,0.8416707557369725,0.9125757188645142,0.9814890243602663
304698916,39.2478797,9.1307172,0.9945182049337817,0.9976607892759141,0.9399126884690845,0.37159971898860616,0.8447742260735465,0.9159890727399104,0.9819478675652527
304698917,39.250416,9.1290293,0.9881096874448632,0.9915801063466356,0.9302284565166158,0.35328232391432435,0.8160731891290034,0.9089175343963304,0.9742280118377733
304698918,39.2509435,9.1294737,0.988364092916216,0.9905334816931041,0.936555042751933,0.34756560293644645,0.8081358816669186,0.9114785116334291,0.9796865378086638
304698919,39.2507772,9.1293412,0.9888335216497228,0.9911890485767334,0.93299721755957,0.3497086031004522,0.8104277600845636,0.9043572500934374,0.9794114139416806
304698920,39.250157,9.1307503,0.9899136404359483,0.9920074594769313,0.933660913150581,0.35052796331511343,0.8117503703987685,0.9013108516525932,0.9815383642720166
304698922,39.2512578,9.1248855,0.9762239565295299,0.9789148438865625,0.9398778541771479,0.33821039082086873,0.8028890414251089,0.9374676928596006,0.9654604071013992
304698923,39.2522349,9.1258516,0.9747795770629777,0.9763393331292476,0.9361284556258903,0.329801649559863,0.7888883612936182,0.9276461026716131,0.9685405527978983
304698925,39.2516676,9.1264993,0.9787954056106374,0.9807227459531739,0.9380081106481444,0.33561415431204566,0.7929005785222981,0.9283081801608288,0.9710860442404912
304698926,39.2513664,9.1268476,0.9807907641085911,0.9828684174798229,0.9371336931736023,0.3348507143805295,0.7899790043263006,0.9246350870870471,0.9724801506236639
304698927,39.2509213,9.1273557,0.9834509276427277,0.9856835162769911,0.939710502433557,0.3389132125953054,0.7964340217314555,0.9280293277744877,0.9745205731056736
304698928,39.2507388,9.1275643,0.9844505479139579,0.9867226662704093,0.9394937906347179,0.34095969889087197,0.7990382101045815,0.9263562352878525,0.9753620744881524
304698932,39.2502593,9.1263966,0.9833442095154732,0.9862559508608701,0.9426338105779279,0.3433281973198726,0.804289495962171,0.9374911658850706,0.9716972441338856
304698933,39.2505405,9.1268007,0.9819616781689807,0.9847012516817746,0.9400541217633389,0.3400894747413601,0.7995960779244491,0.9332987353626058,0.9710033841178051
304698934,39.2509413,9.1254204,0.9789656074391304,0.9817558888992542,0.9416399714596294,0.3412504437203176,0.8058000650832727,0.939058169098979,0.9678044815986353
304698935,39.2509787,9.1262874,0.9798259896396389,0.9821393756765846,0.9385339010039837,0.3360805687254518,0.7945808037207944,0.9301441563874179,0.9705724454918556
304698936,39.2500602,9.1266352,0.9838296494543021,0.9866615470234805,0.9415899570203257,0.3417476136214218,0.8020004987157422,0.9345926759038753,0.9725020591775884
304698937,39.2492777,9.1262473,0.9813137997181263,0.9841343579645367,0.937134363982903,0.33797144715590355,0.7938759323801426,0.9240348884010703,0.9700315667324846
304698938,39.2497376,9.1269837,0.9845980724372811,0.987477427087369,0.9416931914413865,0.3430454419584563,0.8031227187898334,0.930917095906761,0.9730806538369301
304763463,39.2412779,9.1121748,0.9933456140522434,0.995817963005422,0.983456218239529,0.48713669993794273,0.9663986701507871,0.983456218239529,0.9479023709133164
304763464,39.2414566,9.1125283,0.9925949004266241,0.9952034799398639,0.9821605823736649,0.4853096647723665,0.9645947132484303,0.9821605823736649,0.9467389848945903
304763465,39.2415248,9.1119803,0.9926805868668822,0.9951903511479968,0.9826415297424237,0.48605716985264097,0.9649287496071324,0.9826415297424237,0.946298769313123
304763467,39.2417909,9.1121587,0.9914440531758963,0.994205361991166,0.9803988179148178,0.4832854002374484,0.9624183669528125,0.9803988179148178,0.9433028833347898
304763470,39.2415349,9.1116309,0.9917751538906285,0.9944261639739067,0.9811711135575159,0.48356831976193915,0.9627090145777054,0.9811711135575159,0.9438152550503458
304763471,39.2410447,9.1116848,0.9943247742333102,0.9965967937597225,0.9852366961276611,0.49010468879092833,0.9691153579506018,0.9852366961276611,0.9499449257197439
304763473,39.2411739,9.1112388,0.9932427744435456,0.9956504734838894,0.9836119782821704,0.486856804660188,0.9660362088170504,0.9836119782821704,0.9465507838831649
304763476,39.2477803,9.1137752,0.9982841325265001,0.9626872087303512,0.9982841325265001,0.4088050415926812,0.900756166468486,0.9982841325265001,0.9038751054222077
304763477,39.2478353,9.1136221,0.9983042546875395,0.9611821092241434,0.9983042546875395,0.40836429916968764,0.9005313132600372,0.9983042546875395,0.9032011885132224
304763486,39.2469492,9.1111436,0.9971082991700188,0.9339034121816594,0.9971082991700188,0.3842566188135308,0.8896318048332715,0.9971082991700188,0.8746263828653927
304763503,39.2477926,9.1037951,0.975184489884893,0.9493442395423635,0.975184489884893,0.48030953712043134,0.9439608773159112,0.975184489884893,0.9084604434616382
304763504,39.2473016,9.1056581,0.9787009635828435,0.9341119650906342,0.9787009635828435,0.4640560824733686,0.9266223571277226,0.9787009635828435,0.8912532661139845
304763673,39.2492537,9.1176039,0.9893884101949678,0.9796576623690268,0.9893884101949678,0.3702467289676861,0.8690702489691474,0.9893884101949678,0.9337823555322233
304763683,39.2477916,9.1174268,0.9700114263065678,0.9708341431116037,0.9667205590864241,0.35989419721814764,0.8575325332605594,0.9667205590864241,0.9204977340131304
304763685,39.2486444,9.1187495,0.9830984915867618,0.9820142080676149,0.9830984915867618,0.3615197112338115,0.8596594519546441,0.9830984915867618,0.9384777228410786
304763689,39.2470647,9.1207259,0.9777191226940238,0.9844940404919351,0.9506194515023788,0.3724746219345757,0.8560363093633956,0.9506194515023788,0.9445403226023241
304763690,39.2481358,9.1201582,0.9848283563328174,0.9864631240623651,0.9782892854146266,0.3642714692529674,0.8585172407975769,0.9782892854146266,0.9481733688449665
304763692,39.2465859,9.1203921,0.9789775743751146,0.9867946511101553,0.9462634137229712,0.3766358492021513,0.8586186764593253,0.9462634137229712,0.9477092674349517
304763704,39.250385,9.1188624,0.9793956257480169,0.9791379986028734,0.9793956257480169,0.3566032273097539,0.8533198967814525,0.9793956257480169,0.9351242014750467
304763705,39.2511317,9.1172429,0.9773604335878671,0.9706104686501972,0.9773604335878671,0.35227009320682967,0.845558554596337,0.9773604335878671,0.9225033939082062
304734577,39.2412324,9.1321728,0.9915402213566566,0.9964712094795097,0.9315053730338356,0.347325776937582,0.8456686679688485,0.9261449749420037,0.9718162688652444
304734581,39.2407612,9.1325569,0.9913875728081415,0.99587728539706,0.9348262270465747,0.34991241898368536,0.8496182944866275,0.9284530645755011,0.9734287224524675
304734585,39.2403313,9.1328783,0.9910710203646026,0.9955449610968867,0.9354679606408959,0.3469688989239747,0.8513265096086728,0.9279295097080018,0.9731752574354663
304734586,39.240715,9.1315407,0.9903642378783594,0.9956675979399583,0.9329952298468069,0.3506128520418191,0.8504256416601856,0.9290540673463448,0.9691507976319638
304734589,39.242096,9.1326173,0.9917672958902204,0.99616667497937,0.927497080294177,0.34222313294228773,0.8379792486769788,0.9217640440565559,0.9741697795336224
304734591,39.2403289,9.13197,0.9903832305760405,0.9952661214118523,0.9365287368546426,0.3536549802279516,0.8541207249721607,0.9313545078345381,0.9708516672327929
304734592,39.2418515,9.1332258,0.9920332935778506,0.9960607102228833,0.9273442361278847,0.33581226769755324,0.8364697958318175,0.9193146881334686,0.97592362699772
304734593,39.2411148,9.1310962,0.9904887697956537,0.9960779634095129,0.9301465332122468,0.3481936192352874,0.8461350008448608,0.9265911238409057,0.9681319953402169
304734595,39.242303,9.1321246,0.9928782438613846,0.9976730960116109,0.9266686085745612,0.3439313053435684,0.8345760354556315,0.9206818041052391,0.9736988352604791
304734596,39.2426151,9.1315048,0.9933463599920483,0.998167217226697,0.926695776649662,0.3481755185247757,0.8317006960972828,0.9215672826760966,0.9740629310534538
304734597,39.2438381,9.1330042,0.9950510398816823,0.9987872387868806,0.9313843545588101,0.35660360094600957,0.8298220588960766,0.9169514082182775,0.9801062442608892
304734600,39.2426612,9.1345402,0.9941394224035582,0.9975586216022866,0.9291023621971045,0.34136063552707163,0.829850389549772,0.917371762089851,0.9804626256086446
304734601,39.2427307,9.1345873,0.9942302670056048,0.9975947511633225,0.9292084146126862,0.34176596150109095,0.829224675443553,0.9171470632920513,0.9807723303747341
304734603,39.2424852,9.1351876,0.9929475823930662,0.9961126501838697,0.9271245931147407,0.3323762176560628,0.8308606803865496,0.9155152891530026,0.9802873112298524
304734604,39.2422307,9.1358085,0.9934442191066242,0.9963493822925235,0.9283350993142863,0.33553169917173914,0.830744788444892,0.9155460202654209,0.9818235663630273
304734608,39.2416131,9.133831,0.9929406707179368,0.9965448979736273,0.9315186811887016,0.3384056452432595,0.8405029255502376,0.921319285989829,0.9785237616951745
304734610,39.2413486,9.1345023,0.9922806220652749,0.9958925016183967,0.9308333858346362,0.33768400317065805,0.8413423119927366,0.9217223796070876,0.9778331038527878
304734612,39.2411327,9.1350567,0.9921791463268106,0.9953318121445086,0.9312125465328349,0.3367969016704434,0.8402060519501856,0.9209803675404484,0.9795684830560184
304734614,39.2424944,9.1299341,0.9896047595095417,0.996207809852579,0.9088529659537719,0.3388448671963781,0.8115201244893842,0.9112250294756722,0.963192558137393
304734616,39.2419777,9.1303366,0.9906937375581213,0.9968627549969853,0.9154961710727445,0.3423467716792801,0.8191525687839231,0.9159425619531627,0.9660176678026655
304699017,39.2471845,9.1240935,0.9856633400721331,0.991940309402703,0.9605554627498535,0.36921975027852777,0.8467535534003524,0.9605554627498535,0.9573932633993689
304699018,39.2473402,9.124299,0.9848938520025596,0.9914832705941387,0.9585361776362433,0.3678935141058638,0.8443388091029571,0.9585361776362433,0.9571084584347902
304699019,39.2474946,9.1244973,0.9842793832213095,0.9910824469566489,0.9570671282799514,0.36665736688302153,0.8424013761390061,0.9570671282799514,0.9567056311069184
304699020,39.2477064,9.124769,0.9842905692722623,0.9912467605527533,0.9564658041502986,0.36488773168824695,0.8396281112335385,0.9564658041502986,0.9564174676044415
304699021,39.2472391,9.1231265,0.9877119588059872,0.9929103876618913,0.9669182433823704,0.3745819243471434,0.8546946383554546,0.9669182433823704,0.9606738417213653
304699022,39.2477117,9.1237288,0.983354573756962,0.9897284855605428,0.9578589265426388,0.3637127682346894,0.8388394782694559,0.9578589265426388,0.9547812683447007
304699023,39.2480811,9.1242171,0.9827400476560294,0.9895159933021416,0.9539906164608125,0.36068485549356494,0.8338381806830596,0.9539906164608125,0.955636265071581
304699024,39.247597,9.1224956,0.9879835947558476,0.9920992868455782,0.9715208263969254,0.3726228134737462,0.8537750339469572,0.9715208263969254,0.9593293310130331
304699025,39.2478719,9.1228026,0.9866895866642119,0.9911254041338377,0.9689463167857089,0.36952848335331473,0.8502577855889596,0.9689463167857089,0.9573042601386611
304699026,39.2481274,9.1231051,0.9855320513180126,0.990263523612229,0.9666061621411468,0.36658343160594614,0.8461959061082861,0.9666061621411468,0.9561251117187979
304699027,39.2485175,9.1235551,0.9845115706247332,0.989867811809966,0.9630866058838019,0.36431671283861244,0.8407681091085444,0.9630866058838019,0.9559017454292025
304699028,39.2488451,9.1230768,0.9829506442755768,0.9883480718457931,0.9613609339947115,0.3604854053375276,0.8375691822283446,0.9613609339947115,0.9579653062801302
304699029,39.2490655,9.1233646,0.9801515330175921,0.985467270836461,0.9551905561976382,0.3535048958138691,0.8273167149605255,0.9551905561976382,0.9588885817421161
304699030,39.2502887,9.1218733,0.9773721267067671,0.9797601617049557,0.9678199867140126,0.34777202681954944,0.8384331487263875,0.9678199867140126,0.9504660647550587
304699031,39.2496301,9.1226823,0.9776829722241266,0.9820639479879535,0.9601590691688191,0.34820059270611187,0.8302528212802379,0.9601590691688191,0.9556658695461606
304699033,39.2509979,9.1202124,0.9755495095280587,0.97620707258959,0.9729192572819333,0.34800192876807984,0.8435718956538717,0.9729192572819333,0.9335775145422721
304699034,39.2501975,9.1211079,0.979897686763661,0.9816941978040136,0.9727116426022507,0.3521961250495729,0.8459697249846907,0.9727116426022507,0.9422298042947503
304699036,39.2493292,9.1223521,0.9814980046390017,0.9851805798340588,0.9667677038587731,0.354550324801061,0.8405939486172014,0.9667677038587731,0.954403463087869
304699038,39.246829,9.1259984,0.984679587934381,0.9919964489074342,0.9468657141516015,0.3611013115687213,0.8350320088485522,0.9468657141516015,0.9554121440421682
304699039,39.2467681,9.1260706,0.9914118632545043,0.996592947127481,0.9491859940065184,0.37485415404344624,0.8530620374981076,0.9491859940065184,0.9706875277625973
304734775,39.2388481,9.1368124,0.9798617994500983,0.9813075518311402,0.915857828941979,0.31253750592444934,0.8209578040507017,0.895913458357507,0.9740787899259308
304734776,39.2383661,9.1368148,0.9804771685256631,0.9819833516614707,0.918254404818197,0.3153757672873141,0.8244048675346146,0.897273464196033,0.974452435982433
304734779,39.2341257,9.1351249,0.9764849438674222,0.9773243262038942,0.9382665313915118,0.3236724272553832,0.8514398209223814,0.9240704256833194,0.9731274145215337
304734780,39.2343745,9.1347956,0.9784684386309649,0.9806786785513991,0.9378518227052587,0.32870594093816863,0.8484637416252565,0.9315220629245196,0.9696274789492277
304734788,39.2346459,9.1373359,0.977373301098285,0.9775900189956452,0.93902705519573,0.32422999635772193,0.8530756801904729,0.9196369964303118,0.9765064295088439
304734790,39.2348508,9.1370962,0.9781339054306554,0.9785198201732119,0.9376275481127684,0.3220302990136916,0.8495266059782731,0.9173369746143173,0.9765902464604291
304734792,39.2329665,9.1353841,0.9714522937295474,0.9719980147216353,0.9378459984105763,0.3250667851856119,0.8547734121207432,0.9228252078140481,0.9692694097611955
304734794,39.2328814,9.1344407,0.9687774689898997,0.969712911294105,0.9287094099134114,0.31836290047913596,0.8403936476388154,0.9131802179822799,0.9650356997730786
304734795,39.2332911,9.1349762,0.9718926324379233,0.9726921916129759,0.9341239652422432,0.3223725011848383,0.8474964125820832,0.9194602790869069,0.968694395737713
304734796,39.2335958,9.135405,0.9742932129881533,0.9748391216717729,0.9390726120883487,0.32494818092246014,0.854178696429597,0.9237349621493876,0.9721095782536747
304734798,39.23349,9.1346182,0.9698228880190496,0.9707510786710623,0.9302547872002808,0.32011739311403653,0.843115681064528,0.9149056780012491,0.9661101254109989
304734800,39.233506,9.1367242,0.9775963583331271,0.9778719488830768,0.9490888591960004,0.33527598012388365,0.8714974831031251,0.9361371733963824,0.9764939961333288
304734802,39.2336841,9.1365053,0.9771388257012168,0.9775055264994469,0.9470415067738951,0.33303956971536547,0.8680354780308834,0.9334282328072941,0.9756720225082962
304734803,39.2340663,9.136039,0.9766678680442085,0.9768797381212079,0.9439964395446249,0.32924004708049504,0.8618222478761943,0.9281808065825023,0.975820387736211
304734806,39.2335602,9.1371865,0.977229249104009,0.9775022423687705,0.9486678994950583,0.335765036124295,0.8714941978021876,0.9361155876732016,0.9761372760449629
304734809,39.2320351,9.1369424,0.9785493269463691,0.9503218346177796,0.9477776347798574,0.3270571491595849,0.8601199936319234,0.9301315480557331,0.9785493269463692
304734813,39.2355155,9.1398689,0.9743773379987869,0.9619603113245115,0.929377764573127,0.3169961826338683,0.8409130737529353,0.9053329130973111,0.9743773379987869
304734814,39.2363897,9.1387857,0.9701861334539117,0.9483396343800248,0.9158322789564366,0.3037184525735132,0.8170224384579349,0.8812115640124797,0.9701861334539116
304734819,39.2379933,9.1391373,0.9703788913698331,0.939985711361687,0.9097536209004282,0.29532855982481004,0.7961948448584723,0.8643256903989568,0.970378891369833
304734821,39.2380771,9.1390248,0.9696667185794,0.938561143043349,0.9079855020914183,0.29396421156139957,0.7937072527624164,0.8617525172702224,0.9696667185794
304699087,39.2457331,9.1235477,0.989227341299001,0.9953879750097976,0.943903257453397,0.39196824095002314,0.8760712555536101,0.943903257453397,0.964584806455815
304699088,39.2451185,9.1237258,0.9893384887320423,0.9955451697435945,0.9417528566191886,0.3903686190439543,0.87459108511938,0.9417528566191886,0.9645117646858338
304699089,39.2450163,9.1230864,0.9882861831099925,0.9948309645112414,0.9510290563318304,0.3993544033980905,0.8849903098162507,0.9510290563318304,0.9621070575049966
304699090,39.2448631,9.1220985,0.9860413788286877,0.993267392787873,0.9510667428521994,0.3985253973877403,0.8836799034841072,0.9510667428521994,0.9571373229919462
304699092,39.245923,9.124787,0.9918827418874131,0.9971281001443024,0.9440770733222267,0.3851479371267992,0.8676718811189917,0.939276866971043,0.9709013088598559
304699094,39.2453334,9.1209551,0.9805306746340169,0.9884383187752585,0.9404890458701451,0.3817463845168462,0.8641876081351088,0.9404890458701451,0.9489000980690505
304699095,39.2458025,9.1208356,0.9810603588195242,0.9887312876471598,0.9430482097163744,0.3831274039059728,0.8662251131968128,0.9430482097163744,0.9503766435089822
304699096,39.2450024,9.1210394,0.9787802417875211,0.9869812064953768,0.9368692102567605,0.3787658994649521,0.8599928234875457,0.9368692102567605,0.9459763829560981
304734556,39.2449819,9.1289432,0.9947506411445306,0.998800059958575,0.9361487017940036,0.3708046375612027,0.8474348212143793,0.9240468297587859,0.9785529658883527
304734557,39.2444321,9.1292815,0.9919029019834468,0.9975838764053194,0.9156425549960403,0.3473410696024797,0.8220156019934216,0.9144323961338041,0.9691790042959564
304734560,39.2439561,9.1301838,0.992625202195119,0.9979778175474492,0.9196931575013694,0.3487519866678271,0.8235864698006359,0.9159550467455423,0.9712147407857978
304734561,39.2437244,9.1307368,0.9931834853783804,0.9982170798514763,0.922008890748551,0.3499327417370005,0.8258777604123326,0.9172879255119958,0.9730491074859966
304734563,39.2435911,9.1310736,0.9935173845002384,0.9983086801764984,0.9237311264294037,0.35132311740738603,0.8278826281908866,0.9183004292428564,0.9743522017951982
304734564,39.2434689,9.1313566,0.9938092457023504,0.9984414175725157,0.9258390890104307,0.3515174044467672,0.8288477831403399,0.9194507314102776,0.9752805582216895
304734566,39.2432523,9.1318931,0.994200733471458,0.9985867235197156,0.928380213070207,0.35286394512925656,0.8309841866846565,0.9206463134351808,0.9766567732784278
304734567,39.2438074,9.130094,0.9923086415867314,0.9977894482612496,0.9175365361131989,0.34780830684250547,0.8221990394712911,0.9149643585976028,0.9703854148886585
304734568,39.2433225,9.1304738,0.9914471649279104,0.997337063351937,0.9139136534074432,0.3434362089637945,0.8166460444571871,0.9130292481802664,0.9678875712318042
304734570,39.2427887,9.130908,0.9925421710937055,0.9978539816827204,0.9208656772659773,0.34672051891950284,0.823247795671348,0.9175807114530391,0.9712949287376454
304734571,39.2423001,9.1313201,0.9922527828018075,0.9975674673691174,0.9253614862283415,0.3427723345867564,0.8346633652086806,0.9215682215056565,0.9709940445325682
304734572,39.2416941,9.1318058,0.9920037512624589,0.9971396718258697,0.929219776340862,0.34538945600801196,0.8418769989073105,0.9240603579287605,0.9714600690088154
304698941,39.2494182,9.127343,0.9858068108139318,0.9889837083372607,0.9408835545802919,0.3460222808467061,0.8075168004397427,0.9286587967151655,0.9730992207206163
304698945,39.2483608,9.1285849,0.985070892896537,0.9890266528684974,0.9322795228259709,0.34194116340344943,0.8019437655235172,0.919478587369779,0.9692478530086952
304698946,39.2477297,9.1280298,0.9805836084801908,0.9847931816181905,0.9242549886355309,0.3346549723019075,0.7895459274241988,0.9081984163864614,0.9637453159281919
304698947,39.2480941,9.1286663,0.983661819297165,0.9877025006861635,0.929395467958667,0.339231711220073,0.7977134551511151,0.9148356702069849,0.9674990937411713
304698948,39.2474759,9.1281606,0.9789067143385226,0.9830673590975619,0.9221768454876926,0.33310256259662135,0.7866361695827256,0.9054754878107927,0.9622641353023651
304698950,39.2506689,9.1258494,0.980873390869601,0.9836748711621417,0.9431128521363522,0.34449568368583694,0.8084981944426258,0.9405755438633455,0.9696674696994383
304698951,39.2492506,9.127518,0.9848515416343468,0.9880450626675592,0.9392202169009458,0.3438812774304619,0.8042200175436094,0.9260674305219209,0.9720774575014975
304698952,39.2495136,9.1260016,0.9798533542446944,0.9826875602385406,0.9350861137653032,0.3354229578619066,0.7896446415670497,0.9209130669118153,0.9685165302693098
304698953,39.2470414,9.1300377,0.9951148254249212,0.9986060271219761,0.9430806315745316,0.380138917396572,0.8574321036956096,0.9271470291363427,0.9811500186367017
304698954,39.2465807,9.1309501,0.9949983114621389,0.9985616189810023,0.9384118989539574,0.372575866398963,0.8470166269797873,0.9200681589949291,0.9807450813866857
304698955,39.247122,9.1314488,0.9943959370724658,0.9979981731803834,0.934977563373145,0.36885779270302893,0.8409590741905187,0.915794916534429,0.979986992640795
304698957,39.2467322,9.1323679,0.994084865210475,0.9976332355074985,0.9308873074059704,0.3619301199457196,0.8303661654285927,0.9123330679337025,0.9798913840223811
304698958,39.2465709,9.1326014,0.9940702955816335,0.997719553344764,0.9287945162566458,0.3593360262548104,0.8264788862653131,0.9113543522466243,0.9794732645291113
304698961,39.2436156,9.1353603,0.9894867893353112,0.994812854092153,0.8938479417562796,0.33062047911203885,0.7792742149148462,0.8858475321421382,0.9681825303079439
304698965,39.2460009,9.130493,0.9952343929920823,0.9988354587003728,0.938738329849496,0.37166973852252605,0.8470922018080468,0.9215316890689966,0.98083013015892
304698966,39.2453792,9.1317874,0.9950347794505566,0.9987955629631091,0.9309921268042338,0.3627910317610551,0.8340273426769506,0.9163281361679582,0.9799916454003468
304698967,39.2447594,9.1326596,0.9947131499204195,0.9984339460331544,0.9226985569394658,0.3500587224961727,0.8183620544472826,0.9095477100440086,0.9798299654694798
304698968,39.2441268,9.133601,0.9947104732519321,0.9985376973937437,0.9266995255408423,0.3526233307921567,0.8235564082712292,0.9134586335479811,0.9794015766846856
304698974,39.2446841,9.1361047,0.9892514804778005,0.9943209069072378,0.895841962065576,0.33439766493362216,0.7833894150676259,0.885678875301846,0.9689737747600515
304698979,39.2477579,9.1339007,0.9906606140790749,0.995171828735197,0.9014814511193989,0.33374979482743145,0.7832923447120408,0.8805073992487362,0.9726157554545861
304699040,39.2463479,9.1265134,0.9922976102325592,0.9972463626312438,0.9414014913928881,0.3791456023204219,0.8583615740315048,0.9290866105241388,0.9725026006378211
304699041,39.2459015,9.1270063,0.9938183388536305,0.9981637549787853,0.9467025998020046,0.38922820929039387,0.871150541464909,0.9375171556679442,0.976436674353011
304699042,39.2502322,9.119123,0.9801087534353248,0.9802824320151343,0.9794140391160864,0.3578512764729471,0.8546289105388974,0.9794140391160864,0.9370698477084252
304699043,39.2505992,9.1196377,0.9776305261848696,0.9779308353806481,0.9764292894017558,0.3530093021488057,0.8494499563971688,0.9764292894017558,0.9353741770269186
304699044,39.2513539,9.1207042,0.9726567480603925,0.9734361926496303,0.9695389697034413,0.34491291498298665,0.8381902654568604,0.9695389697034413,0.9321149230145915
304699046,39.2509392,9.1192777,0.9753309980525386,0.9753943273735506,0.9750776807684909,0.3505772330677887,0.8466242073509666,0.9750776807684909,0.9317661063173975
304699047,39.2498214,9.1205639,0.9814988441279773,0.9828540148642418,0.9760781611829189,0.35626760781657996,0.8515982741049027,0.9760781611829189,0.9436584296744529
304699048,39.2485696,9.1224377,0.9834393216114117,0.9880218080530051,0.9651093758450379,0.361677033025162,0.8419165935620652,0.9651093758450379,0.9533839165654734
304699049,39.2496329,9.1202913,0.9825909840188435,0.9837821828305261,0.9778261887721132,0.3579686458667465,0.8546556369526542,0.9778261887721132,0.9442496234388053
304699050,39.249465,9.1200483,0.9836520554750616,0.9847981706631423,0.979067594722739,0.36097787310144486,0.8567749282325617,0.979067594722739,0.9454006944695189
304699051,39.25051,9.1186399,0.9782265774983117,0.9778942272324538,0.9782265774983117,0.3553427133875638,0.8518743626836459,0.9782265774983117,0.9334758575968505
304699052,39.2511109,9.1195227,0.973770618083781,0.9737087615207763,0.973770618083781,0.3475920625253947,0.8436312274134791,0.973770618083781,0.929597187962482
304699053,39.2465577,9.1255977,0.9843864307255668,0.9917819652928799,0.9311523813353009,0.363077432307219,0.8374090820180808,0.9275637768074735,0.9548042924563144
304699054,39.2463556,9.1252832,0.9838475993899504,0.9915716120522683,0.9301258411300894,0.3616628360709911,0.8364857220530959,0.927546274106422,0.9529515487406789
304699055,39.2461491,9.1249667,0.9922969198328194,0.9973703103438456,0.9444043398382398,0.38262610973373856,0.8646084658490547,0.9382664728441873,0.9720033577887148
304699056,39.2471637,9.1265716,0.9922477242710807,0.996985353017198,0.946086255291144,0.37626243527605935,0.8531640527704833,0.9381722479789809,0.9732972092866111
304699057,39.2473258,9.1264187,0.9918708269049897,0.9967520949663553,0.9446507558677225,0.3739626190514367,0.8503281138777574,0.9364193594652723,0.9723457546595272
304699058,39.246704,9.1269823,0.9926303925050611,0.9975459428838429,0.9446128369199185,0.3802868594342263,0.8586745048045299,0.939049873694699,0.9729681909899339
304699059,39.2461569,9.1274852,0.9936275754190295,0.9980867840070883,0.9438316855948318,0.3853056928878983,0.8657091046486308,0.9327977483440789,0.9757907410667944
304699060,39.2457157,9.126549,0.9934875568751877,0.9983068496504821,0.9436654611695258,0.3915752500069003,0.8739659714388262,0.9396166090171536,0.9742103857740102
304734701,39.2364487,9.1290458,0.9827009478939782,0.9898639297601266,0.9495982381747216,0.379899293239259,0.8904479277642174,0.9495982381747216,0.9540490204293846
304734702,39.2370172,9.1287376,0.9789748939831725,0.9867332155650299,0.9432829152256356,0.37495946799995017,0.8852053901006597,0.9432829152256356,0.947941607655743
304734703,39.2368229,9.1292794,0.9806664790953876,0.9881810996505332,0.945743728900563,0.37671435274059006,0.8867698659160939,0.945743728900563,0.9506079968748051
304734705,39.2362702,9.1283597,0.9829770020350984,0.9898745773848123,0.9516131491134145,0.382539041150069,0.8935953072387348,0.9516131491134145,0.9553867006362428
304734706,39.2381405,9.1292885,0.9756668337187497,0.9844474493749099,0.93426068450373,0.36792251532467013,0.8764161489875953,0.93426068450373,0.9405443710941089
304734711,39.2358666,9.1264369,0.9845018450073931,0.9890707995059648,0.9662260270131068,0.3935227246514361,0.909742208917876,0.9662260270131068,0.9524839208767942
304734713,39.2363859,9.1266194,0.9851362485040438,0.9911339174669542,0.9611455726524021,0.3903703897040407,0.9040626740855546,0.9611455726524021,0.957074357798824
304734715,39.2334039,9.1331674,0.9842494079913097,0.9879499799351723,0.9587965129332422,0.35035730219716954,0.8740519946238103,0.9587965129332422,0.9694471202158593
304734726,39.2360715,9.1369273,0.9820886731909745,0.9834429660661217,0.9320404511211842,0.3257512528331071,0.8406723084892177,0.9103462849269557,0.9766715016903862
304734729,39.234448,9.1355715,0.97739435225059,0.9778584020611718,0.9405392295025563,0.32589241295888316,0.8557342065317711,0.9245712812487592,0.9755381530082629
304734730,39.2352548,9.1366233,0.9795643176967627,0.980270408110874,0.9351496495338537,0.3226140700506972,0.8438489297334059,0.9136419163909236,0.9767399560403176
304734732,39.2357008,9.1367935,0.9807981635795673,0.9817998730749445,0.9320508245029194,0.3241793138510648,0.8407911879493973,0.9081391877370448,0.9767913255980584
304734734,39.2365609,9.1369227,0.9808803060432776,0.9821522520842739,0.9277503600003308,0.3222527917231601,0.8367652713890896,0.904730998229334,0.9757925218792924
304734740,39.2387045,9.1353658,0.9785602918012394,0.9800231340073331,0.9138842818052949,0.3133378092091582,0.8222237244452573,0.8938292415314831,0.9727089229768644
304734743,39.2389566,9.1342727,0.9765168713319932,0.9778162486406718,0.9081053504909226,0.30836402483618097,0.8147150636869979,0.8893656778056851,0.9713193620972786
304734744,39.2390816,9.1340467,0.9762393344882512,0.9775434485670379,0.9071626043529688,0.3073333294763523,0.813624479344002,0.8884360706516191,0.9710228781731043
304734748,39.2394552,9.1331291,0.9828820136455703,0.9850185310196912,0.9176437481065346,0.33043552804635284,0.8303654787136888,0.9113391952354402,0.9743359441490866
304734752,39.2375423,9.1354132,0.9820166780315001,0.983854668219547,0.9234836400806485,0.3215956485632736,0.8352632729590512,0.9042150341148673,0.9746647172793121
304734753,39.2375518,9.1352851,0.9817925373216193,0.983626055142973,0.922770780104683,0.32043754882777636,0.8345762934788197,0.903125505851122,0.9744584660362049
304734767,39.2400596,9.1363811,0.9781879550664652,0.9793984733201826,0.909740270645738,0.3063532818532411,0.8134896179528586,0.8936767900054838,0.9733458820515952
304763706,39.2512356,9.1169582,0.975195968430453,0.9688943089092655,0.975195968430453,0.3508426605620898,0.8434618584646226,0.975195968430453,0.9204280739881502
304763707,39.2514793,9.116324,0.9716825293571782,0.9650438874454386,0.9716825293571782,0.3466910196823507,0.8379074114455808,0.9716825293571782,0.9153077871733803
304763709,39.2518866,9.1157259,0.9674797958548822,0.9603496831678037,0.9674797958548822,0.3397863597941779,0.8308482937409757,0.9674797958548822,0.9101807517376043
304763710,39.2523672,9.1152714,0.9632567890439597,0.9557406507908017,0.9632567890439597,0.336297973931205,0.8246055255097842,0.9632567890439597,0.9021087770524864
304764036,39.2529952,9.114572,0.9613739350693769,0.9492363601752296,0.9613739350693769,0.3320742238307708,0.8160331669205709,0.9613739350693769,0.8934190104911509
304764041,39.2523132,9.1138902,0.0,0.0,0.0,0.0,0.0,0.0,0.0
304764043,39.251856,9.1141054,0.9608524204285094,0.928130441983204,0.9608524204285094,0.3259148458867077,0.8084779041529937,0.9608524204285094,0.8723607360318177
304764048,39.2552274,9.1150658,0.9422949579566277,0.9214017811029941,0.9422949579566277,0.31460175411235847,0.775300189132396,0.9422949579566277,0.8780464519883723
304764051,39.2535479,9.1157521,0.9507088137578946,0.9405040121200026,0.9507088137578946,0.324249047905713,0.8065209757804493,0.9507088137578946,0.8934012916729192
304764054,39.2536856,9.1180503,0.9429567040749315,0.9402867528912131,0.9429567040749315,0.32078994367797303,0.7976579225745153,0.9429567040749315,0.8925368315219268
304764080,39.2519684,9.1179545,0.9689132661150184,0.9635340629794422,0.9689132661150184,0.34214798192233953,0.8333167953193551,0.9689132661150184,0.9197306712997646
304764087,39.2526834,9.1189169,0.9535917264697711,0.949327168333198,0.9535917264697711,0.3255609943672313,0.8096040181126003,0.9535917264697711,0.9251859056331612
304764098,39.2517972,9.1181942,0.9709069335255438,0.965473730416152,0.9709069335255438,0.34362513053700106,0.8356267161530324,0.9709069335255438,0.9163257744950403
304764101,39.2517582,9.118747,0.942457263598074,0.9383057137551755,0.942457263598074,0.31791353270095557,0.7955603475027122,0.942457263598074,0.9159704443655693
304764107,39.2523097,9.1193341,0.9491681980648408,0.9448633222402291,0.9491681980648408,0.322006416545336,0.8037771864591853,0.9491681980648408,0.920680865991504
304764119,39.2524907,9.1176243,0.9613864720230809,0.9541436582672185,0.9613864720230809,0.33503152733969976,0.8225384220561972,0.9613864720230809,0.8984442880904954
304764125,39.2535974,9.117208,0.937437658591447,0.9306654879489817,0.937437658591447,0.31507390943154495,0.7889394989973765,0.937437658591447,0.8872648880609817
304764129,39.2543249,9.1185731,0.9435816308362011,0.9440440680470821,0.941731881992677,0.3202807683317955,0.7972170499227157,0.941731881992677,0.9207514930785315
304764131,39.2542817,9.1165389,0.9424301352819454,0.932770038872071,0.9424301352819454,0.3180695346759059,0.7951970473918726,0.9424301352819454,0.901146705290814
306145817,39.1940461,9.1567609,0.9999678662542085,0.9089516677747119,0.9999678662542085,0.24317747426735728,0.7840790604120742,0.9260211174788718,0.8247057195313925
313332540,39.2240346,9.1153549,0.9993050249828167,0.9877404004511979,0.9993050249828167,0.47641205913585805,0.9500391983689465,0.9975040365660224,0.9577713290668636
313332543,39.227163,9.1116936,0.9911119968111435,0.9749682621414955,0.9911119968111435,0.49935592546530033,0.9438098809695611,0.9893180242042369,0.9584324319572278
313482284,39.2205434,9.1135928,0.9999976760368002,0.998744702330122,0.9999976760368002,0.48129636150865385,0.9657748070751728,0.9979624996891464,0.940121202903442
313482285,39.2207052,9.1134869,0.9999963962556676,0.9983905092323105,0.9999963962556676,0.47308957105794536,0.9603550453137776,0.998017340641364,0.9380137681176312
313482286,39.2208958,9.1125522,0.9999982922913372,0.998859572553109,0.9999982922913372,0.478849537302944,0.9638952557424922,0.9981137915483307,0.9399200319382465
313482293,39.2207577,9.1124949,0.99999923756849,0.9989581299096522,0.99999923756849,0.4796811374457896,0.9634089958151064,0.9975024795331396,0.9341746404877975
313606738,39.230355,9.1109254,0.995262586092413,0.9930511495663393,0.995262586092413,0.4989515193497197,0.9640900103994156,0.995262586092413,0.9629422222212042
313606740,39.2302856,9.1110418,0.9951020726292715,0.9930051382970726,0.9951020726292715,0.4987584234692207,0.9638742709671698,0.9951020726292715,0.9628052890713656
313607055,39.2330795,9.1112028,0.9983482703041966,0.9986426229324555,0.9971708597911609,0.5012317637589242,0.9756793974438689,0.9971708597911609,0.9656024502395106
313609084,39.2296209,9.1097784,0.9842135553369057,0.9785604513980857,0.9842135553369057,0.5037047200844817,0.9605411666348106,0.9842135553369057,0.9577329614476586
313677521,39.2138915,9.1054052,0.9937978391760577,0.9940603354802199,0.9927478539594087,0.4898202364187064,0.9650673152642307,0.9658518139760394,0.9017875167019749
313677525,39.2139252,9.1052857,0.9935400868423598,0.9938040071728297,0.9924844055204802,0.49001163986513474,0.9644676419245877,0.9652461178160885,0.9012858548904908
313680513,39.2334598,9.1111526,0.9986151860678731,0.9989237597186235,0.9973808914648717,0.5027779065934407,0.9772898476127563,0.9973808914648717,0.9667981483575553
313719195,39.2217558,9.1258908,0.9987245822965697,0.9988068660842686,0.998395447145774,0.39852317620170313,0.9502490204457763,0.9859476471186267,0.9818440172491738
313720148,39.2152045,9.1088069,0.9992866578170829,0.9993417215330679,0.999066402953143,0.5130020380555657,0.979059250794574,0.9855634905824557,0.932312661140265
313736984,39.2315703,9.0938477,0.0,0.0,0.0,0.0,0.0,0.0,0.0
313736993,39.2315721,9.0940198,0.0,0.0,0.0,0.0,0.0,0.0,0.0
314898763,39.223731,9.1153918,0.9996092660089242,0.9868996553463122,0.9996092660089242,0.47471234514669214,0.9535970611505122,0.9975417245909186,0.9600361119601671
314898776,39.2230971,9.1177204,0.9999946370588161,0.995456055834559,0.9999946370588161,0.45681984191267094,0.9534494661048167,0.9960673898743369,0.9694791127432123
314898786,39.2166812,9.1171002,0.9999374666841166,0.9964199951909813,0.9999374666841166,0.4494927634573017,0.9706284872691825,0.9796015200807667,0.9497599756839464
304734617,39.2415288,9.1296242,0.9913081707661339,0.9970853339957833,0.9295556385560039,0.3599960080532573,0.8521761951687566,0.9303426497958837,0.9681995178475362
304734618,39.2413526,9.1293395,0.9913980340562968,0.9968310248677308,0.9334004577196772,0.35865101187038984,0.8519402417562861,0.9313608688262134,0.9696660708105609
304734621,39.2406628,9.1284454,0.9897750022590087,0.9955187753021061,0.9441705136296449,0.3788507870664346,0.8803867937020898,0.9426327358669448,0.9667999100866191
304734623,39.240274,9.1281381,0.9891291294786637,0.994925465632814,0.9459589899254048,0.3824164932355776,0.8842757144632722,0.9437424963502525,0.9659437848620622
304734624,39.2409454,9.1280548,0.9893919983808321,0.995070622098038,0.9418701442797428,0.3774763159565733,0.8777048272148773,0.9409563869698098,0.9666775035120088
304734628,39.2420424,9.1286753,0.9916207430199544,0.9971045316161027,0.9358831033043059,0.370308283983077,0.865822694850263,0.9342761698724191,0.9696855886353614
304734630,39.2423325,9.1282726,0.9905119780598645,0.9964038132405448,0.9318683572723669,0.36689665414256206,0.8611127500433187,0.931759429501612,0.966944637337143
304734632,39.2425894,9.1285127,0.9895871294417388,0.9957198867970379,0.9288516435827002,0.3641208953931487,0.8570989929824867,0.9295444400178962,0.9650561000205422
304734634,39.2397872,9.131249,0.9904922853447253,0.9952981562784333,0.9402293252618453,0.3590076520559364,0.8592390259420415,0.9345293275738281,0.9712688016098933
304734635,39.2399822,9.1293266,0.9869990080932043,0.993402866476214,0.9374757537625594,0.3715516942571857,0.870638192027613,0.9387181534734086,0.9613835745611654
304734638,39.2396631,9.1305626,0.9891407295217316,0.9942963645074716,0.9384374437389347,0.3625903608270693,0.860100949975047,0.9357794652777132,0.9685181895787718
304734639,39.2394613,9.1308154,0.990449119027206,0.9951773549008701,0.9411289034794508,0.3611710715500691,0.8605449944920863,0.9358998495224398,0.9715361755325497
304734640,39.239989,9.1309961,0.9898487171986246,0.9948729548243103,0.9385417721629412,0.36041892414278315,0.8581481733733022,0.934537453381156,0.9697517666958816
304734642,39.2412325,9.1276594,0.988552327017673,0.9944754132792085,0.9391631209022148,0.37624871650966146,0.8759285770593237,0.9397394978851387,0.9648599819715311
304734643,39.2396516,9.1297544,0.9854415713941849,0.9923513688624447,0.9345838632832271,0.3688656675725746,0.8684271783199803,0.9377878518873891,0.9578023815211456
304734644,39.2391511,9.1304027,0.983779428583404,0.9907639246941292,0.9299968122186549,0.36388384231932275,0.8619081620802698,0.934789558770988,0.9558414441405026
304734646,39.2392863,9.1292565,0.9892712584324262,0.9950446398177595,0.9448551334555345,0.37465500784568123,0.8764398983393338,0.9408110336136594,0.9661777328910933
304734647,39.2414282,9.1307477,0.9892605012403984,0.9952391984012454,0.9258346288955341,0.34504315801002955,0.8409961387061263,0.9243216925801732,0.9653457125970107
304734648,39.2396007,9.1310009,0.9908453342274114,0.9954703006363532,0.9417694935422012,0.3599562306084625,0.8611334502240159,0.9356749428956,0.9723454685916443
304734650,39.2440031,9.1289877,0.9907011378638785,0.9968822144660214,0.9115258646668729,0.3448632891429948,0.8187634799837077,0.9124826090119714,0.9659768314553069
304699061,39.245911,9.1259046,0.9934104934374355,0.9979655780948784,0.9452847371152805,0.3874200115748739,0.869698206068763,0.9358406189374037,0.9751901548076637
304699063,39.2462689,9.1244992,0.9917268659906093,0.9969704572103902,0.9440108738699547,0.37919488781639243,0.8606308320205689,0.9378356321428001,0.9707525011114857
304699064,39.2464031,9.1233829,0.990139905889935,0.9959314336700408,0.9430115154108225,0.385586846286391,0.868880316211094,0.9400195601943623,0.9669737947695116
304699066,39.2463498,9.1220668,0.9849189159088798,0.9919796440214107,0.9455932208044145,0.3891939748428478,0.8734527613451196,0.9455932208044145,0.956676003458756
304699067,39.2465378,9.1206526,0.9800360686529339,0.9877464905070269,0.9457926284725171,0.37790093387297535,0.8601799855266656,0.9457926284725171,0.9491943812365621
304699068,39.2474821,9.1226933,0.9885269191505152,0.9931179978405931,0.9701626043902034,0.3756758976720925,0.8567356745579706,0.9701626043902034,0.9614277108822425
304699069,39.2477503,9.1222144,0.9884511342660119,0.9922665307917122,0.9731895481632107,0.37402164721932474,0.8567283086265315,0.9731895481632107,0.9595320039103419
304699070,39.2480163,9.1217443,0.9880543898295022,0.9912772802352989,0.9751628282063154,0.3711788388034593,0.8581196386811968,0.9751628282063154,0.9575995326176174
304699071,39.2483956,9.1208994,0.9875132215181815,0.9896295278876385,0.9790479960403538,0.36739727726781896,0.8608277266486503,0.9790479960403538,0.9543636409627262
304699072,39.2485529,9.1204538,0.986821212724422,0.9883555392323972,0.9806839066925213,0.3654693504544628,0.8616391405163374,0.9806839066925213,0.9515888139336588
304699073,39.249073,9.1190444,0.9852560993192105,0.9843869890676176,0.9852560993192105,0.36523659629836597,0.8639629016236791,0.9852560993192105,0.9424630464259073
304699076,39.2508685,9.117914,0.9778261105643021,0.97414108596197,0.9778261105643021,0.353838258912615,0.8487276530604857,0.9778261105643021,0.9277237539469045
304699078,39.2498122,9.1197131,0.9828691878704167,0.9832971336789481,0.9811574046362906,0.3613078181330882,0.8579781919624708,0.9811574046362906,0.9422604596346049
304699079,39.2473733,9.1218718,0.9884882114939464,0.9926907223858936,0.9716781679261575,0.37680261707783275,0.8585270271097267,0.9716781679261575,0.9605710327779637
304699080,39.2470346,9.1221776,0.9872603390568804,0.9936045496355322,0.9491840021941329,0.3802359158977391,0.8622153845988557,0.9491840021941329,0.9618834967422731
304699081,39.2466639,9.1225362,0.9886204114434112,0.9946259118196062,0.9457210525458026,0.3840185257668529,0.8672038106159063,0.9450638288816456,0.964598409938631
304699083,39.2477284,9.1215213,0.988193999506841,0.9916709821767856,0.9742860688270624,0.37410612923308584,0.858284229710312,0.9742860688270624,0.9584067771348189
304699084,39.2460044,9.1221579,0.9849290742620715,0.9920227979967177,0.945946868156709,0.3913383948346181,0.8762806652546186,0.945946868156709,0.956554179323487
304699085,39.2455354,9.1222774,0.9862992138370665,0.9932148098047127,0.9491120054706725,0.39523979053437097,0.8810664503295585,0.9491120054706725,0.9586368299664821
304699086,39.2449121,9.1224361,0.9869311133613701,0.9938341558859171,0.9530511322306183,0.40013679750805276,0.8861845949346617,0.9530511322306183,0.9593189432631821
306145821,39.19412,9.1570317,0.9999816523091987,0.9096620261586787,0.9999816523091987,0.2441945278506928,0.7859605492034096,0.9273572256294663,0.8224017470948095
306145825,39.1941621,9.15705,0.9999389066524715,0.90991116849303,0.9999389066524715,0.24438704542488343,0.7864118814662063,0.9257517301581902,0.8228341175043586
306145832,39.1943352,9.1568771,0.999943560631553,0.9114127558406985,0.999943560631553,0.24542470506085645,0.7888371660805629,0.9274481191537924,0.8255130199062768
306145848,39.1953032,9.1590685,0.9999939906925934,0.883630882315794,0.9999939906925934,0.22581062019226597,0.7428974029907217,0.9113640683635235,0.7688835635104274
306145852,39.1965784,9.1593565,0.9999960642463698,0.8898893402943526,0.9999960642463698,0.23313986292941796,0.7548947997002367,0.9202481085299079,0.7810107081641441
306145861,39.2015765,9.1614829,0.9999664776968854,0.847907558733368,0.9999664776968854,0.2085334435517286,0.6966214838027852,0.9337274598569659,0.7119166790518097
306145863,39.2021809,9.1619327,0.9999646933652216,0.8428500403280071,0.9999646933652216,0.20642884046620527,0.6903364206754864,0.9357090306412721,0.7082751990677836
306145867,39.2043776,9.1635816,0.9999976071676048,0.823352025551695,0.9999976071676048,0.1980220750807744,0.6674167528826795,0.9489103903100521,0.678461352030976
306145869,39.2048871,9.1639463,0.9999967452479201,0.8164927723313511,0.9999967452479201,0.19520068209514418,0.6595402904292833,0.9513272113999948,0.6722106996973748
306146619,39.2097361,9.1648992,0.9970214965287648,0.7762842965061467,0.9970214965287648,0.17820923818052822,0.6163101103204788,0.9611184002728402,0.626717467206866
306146624,39.2097137,9.1646097,0.9971765579784563,0.7758544375545107,0.9971765579784563,0.17742862811057086,0.6158610899252598,0.9597147750611987,0.6289660542816966
306146634,39.2095259,9.1647299,0.9975416001449934,0.7741636186726504,0.9975416001449934,0.1771997406229554,0.6137058914764267,0.960166212519169,0.6235659180433488
306146647,39.209542,9.1648509,0.9976734445473616,0.7748046599572121,0.9976734445473616,0.17750552786277968,0.6144945151436033,0.9605915332640068,0.62452078451376
306146929,39.2093987,9.1651735,0.9981313143070037,0.7762352077505844,0.9981313143070037,0.1788428876290623,0.6160145128040552,0.9594937832610871,0.6233166248800227
306146932,39.2084168,9.1668218,0.9992143248076858,0.7876833245444879,0.9992143248076858,0.1842872606673187,0.6281596429340177,0.965670049420717,0.6288285810636234
306221921,39.2168268,9.1790587,0.9776884262763705,0.6436009065627851,0.9776884262763705,0.13622119575344244,0.48855936721043103,0.9564776747774147,0.4939031146761861
306221954,39.2166184,9.1798313,0.975561716759766,0.6096627290483091,0.975561716759766,0.13197830861466558,0.4620643882445574,0.9548942483427145,0.4948139309631817
306221957,39.2172302,9.1799597,0.0,0.0,0.0,0.0,0.0,0.0,0.0
306222209,39.1950951,9.1575472,0.9999732010899904,0.8896951675830063,0.9999732010899905,0.229537513053012,0.7521769760763896,0.9140835162675353,0.7779788826515968
306222210,39.1954984,9.1576636,0.9999462976821395,0.8911505485268213,0.9999462976821395,0.2311245235858006,0.7551826483869652,0.916283094614659,0.7815116308219009
304762075,39.2318207,9.101703,0.9899521766778624,0.9930514289211406,0.9754293754173916,0.5377161178868272,0.9860583368541808,0.9754293754173916,0.9212986367661831
304762076,39.2336214,9.1021428,0.996171495347644,0.9977833998586823,0.9894585114653283,0.5400977609110725,0.9907853406561411,0.9894585114653283,0.9473624719105853
304762079,39.2332002,9.0980827,0.9910740434471403,0.9936334591400848,0.9786541596300068,0.5458102550929415,0.9895652648567831,0.9786541596300068,0.934508002681014
304762080,39.2331187,9.0975658,0.9915910431650572,0.9940877970306401,0.9794940694570513,0.5460616271108383,0.9900438606854242,0.9794940694570513,0.9373462927377256
304762082,39.231811,9.0979305,0.9867215360409161,0.9897616965557666,0.9715998938691445,0.5458633473611835,0.9864048944309907,0.9715998938691445,0.9253537747653674
304763196,39.2364716,9.0969265,0.9905001084119053,0.9931365101712609,0.9782010599904088,0.5390654702204071,0.9869682669107771,0.9782010599904088,0.948327155530248
304763199,39.2382283,9.0968647,0.9886868245895918,0.9914883855401432,0.9755126217825694,0.5370053642890217,0.9853524168066543,0.9755126217825694,0.9496945868145228
304763200,39.237999,9.099778,0.9961232073266891,0.9976987415059771,0.9897184025403624,0.5377639494095199,0.9902317428862357,0.9897184025403624,0.954663831819815
304763201,39.2373142,9.0947072,0.9794735915687561,0.9829752663973669,0.9621643179245158,0.5386567156756442,0.9786771895735008,0.9621643179245158,0.9379744202981256
304763206,39.237851,9.0968797,0.9871776300150333,0.9900828260459118,0.9734093312869857,0.5365034575966958,0.9841469043096555,0.9734093312869857,0.9475913052806518
304763207,39.23467,9.0939002,0.9750261492275226,0.9789752324497019,0.9549538240984901,0.5392676947831678,0.9763337853000681,0.9549538240984901,0.9134965897296189
304763209,39.2351271,9.0947266,0.9793648911610956,0.9830374816914681,0.9608192639412185,0.5409694602101391,0.9800955894331542,0.9608192639412185,0.9209340942927092
304763210,39.2357738,9.0958935,0.9846156025054257,0.9879139458711151,0.9682164497212812,0.5427574299037117,0.984245346328214,0.9682164497212812,0.9306702760511929
304763211,39.233104,9.0952757,0.9781600846399273,0.9819383364503685,0.9589511433448333,0.5408418711474882,0.9794308136114799,0.9589511433448333,0.9109613397530577
304763213,39.2353156,9.0933328,0.9700906354064235,0.9743127419241382,0.9484697332726436,0.5370625510277067,0.9721321135872488,0.9484697332726436,0.9062198636582628
304763215,39.2320297,9.0938319,0.9685698960469423,0.9728581203437691,0.9463506599052739,0.5393713866130782,0.9716823546770821,0.9463506599052739,0.8956542349332269
304763220,39.2344172,9.0921572,0.9608445027949343,0.9654889869344765,0.9368619975296733,0.5329448687899571,0.9638848410651338,0.9368619975296733,0.8930032318546886
304763227,39.2319532,9.0934099,0.970761218357727,0.974857404974251,0.9495012667539386,0.5441853246807377,0.9738772924424018,0.9495012667539386,0.8968802739861326
304763228,39.2318653,9.0934777,0.9710067012540547,0.9750887220010437,0.9498268830137561,0.5442264310239672,0.9740855592754702,0.9498268830137561,0.8973219046219605
304763230,39.2318711,9.0938476,0.0,0.0,0.0,0.0,0.0,0.0,0.0
304734652,39.2436463,9.1289249,0.9938790395718481,0.9985017095156792,0.9347075635863621,0.37095985642901874,0.8486145667131381,0.924986583895178,0.9753883597965236
304734655,39.2424934,9.129274,0.9928123709752007,0.9978901287488484,0.9351275318408112,0.3674404556237285,0.8587722672504922,0.9318695325759171,0.9725013398806098
304734657,39.2408416,9.1271653,0.9869970486127043,0.9930185751863051,0.9396902189415115,0.37938396445495637,0.8802217534152049,0.9406664454259122,0.9629109423183013
304734661,39.2415535,9.1280582,0.9891768776451834,0.995241393894187,0.9356021794521002,0.3735349442623165,0.8721860204893552,0.9375061828283713,0.9649188126491691
304734664,39.2418526,9.1270507,0.989430194271798,0.9956992242212455,0.9276498629155487,0.3712910427825362,0.8527795090895138,0.9232603521592564,0.964354074474008
304734667,39.2382049,9.1307672,0.9910459493252568,0.9951913031843787,0.9492480948047006,0.3637133190367188,0.8710622629017135,0.9380428646645435,0.9744645338887696
304734668,39.2385752,9.1312627,0.9902728952421039,0.9944248858256797,0.9468815977715215,0.36056605783158363,0.8682734061757932,0.9367203502365185,0.9736649329078007
304734669,39.2397427,9.1262333,0.985964790317134,0.9923812505510263,0.9583257218401072,0.395093373955902,0.9018034406461019,0.9583257218401072,0.9602989493815652
304734671,39.2395768,9.1266538,0.9834143206448872,0.9900111619398563,0.951808738914355,0.38947944042171545,0.8952592675287948,0.951808738914355,0.957026955465011
304734673,39.2384415,9.1288376,0.9864218759361756,0.9930520431137906,0.9404684715755115,0.3725259660327862,0.8769766755689236,0.9394755031489996,0.9599012072257157
304734675,39.2377972,9.1298895,0.976309308772889,0.9846929156693653,0.9370476133772494,0.37018168998701295,0.8788383454803841,0.9370476133772494,0.9427748811869838
304734676,39.2400787,9.1274597,0.9833476433677956,0.9900864406607804,0.9495983239290652,0.38716750431030555,0.892544130090307,0.9495983239290652,0.9563924541958563
304734677,39.2389137,9.1290815,0.9881761918507157,0.9942988386671401,0.9433395203421026,0.37516505011156676,0.8774164011764998,0.9405572482079666,0.9636856045850181
304734679,39.2400471,9.1269409,0.9844609751345608,0.9909476284965633,0.952705540671021,0.39042024650742907,0.8955370556895904,0.952705540671021,0.9585143616865502
304734680,39.2401659,9.1282599,0.9888856038652241,0.994839601210833,0.9463243015743416,0.38330008794470877,0.8854056823828941,0.9442409071028214,0.9650696144827874
304734684,39.2360601,9.1276702,0.9835685281942914,0.9905353971874371,0.9553977224169442,0.38421946596895384,0.8972942947445938,0.9553977224169442,0.9557010522217084
304734688,39.2380006,9.128632,0.9845390212574383,0.9916027685496508,0.9369286340495993,0.3689803209186995,0.8735743483382218,0.9373783359362409,0.9562840320885885
304734690,39.2386554,9.1266658,0.9825775130039683,0.9898049128159937,0.9536679137558667,0.38594007839418776,0.8960470713918286,0.9536679137558667,0.953231473726385
304734692,39.2374317,9.126289,0.9853241946485776,0.9911260851117327,0.9621166327959568,0.3945794431352717,0.9049295057433531,0.9621166327959568,0.955546754297074
304734699,39.2365988,9.1285339,0.983299050594316,0.9902723062068456,0.9518952652161267,0.38316913682503073,0.8937710150900625,0.9518952652161267,0.9554060281441977
304734823,39.236294,9.1411336,0.9752034605794351,0.9581028157580115,0.924718360737947,0.30928651553757525,0.8266648956465532,0.8897303060693564,0.9752034605794351
304734827,39.2367556,9.1392804,0.9698016242963994,0.9470681458570778,0.9152843944291723,0.30306603448497377,0.8158169803309926,0.8799496534697784,0.9698016242963993
304734829,39.2374177,9.1430376,0.9746651585686268,0.9550750777964282,0.9186227131465381,0.30022400909863767,0.8089956294148092,0.8725699774027066,0.9746651585686268
304734841,39.2424653,9.1401279,0.9862146709986551,0.987656755638365,0.9064829730252976,0.3101013589161368,0.7898482928857293,0.8873340350357514,0.9804463324398156
304740408,39.2364191,9.1329036,0.9872157903845546,0.9912124141510714,0.9456836289732191,0.34645675890495425,0.8635270310576091,0.9392798644349962,0.9712292953184875
304740409,39.2369504,9.1324586,0.9892562336821475,0.9929324898577438,0.9458891694536011,0.3536749854390321,0.8631055657264757,0.9341468199232543,0.9745512089797621
304740412,39.2373639,9.1331712,0.9884059871811153,0.9919099765211253,0.9430563308722274,0.3526297589198412,0.8606466465381737,0.9296905674170981,0.974390029821075
304740427,39.2359419,9.1309207,0.9845867291438449,0.989702278283699,0.9410421407543687,0.34663144530598666,0.8604224586726362,0.9341322523892548,0.9641245325844284
304740430,39.2349885,9.130759,0.9817167985781732,0.9875161823846786,0.9371054485441971,0.3426924753557545,0.8597954154320294,0.9332891192499603,0.9585192633521505
304740443,39.2355679,9.1321551,0.9854118295018601,0.9890844608872338,0.9457919120103181,0.34339134016935235,0.8687784607880602,0.9450054269919432,0.9707213039603655
304740448,39.2351877,9.1312723,0.972024976696172,0.9799167252872565,0.90735063233291,0.3209957697123796,0.8302695227317669,0.9006480079324081,0.9404579823318341
304742283,39.2228759,9.1074543,0.9971387718441366,0.9950205017402655,0.9971387718441366,0.5360618180345723,0.9606348732570225,0.9938427833526823,0.9441961406594487
304742287,39.2228358,9.1065034,0.9963791438486888,0.9930028616827693,0.9963791438486888,0.5374386311785954,0.9574742931786546,0.9889159860523395,0.9340551396424585
304742292,39.2228153,9.1052871,0.9980858714153034,0.9938123860667512,0.9980858714153034,0.5403479653546214,0.9620140141563953,0.9792575189530207,0.9265309625265811
304742299,39.2263079,9.1079562,0.9802736550900124,0.9782843498408397,0.9802736550900124,0.5073149254082718,0.9610106618764384,0.9802736550900124,0.9514065902012964
304742302,39.2262073,9.105932,0.9665691577392984,0.9647406732031271,0.9665691577392984,0.494511834257547,0.9447298344175631,0.9665691577392984,0.9366277238238888
304742303,39.2269745,9.1074415,0.975173959600149,0.9736071242322859,0.975173959600149,0.5028366338652847,0.9552422215723415,0.975173959600149,0.9459001089126341
304742308,39.2224211,9.1035979,0.9994618078391937,0.996387816608752,0.9994618078391937,0.5388846784860748,0.9679767822791914,0.9802383275234511,0.926357420897173
304742309,39.2220566,9.1040203,0.9996801416645559,0.9968020100573612,0.9996801416645559,0.5375231758183397,0.9694323420429019,0.9825872422764614,0.9265425369296595
304742310,39.2210314,9.1052487,0.9999875501765249,0.9987132360657238,0.9999875501765249,0.5333863996886095,0.9750436159750485,0.9893681821372126,0.9303331890980129
306297175,39.1982085,9.1381766,0.9255715642910467,0.9085711755678103,0.9255715642910467,0.3057436613226149,0.8632681855948464,0.9255715642910467,0.8556171557821546
306297203,39.2000445,9.1322171,0.909941599073572,0.8787995417222215,0.9092950391267317,0.34351417107995036,0.9101032390602822,0.9050519894755914,0.8619313585005378
306299123,39.1981419,9.1402596,0.9348220372933058,0.9251313268078366,0.9348220372933058,0.2785343722903339,0.8595359144725667,0.9348220372933058,0.8516939090684421
306299125,39.1964792,9.1379291,0.9207443996529244,0.9089857764411368,0.9207443996529244,0.29326843981871065,0.8530754522245304,0.9207443996529244,0.8532086970230597
306299165,39.1928472,9.1390943,0.8967299377439673,0.891296008289782,0.8967299377439674,0.2666155976001941,0.8130312174672464,0.8967299377439674,0.8322676463106249
306299169,39.1924001,9.1391856,0.8926590997930385,0.8872712070763111,0.8926590997930385,0.2643488444098463,0.8083392486098298,0.8926590997930385,0.8306110730271908
306299174,39.191392,9.1397398,0.8958628410039621,0.8896570536028829,0.8958628410039621,0.2603026604450241,0.8094197750546972,0.8958628410039621,0.8307229417212002
306299177,39.1911202,9.1398974,0.8959245221172504,0.8895633259863878,0.8959245221172504,0.25818088923416393,0.8096848085157801,0.8959245221172504,0.8309231682133391
306299182,39.1892956,9.1413145,0.8695190730803366,0.8627351362498947,0.8695190730803366,0.2456845704080912,0.7810774947071064,0.8695190730803366,0.8204193054008434
306299195,39.1932609,9.1353089,0.8691513888809683,0.8540822371326057,0.8691513888809683,0.2651631886491238,0.7991226620017023,0.8691513888809683,0.8190199809017786
306299206,39.1948238,9.1351441,0.8909999308142317,0.8776172891714412,0.8909999308142318,0.27601387271106664,0.8220008636620378,0.8909999308142318,0.8320297012305031
306299208,39.1924987,9.1407117,0.9081059288886348,0.9014402214212104,0.9081059288886347,0.2564254700814545,0.8225385204624137,0.9081059288886347,0.8348391354118869
306299216,39.1977919,9.1437556,0.9550492815146686,0.9449431828031483,0.9550492815146686,0.2914581681272209,0.8822130597849043,0.94699428983581,0.8726802860834437
306299219,39.1982827,9.143828,0.9581157697115926,0.9470493939522959,0.9581157697115926,0.2950522049909215,0.8862021257783408,0.9495548421460285,0.8747241211691144
306299221,39.1917978,9.1411201,0.9010828296681681,0.8942963710290981,0.9010828296681682,0.2527798840279552,0.8145470281622998,0.9010828296681682,0.8315023456180779
306299222,39.1906691,9.1418732,0.8857079053483924,0.8785730861086783,0.8857079053483924,0.24515951847753303,0.7973082820110341,0.8857079053483924,0.8249398408524498
306299224,39.1899314,9.1423651,0.8767327353359434,0.8695326497249244,0.8767327353359434,0.24087658543976828,0.787303367771682,0.8767327353359434,0.8224134784023973
306299225,39.1926912,9.1419384,0.8956090016076371,0.8878862510151241,0.8956090016076371,0.24688271183883323,0.8013405848391613,0.8939775601836816,0.8254308450547496
306299235,39.1906714,9.1425191,0.8807576226620322,0.8735796535038641,0.8807576226620322,0.24216513340566298,0.7903026713591186,0.8807576226620322,0.821311742491474
306299244,39.1923093,9.1416437,0.8971934309158178,0.8903285072859776,0.8971934309158178,0.2495177592540867,0.8073265802789164,0.8971934309158178,0.827642398632936
309849377,39.2097889,9.1179515,0.9958209992781012,0.9754932186389145,0.9958209992781012,0.44015241189757903,0.9423862561103177,0.9138339070633201,0.9024937388309553
309849493,39.2109549,9.1184809,0.9992377985950007,0.9920106576273601,0.9992377985950007,0.4632243450262995,0.9623939312096595,0.9505775819503932,0.9350425995376777
309849495,39.2108456,9.1169104,0.9990152572988577,0.9868016788872703,0.9990152572988577,0.45211921584735626,0.9554694386039919,0.9365888597490166,0.9214752222637471
309850457,39.1980965,9.1481372,0.985591898071886,0.9495459718769581,0.985591898071886,0.28680314529599127,0.8736236428225124,0.9561841015540382,0.850555918566079
309850461,39.195834,9.1521733,0.9925618437318956,0.9277457576121241,0.9925618437318957,0.262849200394314,0.8196783745493833,0.9364929158551176,0.7960300389834151
309850466,39.1946465,9.1544982,0.9994215799183701,0.9048514475713819,0.9994215799183701,0.23899696749958818,0.7743138885744976,0.9185033552484888,0.8096174081177626
309850467,39.1943922,9.1552778,0.9996720206739064,0.9045797978006019,0.9996720206739064,0.23874797799519765,0.7756908663506942,0.9193730278489288,0.8102565723573529
309850469,39.2019799,9.1411882,0.963235112835027,0.9554026872034664,0.963235112835027,0.3153983150387919,0.9174690870928803,0.963235112835027,0.8788495700303993
309851187,39.2019792,9.1359002,0.951227576188769,0.919582346894645,0.9512275761887691,0.3381081047042736,0.9269776737001949,0.9512275761887691,0.878422444604421
309853032,39.2192823,9.0546042,0.0,0.0,0.0,0.0,0.0,0.0,0.0
309853059,39.2186171,9.0557456,0.0,0.0,0.0,0.0,0.0,0.0,0.0
309853107,39.2189334,9.054224,0.0,0.0,0.0,0.0,0.0,0.0,0.0
309853132,39.2202076,9.0558679,0.0,0.0,0.0,0.0,0.0,0.0,0.0
309853145,39.2207873,9.0557061,0.410017938372568,0.0,0.0,0.0,0.0,0.0,0.410017938372568
309853207,39.220121,9.0544883,0.410017938372568,0.0,0.0,0.0,0.0,0.0,0.410017938372568
309853235,39.2198717,9.0506669,0.410017938372568,0.0,0.0,0.0,0.0,0.0,0.410017938372568
309853278,39.2193726,9.0533123,0.0,0.0,0.0,0.0,0.0,0.0,0.0
313332533,39.2273061,9.1116103,0.990701016264359,0.9826813769818491,0.990701016264359,0.5027901022653478,0.9607589040679284,0.989698801573822,0.9655113010904347
313332538,39.2243424,9.114924,0.9995369486830212,0.9899354689084411,0.9995369486830212,0.4757063960896143,0.9543011610409445,0.9979650260584041,0.9591160045091186
313332539,39.2240703,9.1152212,0.9994592535267539,0.9876677516263432,0.9994592535267539,0.4760438881863498,0.9535334169263111,0.9976735940695634,0.959862074244406
306222211,39.1967472,9.158037,0.9997827699230148,0.8969794107704185,0.9997827699230148,0.24000206251696207,0.7669825048682274,0.9247560190148258,0.793728283390202
306222212,39.1985726,9.1585954,0.9999605244552132,0.8853695715833302,0.9999605244552132,0.23269531823669848,0.7489968652559131,0.9196705837334304,0.7715987752306528
306222213,39.2004235,9.1591876,0.9999925899576351,0.8666027910552265,0.9999925899576351,0.21829436563334093,0.7211020771340791,0.9163095134514623,0.7399882964330158
306222215,39.2013874,9.1597745,0.9998501447407304,0.8646977928703226,0.9998501447407304,0.21982683457066307,0.7198843454321602,0.9229789672848325,0.7360984514016712
306222216,39.2027046,9.1607969,0.9997733470413269,0.8469011891720427,0.9997733470413269,0.20866328229707456,0.6957186933347451,0.9308641138401168,0.7094131866677147
306222219,39.2066348,9.1627456,0.9998449470298272,0.8020008598538304,0.9998449470298272,0.18798324514848413,0.6426926084941069,0.9480718378032748,0.6545244251110711
306222224,39.2070741,9.1638799,0.9999141079371597,0.8041280717494025,0.9999141079371597,0.19032024553496119,0.6458991836138195,0.9558078069215602,0.6529863833960217
306222275,39.1946702,9.1585586,0.9999989523297956,0.8821079836019099,0.9999989523297956,0.22374158646367942,0.7391885641109497,0.9083248916185286,0.7666045801321596
306222283,39.19539,9.1584536,0.9999754272193059,0.8868063198462934,0.9999754272193059,0.2277394071975928,0.7476919364169697,0.9129529111797526,0.7743974138356878
306222328,39.1966618,9.1587365,0.9999945735433012,0.8935808430212163,0.9999945735433012,0.23640031409844792,0.7615656249609635,0.922816701678781,0.78711638904911
306222351,39.1985065,9.1591559,0.9999832193095591,0.882443917718196,0.9999832193095591,0.22956269221650075,0.7446778449256396,0.9180700678561664,0.7663312846064769
306222384,39.2001909,9.1597632,0.9999978210987147,0.8682888570114767,0.9999978210987147,0.2189941933313473,0.7232220912667725,0.9189652371555875,0.7446865109912643
306222386,39.2011,9.1604138,0.9999929998183679,0.8615997212961847,0.9999929998183679,0.21749003638917797,0.7150542588291856,0.9246700900079315,0.7325875547545834
306222423,39.2026214,9.1609758,0.9997944570539706,0.8477320620700624,0.9997944570539706,0.20923263241658613,0.696995182542663,0.918411376158212,0.7110340995302238
306222424,39.2035108,9.1616518,0.9999649250231821,0.8396798682753914,0.9999649250231821,0.20552640163201152,0.6870820049168206,0.9372485045812337,0.6992270841036297
306222425,39.2030987,9.1626243,0.9999973201888276,0.8341567595975247,0.9999973201888276,0.20260607391253652,0.6799401641614908,0.9414922722591478,0.6961248368636463
306222441,39.2041259,9.1619457,0.9999952620725929,0.8374778082812675,0.9999952620725929,0.20602093914301012,0.6846526168135219,0.940793193728882,0.696566282976176
306222463,39.2043434,9.1621333,0.9999916244894995,0.8365546409966887,0.9999916244894995,0.20569448388488,0.6836575892729181,0.9400321016197172,0.6953962403178465
306222464,39.2048178,9.162619,0.9999943836510286,0.8317422500285596,0.9999943836510286,0.20357488591230083,0.6779065578628976,0.9457044048595076,0.6885456183140577
306222465,39.2052781,9.163162,0.9999972434571734,0.8267468829017601,0.9999972434571734,0.20008548202794818,0.6720162307513012,0.9509188211238334,0.6813673218493593
304742315,39.2234205,9.1017032,0.9972822701442019,0.9931076504363189,0.9972822701442019,0.5438169358030001,0.9676833966365795,0.9671754258966727,0.9236229590829913
304742316,39.2242149,9.1034076,0.9958899909135348,0.9905258335018567,0.9958899909135348,0.5437667302101667,0.961529380624514,0.9701678913483345,0.929236532593718
304742317,39.223182,9.1008711,0.9960076530007925,0.9912212497220633,0.9960076530007925,0.5426252871190419,0.9627412635978344,0.9621659958469692,0.9166820860879806
304742319,39.2256573,9.1006631,0.9917768780651934,0.9857920167446704,0.9917768780651934,0.5459006190281238,0.9647431116556507,0.9527571650287279,0.9182873862307449
304742320,39.2263677,9.0997221,0.9847991870479965,0.9792196141270388,0.9847991870479965,0.5461184120846317,0.9628216476643456,0.9413414587713054,0.9090481850506568
304742334,39.2288281,9.0977379,0.9738164812211006,0.9752868143666678,0.9666228424320016,0.5465942827387434,0.9731843734661537,0.9487553680711999,0.9005001921544518
304742336,39.2293978,9.0970814,0.9753963564065612,0.9777013705271757,0.9637044039911807,0.5465954038652385,0.9760638836557926,0.9526395954663007,0.9045060193604062
304742339,39.2304795,9.0954877,0.9750298962446331,0.9787995505944868,0.9555879935015442,0.546077197365507,0.9774044202199157,0.9555879935015442,0.9034124272732554
304742340,39.2312705,9.0950741,0.9740967408909295,0.9779148576503822,0.9543376327743608,0.5452882591561168,0.9767708381681472,0.9543376327743608,0.9030377850942051
304742341,39.2325942,9.0955063,0.9814141741130786,0.9848864841703077,0.9637531369298318,0.5448097229550232,0.982612121701485,0.9637531369298318,0.9148275703832539
304742342,39.2315755,9.0960508,0.9788245130318829,0.9823915895314609,0.9605136640385991,0.545771968997854,0.9807263790134594,0.9605136640385991,0.9109955956210652
304742343,39.2308168,9.0964403,0.9793513458433376,0.9829011845981339,0.9611856837551709,0.5462088781940769,0.9810172191000796,0.9611856837551709,0.9107404561333539
304742344,39.2309312,9.0968058,0.9810788407555897,0.9844993147378877,0.9636383301960921,0.546342685058761,0.9824314033476186,0.9636383301960921,0.9136902862346037
304742345,39.2310967,9.0973405,0.9832415033150287,0.986509337817373,0.966648371572686,0.5464620113874202,0.9842573402375121,0.966648371572686,0.9177807815034406
304742346,39.2313396,9.0981358,0.9859811470527549,0.988994712055978,0.9708043580660445,0.5466038640578377,0.9864170029351316,0.9708043580660445,0.9237257400115704
304742347,39.2324772,9.0966408,0.9753573972708826,0.9791995163627896,0.9555840732996285,0.5458135616099028,0.9776083113177566,0.9555840732996285,0.9039728396615813
304742348,39.2305935,9.096976,0.9791604315664296,0.9826741314362916,0.9611629739130427,0.5463054542415592,0.9808762647827379,0.9611629739130427,0.9104466749121882
304742349,39.2295923,9.0975144,0.9772749432779081,0.9795526669082296,0.9657567284860639,0.5466305573996346,0.9777933298388545,0.9553058430127026,0.9079706587474213
304742350,39.2302284,9.0958535,0.973460349073288,0.9772463357152573,0.9539409179742526,0.5462632786864375,0.9758183406300442,0.9539409179742526,0.9008584875383445
304742351,39.2309903,9.0982939,0.9846767651302708,0.9877397458314083,0.9691685318788328,0.5466422483991787,0.9854500841132725,0.9691685318788328,0.9210856205068003
304742352,39.2318579,9.0969547,0.9790600933278373,0.9826424876964073,0.9607307770816418,0.5461770026358059,0.980729470941219,0.9607307770816418,0.9104491240352969
304742353,39.2294421,9.0989959,0.981564368648278,0.9827115782400418,0.9762105270311273,0.5466905844967574,0.980035543281605,0.9595593464232062,0.914199846292944
304742356,39.2275777,9.0986678,0.980306129849491,0.9774585724274834,0.980306129849491,0.5465141038491906,0.967826381908685,0.9448647321401709,0.9066433799262114
304742357,39.2278439,9.0997078,0.9841333247263281,0.9819153655807025,0.9841333247263281,0.5466379096173241,0.9732813210218914,0.9523008675821655,0.914397537057748
304743219,39.2229924,9.0985496,0.9214441723397702,0.9225432843985762,0.9170477241045456,0.5379411727030022,0.912790348344797,0.8702604550572332,0.8330280561149622
304743226,39.222708,9.0991083,0.9248010901411198,0.926169450921078,0.9193276470212866,0.5364089605146644,0.9095574908265799,0.8665853614548762,0.8310999363041855
304743248,39.2164124,9.0997049,0.9655144618460473,0.9662591048894414,0.9625358896724708,0.5105407237825723,0.936525882711787,0.9205678413705659,0.8519061869476676
304743311,39.215426,9.0993534,0.9713216176340828,0.9719973811419771,0.9686185636025056,0.49808383626965524,0.940396005905104,0.9285416988915571,0.8584835723050195
304743315,39.21549,9.1000361,0.9743393972929568,0.974979726439139,0.9717780807082281,0.5001311741573907,0.9442716105283626,0.9333223197973164,0.8641654040374019
304743319,39.2158001,9.0994834,0.971228554306142,0.9719053741358101,0.9685212749874694,0.4985353568498547,0.9403582032377023,0.9284033492289636,0.8583668268692493
304743335,39.2171249,9.0995873,0.9627925276104502,0.9636346021614208,0.9594242294065679,0.5138955277366721,0.9345202048221619,0.8986053804612082,0.8501011623505678
304762043,39.2392264,9.1117573,0.9970444347574331,0.998421430277519,0.9915364526770899,0.49133578592550453,0.9738949603209246,0.9915364526770899,0.9565677762472772
304762046,39.2390771,9.109056,0.9984362367804869,0.9994476305096721,0.994390661863746,0.5010740685607366,0.981017146467162,0.994390661863746,0.9587016097594142
304762048,39.2396235,9.1101346,0.997682135781247,0.998991288607368,0.992445524476763,0.49899466297966444,0.9781181644757061,0.992445524476763,0.9556388356084903
304762050,39.2400621,9.1110329,0.9961049878113578,0.9979313847575024,0.9887994000267792,0.48977393683689513,0.9716249440042622,0.9887994000267792,0.952897108180294
304762063,39.2314263,9.1059817,0.9862386879751517,0.9876763434921885,0.9804880659070045,0.5232066613480169,0.9791995141490231,0.9804880659070045,0.947912463759509
304762066,39.2316214,9.1061508,0.9849834561373911,0.9865136458569674,0.9788626972590861,0.5218986325461721,0.9778668439200758,0.9788626972590861,0.9459539935555757
304762071,39.2337854,9.1067849,0.9867325267263408,0.9875718221086766,0.9833753451969978,0.5112182892777978,0.9770434754784533,0.9833753451969978,0.9353962212382437
304762072,39.2330921,9.1061725,0.9874901394388108,0.9876698742210092,0.9867712003100174,0.5154657328705887,0.9781986960357857,0.9867712003100174,0.9406539538381842
304762073,39.2333633,9.1012595,0.9948182518919428,0.9967518385459083,0.986305885240013,0.5426432035880406,0.9901959854203517,0.986305885240013,0.9402219991770222
306299258,39.1904831,9.1413987,0.8845991588715078,0.8776115649756023,0.8845991588715078,0.24465615405598298,0.7961238585826702,0.8845991588715078,0.8230228515038636
306299279,39.1933894,9.1417624,0.8809348382916447,0.8746220717383941,0.8809348382916447,0.24210709141830233,0.7901791142656656,0.8809348382916447,0.8151737287272193
306299295,39.1990697,9.1434061,0.9528910382981082,0.9483751098262451,0.9528910382981081,0.29983661487699903,0.8951191951649752,0.9528910382981081,0.8773810330793198
306299305,39.1985899,9.1426954,0.9320364661463437,0.9111958676907299,0.9320364661463437,0.29305975713162613,0.8616629548452244,0.9320364661463437,0.8354467185243117
306299313,39.2012054,9.1419332,0.9608430928779346,0.9520224243981453,0.9608430928779347,0.3124145997231705,0.9132542066199313,0.9608430928779347,0.8801534827396152
306299317,39.2005887,9.1436399,0.9632503909973879,0.9521189120920772,0.9632503909973879,0.2937419927550672,0.8938738156513638,0.9571592254844269,0.8701421585128465
306299328,39.1967677,9.1578865,0.9994719830302653,0.8977015245513722,0.9994719830302653,0.24048458231842196,0.7681517807142398,0.9212828083005594,0.7950915400569479
306299344,39.2014489,9.1596445,0.9956554654756068,0.86476184249235,0.9956554654756068,0.21983698260365747,0.7199423059080977,0.9146194997721737,0.7361516251724334
309847327,39.2699151,9.0770146,0.645918266834417,0.5879572976735163,0.6012927501642675,0.2863304528264462,0.5833820998626835,0.5888763747708395,0.645918266834417
309848263,39.239362,9.119339,0.9907673068489797,0.990505035824949,0.9907673068489797,0.4452498667195241,0.9348480150445053,0.9907673068489797,0.9589412413407752
309848275,39.2384501,9.1197246,0.9907421871882616,0.9909945590006217,0.9897326999388211,0.43878720703981466,0.9319385727431212,0.9897326999388211,0.9558320453272889
309848278,39.2373871,9.1211194,0.9860251675161458,0.9867638436639877,0.9830704629247781,0.42672446227103694,0.9223478282002937,0.9830704629247781,0.9486822444165923
309848281,39.2366456,9.123907,0.9853522576417132,0.9878667544591223,0.9752942703720759,0.4099090398256093,0.9106550584795271,0.9752942703720759,0.9472189306266058
309848285,39.2370561,9.1246559,0.989825860079417,0.9934721277633398,0.9752407893437257,0.4054962336091472,0.9191135755917481,0.9752407893437257,0.9622505619390256
309848286,39.2360341,9.1264777,0.9856437188645301,0.9906364866682569,0.9656726476496228,0.39097925425877395,0.9075942654400861,0.9648873156353551,0.9559189744052086
309848290,39.2364578,9.1246244,0.9901766369635152,0.9934948613754716,0.9769037393156896,0.40543932063530086,0.9213233591508866,0.9769037393156896,0.9638260633052428
309848291,39.2365147,9.1244212,0.9906489856570018,0.9938765009024128,0.9777389246753577,0.4064954156732147,0.9223811020512515,0.9777389246753577,0.9647412411750204
309848495,39.2392887,9.1232159,0.9769059044753802,0.980677275809588,0.9618204191385488,0.4056015445203154,0.9016125992949989,0.9618204191385488,0.9442552319519155
309848499,39.2386153,9.1246523,0.9868611321486085,0.9921233722237927,0.9658121718478718,0.39694911148196715,0.9096774268886181,0.9658121718478718,0.9545805351536606
309848502,39.2381622,9.1251222,0.9892395130774021,0.9939141140870601,0.9705411090387703,0.40185052218274503,0.9144075435113197,0.9705411090387703,0.9593284330508393
306223989,39.1966231,9.14604,0.9745445826477347,0.9442519171881995,0.9745445826477347,0.2812807600843537,0.8652483353402156,0.9492511536464255,0.8712825838647413
306223991,39.1981469,9.1482117,0.9853569837350343,0.94977350251936,0.9853569837350343,0.2871725498758399,0.8742136630345353,0.9563508798029751,0.8503925290907834
306224015,39.2029649,9.1399364,0.9412015968288362,0.927240303333926,0.9412015968288362,0.319798028883034,0.9077066635988255,0.9412015968288362,0.857368918170176
306224098,39.2037633,9.1398539,0.9558539547079282,0.9458722674045345,0.9558539547079282,0.3064315638126074,0.913405488497344,0.9558539547079282,0.8689149162361192
306294338,39.2006767,9.1436739,0.9652166892105364,0.9544195966063244,0.9652166892105364,0.3090793498100974,0.9112309740989482,0.9652166892105364,0.8701562991595695
306294339,39.2017448,9.1436067,0.9627158879550745,0.9514597765707178,0.9627158879550745,0.3047638525715718,0.9045632867736719,0.9627158879550745,0.8625628023486793
306294341,39.2040295,9.1434006,0.9573140901385995,0.9399180160805514,0.9573140901385995,0.29345085522190567,0.8887694214859911,0.9573140901385995,0.8516380844261924
306294342,39.2046365,9.1432417,0.9575185463173012,0.9343708641295567,0.9575185463173012,0.28945842656339865,0.8832256296436238,0.9575185463173012,0.8538376565544881
306294344,39.2048598,9.1431485,0.9572674792654344,0.932055874510276,0.9572674792654344,0.287235639348707,0.8800877451481843,0.9572674792654344,0.8535934503748686
306294350,39.2036887,9.1446202,0.9560812096881227,0.940591325011208,0.9560812096881227,0.29232272725971725,0.8849198548928928,0.9560812096881227,0.8451423693424394
306294351,39.2034862,9.1451,0.9545851571704665,0.9394211245204438,0.9545851571704665,0.28911329953592707,0.8807379098977502,0.9545851571704665,0.8405075355276286
306294352,39.2037053,9.145276,0.9560766741365875,0.9375540872237581,0.9560766741365875,0.2878349059460396,0.8777496123876577,0.9560766741365875,0.8374047757408194
306294353,39.2028875,9.1470764,0.9512054316716907,0.9300085906028379,0.9512054316716907,0.2794253276504895,0.864285790481174,0.9512054316716907,0.8216939619926433
306294354,39.2022118,9.146547,0.9551471177347678,0.941482030969947,0.9551471177347678,0.2838825790894284,0.871207783213833,0.9541133389899372,0.8318505310057872
306294355,39.201553,9.1457404,0.9602209675926101,0.9455120907023065,0.9602209675926101,0.2895029680272646,0.8790478718983463,0.9542800241539589,0.8399298104653011
306294358,39.2009012,9.1464789,0.9665137753256647,0.9497013013980499,0.9665137753256646,0.29348978144123844,0.8839322075165962,0.9560438481879057,0.8458279548612925
306294359,39.2002011,9.1472605,0.9718192187827327,0.9404012135916374,0.9718192187827327,0.27618249063894007,0.8566819322836596,0.9498625470925992,0.8260199135061852
306294360,39.1996846,9.1478323,0.975460183498523,0.9422272517528315,0.9754601834985229,0.27915225813589045,0.8596328682840689,0.9509567458108797,0.8309092766555305
306294361,39.199191,9.148672,0.9806562768936656,0.9448288473009101,0.9806562768936656,0.282812549508211,0.8652087844729053,0.9565926330979039,0.8385120098097587
306294362,39.1997204,9.1453738,0.9598009703050839,0.953513836186655,0.9598009703050839,0.3006717596664302,0.898325228247155,0.9598009703050839,0.8563186861472962
314898794,39.2145246,9.1169473,0.9999896110162523,0.9976508847958342,0.9999896110162523,0.461358166189658,0.970730396140952,0.9779646435147163,0.9500823240054076
314898801,39.2120534,9.1166537,0.9999163752035994,0.9959324594853521,0.9999163752035994,0.47243503940602827,0.9688391289794004,0.9627600937513782,0.941427423538744
314898825,39.2137497,9.1054882,0.9937389897765823,0.9940028653980819,0.9926834872905834,0.4896180178632752,0.9648944837928823,0.9656898293536023,0.9016832927368185
314899302,39.213411,9.1161037,0.9999929665523964,0.9968934242895633,0.9999929665523964,0.46755852734026276,0.9709439015707215,0.971514182297344,0.9446741728198109
314899326,39.2130432,9.1158109,0.999997445357684,0.9970680687362036,0.999997445357684,0.4709775375300052,0.9708326938123661,0.9691883765782348,0.9430677391820331
314905892,39.2208403,9.115724,0.9999917151862225,0.985061004082435,0.9999917151862225,0.45337746252666267,0.9608902046895064,0.9940409132610676,0.9553490643391024
314905893,39.2208134,9.1158237,0.9997855632826512,0.9848072196761799,0.9997855632826513,0.4538665932286892,0.9542464388025725,0.9938305899847791,0.955238766961851
314906568,39.2172119,9.1134953,0.9999879434866965,0.9997322981700619,0.9999879434866965,0.49776056895431253,0.9754816795995707,0.9955041331480897,0.938324747846019
314907192,39.217102,9.1134265,0.9999948776487729,0.9996964849065553,0.9999948776487729,0.4967031679301595,0.974804228845734,0.9951665907125639,0.9373910260880668
314938636,39.2307076,9.1084256,0.9804112978234443,0.9742797412411561,0.9804112978234443,0.4938054790304632,0.9505768974785762,0.9804112978234443,0.947494319591494
314939162,39.2301676,9.1092468,0.9823886697308398,0.976817058481122,0.9823886697308398,0.494055201189786,0.9503917185807899,0.9823886697308398,0.9488826685006776
314939164,39.2308781,9.1101776,0.9903361414347703,0.9849194214214072,0.9903361414347703,0.4951821372354017,0.9533198584875463,0.9903361414347703,0.9545006841847459
314939361,39.2321571,9.1113038,0.9976993904469456,0.9980433573453587,0.9963235228532933,0.49688721213258946,0.9725379162682032,0.9963235228532933,0.9628663628107392
314941252,39.2123227,9.1140443,0.9996480825611499,0.9950166326732851,0.9996480825611499,0.4775002273909754,0.9688019282557448,0.9624613656050224,0.9268416696122899
314953318,39.2216966,9.1166282,0.9999979478073054,0.990068740136293,0.9999979478073054,0.4571760258488648,0.9584173039767621,0.9952651074328384,0.9627662136659652
314953713,39.2217997,9.1024316,0.9992563395172243,0.9965142304682338,0.9992563395172243,0.5411962797043073,0.9718706934382013,0.9766202388320506,0.9255392437023655
314961217,39.2339305,9.1293807,0.9787084114087159,0.9835770751038394,0.9445669080134146,0.3407831687730313,0.8655216712083614,0.9401100858290192,0.959233756628222
314961291,39.2338679,9.1308871,0.9608291441098531,0.9610012196482045,0.9411706508628466,0.32358672518691267,0.8569348089940272,0.9369121010756014,0.9601408419564477
314961602,39.2355365,9.1240506,0.9924599874072346,0.9949086378293512,0.9826653857187677,0.39952650326733735,0.9229539041034845,0.9788096245454694,0.9677984973776778
314962745,39.2417413,9.1181313,0.0,0.0,0.0,0.0,0.0,0.0,0.0
306222467,39.2060554,9.1640746,0.9999834832697039,0.8161610224438258,0.9999834832697039,0.19522669717780025,0.6594668884681164,0.9551188735730817,0.6690949359123057
306222473,39.2063654,9.1633441,0.9999335196443463,0.8080374845086529,0.9999335196443463,0.19187665000080817,0.6501792252871675,0.9512631006348027,0.6612072839983673
306222601,39.2073025,9.1641821,0.999846225005768,0.7981846139589096,0.999846225005768,0.18804738206335553,0.6393876180894867,0.9567064900098471,0.6485318451948767
306222616,39.2082744,9.1646109,0.9994184163731323,0.7830239612161228,0.9994184163731323,0.1805742677720577,0.6232079660944465,0.9543614684792595,0.6346686816820883
306222617,39.2091714,9.1655646,0.998431058403144,0.7757332176260539,0.998431058403144,0.17873028124516133,0.6156047631225987,0.9601278872902792,0.6228792270166512
306222658,39.2080394,9.1650004,0.9992330770621587,0.7828497247122516,0.9992330770621587,0.18122942380427923,0.6229001335865789,0.9581071840993688,0.6313845131498893
306222663,39.2080438,9.1663473,0.998823714214738,0.7812470840973168,0.998823714214738,0.18135294388975917,0.620808078319672,0.9629866840295603,0.6230628119506559
306222989,39.1919155,9.1619501,0.9745950457158856,0.8590943663811018,0.9745950457158856,0.20947645838036016,0.6965365795497255,0.8411327865704872,0.8379200325312547
306223497,39.1923917,9.1559526,0.9927852463447411,0.8851098997691877,0.9927852463447411,0.2225801151649468,0.7340253648575235,0.8724672685540679,0.8641019964102621
306223506,39.1923063,9.1523,0.9202389285566707,0.8758326040336956,0.9202389285566707,0.22159346191870732,0.7376689654117998,0.8598733676115234,0.8727729964788947
306223514,39.1899821,9.1500569,0.9223626218281746,0.8870501877960584,0.9223626218281746,0.23378968112011245,0.770233185741041,0.8832099659031527,0.8890395735293927
306223770,39.1845556,9.1475914,0.8474251597251403,0.8206833606759614,0.8474251597251403,0.20511987427184317,0.6941076819169597,0.813790195338332,0.8467584553712394
306223776,39.1877289,9.1491464,0.8872089218331035,0.8558926392000564,0.8872089218331035,0.21735910610452114,0.7303257796537547,0.8485536356137223,0.8768514416096214
306223777,39.1897054,9.1501746,0.9193902536297168,0.8841967849464146,0.9193902536297168,0.23250823741129803,0.7670460575796926,0.8810856603912844,0.8897532549233979
306223906,39.1835642,9.1564647,0.8934230987841938,0.7984796967417933,0.8321283040650828,0.19522568494861398,0.6634978976959003,0.7830208326070275,0.8934230987841938
306223919,39.1863273,9.1535306,0.8997808872553653,0.8413059877186793,0.8701114068156481,0.21186705950998694,0.7111421497904289,0.8289787016114971,0.8997808872553653
306223928,39.1867131,9.1520132,0.8975322927818103,0.8474052218595545,0.8760117993234205,0.2146777384701932,0.7210564841530537,0.8381616102500108,0.8975322927818103
306223940,39.1942926,9.1477583,0.9584640672449785,0.927596363518268,0.9584640672449783,0.2676941821726186,0.8385270626842986,0.9327810293743917,0.87261631588767
306223945,39.1967579,9.145095,0.969396487183186,0.9412714035268706,0.9693964871831859,0.27555644429963316,0.8596947779934557,0.945559744026215,0.8676505425364255
306223952,39.1981687,9.1440225,0.9593574562234263,0.947555711341974,0.9593574562234263,0.29440220467543926,0.8850869267315399,0.9495855675085701,0.87472605074956
306296874,39.2051505,9.1260386,0.9464562721385845,0.9341139863796181,0.9464562721385845,0.3776771505058462,0.9332757597228638,0.9296835295379271,0.8974357652114435
306296888,39.203685,9.1263521,0.9447337150747158,0.9328217430137157,0.9447337150747158,0.3751090447651061,0.9401207653301933,0.9447337150747158,0.9046759329591731
306296891,39.2040225,9.1269789,0.9500787561805458,0.9382113233543766,0.9500787561805458,0.37847270446987596,0.9433228154254757,0.9500787561805458,0.9089835751172122
306296893,39.2045421,9.1273405,0.9536878129914782,0.943718088685163,0.9536878129914782,0.38211961076853007,0.9460198807862323,0.9523053366565604,0.9123009228866197
306296919,39.2017395,9.1395956,0.9469171023200051,0.913127184483168,0.9469171023200053,0.2715645447307092,0.8607383100900919,0.9469171023200053,0.8186439496513652
306296936,39.2021663,9.1410618,0.9624497855481697,0.9543694940561522,0.9624497855481697,0.3149623991579238,0.9164910895872366,0.9624497855481697,0.8776971826216565
306296943,39.2013448,9.1391294,0.9584480674529481,0.9429378858562057,0.9584480674529481,0.30792623681258324,0.9042986237436214,0.9584480674529481,0.8715871936746055
306296948,39.2012699,9.1415856,0.9619845050316895,0.953339686186565,0.9619845050316895,0.31396984234530745,0.914929807993955,0.9619845050316895,0.8781308719173692
306296954,39.2014479,9.141774,0.9614311862034964,0.9531797104222144,0.9614311862034964,0.31289737221536656,0.9140556493663997,0.9614311862034964,0.8795413353617363
306296961,39.1983443,9.1408311,0.9352105394867058,0.9113225235047094,0.9352105394867057,0.29714153322084796,0.8646863537006355,0.9352105394867057,0.8433873841270695
306296994,39.1984407,9.13879,0.937331907586856,0.9129500282293335,0.937331907586856,0.30357944836235573,0.8733737477671176,0.937331907586856,0.8545369074320435
306296996,39.1984228,9.138616,0.9366610643734614,0.9126874056313821,0.9366610643734614,0.30428636767683437,0.8730421939127252,0.9366610643734614,0.8548586331517561
306297010,39.1975246,9.1348564,0.902315157377619,0.8740524021346161,0.902315157377619,0.3159042922372422,0.8773301309051544,0.902315157377619,0.8386940273594672
306297012,39.1985778,9.1386345,0.9380616592707085,0.9135720200111099,0.9380616592707086,0.2948253456919692,0.8736294303040871,0.9380616592707086,0.8473096997311288
306297015,39.1994702,9.1384365,0.9415686398423607,0.9190621214672636,0.9415686398423607,0.29909467268808015,0.8814665476511362,0.9415686398423607,0.8536262356934083
306297075,39.2000282,9.1320785,0.8740677593454078,0.8659805053975953,0.8740677593454078,0.29880085380991195,0.8552095511479438,0.8740677593454078,0.8391162325956296
306297086,39.1987121,9.1318387,0.8847850811365062,0.8738479625860633,0.8847850811365062,0.30184205498447425,0.8589685351173931,0.8847850811365062,0.846003627950901
306297100,39.1992394,9.1298124,0.8937827889715244,0.8654668711755563,0.8937827889715245,0.3102155830418765,0.8688039508836821,0.8937827889715245,0.8471344191625921
306297135,39.2003925,9.1303401,0.9068128362138406,0.8788670183820553,0.9068128362138406,0.31752932765839437,0.876853511485475,0.9068128362138406,0.8517181764606763
306297145,39.2009139,9.1326909,0.9259557311615018,0.9014426933918717,0.9259557311615018,0.3270920115276683,0.8924082977903364,0.9259557311615018,0.8634962079283182
306294363,39.2002196,9.1458385,0.9577919512414647,0.9507688437677139,0.9577919512414648,0.29772200742506977,0.8917710968050951,0.9577919512414648,0.8504632984159465
306294366,39.2007027,9.144946,0.9564365643804665,0.943818931803421,0.9564365643804665,0.28483504754360445,0.877204968722019,0.9531728193095617,0.8362991654803866
306294369,39.2011332,9.1481422,0.9667274626949829,0.9393801221925472,0.9667274626949829,0.2747890440184093,0.8556897685370157,0.9514618969805868,0.8225367762161429
306294370,39.2010425,9.1482806,0.9675697535990081,0.9391142161925946,0.967569753599008,0.27411939570893445,0.8544225438157224,0.9512485445040023,0.822791476628061
306294371,39.200671,9.1487783,0.9714099683313259,0.9385454811833974,0.9714099683313258,0.2727755242863225,0.8519244472146483,0.95128990507695,0.8242079861054478
306294372,39.2003966,9.1491551,0.9736047762447491,0.9397505963532269,0.9736047762447491,0.27566841257756514,0.8536932121553142,0.9519481107719554,0.8269885722542787
306294373,39.1999312,9.1499438,0.9717187745034845,0.9376930698377838,0.9717187745034844,0.27208228805927276,0.847618426659701,0.9498145196446514,0.819272638764471
306294377,39.1981437,9.1530851,0.9680462347037794,0.9244051959641428,0.9680462347037794,0.25598362827822696,0.8154128299424435,0.9364327930966422,0.7878734481454761
306294379,39.1975187,9.1524149,0.9751838879644265,0.9313886121091316,0.9751838879644265,0.2653916425584998,0.8289048971525139,0.9383078996260938,0.8032466473274875
306294380,39.1992848,9.1493175,0.9556715302573908,0.9249751351989737,0.9556715302573908,0.25428218788760043,0.8161235425475737,0.9348450378575195,0.7798218496872968
306294383,39.1988024,9.1485041,0.9824575514423024,0.947226412139702,0.9824575514423024,0.28479122648450855,0.8690484491773586,0.9549142373099497,0.8433968745062392
306294384,39.1982432,9.1482606,0.9851511201586083,0.9497842153488261,0.9851511201586082,0.28721208535261183,0.8742706632123629,0.9563802144613858,0.8500751668652805
306294385,39.196985,9.1503644,0.9824279158624827,0.9403209355076769,0.9824279158624827,0.2774083635343018,0.8520563622527012,0.9505455740128952,0.829530634621503
306294387,39.1973189,9.151422,0.975373891757842,0.9346267446099265,0.975373891757842,0.2707936159946227,0.8382466744520235,0.9423880646633944,0.8126852057268014
306294388,39.1964029,9.1513777,0.982651000760094,0.9364332398528843,0.9826510007600939,0.2728301257680347,0.8419951071553998,0.9450858284187775,0.8190645656328225
306294389,39.1970212,9.1519614,0.9779639840379364,0.9335020158215719,0.9779639840379363,0.26942153990654466,0.8342806192373888,0.9405691212318344,0.810276210058451
306294392,39.1964262,9.1528405,0.9792474841512425,0.9289810599895427,0.9792474841512424,0.2656206662230011,0.8254086643049856,0.9358340141178292,0.800624725447537
306294393,39.1951857,9.1534896,0.9859424497152988,0.9266343961551662,0.9859424497152987,0.26351748191856145,0.8209149557663378,0.9336420863592367,0.7967758680452329
306294410,39.2025868,9.1495209,0.9531008749228207,0.9270739242169813,0.9531008749228206,0.2625775819814124,0.8331104178982659,0.9430547253806169,0.7998363513606167
306296872,39.2037332,9.1288657,0.9436254811744165,0.9322663747748515,0.9436254811744165,0.3738675117683292,0.9412407331467584,0.9436254811744165,0.9027242913296651
364333958,39.216422,9.1248403,0.9990002397642471,0.9995210449857852,0.9969170188780949,0.4105288855493143,0.9618228767753934,0.9708706381859582,0.96903831900854
364333977,39.2185726,9.1249231,0.9992916316365882,0.9994619295176693,0.9986104401122641,0.39871638736908893,0.954013935306894,0.9775347654526293,0.9738592983518517
364333979,39.2196084,9.1249524,0.9993436523950924,0.9991450405770655,0.9993436523950925,0.4022449022628732,0.9536438195356546,0.9822510639900445,0.9762996211785296
364335199,39.2196689,9.1142392,0.999991434845792,0.9950463286261632,0.999991434845792,0.4589384773041002,0.948149594281415,0.996963443173375,0.9316777617875315
364335217,39.2201085,9.1141305,0.99999991788551,0.9959833255515749,0.99999991788551,0.4629097503200507,0.9510396488924184,0.997662280950814,0.9353119847837097
366503492,39.2433854,9.1103345,0.9821360634216935,0.9854492435344188,0.9688833429707921,0.4762161940036225,0.9597527100580685,0.9688833429707921,0.925166317185729
366517466,39.2244003,9.1316116,0.9872604579183282,0.9878866207565687,0.9778790532163025,0.3524819693395602,0.9387950492155114,0.9761397473071937,0.9847558065653658
366517475,39.2242854,9.1319889,0.98549473688365,0.9859565597721531,0.9751129798816077,0.3490495548452204,0.9356695782767982,0.9739661711407104,0.9836474453296375
366517476,39.2243291,9.1323616,0.9843619878512867,0.9846722886728901,0.9734348183086752,0.34721436452305904,0.9339436736790467,0.97229012631406,0.9831207845648728
366517478,39.224899,9.1324435,0.9813852365429693,0.9814469491282621,0.9697896711974799,0.34272449155666646,0.929752689472663,0.969130410225663,0.9811383862017972
366517480,39.2251727,9.1326755,0.9805832776107345,0.9791541327328352,0.9669742839113765,0.33992365527281354,0.9263876714340802,0.9665928204449222,0.9805832776107345
366517483,39.2253413,9.1334565,0.9816536154039981,0.9764370082802515,0.9647236239292463,0.33531786564761823,0.9231873295385831,0.9631201278401185,0.9816536154039981
366517485,39.2252378,9.1338355,0.9823159592520939,0.9744280130545077,0.9637433886753624,0.33209816426044453,0.9218682568753264,0.960419195644144,0.9823159592520938
366517574,39.2252708,9.1343108,0.983172836733047,0.9752931847378897,0.9644786168168075,0.3317700859518115,0.9246688849684199,0.9605918833227257,0.983172836733047
366517601,39.2249436,9.1345399,0.9837004607580088,0.9772439079524241,0.9658964029608972,0.3346172563270207,0.9270084341771958,0.9630003271987732,0.9837004607580088
366517610,39.2244058,9.1323502,0.9838433786744009,0.984129543575191,0.9729966614940591,0.346074965811177,0.933490642590365,0.9721643276167073,0.9826987190712402
366517660,39.2239082,9.1322843,0.9822938751975575,0.9823671817848769,0.9701447240599955,0.34355492224364115,0.9312141574061256,0.9697777722336068,0.9820006488482798
366517662,39.2236597,9.1320801,0.9817172557232778,0.9814547851172436,0.9690533490300162,0.34152087431427425,0.9299069952793908,0.9689494188085863,0.9817172557232778
366517664,39.224079,9.1324713,0.9831599990547252,0.9832851247978849,0.9714906906179492,0.3449265909119599,0.9318996101844071,0.9710291890514785,0.9826594960820862
366517699,39.2240648,9.1328857,0.9822503562497116,0.9815065806562691,0.9695559565452296,0.3429599258275081,0.9299319829519476,0.9692589540201265,0.9822503562497116
314985030,39.2232239,9.1233676,0.9997354064197893,0.9988868111696566,0.9997354064197893,0.40489838308522086,0.9371091564630751,0.9918797693433281,0.976549630327852
314985782,39.2225774,9.1227579,0.9997262755707291,0.9990480585815277,0.9997262755707291,0.40535806728600043,0.9399583633525176,0.9901691086814077,0.9757821775975909
315238581,39.2498647,9.1150189,0.994329064441648,0.9754006345894357,0.994329064441648,0.3903134275385361,0.8847515209094179,0.994329064441648,0.9231644430063698
315238586,39.2493935,9.1144324,0.994399670680544,0.9781801004503231,0.994399670680544,0.3954799037732797,0.8885554590055067,0.994399670680544,0.9269324170321324
315238589,39.2490344,9.1148751,0.9947144507988698,0.9805657583875164,0.9947144507988698,0.39714399943561024,0.8910530792786702,0.9947144507988698,0.9318011864174328
315238591,39.2491187,9.1153042,0.9928948896467554,0.9754875788070551,0.9928948896467554,0.38393564969372407,0.8799156311464797,0.9928948896467554,0.9265656762839558
315238595,39.2495921,9.1154774,0.9935843025727784,0.9739277663479526,0.9935843025727784,0.3863998426607989,0.8823005605692358,0.9935843025727784,0.9211301560063139
315238738,39.249816,9.1147119,0.9946775843908723,0.9764155773026418,0.9946775843908723,0.39307767679458183,0.8861925891408912,0.9946775843908723,0.9247452576064601
315238756,39.2519521,9.1138632,0.9897632488463676,0.9614524832773809,0.9897632488463676,0.3765838270713383,0.8576667573323375,0.9897632488463676,0.9013196948481126
315238895,39.2493413,9.1157866,0.993356378726815,0.9765692952287138,0.993356378726815,0.3845805063435729,0.8802789665155725,0.993356378726815,0.9280071518426094
315239049,39.2487156,9.1151016,0.9940240063678727,0.9806774670159866,0.9940240063678727,0.39608554885520214,0.8912156025514802,0.9940240063678727,0.9322098854639652
315239135,39.2519856,9.1139553,0.0,0.0,0.0,0.0,0.0,0.0,0.0
315239194,39.2484087,9.1155216,0.9939740880937696,0.9800051101481472,0.9939740880937696,0.3949134422370805,0.8907890529195955,0.9939740880937696,0.9312799658283036
315239195,39.2458706,9.1164578,0.9926309014651282,0.971509120394268,0.9926309014651282,0.3945005089610419,0.8848476101302111,0.9926309014651282,0.9174030049860314
315240564,39.2435045,9.1020718,0.9777543831897747,0.9799588670055436,0.9671744796240904,0.5182979329544559,0.9759843211371318,0.9671744796240904,0.9422003017558108
315365643,39.2400321,9.0968188,0.9720947951757738,0.9755129948433556,0.9559303037565555,0.5138220323595213,0.9683887675010089,0.9559303037565555,0.9377991693903477
315378644,39.2104481,9.1182238,0.9977140087630743,0.9825715168714086,0.9977140087630743,0.445809624907315,0.9494304412496706,0.9268351485449741,0.9145512249382742
315379812,39.2197393,9.1553428,0.7201312906320254,0.6191940832349286,0.7201312906320254,0.1626929958332959,0.5692141893258195,0.7201312906320254,0.5384648328124783
315379821,39.2142776,9.1501567,0.7993622044432144,0.7031638882852496,0.7993622044432144,0.18817411258218533,0.6494855415896513,0.7993622044432144,0.6144940817959418
315379825,39.2133982,9.1447834,0.7836535002745209,0.6906297392990143,0.7836535002745209,0.18197353716255435,0.6357544159781351,0.7836535002745209,0.5997634398016292
315380470,39.2056499,9.1454217,0.9512128604085055,0.9137772936411717,0.9512128604085054,0.27536825375728163,0.8600517158140106,0.9512128604085054,0.8285359603591144
315381089,39.2140544,9.1580061,0.8277777613090709,0.7303356911823969,0.8277777613090709,0.19863232322556057,0.6746070682801703,0.8277777613090709,0.640474676998584
315381090,39.2152539,9.1599213,0.809384541520992,0.70866364483417,0.809384541520992,0.1913361860514738,0.6521757075940343,0.809384541520992,0.618506298857592
315381094,39.2191843,9.1644493,0.7893339098538376,0.6510631114578328,0.7893339098538376,0.17280081547630408,0.595641535382861,0.7893339098538376,0.5629424005936038
315381095,39.2192525,9.1648283,0.7909942515173696,0.6474993903315984,0.7909942515173696,0.17168765678712195,0.5922101788850905,0.7909942515173696,0.5596188300284307
315381098,39.2204961,9.1671393,0.7633435044805478,0.6378123423621131,0.7633435044805478,0.16921279633646374,0.5835633376400069,0.7633435044805478,0.5511499187627473
315381272,39.2224174,9.1621411,0.7306463286420704,0.6084268888156261,0.7306463286420704,0.16027531742681728,0.5552019560170066,0.7306463286420704,0.5240436930707524
315381281,39.2236267,9.1609046,0.7095305897481956,0.590580562583668,0.7095305897481956,0.1552869229013953,0.5389881474217962,0.7095305897481956,0.5086071144765584
315381334,39.2192013,9.164553,0.790010216490481,0.650157098538572,0.790010216490481,0.17252282583660714,0.5947755586295727,0.790010216490481,0.5621014204054666
315381457,39.2181878,9.1611658,0.7818485535483348,0.6658136727918624,0.7818485535483348,0.17739057573107225,0.6097277507650686,0.7818485535483348,0.5766834846249465
315381466,39.2158076,9.1592936,0.800006700234197,0.6992684549860338,0.800006700234197,0.1884071177478642,0.6433419327494895,0.800006700234197,0.6099598416175609
315381523,39.2165311,9.1587279,0.7919194203564379,0.6892028618130167,0.7919194203564379,0.18529857675693015,0.6334231418820988,0.7919194203564379,0.6003905026429055
315381754,39.2171437,9.1583663,0.787922191720763,0.68276629054346,0.787922191720763,0.18322930586320718,0.626689716173737,0.787922191720763,0.5936208582274447
315382073,39.2169617,9.1572311,0.7787127656957028,0.6747612613223858,0.7787127656957028,0.1807906872469341,0.6195380061769438,0.7787127656957028,0.5868671165895634
364333752,39.2223956,9.1251542,0.9986270798281768,0.9986072065033929,0.9986270798281768,0.39135440797499255,0.9431456709244374,0.9891788409028954,0.980167176778379
364333753,39.2233231,9.1251782,0.9988704399663075,0.9986705808856012,0.9988704399663076,0.39426159437366187,0.9464427318270251,0.9909428492752782,0.9827500647156356
364333754,39.2245116,9.1252316,0.9979225465340076,0.9979304526354288,0.9978909221283229,0.39081048357408743,0.9402299307325122,0.9908462706511882,0.9812340307383363
364333755,39.2256036,9.1252918,0.9965440670405012,0.9966034841304399,0.996306398680746,0.3884727154152123,0.9339750332484823,0.9903087747057252,0.9817877712671124
364333954,39.2181289,9.1249025,0.9992388554162229,0.9994102812167857,0.998553152213972,0.3967113741288837,0.9535503055702962,0.9757585983168877,0.9738394471589533
364333955,39.2175642,9.1248975,0.9991443210952039,0.9994862876057051,0.9977764550531992,0.4030276758602491,0.9584181059320074,0.9737513468570399,0.9713105696210625
1320082652,39.2169574,9.1171757,0.9999477008814158,0.9961410864002874,0.9999477008814158,0.44885151742517215,0.9701810018609401,0.9788456405736313,0.9491235042590598
1320090762,39.2169413,9.1166396,0.9999999916927516,0.9927358582507447,0.9999999916927516,0.44058992508920447,0.968712606749154,0.9871369198732382,0.94068883649658
1327981903,39.220563,9.1129537,0.9999995795926725,0.999009400195115,0.9999995795926725,0.47919945388026997,0.963448166737092,0.9971025858970445,0.9343976978595105
1327985937,39.2199465,9.113075,0.9999997306182835,0.9982231963082567,0.9999997306182835,0.47504149588534317,0.9605752073368692,0.9968434381495439,0.9302942686024185
1328857478,39.2171583,9.1131243,0.9999836850151282,0.9996986158706682,0.9999836850151282,0.49752004078310713,0.9750803862345819,0.9949362590989985,0.9373815851224205
1329785484,39.208216,9.1246083,0.9835607943717123,0.9797288802952693,0.9835607943717123,0.4208911535169277,0.9528840466767613,0.9497641789390674,0.9245140971186023
1329785498,39.2078329,9.1253191,0.9781418274728048,0.9739425026176943,0.9781418274728048,0.4137840407122342,0.9542322451876379,0.9494694755406661,0.922855717607781
1329845643,39.2071721,9.1233785,0.9748783437005101,0.9673036661352086,0.9748783437005101,0.4066879161467015,0.9426038204374524,0.9288150833741495,0.9110748432700775
1329870453,39.2072175,9.1231835,0.9754083553667434,0.9559369777971043,0.9754083553667434,0.4065877788852541,0.926378811199015,0.9060551899269498,0.8947039888369669
1329870502,39.2073217,9.1232927,0.9750018810059463,0.9554699074247183,0.9750018810059463,0.40623261570227415,0.9258784157706623,0.9053513366308833,0.894081723967858
1329875497,39.2075428,9.1226686,0.9796077720418481,0.9596768901962472,0.9796077720418481,0.410687524263577,0.929573900816991,0.9086469767601096,0.898734366213452
1329890085,39.2046779,9.1204711,0.9151787613906982,0.8955833132118018,0.9151787613906981,0.35186749105679177,0.9129826451277478,0.9031829732525662,0.8716517995270726
1329890105,39.2044044,9.1220466,0.9249936196206521,0.907563180421981,0.9249936196206521,0.3565631240020505,0.9204586296252663,0.9150789418232622,0.8802004444607782
1329890126,39.2037759,9.1225736,0.919884952053017,0.9014335287505624,0.9198849520530171,0.3544422467612965,0.9171189316232357,0.9086967699799905,0.8762326249766631
1332634017,39.2143442,9.1048723,0.9897667469088648,0.9901515802741016,0.9882274134479178,0.4892260314126303,0.9593505192339439,0.9552455282565796,0.8910604778086612
1332634020,39.2146512,9.1049986,0.9869122330991343,0.9873446239618922,0.985182669648103,0.48637021858482266,0.9552179364005612,0.9507101303163258,0.8834365410811146
1332634055,39.214472,9.1049297,0.9904787723069562,0.9908450703779094,0.9890135800231438,0.4894435077674426,0.9603498238626498,0.9571181232614645,0.8930211249380033
1332634058,39.2145267,9.10496,0.986980437720126,0.9874314918109224,0.9851762213569407,0.48623826787089713,0.9551656153743737,0.9509531414792456,0.8838311108047544
1332634061,39.2145093,9.1041483,0.9897780092168654,0.9901610014003682,0.9882460404828544,0.4859450063370432,0.9587921505704222,0.9562660391215848,0.8907738979012022
1332634064,39.2144078,9.1053651,0.987318763853756,0.9877403097562554,0.9856325802437585,0.48525590540587926,0.9552550682693025,0.9514656229222753,0.8838380330980257
1309639332,39.217091,9.0827218,0.0,0.0,0.0,0.0,0.0,0.0,0.0
1309639342,39.2126818,9.0779336,0.0,0.0,0.0,0.0,0.0,0.0,0.0
1309639471,39.216974,9.0829708,0.0,0.0,0.0,0.0,0.0,0.0,0.0
1309639495,39.1947334,9.1353561,0.8922842147210414,0.8789559127492927,0.8922842147210414,0.27692528535565447,0.8232671883608531,0.8922842147210414,0.8329004249968064
1309639553,39.2178182,9.0872021,0.0,0.0,0.0,0.0,0.0,0.0,0.0
1309639721,39.2188872,9.0848869,0.0,0.0,0.0,0.0,0.0,0.0,0.0
1315493867,39.2615341,9.0860967,0.7254653741362418,0.6668603363969465,0.6786231487965608,0.32750359878080315,0.6638781074457012,0.6676476936309917,0.7254653741362418
1315493871,39.2612986,9.0857995,0.7207282450708039,0.6739647522180849,0.6761621760914637,0.321996393559203,0.6680098947211939,0.6696040877251962,0.7207282450708039
1317790871,39.2140182,9.0911035,0.0,0.0,0.0,0.0,0.0,0.0,0.0
1317790873,39.2142233,9.0913052,0.0,0.0,0.0,0.0,0.0,0.0,0.0
1317790874,39.2138456,9.0915348,0.0,0.0,0.0,0.0,0.0,0.0,0.0
1317790877,39.2142431,9.0905784,0.0,0.0,0.0,0.0,0.0,0.0,0.0
1317790887,39.214298,9.0910689,0.0,0.0,0.0,0.0,0.0,0.0,0.0
1317790888,39.2145213,9.0903631,0.0,0.0,0.0,0.0,0.0,0.0,0.0
1317790893,39.2159388,9.08985,0.0,0.0,0.0,0.0,0.0,0.0,0.0
1320036073,39.2178705,9.1167446,0.9999990169581324,0.9887138539578558,0.9999990169581324,0.43247929467077606,0.9645703416319406,0.9830277207255527,0.9344703207727894
1320082628,39.2186349,9.1161001,0.9999923362699961,0.9852316816571934,0.9999923362699961,0.4429722289324496,0.9645463626602021,0.9863138182966188,0.9460436355896088
1320082632,39.2186322,9.1157269,0.9999999560063675,0.9913335984983753,0.9999999560063675,0.44904149133355215,0.9689951805014363,0.9915914301750661,0.9480105675543051
1320082642,39.2187326,9.1164598,0.9999904032658156,0.9853876764084544,0.9999904032658156,0.44089252413427826,0.9651197250795958,0.9855152341089091,0.950712493740392
1320082650,39.2170037,9.1169219,0.9999777157118853,0.9958764681471011,0.9999777157118853,0.4500394647076411,0.9706738996098478,0.9795814183707995,0.9491208834806871
368032108,39.2206637,9.1168202,0.9999996215385344,0.9874135753713982,0.9999996215385344,0.4514106621670344,0.9595676194017301,0.9933027052979777,0.9590717694260157
368032111,39.2200426,9.1168676,0.9999939064836784,0.9870289609906929,0.9999939064836784,0.4480267323329514,0.96122713254754,0.9921584708128856,0.9572196921536076
368032114,39.2186087,9.1166727,0.9999985991198381,0.9852704684041116,0.9999985991198382,0.43965721836233557,0.9642627902992278,0.9852137630105389,0.9504937635598957
368032117,39.2178953,9.1165383,0.9999988084813304,0.9884270731242742,0.9999988084813304,0.4322221389807477,0.9655291686277556,0.9834613092693923,0.9398518404889028
368032197,39.2201903,9.1161033,0.9999977894698748,0.9813576221196844,0.9999977894698748,0.43449891988556033,0.9614275754025087,0.988449565375668,0.9465076666192542
368032199,39.2194739,9.1160708,0.9999991817090255,0.9834971414200135,0.9999991817090255,0.4388437293282421,0.9647034187954115,0.9861256153241567,0.9486936610579398
368032202,39.2179931,9.1159556,0.9999998516840445,0.989331795055769,0.9999998516840445,0.4349085760094911,0.967551004686401,0.9860812763679581,0.9404181745028775
368032212,39.2200834,9.1164475,0.9999884517844551,0.9824335303763166,0.999988451784455,0.43560298582200957,0.960125221037928,0.9880938049394382,0.9477820540033196
368032215,39.2193842,9.116436,0.9999914291995583,0.984115758658688,0.9999914291995583,0.4399480966030894,0.9637187852383259,0.9855088996551881,0.9496599513562606
368032216,39.2188425,9.1164678,0.9999897281038256,0.9852386802960356,0.9999897281038257,0.44101574833657314,0.9651329528636784,0.9857755219495334,0.9509285025969126
368032218,39.2178906,9.1163117,0.9999998015287318,0.989184885619031,0.9999998015287318,0.4341212763625392,0.9662987619013665,0.9849145110613972,0.9403449733058042
368033056,39.2165801,9.1160576,0.9999999996203024,0.9940069024160372,0.9999999996203024,0.4454415180239288,0.9714935589998777,0.9889667711757495,0.9433091203871079
368036227,39.2166153,9.1152379,0.9999999712462617,0.9964937820425268,0.9999999712462617,0.45496369261072395,0.9702003894794717,0.9827312059107078,0.9420257320021923
368042707,39.2492033,9.1068242,0.9935301191336968,0.8939692611693155,0.9935301191336968,0.4231511215044541,0.8719573744299868,0.9935301191336968,0.853368363525424
371068191,39.21047,9.121301,0.9961715912378235,0.9872549161422975,0.9961715912378235,0.4474060381864905,0.9519066091803343,0.9361265145810003,0.9337533066208918
371068282,39.210621,9.1208221,0.9967581956714835,0.9877786481704431,0.9967581956714835,0.4486428239431973,0.9531126391980744,0.9371068303351794,0.934077755149069
408256572,39.2305729,9.0984802,0.9835648795904064,0.9864346540759706,0.9690623828001403,0.5466730077602783,0.9841793770401878,0.9651356182877271,0.9196352747762482
409554693,39.2398838,9.1021653,0.9947918888939827,0.9964068481816563,0.9883104994883036,0.5278473106587016,0.988418260763231,0.9883104994883036,0.9541922236294341
410194997,39.2297518,9.0978845,0.9790066818884234,0.9814259143783782,0.9667760484250049,0.5466606070435372,0.9795445659430013,0.9581099426310049,0.9112088499288893
410194998,39.2293462,9.0981672,0.976411111477626,0.9788536953741785,0.9640087542031289,0.5466166759114378,0.9771688626445635,0.9543184222497963,0.9067440470064653
366517701,39.2239532,9.1332211,0.9816610249002541,0.9795993137514867,0.9670879355201716,0.34052881266644364,0.9269694688260655,0.9669883452966483,0.9816610249002541
366517704,39.2243534,9.134033,0.9808044518688536,0.9750162231558275,0.9631850822302755,0.33347072541662837,0.9220600074982402,0.9618199812812814,0.9808044518688536
366517706,39.2240813,9.1338354,0.9816104829235589,0.9772068117179824,0.9646522102984292,0.336735367116411,0.9244859593005217,0.9642477605779036,0.9816104829235589
366517772,39.2247291,9.1346902,0.9831603886332703,0.9763094294349063,0.9634151416677403,0.3305660487693997,0.9271759506702991,0.9596195799405332,0.9831603886332702
366517845,39.2235136,9.1318933,0.982185194693245,0.9817367599682983,0.9693937273395454,0.34169254632349183,0.9306831016437331,0.9692410194349604,0.982185194693245
366517847,39.2231609,9.1322989,0.9856287438061933,0.9872908511821236,0.9690342383244631,0.3426968388888772,0.9404922185308525,0.9660900847828996,0.9789803143024723
366517884,39.2239924,9.1337085,0.9819339412954822,0.9778864780982316,0.9652204589653564,0.33753678320710767,0.9256306836038064,0.9652034410471703,0.9819339412954822
367928510,39.1867801,9.1434314,0.820313483001858,0.8189573888259253,0.820313483001858,0.2255081542508764,0.7309032979626751,0.820313483001858,0.810435766456094
367928610,39.1891728,9.1413212,0.8685001533389309,0.861710983247629,0.8685001533389309,0.2452359283303711,0.7799967352472894,0.8685001533389309,0.8200512803677013
368031742,39.2196575,9.1150465,0.9999999976615147,0.9883235843142609,0.9999999976615146,0.4474733856878212,0.9665008392880889,0.9911102302753811,0.9489093333280499
368031745,39.2188348,9.1151049,0.9999999934202111,0.991901898565214,0.9999999934202111,0.4490929127728562,0.9696465864355869,0.9920822620807913,0.9465818510998942
368031746,39.218681,9.1153654,0.9999999942994261,0.9922229960886019,0.9999999942994261,0.4492147104162963,0.969773932896022,0.992361810716006,0.9472633668474236
368031750,39.2179976,9.1151191,0.999999999759503,0.9946373045480613,0.999999999759503,0.4517921515732849,0.9671399556117896,0.9937107832189436,0.9367911045982948
368031751,39.2178251,9.1148903,0.9999995968201205,0.9954133098306747,0.9999995968201205,0.4535743925679028,0.9681464624924715,0.9944080570879213,0.9379620174595172
368031754,39.2200107,9.1153726,0.9999998669060018,0.9863764369430589,0.9999998669060017,0.44607512447418024,0.9642437448503149,0.9899077506987585,0.9478952669826332
368031755,39.2196363,9.1153954,0.9999999884468042,0.9881018049400186,0.9999999884468042,0.44836861086328605,0.9666758061448286,0.9913638073074674,0.9504393688045599
368031839,39.2196087,9.1157568,0.9999976486752177,0.9841515257065975,0.9999976486752177,0.44820750907426227,0.9613335345406905,0.9878849902967561,0.9512579662256315
368031842,39.2187227,9.1157506,0.9999963672164568,0.9840232007336548,0.9999963672164568,0.444967922169933,0.9605390912711947,0.9853041257096881,0.9474766071213533
368031843,39.2180466,9.1156084,0.9999999846501565,0.993488962578038,0.9999999846501565,0.4510013067575499,0.9709676487346246,0.9933573698052749,0.9465241495611669
368032107,39.2211365,9.1167374,0.9999996694361966,0.9882268423246252,0.9999996694361966,0.45382127502186864,0.9600320602673879,0.9942715237043216,0.9605004212250532
1280720801,39.2249375,9.1199107,0.9999998974704433,0.9983642106470412,0.9999998974704433,0.4323815646578861,0.9418319079438771,0.9941104164650691,0.9731009089464061
1288172154,39.2142284,9.1041773,0.9905343849096282,0.9908864600632917,0.9891260842949743,0.48526647856826816,0.9596801430580765,0.957970443591912,0.8920432281523385
1288172158,39.2148435,9.1041207,0.9891904142937357,0.9895739160250516,0.9876564073684717,0.4972123231145895,0.9603360804520444,0.9551777749202901,0.8910772203753745
1309637796,39.2112559,9.0990047,0.9034614602115137,0.9047051480168337,0.8984867089902339,0.44936483081646234,0.8638972079604755,0.8338036667045103,0.7704961095440762
1309638225,39.2115357,9.0988604,0.9059796457228538,0.9072245382411567,0.9010000756496422,0.45118442441286305,0.8668586482425087,0.8368184407382456,0.7735539539775552
1309638377,39.2177192,9.0845904,0.0,0.0,0.0,0.0,0.0,0.0,0.0
1309638458,39.1989542,9.1314913,0.885234444829608,0.8671928561947697,0.885234444829608,0.3016391974269206,0.8589112793303865,0.885234444829608,0.84212974806755
1309638472,39.2187292,9.0840632,0.0,0.0,0.0,0.0,0.0,0.0,0.0
1309638506,39.2177982,9.0830188,0.0,0.0,0.0,0.0,0.0,0.0,0.0
1309638510,39.2164041,9.0879907,0.0,0.0,0.0,0.0,0.0,0.0,0.0
1309638543,39.2185768,9.0852666,0.0,0.0,0.0,0.0,0.0,0.0,0.0
1309638776,39.2124695,9.0988416,0.9208026267882871,0.9219666336708359,0.9161465992580918,0.4610499235281917,0.8826096202578012,0.8541924489321783,0.7913395720302562
1309638831,39.1950074,9.1352117,0.8912682500524621,0.8780737251027984,0.8912682500524622,0.27619970604855487,0.8215566255332004,0.8912682500524622,0.8319350104836638
1309638865,39.2113849,9.0989407,0.9049279427648508,0.9061515599971346,0.9000334738357156,0.45026004672497166,0.8655026029201213,0.8354525469863306,0.7722590257259011
1309638941,39.2172574,9.0838923,0.0,0.0,0.0,0.0,0.0,0.0,0.0
1309639137,39.2149076,9.080436,0.0,0.0,0.0,0.0,0.0,0.0,0.0
1309639202,39.2131441,9.0773729,0.0,0.0,0.0,0.0,0.0,0.0,0.0
1309639208,39.213256,9.0988704,0.9274952397126276,0.9286209210332702,0.9229925144300573,0.4663171455209869,0.8901603783897424,0.8660759824861916,0.7991130991276917
1309639233,39.2164876,9.0877834,0.0,0.0,0.0,0.0,0.0,0.0,0.0
1309639264,39.1935215,9.1355655,0.8687056242737611,0.8576261487589356,0.8687056242737611,0.26474554426471497,0.7938606882943583,0.8687056242737611,0.8196878980884265
410198037,39.2307465,9.0974626,0.9788573336377415,0.9824226333661182,0.9605925604134699,0.5463084194407947,0.9806104319672959,0.9605925604134699,0.9092266235892297
410202496,39.2310947,9.0945622,0.9732352086727252,0.9771299585549009,0.9530565588044523,0.5454266158195223,0.9760548105023028,0.9530565588044523,0.9018386202010136
410204620,39.2252265,9.102031,0.9925063876449193,0.9861680799187623,0.9925063876449193,0.5452130664712528,0.9605026500192695,0.9594825254752817,0.9255620601720876
410204621,39.2255771,9.1024938,0.9906650063746637,0.983572163570811,0.9906650063746637,0.5446945560382649,0.9560254357935962,0.9547024648110459,0.9206198618180078
410204625,39.2261684,9.1024513,0.9876987022685121,0.9796942498581528,0.9876987022685121,0.5436298996950091,0.9490479934813061,0.947652841785196,0.9127585117735542
410204626,39.2259364,9.1022176,0.9889881941289892,0.9815752830598267,0.9889881941289892,0.5441682398846718,0.9519581562296117,0.9512651728793993,0.916567434645099
411398017,39.2274395,9.1279067,0.9885442642507544,0.9878518913684075,0.9885442642507544,0.3842363301723659,0.9238886325755538,0.9885442642507544,0.9790512318046922
411494023,39.2217968,9.1062944,0.998659964396554,0.9958483138669609,0.998659964396554,0.5365454959109026,0.9623902336939871,0.9906881862344473,0.937344392680958
431637707,39.2423168,9.1369955,0.9907851221441476,0.9927722911451857,0.917642298496415,0.3200737356003765,0.8110068471376665,0.902520150929804,0.9828364461399953
431637713,39.2389674,9.1380185,0.9766157092318962,0.9774376377886389,0.8886687998893114,0.2960695972320673,0.7689844276383498,0.8748304204004254,0.9733279950049253
433172516,39.2385754,9.1041687,0.9978470036196283,0.9990098174235759,0.9931957484038383,0.5210831378625104,0.9888435230216046,0.9931957484038383,0.9541996233828036
433172524,39.2389427,9.1047612,0.9981155258069612,0.9991996116679448,0.9937791823630264,0.5193003222905367,0.987945913913346,0.9937791823630264,0.9548262681977226
436369226,39.2296937,9.1088233,0.984658590158403,0.9796521812340949,0.984658590158403,0.5005660912894311,0.957897828878033,0.984658590158403,0.9543208043511826
460370990,39.258013,9.0881617,0.8293181775388363,0.784117873103627,0.7820445181081908,0.3898288173682873,0.7812708473921056,0.7772370200909158,0.8293181775388363
460371000,39.2565757,9.0855739,0.0,0.0,0.0,0.0,0.0,0.0,0.0
460371031,39.2516369,9.0835504,0.8286365245539629,0.8270637717075935,0.7923561540459628,0.45775848456769164,0.82954488123889,0.7923561540459628,0.8244879293409194
460374187,39.2468393,9.0870613,0.8853715038542577,0.8856482144028817,0.8528684357937087,0.4887362778513897,0.8870585855970323,0.8528684357937087,0.8768669175032282
460374190,39.2468597,9.0873316,0.8874887414209809,0.887847288603378,0.8551690353222464,0.4898935254902769,0.8892054490200759,0.8551690353222464,0.8788155666299066
460708293,39.2550467,9.1215687,0.9363340255247384,0.9322093118225191,0.9265854114122545,0.3096533116656963,0.7787463977501892,0.9265854114122545,0.9363340255247384
460708556,39.2541692,9.1203645,0.9256235838368628,0.9187479739253368,0.9141554949347095,0.3020325500037293,0.7640868992384259,0.9141554949347095,0.9256235838368628
1333438964,39.2249685,9.1139931,0.9988855962441291,0.9877736682107264,0.9988855962441291,0.5026144193436873,0.9471481816834532,0.9975522468072524,0.9618114570612446
1333438976,39.2241148,9.1123268,0.9980388794748043,0.9919087077458598,0.9980388794748043,0.509428204831507,0.9453402296364508,0.9968597313888189,0.9583807480512821
1333456291,39.2270774,9.111524,0.9915837718720123,0.975201657746806,0.9915837718720123,0.4973605098617198,0.9274231441348766,0.9895054893784093,0.9519720055510066
1333456295,39.2270285,9.111811,0.9911235210642971,0.9807581183153069,0.9911235210642971,0.5012079080341468,0.9592998038980195,0.9898119621534581,0.9644799306654406
1333468619,39.2232758,9.1180916,0.9999966015064222,0.9957844903381629,0.9999966015064222,0.45735988825513685,0.9537551299592915,0.9962000384349189,0.9698371994221044
1333468623,39.2231311,9.1177451,0.9999944499016726,0.9953742769014483,0.9999944499016726,0.45673169798919444,0.9533608820395342,0.9960896116214105,0.9693841620595735
1333468624,39.2231302,9.1178401,0.9999957232890953,0.9956800640521055,0.9999957232890953,0.4573080125615874,0.9537156258228177,0.996007469416009,0.9696315662303283
1333468657,39.2227557,9.1176094,0.9999872564284039,0.9947863295061457,0.9999872564284039,0.4558740815057345,0.9533415863758493,0.9960321023242473,0.9684705415908385
1333468665,39.2229903,9.1180644,0.9999971236420511,0.9958999383676734,0.9999971236420511,0.4579743021865881,0.9554967813240183,0.9962149821517708,0.9703195511120388
1333468668,39.2232357,9.1179723,0.9999937488218236,0.9953473150640975,0.9999937488218236,0.4558170926863507,0.9524679421747073,0.9959613112784172,0.9689054174663903
1333481510,39.2178246,9.1182485,0.6833632306209467,0.0,0.6833632306209467,0.0,0.0,0.0,0.0
1333481520,39.2174643,9.1180473,0.6833632306209467,0.0,0.6833632306209467,0.0,0.0,0.0,0.0
1333481527,39.2150325,9.1168419,0.9999990726533855,0.9977819859791036,0.9999990726533855,0.4609455633554048,0.9716918685434097,0.9820527713306533,0.9505121952635521
1333481557,39.219001,9.1179992,0.9998670858765344,0.9897469230026873,0.9998670858765345,0.43874875272703423,0.9586498446424662,0.9866837220312065,0.9555370831444411
1333481560,39.2221895,9.1180391,0.9999983696684287,0.9947174221992074,0.9999983696684287,0.4509485898058425,0.9486754274416445,0.994574511375993,0.9672924511482968
1333481578,39.2162003,9.1173674,0.9999292326150858,0.9972870880384344,0.9999292326150858,0.44952617165140396,0.9696853778185859,0.9759077134508585,0.9481192898126045
1333484982,39.2153874,9.118472,0.9993849196627653,0.998685456487946,0.9993849196627653,0.4460336344753417,0.9642560206617808,0.9637649182408772,0.9542683328329796
1333488139,39.2156351,9.1169617,0.9999921680759516,0.9974464111871176,0.9999921680759516,0.4563357291811861,0.9713313320103941,0.9800243891851841,0.9499109817305899
1333502736,39.2162759,9.1195743,0.9992791110057001,0.9989659262575982,0.9992791110057001,0.43345772326623644,0.956062855325407,0.9534083721882933,0.953097952383964
1333520924,39.2288672,9.1322434,0.9862573514136131,0.9819757742537722,0.9763913860080955,0.3715432080304151,0.9171898997980036,0.9763913860080955,0.9862573514136131
1333585783,39.2274599,9.1350982,0.9812697007378393,0.9458497699094605,0.9537274185176638,0.3295809698618968,0.888875899240571,0.9377848486854865,0.9812697007378393
1333588074,39.2268042,9.1363534,0.9822402189260463,0.9547143068157108,0.9553613228023464,0.31740705012043496,0.9043172068888269,0.9407528717786973,0.9822402189260464
1333588088,39.2268832,9.1368035,0.9808008681524205,0.9510602242294314,0.9525125693848414,0.3167757355711894,0.9006566761226072,0.9379849083422377,0.9808008681524206
1333599102,39.2262008,9.1369262,0.9763100021775892,0.9444541695360198,0.9451870475184166,0.308071454144988,0.8951374661859981,0.927564610798972,0.9763100021775892
1333599104,39.226072,9.1361347,0.9778104691168867,0.9468925911300107,0.9475902233931576,0.30930556865555303,0.8974530006786533,0.9295100794218715,0.9778104691168867
1333602815,39.2249604,9.1368538,0.9771724854156599,0.9468910612012338,0.9464431726488252,0.30930446506626014,0.8974513683098085,0.9290336474916089,0.9771724854156598
1333602817,39.2249293,9.1363817,0.9771592166133041,0.9468584698038333,0.9464199599618335,0.3092809594734498,0.8974165958032365,0.9289988672712617,0.9771592166133041
1333604593,39.2245062,9.1373447,0.9766049275822107,0.9697374808722714,0.9497145672952586,0.3188130597135864,0.921814767040516,0.9393158048881068,0.9766049275822107
1333604603,39.2243641,9.1364998,0.9776024944330444,0.9717509612756425,0.9513734922892528,0.3209000216717182,0.9239989094591514,0.9420904806192629,0.9776024944330444
1333604608,39.2240319,9.1368634,0.9798669395715432,0.9754558202899765,0.9551584386280119,0.3243227484483979,0.9281544215007796,0.9471759558807267,0.9798669395715432
1333604610,39.2244057,9.1367573,0.9785021045400045,0.972905495635309,0.9528119499971841,0.3220856221444943,0.925282228425377,0.943613047688588,0.9785021045400045
1333611743,39.2316736,9.1332218,0.9741632004220472,0.9753686063478982,0.9649157503366236,0.3547130756464212,0.8859476871939709,0.9649157503366236,0.9693415767186432
1333617490,39.2312694,9.1286342,0.9883113839348168,0.9904053404207953,0.9799355579909028,0.3740631361764841,0.9035974173411875,0.9799355579909028,0.9745263184278503
1333620486,39.2321391,9.1307196,0.9865455918401846,0.9906832506419261,0.969994956633219,0.3590310061409409,0.8863195919080782,0.969994956633219,0.9681835598656915
1333620491,39.2324132,9.1303903,0.9866018411399273,0.9908020549110353,0.9698009860554959,0.35937415651044874,0.886961600282807,0.9698009860554959,0.968053303399161
1333620497,39.2326909,9.1306944,0.9862930327447744,0.9906000304382009,0.9690650419710685,0.35812226836715155,0.8858264446974324,0.9690650419710685,0.9675250347142577
1333620510,39.2323521,9.1299658,0.987663685218817,0.9908362025963401,0.9749736157087244,0.36850874217544116,0.8974600785693745,0.9749736157087244,0.970982110209457
1333620514,39.2324777,9.1305328,0.9864339371560568,0.9906507955224616,0.9695665036904373,0.3585977202170281,0.8867231858551137,0.9695665036904373,0.9677300311257115
1333620523,39.2325361,9.1294345,0.9875759282205232,0.9904543677804345,0.9760621699808772,0.369089337800603,0.8988756254715539,0.9760621699808772,0.9696139117851185
1333620528,39.232549,9.1309405,0.9862278127066267,0.990529388577689,0.9690215092223778,0.35868460737789204,0.8855835813188304,0.9690215092223778,0.9675906841059424
460708649,39.2540119,9.1211011,0.9478000986614541,0.9484529370403708,0.9451887451457871,0.32227684051462835,0.8016693383812811,0.9451887451457871,0.9232605280892686
460815738,39.2386841,9.1507208,0.8328498899272986,0.7111482518760045,0.7508160394057004,0.21300442848230647,0.5934734503348269,0.6280138389839036,0.8328498899272986
460831777,39.2391259,9.1506343,0.8315792928662282,0.7094548214450758,0.749211274589571,0.21216118313356436,0.5916157620074389,0.625907508624961,0.8315792928662282
460903948,39.215143,9.156587,0.809344642307943,0.7102773933652096,0.809344642307943,0.19220092377632328,0.6560925532514276,0.809344642307943,0.6225108518967852
460904136,39.2126552,9.1566346,0.8453037300920223,0.7524281459282434,0.8453037300920223,0.205959866854238,0.6975444214328098,0.8453037300920223,0.6622770425418864
460904225,39.2139804,9.1551232,0.8251029861024126,0.7294649467844291,0.8251029861024126,0.19858393814259562,0.6744655183898499,0.8251029861024126,0.6403344460289407
460904308,39.2119495,9.1538349,0.8475862946114634,0.7588084598904749,0.8475862946114634,0.20744906937728907,0.7030055970912867,0.8475862946114634,0.6675346631363916
460904362,39.2113992,9.1545542,0.8567295671354205,0.7690507215914311,0.8567295671354205,0.21104054562603336,0.7132887008236383,0.8567295671354205,0.6774923245553175
460904419,39.2126999,9.1534364,0.8362210331807209,0.7451166421505769,0.8362210331807209,0.2032511399796525,0.6899190674644154,0.8362210331807209,0.6548145055649723
460904712,39.2157118,9.1540185,0.8036791949598874,0.7053163079166508,0.8036791949598874,0.19043727455061538,0.6508148791325651,0.8036791949598874,0.6175356863304267
460913804,39.2145822,9.157336,0.8185057476899854,0.7206714906797075,0.8185057476899854,0.19543606220432666,0.6656851498671322,0.8185057476899854,0.6318245676063758
460913916,39.2133922,9.1557457,0.833422169203858,0.7392752575360473,0.833422169203858,0.20174783224221715,0.6849687577543,0.833422169203858,0.6500681518794552
460913982,39.2115686,9.1533504,0.8476973591569398,0.7595164381764992,0.8476973591569398,0.20761646517886143,0.7036380918408814,0.8476973591569398,0.668150338190896
460913994,39.2109313,9.1525046,0.8591374980893199,0.7739245737313245,0.8591374980893199,0.213067014724841,0.7182241877303125,0.8591374980893199,0.6824740863800707
460914161,39.2094468,9.15055,0.8730732120770638,0.7938199045209254,0.8730732120770638,0.2193531368114992,0.7368765128111417,0.8730732120770638,0.6994118041045825
460914545,39.2094509,9.1543842,0.8808282076264221,0.8009201882219498,0.8808282076264221,0.22255819958464593,0.7444493090028312,0.8808282076264221,0.7083162899600154
460916483,39.2128298,9.1564371,0.8423945571320764,0.7496710738524849,0.8423945571320764,0.2050287278940196,0.6945272933969536,0.8423945571320764,0.6594015705046569
460916533,39.2109971,9.1540223,0.8567621233215016,0.7697215678135292,0.8567621233215016,0.21120159247503062,0.7138891431918508,0.8567621233215016,0.6781082353842229
460916562,39.2103772,9.1532136,0.867621850982125,0.7844616179200191,0.867621850982125,0.21679678651436163,0.7284242309769523,0.867621850982125,0.6923706550469028
460916574,39.2089933,9.151354,0.8798272292973638,0.8016465378973415,0.8798272292973638,0.22282865775933833,0.7451674582715071,0.8798272292973638,0.7077990113212924
460927066,39.2158511,9.1561404,0.7905135039247428,0.693151667057846,0.7905135039247428,0.18667883296370774,0.6393878720046972,0.7905135039247428,0.6065103036151447
460927105,39.2151814,9.1543571,0.8098854143554572,0.7129404288890565,0.8098854143554572,0.1929478537359124,0.6583157706787484,0.8098854143554572,0.6246910921983141
460927233,39.214448,9.1523659,0.8151955548394781,0.7198387011092857,0.8151955548394781,0.195143050463268,0.6650115998559689,0.8151955548394781,0.6311660647942623
460927421,39.2147725,9.1521844,0.811772939946197,0.7159710501850415,0.811772939946197,0.19364314387062787,0.6612612338391171,0.811772939946197,0.6274113266232595
460927539,39.2137672,9.1527868,0.8233437172213517,0.7296607882515347,0.8233437172213517,0.19823205020445167,0.6755586065037738,0.8233437172213517,0.6408412975255882
460927572,39.2121485,9.1541056,0.8448663107664485,0.7549413159053151,0.8448663107664485,0.20628050010339602,0.6993094881081288,0.8448663107664485,0.6639902058643292
460973243,39.2144969,9.1547877,0.8186962872348846,0.7224508627140586,0.8186962872348846,0.1961732799315884,0.6674105261357612,0.8186962872348846,0.6335502920690991
460984493,39.2098363,9.1538849,0.8749155259233324,0.7938209986724405,0.8749155259233324,0.21996495238416858,0.7375322102215656,0.8749155259233324,0.7014974703507494
460984556,39.2085278,9.152153,0.8871403094093993,0.8125750178269964,0.8871403094093993,0.22675062371479748,0.7549442226315226,0.8871403094093993,0.7175399147827028
460984574,39.2077951,9.1532298,0.8984277189944628,0.8270367261180126,0.8984277189944628,0.23282227997471036,0.7703327081719498,0.8984277189944628,0.7326696485079717
460984623,39.2099537,9.1498029,0.8693346607685749,0.7897290724856206,0.8693346607685749,0.2168256196606051,0.7317832395741332,0.8693346607685749,0.6938452820930818
460984641,39.2100827,9.1495433,0.8688888388492141,0.7898143925950477,0.8688888388492141,0.21648847413243805,0.7312306829154221,0.8688888388492141,0.6931868531042495
460984659,39.2104411,9.1490677,0.8624614946224769,0.7822484308569294,0.8624614946224769,0.21375966188456386,0.7242459910094562,0.8624614946224769,0.6861271961370938
460984713,39.2143031,9.1503645,0.8006131906607297,0.7040896468124542,0.8006131906607297,0.1887545738468123,0.6508370125569571,0.8006131906607297,0.6158543293557626
460985008,39.2134054,9.1461804,0.7930549137098657,0.7005093062348956,0.7930549137098657,0.18379491549645988,0.6439289402359201,0.7930549137098657,0.6073620699648031
460985089,39.2114091,9.1503711,0.84622845302965,0.7626586653295228,0.84622845302965,0.2074828692855072,0.7064476911298245,0.84622845302965,0.6685910017246425
461001294,39.2161729,9.1579815,0.7959494969197276,0.6961614650042476,0.7959494969197276,0.1874583999204027,0.6405456446154904,0.7959494969197276,0.6073294540918324
461001585,39.2174965,9.161571,0.7851773422886918,0.6735791701732315,0.7851773422886918,0.1800534969092105,0.6173517780425763,0.7851773422886918,0.5842890857623596
461001783,39.2154313,9.1585324,0.8055889108528469,0.7065990088624319,0.8055889108528469,0.190652925902833,0.6507739220301907,0.8055889108528469,0.6172736486745376
461001893,39.2168174,9.1569462,0.7803307874009366,0.6771298757278894,0.7803307874009366,0.1815642128677512,0.6220991426253472,0.7803307874009366,0.589443511384979
1333679581,39.2244968,9.1263111,0.9963627106905137,0.9966193346315749,0.9953362149262692,0.3795886552050695,0.9423627090206579,0.9876143953722906,0.9817980348264052
1333679582,39.2253519,9.1263371,0.9949476206500145,0.9952120628209176,0.9938898519664024,0.3808332132518246,0.9355676881870245,0.9884340132411082,0.9796955953732486
1333679583,39.2256015,9.1255602,0.9961905755622478,0.996296843494705,0.9957655038324188,0.38719772766943367,0.9345538873738568,0.9899270883139564,0.9815633226379993
1333681576,39.2268029,9.1246896,0.9936705909039625,0.9937381589938324,0.9934003185444824,0.3931565695634247,0.9250595731681989,0.9913954307054438,0.9813377406643456
1333682832,39.2243068,9.1187383,0.9999999934824039,0.9981737506664109,0.9999999934824039,0.4341426077100299,0.9423879369730253,0.9943966823696047,0.9731106567929999
1333682835,39.2243298,9.1188674,0.9999999752040993,0.9982388943464059,0.9999999752040993,0.4347896475796067,0.9423259341329695,0.9943607948494151,0.9734140815167983
1333682837,39.2243361,9.119085,0.999999965935993,0.9983655484871472,0.9999999659359929,0.4364615017134081,0.9428852967476732,0.9943906336062432,0.9738885255339153
1333682844,39.224488,9.1188895,0.9999996368554362,0.9974500255495907,0.9999996368554361,0.42847475907074,0.9418468169195285,0.9943375869101311,0.9709263593322747
1333684519,39.2220353,9.1186996,0.9999991205158236,0.9954562127459633,0.9999991205158236,0.4522688833620884,0.9483838108865678,0.9943439634624163,0.9679505792072359
1333686335,39.2228452,9.1214661,0.9999956451929759,0.9994290466022531,0.9999956451929759,0.4206337757325634,0.9391253377393485,0.9927788884798023,0.9769358435973963
1333686339,39.2224853,9.1212644,0.999986981496265,0.9992577838005938,0.999986981496265,0.4215011927538531,0.9400255526230742,0.9906313949732408,0.9746880165688127
1333686347,39.2236774,9.1196732,0.9999982733546896,0.9951584316031568,0.9999982733546896,0.43901499036591374,0.9367885720808824,0.9899956892039021,0.9640936094620335
1333686354,39.2232681,9.1192376,0.9999971089035347,0.9931942777304601,0.9999971089035347,0.4292067212246486,0.9311950093494834,0.9886536751457936,0.9628138360229235
1333686356,39.2236753,9.1199352,0.9999999987778283,0.9988877103700671,0.9999999987778283,0.4377714948954068,0.9401220423659831,0.993291670150757,0.9750029980031997
1333686367,39.2229241,9.1185699,0.9999985680941761,0.9958936809952884,0.9999985680941761,0.4228752306713198,0.9349500025301998,0.989986570218798,0.9672525187511073
1333686368,39.2240362,9.1196922,0.9999999615296257,0.9988008730863586,0.9999999615296257,0.43764459969624847,0.9407689574683128,0.9938823351858576,0.9749597031785996
1333687436,39.2228336,9.1215228,0.9999956551607904,0.9994391594571366,0.9999956551607904,0.4205824617093324,0.939140099843008,0.9928559150549114,0.9770566224513106
1333692730,39.2275119,9.1207848,0.9997075689045739,0.9981026363578263,0.9997075689045739,0.4338985463479621,0.942050294250579,0.9956847578967517,0.9821610573402413
1333692731,39.226764,9.1204971,0.9999590807302066,0.9988070698029978,0.9999590807302065,0.432127422996662,0.9424686535217249,0.9959044396197171,0.9814611971058308
1333692735,39.2275368,9.1205381,0.9997251694606035,0.9981026363578288,0.9997251694606035,0.4338985463479621,0.9420817050550965,0.9957009579800268,0.9822468989562734
1332736342,39.2309997,9.0952157,0.9744630384237447,0.9783307999290034,0.954521726817076,0.5454980831051498,0.9768730547452463,0.954521726817076,0.9043347931584901
1332736345,39.2315829,9.0970941,0.9807317821820752,0.9841765955944992,0.9631595035382701,0.5462886523116003,0.9821246285088145,0.9631595035382701,0.9130187167115115
1332755542,39.2304976,9.0973931,0.9725843571720374,0.97639261932538,0.9528900800716484,0.5459599469437565,0.9751962225067412,0.9528900800716484,0.899959799319543
1332755558,39.2304686,9.0981657,0.9797469174357765,0.9834668392346971,0.9606883564928773,0.5466113150487336,0.9815827252289596,0.9598767554446626,0.912279570413024
1332757721,39.2267061,9.0993424,0.9849102250851384,0.9801559374007849,0.9849102250851384,0.5463182766686231,0.9656255941900023,0.9443302032911904,0.9116102183015619
1332760158,39.2253436,9.1008014,0.992694818715675,0.9868577482794894,0.992694818715675,0.545709667892481,0.9642193198142344,0.956631858434099,0.9185770283824906
1332761769,39.2272057,9.100017,0.9867232929879104,0.9827815078621179,0.9867232929879104,0.5465392189173354,0.9705449878126072,0.9505622181937098,0.916947252828124
1332761772,39.2268122,9.0992197,0.9793171756161113,0.9755669838636447,0.9793171756161113,0.5462809034340669,0.9642052949303153,0.940288896345021,0.9026921864466138
1332765156,39.2259069,9.1005723,0.9909477725482294,0.9849267778495281,0.9909477725482294,0.5460440036927595,0.9656189236066228,0.9521429433955976,0.9195873041279633
1332765166,39.2261553,9.1007649,0.9895348968775198,0.9833412406691853,0.9895348968775198,0.5461316216829611,0.9649698200977351,0.9504577949180744,0.9190136469948753
1332765195,39.2261156,9.1004871,0.9902266732954559,0.9840232897304687,0.9902266732954559,0.5461644591489522,0.9656373399021134,0.9511507612019532,0.9198568879467157
1332769850,39.2249471,9.1012694,0.9933417622955717,0.987752649959735,0.9933417622955717,0.545296945036397,0.9644191437914661,0.9589481589171157,0.919801113756167
1332769851,39.2243871,9.1012489,0.9940065967306515,0.9884357970578909,0.9940065967306515,0.5449212852130877,0.9640722167130051,0.957672440531222,0.9173842393204348
1332769852,39.2253796,9.1018223,0.9920437609226368,0.9861016179443115,0.9920437609226368,0.545325514098946,0.9607948111580291,0.9579541345106811,0.9246174976898138
1332769856,39.224246,9.1013141,0.996186954550166,0.9915205528643454,0.996186954550166,0.5443417751381346,0.9664345199058682,0.9637662641940316,0.9213888089205595
1332769863,39.2250409,9.1013928,0.9926969069153435,0.9868664941804802,0.9926969069153435,0.545074570787016,0.9622259256411589,0.9592924197896269,0.9228600337791791
1332769864,39.2254853,9.1010106,0.9922267473036924,0.9863534305952112,0.9922267473036924,0.5456629863164756,0.963357344663798,0.9541081511474291,0.9186813430401329
1332769866,39.2254201,9.1007704,0.9925577021410669,0.986772194273759,0.9925577021410669,0.5457412222198026,0.9641029313443353,0.9542618447725648,0.9188355304508884
1332769867,39.2245894,9.1019536,0.9930064399295381,0.9871369192639756,0.9930064399295381,0.5447233741088806,0.961356837426637,0.957738140678272,0.9201618221847546
1332769868,39.2244635,9.1014924,0.9938048447924258,0.9881280450404996,0.9938048447924258,0.5448222335328284,0.9629223391217216,0.958745097804369,0.9212802739512194
1333254643,39.2230874,9.11343,0.9997788839171903,0.9956747647150966,0.9997788839171903,0.462247757454254,0.9517835207719377,0.9980510407059634,0.9390645249204864
1333269449,39.2203612,9.1157408,0.9999967083743337,0.9853303419937717,0.9999967083743337,0.45179131950524154,0.9628518781350587,0.9935478421207613,0.9546137856895908
1333324444,39.2199208,9.1124325,0.9999991698437612,0.9992240099613959,0.9999991698437612,0.48174984873437565,0.9642311872406347,0.9969664657400671,0.9304398309795285
1333324471,39.2196437,9.1130112,0.9999998759073291,0.9988872424570583,0.9999998759073291,0.4878386898683135,0.9670142563100111,0.9966618493108899,0.9300782570243086
1333359519,39.2227981,9.1090291,0.9982012930471754,0.9974272921206518,0.9982012930471754,0.5310055140296964,0.9650004807026169,0.9962117630482106,0.9486745358296991
1333381597,39.2232669,9.1062932,0.9956147040333437,0.9919359476489528,0.9956147040333437,0.5364556590362762,0.9547737590374129,0.9870246491617801,0.9321379210593489
1333381613,39.2245087,9.1081859,0.9906454834159457,0.9871275447468095,0.9906454834159457,0.5273609661771864,0.9540687665230312,0.990199969229081,0.9482866189727565
1333397931,39.2274113,9.1078642,0.9714518434340389,0.9698365060611668,0.9714518434340389,0.4993914582878022,0.9505833718929505,0.9714518434340389,0.9419349871930596
1333404041,39.2292613,9.1066253,0.9720537583309079,0.9741069705324428,0.9638409095247684,0.5075946277102455,0.9620111490813796,0.9638409095247684,0.9392764185353817
1333422447,39.2289213,9.1097208,0.9832655510030657,0.9784478790380267,0.9832655510030657,0.5041930597324109,0.9598852389248957,0.9832655510030657,0.9596848189331137
1333422448,39.2271986,9.109505,0.9880924478338935,0.9861216470820519,0.9880924478338935,0.5164396130198974,0.9704340905372052,0.9880924478338935,0.9654021205440206
1333422451,39.2290912,9.1095954,0.9826272571444401,0.9779876409918509,0.9826272571444401,0.5037905267814579,0.9593415497609251,0.9826272571444401,0.9590299322803425
1333422472,39.2285501,9.1104215,0.9871660052489659,0.9833567846685265,0.9871660052489659,0.5077216933927308,0.964580212985744,0.9871660052489659,0.9653166081377181
1333422478,39.2284012,9.1100669,0.9869093788947749,0.9830223040220262,0.9869093788947749,0.5076462160367642,0.9644267646250987,0.9869093788947749,0.9650509886394845
1333422479,39.2284957,9.1107048,0.987841100117044,0.983826075407584,0.987841100117044,0.507743699129878,0.9647772655121718,0.987841100117044,0.9661130219854719
1333422487,39.2287591,9.1091625,0.9823351048446681,0.9818701150943684,0.9823351048446681,0.5110998067687323,0.9665625752869473,0.9823351048446681,0.9601049586882475
1333432231,39.2267123,9.1101521,0.9885084146155642,0.9859517337674665,0.9885084146155642,0.5178460876096312,0.9663643608087591,0.9885084146155642,0.9630061467884546
1333432241,39.2243487,9.1144721,0.9995184578185127,0.9898655148000327,0.9995184578185127,0.47553298325322013,0.9539051867414307,0.9979320460035978,0.9590874511351195
1333432404,39.2239209,9.1148044,0.9995294076892123,0.9908357012938078,0.9995294076892123,0.47336237980735085,0.9525468576421836,0.9980309707275912,0.9573881051264319
1333438940,39.2270891,9.1115507,0.9915654203155432,0.9752102758890286,0.9915654203155432,0.4973954221952207,0.927419224165809,0.9894944608838764,0.9519888105937404
1332634067,39.2143475,9.105332,0.9907263086894236,0.9910746186197877,0.9893330689679667,0.4907140554814784,0.960966964921488,0.9575763806763036,0.8932711923152641
1332634071,39.2144022,9.1048908,0.9903484483443568,0.9907224925026075,0.9888522717113537,0.4893755829922344,0.9601710441816685,0.9568050686942552,0.8925869350640478
1332634100,39.2146139,9.1041375,0.9891763714301767,0.9895682754140304,0.9876087554947621,0.490449478352536,0.9589276722766985,0.9552641353502818,0.8897653408395921
1332634106,39.2146262,9.1043066,0.9886945832960008,0.9891072429045661,0.9870439448617397,0.4905305103310991,0.9583687724431659,0.9541727892055952,0.8890589316817045
1332634117,39.2142279,9.1052666,0.9906090784840035,0.9909603867564701,0.9892038453941367,0.4904874577074469,0.9607586831759527,0.9572632044950126,0.8929010620551217
1332641273,39.2131007,9.1002236,0.9671870110774327,0.9679302776278269,0.9642139448758554,0.4774534846505343,0.932096751191581,0.9171681593420115,0.8488771676262306
1332645340,39.2210182,9.0993429,0.929304122540342,0.9305548800525711,0.9243010924914254,0.5329433370922908,0.9084307709408523,0.8600397178760628,0.8283783505087635
1332662027,39.2210273,9.09964,0.9305584403554766,0.9317986740224632,0.9255975056875305,0.5323411790412208,0.9091417043307517,0.8595836869797608,0.8289578513420675
1332668605,39.2240382,9.0952751,0.8655688440350155,0.8632416589469756,0.8655688440350155,0.5158375781056771,0.8556256862953664,0.8095839275362262,0.8089373663882772
1332668613,39.2253108,9.0969394,0.9421066664774576,0.9423366607363658,0.9411866894418247,0.5441430404819333,0.9388095485251166,0.9044032268051987,0.8567219687144267
1332668625,39.2291145,9.0940233,0.9518934117968076,0.956616054188312,0.9271619747124572,0.5312505253900628,0.9563663123041222,0.9271619747124572,0.8799942837625061
1332668631,39.2248772,9.0955452,0.9285082970996422,0.9303010274956797,0.91930448586729,0.5406604347638335,0.9294689341083017,0.8924184879803065,0.8415462170446742
1332668667,39.2284437,9.0928414,0.8967339870198486,0.8983465599605334,0.8707795169237265,0.528122390514257,0.9018442523920388,0.8601724386472207,0.839718595340465
1332670754,39.225287,9.0947457,0.9206992440655044,0.9249441969898095,0.8872160732749947,0.5322329936578214,0.9271836305773912,0.8872160732749947,0.8371042011765959
1332688699,39.2285585,9.0948003,0.9452597403947088,0.9466979069764363,0.9379964621178539,0.5437344190094806,0.9455495218675798,0.910699094137728,0.8616771865339321
1332688735,39.2282324,9.0949996,0.9477309894731855,0.9487390873988656,0.9428770411538823,0.54439793953283,0.9469848242367969,0.91345911151895,0.8679716679575616
1332688740,39.2286784,9.0946863,0.9472748248153987,0.9487002570463131,0.9400083999823454,0.5439931076924286,0.9478318795293249,0.9177994344573777,0.8645793423499375
1332699836,39.2300215,9.0922327,0.9186383118608196,0.9210379976483003,0.8930384214757562,0.5349781854757544,0.9236383056484582,0.8851058680009483,0.8626037115015882
1332726253,39.2324564,9.0948599,0.9837130914706831,0.9869886858982541,0.9672954353033091,0.5432239886188066,0.9838718275887574,0.9672954353033091,0.9206704889043098
1332736340,39.2313022,9.0961912,0.9784895021110013,0.9820860497744434,0.9600587976010795,0.5459358690627564,0.980281366881847,0.9600587976010795,0.9104080915906223
1332770281,39.2246231,9.1028521,0.9944853394833678,0.988618874490547,0.9944853394833678,0.5445289226573633,0.9608947456218498,0.964868837559692,0.9283298830120765
1332772993,39.2259224,9.1093894,0.9854233568924671,0.9813642733807029,0.9854233568924671,0.516938037374551,0.9415101555598449,0.9854233568924671,0.9456975509688177
1332773674,39.2263545,9.1103865,0.9893745024602005,0.9871984672969883,0.9893745024602005,0.5193007002102469,0.9641056610944666,0.9893745024602005,0.9613443127971218
1332775380,39.2233453,9.1109262,0.9983292452719507,0.997065467272498,0.9983292452719507,0.5201819307010969,0.958287205301888,0.9964074310635733,0.9432725229988908
1332775406,39.2231217,9.1106203,0.9983365419676539,0.9971691139165259,0.9983365419676539,0.5201819307010969,0.9583608436939394,0.9964039027084218,0.9433997755822164
1332775409,39.2243081,9.1126769,0.9973607626732355,0.9898907491325938,0.9973607626732355,0.5088193326940571,0.9390149177721095,0.9961848167697925,0.9591601422098807
1332785523,39.2213307,9.1026582,0.9995538122862029,0.997090250785883,0.9995538122862029,0.5400593603148444,0.9732689908453003,0.9786930012309095,0.9254467701201873
1332793012,39.2195916,9.1086683,0.9996553116623593,0.9989361442451975,0.9996553116623593,0.5273776407304743,0.9714079769102744,0.9947326902409216,0.9317967693992448
1332793354,39.2172493,9.113197,0.9999731134770525,0.9996932013808769,0.9999731134770525,0.49719836416946556,0.975126969179322,0.9949979780240942,0.9372490512311217
1332797937,39.2169879,9.1121216,0.9999483760122836,0.9997287275101108,0.9999483760122836,0.5023520134255727,0.975742598689127,0.9939735167854398,0.9361684583624891
1333240154,39.2221528,9.1160514,0.9999587138760115,0.9850394583367441,0.9999587138760115,0.46487970443531107,0.9538445896698825,0.9948287468568643,0.9592943936299265
1333240902,39.2219883,9.1136805,0.9997883607278538,0.9956540461037205,0.9997883607278538,0.4622761036862831,0.9535748072116396,0.997849669366665,0.941034687833149
1333240907,39.2230498,9.114074,0.9994299653983925,0.9927716191254256,0.9994299653983925,0.4584043402456855,0.9426800769833538,0.9973520996345345,0.9343975021474705
1333240911,39.2241855,9.1148938,0.9995904432826774,0.990236489586442,0.9995904432826774,0.47576065387679134,0.9539852364155299,0.9980348121885493,0.9591456731033426
1333248864,39.2240361,9.1128897,0.9975514129738093,0.9911516861175323,0.9975514129738093,0.5084847334139019,0.9415692487635267,0.996263743221345,0.9564854416813182
1333254596,39.2228612,9.1135896,0.999817489080194,0.9960181982726926,0.999817489080194,0.46412743673081014,0.953898381479172,0.99816432865021,0.940861575824441
1333254610,39.2228036,9.1136658,0.999821617604126,0.9961333884744333,0.999821617604126,0.4643202520078032,0.9540742081577629,0.9981793778352844,0.9411751102967091
1333254617,39.2228056,9.1130679,0.9998308572957669,0.9955180203427836,0.9998308572957669,0.46168421906439827,0.9511367906882073,0.997960100086305,0.9384263378348763
1333254630,39.2229033,9.113497,0.9997973596042646,0.9959060631142636,0.9997973596042646,0.4638048617784913,0.9533741228087189,0.9981340667026558,0.9404298269956405
1333254631,39.2230985,9.1135383,0.9997818056850368,0.9957100822455555,0.9997818056850368,0.46322266823202574,0.9523094688731196,0.9980637834693414,0.9394281711825014
474421668,39.2479959,9.1099966,0.9974587370466553,0.9266819140582888,0.9974587370466553,0.3901063431985714,0.8895883573520609,0.9974587370466553,0.8729635860946425
599933558,39.2210001,9.1099366,0.9995451643978429,0.9992448494302103,0.9995451643978429,0.5211201976962208,0.970981456331231,0.9962366575694466,0.9374758392436673
599933560,39.2211915,9.1102599,0.9994598843163675,0.9990996837157738,0.9994598843163675,0.5198724363163966,0.9694293901733857,0.9961291114704107,0.9366818400134767
599933564,39.2213675,9.1104461,0.9994116346445294,0.9989652611121357,0.9994116346445294,0.5188932614285949,0.9682798318191018,0.995815986597649,0.9356692013494753
599933567,39.2215176,9.1106048,0.9993579833849384,0.9988791467082685,0.9993579833849384,0.518450047493474,0.9676396723074019,0.9951499848666241,0.935431596068602
599933572,39.2215564,9.1106458,0.9993356714690014,0.9988515476554939,0.9993356714690014,0.5183357346052276,0.9669980279931215,0.9951358661307524,0.9354014670057802
599933575,39.2217088,9.1108071,0.9992885590099527,0.99873234123763,0.9992885590099527,0.5178873822308808,0.9662121620145037,0.995048546555094,0.9350680183611195
599933583,39.2219118,9.1114588,0.9999265935957209,0.9978913769212162,0.9999265935957209,0.49413445102052994,0.963339667329328,0.9933741846900057,0.9399093323041894
607971300,39.2431857,9.0970102,0.9595109685741727,0.9622391927835683,0.945841560142853,0.5046648072177327,0.9596241181115419,0.945841560142853,0.934237583208251
701435273,39.2379593,9.1026202,0.9976026464273595,0.9988289508239051,0.9926974288411772,0.5296018440579425,0.9896958360046384,0.9926974288411772,0.9566362973219604
739313673,39.2117216,9.1187456,0.9989096459112699,0.9920127867068645,0.9989096459112699,0.4612045404556646,0.9615025339577054,0.9488956388584079,0.9363500766304143
803609277,39.24144,9.1110597,0.9935194770398235,0.9958364353239114,0.9842516439034715,0.4881199707023795,0.9676673204211543,0.9842516439034715,0.9476634221903077
1072794774,39.2169637,9.1105553,0.9994515017231226,0.9994568153762062,0.999430247110788,0.5042529020545711,0.974515356954067,0.9918207820156112,0.9291133888941121
1072794775,39.2181537,9.1098207,0.9996299604269981,0.9996661892854821,0.9994850449930623,0.5167706487356395,0.9795954564084125,0.9920012205670327,0.9315943336216191
1075548258,39.1869128,9.1480412,0.8692876118823447,0.8399988987710705,0.8692876118823448,0.21005623225345788,0.7112981970278839,0.8314678206364701,0.8570018533161999
1075548263,39.184632,9.147662,0.8480411768611822,0.8215923496892233,0.8480411768611822,0.20526257340974025,0.694855656574552,0.8145423234324931,0.8474644373148603
1075548306,39.1867751,9.1515525,0.8969634820803943,0.8511678879319251,0.8795301038934872,0.21717321686404809,0.7272990998822008,0.8444606106677011,0.8969634820803943
1075548330,39.1868316,9.1479824,0.867767205208773,0.8390750438670518,0.867767205208773,0.2096137474607503,0.7098789389274243,0.829821254248516,0.8572089607922271
1075548334,39.1911599,9.1616654,0.9651633127485932,0.855668942258447,0.9651633127485932,0.20905156367018157,0.6937549894664256,0.8341682104011389,0.8392547863417991
1212993863,39.22361,9.1338617,0.9819307245742752,0.9762475032654815,0.9640079842673793,0.33451139775167843,0.9249177698409153,0.9628505100796975,0.9819307245742751
1334511669,39.2314044,9.0928498,0.9236141823102467,0.925519507074802,0.9019899534075346,0.5365998089504324,0.9278437618525613,0.8912035012800609,0.8630396563325287
1334511677,39.2312416,9.0927117,0.9241104540590966,0.9260438999250239,0.9023849257952821,0.5368888480782136,0.9283588874185631,0.8919168663205445,0.8633080058151307
1334511679,39.2311708,9.0927285,0.9241849306089995,0.9265918863814084,0.9024232450268939,0.5369023380823973,0.9284169199368002,0.8919763850264437,0.8633382246190076
1334511689,39.2311811,9.0926238,0.9203433641141139,0.9225836805059195,0.8975904401420762,0.535810884217308,0.9247819330889312,0.8876998204409795,0.8593432421593764
1334519520,39.220771,9.0957713,0.8952598739110763,0.8965686030740495,0.8900249572591836,0.46579829139371776,0.8611414962734654,0.8150250425621963,0.8055640349635614
1334519522,39.2309776,9.0878608,0.8888849156044958,0.8896782440304086,0.8623907583144113,0.5252231660415742,0.8931755203134195,0.8518869465551624,0.8672335599533993
1334519553,39.22082,9.0967369,0.9006438872623624,0.9019126054017376,0.8955690147048618,0.4693123157492582,0.8667618452210274,0.8206958826520685,0.8071937735551358
1334519581,39.2308446,9.0885689,0.8901752120167611,0.8917076905131691,0.8642057331747898,0.5256861947167544,0.8947037302620063,0.8537550320279323,0.8671495011664327
1334519626,39.2337148,9.0866712,0.8948093316308328,0.8970363625495135,0.8699176663835411,0.5273451541991164,0.899676313134357,0.858515919488084,0.818232777397546
1334519635,39.2309361,9.0883007,0.8888849156044958,0.8896782440304086,0.8623907583144113,0.5252231660415742,0.8931755203134195,0.8518869465551624,0.8672335599533993
1334538457,39.2325988,9.0952778,0.980920042524716,0.9844317029318186,0.9630421154071287,0.5445390751989472,0.9821985428530138,0.9630421154071287,0.9138606587351767
1334538460,39.2326087,9.0954914,0.9814241689160995,0.9848962771199861,0.9637648600419336,0.5447275746781653,0.982619240335034,0.9637648600419336,0.9148422474636502
1334538463,39.2327938,9.0955607,0.0,0.0,0.0,0.0,0.0,0.0,0.0
1335370836,39.2298806,9.1031433,0.9757202577341754,0.9790612817453006,0.9602959106564193,0.5313234696598953,0.9705971658226951,0.9602959106564193,0.9152609443519677
1335370858,39.2307283,9.102339,0.9791341351951619,0.9820984468679119,0.965625354227152,0.5345079493619994,0.9738830256122011,0.965625354227152,0.9226660032193098
1335379071,39.2314286,9.1047539,0.9904621776468743,0.992311430290295,0.9824488947638317,0.5288880277804181,0.985530256310631,0.9824488947638317,0.9494430724245749
1335409829,39.2348907,9.1085431,0.9974884825001326,0.9977698268534063,0.9963631050870376,0.4959925764255728,0.9772034641307936,0.9963631050870376,0.9512226308582926
1335434809,39.2352019,9.1067833,0.9990132017364487,0.9996471010002506,0.996477604681241,0.5137904990671643,0.9870825880772778,0.996477604681241,0.9641108680981885
1335434849,39.2353923,9.1073603,0.9990978968410084,0.9996858472806653,0.9967460950823807,0.5140056942221999,0.9873686174150283,0.9967460950823807,0.9654906425374682
1335434895,39.235544,9.1059769,0.9980769197030449,0.9988627674555447,0.994933528693046,0.5184554264416343,0.9882090842919133,0.994933528693046,0.9551141908332174
1333520933,39.2288976,9.1322681,0.9862564119097137,0.9818781605423793,0.9761624925417863,0.3714344339250444,0.9170373634785143,0.9761601735046352,0.9862564119097137
1333520978,39.2302774,9.1334601,0.9852150966283618,0.9732515888656285,0.9698631199707244,0.35680950590172056,0.9037628638363251,0.965238092494698,0.9852150966283618
1333538903,39.2296649,9.1343512,0.9851213787404323,0.9670941188946689,0.9663758503396199,0.3497756258605982,0.8955309391097002,0.958452030171536,0.9851213787404323
1333538951,39.2328609,9.1362638,0.9746445097176999,0.9673719271607593,0.9520841616539522,0.3378139599604898,0.8760798283641298,0.9402892575784516,0.9746445097176999
1333538956,39.2322193,9.1351947,0.9534678258604697,0.9541517097160737,0.9336834635087539,0.34628059969035513,0.8469147803315032,0.9276404801155622,0.9507322904380546
1333579139,39.2259158,9.1320723,0.9824110151268535,0.9669147137461158,0.9600928445541728,0.32237950439752866,0.9133779474584708,0.9520741315318392,0.9824110151268536
1333579155,39.2256004,9.1318783,0.9826260187908539,0.9684299538475061,0.9609611063618466,0.322690071173143,0.9141179948495546,0.9538949766180023,0.9826260187908539
1333579156,39.2268899,9.1352202,0.9846208287299788,0.9602328295895644,0.9602958331878934,0.32691176280364087,0.9106682095349737,0.9483647038403064,0.9846208287299788
1333579158,39.2264706,9.13343,0.9806666339522037,0.9489516004717533,0.9529671661092675,0.3163836779046704,0.8955341826178479,0.9378420732089706,0.9806666339522035
1333579161,39.2244367,9.131336,0.9872047790004235,0.9881780677296184,0.9782003409196832,0.35267131075517366,0.9397049049405931,0.9766021389306145,0.9833116240836437
1333579170,39.2267329,9.1340831,0.9839368751738775,0.963719261748175,0.9609113216974918,0.3252773614084477,0.9119451107167033,0.9508850374349166,0.9839368751738776
1333579171,39.2264944,9.1324789,0.9815461762260302,0.954212821794738,0.9558383487967376,0.31881834673317794,0.899543208909906,0.9433599510192955,0.9815461762260302
1333579208,39.2265769,9.1339604,0.983708291997087,0.9633675269507277,0.9604841743782042,0.3252812125839902,0.9109567543942544,0.950330595335149,0.9837082919970871
1333579216,39.2267354,9.1338078,0.9839027543432319,0.9641140613341548,0.9610386428942462,0.3254316161127011,0.9122748311617306,0.9512993527544161,0.9839027543432319
1333581907,39.2271027,9.1340676,0.9830351971125336,0.9546074641692653,0.9578385495807712,0.3258219637875553,0.902888222395495,0.9454078599628486,0.9830351971125336
1333581909,39.2267308,9.1341474,0.9839724497497597,0.9637271197081692,0.9609367778049049,0.32534842525480157,0.9119921596416217,0.9508983435435303,0.9839724497497597
1333582987,39.2290732,9.1357545,0.983093653415384,0.9561973704154992,0.959674733576479,0.340800833413983,0.8874968127523415,0.9480422130582985,0.983093653415384
1333582989,39.2292139,9.134938,0.984722503848067,0.9623987167952996,0.9637730179881775,0.3452479571492041,0.8927833734936192,0.9539414671721916,0.984722503848067
1333582990,39.229148,9.1363396,0.9823351403940943,0.9538446939142974,0.9581809188482168,0.33886727026498975,0.8856343191504377,0.9458269137840156,0.9823351403940943
1333585763,39.2278771,9.1365866,0.9819081817502986,0.9493163957590186,0.9551644660166285,0.3329866546689426,0.8955970225557729,0.9406079959867562,0.9819081817502986
1333744109,39.2242113,9.1153281,0.9993514245235824,0.9881186231910877,0.9993514245235824,0.47786712067019893,0.9509567879526796,0.9975956741618297,0.958483682830733
1333745642,39.2241626,9.1155704,0.9992539126081533,0.9873480303745372,0.9992539126081533,0.47600538696383937,0.9487481610026097,0.9974034176880368,0.9574817656244752
1333745650,39.2242126,9.116692,0.9972853635471746,0.9789606875992151,0.9972853635471746,0.4652959770624116,0.9324033292688306,0.9945220402043616,0.945558572199681
1333746235,39.2243931,9.1176803,0.9999156633982667,0.9941750994057266,0.9999156633982667,0.4648398682997221,0.9521707785508935,0.9966013375509086,0.9682542399161626
1333750252,39.2273745,9.1181013,0.9998525571855733,0.9958718804116632,0.9998525571855733,0.4431359951308281,0.9465003667839054,0.9963553241092324,0.972677791643636
1333750271,39.2273325,9.1180846,0.9998668333059586,0.9958750365585731,0.9998668333059586,0.4432820606880128,0.9465545462230014,0.996380278429204,0.9728544317882016
1333750276,39.2271048,9.1181092,0.9999843515785892,0.9976931188090383,0.9999843515785892,0.4411257353201974,0.947186666837298,0.9970956592804312,0.9788909855664585
1333750277,39.2272798,9.1182259,0.9998904125556712,0.997446941469983,0.9998904125556712,0.4454273877650831,0.9482413076691625,0.9967891941288708,0.9778553265614465
1333750283,39.2273508,9.1180349,0.9998561747747821,0.9958650770642516,0.9998561747747821,0.44335344982145347,0.9465513851996215,0.9963674909308111,0.9727126260032197
1333751050,39.2316041,9.1149806,0.997467772687745,0.9979464928007156,0.995552892235863,0.47736128396784344,0.9581313388525237,0.995552892235863,0.9725195022769535
1333751052,39.2302094,9.1168269,0.9974906530733035,0.9976171192867499,0.9969847882195181,0.4644282869896141,0.9546008807742263,0.9960407090642854,0.9746313113820478
1333751060,39.2291653,9.1176877,0.9981908120871628,0.9963358754800189,0.9981908120871628,0.4494235561064203,0.9487222660715375,0.9956884855529984,0.9725431864198654
1333751062,39.2315592,9.1150287,0.99745780887309,0.9979427019312258,0.995518236640547,0.4772834096160285,0.9581711233682453,0.995518236640547,0.9725336624851199
1333751069,39.2323249,9.1140989,0.997960163219827,0.9985431047338411,0.9956283971637703,0.48456696124526444,0.9643614778122206,0.9956283971637703,0.9715847342952905
1333753569,39.2307113,9.1186888,0.9968693651227908,0.9971022650882652,0.9959377652608927,0.4402323488461137,0.944223763643706,0.9940479799066507,0.9769610966572805
1333753578,39.2313826,9.1181165,0.9957068391794945,0.9960704697223093,0.9942523170082358,0.4548203879980915,0.9507004138201806,0.9942523170082358,0.970728902065314
1333758045,39.2296011,9.1200318,0.9994507339437351,0.9986329501655506,0.9994507339437351,0.44292019965148743,0.9458446044727097,0.9961531368251149,0.9817250922589495
1333759863,39.2293296,9.1228622,0.9981496103410443,0.9973919935276861,0.9981496103410443,0.42072997442485605,0.9364103074932251,0.9936180303821774,0.9818661153742865
1333759865,39.2293542,9.1217395,0.9976018656380279,0.9973807408552461,0.9976018656380279,0.41774428940338393,0.935138657999558,0.9930874177973488,0.979899186950583
1333761790,39.2310426,9.1205501,0.9983766982997586,0.9986369722442883,0.9973356025216392,0.42801243442916,0.9383602594982824,0.9942414355585331,0.9796899567139391
1333624822,39.2367538,9.1280263,0.9802125836262979,0.9879628263561229,0.929547331614922,0.363198877100434,0.8677286306441623,0.9325627730043805,0.9492116127069982
1333624833,39.2366708,9.1282755,0.9838707830389918,0.9906758304717941,0.9537301401822332,0.38449207799783486,0.8957986827362479,0.9537301401822332,0.9566505933077825
1333625644,39.234368,9.1268047,0.9875036893700511,0.9905000977503148,0.9755180558489961,0.37177380787258846,0.9027946017547503,0.9755180558489961,0.9601803426429765
1333638252,39.233603,9.127367,0.986632599772034,0.9898871388979773,0.9736144432682606,0.3631765689117076,0.8955585911935774,0.9736144432682606,0.9614347691247065
1333638287,39.2336447,9.1273971,0.9865568486326233,0.9897943977449241,0.9736066521834199,0.36318956884998754,0.8955773232378534,0.9736066521834199,0.9613939101365255
1333638292,39.2338234,9.1278896,0.9860499050113726,0.9892968310010697,0.9730622010525842,0.36392593971631926,0.8940377162315122,0.9730622010525842,0.9600895706158901
1333638303,39.2336584,9.127321,0.9866000359676316,0.9898318863800182,0.9736726343180855,0.3632525107729208,0.8956862179841957,0.9736726343180855,0.961396415783771
1333638337,39.233799,9.1271542,0.9886465882030784,0.9912136541279438,0.9783783245036167,0.3721029658906758,0.9031853791118356,0.9783783245036167,0.9614967175506768
1333640201,39.2336671,9.1275183,0.9864598599325655,0.9897048631531625,0.9734798470501773,0.3631249850766509,0.8954545309465773,0.9734798470501773,0.961271422918948
1333652525,39.2285577,9.124819,0.9961615349238272,0.9951260593856396,0.9961615349238272,0.41240993251542674,0.9345345818729289,0.9935323024568895,0.9818961076691899
1333652535,39.2285513,9.1249417,0.9958512895175172,0.9950652168909879,0.9958512895175172,0.4117910727935239,0.9342314202376532,0.9935415662369705,0.981927523957803
1333652562,39.229734,9.1249852,0.9946577375473656,0.9948126742554851,0.9940379907148874,0.4069552385148172,0.9311634630298734,0.9931247217545455,0.9805010494089448
1333660370,39.229874,9.1264891,0.9925786584415477,0.9928262274922651,0.9915883822386777,0.39795022582871215,0.9265505875441422,0.9915883822386777,0.979109876149861
1333667986,39.2256151,9.1237108,0.9972265386860242,0.9962595272655416,0.9972265386860242,0.390319117332111,0.9258869821760219,0.9904799842925193,0.9794811297492444
1333668001,39.2256104,9.1234242,0.9971706156538945,0.9960478097500906,0.9971706156538945,0.38994799715460304,0.924439809706218,0.9905073511850052,0.9788323598232535
1333668006,39.2258991,9.1236821,0.9936945034451931,0.9929015248005755,0.9936945034451931,0.3893704517617419,0.9173543901466598,0.9896359990686765,0.9766698019465633
1333670647,39.2267731,9.120034,0.9999588283931637,0.9986616431808603,0.9999588283931639,0.42630988044886725,0.9398427135271675,0.9952218847599514,0.9798676379311179
1333679578,39.2245127,9.1255275,0.996133056445332,0.9963799673020224,0.9951454130185703,0.37713471601746806,0.938476578071718,0.9872284973265257,0.9801880119041252
1333679579,39.2255896,9.1263514,0.9951844750842008,0.9954136578523011,0.9942677440117996,0.38232976992859846,0.936415622831696,0.988767103935799,0.9805435950216077
1333679580,39.2253682,9.1255551,0.9949227497201146,0.9952483620606882,0.9936203003578209,0.37743140180792417,0.9338353787727344,0.9880187062219346,0.9788611299943496
1333854088,39.2416451,9.1156682,0.9939160447401698,0.9888776946620518,0.9939160447401698,0.44357387973936496,0.9207618949020502,0.9939160447401698,0.9374250362739706
1333856919,39.2444337,9.1157179,0.9972572979321254,0.9897463328229098,0.9972572979321254,0.42679270975020156,0.9118919770907967,0.9972572979321254,0.9314050900522322
1333862656,39.24573,9.1152184,0.9966070201898629,0.9798168282518337,0.9966070201898629,0.40449853446974243,0.8978707967079849,0.9966070201898629,0.9289882862724609
1333862658,39.245192,9.1154011,0.9974058933789642,0.9879851311216845,0.9974058933789642,0.4215999065753464,0.9096687601657236,0.9974058933789642,0.928011472877525
1333862685,39.2465667,9.1149167,0.9979587121335812,0.9738237084537074,0.9979587121335812,0.41357704619956703,0.9051353750023279,0.9979587121335812,0.9156004340106687
1333866786,39.2490225,9.1105393,0.9981333740964436,0.9360906426553925,0.9981333740964436,0.4005804697630637,0.8926571304840256,0.9981333740964436,0.8810849323884258
1333873303,39.2484126,9.1070289,0.994395316460639,0.8956264383842174,0.994395316460639,0.4237137119033765,0.8763865255832806,0.994395316460639,0.85723979220594
1333873306,39.2487136,9.1069156,0.9940488867092631,0.8942227535943251,0.9940488867092631,0.42415369976261524,0.8754582824619258,0.9940488867092631,0.8559501062030498
1333879146,39.2497299,9.1091474,0.0,0.0,0.0,0.0,0.0,0.0,0.0
1333879177,39.2489052,9.1089938,0.0,0.0,0.0,0.0,0.0,0.0,0.0
1333888864,39.2505681,9.1113824,0.9895724327791021,0.9501275127557376,0.9895724327791021,0.37209975287246944,0.8604869361402818,0.9895724327791021,0.8838191530733618
1333888873,39.2505278,9.1113637,0.9897603530011592,0.9501580159452445,0.9897603530011592,0.3721237504197771,0.8606115498446331,0.9897603530011592,0.8838571746899706
1333895297,39.2513333,9.1140412,0.9919814548374464,0.9663740045661324,0.9919814548374464,0.381465800812746,0.8752443906797577,0.9919814548374464,0.9084552616258286
1333895305,39.2519448,9.111542,0.9893863513893648,0.9504593225460172,0.9893863513893648,0.37054722526526657,0.8560209038616534,0.9893863513893648,0.8860094473511719
1333923060,39.2510366,9.102062,0.9214593546313078,0.9192871989580386,0.9214593546313078,0.4566853613516094,0.9111062896716753,0.9214593546313078,0.8870860784141368
1333923080,39.2509968,9.1022105,0.9213270132115847,0.9190804615984283,0.9213270132115847,0.4565143148233423,0.9109559696972043,0.9213270132115847,0.8864823978832108
1333925912,39.2508496,9.1002545,0.9415168464164312,0.9354226906876214,0.9415168464164312,0.4726742845862589,0.9303737157227838,0.9415168464164312,0.9049249759324847
1333925913,39.2521483,9.1002842,0.9280491742737826,0.9235818388337694,0.9280491742737826,0.4623211154704116,0.9176578698342066,0.9280491742737826,0.8930580425150987
1333928079,39.2526443,9.0992824,0.9206589177089736,0.9170034541430697,0.9206589177089736,0.45552663860081033,0.9088006445833932,0.9206589177089736,0.8854625075569179
1333941096,39.2490113,9.1037231,0.9627756296065598,0.934946403455349,0.9627756296065598,0.4649505722825293,0.9254394241872685,0.9627756296065598,0.8975105571934554
1335434948,39.2349173,9.106582,0.9977611590423462,0.9984302618251413,0.9950847479111659,0.5183501277121428,0.9866808911361759,0.9950847479111659,0.9519737344009526
1335555439,39.2341639,9.1024785,0.995347091243179,0.9966828139612014,0.9900042003710893,0.5311366760877507,0.9888895182094086,0.9900042003710893,0.935386407268764
1335555471,39.2343977,9.1022668,0.9957209835899269,0.9971209436533182,0.9901211433363616,0.5320384031420552,0.9894292757065932,0.9901211433363616,0.9363224836599964
1335555476,39.2343933,9.1029239,0.9956593086834706,0.9969389843317108,0.9905406060905099,0.5305074052120368,0.9890900432831481,0.9905406060905099,0.9373276043570608
1335555485,39.2344915,9.1023773,0.9958227141496727,0.9971935415952979,0.9903394043671718,0.5321302810026195,0.9894650910639323,0.9903394043671718,0.9370392848769612
1335555505,39.2342737,9.1026877,0.9954479832064436,0.9967640893170565,0.9901835587639918,0.5303128539727773,0.9889257447434809,0.9901835587639918,0.9357734570360945
1335555510,39.2350202,9.1025553,0.9967252299853846,0.998059158417871,0.9913895162554393,0.5334580188785284,0.9901648968973885,0.9913895162554393,0.9420924165915578
1335625646,39.2325052,9.1039708,0.9951446674738211,0.9966499514240812,0.9891235316727811,0.5352328154529911,0.9890854609900013,0.9891235316727811,0.9421419733260112
1335625675,39.2333966,9.103136,0.9937459086225254,0.9954932147655099,0.9863845468785006,0.5352836481880617,0.9882452327389338,0.9863845468785006,0.941454042285278
1335625681,39.2338626,9.1054122,0.9949216399037415,0.9960019648272279,0.9906003402097957,0.5247741338774996,0.9877554712896981,0.9906003402097957,0.9309098416433322
1335716047,39.2430911,9.0837005,0.8005805012235252,0.7981043098151493,0.7666345873367503,0.4395394361774514,0.7981183551856038,0.7630496606470794,0.8005805012235252
1335716053,39.242738,9.0838239,0.798391147250323,0.7959557737247005,0.7645537631355458,0.43836493987207964,0.7959636821129412,0.7609854157524512,0.798391147250323
1335716130,39.2429394,9.0873724,0.8706091485214681,0.869878869443182,0.8348108092203022,0.48049005505842796,0.8719905628121406,0.8348108092203022,0.8638846468376769
1335716244,39.241616,9.0883015,0.8938299760868909,0.8944127725845764,0.8610238898935204,0.4933608783501754,0.8956993349412687,0.8610238898935204,0.8843374826905795
1335716338,39.2417929,9.086388,0.8152541444808785,0.8145688183684057,0.7819979262833112,0.4484651518105207,0.814248366488991,0.7804896414472483,0.8152541444808785
1335716452,39.2433736,9.0845615,0.7822020424211952,0.7794076327999634,0.7489887303078872,0.42931399588646263,0.7793658074016192,0.7450876064734843,0.7822020424211952
1335748369,39.2406524,9.0921069,0.952982615606465,0.9573456740278085,0.9303663778970046,0.5255050999442251,0.956186398017437,0.9303663778970046,0.927646420287562
1335791571,39.2430995,9.0970838,0.959018108733786,0.9617621837176437,0.9452475444665988,0.5042940147114948,0.9592188661253843,0.9452475444665988,0.9339344987756606
1335801991,39.2429293,9.0969899,0.962639149702188,0.9652754557596172,0.9495826383436359,0.5063026318061807,0.9621390739878121,0.9495826383436359,0.9361219350394976
1335812081,39.2458577,9.1042236,0.9794699508620126,0.9818449145061138,0.9698464017233168,0.5030810709807367,0.9704648745347734,0.9698464017233168,0.9451843808372442
1333769321,39.2336137,9.1202739,0.9970554831775769,0.9979645434138824,0.9934192422323549,0.4185240592953776,0.9346493914573611,0.992031747637596,0.9759032400244992
1333784661,39.2445759,9.1282186,0.9946868973862493,0.998771077019277,0.9411847425690832,0.37986973867872337,0.8606205709083883,0.928181379109822,0.9783501788541384
1333784683,39.243716,9.128928,0.9939548292806667,0.9985427617914008,0.9352960492882,0.3713363697112545,0.8491209805936806,0.9252657311123809,0.9756030992377305
1333784686,39.2455442,9.1280478,0.9943119230125707,0.9985555612546366,0.9467710270543089,0.39144104680056224,0.8740698832380308,0.9394905504117913,0.977337370044307
1333791629,39.2461873,9.1275514,0.993638867227633,0.9980786959855353,0.9438956125444794,0.38502291578206593,0.8654646767500008,0.932579832869871,0.9758795521960235
1333799008,39.2475567,9.127239,0.9884545468236714,0.9929587837830598,0.9414050102954346,0.3505856630004943,0.8173519658701369,0.9328504275824994,0.9704375989861177
1333799022,39.245918,9.1258832,0.9933773916651298,0.997943147780153,0.9451885642917618,0.38733526738498086,0.8695864189196907,0.935758779977218,0.9751143672050369
1333799027,39.245302,9.124974,0.9916797535435322,0.9971326101125464,0.9372546546538089,0.3805300892197686,0.8591444325614425,0.9266866106692014,0.9698683272674755
1333804001,39.242041,9.1204899,0.9844987548185851,0.985300990014581,0.9812898140346014,0.43093030306523694,0.9203899732271547,0.9812898140346014,0.9597458084513749
1333804004,39.2426411,9.1212134,0.9840520091500948,0.9878141266311318,0.9690035392259472,0.4144738556038138,0.9037369270343965,0.9690035392259472,0.9548682968118337
1333804007,39.2424562,9.1204604,0.9813452841288715,0.9856087729847275,0.9642913287054471,0.4087723171399624,0.8975942777657355,0.9642913287054471,0.9504714437608438
1333806741,39.2429958,9.1201266,0.978331197185509,0.9829368563192917,0.9599085606503778,0.40433239044721864,0.8921814748907848,0.9599085606503778,0.9458694877120448
1333834241,39.2400165,9.1187776,0.9925673025013199,0.9923422320409219,0.9925673025013199,0.4505382965087099,0.9387277529332809,0.9925673025013199,0.9601405920458279
1333843240,39.2382544,9.1166365,0.9935068345482339,0.9940936887443954,0.9911594177635874,0.4675563964968829,0.9474629142508979,0.9911594177635874,0.9558401682043418
1333843246,39.2380635,9.1168006,0.9933198194378245,0.9938743583652461,0.9911016637281385,0.4669786496474158,0.9470822144885243,0.9911016637281385,0.9554126277149046
1333843251,39.2377898,9.1164208,0.9930919023029519,0.994018412922516,0.9893858598246952,0.46818774970473576,0.9479812972303877,0.9893858598246952,0.9547905248744065
1333843261,39.2380017,9.1161331,0.9935738229264031,0.9944330483644898,0.990136921174056,0.47114559624899005,0.9490728512395107,0.990136921174056,0.9552269976690094
1333852986,39.2407791,9.1157348,0.9917252515431586,0.9852361605271467,0.9917252515431586,0.43834129120411,0.9175201025960299,0.9917252515431586,0.9344633479945061
1333852987,39.2407515,9.1161741,0.9913136999568175,0.9842707804252612,0.9913136999568175,0.4375608818216577,0.9183782584141325,0.9913136999568175,0.9349870544873874
1333854086,39.2430663,9.1151468,0.9942532399488814,0.9873916795668952,0.9942532399488814,0.4351603708664369,0.9140120617210431,0.9942532399488814,0.9345883007637534
1333692736,39.2269917,9.1204493,0.9999962619202897,0.9984514673569782,0.9999962619202896,0.4236940604356971,0.9389870356131561,0.9959616079791115,0.9791365679367933
1333699043,39.2284866,9.1227336,0.9988270498564641,0.9972572647722965,0.9988270498564641,0.4237538685034755,0.9379521016590969,0.9948686993199339,0.9830204907669854
1333699056,39.2286118,9.1226063,0.9989244531174821,0.9973020994700748,0.9989244531174821,0.4253405066462236,0.9381247203103575,0.9947951200667797,0.9814562094143714
1333699057,39.2285193,9.1227644,0.998582875857916,0.9971828690024627,0.998582875857916,0.42295870579854866,0.9376159879487067,0.9947700665749153,0.9830714817580068
1333699090,39.2286067,9.122931,0.9984675802558943,0.9972281575257272,0.9984675802558943,0.42259483276505416,0.9374791098807098,0.9948263959043386,0.9831260827748716
1333699129,39.2285207,9.1227103,0.9988376093499743,0.9972661536867057,0.9988376093499743,0.42384538857151366,0.9379939015155647,0.9948805792666758,0.9830466399217274
1333703552,39.2285572,9.118187,0.999180609756649,0.997341877546591,0.999180609756649,0.4488551853455713,0.9483697281656382,0.996193751538514,0.9758545036344908
1333703571,39.2291359,9.1199817,0.9994991929548648,0.9986150910976174,0.9994991929548647,0.4435924501161605,0.946158714445306,0.9963391262114533,0.9819600665027297
1333703582,39.2284693,9.1183964,0.999297833184151,0.9976659609395446,0.999297833184151,0.4529905869174473,0.9501092538061949,0.9963369504245733,0.9767973940693109
1333719184,39.2378448,9.1126991,0.9976422908197282,0.9983245861784179,0.9949131093849694,0.4857177531490873,0.9688545124268316,0.9949131093849694,0.9584622065601793
1333723586,39.2383431,9.1112362,0.9975191853595765,0.9987559146761978,0.9925722680930912,0.493665921544145,0.9754136725844201,0.9925722680930912,0.9565610579147849
1333727948,39.2346314,9.1104146,0.999059054189172,0.9993724832738367,0.9978053378505134,0.5046856168747266,0.9821412334719675,0.9978053378505134,0.9692542782222394
1333728854,39.2343734,9.1125222,0.9984555733754922,0.9988280389660492,0.9969657110132639,0.48832669546148577,0.9687150385571027,0.9969657110132639,0.9651284171731129
1333730749,39.2327381,9.1138593,0.9980172826156278,0.9985903595270981,0.9957249749697469,0.48501398986645444,0.9646644939405562,0.9957249749697469,0.9702620004321919
1333738464,39.2288826,9.1112682,0.9916017674935419,0.990217970479943,0.9916017674935419,0.5039127118981943,0.9630535588530038,0.9916017674935419,0.965645312183726
1333738467,39.2282863,9.1124403,0.9877098918533923,0.9869120092351179,0.9877098918533923,0.5005968874963462,0.9575137086058498,0.9877098918533923,0.9635899848927185
1333738828,39.228348,9.1125526,0.987567383463864,0.9869042636359078,0.987567383463864,0.5002797067418341,0.9571182754074489,0.987567383463864,0.9634300440753725
1333738829,39.2293471,9.1116638,0.9892369364428385,0.9893705088562915,0.9887026467890266,0.4978881177222804,0.9556670928001849,0.9887026467890266,0.9610809535751325
1333738831,39.2285546,9.1128353,0.9871027195695264,0.9868842334883008,0.9871027195695264,0.49878288042975305,0.9551906164265322,0.9871027195695264,0.9631634171257495
1333744103,39.2255195,9.1147629,0.9982976298824667,0.9833353547602082,0.9982976298824667,0.47202786717903056,0.9428896467594363,0.9964329522828916,0.9547043634324857
1335812083,39.2459668,9.1043279,0.9785909822549825,0.9806627030730503,0.9703040989827117,0.5035656078224567,0.9699434947113798,0.9703040989827117,0.9446698731182204
1335812095,39.2459777,9.1041953,0.978580783852859,0.9809576363015715,0.9687881318560451,0.5040063718096088,0.970214342865864,0.9687881318560451,0.9453441893967244
1335812127,39.2459261,9.1043463,0.9784540730854547,0.9805633598014661,0.9700169262214092,0.503448263331133,0.9698620953171269,0.9700169262214092,0.9444989765770583
1335824293,39.2461328,9.1042154,0.9779158791719849,0.9803383650536275,0.967849929808883,0.5035235724630739,0.9697299589915394,0.967849929808883,0.9444373091706052
1335830253,39.2457798,9.1044399,0.9781497682951464,0.9804345921906984,0.9689961762692875,0.5006377471349027,0.9690676584875432,0.9689961762692875,0.9436867724185511
1335830257,39.2457136,9.1043923,0.980207217815878,0.9827261935692265,0.9700260176806749,0.4994967370238976,0.9705525032897191,0.9700260176806749,0.9446816412813365
1335858523,39.243292,9.1016898,0.9800573248753779,0.9821028442853397,0.970387492164047,0.5196703046233389,0.9778262675214673,0.970387492164047,0.9446029651601162
1335861244,39.243633,9.1018334,0.9775858320591128,0.979777539172392,0.9670427694738294,0.5182885236857008,0.9759239401346622,0.9670427694738294,0.9421792295255785
1335861251,39.2435302,9.1008841,0.9749959146661701,0.9772124830470982,0.9642448541716526,0.515582548433955,0.9736687890256794,0.9642448541716526,0.9402175420648832
1335861253,39.2439365,9.1013629,0.9757866172632566,0.9780428926399315,0.9648903364015893,0.5160892631378629,0.9742462331764286,0.9648903364015893,0.9406211365572154
1335874950,39.2440285,9.1012284,0.9748287234927226,0.9771096754232969,0.9637886514504421,0.5157741593492042,0.9733699730503587,0.9637886514504421,0.9412672900051089
1335930557,39.2401497,9.1016254,0.9937715062830607,0.9954028197819934,0.9870957704476901,0.5269522039726863,0.9878481796458874,0.9870957704476901,0.9533186950656445
1335936890,39.2395286,9.1035889,0.9970380141551146,0.9982974089820553,0.992000434847352,0.5198876376451584,0.98818300877243,0.992000434847352,0.9510772883667147
1335936895,39.2394188,9.102154,0.9953171466498354,0.9969282696845753,0.9888726545108757,0.5279622250299879,0.9887915166090536,0.9888726545108757,0.9541611872048733
1335936905,39.2393192,9.1029222,0.9961935490687664,0.9976604946165019,0.9903257668778248,0.5249645645937476,0.988601450463121,0.9903257668778248,0.9529807939309685
1335936920,39.2389269,9.103114,0.9966238334559051,0.9980219226425551,0.9910314767093054,0.5257067181690117,0.9888505584057714,0.9910314767093054,0.9536588161088008
1335936921,39.2396967,9.1032374,0.9967094040200564,0.9980266848435368,0.9914402807261345,0.5202474663699569,0.9881303497146835,0.9914402807261345,0.9512031922469556
1335936922,39.2399846,9.1026352,0.995546258620373,0.9970314543495166,0.989605475703799,0.5256528781005707,0.9883685511548828,0.989605475703799,0.9537080880248834
1335936925,39.2394847,9.1030604,0.9962728909742531,0.9977035703377976,0.9905501735200755,0.5245313066133526,0.988545185144029,0.9905501735200755,0.9533387726766945
1335936926,39.2391117,9.102749,0.9963354932591117,0.997812370114793,0.9904279858363869,0.5255086027898848,0.9887060701170806,0.9904279858363869,0.9536391224724674
1333943681,39.2503139,9.1050886,0.9796068037889716,0.943014877512446,0.9796068037889716,0.4715998166044691,0.9335362817315856,0.9796068037889716,0.9083295499460912
1333945894,39.2499088,9.1049331,0.9840573274609615,0.9438612469872582,0.9840573274609615,0.4719728086292381,0.9347461098051565,0.9840573274609615,0.9093730604161446
1333959783,39.2510163,9.1175509,0.9785863025993593,0.9722955811310331,0.9785863025993593,0.35482075902471133,0.8487087276728039,0.9785863025993593,0.925151545480613
1333978302,39.2520315,9.1331536,0.9803518487031947,0.980642699455379,0.9098286620421456,0.3214830695012452,0.7613925464106409,0.8582071330028487,0.9791884456944578
1333978303,39.2525946,9.1336473,0.9829998682123156,0.9836432153267041,0.9141520768486461,0.3259123314526393,0.7691414561119223,0.864251549853435,0.9804264797547613
1333988594,39.2510474,9.1339199,0.989747869665774,0.9920016977952345,0.9228507865287174,0.34611723455918786,0.8026416146903164,0.8835700146654069,0.9807325571479317
1333988603,39.2512609,9.1333153,0.9875457226927414,0.9897808682677084,0.9171159235931466,0.34141456524933744,0.7942336260737389,0.8757852427980816,0.9786051403928734
1333989892,39.249983,9.1359947,0.9898989492342324,0.9925583773105582,0.9091567879179953,0.32976059716480544,0.7762418986502567,0.8750867888650191,0.9792612369289292
1333989906,39.2498619,9.1362688,0.9894809708106455,0.9921635835775086,0.9074395673580244,0.327274674487459,0.7728035267137024,0.8737075914575322,0.9787505197431928
1333989920,39.2496155,9.1358907,0.9896718604779857,0.992122067640554,0.9078588867107897,0.32591848408186663,0.7733471545326378,0.8744094011150524,0.9798710318277128
1334347783,39.2317318,9.0941151,0.0,0.0,0.0,0.0,0.0,0.0,0.0
1334347785,39.2329552,9.0952374,0.0,0.0,0.0,0.0,0.0,0.0,0.0
1334347788,39.2314682,9.0942221,0.0,0.0,0.0,0.0,0.0,0.0,0.0
1334351927,39.2328987,9.0952854,0.0,0.0,0.0,0.0,0.0,0.0,0.0
1334351928,39.2329158,9.095234,0.0,0.0,0.0,0.0,0.0,0.0,0.0
1334502910,39.2318695,9.0921932,0.9428880805354773,0.9464030259349597,0.9128061966871814,0.5375529646566335,0.9487287100351625,0.9128061966871814,0.8813746222273192
1334502911,39.2324135,9.0902984,0.8970675130237021,0.8988691436145403,0.8709007064592602,0.5281145795900342,0.9022107928070485,0.8603218285218099,0.8590504406290911
1334502930,39.2318774,9.0898424,0.8965675069838944,0.8988822623691065,0.8711863684037939,0.5280241764653137,0.9015279969306539,0.8600458235143569,0.8621151711273098
1334502975,39.2322657,9.0903177,0.8975121065029241,0.8993395299251957,0.8712001120884799,0.5282616025770358,0.9026831342146994,0.8607782107724976,0.859270341696676
1334502979,39.2320556,9.0924438,0.9432989806214485,0.9470432689312528,0.9134002370166953,0.5376169494766059,0.9490915149269089,0.9134002370166953,0.8800368832231446
1335949327,39.2409023,9.1062077,0.9952660296763979,0.9971580274700715,0.9876980385017033,0.5028651933446604,0.983047169018207,0.9876980385017033,0.948661633450701
1335949339,39.2408637,9.1068848,0.996481537755159,0.9981668122906698,0.9897404396131159,0.5055736447503852,0.9836996072749228,0.9897404396131159,0.9525324302984474
1335950213,39.2399566,9.1059431,0.9964327329830048,0.9977823679644913,0.9910341930570593,0.5126730667504665,0.9866255892763258,0.9910341930570593,0.9492983462223237
1335950214,39.2397367,9.1062447,0.9965107404577295,0.9978175736345292,0.9912834077505309,0.5123260369902566,0.9866090698693896,0.9912834077505309,0.9494193046525943
1335950531,39.2401583,9.1057304,0.9958083092708397,0.9972338646751483,0.9901060876536054,0.5105827895602143,0.9859843015088001,0.9901060876536054,0.9473219018169722
1335950533,39.2405374,9.1061092,0.9959209118631789,0.9975214331751616,0.9895188266152477,0.5069065118842078,0.9842557817939384,0.9895188266152477,0.9490179889113144
1335958533,39.2389761,9.1070431,0.9979345828020544,0.9991293060970622,0.9931556896220232,0.5123972157164794,0.9843671015735943,0.9931556896220232,0.9569598802658098
1335962661,39.2360867,9.1009073,0.9960311919989259,0.9976769627134954,0.9892216285658961,0.5381161848193055,0.990354031439654,0.9892216285658961,0.9478780458818364
1335962692,39.2357856,9.1007273,0.9960181166008675,0.9976711014587836,0.9891425840096311,0.5386667027968015,0.9904605498074909,0.9891425840096311,0.9481781384397456
1335962698,39.2360814,9.1011583,0.9961840697848655,0.9978419755557916,0.9893352571726771,0.538098753946484,0.9904212048150978,0.9893352571726771,0.9479499801402921
1335962748,39.2360241,9.1007876,0.9959832238251255,0.9976342222543421,0.9891391936076186,0.5382264210656723,0.9903393761108213,0.9891391936076186,0.9479884402442225
1335962753,39.2365841,9.1007102,0.9951815702080999,0.9971290643215076,0.9868885460982019,0.5364249193373088,0.9894037843795402,0.9868885460982019,0.9450409202944954
1335962761,39.236274,9.1009867,0.9953517367132695,0.9971564931209791,0.9876849139579013,0.5377272506105806,0.9899238995805503,0.9876849139579013,0.9466595366686682
1335962762,39.2363456,9.1009228,0.9952720435472159,0.9970934787702648,0.987531362503596,0.5371525763668635,0.9898060632607188,0.987531362503596,0.9465418356186197
1335962777,39.236015,9.1005858,0.995162922524131,0.9970084481866681,0.9872335879940843,0.5379892526231924,0.9899697473935747,0.9872335879940843,0.9463352078721641
1335962780,39.2359858,9.100721,0.9959483401552922,0.997611626628479,0.9890354526464415,0.5382680511812322,0.9903341607269577,0.9890354526464415,0.9477690038833806
1335962783,39.2359875,9.1012473,0.9963097444494085,0.9979240755186118,0.9896823046818064,0.53817304067688,0.9905328821357494,0.9896823046818064,0.9488500831605716
1335962785,39.236125,9.1009838,0.9960618065299183,0.9977102637546039,0.9892462764638325,0.5380714705912089,0.9903547823005509,0.9892462764638325,0.9478503660391634
1335969344,39.2374424,9.0986778,0.991754959864561,0.9942571969128067,0.9802967482097127,0.5374567290761781,0.9875430655190417,0.9802967482097127,0.9505762600395619
1336425669,39.2430497,9.1008593,0.9689048050735498,0.971358394460193,0.9564965032646979,0.5105264939934925,0.9694662245760929,0.9564965032646979,0.9353242626472092
1336488545,39.2425408,9.1169397,0.9964009905301773,0.9918714320958227,0.9964009905301773,0.4399716595225598,0.9246162292798054,0.9964009905301773,0.9445350674036193
1336510982,39.2434131,9.1235289,0.9894032224860425,0.9939915707104983,0.9710498295882195,0.420977939221273,0.9098790232177637,0.9710498295882195,0.9645182957858236
1336510994,39.2437061,9.1229707,0.9874329789090421,0.9931649963524818,0.9645049091352833,0.41325648464558784,0.901255643083762,0.9645049091352833,0.9593003976324497
1336536539,39.2464273,9.1227788,0.989120949285707,0.995222921783465,0.9431219687693096,0.3868800223735721,0.8700563664520637,0.9426677558299332,0.9647130592946752
1336626036,39.2437201,9.1217955,0.9853996752671944,0.991948799854759,0.9592031769169359,0.4057537029662839,0.8935228784360374,0.9592031769169359,0.9558110177334652
1336655104,39.2471797,9.1189987,0.974032590509604,0.9801999003138606,0.9493633512925778,0.36742172392571737,0.8497851788288096,0.9493633512925778,0.9367606367607287
1336662465,39.2476383,9.1182044,0.9669106130058874,0.9722312946333881,0.9456278864958846,0.3525306107641867,0.8439832505821666,0.9456278864958846,0.9227816007200276
1336662476,39.2474988,9.1182621,0.9674791921875466,0.9727578449171683,0.9463645812690601,0.35296805562930994,0.8448524266674101,0.9463645812690601,0.9235748130390311
1336662493,39.247585,9.1182988,0.9668223631460383,0.9721609551805301,0.945467995008071,0.35234253550091027,0.8437486183755969,0.945467995008071,0.9226364630869879
1336662495,39.2474616,9.1182259,0.9676595697444222,0.9729204919674257,0.9466158808524087,0.35310435710193677,0.845102825138961,0.9466158808524087,0.9238201975243554
1336662498,39.2471965,9.1182033,0.9692672055570405,0.9743300984163308,0.9490156341198794,0.35388635296577536,0.8472834988208894,0.9490156341198794,0.9257611642883874
1336669353,39.247605,9.1177083,0.9655005679643253,0.9708172176663805,0.9442339691561042,0.3517913150651762,0.8418687394468349,0.9442339691561042,0.9208495903468624
1336672458,39.2486171,9.1207528,0.9867451867233135,0.9886953600314319,0.9789444934908398,0.36589940467741455,0.859871671747631,0.9789444934908398,0.9524009562315945
1336672463,39.2484877,9.1206481,0.9870197246833448,0.9888381875497866,0.9797458732175773,0.3661013510737318,0.861581767260459,0.9797458732175773,0.9526094630940131
1336673054,39.248972,9.1228868,0.9821676952697858,0.9873882933778194,0.961285302837651,0.35849267408081076,0.8361224535288022,0.961285302837651,0.9568285609006744
1336678702,39.2512564,9.1213111,0.9692364651993092,0.9705679590578798,0.9639104897650262,0.3406862755869413,0.8298176407196933,0.9639104897650262,0.9304149355259403
1336678717,39.2510718,9.1218702,0.9718304944404579,0.9740468847408428,0.9629649332389185,0.34312492694152713,0.8294883288760362,0.9629649332389185,0.9476884880272436
1336678720,39.2516721,9.1211745,0.9658720763047566,0.9669676410912728,0.9614898171586919,0.3357844120130838,0.8253542435327206,0.9614898171586919,0.9440073954498261
1336678721,39.25127,9.1216408,0.9686574104246677,0.9703359966288413,0.961943065607973,0.338317722123364,0.8268928385044876,0.961943065607973,0.9459525952431688
1336678727,39.2510591,9.1215415,0.9698878542525861,0.9714751337439967,0.9635387362869435,0.3407999196474209,0.8287855870854699,0.9635387362869435,0.9316405339567915
1336425681,39.2435619,9.1018338,0.9779439509371659,0.9801059416269279,0.9675654999293655,0.518554137933689,0.9762179411731282,0.9675654999293655,0.9425081560393354
1336430939,39.2422133,9.1032653,0.9880843612015758,0.9901863099722188,0.9787562737396474,0.5126970357099947,0.9833577356364313,0.9787562737396474,0.9378642353069097
1336433500,39.2424781,9.1042019,0.9875279714778146,0.989616379884319,0.9781820798777034,0.5121413560288749,0.98314336974817,0.9781820798777034,0.93650850650728
1336436471,39.2430363,9.1053716,0.9910889275090534,0.9934535969741233,0.9816302496487741,0.5009399242575983,0.9801918633036467,0.9816302496487741,0.9414255685383038
1336438455,39.241635,9.1067111,0.9949171190826748,0.9970118124413437,0.9865383456479989,0.5013968828618713,0.981270486280497,0.9865383456479989,0.9462874932695697
1336438461,39.2414362,9.1062795,0.995376505845571,0.9972935412922305,0.9877083640589333,0.5039089392712435,0.9835151682379379,0.9877083640589333,0.9495368208161785
1336438465,39.2420998,9.106315,0.9936221925871396,0.9959832842417582,0.9841778259686651,0.4974131676694102,0.9791294152110285,0.9841778259686651,0.9417847494065521
1336444500,39.2408303,9.1074154,0.9963826225197358,0.9980773549773507,0.9896036926892758,0.5043191646773586,0.9828112189622145,0.9896036926892758,0.9516509931287194
1336444504,39.2427377,9.108142,0.9902133764586765,0.9932632581635685,0.978013849639108,0.4891686568129223,0.9723571986653277,0.978013849639108,0.9338809620402659
1336444506,39.2423267,9.1084491,0.9916452866945256,0.9942893035589492,0.9810692192368311,0.49174833712396593,0.9744003482319855,0.9810692192368311,0.9371073607743449
1336444514,39.242396,9.1075106,0.9920037243132899,0.9945729794129083,0.9817267039148159,0.49251315427315395,0.9749471227516162,0.9817267039148159,0.9381174939760887
1336444516,39.2420262,9.1077856,0.9932662659483518,0.995579206941642,0.9840145019751906,0.4947969853743008,0.9769734089778674,0.9840145019751906,0.9414744701749588
1336444518,39.2411417,9.1063895,0.9949229703665343,0.996886905254574,0.9870672308143756,0.5020462383781159,0.9823788707846917,0.9870672308143756,0.9474883314783871
1336444521,39.2414347,9.108225,0.9948065113885771,0.9968444500904882,0.9866547565809329,0.49888800563009417,0.9799404511956983,0.9866547565809329,0.946796362453611
1336450126,39.2467836,9.1077572,0.9831637786463925,0.9564547516436767,0.9831637786463925,0.4575286523577826,0.9279943294891538,0.9831637786463925,0.8911333697180448
1336461448,39.2445439,9.1103367,0.9958901789371637,0.9396471574409244,0.9958901789371637,0.4159915256053484,0.8951639471976487,0.9958901789371637,0.8889642934955058
1336461452,39.2438616,9.1096002,0.9757002507050124,0.979663731311345,0.9598463282796821,0.46763714532650796,0.9513643531025912,0.9598463282796821,0.9166258870927826
1336461475,39.2440718,9.1092605,0.9799049980269415,0.984114678723745,0.9630662752397277,0.47715400267597574,0.961636117316472,0.9630662752397277,0.919608274311565
1336461497,39.2450355,9.1092486,0.9957917092930465,0.9319910326889735,0.9957917092930465,0.40793699629510205,0.896882063854804,0.9957917092930465,0.8807048297976411
1336461539,39.2426855,9.1128383,0.9832472272260999,0.9861025172189658,0.9718260672546363,0.4742317086910903,0.9586582824782489,0.9718260672546363,0.9311350490216245
1336678728,39.2508681,9.1217772,0.9715542671516871,0.9737914733890671,0.962605442202167,0.3435349806934381,0.8300305447027483,0.962605442202167,0.9416265993057773
1336678730,39.2514678,9.1214082,0.9692831323423281,0.9705239654718343,0.9643197998243034,0.3395282147261069,0.8295607985917336,0.9643197998243034,0.946755678890925
1336684245,39.2518711,9.1200887,0.9686498439262722,0.9690179891481796,0.9671772630386425,0.34094850925247594,0.8327557640774801,0.9671772630386425,0.9258867182480264
1336684247,39.2515358,9.1195901,0.9674954642612498,0.9677383087777851,0.9665240861951087,0.33842140498451045,0.8308681835519631,0.9665240861951087,0.9214258523232203
1336684248,39.2520685,9.1203692,0.9664370436383614,0.9667713073360199,0.9650999888477274,0.3385401897489908,0.830062865597006,0.9650999888477274,0.9230438812995863
1336688196,39.2494824,9.1181945,0.9856883247720666,0.9751980047066939,0.9856883247720666,0.3632687197512007,0.8605844838105099,0.9856883247720666,0.927307163232183
1336688200,39.2502678,9.1184217,0.9784185123311283,0.9770446614916608,0.9784185123311283,0.3557738503992534,0.8510793240892279,0.9784185123311283,0.9317354790642373
1336688206,39.2495869,9.1194309,0.9823614672088042,0.9746367053536191,0.9823614672088042,0.3566542107440816,0.8539133579178207,0.9823614672088042,0.9261959594700653
1336688213,39.2499045,9.1180708,0.9822485181238952,0.9750943498331106,0.9822485181238952,0.35705940722555923,0.8548087931391923,0.9822485181238952,0.927787362615712
1336688217,39.2501511,9.118598,0.979275439845903,0.9780045296538102,0.979275439845903,0.3569328672098081,0.8534033210707412,0.979275439845903,0.933339115862051
1336688224,39.2493054,9.1193425,0.9803878731058232,0.9725167704473099,0.9803878731058232,0.3549327342108733,0.8509311852515702,0.9803878731058232,0.923196790989831
1336688226,39.2496483,9.1182299,0.9862521282567862,0.9760843187470467,0.9862521282567862,0.36427010686599354,0.8624062538374708,0.9862521282567862,0.9287049965728651
1336688260,39.2498132,9.1182159,0.9825972188233514,0.975715857682487,0.9825972188233514,0.35747199789833095,0.8562972044384008,0.9825972188233514,0.9289219569118746
1336688270,39.2495578,9.1188229,0.9842805707595116,0.9753177963212809,0.9842805707595116,0.3605282705194698,0.8582307050864333,0.9842805707595116,0.9273872312184991
1336688283,39.2494127,9.1187829,0.9837326344310278,0.9745102104087979,0.9837326344310278,0.3596448429084531,0.8571004936940652,0.9837326344310278,0.9260897306130802
1336691517,39.2511478,9.119045,0.9743318865340611,0.9736470106959432,0.9743318865340611,0.3489473722230932,0.8441554922219925,0.9743318865340611,0.9294620437659818
1336698871,39.2506383,9.1156907,0.9855867573518704,0.9643965328510455,0.9855867573518704,0.3663640058356257,0.8592393464985144,0.9855867573518704,0.9136274329383829
1336703180,39.2496988,9.1181236,0.9868553650339699,0.9763408040604815,0.9868553650339699,0.3648748363910932,0.863135407968565,0.9868553650339699,0.929115584789221
1336703183,39.2496177,9.1176657,0.9880371597115515,0.9777476872566415,0.9880371597115515,0.36705020847997444,0.8662965553052991,0.9880371597115515,0.9305914969531097
1336711074,39.2518146,9.1208365,0.9639862499121363,0.9653431608885081,0.9585586060066493,0.3346880773207469,0.8220979722216214,0.9585586060066493,0.9431813077905989
1336461548,39.2438525,9.1127069,0.9756217851020378,0.9797194641890398,0.9592310687540299,0.4653572696503875,0.949020078435369,0.9592310687540299,0.9184659021882348
1336461571,39.2445141,9.1098197,0.9701022785281088,0.9744505971917853,0.9527090038734032,0.4614216519284218,0.9441369479480924,0.9527090038734032,0.9108357749503883
1336461589,39.2439568,9.1106747,0.973871057786303,0.977803634537538,0.9581407507813627,0.4647245963309982,0.9480899827680138,0.9581407507813627,0.9164069872598517
1336461606,39.2439587,9.1095834,0.9756136294274949,0.9795853818768708,0.9597266196299912,0.4675635300235381,0.9512519119872416,0.9597266196299912,0.9164913312811176
1336461641,39.2433807,9.1090443,0.9878326749821141,0.990967199006952,0.975294578882763,0.48568586674183867,0.9685590476128756,0.975294578882763,0.9300353240098302
1336461665,39.245559,9.1099647,0.9959522450335122,0.9361610910801689,0.9959522450335122,0.40950507367008315,0.8972656019846188,0.9959522450335122,0.8836062494085901
1336461669,39.2451847,9.1097442,0.9958702503634305,0.9339902226488648,0.9958702503634305,0.4088380783805845,0.8970337657459364,0.9958702503634305,0.8820821811239947
1336461688,39.2438126,9.1096261,0.9758607397704053,0.9798489859007418,0.9599077552490594,0.4676768985776155,0.9514220575657263,0.9599077552490594,0.9166852060344183
1336461695,39.2445266,9.109557,0.9726817445766246,0.9769539794916684,0.9555928049164495,0.46402755443482074,0.9474675394501242,0.9555928049164495,0.9114898795551934
1336463195,39.2417514,9.1101443,0.9911594329862667,0.9937887284755665,0.9806422510290673,0.4834749927898232,0.9631961691683537,0.9806422510290673,0.941462374277011
1336463205,39.2417637,9.1107412,0.99269153525971,0.9950114413180213,0.9834119110264646,0.48619699077726697,0.9665771386054751,0.9834119110264646,0.9455285188533349
1336464006,39.2416111,9.1108663,0.9929131079336594,0.9952150055897736,0.9837055173092024,0.4864278166409228,0.966535896493701,0.9837055173092024,0.9458019929120379
1336464008,39.2417749,9.1111987,0.9924312349806025,0.9949980853610427,0.9821638334588417,0.4862458971089966,0.9657076185093788,0.9821638334588417,0.9451547650226281
1336467225,39.2434194,9.108991,0.9877906040902876,0.9909335565266294,0.9752187943449204,0.48563727643032273,0.9685044760209331,0.9752187943449204,0.9299596313901795
1336467333,39.2458269,9.1081542,0.9817264437392316,0.9435090221686177,0.9817264437392316,0.4414110994130196,0.9134768221726256,0.9817264437392316,0.8815827473812984
1336473121,39.2441486,9.1115528,0.9728056722305387,0.9767868842077232,0.956880824321801,0.4628369428539804,0.9455939446442007,0.956880824321801,0.9145265336382945
1336476141,39.2429201,9.1145545,0.9941266900342198,0.9849166674865881,0.9941266900342198,0.4311292529900567,0.9091819360975646,0.9941266900342198,0.9303962563047317
1336476146,39.2431279,9.1145419,0.9937799656861557,0.9835409427682568,0.9937799656861557,0.4297591351370164,0.9076297146536396,0.9937799656861557,0.9288993484392836
1336476175,39.2433135,9.1142857,0.9933440621595088,0.9823424007617144,0.9933440621595088,0.42739946362372844,0.9051011672722337,0.9933440621595088,0.9265948081546346
1336488534,39.2422439,9.1167523,0.9960591882885311,0.9918270807089583,0.9960591882885311,0.43994692173206285,0.9263376219921388,0.9960591882885311,0.9467317768323362
1336711078,39.2522304,9.1194458,0.9479809504080479,0.943874734912116,0.9479809504080479,0.32131310581697325,0.8025410284439795,0.9479809504080479,0.9213401530300499
1336711082,39.2520939,9.1212475,0.967209172520204,0.9685271994577469,0.9619370647700326,0.3378089891022865,0.8268403682509363,0.9619370647700326,0.9463370753709756
1336712657,39.2525837,9.1197381,0.9457128966821176,0.9414488696356943,0.9457128966821176,0.3196499380881465,0.7987313407363763,0.9457128966821176,0.9170898359050448
1336716407,39.254893,9.1191949,0.9081230352903839,0.9053937331462099,0.9081230352903839,0.2960413739278664,0.755638359371993,0.9081230352903839,0.8870468046062188
1336721018,39.258183,9.1179487,0.8843312303598935,0.8737904214990361,0.874641999715482,0.27742726286033,0.71175554248106,0.874641999715482,0.8843312303598935
1336721024,39.2588103,9.1176251,0.8788946978111762,0.8677520122677018,0.8716170601481084,0.2753911927913094,0.7080505702670467,0.8716170601481084,0.8788946978111762
1336721025,39.2555967,9.1174606,0.9312556800691365,0.9298751085664242,0.9312556800691365,0.3113400339954648,0.7831606994529359,0.9312556800691365,0.9075596838957507
1336721034,39.2597841,9.1194337,0.8829741623446741,0.8713177587720233,0.8708965661264809,0.2756282099019917,0.71484167190513,0.8708965661264809,0.8829741623446741
1336737668,39.2602823,9.1196866,0.8987673393539894,0.8807391318290281,0.8709013422115024,0.27476875437216935,0.7045291816969271,0.8676829226832633,0.8987673393539894
1336737674,39.2549615,9.1176715,0.9351224836648291,0.933923032069841,0.9351224836648291,0.3141676447573644,0.7880555454770696,0.9351224836648291,0.9110315786517359
1336737685,39.2597344,9.1172146,0.8872376901090885,0.8755961691551151,0.8872376901090885,0.28260182263281036,0.7163515968741573,0.8872376901090885,0.8777123354839977
1336737694,39.2546041,9.1192016,0.9404465000331408,0.9408214648545161,0.9389466407476396,0.3176739363497735,0.7936394980078771,0.9389466407476396,0.9186466061396251
1336737696,39.2598238,9.1165657,0.8739492487569008,0.8618086833229869,0.8739492487569008,0.2764943210124782,0.7016037188125278,0.8739492487569008,0.8637809903955116
1336737701,39.2607579,9.118592,0.873581482915796,0.861906732867896,0.8666658673085456,0.27346463738919236,0.7026855410184546,0.8666658673085456,0.873581482915796
1336737702,39.2542502,9.1196225,0.9360114529265323,0.9361414276592371,0.9354915539957132,0.31435149404746326,0.7885841980582134,0.9354915539957132,0.9132093870315788
1336737711,39.2554773,9.1169909,0.9285810506689954,0.926711984676613,0.9285810506689954,0.3094270931829872,0.7802479670859289,0.9285810506689954,0.9028894584760782
1336737717,39.260095,9.1161977,0.8757420406377108,0.8631014600351428,0.8757420406377108,0.2767488673057733,0.7032695401460733,0.8757420406377108,0.8651114777676828
1336737718,39.2536374,9.1159107,0.9495736054549715,0.9392567618234089,0.9495736054549715,0.323380469466652,0.8049991212780805,0.9495736054549715,0.8939697705691259
1336744358,39.2539177,9.1178181,0.9406067239375578,0.9379390968001459,0.9406067239375578,0.3184736063453434,0.7946333884024188,0.9406067239375578,0.9157068869741958
1336750552,39.2536837,9.1155629,0.9528369198285642,0.941343493130755,0.9528369198285642,0.3253938116362205,0.8084937192601345,0.9528369198285642,0.8861520595401983
