node_id,lat,lon,capability_nutrition,service_eating_out,service_fresh_food_access,service_ready_food_access
302132234,39.2292882,9.1175257,0.9975401098710759,0.999261844783381,0.9949575075026184,0.7694480647796129
302132236,39.2291335,9.1175852,0.9976006509050633,0.9992825966904514,0.9950777322269811,0.7694465002285784
302132288,39.2283383,9.1189444,0.9991932456294219,0.9997763894675444,0.998318529872238,0.777516234581117
302132296,39.2285978,9.1194637,0.9993771218745401,0.9997958931688969,0.9987489649330048,0.7792646419729049
302132298,39.2286836,9.1199547,0.9994654646736316,0.9998241774931804,0.9989273954443085,0.7807841508277731
302132358,39.2317197,9.1213274,0.9994235215774281,0.9997820514016817,0.9988857268410475,0.7842831607680815
302132369,39.2303252,9.1237424,0.9997518298477355,0.9999654697366159,0.9994313700144148,0.7874406780095814
302132399,39.2297265,9.1250813,0.9997144014854484,0.9998748959193762,0.9994736598345568,0.7894071437174275
302742075,39.2180559,9.118354,0.9994044578774886,0.9999622138324924,0.9985678239449828,0.7931217751625392
302742076,39.2188038,9.1185188,0.9987004868890627,0.9998321475503704,0.9970029958971011,0.7895248550594692
302742078,39.2200787,9.1188178,0.998523870381973,0.9998196484562607,0.9965802032705413,0.7842862887289045
302742079,39.2201757,9.1188457,0.9984957139306169,0.9998206291912981,0.996508341039595,0.7840247232587813
302742080,39.2204701,9.1189974,0.9985745504996786,0.9998129734409799,0.9967169160877266,0.7835965821962532
302742081,39.2206294,9.1190746,0.998499717098051,0.9998025066688937,0.9965455327417869,0.7831658280628027
302742083,39.2216228,9.1196063,0.998718433712392,0.9998248262378217,0.9970588449242476,0.7794532844916282
302742084,39.2222477,9.1198262,0.9985577481896347,0.9994877287358407,0.9971627773703257,0.7761204634705695
302742085,39.2240302,9.1199475,0.9992917162070086,0.9996981718430548,0.9986820327529394,0.7825844187992015
302742086,39.2248733,9.1199336,0.9986940940245912,0.9994793357363505,0.9975162314569521,0.7766905258410152
302742087,39.2256242,9.1197405,0.9983987141738057,0.9995370455329975,0.9966912171350178,0.772687556512341
302742088,39.226978,9.1199316,0.9989165136559067,0.9995047569864134,0.9980341486601468,0.7773350277488628
302742310,39.2380291,9.131027,0.9941853026283001,0.9936312479072963,0.9941853026283001,0.7870629410196293
302742311,39.2296979,9.1263537,0.9996558595035641,0.9997364603175006,0.9995349582826591,0.7920517311549702
302742312,39.2288864,9.1227978,0.9998346661732006,0.9999536267157109,0.9996562253594352,0.7846395271442107
302742313,39.2306375,9.1231039,0.9998180794479686,0.9999728022689559,0.9995859952164878,0.787199590669549
302742314,39.2301959,9.1228978,0.9998184069153274,0.999972678490926,0.9995869995519295,0.7856000274871671
302742315,39.2289842,9.1228544,0.9998365545008606,0.9999558182644614,0.9996576588554593,0.7846496500104707
302742316,39.2286282,9.1227871,0.9998181707006304,0.9999277803641122,0.9996537562054078,0.784059081409797
302742321,39.2272961,9.1189266,0.9978274273529342,0.9990200630795983,0.996038473762938,0.770619420063278
302742322,39.2267545,9.1191377,0.9969888594484703,0.99847903262541,0.9947535996830605,0.7664087039634815
302742339,39.2268243,9.1259347,0.9997677528572005,0.9997418725127467,0.9997677528572005,0.7920147580463346
302742341,39.2267483,9.1266628,0.99976435305564,0.9998113461487051,0.9996938634160425,0.7927456101286363
302742343,39.2266785,9.1278563,0.9997244084843737,0.9997992482383972,0.9996121488533385,0.792509956921692
302742346,39.2266685,9.1281603,0.9995466208122818,0.9998009331967844,0.9991651522355279,0.7921114986913411
302742348,39.2263786,9.128921,0.9996898902674964,0.9998899883017235,0.9993897432161559,0.7934891461150588
302742349,39.2259076,9.129914,0.9996263226245812,0.9997991815453021,0.9993670342434998,0.7947628120443656
302742350,39.2241451,9.127589,0.9998815311406288,0.9999398667127708,0.999794027782416,0.7956090499660785
302742351,39.2254356,9.1283599,0.9998598543086528,0.9999816274347127,0.9996771946195627,0.7949811978892418
302742352,39.2274377,9.1297987,0.9992140548694594,0.9994876897959352,0.9988036024797458,0.7914143377205528
302742353,39.2290392,9.1311235,0.9992588216473288,0.9987191590410216,0.9992588216473288,0.7895825438686424
302742354,39.2310992,9.1328221,0.9969955213335266,0.9944100524149623,0.9969955213335266,0.7828604881365181
301811628,39.244023,9.1226626,0.9941953074226658,0.9910647352214357,0.9941953074226658,0.7583951968577777
301811629,39.2442715,9.1232845,0.9937801517008853,0.9910123440659585,0.9937801517008853,0.7605637274953434
301811633,39.2444999,9.1239387,0.9944382440504049,0.991203109192994,0.9944382440504049,0.7630954673693023
301811634,39.2448363,9.1251729,0.9940276928915373,0.9905003401751122,0.9940276928915373,0.7635819662140567
301811635,39.2450355,9.1257269,0.9933424348350259,0.9893434082344108,0.9933424348350259,0.7628914372930402
301811636,39.2452893,9.1265641,0.9927681986054943,0.9876675339650121,0.9927681986054943,0.7614495737392741
301811637,39.2454523,9.1272441,0.9980123617337529,0.9867642459619886,0.9980123617337529,0.7723441251461369
301811641,39.2373688,9.1247952,0.9975748883817387,0.9914079928960878,0.9975748883817387,0.7855541462402785
301811642,39.2385873,9.125298,0.9958793724718165,0.9926502566850609,0.9958793724718165,0.7840323275010501
301811643,39.2386216,9.1253119,0.9958699446253658,0.9926709109738266,0.9958699446253658,0.7840285548977146
301811644,39.2395169,9.1255975,0.9953891093513775,0.9939403485594608,0.9953891093513775,0.7833833567078894
301811645,39.2399364,9.1256911,0.9946329664200848,0.9938018578778159,0.9946329664200848,0.7826218516788548
301811689,39.2402947,9.1257687,0.9939185810732654,0.9934799414358881,0.9939185810732654,0.7816348850585548
301811691,39.2410177,9.1259766,0.9934742222432746,0.9930283147020071,0.9934742222432746,0.7814474873851189
301811694,39.2414,9.1262254,0.9934859524526364,0.9911272362695521,0.9934859524526364,0.7784443304271458
301811696,39.2420166,9.1266628,0.994306210535781,0.9814583002229958,0.994306210535781,0.7672313527840268
301811698,39.242416,9.1269339,0.9952782691223324,0.9810351788776532,0.9952782691223324,0.767923572133272
301811701,39.2437599,9.1278774,0.9973161798728337,0.9849752820256247,0.9973161798728337,0.7685374566998919
301811703,39.2446849,9.1282828,0.9983495295415635,0.9862220181378863,0.9983495295415635,0.7704218505550711
301811704,39.2453307,9.128718,0.9988410297697247,0.986272331411043,0.9988410297697247,0.7721523646079217
302743015,39.2210276,9.1353165,0.9981100075677537,0.9966106769367181,0.9981100075677537,0.7920118199267763
302743018,39.222567,9.1369934,0.9989283581485058,0.9971373744948063,0.9989283581485058,0.786571789618292
302743020,39.2231529,9.1380942,0.9982327059158183,0.995815307671916,0.9982327059158183,0.7825015089031704
302743027,39.224279,9.1350176,0.9992691211417704,0.9980628587779485,0.9992691211417704,0.7876351010356824
302743029,39.2259189,9.1338855,0.9986000237502894,0.9982391350667928,0.9986000237502894,0.7874587666807561
302743031,39.2254488,9.1356802,0.9974187603734568,0.9967366402957302,0.9974187603734568,0.7810302156756128
302743032,39.225546,9.1365446,0.9956106706310685,0.9954887747372809,0.9956106706310685,0.7778820635675148
302743034,39.2256373,9.1372283,0.9942799659435886,0.9942799320110008,0.9942799659435886,0.7750155398359153
302743037,39.2262208,9.1354465,0.9973374266642421,0.9974128317698246,0.9972243190058682,0.7843336132409422
302743045,39.2261141,9.1363937,0.9941945518900501,0.9941970566060618,0.9941907948160327,0.7748313937020915
302743046,39.224945,9.1366204,0.9941430675475974,0.9941470833234244,0.9941370438838568,0.7747208372539935
302743050,39.2232639,9.1348489,0.9989216499808942,0.9962606013664271,0.9989216499808942,0.78806107850288
302743052,39.2226705,9.1350764,0.999305939438026,0.9972756142698822,0.999305939438026,0.7903361244825275
302743068,39.2266205,9.135306,0.9968191964387297,0.9970384486019412,0.9964903181939124,0.7830035608437179
302743069,39.2274395,9.1350657,0.9955788956973443,0.9960463053555285,0.9948777812100679,0.7805919822519013
302743070,39.2278407,9.1346482,0.9945964639691187,0.9951945498741925,0.993699335111508,0.7785562931632746
302743071,39.2282322,9.1342705,0.9935055445441744,0.9942910650411267,0.9923272637987458,0.7762842245317786
302743072,39.2286317,9.1338352,0.9925739122698959,0.9932280893244769,0.9915926466880244,0.7736231017517854
302743073,39.2293294,9.1347845,0.994094163684321,0.9948393099327291,0.992976444311709,0.7752117811757282
302743074,39.2289742,9.1352434,0.9934663812866212,0.9947092193531819,0.9916021241867803,0.773671481593931
302742443,39.2086117,9.1329013,0.9990934539666072,0.9990076340603214,0.9990934539666072,0.7856620570418136
302742444,39.2081475,9.1334922,0.9990926711039366,0.9990815297027537,0.9990926711039366,0.7838954257663754
302742445,39.2075549,9.1341477,0.9992479797713724,0.9993249753304815,0.9991324864327088,0.7811570898304288
302742446,39.2138348,9.1284708,0.9988624360444881,0.9977484236731018,0.9988624360444881,0.7941320164220433
302742447,39.2137882,9.1288258,0.997939846707832,0.9966396783682614,0.997939846707832,0.7938073971570678
302742450,39.2208873,9.13079,0.9994554983099816,0.9984364060279434,0.9994554983099816,0.7968036285233989
302742451,39.2208718,9.1313399,0.999229889959171,0.9978993750952545,0.999229889959171,0.7965452951911441
302742454,39.221479,9.1324135,0.9981886228348115,0.9966409242600578,0.9981886228348115,0.7959450321144385
302742457,39.2217878,9.1328433,0.9967661707136052,0.9947153591817717,0.9967661707136052,0.7950377017874574
302742459,39.2221014,9.1332584,0.995843620124731,0.9935694149296427,0.995843620124731,0.7944781836108404
302742461,39.2214738,9.1313693,0.9978610223678964,0.99602741568438,0.9978610223678964,0.7956720745081931
302742464,39.2221726,9.1303404,0.9991759715758907,0.9984818784653223,0.9991759715758907,0.796661071249497
302742466,39.2221536,9.1313826,0.9982736563155608,0.9971256986572912,0.9982736563155608,0.7958606487794584
302742468,39.2222593,9.1314956,0.9984212969989917,0.9974522617216316,0.9984212969989917,0.7959133924377653
302742470,39.2225564,9.1319281,0.9978747123893331,0.9966813762461981,0.9978747123893331,0.7955809271113774
302742471,39.2228059,9.1322696,0.9972537492952817,0.995858104697566,0.9972537492952817,0.7952070423356954
302742475,39.2211413,9.1328133,0.9975111368406925,0.9956777802572025,0.9975111368406925,0.7955081165455418
302742477,39.2204593,9.1321416,0.9957937941354792,0.9933995328422249,0.9957937941354792,0.7944375494098872
302742479,39.2208298,9.133218,0.9967425931621285,0.9946788198138058,0.9967425931621285,0.7950327245533927
302742889,39.2127471,9.1281904,0.9987825111022862,0.9972865109174915,0.9987825111022862,0.7924327452170804
291585173,39.1984338,9.1434803,0.9952802695889628,0.9926955927095982,0.9952802695889628,0.6949988344641962
291585174,39.1983901,9.1436427,0.9951542485926511,0.992839721096749,0.9951542485926511,0.6956921809653894
291585177,39.1986818,9.1434501,0.9956225368020347,0.992339268009453,0.9956225368020347,0.6936281166571061
291585264,39.1984865,9.1438407,0.9951807028729961,0.9928123078788552,0.9951807028729961,0.6969923786697456
291585356,39.1937099,9.0593134,0.5398446937663177,0.8997411562771962,0.0,0.0
291585359,39.2226536,9.0570428,0.3900202186873077,0.6500336978121795,0.0,0.0
291585364,39.2124102,9.114381,0.9992783068620289,0.9998886892518761,0.9983627332772581,0.799330389246763
291585367,39.2035828,9.128644,0.9712898043919662,0.9893033450923887,0.9442694933413326,0.6863659102162519
291585368,39.2025624,9.1305152,0.9661489833723689,0.9748537423822412,0.9530918448575604,0.6496676371946034
291585531,39.1677057,9.0333197,0.5398446937663177,0.8997411562771962,0.0,0.0
291719654,39.2161269,9.1097041,0.9993243017008616,0.9999971340481445,0.9983150531799373,0.7995639309222253
291719655,39.2168847,9.108506,0.9995701670927978,0.9999934525801285,0.9989352388618018,0.7995798857577472
291927171,39.2222841,9.0819136,0.5398446937663177,0.8997411562771962,0.0,0.0
291927208,39.2260146,9.0688677,0.3460021166335397,0.5766701943892328,0.0,0.0
291927212,39.2150086,9.0892804,0.5398446937663177,0.8997411562771962,0.0,0.0
291927274,39.2263743,9.0725273,0.3508068575175309,0.5846780958625515,0.0,0.0
291927286,39.2158059,9.0549816,0.5398446937663177,0.8997411562771962,0.0,0.0
291927343,39.2222729,9.0561955,0.34987597151308175,0.5831266191884696,0.0,0.0
291927360,39.218199,9.0541715,0.5398446937663177,0.8997411562771962,0.0,0.0
291927473,39.2211747,9.0969283,0.9291321250030433,0.9304539908482883,0.9271493262351759,0.6623700635719215
31498899,39.2601203,9.1018122,0.6643503240852777,0.6369231914980633,0.6643503240852777,0.41192754365369116
31498915,39.2615302,9.0898185,0.7972826140640259,0.7645490099828182,0.7972826140640259,0.499115140785067
31498927,39.2594743,9.084083,0.8648227808116612,0.830089409164874,0.8648227808116612,0.552293452206232
86103292,39.2112981,9.1040352,0.9855708290486711,0.9872452881907986,0.9830591403354798,0.7778391230876538
259877016,39.2075255,9.1242555,0.9966521555023691,0.998258011201974,0.9942433719529616,0.7788888582374823
265659800,39.2156971,9.1711803,0.9147006227353962,0.9631656743118994,0.8420030453706414,0.3774529024335897
265659808,39.2154775,9.1703205,0.9326043270855978,0.9711180634550468,0.8748337225314243,0.40461923862839017
265659831,39.2152131,9.1705792,0.9284317875159913,0.9704126764407948,0.8654604541287862,0.3934590616040762
265659839,39.2153738,9.1711811,0.9281597304938655,0.9706906554135079,0.864363343114402,0.39578713851817976
265659926,39.1947553,9.1571858,0.9930101021611227,0.9975651696162561,0.9861775009784226,0.5994633939550351
265659937,39.1958712,9.1523306,0.990471132607092,0.9912783832508314,0.9892602566414829,0.6415189137183973
265659939,39.198839,9.1469441,0.9916262501431218,0.9898558806102056,0.9916262501431218,0.6883687960368045
265659941,39.2016068,9.141998,0.9977298308464129,0.9948882759295431,0.9977298308464129,0.7309475167619573
265659944,39.2036548,9.1400932,0.9965655195719988,0.9952539819471186,0.9965655195719988,0.7476700289947416
265659946,39.2046783,9.1385891,0.9984187043870575,0.9969676214412582,0.9984187043870575,0.7592614011224748
265659953,39.2052586,9.1328651,0.9977919985520188,0.9984344571468245,0.9968283106598104,0.7617850664841769
265659960,39.2054519,9.1309992,0.9977667855354322,0.9990403298029592,0.9958564691341416,0.7677322027665873
265664433,39.2096379,9.1230532,0.9990826946652461,0.9995560065602965,0.9983727268226706,0.7886037817184017
265669519,39.2156489,9.1091734,0.9996894906917391,0.999982580543813,0.9992498559136284,0.7996913202426977
265669552,39.2201679,9.10366,0.9997591636845433,0.9999752419762746,0.9994350462469463,0.7962914779663329
302742228,39.2285154,9.1263456,0.9998089661606141,0.9995188981031506,0.9998089661606141,0.7918611611968912
302742229,39.228512,9.127821,0.9998586434656619,0.9995691547289376,0.9998586434656619,0.7911267264255294
302742230,39.2304003,9.1217807,0.9997684129791413,0.9999352599577679,0.9995181425112015,0.7845244365948562
302742231,39.2310446,9.122263,0.9997645868054553,0.9999453195182101,0.9994934877363231,0.7867961490945485
302742232,39.2316842,9.1227967,0.9996036311024298,0.9998372241089754,0.9992532415926113,0.7857235129037873
302742233,39.2320988,9.1231731,0.9995250394513066,0.9997054613846937,0.9992544065512259,0.7855302006192585
302742234,39.2327514,9.123766,0.9993048940686069,0.9994359752244,0.9991082723349174,0.786429810485799
302742235,39.2332124,9.124206,0.9988892696401085,0.9990161032904369,0.9986990191646159,0.7855837146798555
302742236,39.2339021,9.1247681,0.9984031678416317,0.998755465854605,0.9978747208221719,0.7856552057011893
302742237,39.2317608,9.1282217,0.9992405681082697,0.9995123023110306,0.9988329668041283,0.7896287353508293
302742239,39.2331489,9.1261387,0.9980753321455842,0.9987633996942614,0.9970432308225683,0.7855392723800314
302742240,39.2342303,9.1241033,0.9975981451281754,0.9979426018468488,0.9970814600501652,0.7857456848973672
302742241,39.2341882,9.1267055,0.9963723487999588,0.9974897754104637,0.9946962088842015,0.7850647435236503
302742244,39.2340599,9.1280073,0.9958039867026767,0.9968057256199099,0.9943013783268267,0.7854512297316096
302742246,39.2333717,9.1276701,0.9966729267677992,0.9973270647809027,0.995691719748144,0.7861886309307032
302742247,39.2326744,9.1272846,0.9962818565128875,0.9971118704758344,0.995036835568467,0.7856354279790416
302742248,39.232926,9.1289072,0.9983905298409275,0.9987623443860487,0.9978328080232457,0.7884879128618443
302742249,39.2350055,9.1248767,0.995512278227459,0.9962421874877123,0.994417414337079,0.7843471285173649
302742250,39.2346306,9.125728,0.9968419371901983,0.9975385916213664,0.9957969555434462,0.7861104577047758
302742251,39.2337047,9.1251381,0.9983251077504824,0.9988287663198898,0.9975696198963713,0.7855916337729104
301802541,39.2126608,9.1191813,0.9998352750141442,0.9999550622048077,0.9996555942281488,0.7951175375775684
301802545,39.2116998,9.1202564,0.9997215896490305,0.9997413823137934,0.9996919006518862,0.792617598444946
301802551,39.210899,9.1199113,0.999815188125693,0.9999923856645585,0.9995493918173948,0.7954184115970664
301802557,39.2135178,9.119291,0.999902774717982,0.9999851252513193,0.999779248917976,0.7977444433139524
301802559,39.2134824,9.1192487,0.999899898908816,0.9999795022191299,0.9997804939433452,0.7973600454562612
301802561,39.2133366,9.1192806,0.9999060608473826,0.9999818923398083,0.9997923136087441,0.7972652246442448
301802563,39.2133105,9.1193953,0.9999138476573135,0.9999846778758763,0.9998076023294692,0.797247980102014
301802572,39.2142317,9.1186959,0.9998231517281759,0.9999541324693877,0.9996266806163582,0.7983643408527005
301802648,39.2148483,9.1177762,0.9995717029789285,0.9999899868109278,0.9989442772309295,0.7991679832535808
301802664,39.2153186,9.1174533,0.9994542516961289,0.9999940006866612,0.9986446282103304,0.7988844818672657
301802688,39.2154426,9.1185254,0.999585045188303,0.9999778031617171,0.9989959082281819,0.7967691364948967
301802689,39.2158787,9.1188836,0.9996918851842631,0.9999944592676513,0.9992380240591808,0.7968627408847052
301802692,39.2157823,9.1196718,0.9998211337952563,0.9999978078289536,0.9995561227447102,0.7950162012326577
301802693,39.2151818,9.1193046,0.9995099741414011,0.9999442820543475,0.9988585122719814,0.7953380859557413
301802694,39.2158036,9.1194748,0.9997988459049493,0.999996322585062,0.9995026308847802,0.7955904513180261
301802695,39.2170894,9.1202233,0.9997728537785578,0.9999801459588331,0.999461915508145,0.792182638066136
301802698,39.21749,9.1204915,0.9996852368543534,0.9999161647937356,0.9993388449452801,0.7910600540816558
301802700,39.2185075,9.1234782,0.999743268778148,0.9997999019520587,0.9996583190172821,0.7929155464460731
301806532,39.2195613,9.1219286,0.9994075109139317,0.9999148007039643,0.9986465762288826,0.7849347114793683
301806579,39.2200908,9.1218079,0.9994144198262588,0.9999019495553376,0.9986831252326405,0.7873565013001107
265669562,39.2301165,9.0986985,0.9972358857470184,0.9991416518958219,0.994377236523813,0.7713094302681482
265669576,39.232134,9.0978177,0.9961947679107225,0.9977359338560148,0.9938830189927841,0.7761468832286238
265669580,39.2346255,9.097202,0.9963254567330095,0.9978581139477447,0.9940264709109067,0.7792747959504387
265669583,39.2371324,9.0969043,0.9967618087376297,0.9986531515816207,0.993924794471643,0.7815816120649942
265669585,39.2412221,9.0967511,0.9969782545710278,0.9971032066559307,0.9967908264436736,0.772321540149533
291582984,39.165266,9.0313096,0.5398446937663177,0.8997411562771962,0.0,0.0
291583004,39.1680752,9.0334175,0.5398446937663177,0.8997411562771962,0.0,0.0
291583314,39.1682594,9.0335399,0.5398446937663177,0.8997411562771962,0.0,0.0
291584377,39.1690289,9.0344928,0.5398446937663177,0.8997411562771962,0.0,0.0
291584386,39.1920551,9.058191,0.5398446937663177,0.8997411562771962,0.0,0.0
291584452,39.2153315,9.10046,0.9890533644043037,0.989871346419345,0.9878263913817416,0.7807935108415576
291584456,39.2140516,9.1048379,0.9975193035405276,0.9984158305107143,0.9961745130852476,0.7942949835185439
291584458,39.2137743,9.1072364,0.9988274084853301,0.9997028307451556,0.9975142750955918,0.7978447700472698
291584837,39.2208413,9.083562,0.5398446937663177,0.8997411562771962,0.0,0.0
291584842,39.2147692,9.0897919,0.5398446937663177,0.8997411562771962,0.0,0.0
291584854,39.2132147,9.1129139,0.9997889413091456,0.9999871508143894,0.9994916270512801,0.7998856305442547
291584856,39.2120209,9.115664,0.9976129234427857,0.9988738119941509,0.995721590615738,0.7955092644301752
291585117,39.1974438,9.1348979,0.9902873967524262,0.966987350745722,0.9902873967524262,0.6502063655204133
291585124,39.1985886,9.1438649,0.9953679280831805,0.9928259354849811,0.9953679280831805,0.6978280881264195
291585166,39.2060768,9.1247436,0.9880366440113915,0.9991341200568133,0.9713904299432586,0.7461572223987991
302742127,39.2233728,9.1181436,0.9974323383800784,0.9988813316285909,0.9952588485073096,0.7842428072268633
302742136,39.2277006,9.1164282,0.996473516916056,0.9991299505395896,0.9924888664807556,0.7744415664554807
302742137,39.2274518,9.1169271,0.9972730629966717,0.9992406584352918,0.9943216698387418,0.7734597690988779
302742138,39.2297808,9.1145608,0.9956059889259533,0.9993387531988019,0.9900068425166803,0.7764171255995804
302742139,39.2291392,9.1155184,0.9953540668199766,0.999097526499097,0.9897388773012962,0.7720483409364799
302742140,39.2284677,9.1165227,0.9972564641581525,0.9994035915402055,0.9940357730850731,0.7701154554658057
302742141,39.230849,9.1157522,0.9970253089096976,0.9992336211127872,0.9937128406050632,0.778525647113333
302742142,39.2302056,9.1167008,0.9966982133165291,0.9991807343619443,0.9929744317484062,0.7662391381337424
302742145,39.2280772,9.111633,0.991495067522769,0.9932117163360421,0.9889200943028591,0.7912439079710563
302742151,39.2247381,9.1194701,0.9989155260333502,0.9996227527073596,0.9978546860223361,0.7789399166450423
302742153,39.2231951,9.1196404,0.9976010271630884,0.9994101858142144,0.9948872891863996,0.776553220572811
302742154,39.2225209,9.1195222,0.9977871736655214,0.9996740084325924,0.994956921514915,0.778581629185414
302742156,39.2217271,9.1191866,0.9983677416982327,0.9998325050183813,0.9961705967180098,0.782420300703242
302742158,39.2217572,9.1187867,0.9976632387342372,0.9992407792610035,0.9952969279440878,0.7803370379340295
302742163,39.2245845,9.1189053,0.9983797926157127,0.9995060689096887,0.9966903781747488,0.7727679029776776
302742164,39.2240826,9.1193243,0.999060525778155,0.9996363652906859,0.9981967665093585,0.780677141581815
302742166,39.2218681,9.1196768,0.9987303892984685,0.9998003115351192,0.9971255059434925,0.779521641880559
302742169,39.2237986,9.1203462,0.999264094113773,0.9995207900640212,0.9988790501884008,0.7835698678661379
302742171,39.221339,9.1202339,0.9991234315549387,0.9998134811582078,0.9980883571500349,0.7822803051167493
302742177,39.2196824,9.1213136,0.998196422393071,0.9997315686237909,0.9958937030469913,0.780921050837548
302742179,39.2200015,9.1200121,0.9984028909099947,0.9998461640846757,0.9962379811479731,0.7826537847529368
302742180,39.2197577,9.1209159,0.9980950157822099,0.999734244646906,0.995636172485166,0.7809315557882253
302742181,39.2187756,9.1195941,0.9991554713005697,0.9999277473448167,0.9979970572341993,0.7866615433842048
302742185,39.2180256,9.1194654,0.9996027396332364,0.9999824059555196,0.9990332401498118,0.7921225247865668
302742192,39.218376,9.1188123,0.9995126610886229,0.9999743056316492,0.9988201942740833,0.7923372108245377
302742193,39.2180074,9.1187274,0.9994719540141462,0.9999725075836822,0.9987211236598423,0.7933184230919734
302742195,39.2170277,9.118216,0.8542979104215379,0.9682543636219321,0.6833632306209467,0.0
302742201,39.2179597,9.1190956,0.9994866741472195,0.9999897038037077,0.9987321296624873,0.7929772540689939
302742208,39.2273308,9.1226711,0.9991081852503194,0.999165868528358,0.9990216603332617,0.7786689988443815
302742211,39.2269359,9.1210109,0.9990074113400994,0.9991925696664159,0.9987296738506247,0.7789084818599099
302742216,39.2278558,9.1208045,0.999499737371836,0.9996984553240031,0.999201660443585,0.7813108567196074
302742217,39.2281908,9.1214638,0.999498316771081,0.999660620442944,0.9992548612632864,0.781890940296026
302742218,39.2283182,9.1216988,0.999683517333088,0.99982668603287,0.999468764283415,0.7834585808454225
302742219,39.2286223,9.1222206,0.999671600886072,0.9998056993943957,0.9994704531235864,0.7831772830160308
302742220,39.2286594,9.1208116,0.999516995382434,0.9997832211549106,0.999117656723719,0.7814518629870619
302742222,39.2297778,9.1217571,0.9997078576448809,0.9998915034963404,0.9994323888676916,0.7830531013085337
302742223,39.2297589,9.1228788,0.9998116863986813,0.9999726000370538,0.9995703159411228,0.7848111974889793
302742224,39.2297296,9.1242367,0.9998006270151615,0.9999440687856594,0.9995854643594144,0.7870754260792012
302742225,39.2295547,9.1242165,0.9997810948712041,0.9999284297141552,0.9995600926067775,0.7875314008034071
302742226,39.2286341,9.1217106,0.9996888902092415,0.9998737198595992,0.999411645733705,0.7822738410843364
302742412,39.2171698,9.1303435,0.9993572966498285,0.9987831617688835,0.9993572966498285,0.7966083047086601
302742413,39.2196377,9.1301139,0.9997887109966358,0.998316924779722,0.9997887109966358,0.7969770267148
302742414,39.2200998,9.1313015,0.9996791515026803,0.9981083552489928,0.9996791515026803,0.796802526570488
302742416,39.2204799,9.1330835,0.9988837979209423,0.9974286996101586,0.9988837979209423,0.7953073524812787
302742417,39.2206426,9.1334311,0.9985955481982765,0.9974681096568502,0.9985955481982765,0.7948971705265694
302742418,39.2211204,9.1339095,0.9988354008194378,0.9970828809648592,0.9988354008194378,0.793967611670849
302742419,39.2220629,9.1346085,0.9993140283485628,0.9972139925219106,0.9993140283485628,0.7920041844062845
302742420,39.2226227,9.1350386,0.9993113578477308,0.9972690057720824,0.9993113578477308,0.7904562951957836
302742424,39.2186257,9.1295291,0.9998223042079085,0.9987735832309654,0.9998223042079085,0.7970248394482253
302742425,39.2185833,9.1304009,0.999628743273247,0.9985111555345085,0.999628743273247,0.7971118231366794
302742426,39.2157507,9.1294037,0.9989929564606409,0.998379799903036,0.9989929564606409,0.7964472709694446
302742427,39.2156109,9.1293976,0.9988829354381351,0.9982961075407004,0.9988829354381351,0.7963233224536463
302742428,39.2143879,9.1293443,0.9984198234483045,0.9969823329674765,0.9984198234483045,0.7956677872802635
302742429,39.21572,9.1302724,0.9983193126764321,0.9983436507953996,0.998282805497981,0.7961396898667201
302742430,39.2155907,9.1302666,0.9981344155597704,0.9982438393807568,0.997970279828291,0.7960971954201362
302742432,39.2137483,9.1301723,0.9977390924408459,0.9962426686781908,0.9977390924408459,0.7949464031714624
302742434,39.2128853,9.1297687,0.9985622787923978,0.9970676817457286,0.9985622787923978,0.7949081638962766
302742435,39.2125947,9.1300803,0.9988545413187165,0.997364038848899,0.9988545413187165,0.7952214706374862
302742437,39.2107464,9.1316037,0.9989317545941235,0.9985023654042644,0.9989317545941235,0.7918729172967263
302742438,39.210481,9.1317996,0.9989269269390341,0.9987060401010315,0.9989269269390341,0.7912356664629738
302742949,39.2193079,9.1322462,0.9990831648055201,0.9978363584713438,0.9990831648055201,0.7960136028775637
302742950,39.2188395,9.1328084,0.9984802641649856,0.9976210096045509,0.9984802641649856,0.7956151468753346
302742962,39.2177753,9.13607,0.9930974950921505,0.9912309844067921,0.9930974950921505,0.7895296651895544
302742984,39.2091453,9.1350254,0.9990677515340792,0.9987015986935556,0.9990677515340792,0.7821223781495437
302742985,39.2174159,9.1309253,0.998655207303191,0.9975286912738169,0.998655207303191,0.7960212386486618
302742987,39.2181128,9.1318396,0.9982484824717821,0.9966151775480497,0.9982484824717821,0.7950121696391009
302742988,39.2194146,9.1338086,0.9971858375105536,0.9969964740140749,0.9971858375105536,0.7940269687716055
302742989,39.2155033,9.1308367,0.9978189635031481,0.998093992472836,0.9974064200486162,0.7953247237775957
302742990,39.2201012,9.1333498,0.9984328891654937,0.997252204912868,0.9984328891654937,0.7949039083043131
302742991,39.2185797,9.1312588,0.9990031373683874,0.9975832917835956,0.9990031373683874,0.7956941862554525
302743001,39.2228403,9.136084,0.9987688920648341,0.9973606049520688,0.9987688920648341,0.7848748654920735
302743002,39.2233293,9.136495,0.9989110188204661,0.997841608535932,0.9989110188204661,0.7857908245043875
302743003,39.2213962,9.1355787,0.9988063577995534,0.9965430753778048,0.9988063577995534,0.7910007411505617
302743004,39.22176,9.1343805,0.999232196384447,0.9969402072312213,0.999232196384447,0.7926743008742725
302743005,39.2210996,9.1353377,0.9980815018702448,0.9965591230261226,0.9980815018702448,0.7917855112607339
302743006,39.2215011,9.1356727,0.9987457022543152,0.9964251240216309,0.9987457022543152,0.7906192733508318
302743008,39.221286,9.1376843,0.9965598787037776,0.9939728663227945,0.9965598787037776,0.7857874184278777
302743009,39.2207533,9.1376037,0.99579191529146,0.9939996179555955,0.99579191529146,0.7867823692055608
302743010,39.2219521,9.1361893,0.9985787886753708,0.9960530008752463,0.9985787886753708,0.7889232985784591
302743012,39.2224397,9.1368538,0.9984455375166663,0.9956713164905601,0.9984455375166663,0.7866993369075218
292347849,39.2131427,9.1207967,0.9997791696425179,0.999873462051745,0.9996377310286774,0.7955978969078041
292347860,39.2134341,9.1195263,0.999907072243909,0.9999826065077458,0.9997937708481537,0.7974542128368686
293617675,39.2504938,9.1331712,0.9985421243974404,0.9755327736270282,0.9985421243974404,0.7397157852463817
293617678,39.2495894,9.1321311,0.9989822191527549,0.9792991913675316,0.9989822191527549,0.745422706863541
293850113,39.2699424,9.0846114,0.0,0.0,0.0,0.0
293851481,39.2592585,9.0930055,0.8979772892850794,0.8837536363834965,0.8979772892850794,0.5940744513084749
293851621,39.2585708,9.0836591,0.0,0.0,0.0,0.0
293851647,39.2377311,9.0913093,0.0,0.0,0.0,0.0
293851888,39.2620019,9.0874941,0.8535576179833306,0.8306454552986587,0.8535576179833306,0.5486404469484527
293870215,39.2590341,9.0839892,0.8819877553841021,0.8470699030179394,0.8819877553841021,0.5661629449176496
293876279,39.2631282,9.0846319,0.0,0.0,0.0,0.0
297411542,39.2335329,9.131676,0.9849603539313715,0.9760891564454122,0.9849603539313715,0.7688677810567813
297411723,39.2357964,9.1264317,0.97898411641775,0.9760329402784002,0.97898411641775,0.7678776915386506
297413078,39.237236,9.1211497,0.995301944826577,0.9789920940116729,0.995301944826577,0.7558543350835334
297413284,39.2316081,9.1355759,0.9861139664459835,0.974985476116574,0.9861139664459835,0.758762811264309
297413692,39.2048987,9.1428533,0.989124914256695,0.9843808539977601,0.989124914256695,0.6942618899211571
297413697,39.2060813,9.1434458,0.9382588106374956,0.9399792020892835,0.9356782234598137,0.6823370029004923
297413711,39.2163578,9.1422974,0.0,0.0,0.0,0.0
297413719,39.2217532,9.1394117,0.9791786433150036,0.9502673067664816,0.9791786433150036,0.7203732374188992
297414208,39.2124039,9.1426493,0.9889068477206389,0.9865771849461902,0.9889068477206389,0.7453883459460034
301802309,39.2146087,9.1147742,0.9994494964045816,0.9999709733600397,0.9986672809713943,0.7994720957578968
301802310,39.2146888,9.1132479,0.9998620769562669,0.9999999998799813,0.9996551925706952,0.7999820208095453
301802311,39.2145064,9.1135387,0.9998716622348988,0.9999999998084829,0.9996791558745226,0.7999806748049102
301802312,39.2142755,9.1138824,0.9998650743997619,0.9999999999568718,0.9996626860640969,0.7999788048405067
301802313,39.2140345,9.1142572,0.9997094248036793,0.9999999866858589,0.99927358198041,0.7997955339796272
301802314,39.2137961,9.1146132,0.9996008964298821,0.9999999885529965,0.9990022582452105,0.7997139705942238
301802322,39.2142881,9.1146553,0.9996266686297988,0.9999764056376571,0.9991020631180112,0.7997109272295062
301802404,39.2130504,9.1150058,0.9996301679428299,0.9999995681024446,0.9990760677034077,0.7996912135466395
301802448,39.2127088,9.1155326,0.9995229383177365,0.9999997302263869,0.9988077504547609,0.7994050327065807
301802456,39.215797,9.1175422,0.9996431751637983,0.9999986182218161,0.9991100105767715,0.7990745509775854
301802463,39.2169394,9.1192957,0.9997374225684699,0.9999945179317007,0.9993517795236238,0.7950328770313791
301802471,39.2185062,9.1207976,0.9992295444438432,0.9999505937897026,0.998147970425054,0.7850983971316969
301802474,39.2179559,9.1214799,0.9995830714333933,0.999664315522963,0.9994612052990387,0.7883864078317886
301802476,39.2168166,9.120952,0.999725321317909,0.9999085851560081,0.9994504255607604,0.7917524054173676
301802477,39.2157351,9.1204332,0.9998298622724232,0.9999971801640127,0.999578885435039,0.7950669020690387
301802479,39.2149468,9.1200724,0.9998208781603857,0.9999110948700202,0.999685553095934,0.7961599245615141
301802481,39.2143066,9.119821,0.9998831922167742,0.9999475762662526,0.9997866161425567,0.7967551135911318
301802484,39.2181738,9.1209589,0.9993814061441701,0.9998955027755765,0.9986102611970605,0.784542857679928
301802486,39.2176491,9.1222453,0.9999017823061326,0.9999761841521964,0.9997901795370369,0.7909506683077597
301802488,39.2172311,9.1231569,0.999794189130449,0.9998993353230148,0.9996364698416005,0.790222446188233
301806953,39.2205123,9.1273411,0.9997683557806087,0.9992615819866162,0.9997683557806087,0.7966109911866268
301806954,39.2196,9.1260958,0.9995580198259211,0.999573055635855,0.9995354661110203,0.7949263956663809
301806955,39.2195414,9.1257998,0.9996294069924326,0.9996469470584679,0.9996030968933798,0.7950519351739289
301806959,39.2210987,9.1266732,0.9998097861011934,0.9996435350704695,0.9998097861011934,0.7963393276299754
301806960,39.2217315,9.1276142,0.999680437136919,0.999667152516071,0.999680437136919,0.7965743292920346
301806961,39.2224101,9.1268601,0.9999027866484358,0.9999100709585647,0.9998918601832426,0.7963365074702982
301806962,39.2207845,9.128708,0.999014908452305,0.9989201380260041,0.999014908452305,0.796676410649472
301806964,39.220079,9.1278454,0.9996444092999553,0.9987719606267303,0.9996444092999553,0.797004936712216
301806965,39.2194854,9.1284845,0.9993416903313834,0.9980187163086582,0.9993416903313834,0.7965704079404321
301807063,39.216692,9.124891,0.9998777050381102,0.9999428868416778,0.999779932332759,0.7954828436484932
301807073,39.2180378,9.1276183,0.9996413419740644,0.9993303922978749,0.9996413419740644,0.7949851381337725
301807075,39.2190067,9.1290661,0.9998459197341631,0.9982752370000767,0.9998459197341631,0.7946980570283025
301807197,39.2141818,9.1243003,0.9996427232153555,0.9991951641839052,0.9996427232153555,0.7954931653117523
301807201,39.2142982,9.1255232,0.9995988570257607,0.9993653358574663,0.9995988570257607,0.7947044619130385
301807205,39.213739,9.1263278,0.9994612284084301,0.9991995527031281,0.9994612284084301,0.7939435627907941
301807209,39.2133553,9.127131,0.9992310736306604,0.9986714714175352,0.9992310736306604,0.7932655110364975
301807211,39.213107,9.1281584,0.9989854969206987,0.9977524269723511,0.9989854969206987,0.7929924462927226
301807213,39.2130392,9.1283383,0.9990028486966217,0.9976336915328622,0.9990028486966217,0.7931638103050336
301807214,39.21487,9.1256186,0.9995419046639176,0.9995483815229835,0.9995321893753187,0.7945061831693363
301807215,39.2161609,9.1258268,0.9997161278715107,0.9998213508585332,0.9995582933909769,0.7953784679790246
299641717,39.2345363,9.0968406,0.998288827402952,0.9988679201793843,0.9974201882383036,0.7810423030183691
299641725,39.233367,9.096273,0.9966001183687273,0.9968916583158393,0.9961628084480593,0.7703710533230663
299641726,39.2327503,9.0952843,0.0,0.0,0.0,0.0
301801685,39.2152413,9.1111863,0.9998343933466168,0.9999694284235584,0.9996318407312046,0.7999322263787383
301801707,39.2156775,9.1116883,0.9998229905259886,0.9999717084045826,0.9995999137080975,0.7999573520379019
301801739,39.2187051,9.1115553,0.9991346795330799,0.9999999982575308,0.9978367014464036,0.7999389297064323
301801740,39.2186292,9.1117919,0.9991567815278539,0.9999999986414335,0.9978919558574845,0.7999410526487035
301801741,39.21854,9.1120555,0.9991947900298614,0.9999999991521371,0.9979869763464481,0.799942812510849
301801783,39.2184245,9.1124138,0.9993592896313428,0.9999998882113346,0.998398391761355,0.7999289059509267
301801785,39.2182437,9.1130029,0.9994308152955349,0.9999999684498992,0.9985770855639885,0.7999281035427974
301801787,39.2202965,9.1122674,0.9981190681806702,0.9999633654508447,0.9953526222754084,0.7994704560397954
301801795,39.2196807,9.1127251,0.9989057152913308,0.9999996981136031,0.9972647410579222,0.7997743712697263
301801797,39.2197751,9.1042407,0.9997907560923435,0.9999883764521768,0.9994943255525937,0.7970237761678103
301801798,39.2206662,9.1056834,0.9997263791844017,0.9999823676745032,0.9993423964492494,0.7976134981863939
301801799,39.2212335,9.1067036,0.997815183749707,0.9993852003377499,0.9954601588676427,0.7934164466973037
301801802,39.2219339,9.1061875,0.9983296347810494,0.9998226803519525,0.9960900664246947,0.7916681823809197
301801806,39.2203431,9.1074256,0.9985651369515445,0.999946600662961,0.9964929413844196,0.7976024717743615
301801811,39.2194361,9.1090693,0.9992938378449031,0.999999954211884,0.9982346632944318,0.7994601993865675
301801833,39.2195814,9.1072388,0.9996776642942369,0.999967887225095,0.9992423298979498,0.7992371645825994
301801835,39.2188281,9.1084143,0.9996822166278646,0.9999999423050049,0.9992056281121542,0.7997391771036213
301801900,39.2174836,9.1110898,0.9994732114467828,0.9999999999594167,0.9986830286778319,0.7996931209605032
301801901,39.219994,9.1044529,0.9996810640916968,0.9999713214480709,0.9992456780571357,0.7968426791535033
301801903,39.219928,9.1057913,0.9997759204186247,0.9999936826438769,0.9994492770807464,0.7981925096491234
301801906,39.2211676,9.1098727,0.9982766474503155,0.9999045927375811,0.9958347295194171,0.7989922813954192
301801908,39.2201765,9.1102232,0.9988313585532484,0.9999634390148366,0.997133237860866,0.7995888173797296
301801914,39.2184744,9.1114039,0.9992435695930717,0.9999999979674689,0.9981089270314759,0.7999555962378059
301801951,39.2176772,9.1126238,0.9995945567565321,0.9999999985842059,0.9989863940150215,0.7999541234134946
301801980,39.2211526,9.1075903,0.9976362897466661,0.9998813456068018,0.9942687059564626,0.7967146332782375
301801981,39.2208269,9.1081855,0.998248118680075,0.9999360276227208,0.9957162552661064,0.7976107115451246
301801982,39.2210208,9.1091137,0.9984452628693253,0.99995392635525,0.9961822676404384,0.7984947531624004
301801983,39.2200173,9.1094989,0.9988889820861775,0.9999947980422551,0.997230258152061,0.7991312129737715
301801984,39.2178829,9.1074137,0.9997110659319538,0.9999933708655077,0.999287608531623,0.799461378381732
301801988,39.2157189,9.1103787,0.999317504605987,0.9999635580879993,0.9983484243829684,0.7993448990948636
301801992,39.2164366,9.1115267,0.9996805937398499,0.999990901021545,0.9992151328173072,0.7998352732691338
301801994,39.2169107,9.1120935,0.9996724918298239,0.9999944026923282,0.9991896255360673,0.7998377066280596
301801996,39.2167568,9.1139351,0.9995102129789489,0.9999764859201178,0.9988108035671956,0.7997682704309844
301802004,39.2158658,9.1155912,0.9995714079225704,0.9999510414932643,0.9990019575665295,0.7996618972139353
301802006,39.215532,9.1162756,0.9997484318472281,0.9999972829365157,0.9993751552132967,0.7997134424365336
301802082,39.2150588,9.1161974,0.9997419394061262,0.9999928634932611,0.999365553275424,0.799792218587163
301802083,39.2149556,9.116128,0.9996762985516379,0.9999825873589989,0.9992168653405963,0.7996310335348622
302742905,39.208964,9.1280154,0.99669637027825,0.9973384413276177,0.9957332637041983,0.7867391693350971
302742910,39.2119508,9.1296959,0.9975287543183088,0.994316122348903,0.9975287543183088,0.7896655530263148
302742911,39.2193372,9.1304347,0.9994658350846316,0.997984418408693,0.9994658350846316,0.7967701567922599
302742917,39.2136796,9.1303103,0.9977485623929752,0.996472062834596,0.9977485623929752,0.7957826226845974
302742918,39.2155096,9.1304148,0.9981308214809185,0.99829710037598,0.9978814031383262,0.79592370836734
302742919,39.2157149,9.1304148,0.9982846958110977,0.998355796596447,0.9981780446330737,0.7961611749454117
302742923,39.217413,9.1304757,0.9989649520597246,0.9977796733319899,0.9989649520597246,0.7963534784918824
302742925,39.2185789,9.1305196,0.9996218996411945,0.998350084490357,0.9996218996411945,0.7967044603251566
302742927,39.2198142,9.1305026,0.9998350874723939,0.9986047307730077,0.9998350874723939,0.7972358159105932
302742928,39.2155872,9.130415,0.9981866497926734,0.9983304263606497,0.9979709849407088,0.7960495456311932
302742931,39.2153222,9.1311541,0.9973387350272246,0.99768006994416,0.9968267326518213,0.7949595097405605
302742932,39.2147308,9.1319193,0.9958396313919486,0.9962994073451767,0.9951499674621064,0.7933305117814466
302742935,39.2120042,9.1326977,0.9972970870019323,0.9970951422475804,0.9972970870019323,0.7910214347599992
302742938,39.2111242,9.1324703,0.9983135878706968,0.9981795802790066,0.9983135878706968,0.7908525500864614
302742940,39.2121259,9.1305246,0.9989255171978879,0.997618134847319,0.9989255171978879,0.794482172924803
302742941,39.2125103,9.1312968,0.9968163538701528,0.9962224119059473,0.9968163538701528,0.7922703186534268
302742942,39.2128518,9.131937,0.9956679096668878,0.9934941434321496,0.9956679096668878,0.7927759897018902
302742944,39.2136525,9.1318226,0.9962348010759969,0.9951708389740147,0.9962348010759969,0.7939107115995716
302742945,39.2136641,9.1310876,0.9970703994401328,0.9959324854238947,0.9970703994401328,0.7946598965433672
302742948,39.2136836,9.1301697,0.9977084597777947,0.9959892342278276,0.9977084597777947,0.7949246666396562
301806753,39.2183949,9.1238982,0.9997619519875027,0.9997998407755372,0.9997051188054511,0.7937949392108549
301806754,39.2180863,9.1257492,0.9993998293564058,0.9988930498161382,0.9993998293564058,0.795341463273449
301806756,39.2187574,9.1270021,0.9998003838601428,0.9990540819989816,0.9998003838601428,0.7967547366985187
301806757,39.2192618,9.1276938,0.9998857811494853,0.998870107762165,0.9998857811494853,0.7971957698534339
301806758,39.219722,9.1282285,0.9995491893197953,0.9984128627441335,0.9995491893197953,0.7968683664207942
301806759,39.2190334,9.1238674,0.999516571277396,0.9997372957896686,0.999185484508987,0.7904301594548891
301806760,39.2198194,9.1244694,0.9996741033804901,0.9998714653724758,0.9993780603925115,0.7928932543668684
301806761,39.2201292,9.1238047,0.9997828594163839,0.9999561147184931,0.9995229764632201,0.7931243352995151
301806762,39.2202788,9.1235485,0.9994941340049708,0.9999513009431538,0.9988083835976963,0.7883750661141086
301806763,39.2206344,9.1231852,0.999604094923554,0.99990913782281,0.9991465305746698,0.7906870465029469
301806766,39.2211906,9.1233944,0.9995929351786815,0.9996620021144723,0.9994893347749952,0.7917045684483446
301806768,39.2209481,9.1245976,0.999684516050857,0.9998491514254049,0.9994375629890351,0.7912923921985939
301806769,39.2201964,9.1224606,0.9993251004048901,0.999886083000558,0.9984836265113882,0.7884588285598634
301806770,39.2210348,9.1241484,0.9995027343192545,0.9995554596509656,0.9994236463216879,0.7912223312833133
301806829,39.2193911,9.1221572,0.999685021722714,0.9999746384291645,0.9992505966630383,0.7881966760610862
301806833,39.2205886,9.1259454,0.9997709312963454,0.9995980917540399,0.9997709312963454,0.796140206990418
301806837,39.2199662,9.1266439,0.9997687795732646,0.9994268340183559,0.9997687795732646,0.7968751810379446
301806842,39.2195484,9.1271716,0.9998575677000849,0.9989232735186683,0.9998575677000849,0.7970226092409138
301806951,39.221678,9.1288361,0.9995982463735507,0.9996109461652297,0.999579196686032,0.7968878577836171
301806952,39.2211992,9.128227,0.9994092563966824,0.9991066982191628,0.9994092563966824,0.7968026996474733
301802490,39.2169041,9.1238838,0.9996262327865152,0.9997509471978024,0.9994391611695844,0.789702126231183
301802493,39.2186619,9.1229015,0.9997514687332544,0.9998702321411984,0.9995733236213382,0.7915804528622076
301802497,39.2170207,9.1220054,0.9997987780460582,0.9999738899211712,0.9995361102333887,0.7904279701031559
301802499,39.2159492,9.1216045,0.9997830578886282,0.9999888546632792,0.9994743627266516,0.7931315410456415
301802501,39.2167751,9.1229495,0.9997579776020091,0.9998671951315896,0.9995941513076383,0.7914479749852102
301802503,39.216158,9.1229262,0.9996727688052464,0.9998037261139021,0.9994763328422627,0.7923066378573509
301802505,39.2162807,9.1236895,0.9996744759678033,0.9998047378805822,0.9994790830986351,0.7933409985449844
301802507,39.2151604,9.1231154,0.9991498348048878,0.9992953976358293,0.9989314905584756,0.7907760294231074
301802509,39.2142871,9.1232734,0.9988424612316376,0.9990347071929303,0.9985540922896985,0.7927543731867304
301802511,39.2146981,9.1209701,0.9996746499985872,0.9998878469742508,0.9993548545350918,0.7950198556255952
301802513,39.2143921,9.1222536,0.9990051797163052,0.9993938936712912,0.9984221087838263,0.7927476162007351
301802515,39.2148734,9.1188412,0.9996528610865477,0.9998110465309532,0.9994155829199395,0.7957906846493232
301802517,39.2144632,9.1191719,0.9998012122490482,0.9999188769582045,0.9996247151853136,0.796697120919958
301802521,39.2140679,9.1207103,0.99861583543072,0.9985314969126806,0.99861583543072,0.7925819991546965
301802525,39.2133761,9.1234483,0.9995140649737883,0.998670492154674,0.9995140649737883,0.7955149771579557
301802527,39.2132829,9.1218255,0.9996495881338922,0.999695898999703,0.999580121835176,0.7942919671072343
301802531,39.2122178,9.1211918,0.9997005061019664,0.9997621855263357,0.9996079869654124,0.7898883221122074
301802535,39.2114841,9.1211968,0.9998021443448384,0.9999083490893523,0.9996428372280675,0.7913690589517943
301802537,39.210502,9.1211938,0.9997580339105069,0.9999771743005107,0.999429323325501,0.7928012855485783
301802539,39.212356,9.1205148,0.9997924533801712,0.9997825924884978,0.9997924533801712,0.7937790528366468
301807216,39.2147974,9.1265043,0.99947979002948,0.9996244498731287,0.9992628002640069,0.7946451273931853
301807296,39.2142436,9.1276658,0.9991936345958283,0.9984868859175948,0.9991936345958283,0.7950003122622878
301807299,39.2156412,9.1266248,0.9996272462729711,0.9997977139712041,0.9993715447256216,0.7953572891407404
301807300,39.2145428,9.128053,0.9991551964191422,0.998766945259543,0.9991551964191422,0.7954049434424042
301807303,39.2150738,9.1274963,0.9993312278032284,0.9994496616737641,0.9991535769974248,0.7957761835428115
301807306,39.216797,9.1256537,0.9997956165998827,0.9998934276285419,0.9996489000568939,0.7950677233813946
301807307,39.2174001,9.1266052,0.9995882242862939,0.9997072875738111,0.9994096293550182,0.7943363666796033
301807308,39.2173626,9.1274418,0.9995841921668385,0.9995102195737691,0.9995841921668385,0.7956726110135486
301807309,39.2172532,9.1274937,0.9995594691409718,0.9994003533691291,0.9995594691409718,0.7957762994466585
301807313,39.2172473,9.127575,0.9995634859519545,0.9994030461260094,0.9995634859519545,0.7954804948473414
301807314,39.217363,9.127646,0.9995452212329847,0.9994345812548131,0.9995452212329847,0.795455957628634
301807315,39.2174083,9.1275879,0.9995732306679252,0.9994606873860398,0.9995732306679252,0.7955243357302959
301807316,39.2158116,9.1275284,0.999227812406762,0.99932428317501,0.9990831062543899,0.7959818256129454
301807409,39.2156532,9.1275356,0.9991332256007218,0.9992150302682591,0.999010518599416,0.7958059281578334
301807411,39.2157801,9.1273542,0.999295746813765,0.9994269558325961,0.9990989332855184,0.795838192171352
301807414,39.2157887,9.1268886,0.9994104957849215,0.9995868586248684,0.9991459515250012,0.7953274672858976
301807416,39.2161441,9.1262675,0.9994969241443481,0.9996541543103596,0.9992610788953307,0.794536590866366
301807417,39.2171058,9.1261454,0.9996977360720214,0.9998142279649833,0.9995229982325784,0.7949511402176501
301807420,39.2151681,9.1283898,0.9989267058068696,0.9985608331839707,0.9989267058068696,0.7956037082113236
301807421,39.2156316,9.1286003,0.9990751751646861,0.9986144842755629,0.9990751751646861,0.7964641331712443
302742252,39.2354474,9.1261969,0.9950253279282884,0.9958962383672677,0.9937189622698193,0.7858663788316957
302742255,39.235076,9.1271954,0.9946327875170882,0.9960417019871085,0.9925194158120576,0.7852261654245698
302742256,39.2334222,9.1227936,0.9984840483604943,0.9985679707899665,0.9983581647162859,0.7847446003716376
302742257,39.2320073,9.1248761,0.9992706794995081,0.9994742583149243,0.9989653112763837,0.7875577807770451
302742258,39.2316428,9.1251073,0.9992949942347108,0.9994401494758102,0.9990772613730619,0.7880744448624601
302742260,39.2312236,9.1233044,0.9993359465280658,0.9996829854843582,0.9988153880936272,0.7841896964196153
302742261,39.2328841,9.1247358,0.9983516117616011,0.9984704528404876,0.9981733501432714,0.784186449496432
302742262,39.231649,9.1255601,0.9993189315005079,0.9994325538003216,0.9991484980507873,0.7882094025127782
302742264,39.2312712,9.1260665,0.9994444381370235,0.9995200941582147,0.9993309541052368,0.7887655950903042
302742265,39.2301232,9.1267055,0.9997647911035501,0.9998164224268874,0.9996873441185442,0.7916200098396051
302742266,39.2299017,9.1265189,0.9996156498573893,0.9997050806912964,0.9994815036065285,0.7919493219903284
302742270,39.2297192,9.1266304,0.9996361058569051,0.999680626644675,0.9995693246752501,0.7923391978041021
302742274,39.2297562,9.1267109,0.9996464493991319,0.9996945064249241,0.9995743638604437,0.7924294646282519
302742278,39.2299129,9.1266729,0.9995959451056969,0.9996897761126077,0.9994551985953309,0.7921244315455159
302742280,39.2380725,9.130968,0.9941389618141918,0.9937521549198627,0.9941389618141918,0.7871679758875546
302742283,39.2378351,9.1308314,0.9932546500280715,0.9938021168234259,0.9924334498350399,0.7868436544645596
302742294,39.2320984,9.1284553,0.999178816749967,0.9994024545863834,0.9988433599953425,0.7895536372122973
302742299,39.2320683,9.128541,0.9991707825993712,0.9993705884287831,0.9988710738552532,0.7895262003667808
302742308,39.2369302,9.1304118,0.9865632954908609,0.985870038442098,0.9865632954908609,0.779658364468518
302742309,39.2378068,9.1309109,0.9941046027155874,0.9932504633254855,0.9941046027155874,0.7865742217584664
302742355,39.2316316,9.1331813,0.9961835217255565,0.9933069263313842,0.9961835217255565,0.7809897257733525
302742358,39.2298071,9.1296192,0.9996430165111603,0.9988421658265225,0.9996430165111603,0.7906462562132159
302742360,39.231797,9.1291732,0.9989511245969097,0.9990493955550783,0.9988037181596567,0.7888217789133832
302742361,39.2309391,9.1308312,0.999283425835257,0.9978205080227498,0.999283425835257,0.7889297347631192
302742364,39.2327843,9.1311485,0.9980022450907735,0.9961258521337352,0.9980022450907735,0.7859364042730359
302742365,39.2325793,9.1317318,0.9984366368262605,0.9958195774237883,0.9984366368262605,0.7862153699062473
302742367,39.2314334,9.1311253,0.9990493783127581,0.9970675449764396,0.9990493783127581,0.7872765898939014
302742368,39.2356563,9.1331482,0.9972081590338985,0.9896542351391266,0.9972081590338985,0.7818173335716655
302742369,39.2348862,9.1329307,0.9976723903740414,0.9898756842609941,0.9976723903740414,0.7823786674233029
302742372,39.2277217,9.1267263,0.9998151199938488,0.9997269832837076,0.9998151199938488,0.7916756385080955
302742373,39.2275819,9.1266835,0.9997758695844713,0.9995922740870161,0.9997758695844713,0.7912381216574813
302742374,39.2274579,9.1266814,0.9997835878156449,0.9996089364350618,0.9997835878156449,0.7917150130358794
302742375,39.2255851,9.126646,0.9998283182275317,0.9999803149861768,0.999600323089564,0.7947773922040959
302742376,39.224488,9.126595,0.9998009456644205,0.9999466555214522,0.9995823808788729,0.7957977407279379
302742377,39.2255672,9.1270977,0.999843986070791,0.9999881225149991,0.9996277814044786,0.7945155792624465
302742379,39.2230942,9.129331,0.9997013132401289,0.9996047425705128,0.9997013132401289,0.7962163783334085
302742380,39.2227993,9.1298275,0.9993514708820878,0.9988157816586672,0.9993514708820878,0.796352057486102
302742381,39.222511,9.1303537,0.9993174077140434,0.9987224720901428,0.9993174077140434,0.7965653903341039
302742382,39.2246469,9.1304808,0.9996652650883437,0.999761227772407,0.9995213210622489,0.7958130262841422
302742384,39.2225059,9.1287034,0.999754209574378,0.9997467076140816,0.999754209574378,0.7963316103447281
301807425,39.2157787,9.1286154,0.9989966880578884,0.9987614365141919,0.9989966880578884,0.7963606676460898
301807480,39.2172084,9.1286911,0.9996179951258459,0.9991186395258395,0.9996179951258459,0.7962383761836571
301807481,39.2171903,9.1294665,0.9996935865326378,0.9990790103292247,0.9996935865326378,0.7962312788302814
301807531,39.2173141,9.1294719,0.9997255076185435,0.9990237456445809,0.9997255076185435,0.7963171779899155
301807534,39.217331,9.1286908,0.9996249991425903,0.999126846420767,0.9996249991425903,0.7960472505024468
301811538,39.2398093,9.1186023,0.998815224805118,0.9929412075962537,0.998815224805118,0.7705785726042316
301811548,39.2395519,9.1188286,0.9989651430429558,0.9926226111263362,0.9989651430429558,0.7704925619829932
301811552,39.2398435,9.1192492,0.9991796653471741,0.993659661605147,0.9991796653471741,0.7723912016135475
301811558,39.2401457,9.1193725,0.9992679865208679,0.9939866772033885,0.9992679865208679,0.7730129412142602
301811560,39.2446776,9.1246415,0.9947186096024252,0.9916875755395267,0.9947186096024252,0.7647696000608301
301811561,39.2442706,9.1243005,0.995135052527791,0.9917915593738255,0.995135052527791,0.7663666831379694
301811589,39.2438412,9.1239164,0.995855996136647,0.9913868951264165,0.995855996136647,0.7680050238951713
301811594,39.243375,9.1234945,0.9963172728008628,0.9924416194216128,0.9963172728008628,0.7702281558365159
301811598,39.2429182,9.1230215,0.9968717076140653,0.9935936814284348,0.9968717076140653,0.7732484414588386
301811603,39.2423957,9.1224708,0.9975946793805506,0.99368623281715,0.9975946793805506,0.772475928227634
301811606,39.2419236,9.1218265,0.99826557296772,0.994108501902063,0.99826557296772,0.7719581206499051
301811609,39.2414634,9.1212046,0.9987186566498509,0.9943692937122716,0.9987186566498509,0.7733099864473958
301811613,39.2411297,9.1207427,0.9990004149067525,0.9939992757262519,0.9990004149067525,0.7725402900676646
301811615,39.2405745,9.119989,0.9992830858581283,0.9941952494465907,0.9992830858581283,0.7746694281192434
301811627,39.2434971,9.1209867,0.9956491710771155,0.9911981734579655,0.9956491710771155,0.7582327401640606
301802113,39.2136982,9.1155746,0.9994109309435972,0.9999940307585655,0.9985362812211448,0.7994402316013238
301802114,39.2166629,9.1135004,0.9996952466932035,0.9999953030216495,0.9992451622005345,0.7999297599416543
301802150,39.2153943,9.1128347,0.9997988816230305,0.9999999176619793,0.9994973275646075,0.7999694507015221
301802151,39.2150973,9.1125663,0.9998162251953984,0.9999997085111355,0.9995410002217927,0.7999797624718405
301802152,39.214832,9.1122924,0.9998337394160763,0.9999994686830737,0.9995851455155804,0.7999472912239352
301802157,39.2151573,9.1132122,0.9998559586954451,0.9999999999951845,0.999639896745836,0.7999836192047076
301802160,39.2149535,9.113529,0.9998713032678267,0.9999999999867394,0.9996782581894578,0.7999858848021533
301802161,39.2148143,9.113825,0.999875080506,0.9999999999762753,0.999687701300587,0.7999892780911546
301802211,39.2141095,9.1149165,0.9995446185628452,0.9999723190934974,0.9989030677668669,0.7996277766919684
301802212,39.213921,9.1152289,0.9995122725413093,0.999988322221492,0.9987981980210351,0.7995767857159466
301802214,39.2145692,9.1127028,0.9998572865488501,0.9999999999910557,0.9996432163855415,0.7999782373134334
301802215,39.2144153,9.1129821,0.9998643251229611,0.9999999999596707,0.9996608128678967,0.7999801489798227
301802216,39.2142489,9.1132815,0.999864436740554,0.9999999999441186,0.9996610919352071,0.7999774936881684
301802217,39.2140111,9.1136339,0.9998212423710224,0.9999999748082977,0.9995531437151095,0.799917982361954
301802218,39.2137715,9.1139942,0.9997600947984465,0.9999999883177342,0.999400254519515,0.799816352548327
301802219,39.2135177,9.1143479,0.999633429818854,0.9999999784784342,0.9990836068294834,0.7997126913526542
301802220,39.2158634,9.1139037,0.9998698021106905,0.9999999893152268,0.999674521303886,0.7999653054648015
301802251,39.2148621,9.1129609,0.999852945533188,0.9999999999534327,0.9996323639028212,0.7999779835093367
301802255,39.2156302,9.1146345,0.9998787695465455,0.999999922860571,0.9996970395755074,0.7999562197889787
301802259,39.2152256,9.1153675,0.9992131513706174,0.9999246948237598,0.9981458361909039,0.7991655070907013
301806581,39.2207577,9.121638,0.9991955506515742,0.9998063767621509,0.998279311485709,0.7857204633902639
301806583,39.2215729,9.1214581,0.9990863732315575,0.9997477105954126,0.9980943671857748,0.7844529106060767
301806584,39.2220957,9.1215216,0.9996566753905771,0.9998090521170937,0.9994281103008023,0.7889902145201576
301806585,39.222819,9.1215946,0.9997065268226243,0.999771916692771,0.9996084420174043,0.7893017721383465
301806602,39.2232358,9.123248,0.9996098555588155,0.9996478329255098,0.999552889508774,0.7907968625795991
301806603,39.2232161,9.1235931,0.9997566675613475,0.9997973069625108,0.9996957084596025,0.7933914628535896
301806604,39.2232737,9.1243672,0.9997682218991244,0.9998489697802715,0.9996471000774039,0.794406577245007
301806659,39.2233258,9.1250834,0.9998428422904564,0.9999278194513751,0.9997153765490784,0.7953499432570171
301806660,39.2232828,9.1264046,0.9999058329602081,0.9999499407740143,0.9998396712394986,0.7960447376450976
301806661,39.2231738,9.1268736,0.9998907908769787,0.9999421772805486,0.9998137112716239,0.7961333751610152
301806663,39.2221613,9.1282225,0.999811371615532,0.9998136560718677,0.9998079449310284,0.7967380965312496
301806664,39.2224395,9.1235745,0.9998159588862746,0.9996304069945584,0.9998159588862746,0.7925200880654873
301806665,39.2223807,9.1259942,0.9997450085618668,0.9996243529171819,0.9997450085618668,0.7935887117205604
301806666,39.2223949,9.12506,0.999778245036739,0.9997758183224753,0.999778245036739,0.7938432659957773
301806667,39.2218892,9.1225499,0.9995146591250603,0.9994858417888721,0.9995146591250603,0.7903234750789286
301806668,39.2216966,9.1235525,0.9997146719537625,0.9997283672810199,0.9996941289628763,0.7925534494920428
301806669,39.2215378,9.1243058,0.9997947789568575,0.9998056870820038,0.9997784167691383,0.7938531465656992
301806671,39.2203337,9.1250748,0.999792831088836,0.999700543947823,0.999792831088836,0.7953180205610412
301806672,39.219553,9.1250365,0.999823366047502,0.9998444521812436,0.9997917368468896,0.7954043292432891
301806673,39.218106,9.1249958,0.9996246048324,0.9996319274700483,0.9996136208759276,0.7947668853847984
301811709,39.2344545,9.1236227,0.9972074455141283,0.9974027837585374,0.9969144381475148,0.785668970158376
301813601,39.2370426,9.1261497,0.9955845195423874,0.9902950166238224,0.9955845195423874,0.7843063357711441
301813602,39.2368764,9.1268296,0.9923560577848408,0.9919984686045806,0.9923560577848408,0.7865856477545039
301813603,39.2365683,9.127933,0.9915003812120282,0.9924118882512506,0.9901331206531946,0.7858143734337575
301813899,39.2321972,9.1355273,0.9955490692349989,0.9878943847068673,0.9955490692349989,0.771372224121708
301814091,39.2322776,9.1351051,0.9767606741954015,0.9629903770564673,0.9767606741954015,0.7581183340104511
301814100,39.2325566,9.1334161,0.0,0.0,0.0,0.0
301814173,39.2336145,9.1317136,0.9675722195777814,0.9619954606961367,0.9675722195777814,0.7591519276791523
301814334,39.2314839,9.1355844,0.9818379790268349,0.9706645956916431,0.9818379790268349,0.7525409272505019
302124735,39.2285297,9.0935543,0.9841408950524021,0.9820742600520199,0.9841408950524021,0.7342936255815632
302126026,39.2328738,9.0956586,0.0,0.0,0.0,0.0
302126068,39.2328774,9.0955,0.9971332654455742,0.9975770713051099,0.9964675566562707,0.7713858473138647
302126177,39.2348692,9.1009809,0.9997591631296341,0.9999016667155912,0.9995454077506984,0.7898104162353979
302132030,39.2375893,9.1006703,0.9986918159673719,0.999386694702758,0.9976494978642927,0.7913248186323059
302132045,39.2377315,9.1035118,0.9994596424591186,0.9998833253991692,0.9988241180490425,0.7930812034129798
302132074,39.2356622,9.1090611,0.9997419187891362,0.9998742680216121,0.9995433949404223,0.7940864236759917
302132174,39.2337087,9.1117599,0.9993756005873076,0.9999559294337311,0.9985051073176723,0.7911903619655773
302132176,39.2332884,9.1124559,0.9989319334832626,0.9999142269289368,0.9974584933147513,0.7862381897923061
302132178,39.2324834,9.1138361,0.9984737580590285,0.9997390069248488,0.996575884760298,0.7860536591436513
302132184,39.23206,9.1143695,0.9978573484924121,0.9995343325614524,0.9953418723888517,0.7831668149064304
302742385,39.2231848,9.1277682,0.9999279927383716,0.9999438778365404,0.9999041650911186,0.7961108166672207
302742387,39.2213023,9.1293442,0.9994545810538993,0.9993480390876255,0.9994545810538993,0.7970282428966003
302742388,39.2209966,9.1297442,0.9994784727905165,0.9990625375032757,0.9994784727905165,0.7970882301698848
302742389,39.2208998,9.1302655,0.9996610524515369,0.9988321489604816,0.9996610524515369,0.7970958084119664
302742390,39.2204475,9.1291043,0.9987751923347381,0.9976426542953253,0.9987751923347381,0.7963434810672737
302742391,39.220082,9.1295154,0.9981832938983223,0.9967870384342404,0.9981832938983223,0.7957982173548881
302742393,39.2245128,9.1251236,0.9997882358761028,0.9999756957516746,0.9995070460627451,0.7949840131449379
302742394,39.2256025,9.1251766,0.9998561812994673,0.9999784737542619,0.9996727426172756,0.7931372812961142
302742395,39.2281928,9.1283861,0.999164230385112,0.9993249527544927,0.9989231468310411,0.7884410822815194
302742396,39.2278008,9.1290908,0.9990654914078249,0.9992725373368797,0.9987549225142426,0.789795265757427
302742398,39.2255488,9.1278601,0.9998663902345116,0.9999819005640836,0.9996931247401537,0.7946585869220953
302742400,39.2256276,9.1244491,0.9997899157892237,0.9999597521994016,0.9995351611739568,0.7918471902145415
302742402,39.2245254,9.1244122,0.9996626897722426,0.9997862391453546,0.9994773657125745,0.7928016962368984
302742403,39.2247761,9.1226613,0.9996108520579174,0.9997856631377854,0.9993486354381156,0.7882101097351554
302742405,39.2245414,9.1236803,0.999679268414652,0.999841237351346,0.9994363150096112,0.7903600605858183
302742406,39.2250657,9.1237005,0.9996851184033151,0.9999005473355815,0.9993619750049154,0.7905801396990211
302742407,39.2233977,9.1304035,0.9992845098818331,0.9991078468774099,0.9992845098818331,0.7962002754389222
302742408,39.2215214,9.1303034,0.9993404630982586,0.9984814691295157,0.9993404630982586,0.7968735208033745
302742410,39.2197685,9.1303645,0.9998404127129795,0.9986323282368492,0.9998404127129795,0.7972881404092651
302742411,39.2172953,9.1303466,0.9994514261707297,0.9988917058175993,0.9994514261707297,0.7965983134234871
302742089,39.2274875,9.1198659,0.9995121633199172,0.9997786241268978,0.9991124721094463,0.7818936595435527
302742090,39.2266448,9.1201093,0.9987414307380551,0.9991156465507546,0.9981801070190058,0.7777242444912877
302742091,39.2259115,9.1205075,0.9989535546179228,0.9992865268861272,0.9984540962156161,0.7799688801966843
302742094,39.2269655,9.1180052,0.998485501961552,0.9995752626490522,0.9968508609303016,0.7732277681845388
302742096,39.2266607,9.1172342,0.997743247617318,0.9992488851986011,0.9954847912453934,0.7709695600692656
302742099,39.2261211,9.1170761,0.9969360725805436,0.9987990388191712,0.9941416232226022,0.7777235246771894
302742101,39.2309814,9.1137874,0.9951054476767986,0.9992194876311453,0.9889343877452788,0.7754320145648779
302742102,39.2307849,9.1140888,0.9957242713611238,0.9993775094970155,0.9902444141572863,0.7769096183702537
302742103,39.2301825,9.1150081,0.9962478056470426,0.9991603757756082,0.9918789504541942,0.7776513624052653
302742104,39.2295414,9.1159562,0.9968369824722936,0.9994105010365966,0.9929767046258391,0.7701965092269978
302742105,39.2288627,9.1169827,0.9975626984557342,0.9993841482944943,0.9948305236975941,0.7712838807354083
302742106,39.228636,9.1173072,0.9979274348083252,0.9994710334027413,0.9956120369167011,0.7727011891892381
302742110,39.2300242,9.1132097,0.9932385127328326,0.9987407257083896,0.9849851932694972,0.7749282577141138
302742112,39.2303917,9.1136304,0.9933048372331529,0.9987812196265603,0.9850902636430416,0.7732061599926688
302742113,39.2311024,9.1144214,0.9952820840712228,0.9992349172888282,0.9893528342448147,0.7749202543626984
302742115,39.2315581,9.1148922,0.9975592902042855,0.9995694616297647,0.9945440330660666,0.7820376868643457
302742118,39.2292998,9.114037,0.9945357054525115,0.9990279657469211,0.9877973150108971,0.7758141003575689
302742119,39.2286757,9.1150124,0.99488125393194,0.9987351959631123,0.9891003408851815,0.7724599530945723
302742120,39.2280031,9.1160028,0.9965318820007394,0.999228902227634,0.9924863516603973,0.7742385144277838
302742125,39.2240613,9.1177066,0.9963863479260475,0.9981178362845746,0.9937891153882568,0.7828996634395136
291930930,39.2279752,9.0936244,0.9722836848805457,0.9726236385519915,0.9717737543733771,0.7188350432236925
291930970,39.2283175,9.0940211,0.9871782766318798,0.9871827743992537,0.9871715299808191,0.7360680983138335
291931007,39.2289147,9.0946403,0.991768785279408,0.9923033794046306,0.990966894091574,0.729895318945379
291931047,39.2312516,9.0933937,0.9902894301048052,0.990450901068486,0.9900472236592841,0.7218501718711726
291950060,39.2141622,9.1077963,0.9992026094830322,0.9998557725349755,0.9982228649051172,0.7985121128148345
291950065,39.2146732,9.1024962,0.994102989014242,0.9950300465347954,0.9927124027334118,0.7879635909744014
291950099,39.2284441,9.092514,0.977270705033444,0.9707780794297545,0.977270705033444,0.6861277099303535
291950100,39.2281878,9.0926206,0.0,0.0,0.0,0.0
291950111,39.2211399,9.0968257,0.9234290249015363,0.9377404450016719,0.9019618947513329,0.7014466226244542
291950133,39.2160445,9.0997129,0.9857719159505137,0.9866437030999918,0.9844642352262967,0.7767000036972936
291950163,39.2113713,9.1158323,0.9977974971047976,0.9987487122153117,0.9963706744390265,0.794641159202452
292273181,39.2421174,9.1515213,0.0,0.0,0.0,0.0
292274049,39.2251245,9.1293056,0.9998360848810423,0.9999582992106473,0.9996527633866347,0.795608418143622
292274052,39.2285882,9.1320165,0.9989072928619593,0.997949262109625,0.9989072928619593,0.7893843317073368
292274059,39.2331181,9.1365963,0.9955616823736883,0.9854209969211835,0.9955616823736883,0.7653628888187753
292274066,39.2220023,9.1262634,0.9999128801013665,0.9998822119024621,0.9999128801013665,0.7961130065755387
292274069,39.2237323,9.1282727,0.9999239912220019,0.9999544909107135,0.9998782416889346,0.7960275516700996
292274248,39.2228176,9.127364,0.9999231232886509,0.9999450908117532,0.9998901720039972,0.7964925025829858
292347461,39.1684046,9.0330249,0.5398446937663177,0.8997411562771962,0.0,0.0
292347826,39.2111578,9.1159028,0.9984042909939582,0.9992529977875393,0.9971312308035866,0.7949287646172257
302964321,39.2030518,9.1298763,0.9890461270672297,0.996110677354893,0.9784493016357347,0.7434717610814533
302964322,39.2061491,9.1248753,0.9953025517780111,0.9996940909585548,0.9887152430071955,0.7726193233396508
302964332,39.2029455,9.1295159,0.9768067192964681,0.99243860786213,0.9533588864479753,0.6869709543708273
302964333,39.2030852,9.1292704,0.9760309779736688,0.9920980243747177,0.9519304083720954,0.6869529984018183
302964335,39.2041999,9.1282317,0.9940483829989571,0.9987207260201004,0.9870398684672422,0.7561904675844882
302964347,39.2132484,9.1233708,0.999485859315896,0.9987710446116194,0.999485859315896,0.795364652022787
302964348,39.2125802,9.1233558,0.0,0.0,0.0,0.0
302964677,39.2380565,9.1196403,0.995561583001016,0.9755512728163216,0.995561583001016,0.7605830692354097
302964678,39.2391372,9.1190988,0.9922414569136381,0.9758482892946609,0.9922414569136381,0.7497490813128485
302964683,39.2393194,9.1183203,0.9986330834451969,0.993943773401091,0.9986330834451969,0.7715917591247219
302964685,39.2350373,9.112134,0.9995896908435127,0.9999779243540441,0.9990073405777155,0.7905671804188108
302964689,39.2364283,9.1141008,0.9991974992511371,0.9997409797986764,0.9983822784298282,0.7854576192569087
302964690,39.2365833,9.11422,0.999127313056189,0.9997004389950481,0.9982676241479003,0.7849320744356924
302964695,39.2360695,9.111245,0.9996676418496687,0.9999638545546127,0.9992233227922529,0.7911099980086016
302964697,39.2366072,9.1126211,0.9995170543314355,0.9999057637887362,0.9989339901454845,0.7883255824809169
302964698,39.2366398,9.1129837,0.9994328737140998,0.9998723159010624,0.9987737104336559,0.7876398155197798
302964699,39.2365022,9.1133447,0.9993231795376185,0.9998149557281557,0.9985855152518128,0.7867472514370722
302964700,39.2367665,9.1107206,0.9995428567385347,0.999879419240326,0.9990380129858479,0.7897192505746746
302964701,39.2373294,9.1120586,0.998843277314224,0.9990858513620706,0.998479416242454,0.7881734825905898
302964702,39.2372542,9.1104202,0.9994394618757825,0.999794578937807,0.9989067862827457,0.7893777042446715
302743075,39.2282425,9.1361339,0.9924175775678445,0.9934678975618375,0.990842097576855,0.7735078254745755
302743076,39.2268966,9.13688,0.9876177865600442,0.9888565715616854,0.9857596090575823,0.7643004628297418
302743079,39.2284342,9.1359043,0.992157261649882,0.9935932530763824,0.9900032745101317,0.7722028207696114
302743080,39.2285984,9.135695,0.9924180625443685,0.9938155618592776,0.990321813572005,0.7716459968652973
302743084,39.2293533,9.1356929,0.9923888597748776,0.9935218569479527,0.9906893640152648,0.7723158666051049
302743085,39.2303083,9.1354629,0.9908766316624381,0.9916543536152491,0.9897100487332215,0.7686658210177129
302743087,39.2292975,9.1353125,0.9929585838787005,0.9940176805187347,0.9913699389186492,0.7732337170575763
302743396,39.2240482,9.1369807,0.9988205144428911,0.9970115895521753,0.9988205144428911,0.7845727164176949
302743404,39.2254954,9.1380667,0.9974949450557323,0.9919453717330209,0.9974949450557323,0.774370228023756
302743416,39.2238581,9.1390955,0.9967136895637428,0.9896415186850206,0.9967136895637428,0.770000515534734
302743431,39.2241825,9.1378762,0.9967659234665629,0.9895313671273561,0.9967659234665629,0.7688028041483586
302743433,39.2227255,9.1389568,0.9672951079116219,0.9349434189544527,0.9672951079116219,0.6935166625042998
302743440,39.2241534,9.1375333,0.9986056198678434,0.9962114000507396,0.9986056198678434,0.7825746056674098
302743441,39.2237255,9.1387279,0.9962495743675339,0.9881284780773376,0.9962495743675339,0.7681985409905381
302743447,39.2269813,9.1377246,0.0,0.0,0.0,0.0
302743452,39.224931,9.138884,0.9708594779935484,0.940534705485515,0.9708594779935484,0.7003595117254503
302743457,39.2254838,9.1388712,0.9691666894084344,0.9377709278610077,0.9691666894084344,0.6770143615508942
302743545,39.2396151,9.1481143,0.9789207205581177,0.9658169484330752,0.9789207205581177,0.6911654912159921
302743548,39.2409626,9.149275,0.9758636321391541,0.9626888393453915,0.9758636321391541,0.6849585283019796
302964121,39.2144222,9.1433361,0.9783513749091227,0.9784760273072035,0.9781643963120016,0.7434465305059123
302964272,39.2071955,9.1337671,0.9991179330491367,0.9992512862106748,0.9989179033068294,0.7778390233886402
302964273,39.2059081,9.1329599,0.998691103301338,0.9990054803793442,0.9982195376843287,0.7730201016023344
302964274,39.2057569,9.1345442,0.998347265019879,0.9980861016987393,0.998347265019879,0.7695019602604993
302964275,39.2050894,9.13444,0.9981034202409856,0.9981864136715205,0.9979789300951835,0.7653614220390204
302964276,39.2062656,9.1299306,0.9937030996952719,0.9984981217850967,0.9865105665605348,0.7701043585414613
302964278,39.2068216,9.1295646,0.9868375695930154,0.9962797994686311,0.9726742247795919,0.7533693603941388
302964279,39.2067672,9.1300236,0.9882431285389766,0.9967688576646407,0.9754545348504804,0.7560312785388326
302964284,39.2080708,9.1270255,0.996381802040024,0.9983371031705147,0.9934488503442881,0.7866612296603559
302964287,39.2069281,9.1269889,0.9951594020501671,0.9990200678144011,0.989368403403816,0.7815090241902348
302964289,39.2069294,9.1261917,0.9948586619309016,0.9992599950813812,0.9882566622051822,0.7749079598471174
302964290,39.2069277,9.1265384,0.9946946331152432,0.9991573773445456,0.9880005167712896,0.7754630869967543
302964294,39.2080523,9.1279755,0.9966703744776225,0.9983702492990125,0.9941205622455375,0.7855388053998458
302964295,39.2089244,9.1289179,0.9963291720666276,0.9970503663881706,0.9952473805843133,0.7843737739590475
302964296,39.208032,9.1288893,0.9971688594688904,0.9981912692151885,0.9956352448494432,0.7842471947405614
302964301,39.2082534,9.1246705,0.996970617875277,0.9981334456027076,0.9952263762841311,0.7841366225919014
302964305,39.2081015,9.1257385,0.9963165407636063,0.9983106165659814,0.9933254270600437,0.7877601159121902
302964309,39.2088705,9.1270412,0.9961266064099803,0.9974701456382551,0.9941112975675682,0.7873816496194984
302964310,39.2089605,9.1277546,0.9963730148484415,0.9971115799282445,0.9952651672287371,0.7865599289446573
302964314,39.2079934,9.1301133,0.9978621153046429,0.9984376610763102,0.9969987966471419,0.7810007890157398
302964315,39.2095274,9.127434,0.9950517522624968,0.9959598428155275,0.9936896164329507,0.784474493510619
302964703,39.2378078,9.1116882,0.9991992183303434,0.9994204264983725,0.9988674060782997,0.7897683372628723
302964705,39.237987,9.1123149,0.9990895399531854,0.9992838874999783,0.998798018632996,0.7890132823615006
302964706,39.2377915,9.1101269,0.9995417945545214,0.999777736642343,0.9991878814227889,0.792211107405713
302964708,39.2397723,9.1127111,0.9972620342415405,0.997126151592854,0.9972620342415405,0.785900875024458
302964713,39.2378955,9.1134723,0.9985747021111767,0.9990971407932481,0.9977910440880696,0.7840366645247544
302964714,39.2373952,9.1134274,0.9987783453020436,0.9993416325437161,0.9979334144395346,0.7847542873314967
302964715,39.237297,9.1138959,0.9986159728252103,0.9994307980384178,0.9973937350053991,0.7829798309492505
302964718,39.238992,9.1127315,0.9983127052253172,0.9984879968867193,0.9980497677332142,0.7865324662662989
302964719,39.2405038,9.1106834,0.9982806180314471,0.9974776064846455,0.9982806180314471,0.7888254599109868
302964720,39.2388141,9.1121394,0.9982356222246661,0.9983316582268363,0.9980915682214108,0.7866475913223437
302964721,39.2387638,9.1127913,0.9984861328792783,0.9986569225788728,0.9982299483298865,0.7866877993305026
302964722,39.2400566,9.1097897,0.9985673301703643,0.9984149789976767,0.9985673301703643,0.7901401841457072
302964723,39.2387652,9.1108798,0.9990689281417576,0.9993091619681805,0.9987085774021232,0.7908785768287562
302964727,39.2379403,9.1127084,0.9991324308195311,0.9993820047880883,0.9987580698666952,0.7882984400785791
302964730,39.2399721,9.1126037,0.9971978012343888,0.996965825352756,0.9971978012343888,0.786129972628522
302964732,39.2408005,9.111566,0.9976127817544032,0.9965061937061155,0.9976127817544032,0.7869976976057309
302964733,39.240808,9.1113062,0.9978689743129893,0.9967615063864331,0.9978689743129893,0.7875830052073831
302964738,39.2382379,9.1097762,0.9995070250142276,0.999731145434457,0.9991708443838836,0.792367583184292
302964739,39.2386546,9.1094254,0.9994212308623526,0.9996340501921631,0.9991020018676369,0.7925028437937887
302964740,39.239478,9.1086983,0.9990893342728409,0.9992502628597789,0.9988479413924338,0.7919224777226255
304587538,39.2425191,9.1205498,0.9944689701015015,0.9885333857891139,0.9944689701015015,0.7536592365555471
304587540,39.242831,9.1209819,0.9954222385839898,0.9899355728663737,0.9954222385839898,0.7570704435069244
304587544,39.2398792,9.1225731,0.9970439182033449,0.9900448172845921,0.9970439182033449,0.7760330254294633
304587547,39.2402647,9.1229802,0.9959534781332999,0.9916861235661366,0.9959534781332999,0.7780453515637952
304587548,39.2408219,9.1235522,0.9963196291414617,0.9921475193336827,0.9963196291414617,0.7757096218418207
304587550,39.2413368,9.1241177,0.9933071394134072,0.9912824557959422,0.9933071394134072,0.7761744920145601
304587552,39.241859,9.1246609,0.9935301060073559,0.9919917252274785,0.9935301060073559,0.7776855141358063
304587554,39.2423932,9.1252021,0.9926925838247864,0.9877217382547455,0.9926925838247864,0.7656980152374804
304587555,39.2428497,9.125643,0.9898148052215002,0.985213550265935,0.9898148052215002,0.7576021798996414
304587558,39.2432604,9.1260241,0.9903070929006762,0.9864304537226153,0.9903070929006762,0.7581836311073737
304587561,39.2426037,9.1260712,0.9895744163175502,0.9836433718147546,0.9895744163175502,0.7578918892780213
304587568,39.2420388,9.1258189,0.9909123397028576,0.9851813132019397,0.9909123397028576,0.7617283981205119
304587571,39.2440122,9.1256875,0.9915731912414903,0.9879067591088762,0.9915731912414903,0.7576079698014244
304587597,39.2436686,9.1272942,0.9884829093184991,0.9850117153809691,0.9884829093184991,0.7579425086954285
304587598,39.2434766,9.1276726,0.9972434519010405,0.9857242266649902,0.9972434519010405,0.7717956269062973
304587613,39.2425218,9.1168242,0.9988675663814195,0.9804254553232814,0.9988675663814195,0.7582799934872931
304587617,39.2422942,9.1167129,0.9988489957187335,0.9816335581940132,0.9988489957187335,0.7576231419217923
304587624,39.2423332,9.117158,0.9986872364654594,0.9795037247666035,0.9986872364654594,0.7562493717242348
304587634,39.2426174,9.1165252,0.9989551647342534,0.9802202629842887,0.9989551647342534,0.7590084720766233
304587639,39.2418123,9.1171358,0.9990104290370677,0.984645574983951,0.9990104290370677,0.7590648525962596
302964193,39.2086326,9.1394294,0.9973571364209801,0.9950078514777653,0.9973571364209801,0.7524942958616558
302964195,39.2085107,9.1366241,0.9988401776722896,0.9986419618775954,0.9988401776722896,0.7753177595883625
302964205,39.2067528,9.1383874,0.9987913878685135,0.997594846773077,0.9987913878685135,0.7645156689067742
302964206,39.2065855,9.1386446,0.9987477369927787,0.9974594595395351,0.9987477369927787,0.7631128019574293
302964208,39.2065509,9.1410952,0.9954831433731942,0.9915518700648321,0.9954831433731942,0.7411843481486613
302964209,39.2065543,9.1416144,0.9949654608174272,0.9909900682092888,0.9949654608174272,0.7384253598723574
302964210,39.2071393,9.1380652,0.9988128204134967,0.9977446827017357,0.9988128204134967,0.7665267217965741
302964214,39.2108723,9.1411789,0.9945273951276646,0.9915798674607273,0.9945273951276646,0.7520546349293511
302964218,39.2073828,9.1389245,0.9982761807599025,0.9964749539678064,0.9982761807599025,0.7589848565309759
302964220,39.2073854,9.1402069,0.9972065033130566,0.994655370350354,0.9972065033130566,0.7518110867815451
302964221,39.2077182,9.1410229,0.9960874496650544,0.9927527655715818,0.9960874496650544,0.7464684360036278
302964222,39.208233,9.1420342,0.9941131967310588,0.9899320154019847,0.9941131967310588,0.7383842480664637
302964223,39.2098288,9.1415484,0.9925557351244456,0.9883855679754505,0.9925557351244456,0.7439500348226141
302964227,39.2069234,9.1410686,0.9952314300607905,0.9915545868533713,0.9952314300607905,0.7424961814431706
302964228,39.2069264,9.1416148,0.9947223709935856,0.9904001563587799,0.9947223709935856,0.738899145653805
302964229,39.2069453,9.1431801,0.9917587343334644,0.9864123530494664,0.9917587343334644,0.7285710588878245
302964236,39.2049955,9.1420873,0.9939687687456293,0.9900920537624979,0.9939687687456293,0.7394568668840016
302964237,39.2049977,9.1416268,0.9948550783795135,0.9914359230666998,0.9948550783795135,0.7421489415261435
302964244,39.2071882,9.1345305,0.999242454444825,0.9993006990751746,0.9991550874993005,0.7792999292353984
302964245,39.2064479,9.1353206,0.9990662480629787,0.9989494467691857,0.9990662480629787,0.775808792631405
302964825,39.235864,9.1038766,0.9993845079027859,0.9999617905223939,0.9985185839733738,0.7919048980714491
302964826,39.2347226,9.1050852,0.9991959620986675,0.9998553448815486,0.9982068879243458,0.78971290986707
302964830,39.2341335,9.1062599,0.9987612405279304,0.9996836820503318,0.9973775782443282,0.7882768534755504
302965974,39.2361959,9.1026902,0.999255183581184,0.999924513712842,0.9982511883836971,0.7917100436803581
302965975,39.2355454,9.1033893,0.9992733961544191,0.9999557925793386,0.9982498015170398,0.7910065490140846
302965976,39.2344184,9.1045835,0.9992598975704156,0.9999011530623094,0.9982980143325748,0.7898440302896567
302965979,39.2363532,9.101746,0.9989838568043291,0.9997647434711183,0.9978125268041452,0.7900438547146145
302965980,39.2358604,9.1022116,0.9993134957641951,0.999932948106061,0.9983843172513964,0.791112699461554
302965981,39.2355054,9.1025235,0.9992276851374392,0.9999393310129648,0.9981602163241509,0.7904033952065251
302965982,39.2351893,9.102839,0.9992208600419829,0.9999674440382013,0.9981009840476551,0.790352382063094
302965983,39.2340548,9.1039292,0.9992688135959644,0.9998816680394385,0.9983495319307533,0.7893228252297457
302965985,39.2329173,9.1045523,0.9991828557441564,0.9993352259603707,0.998954300419835,0.7863868789009301
302965986,39.232699,9.102969,0.9992395450784832,0.9992841042904818,0.9991727062604854,0.7848410229777114
302965989,39.2328901,9.1033068,0.9991044422996717,0.9991295137066161,0.9990668351892551,0.7840695062970737
302965999,39.2279313,9.1090184,0.9901825219996999,0.9881794316832397,0.9901825219996999,0.7918271478697905
302966001,39.2296891,9.1077207,0.9912180482677639,0.9893389886703844,0.9912180482677639,0.7903368115001237
302966005,39.2328091,9.1028591,0.9993030396065838,0.9993622392265822,0.9992142401765863,0.7851617080078297
302966006,39.2354447,9.1002842,0.9990356494783442,0.9991355950192309,0.9988857311670143,0.7880867281065063
302966007,39.2359532,9.0998539,0.9991259475855898,0.9991412950988728,0.9991029263156653,0.7891820497492473
302966008,39.2367092,9.0992496,0.9986169351519012,0.9988245375481939,0.9983055315574623,0.7901742973316508
302964794,39.2385435,9.1055165,0.9991818630875761,0.9996628974096035,0.9984603116045349,0.7931280002127967
302964796,39.2388784,9.1064146,0.9988697665153567,0.9994173081295136,0.9980484540941215,0.7926390404686047
302964798,39.2390597,9.1075323,0.9987779939231606,0.9991899240438237,0.998160098742166,0.7916204989257243
302964799,39.2391883,9.1043244,0.9988916105055432,0.99946359984407,0.9980336264977531,0.7924475757922695
302964800,39.2371145,9.1055716,0.9996365819914491,0.9998098914095715,0.9993766178642655,0.794110456157366
302964805,39.2352416,9.1045352,0.9993411546571767,0.9999411408990149,0.9984411752944192,0.790531348291489
302964806,39.2349364,9.1040102,0.9994128452889056,0.999959412924737,0.9985929938351585,0.7907771039853497
302964807,39.234612,9.1033713,0.9989743846948318,0.9999292311091463,0.9975421150733601,0.7892281463868346
302964808,39.237161,9.1040205,0.9995292879267904,0.9998727180378216,0.9990141427602435,0.7933185503368064
302964810,39.2364286,9.1059407,0.9996114939440089,0.9997959158459413,0.9993348610911104,0.7938123582623398
302964811,39.2362118,9.1064519,0.9995556220473204,0.9996212900642881,0.9994571200218688,0.7940101093585901
302964812,39.2358707,9.1072561,0.9995803718218346,0.9995866163635645,0.9995710050092397,0.7941345740235901
302964813,39.2360947,9.1057046,0.9994215772728771,0.9997171315971624,0.998978245786449,0.793117176158472
302964814,39.2358783,9.1062147,0.9994337266153358,0.9994869132183689,0.999353946710786,0.793876721860045
302964815,39.2355367,9.10702,0.9994964798802627,0.9994511250388165,0.9994964798802627,0.7939786109293486
302964819,39.237084,9.1033721,0.9993765124469476,0.9999100093950937,0.9985762670247286,0.7922754947171973
302964820,39.236881,9.1036847,0.9994962395016823,0.9999258264126419,0.998851859135243,0.7928179537319416
302964821,39.2363627,9.1044441,0.9993659560067477,0.9998686844589737,0.9986118633284087,0.7921418721332142
302964823,39.2369197,9.1025611,0.9993600265893121,0.9999425294971623,0.9984862722275368,0.7917011704339256
302964824,39.2364817,9.1031012,0.9994226961263172,0.9999647494078788,0.9986096162039746,0.7924395528533384
302964248,39.2053071,9.1371616,0.998833353946659,0.997084397651879,0.998833353946659,0.765634497071479
302964249,39.2069611,9.1361447,0.9987932843685712,0.9986784028985486,0.9987932843685712,0.7713712195817864
302964250,39.2077783,9.137399,0.998856044071609,0.998216662217359,0.998856044071609,0.7710306211027798
302964251,39.2076984,9.1353693,0.9990035605718264,0.9990726955573775,0.9988998580934996,0.7754749878036304
302964252,39.2058817,9.1365934,0.997786487337672,0.997470441635585,0.997786487337672,0.7649015327373581
302964253,39.2091983,9.1355079,0.9989815893318444,0.9986457314682345,0.9989815893318444,0.7805126868312477
302964254,39.2055705,9.1298254,0.9937540418906455,0.9986273274238973,0.986444113590768,0.7677243634068268
302964255,39.2055167,9.130351,0.9937342474600512,0.9984544679322318,0.9866539167517804,0.7663713478143944
302964256,39.2056938,9.1306378,0.9936554349327054,0.9983528664081144,0.9866092877195919,0.7653866413903814
302964257,39.2060548,9.1314676,0.9984827066605587,0.9992103887772663,0.9973911834854973,0.7720406410640227
302964259,39.2066736,9.1316739,0.9988141857114317,0.9992699965049736,0.9981304695211188,0.7752601154513377
302964260,39.2073728,9.1317917,0.9988985718531044,0.9993009786799897,0.9982949616127763,0.7786526870681004
302964261,39.2084479,9.1317664,0.9989322412851303,0.9991579524203238,0.99859367458234,0.7835134324050139
302964262,39.2103216,9.1317089,0.9978279044270738,0.9979037971492758,0.9977140653437707,0.7824595648162367
302964263,39.2103272,9.1308421,0.9969275651750337,0.99708995501473,0.9966839804154892,0.779312777863982
302964265,39.2084602,9.1321703,0.9989766137417397,0.9991040811912993,0.9987854125674004,0.7841133119053506
302964267,39.2096591,9.1308757,0.9974483753033901,0.9977856248575467,0.9969425009721552,0.7795596456562879
302964268,39.2073051,9.1325858,0.9990581376779114,0.9993151272743779,0.9986726532832118,0.7797200423140198
302964269,39.2065678,9.1330498,0.9989843949259978,0.9991630527488736,0.998716408191684,0.7766158203845046
302964270,39.2063927,9.1346318,0.9987416037888864,0.998633274374089,0.9987416037888864,0.7727343761403244
302964126,39.2117971,9.1425709,0.9651199154864055,0.9648075628911847,0.9651199154864055,0.7220445797174214
302964128,39.2209362,9.1365699,0.9963696612003751,0.9945382861843337,0.9963696612003751,0.787848060361338
302964135,39.2190785,9.1399602,0.9887608082199786,0.9878938356773771,0.9887608082199786,0.7785791019207037
302964139,39.2177994,9.1406757,0.9826928880289144,0.983891304370795,0.9808952635160937,0.7683683514567071
302964144,39.2146281,9.1425403,0.9813164322787592,0.9814297864201836,0.9811464010666225,0.7486133178941856
302964145,39.2143985,9.1425559,0.9822120686586084,0.982122488431432,0.9822120686586084,0.7472969063185388
302964146,39.2140675,9.1425931,0.9837022586177046,0.9828689185750396,0.9837022586177046,0.7459260525004225
302964147,39.2138337,9.1426114,0.9846822017444896,0.9834499952207587,0.9846822017444896,0.7456895592756272
302964149,39.211988,9.1421846,0.991466452293003,0.9894956203053595,0.991466452293003,0.751586607671964
302964151,39.2117167,9.141839,0.992515225797559,0.9904966042050501,0.992515225797559,0.751430758071425
302964152,39.2112952,9.14104,0.9945692316971763,0.9926441689280304,0.9945692316971763,0.7547568418877483
302964154,39.2099944,9.1379619,0.9981911336222057,0.9973988302341713,0.9981911336222057,0.7701078869617174
302964155,39.2092969,9.1358203,0.9989804061432704,0.9985869274728153,0.9989804061432704,0.7794706563711906
302964157,39.2091327,9.1343607,0.9991704521950642,0.9988732519240306,0.9991704521950642,0.7835249867797547
302964160,39.2097111,9.1322999,0.9990588700631927,0.9988449889229571,0.9990588700631927,0.7892357710898882
302964172,39.214127,9.1433513,0.9807671557260236,0.9799998177419441,0.9807671557260236,0.7424525692640078
302964180,39.2114058,9.1419236,0.9912576707284297,0.988987822427104,0.9912576707284297,0.749402722199965
302964184,39.2117121,9.1421638,0.9917841246908242,0.9896004531915921,0.9917841246908242,0.7517991395520722
302964191,39.2096126,9.1383699,0.9981709811781284,0.997357336219626,0.9981709811781284,0.7658371861833685
302964192,39.2090575,9.1389492,0.9970677627803312,0.9948258070383433,0.9970677627803312,0.7504174671066641
304697342,39.2483315,9.1290056,0.9976557613295344,0.9807806845123037,0.9976557613295344,0.751960425176752
304697343,39.2486184,9.1293013,0.9979300249440493,0.977884280442294,0.9979300249440493,0.7457896153118784
304697344,39.2490549,9.1297273,0.9982345605421163,0.979130939896702,0.9982345605421163,0.7477145888534455
304697345,39.2494809,9.1301573,0.9976390833763245,0.9777995904638045,0.9976390833763245,0.7393700697737351
304697346,39.2516933,9.1317855,0.9953912995156242,0.9729773932418982,0.9953912995156242,0.7240503655800405
304697348,39.2523643,9.1320715,0.9937582071485019,0.9712955734275759,0.9937582071485019,0.7182724298646647
304697349,39.2527737,9.1322024,0.9927001062186052,0.9710401073194366,0.9927001062186052,0.7189524268761052
304697350,39.2532807,9.1323494,0.9912259592654299,0.9688688116770925,0.9912259592654299,0.7161141479654745
304697351,39.2533324,9.132366,0.9910696554574695,0.9686744660337152,0.9910696554574695,0.7157328553080083
304697352,39.253674,9.1324694,0.9899750108484492,0.9660557166072044,0.9899750108484492,0.7130814522720798
304697361,39.252824,9.1297366,0.9836774434774112,0.9740145655204252,0.9836774434774112,0.7011142709658618
304697362,39.253242,9.1301866,0.9829271450190463,0.9703163867229223,0.9829271450190463,0.693313250179803
304697363,39.2536709,9.1306112,0.9850724494770109,0.971506788832265,0.9850724494770109,0.6965662335798246
304697365,39.2540875,9.1310356,0.9862521895057182,0.9690177402327962,0.9862521895057182,0.698111984206151
304697367,39.254485,9.1314524,0.9798409211025152,0.967618028966156,0.9798409211025152,0.6871267699698392
304697368,39.2542895,9.1315881,0.9862094196236175,0.959276395820198,0.9862094196236175,0.7050556037812997
304697369,39.2544752,9.1303539,0.9834041686955557,0.973595595357599,0.9834041686955557,0.6956189637018579
304697370,39.2540925,9.1298787,0.9814408310921255,0.9733245778902977,0.9814408310921255,0.6986977539270502
304697371,39.2533604,9.1311805,0.9884316089840276,0.9702552572248931,0.9884316089840276,0.7032493988027864
304697373,39.2521756,9.1332772,0.9925249529762123,0.9648469221453864,0.9925249529762123,0.7142821123988639
302966009,39.2344771,9.0987597,0.998894494086753,0.9992463578073421,0.9983666985058693,0.7857037468007648
302966010,39.2350079,9.0995799,0.9992814627732303,0.9995112782790928,0.9989367395144365,0.7877321945594669
302966011,39.2357605,9.100939,0.9992823315333442,0.9998205268877656,0.9984750385017122,0.7882818217998807
302966013,39.235275,9.1013773,0.9991912801456573,0.9999172141202497,0.9981023791837688,0.7890257111545447
302966014,39.2350899,9.1015508,0.998977620401628,0.9999368576603934,0.9975387645134799,0.7889385381861173
302966015,39.2346646,9.10193,0.9989818002580694,0.9999478985737897,0.9975326527844889,0.7887392380855849
302966016,39.2339483,9.1006856,0.999438898671897,0.9995592991922558,0.9992582978913586,0.7846009337685078
302966017,39.2343931,9.1014664,0.9997984089270019,0.9999175654580451,0.9996196741304372,0.7896800447409729
302966018,39.2375336,9.1042568,0.9995386368414245,0.9998621490762027,0.9990533684892572,0.7935593352177465
302966019,39.2349419,9.1008919,0.9990154128891636,0.9993011339515399,0.9985868312955992,0.7866436166742622
302966021,39.2336402,9.1009927,0.9994713182345019,0.9995533056790831,0.9993483370676302,0.785228080740846
302966022,39.2345269,9.1000662,0.9995441656450046,0.9997375147897195,0.9992541419279322,0.7875236158737193
302966023,39.2355244,9.0990156,0.9990300837451461,0.999234883378632,0.9987228842949173,0.7869214227870344
302966025,39.2357639,9.0995264,0.9990390011574645,0.9991814702096352,0.9988252975792082,0.7886005211531962
302966026,39.2349974,9.0979759,0.9985738644928196,0.9991221058498687,0.9977515024572459,0.7859453555428769
302966027,39.2341618,9.0990826,0.9991270195157401,0.9994463270910601,0.9986480581527603,0.7851390248461505
302966029,39.2265155,9.100324,0.9981668565207326,0.999554399795077,0.996085541609216,0.7697545383472086
302966030,39.2239723,9.1037242,0.9984257352560845,0.9999474448684297,0.9961431708375668,0.7834660383465291
302966031,39.2231178,9.1048597,0.9987964810076299,0.9999693766199883,0.9970371375890923,0.7887029205039123
302966033,39.2250448,9.1036232,0.9979862321344978,0.999824399531654,0.9952289810387633,0.7762084511905769
302966093,39.2295762,9.1105557,0.9936446382902735,0.9953327322965473,0.9911124972808627,0.7917173716036184
302966094,39.2307353,9.1094244,0.9891180324480742,0.9911504590073376,0.9860693926091791,0.7890098301583263
302966095,39.2311169,9.1090946,0.9874577462149046,0.9894355277332761,0.9844910739373472,0.7879815858861474
302966096,39.2302993,9.10863,0.9865572662168639,0.9881796517108876,0.9841236879758284,0.7879402261663363
302966097,39.2304615,9.1089634,0.9876365987773249,0.9894669107931653,0.9848911307535644,0.788263821766762
302966098,39.2292307,9.108981,0.9872381310278624,0.9883738723066576,0.9855345191096695,0.7889382674891511
302966109,39.2219151,9.1135887,0.9953021612335092,0.9992073527970197,0.9894443738882437,0.796407248637415
303202277,39.2413271,9.0875291,0.9956567015390955,0.9538488315497444,0.9956567015390955,0.6970976680449223
303202283,39.2433902,9.0899771,0.9988091692943784,0.9792593756600012,0.9988091692943784,0.7283929316669412
304576392,39.2425528,9.1129263,0.9944246157126256,0.9946296082931784,0.9941171268417964,0.7760799035399208
304576393,39.2425436,9.1128615,0.9944636080946949,0.9946312185676994,0.9942121923851882,0.776045714450948
304576399,39.2425185,9.1125245,0.994717520580263,0.9948443147767229,0.9945273292855732,0.7768097473764494
304576401,39.2428209,9.1131226,0.993994637841085,0.9942911394313803,0.993549885455642,0.7749914256742345
304576403,39.241911,9.1097068,0.9973108227171751,0.9969838978093171,0.9973108227171751,0.7848909845189744
304576404,39.2420471,9.1097557,0.9970900323545627,0.9970106070565653,0.9970900323545627,0.7844466558830114
304576406,39.2422217,9.1107294,0.9964664231394396,0.9967385937381223,0.9960581672414153,0.7817527183103413
304576459,39.2432414,9.1103237,0.9939415425402943,0.9948592663119191,0.9925649568828571,0.7750389034074382
304576473,39.2407696,9.1111997,0.9979224255358833,0.99681555585862,0.9979224255358833,0.7877209444108518
304576490,39.2420214,9.1115662,0.9964470686218466,0.9947395976009745,0.9964470686218466,0.7828529472410926
304576502,39.2406196,9.1071332,0.9985484981486303,0.9981747446748604,0.9985484981486303,0.7905266103428227
302966034,39.2256921,9.1035032,0.9972355284486907,0.9996233051933653,0.9936538633316787,0.772385734762842
302966035,39.2260722,9.1032888,0.9966669185353891,0.9994383331354658,0.992509796635274,0.7702320391207048
302966037,39.227634,9.1018013,0.9927405596326724,0.9973964176291745,0.9857567726379192,0.7572524755009219
302966038,39.2257816,9.1037193,0.9969924142666361,0.9995326647689852,0.9931820385131126,0.7713288384302053
302966039,39.2254043,9.1042716,0.9968500381646322,0.9996031713863717,0.992720338332023,0.7731955645605028
302966040,39.2248091,9.1051704,0.9969021917568244,0.9997452910340261,0.9926375428410218,0.7767394069931896
302966045,39.2250547,9.1055797,0.9963592532471274,0.999607926422983,0.9914862434833439,0.7750249629533008
302966059,39.2247165,9.1078834,0.9901029440576458,0.9954786517987269,0.9820393824460241,0.7879458056106103
302966061,39.2244028,9.1084025,0.9897551540892332,0.9946439832427649,0.9824219103589356,0.7893206330182561
302966064,39.2247274,9.1092607,0.9899957320354713,0.9943361316117604,0.9834851326710378,0.7907709862718637
302966065,39.2252122,9.1099633,0.9915280741344655,0.9952158854378869,0.9859963571793335,0.7924352167369662
302966066,39.2254414,9.1103607,0.9926898359215582,0.9961490226391827,0.9875010558451215,0.7933850089005641
302966067,39.2263853,9.1082652,0.9843179171948401,0.9845665550689733,0.9839449603836403,0.7882956694633428
302966070,39.2240514,9.103846,0.99833463534808,0.9999388722490877,0.9959282799965684,0.7828493678607584
302966071,39.2220729,9.1096082,0.9976301589915124,0.9996306580159293,0.9946294104548871,0.7980775528302779
302966074,39.223389,9.1088611,0.9967991629354714,0.9992937869144928,0.9930572269669394,0.7957913572005201
302966076,39.2244101,9.1079944,0.990273161898423,0.9952014208002761,0.9828807735456433,0.7891461939925677
302966089,39.2300271,9.1094397,0.9891533046358562,0.9909176379257578,0.9865068047010037,0.7894146741364062
302966091,39.2302609,9.1098774,0.9910926914316339,0.9930635490046485,0.9881364050721119,0.7901921003031388
302966092,39.2291577,9.1109928,0.9946950746465093,0.9963484530874922,0.9922150069850351,0.7924275080995034
302964741,39.2381941,9.1084697,0.9994208690506463,0.9995922799259377,0.9991637527377092,0.7927573221260404
302964743,39.2379289,9.1091027,0.9994916122809,0.9996581928984797,0.9992417413545304,0.7927297270394827
302964744,39.237522,9.1095441,0.9995011044885248,0.999762717226387,0.9991086853817315,0.7923219671585018
302964745,39.2369716,9.1100491,0.999516461787219,0.9998188947270928,0.9990628123774081,0.7920573078267578
302964746,39.2378116,9.1068949,0.9994332273845865,0.9996562847558248,0.9990986413277291,0.7936366778085979
302964748,39.2375424,9.1073861,0.9995377603153313,0.9996961577981326,0.9993001640911292,0.7938059605267044
302964753,39.2372664,9.1082615,0.9992541560953717,0.9994100284917121,0.9990203475008611,0.7930568806362548
302964757,39.2370857,9.1088422,0.9993494779127509,0.9994080417519364,0.9992616321539726,0.793572966644513
302964759,39.2366205,9.1096744,0.9994882474364468,0.9996182180557232,0.9992932915075322,0.7929717123685821
302964761,39.2376466,9.105985,0.9993674590423945,0.999584523819942,0.9990418618760735,0.7936649085528604
302964764,39.2371162,9.1070856,0.9995465440642122,0.9996136548761898,0.9994458778462457,0.7940716373218518
302964766,39.2366653,9.1083672,0.9995355225906079,0.9996038143903841,0.9994330848909433,0.7939212529084263
302964768,39.2362219,9.109399,0.9993120528571732,0.99941980266965,0.999150428138458,0.7925799597446639
302964773,39.2375804,9.1085883,0.9991011853914529,0.9993150802259185,0.9987803431397543,0.7925816707440074
302964776,39.2378266,9.1077494,0.9994017005971665,0.9996205417602096,0.9990734388526017,0.7932832653044852
302964778,39.2373865,9.1090827,0.9987062495461613,0.9989773965626004,0.9982995290215025,0.7918679715360925
302964782,39.238366,9.1088066,0.9992895019204383,0.9994842641627723,0.9989973585569374,0.7922648318085289
302964784,39.2392053,9.1105098,0.9983121832490068,0.998325368463521,0.9982924054272355,0.789390842723667
302964786,39.2396346,9.1113939,0.9983305983619011,0.9983593361040795,0.9982874917486334,0.7894493213638619
302964788,39.239195,9.108089,0.9990422530218553,0.9992951947164211,0.9986628404800068,0.7919099109816605
304578833,39.250485,9.1005172,0.9822138153286043,0.9860191167962531,0.9765058631271312,0.7475756120073102
304578840,39.249966,9.1030456,0.9819210781031529,0.9861504030142835,0.975577090736457,0.7569978074863988
304579940,39.2523462,9.0992659,0.9753472476471913,0.9799181789150081,0.968490850745466,0.7290562577209383
304579967,39.2497042,9.1145416,0.9965217933088436,0.966928131561245,0.9965217933088436,0.7039404200588791
304579989,39.2522695,9.1001704,0.9772294195901119,0.9821638283138859,0.9698278065044509,0.7340036520059727
304579993,39.2524606,9.0992705,0.975064403216138,0.9796728164748254,0.9681517833281068,0.7282323719130064
304579996,39.2532255,9.0967681,0.9702051843984763,0.9717550110005246,0.9678804444954037,0.7122839797128492
304580002,39.253335,9.0961291,0.9692129016130125,0.9693062683765528,0.9690728514677022,0.7075135322871164
304580003,39.2533252,9.0963322,0.9692505313575792,0.9696529774323398,0.9686468622454384,0.7081850901655142
304580011,39.2532197,9.0947514,0.971860679443232,0.9635164995590545,0.971860679443232,0.6968205751561447
304580019,39.2533679,9.0932624,0.9760613729418066,0.9597894625665,0.9760613729418066,0.6877737972890503
304580021,39.2536014,9.092115,0.9797545289848623,0.959937669688787,0.9797545289848623,0.6823628320360614
304580027,39.2538349,9.0994972,0.9688911881756174,0.9759369983169319,0.9583224729636455,0.7172730234724807
304580034,39.255311,9.0983344,0.9627576565207818,0.9682201634529448,0.9545638961225372,0.6998543137674974
304580036,39.2551812,9.097829,0.9615629427795771,0.9660576256581265,0.9548209184617531,0.6957125881006031
304580037,39.2540431,9.0971796,0.9661203704463941,0.9683294384091373,0.9628067685022793,0.7020273961245852
304580041,39.2538328,9.1005222,0.9696265557830638,0.977061611470516,0.9584739722518855,0.7200990020292344
304580043,39.253839,9.1012676,0.9669627197292396,0.9755107234437443,0.9541407141574826,0.7159461260431063
304580055,39.25301,9.1004998,0.9733581528547814,0.9795611480289718,0.964053660093496,0.7267455285232969
304580059,39.2538211,9.0947472,0.9686860152242281,0.960749904128301,0.9686860152242281,0.6911767664292817
304695992,39.2537792,9.132914,0.9912415900960447,0.9624716408920487,0.9912415900960447,0.7093224673353501
304695998,39.252719,9.1340102,0.9949867966531566,0.962978709737859,0.9949867966531566,0.7224679578176207
304696617,39.2499863,9.1338673,0.9983851476365765,0.972740630570249,0.9983851476365765,0.7375213730227607
304696618,39.24965,9.1343362,0.9984744060081694,0.9734988079593145,0.9984744060081694,0.7396252298684356
304696619,39.2495939,9.1344147,0.9984374526442759,0.9730333762427011,0.9984374526442759,0.7387010381221085
304696620,39.2494529,9.1346236,0.9987139221041724,0.9764327721281348,0.9987139221041724,0.7409619743245186
304696621,39.2499727,9.1325729,0.9989673466513953,0.9782246800114813,0.9989673466513953,0.7445485367255398
304696622,39.2494668,9.1332494,0.9986254787173412,0.970933406412544,0.9986254787173412,0.7414729244294844
304696623,39.2491204,9.1337069,0.9988123207639403,0.9732633560389623,0.9988123207639403,0.7434426760215385
304696624,39.2487976,9.1341013,0.9989929842897017,0.9755263045258615,0.9989929842897017,0.7460486600884444
304696625,39.2491834,9.1329034,0.9983528214093301,0.967895799900047,0.9983528214093301,0.7385180942870799
304696629,39.2433872,9.1383699,0.99044952639658,0.9897960244126465,0.99044952639658,0.7691379811882604
304696631,39.2433681,9.1382071,0.9901521583965766,0.9897902054717875,0.9901521583965766,0.7696565708304088
304696632,39.2433167,9.1381896,0.9902147047988301,0.989817996215504,0.9902147047988301,0.7698619452210504
304696635,39.2432435,9.1383438,0.9898851544184787,0.990028966832741,0.9896694357970853,0.7687481048159108
304696639,39.2438188,9.1382681,0.9900937996649638,0.9770368738931007,0.9900937996649638,0.7474277498512768
304696641,39.2462787,9.1379784,0.996479948550245,0.9772909356978515,0.996479948550245,0.7393163765755371
304696656,39.2428394,9.1376558,0.9897999231036533,0.980561540105939,0.9897999231036533,0.7724018251788053
304696662,39.2429135,9.1379401,0.9886397333911732,0.9888176241082967,0.9883728973154878,0.7681808365810125
304696667,39.2432686,9.1385348,0.9893691139662973,0.9898191317202344,0.9886940873353918,0.7668714563021284
304578764,39.2458534,9.1042512,0.9903346061382701,0.9898426393721224,0.9903346061382701,0.7775173003661858
304578772,39.2459608,9.104083,0.9835118473202583,0.9851685468836754,0.9810267979751326,0.7627605254996432
304578781,39.2435212,9.1022075,0.9934898964993627,0.9947515634204341,0.9915973961177557,0.7768011321028966
304578788,39.2456791,9.1039105,0.9894465901705997,0.9889335551272039,0.9894465901705997,0.776149348524074
304578792,39.246078,9.1043367,0.970817257062212,0.9729673508417895,0.9675921163928457,0.7511798203409517
304578796,39.2491898,9.1032116,0.9816916959479168,0.985694762282683,0.9756870964457676,0.7586404589371363
304578798,39.2494125,9.1029801,0.9829723251962582,0.9863060408904122,0.9779717516550273,0.7613842534857526
304578799,39.249439,9.1029238,0.9828327827935492,0.9861841220808175,0.9778057738626468,0.7611287506158411
304578800,39.2495194,9.1026073,0.9838576109380256,0.9873801799253021,0.9785737574571107,0.759826844715088
304578805,39.2492231,9.1033157,0.9816750885760854,0.9856583386267769,0.9757002135000483,0.7587011589931654
304578807,39.2494541,9.1032667,0.9812462695448423,0.9853419281379648,0.9751027816551584,0.757707480593424
304578809,39.2496699,9.1028466,0.9834337751825151,0.9872185904879822,0.9777565522243143,0.759844774639292
304578813,39.2495395,9.1033315,0.9816426998286347,0.9858176151850426,0.9753803267940228,0.7579905583161675
304578814,39.249634,9.1034933,0.9803360068997526,0.9857321687290962,0.9722417641557373,0.7576484286963326
304578816,39.2497798,9.1031782,0.9821492243919786,0.9862609512030064,0.9759816341754368,0.7578821281733656
304578819,39.2498145,9.096613,0.9870239545937628,0.9746257305758915,0.9870239545937628,0.7288155540809222
304578823,39.2495627,9.1011037,0.9841677550518276,0.9862414011109902,0.9810572859630838,0.7520118237985619
304578827,39.2510855,9.1001299,0.9807185801051203,0.9844654205190074,0.9750983194842896,0.7417921995779384
304578830,39.2521792,9.1000469,0.9776030167278308,0.9824404280386348,0.9703468997616247,0.7348476802836036
304578832,39.2505352,9.1022235,0.9715443885011176,0.9774398802315799,0.9627011509054242,0.7288146334315407
304580062,39.2541276,9.0955525,0.9622195035337923,0.9591995611319749,0.9622195035337923,0.6834188732542474
304580064,39.2538542,9.0933223,0.9729562813740809,0.9571834025624153,0.9729562813740809,0.6826846834879466
304580068,39.2547865,9.0955666,0.9585248588235404,0.9587386963536478,0.9582041025283794,0.6794020330463472
304580074,39.2551247,9.09757,0.9605794616934362,0.9652211919673714,0.9536168662825334,0.6932508761185042
304580076,39.2553743,9.0985993,0.9611401303467508,0.9668351908699154,0.9525975395620039,0.6972364902586672
304580086,39.2574455,9.1002993,0.9439323240699455,0.9534899725118875,0.9295958514070326,0.6729298819313824
304580092,39.2560839,9.0956035,0.9493607959455412,0.9501077121978645,0.9482404215670563,0.6676461595952875
304580240,39.2415432,9.0942729,0.996433312665371,0.9933997500782582,0.996433312665371,0.7590936980153371
304580241,39.2409328,9.0945052,0.9951457861779414,0.994375820548783,0.9951457861779414,0.7605122580092689
304580242,39.2394856,9.0950352,0.9907906383370203,0.9909557610688892,0.990542954239217,0.7497211976719832
304580244,39.2409527,9.0967661,0.9969262382304653,0.9970932097168772,0.9966757810008475,0.7710320647061182
304587520,39.2418418,9.1207364,0.9983248962167157,0.9937632310748502,0.9983248962167157,0.7702011365249215
304587524,39.2430553,9.1192347,0.9963804241895338,0.9912294249503525,0.9963804241895338,0.7598292807586734
304587527,39.2433129,9.1210715,0.9958150796059684,0.9910202441931663,0.9958150796059684,0.7593607839612798
304587529,39.2430111,9.1215205,0.9964794504691016,0.9910953878892046,0.9964794504691016,0.7621560994593668
304587531,39.2427323,9.1219344,0.9966421015492672,0.9918796748299514,0.9966421015492672,0.7645608536629923
304587532,39.2439026,9.1223965,0.9944404184082382,0.9912266344491185,0.9944404184082382,0.757614509527074
304587534,39.2435114,9.1220687,0.9941041341016943,0.9908037559632431,0.9941041341016943,0.7566205558201894
304587535,39.2432464,9.122499,0.9962594259962203,0.9913802602752412,0.9962594259962203,0.7622317122780142
304587536,39.2424046,9.1214929,0.9975589835592418,0.9925398058668454,0.9975589835592418,0.7666211497936954
304576554,39.2378105,9.1031722,0.9993568042168866,0.9998304593003352,0.9986463215917136,0.7927596209730902
304576555,39.2380795,9.1022212,0.998418841085918,0.9993249589686856,0.9970596642617667,0.7916476779487622
304576556,39.2389889,9.1029926,0.9979557168364471,0.9992560640937325,0.9960051959505192,0.7915828540682615
304576557,39.2384271,9.1015067,0.9978295110150552,0.9992666199110409,0.9956738476710767,0.7904442393526812
304576558,39.2393512,9.1022781,0.9974739651139848,0.999282550525097,0.9947610869973165,0.7910479516866674
304576560,39.2377248,9.1000199,0.9978641214995001,0.9984612599657883,0.9969684138000678,0.7901268907544713
304576563,39.2387691,9.1000226,0.9983098854014559,0.9992645966076967,0.9968778185920948,0.7901204476493652
304576564,39.2410821,9.1007995,0.9971046989878302,0.9990636965026505,0.9941662027155997,0.7864693048092737
304576571,39.2406022,9.0994253,0.9959828462007216,0.9985787770204796,0.9920889499710847,0.7851617225758306
304576577,39.2406549,9.0996313,0.9956045255771796,0.9984760312835255,0.9912972670176607,0.7844898383742862
304576578,39.2397752,9.0982325,0.9957602421532251,0.9982324034562662,0.9920520001986635,0.7849628937067468
304576579,39.2400217,9.0985816,0.9963025849770801,0.9985442324262392,0.9929401138033415,0.785966438750724
304576580,39.2390129,9.0994198,0.9979153901710072,0.9992279666363605,0.9959465254729771,0.7888908627733747
304576582,39.2383728,9.0979724,0.99778128296969,0.9991566397635827,0.995718247778851,0.7857649482108142
304576583,39.2386625,9.0986236,0.9977960896125613,0.9992031698106636,0.9956854693154078,0.787325853635047
304576584,39.2388137,9.0989664,0.9978070243205318,0.9992444065439275,0.9956509509854383,0.788135484049958
304576587,39.2369301,9.0982624,0.9983997335725949,0.9990578444980336,0.997412567184437,0.7879608043893074
304576588,39.2372758,9.0988081,0.9978505381415063,0.9986661500121411,0.9966271203355539,0.7852299619677423
304578757,39.2431323,9.1008625,0.9921525403975139,0.9905515307491524,0.9921525403975139,0.7698633781176183
304578760,39.2430552,9.1016325,0.9945087085308146,0.995652544229724,0.9927929549824505,0.7784754780636087
304594799,39.2608164,9.1214567,0.9541964328660144,0.9698568348891646,0.930705829831289,0.6245976264445225
304594800,39.2605373,9.1222216,0.9557764274399067,0.9705972409683751,0.9335452071472039,0.6294754677169462
304594801,39.2602644,9.1229459,0.9578911837442969,0.971405693034632,0.9376194198087945,0.635115999669259
304594804,39.2590996,9.1239282,0.9644759580245688,0.9728577215334695,0.9519033127612178,0.6486646829153595
304594805,39.2575667,9.1250379,0.9685673029690439,0.9725921622129445,0.9625300141031929,0.6643700540915147
304594806,39.2573384,9.1252267,0.9692481362362357,0.9723196119562699,0.9646409226561845,0.6667912678175287
304594807,39.2569809,9.1255248,0.970219612845371,0.9719161513663191,0.9676748050639485,0.6705923319780588
304594808,39.2565751,9.1258741,0.972525017176182,0.9735765770672093,0.970947677339641,0.6749312313088723
304594810,39.2604558,9.1212554,0.9528807605571668,0.9688855922380308,0.9288735130358706,0.6210962977232137
304594811,39.260057,9.1210657,0.9514589103728877,0.9677920600704396,0.9269591858265598,0.6173245159472794
304594813,39.2594085,9.1205977,0.951015888198839,0.9663985605534257,0.9279418796669591,0.61223549711475
304594814,39.2591996,9.1204394,0.951538107836579,0.9661033151415759,0.9296902968790837,0.6109269431513873
304594815,39.2588706,9.1201485,0.9505025186535578,0.9650790648478023,0.9286376993621913,0.6075165828634468
304594818,39.258359,9.1195512,0.9597125215726351,0.9687839758127293,0.9461053402124937,0.6175223142296324
304594819,39.2577637,9.1201993,0.9639594698983642,0.9711377036179594,0.9531921193189715,0.6303303806531104
304594820,39.2584654,9.1211633,0.9583894012298632,0.9662856861812639,0.946544973802762,0.6187944316828662
304594822,39.2593496,9.1221593,0.9577289429052347,0.9698420998367256,0.9395592075079983,0.6270408627582037
304594823,39.2597385,9.1217431,0.9519631018425141,0.9678929948438237,0.9280682623405497,0.6198402560275629
304594826,39.2607942,9.1158179,0.946751215021565,0.9609045175339453,0.9255212612529946,0.5882842596931239
304594829,39.2596923,9.1172795,0.9558155933609565,0.9665166823158179,0.9397639599286643,0.6040455715389003
304596689,39.2550555,9.1178229,0.976774413187142,0.9627690955778285,0.976774413187142,0.6616296588204374
304596690,39.2541521,9.1187552,0.9825203431332553,0.9686050160311106,0.9825203431332553,0.6722474156628915
304596691,39.2536333,9.119286,0.9853709005150953,0.9718368248199415,0.9853709005150953,0.6783589871564779
304596693,39.2576649,9.1184294,0.9530815684897297,0.9530148145893373,0.9530815684897297,0.6252934201383118
304596709,39.2557754,9.1180652,0.9720947487249126,0.9666077319789083,0.9720947487249126,0.6537946439209747
304596714,39.2567701,9.1186035,0.9654395598641491,0.9630107769995647,0.9654395598641491,0.6449354709924839
304596718,39.2552632,9.1186067,0.9630898619625259,0.9638381812934133,0.9619673829661948,0.6380247223052147
304596723,39.2543046,9.1230957,0.981617231029458,0.9772043868478576,0.981617231029458,0.6669693547525417
304596725,39.2552112,9.1243072,0.9773278533953097,0.9749931672303429,0.9773278533953097,0.675121823865124
304596726,39.2548945,9.1248383,0.9737627609897596,0.9750561118813799,0.9718227346523292,0.6793195791970281
304596727,39.2544466,9.124248,0.9735922380125608,0.9743040504741767,0.9725245193201371,0.6786078381160509
304596729,39.2546316,9.1253017,0.9757928318849015,0.9765650262355577,0.9746345403589173,0.6838429365050755
304596730,39.2541293,9.1246197,0.9757833123919698,0.9760591293195634,0.9753695870005795,0.6830541212619767
304596731,39.2535619,9.1260565,0.9807483933272818,0.9781612829025104,0.9807483933272818,0.6968689198759594
304596732,39.2526718,9.1270853,0.9856510479515129,0.9782222010168788,0.9856510479515129,0.7078520062304658
304596733,39.2525697,9.1270901,0.986260742118984,0.9784746383704389,0.986260742118984,0.7086810101156571
304596734,39.2539956,9.1266929,0.9779999487168525,0.9785858476674029,0.9771211002910268,0.6915674846018764
304596735,39.2530436,9.1275005,0.9832524781612679,0.9792310992375777,0.9832524781612679,0.7033524190737399
304596736,39.2532196,9.1256261,0.9799007659296284,0.9774124847034404,0.9799007659296284,0.683340562431465
304596737,39.2525232,9.1264537,0.9843456917435832,0.9795811631989213,0.9843456917435832,0.7042631879943867
304591579,39.2609682,9.0840131,0.8077011719494919,0.785225419057378,0.8077011719494919,0.5116364812484288
304591582,39.2598202,9.0872337,0.846437416567166,0.8178931015499924,0.846437416567166,0.5352692857699914
304591593,39.2604466,9.0859255,0.9070964685147485,0.8729911728897963,0.9070964685147485,0.5890088474314957
304591608,39.2621929,9.0852576,0.8890957168519313,0.8547352973504472,0.8890957168519313,0.5730645696571671
304591626,39.2582228,9.0832222,0.0,0.0,0.0,0.0
304594768,39.2612358,9.1154295,0.9430363750471018,0.9584192464571345,0.9199620679320528,0.5824225318067873
304594769,39.2636588,9.1166608,0.9301230853963237,0.9538837786372579,0.8944820455349224,0.5716998463892579
304594774,39.2633382,9.118529,0.9330035840471862,0.9574558808493971,0.8963251388438698,0.5862217569455518
304594776,39.2629429,9.1197614,0.939203407772708,0.9617039111552266,0.9054526526989302,0.5968229670208701
304594777,39.262713,9.1205922,0.939899678779488,0.962355897887922,0.906215350116837,0.6001304233618145
304594781,39.2603033,9.1183197,0.9479829799001757,0.9616347084035448,0.9275053871451219,0.5911983496184778
304594782,39.2600243,9.1181651,0.9483609407896072,0.9618222835370539,0.9281689266684372,0.5915015327415715
304594783,39.2594157,9.1178155,0.9542421197240111,0.9656987372069363,0.9370571934996231,0.6007162597495146
304594785,39.2597144,9.1193972,0.9500132761749714,0.9629697152763063,0.9305786175229693,0.5994690696731698
304594786,39.2587893,9.1186503,0.9571045540761608,0.9678741309828243,0.9409501887161655,0.6098737715600323
304594787,39.2599373,9.1195271,0.9506242894470348,0.9644227871443356,0.9299265429010837,0.6048450505358991
304594793,39.2618742,9.1204095,0.9463335192244684,0.9660638220057127,0.9167380650526018,0.6100817515267527
304594795,39.2622285,9.1201646,0.9436476290229234,0.9646533602164055,0.9121390322327004,0.6054204383758721
304594796,39.2628512,9.1197211,0.940076051310278,0.9622794761525159,0.9067709140469212,0.5979855357225301
304594797,39.2613588,9.1207458,0.9496863400788457,0.9678225193165567,0.922482071222279,0.61637576634821
304594830,39.2592871,9.118002,0.9539896344795314,0.9659891334521568,0.9359903860205936,0.6023070901300763
304594832,39.2584096,9.1193997,0.9600704794405104,0.9690469213234665,0.9466058166160762,0.617327656133409
304594833,39.2579875,9.1199726,0.9649852271692086,0.9717476955922105,0.9548415245347058,0.6320663207413318
304594834,39.2576298,9.120339,0.9633066731778384,0.970492652762736,0.9525277038004919,0.6292921158994025
304594835,39.2573401,9.1206883,0.9619622566824282,0.9694344627575299,0.9507539475697757,0.6259574472029698
304594836,39.2570367,9.1210327,0.9611751690538123,0.9681712154523092,0.9506810994560668,0.6228801646659712
304594838,39.2562579,9.1215686,0.9728264771155373,0.9731660620056037,0.9723170997804377,0.6509553349462904
304594839,39.2552675,9.1221557,0.978649175888547,0.9753784509164378,0.978649175888547,0.6616884173863267
304594840,39.2545149,9.1227864,0.9831902777699798,0.9779289839928241,0.9831902777699798,0.6692426079857038
304594841,39.25643,9.121921,0.9587493551333759,0.9641175141596889,0.9506971165939063,0.624276965448568
304594842,39.2565321,9.1221658,0.9587463174599853,0.9641226357064685,0.9506818400902606,0.6245756237441848
304594848,39.2577428,9.1218241,0.9498198815570522,0.9628102754848279,0.9303342906653886,0.6106500423472361
304594851,39.258207,9.121471,0.9504054976622015,0.9637401846985373,0.930403467107698,0.6135964901735309
304594852,39.2589992,9.1225277,0.9557265182514402,0.9684233149419404,0.9366813232156896,0.6220533541470714
304594853,39.257831,9.1214406,0.9563434865488362,0.9646491461551818,0.9438849971393177,0.6178087252362764
304594854,39.2569212,9.1219225,0.9553137613097424,0.9610212083396994,0.9467525907648071,0.6196884028520633
304594858,39.2569402,9.1226333,0.9602205743814451,0.9658485953647148,0.9517785429065407,0.6274339529975322
304594870,39.2577241,9.1241317,0.9658223843903502,0.9702679574874566,0.9591540247446906,0.6429886394963672
304594879,39.2560258,9.1236125,0.9698709034983716,0.9678775274214264,0.9698709034983716,0.6469531843422672
304594880,39.2562971,9.123766,0.9682109982238819,0.968228267683063,0.9681850940351102,0.6448798303677077
304697383,39.2529538,9.1329618,0.990396477846387,0.9661235688714279,0.990396477846387,0.7121030475911786
304697385,39.2525313,9.130182,0.9912295503563413,0.9650179157220791,0.9912295503563413,0.7099897318482573
304697386,39.2528919,9.1306867,0.9900635093102399,0.9658584048216404,0.9900635093102399,0.7069225578366953
304697387,39.2525948,9.1300251,0.9907593034976334,0.9641887185649103,0.9907593034976334,0.7089005509549009
304697392,39.2534413,9.1287583,0.9854190276648472,0.9773613783812024,0.9854190276648472,0.7079358205393136
304697393,39.2545941,9.1285007,0.9792462600565,0.9780486630870684,0.9792462600565,0.696476837846824
304697394,39.2537755,9.1293056,0.9828885913234782,0.9757483893153787,0.9828885913234782,0.7030391064118425
304697395,39.2549423,9.1293358,0.9760203863072113,0.9748329208290373,0.9760203863072113,0.6900872738907646
304697396,39.2542757,9.1300818,0.9800286942297537,0.9738942900892382,0.9800286942297537,0.697085928487268
304697398,39.2540125,9.1297177,0.9818982662707896,0.9739504247944532,0.9818982662707896,0.6997365281927781
304697399,39.2548466,9.1308367,0.9807343626457821,0.9705515155771974,0.9807343626457821,0.6904246690505031
304697400,39.2547829,9.1289416,0.9774913748533794,0.97616938999704,0.9774913748533794,0.6930615442843134
304698874,39.2518797,9.1214938,0.9923909672231197,0.980138672249463,0.9923909672231197,0.7020960437729168
304698876,39.2502833,9.1233758,0.9887610601231471,0.9805828653654229,0.9887610601231471,0.7044638947657358
304698877,39.2501617,9.1235881,0.9882545057058656,0.9803881897441495,0.9882545057058656,0.7065411114127335
304698878,39.2498512,9.1241586,0.9865201556333519,0.9812380612766916,0.9865201556333519,0.7115302090285611
304698879,39.2497716,9.1243171,0.9858621918995704,0.9810592694524533,0.9858621918995704,0.7111542797623722
304698880,39.2495878,9.1246693,0.9911755284903387,0.9862520245642888,0.9911755284903387,0.7284270037330433
304698881,39.24933,9.1251524,0.9897652908281628,0.9856046658234209,0.9897652908281628,0.7274333213763567
304698882,39.2491245,9.1255501,0.9889755449802359,0.9850983041638189,0.9889755449802359,0.727298732739549
304698883,39.2487359,9.1261238,0.9880713287888223,0.985287697077513,0.9880713287888223,0.7314618247718979
304698884,39.2482632,9.1265935,0.993080973632464,0.9850668171252824,0.993080973632464,0.7357684094845401
304698886,39.2478691,9.1269569,0.993051481794633,0.9843608103183666,0.993051481794633,0.7352511644855253
304698887,39.2475762,9.1272182,0.993179008803796,0.9837716378985599,0.993179008803796,0.7354375721823594
304698888,39.246923,9.1277653,0.9934858835590031,0.981536385290875,0.9934858835590031,0.7349632525545532
304698890,39.2465109,9.1281734,0.9967310003125209,0.9874898084367362,0.9967310003125209,0.7635628374665702
304698893,39.2514113,9.1283725,0.993568534342449,0.9798119709368349,0.993568534342449,0.7279009876313691
304698894,39.2512264,9.1283582,0.9941517452087605,0.9804312885821115,0.9941517452087605,0.7294738622817252
304698895,39.2505757,9.1283367,0.9936692474436832,0.9816020137890359,0.9936692474436832,0.7351583425834046
304698897,39.2501437,9.1284423,0.9946393839295631,0.982670198490932,0.9946393839295631,0.7386613123066325
304698898,39.2498786,9.1285374,0.9951845385166033,0.9808193999059273,0.9951845385166033,0.7407333478591749
304698899,39.2496391,9.1286121,0.9956081555913163,0.9814923075595335,0.9956081555913163,0.7421308013308024
304698900,39.2488725,9.1288355,0.9969096835921532,0.9835497240938295,0.9969096835921532,0.7479449027143052
304698901,39.2485148,9.1289356,0.9974891444712318,0.9838588158864586,0.9974891444712318,0.7507083513970931
304698903,39.2473715,9.1292108,0.9958317708235459,0.9819020409697635,0.9958317708235459,0.7584207647173233
304698908,39.2482295,9.1300578,0.997954502972683,0.9789216097310813,0.997954502972683,0.7521523448233967
304698909,39.2486734,9.1304314,0.9987562474037056,0.9770835216854126,0.9987562474037056,0.7519523557360025
304698910,39.249143,9.1308221,0.9984900102159767,0.9787362144670253,0.9984900102159767,0.7486727445805132
304698911,39.2501693,9.1288069,0.9946544411115921,0.9794392720159234,0.9946544411115921,0.7381289859538698
304698912,39.2497781,9.1295829,0.9972059582704874,0.9776802185750604,0.9972059582704874,0.7399894831354855
304594941,39.2581543,9.1272682,0.9620817335168782,0.9657845189360654,0.9565275553880973,0.662650013328181
304594943,39.2577134,9.1275413,0.9650991301634226,0.9680586421955151,0.9606598621152841,0.6679376419952541
304594944,39.2592004,9.1251481,0.9586754937930511,0.9669401747067398,0.946278472422518,0.6451225804915698
304594945,39.2588548,9.1254112,0.9605041528192028,0.9681936287925101,0.9489699388592417,0.6487211822700208
304594946,39.2585928,9.1256094,0.9612218034026585,0.9676178844589463,0.9516276818182269,0.6514659875037896
304594947,39.2585173,9.1256557,0.9616624025480915,0.9679319240983157,0.9522581202227552,0.6522207768923796
304594949,39.2579598,9.124745,0.9675281959628066,0.9729358264867755,0.9594167501768532,0.6603041854756608
304594950,39.2596914,9.1262946,0.955834988106856,0.96405572291702,0.9435038858916098,0.6471379479653402
304596642,39.2619977,9.1234299,0.9285739611510978,0.9559517299147477,0.8875073080056229,0.582975045833736
304596655,39.2607651,9.1203006,0.9446213108574487,0.9640666151754492,0.915453354380448,0.6075102417381906
304596657,39.2593739,9.1191543,0.9500518988116964,0.9631368263960369,0.9304245074351856,0.5985311607469923
304596661,39.2602611,9.116419,0.9513105023567394,0.9638415608921009,0.9325139145536973,0.5959948498570312
304596662,39.2574168,9.1148053,0.9656723934732677,0.9686268336227599,0.9612407332490295,0.6290475400214967
304596663,39.2581107,9.1156572,0.9630558867631939,0.9681882053585612,0.9553574088701428,0.6221123684402329
304596664,39.2578635,9.1159849,0.9573483126008173,0.95639714462733,0.9573483126008173,0.6253534731538604
304596678,39.2571709,9.1151336,0.9668845101830869,0.968901653876597,0.9638587946428218,0.6328618268851152
304596681,39.2563838,9.1162873,0.9706332049299354,0.9610346049963309,0.9706332049299354,0.6445619656958919
304596685,39.2561989,9.1166345,0.9706291803572316,0.9623118824928226,0.9706291803572316,0.6479351416915304
304596686,39.255933,9.1171114,0.9718714354385556,0.9636291917465736,0.9718714354385556,0.6520735950113326
304596688,39.2553329,9.1176751,0.9750516886495291,0.9662628288656465,0.9750516886495291,0.6587791759351829
304594889,39.2557914,9.1225058,0.9723398425999066,0.968880119711667,0.9723398425999066,0.6504871284102035
304594890,39.2554297,9.1228878,0.9752842875221792,0.9719557541584971,0.9752842875221792,0.6555722877220008
304594901,39.2541675,9.1224827,0.9842360077171411,0.9767760161033856,0.9842360077171411,0.6726457319543311
304594911,39.256311,9.1281204,0.9724516906503574,0.9736204073316864,0.9706986156283638,0.683235689894007
304594912,39.254536,9.1281872,0.9809470910171018,0.9791825424516242,0.9809470910171018,0.6991211367777913
304594913,39.2561942,9.1262539,0.963825270525119,0.9671987444237786,0.9587650596771295,0.664741028439468
304594914,39.2558659,9.1265655,0.9740651939700543,0.976017980592735,0.9711360140360331,0.6827979619486845
304594915,39.2555351,9.126934,0.9756251375735772,0.9770985459987993,0.973415024935744,0.686860262390193
304594917,39.2531595,9.1283032,0.9874713016003739,0.979378504846439,0.9874713016003739,0.7122300400283192
304594918,39.2525386,9.128359,0.9899143597326124,0.9795816147909201,0.9899143597326124,0.7179326764800422
304594919,39.2519816,9.1213792,0.9921856176555951,0.9801479752154508,0.9921856176555951,0.7006535853168452
304594924,39.2533412,9.124047,0.9862892680361869,0.9813125677811482,0.9862892680361869,0.6869338034010202
304594925,39.2534855,9.1242386,0.9854478305604667,0.9813362161481013,0.9854478305604667,0.6851002382610347
304594926,39.2536081,9.1244828,0.9769109159938107,0.9769856383697837,0.9767988324298514,0.6821148077369599
304594927,39.2538492,9.124925,0.9776751004954232,0.9774263762965212,0.9776751004954232,0.6865188586517341
304594929,39.2541351,9.1253697,0.9785732211623202,0.9785242026558121,0.9785732211623202,0.6898753909871324
304594930,39.2544339,9.1256504,0.9774442578188394,0.978137112200125,0.976404976246911,0.6870016317562575
304594931,39.2548122,9.1260323,0.9723531679419624,0.974694335964462,0.968841415908213,0.6791742686098863
304594937,39.2568684,9.1276409,0.9663052375893735,0.9686486017896039,0.9627901912890278,0.6709611839904919
304594940,39.2578354,9.1261071,0.9624243295338702,0.9653060549335732,0.9581017414343157,0.6590114907165885
304696681,39.2406148,9.1347248,0.9843819769219218,0.9831717354637401,0.9843819769219218,0.780783052792219
304696682,39.240381,9.1343427,0.9847961012843937,0.9836298398432485,0.9847961012843937,0.781165955391057
304696684,39.2401698,9.133718,0.9873113516926854,0.9865151293357256,0.9873113516926854,0.7830468778261459
304696686,39.239743,9.1327915,0.9894580179480797,0.9892535465717043,0.9894580179480797,0.7850015943850208
304696692,39.2390342,9.1316584,0.9924549412021801,0.9925295121683119,0.9923430847529826,0.7871280217671047
304697326,39.2499656,9.1315021,0.9985702322157621,0.979585585277244,0.9985702322157621,0.7418406957568641
304697327,39.2503095,9.1308779,0.9979703569945365,0.9795944841869275,0.9979703569945365,0.7370629625088452
304697328,39.2510546,9.1283474,0.9945459288128049,0.9804726056454908,0.9945459288128049,0.7311989536047063
304697329,39.2506182,9.1291971,0.9960561794963789,0.9782838980115494,0.9960561794963789,0.7339749185463158
304697330,39.2502399,9.1299205,0.9971947578339709,0.9775718626304865,0.9971947578339709,0.7352669133261459
304697331,39.2499158,9.1305581,0.9979535771495903,0.9791840250630951,0.9979535771495903,0.7401401297628483
304697332,39.2495856,9.1311953,0.9985610759754697,0.9775457287483592,0.9985610759754697,0.7444348754924939
304697333,39.2492502,9.1318434,0.9989858929268677,0.9787435792159108,0.9989858929268677,0.7480508918543598
304697334,39.2511238,9.1296325,0.9954872369840214,0.9791131334103224,0.9954872369840214,0.729158540500933
304697335,39.25051,9.1310429,0.9977111598627688,0.9794722694272364,0.9977111598627688,0.7348487133978706
304697336,39.251459,9.1299055,0.9949451056082147,0.9773327177921649,0.9949451056082147,0.7256620714802179
304697337,39.2508407,9.1313274,0.9971170320056656,0.9773252649435459,0.9971170320056656,0.7313417966842188
304697339,39.2522109,9.1291017,0.9886217740980238,0.976826026411512,0.9886217740980238,0.7125832197277656
304697340,39.2517596,9.1301542,0.994432608997755,0.9769507480913143,0.994432608997755,0.7242757480727321
304697341,39.2511789,9.1315249,0.9965201260949026,0.9761327069706915,0.9965201260949026,0.7288236629814584
304576503,39.2455831,9.1044916,0.9905717406726411,0.9901488843959859,0.9905717406726411,0.7785626118403342
304576506,39.2451088,9.104609,0.9910499588523385,0.9911804856742474,0.9908541686194752,0.7803380209869526
304576509,39.244132,9.1048668,0.9935007653510258,0.9938648399039887,0.9929546535215815,0.7837218498515784
304576511,39.2420316,9.105836,0.9973566438573511,0.9976195772639884,0.9969622437473953,0.7887115642399176
304576513,39.2413479,9.1063632,0.9978160253394889,0.9975239791190803,0.9978160253394889,0.7897860258020355
304576514,39.2377727,9.1033262,0.9994104376221482,0.9998590689077844,0.998737490693694,0.7929536315942777
304576523,39.2399151,9.1052104,0.9982002192404502,0.9985929920017137,0.997611060098555,0.7910773144913383
304576526,39.2405836,9.1071727,0.9985599271064768,0.9982072036589117,0.9985599271064768,0.7905796825138957
304576528,39.2412101,9.1050827,0.9971433162669838,0.9981469056564054,0.9956379321828516,0.7888801112636221
304576531,39.2418929,9.1037216,0.9963657220654007,0.9979227485230777,0.9940301823788853,0.787968228991367
304576535,39.2410322,9.103108,0.9969475950284773,0.9986892935424166,0.9943350472575682,0.7894228921655669
304576537,39.240625,9.1027737,0.9970860153343556,0.9989902446499884,0.9942296713609065,0.7901591505631109
304576538,39.2401178,9.1023574,0.9975522026640875,0.999296615576701,0.9949355832951672,0.79093016013207
304576540,39.2395574,9.1018974,0.9974319614337536,0.9993619136611251,0.9945370330926963,0.7906510386192138
304576541,39.2386649,9.1010904,0.9979712132394413,0.9994371760907208,0.9957722689625219,0.7905943230105399
304576545,39.2406981,9.1037227,0.9957316568234094,0.9984009240242403,0.991727756022163,0.7888135581852347
304576546,39.2414788,9.1018241,0.9950850684279821,0.9977512723968083,0.9910857624747428,0.7876623206913069
304576549,39.2392669,9.1001781,0.997877217848287,0.9990473431550825,0.9961220298880936,0.7894053205414084
304576551,39.2390125,9.1004839,0.998007692574638,0.9991617349291693,0.9962766290428411,0.7896243304937269
304576553,39.2382163,9.1018908,0.9976990613400194,0.9990360500734484,0.9956935782398758,0.7902210752664316
304587648,39.2422441,9.1178124,0.9576966735960675,0.9098739043465335,0.9576966735960675,0.6947946975346982
304587650,39.2413394,9.1175857,0.9988621942020092,0.9873357454906603,0.9988621942020092,0.761403009406858
304587653,39.2407711,9.1179828,0.9989428371683694,0.9902843221543266,0.9989428371683694,0.7651535828876358
304587657,39.2383313,9.116805,0.9972298056578145,0.9970876332335431,0.9972298056578145,0.7750723112023515
304587659,39.2398945,9.1173821,0.9981210255472103,0.9917507457251797,0.9981210255472103,0.7665750781855507
304587661,39.2391215,9.1180501,0.9984630120224373,0.9941565021974521,0.9984630120224373,0.7710523114783839
304587663,39.2395767,9.1169957,0.9963502821014856,0.9910971406584738,0.9963502821014856,0.7670180593907302
304587668,39.2390979,9.116124,0.9951674681349427,0.9917704434707264,0.9951674681349427,0.76679098280935
304587676,39.2425161,9.1156457,0.9985021068974824,0.9767463420909174,0.9985021068974824,0.7592427598031181
304587680,39.242498,9.1154371,0.9983672355335399,0.9755081112267252,0.9983672355335399,0.7582095457468335
304587682,39.2473816,9.1146319,0.9947753763419283,0.9412812550683897,0.9947753763419283,0.7176071314101888
304587684,39.2418604,9.1094378,0.9973826555582629,0.9970192408572474,0.9973826555582629,0.7854226097188692
304587744,39.2446496,9.111727,0.9839728363542487,0.9840974698085834,0.9837858861727466,0.7399098963043911
304587748,39.2447726,9.1140835,0.985198494846376,0.9524307343292413,0.985198494846376,0.7325699250494306
304588010,39.2517908,9.1120899,0.9892235774087136,0.9547405027012265,0.9892235774087136,0.6791454033394322
304590273,39.2581311,9.0908863,0.935697445977013,0.9130075814962136,0.935697445977013,0.6308029792379022
304590285,39.2581196,9.088527,0.9403848899368367,0.9084459983615898,0.9403848899368367,0.6211914958724568
304591533,39.2611799,9.0901696,0.8648257768784603,0.8507963824055021,0.8648257768784603,0.5639355143106278
304591541,39.2613756,9.0886855,0.8044766690407809,0.7756123842895455,0.8044766690407809,0.5045628501001183
304591546,39.2624751,9.0874431,0.0,0.0,0.0,0.0
304596739,39.2537337,9.1262955,0.9792364007375727,0.9774438783294566,0.9792364007375727,0.6946298468558176
304596740,39.2519834,9.1256059,0.9829741921047983,0.9807707785857691,0.9829741921047983,0.7028572432653415
304617226,39.2442652,9.1537951,0.9380539381713904,0.9277300579030086,0.9380539381713904,0.6327133332206435
304617227,39.2441138,9.1534414,0.9404701228054807,0.93013712267063,0.9404701228054807,0.6356069626599142
304617229,39.2438794,9.1531295,0.9430276053192806,0.9325502720025671,0.9430276053192806,0.6387176633027335
304617231,39.2435331,9.1529996,0.9466848467089347,0.9358472929946607,0.9466848467089347,0.6430107247692921
304617236,39.2433715,9.1540766,0.0,0.0,0.0,0.0
304618135,39.2413685,9.1500531,0.9716086476005582,0.958625708775308,0.9716086476005582,0.677593392733685
304618139,39.2419398,9.1509856,0.9658723273497966,0.9530609447168102,0.9658723273497966,0.6684482677386183
304618717,39.243543,9.1547393,0.0,0.0,0.0,0.0
304618740,39.2441604,9.1529443,0.940563810166288,0.9302206906483864,0.940563810166288,0.6357038660255645
304620860,39.2515672,9.1376795,0.9951277952309854,0.9663519151392969,0.9951277952309854,0.7154944200690518
304620862,39.2501101,9.1363322,0.9978242896470145,0.9753260113585578,0.9978242896470145,0.7330588776409693
304620873,39.2497677,9.1357697,0.9980464652503688,0.9767941469643368,0.9980464652503688,0.7370547942619898
304620884,39.2496227,9.1361798,0.9978283397772822,0.9758528343905175,0.9978283397772822,0.7334031563222096
304620897,39.2500869,9.1354872,0.9982334125082164,0.9766019735060777,0.9982334125082164,0.7357556645469877
304620899,39.2514406,9.1343778,0.9976484051770728,0.9729908526381892,0.9976484051770728,0.7315631846473609
304620900,39.2503937,9.1352379,0.9982425219322145,0.9757694936746318,0.9982425219322145,0.735222565539086
304621467,39.2517034,9.1346042,0.9972426858174989,0.9712269798679671,0.9972426858174989,0.7302004309162249
304695931,39.2524353,9.1352373,0.9957028507890214,0.9648669848369521,0.9957028507890214,0.7241493990921044
304698981,39.2465848,9.1347235,0.9981754586067844,0.9586050505367201,0.9981754586067844,0.743794975596022
304698986,39.2446409,9.1357391,0.9963549203670871,0.9509059247452984,0.9963549203670871,0.7454718621442004
304698987,39.2445803,9.1354989,0.9964490484262174,0.951476603734308,0.9964490484262174,0.7462110365968888
304698988,39.2467773,9.1350085,0.9989005824155792,0.9563295724696724,0.9989005824155792,0.7418315333050379
304698989,39.243724,9.1331514,0.9971015241324613,0.9818550002245869,0.9971015241324613,0.7720068751310147
304698991,39.2457314,9.1338223,0.9985838872661018,0.9623172414876588,0.9985838872661018,0.7552183893743917
304698998,39.244526,9.1319656,0.9976600153750511,0.985109434982056,0.9976600153750511,0.7717967334906564
304698999,39.2441934,9.1325189,0.9972486589538478,0.9837791444677835,0.9972486589538478,0.7715563948751208
304699002,39.2431315,9.1348585,0.9944971106089284,0.9814470524214511,0.9944971106089284,0.7765413254872028
304699003,39.2430348,9.1355261,0.993288101514882,0.9802399998179244,0.993288101514882,0.77636631543128
304699005,39.2427918,9.1361667,0.9918999154468122,0.9793805150653684,0.9918999154468122,0.7756535627800729
304699007,39.2483034,9.1212103,0.997080645245532,0.9884158786800964,0.997080645245532,0.7376017818428835
304699008,39.248683,9.1216444,0.9950694651151534,0.9863754415985766,0.9950694651151534,0.727180945074755
304699009,39.2489244,9.1218975,0.9941629024417229,0.9867636787963379,0.9941629024417229,0.728134818719822
304699010,39.2499623,9.123058,0.9923115261520705,0.9851470621355629,0.9923115261520705,0.7204023565650088
304699012,39.2493719,9.1238135,0.9916669380499211,0.9863084776938251,0.9916669380499211,0.727908899653307
304699013,39.2490874,9.1241651,0.9924176778875788,0.9861941043606649,0.9924176778875788,0.7310114762529389
304699014,39.2485794,9.1248406,0.9889308545412908,0.9858471943988465,0.9889308545412908,0.7291310167127008
304699015,39.2481587,9.1253661,0.9896151085289538,0.9833319443325128,0.9896151085289538,0.7341166652598348
304699016,39.2469099,9.1237191,0.9947457249945257,0.9869529998707127,0.9947457249945257,0.7443807447687276
304698913,39.2487873,9.1315055,0.9990973105349487,0.9779570184424677,0.9990973105349487,0.7519714535776942
304698915,39.2483252,9.1311234,0.9991278509022193,0.9777937085329235,0.9991278509022193,0.7550380174082236
304698916,39.2478797,9.1307172,0.9992017780239641,0.9787692805822964,0.9992017780239641,0.7575219844576259
304698917,39.250416,9.1290293,0.9940969156373176,0.9779186820912262,0.9940969156373176,0.735832015248877
304698918,39.2509435,9.1294737,0.9957872759010444,0.979833242715816,0.9957872759010444,0.7310830045181564
304698919,39.2507772,9.1293412,0.9961166699108359,0.9776492136697004,0.9961166699108359,0.7326092629257765
304698920,39.250157,9.1307503,0.9978247933992225,0.9791754842996772,0.9978247933992225,0.7361715178772492
304698922,39.2512578,9.1248855,0.9851879173305834,0.9821580887377419,0.9851879173305834,0.7107635518045496
304698923,39.2522349,9.1258516,0.9844349989024085,0.9802752320648935,0.9844349989024085,0.7047462226075631
304698925,39.2516676,9.1264993,0.9876239770676734,0.9808576555976778,0.9876239770676734,0.7120169189222003
304698926,39.2513664,9.1268476,0.9890475379050349,0.9803827237741205,0.9890475379050349,0.7147800727225841
304698927,39.2509213,9.1273557,0.9912254449884782,0.9808759689642753,0.9912254449884782,0.7205878136376768
304698928,39.2507388,9.1275643,0.9918771181420596,0.9804819037813881,0.9918771181420596,0.7225072105181681
304698932,39.2502593,9.1263966,0.9894804066083931,0.9831729793576511,0.9894804066083931,0.7221233968964964
304698933,39.2505405,9.1268007,0.9879937620956837,0.9818548419943832,0.9879937620956837,0.7183709854885963
304698934,39.2509413,9.1254204,0.9865069306035967,0.9829545067293265,0.9865069306035967,0.7154255825244938
304698935,39.2509787,9.1262874,0.9871783719188132,0.9810119620766776,0.9871783719188132,0.713288613556738
304698936,39.2500602,9.1266352,0.9901872208791764,0.982638060026368,0.9901872208791764,0.7226156529525252
304698937,39.2492777,9.1262473,0.988140742187839,0.9792946833641679,0.988140742187839,0.7187171868641433
304698938,39.2497376,9.1269837,0.9908929391434758,0.9818045335712814,0.9908929391434758,0.725497602355628
304763463,39.2412779,9.1121748,0.9968363716038432,0.9953677856673566,0.9968363716038432,0.7852752345358129
304763464,39.2414566,9.1125283,0.9963629106520623,0.9947949524455859,0.9963629106520623,0.7842443880708749
304763465,39.2415248,9.1119803,0.9965040650421696,0.9945906262599936,0.9965040650421696,0.7843285856809445
304763467,39.2417909,9.1121587,0.9957017473653629,0.9936381392091633,0.9957017473653629,0.7829509048587631
304763470,39.2415349,9.1116309,0.9957902649163616,0.9937734346330953,0.9957902649163616,0.7831256951440473
304763471,39.2410447,9.1116848,0.9973593816898908,0.9961121212373892,0.9973593816898908,0.7865350431949598
304763473,39.2411739,9.1112388,0.9966184590668344,0.995040908333277,0.9966184590668344,0.7848334744442821
304763476,39.2477803,9.1137752,0.9932075456388606,0.9334074226422087,0.9932075456388606,0.7106883933425097
304763477,39.2478353,9.1136221,0.993022418484652,0.9323568734342941,0.993022418484652,0.7099069582294286
304763486,39.2469492,9.1111436,0.9842360871202742,0.9031979184918264,0.9842360871202742,0.680643427947669
304763503,39.2477926,9.1037951,0.9762614518548394,0.9800297461273377,0.9706090104460919,0.7545413944104244
304763504,39.2473016,9.1056581,0.9604609441565728,0.969422801921661,0.9470181575089405,0.7410935151004615
304763673,39.2492537,9.1176039,0.9976578522289733,0.9779667054061291,0.9976578522289733,0.7166395618563965
304763683,39.2477916,9.1174268,0.9953460891363031,0.9740419983082543,0.9953460891363031,0.7069113037295601
304763685,39.2486444,9.1187495,0.997032187489949,0.9809318353312845,0.997032187489949,0.7207194141002169
304763689,39.2470647,9.1207259,0.9963943722187826,0.9866199617916827,0.9963943722187826,0.7322592994692724
304763690,39.2481358,9.1201582,0.9968067750474786,0.9861443663196247,0.9968067750474786,0.731351575511598
304763692,39.2465859,9.1203921,0.99620559291428,0.9865653891429337,0.99620559291428,0.7369407272950813
304763704,39.250385,9.1188624,0.9958175837498275,0.9803297050693774,0.9958175837498275,0.7158614387073887
304763705,39.2511317,9.1172429,0.9946160454236881,0.9743438711989103,0.9946160454236881,0.703195082709314
304734577,39.2412324,9.1321728,0.990210480189315,0.9858420073322425,0.990210480189315,0.7815007137162557
304734581,39.2407612,9.1325569,0.9907851568888708,0.9874337688271927,0.9907851568888708,0.782683138467517
304734585,39.2403313,9.1328783,0.9913041917306242,0.9877623090409222,0.9913041917306242,0.7834777108335241
304734586,39.240715,9.1315407,0.9907439443183275,0.9876931995906993,0.9907439443183275,0.7828622051927431
304734589,39.242096,9.1326173,0.9891278240340636,0.9838529156512331,0.9891278240340636,0.7792787857549963
304734591,39.2403289,9.13197,0.9912416067896538,0.989156907860497,0.9912416067896538,0.7839465573017419
304734592,39.2418515,9.1332258,0.9886581620719352,0.9827674930963314,0.9886581620719352,0.7792880646947
304734593,39.2411148,9.1310962,0.9901841635475626,0.9858808556128984,0.9901841635475626,0.7815464368101573
304734595,39.242303,9.1321246,0.9930253440861895,0.9838635940681486,0.9930253440861895,0.7781827455434395
304734596,39.2426151,9.1315048,0.9942122193244299,0.985054314980751,0.9942122193244299,0.7777180143136615
304734597,39.2438381,9.1330042,0.9971450234863235,0.9821697913348427,0.9971450234863235,0.7720222636468751
304734600,39.2426612,9.1345402,0.9932361365183351,0.9821228447398008,0.9932361365183351,0.7775367577809338
304734601,39.2427307,9.1345873,0.9933117559594403,0.9820329698817054,0.9933117559594403,0.7773401520671216
304734603,39.2424852,9.1351876,0.9897399841399919,0.980998044186809,0.9897399841399919,0.77742126630781
304734604,39.2422307,9.1358085,0.9900628312321562,0.9807176578681088,0.9900628312321562,0.7770978048177923
304734608,39.2416131,9.133831,0.9900845373777346,0.9839085943699345,0.9900845373777346,0.7804258083152975
304734610,39.2413486,9.1345023,0.9887658856230204,0.9830428535885192,0.9887658856230204,0.7806500868220573
304734612,39.2411327,9.1350567,0.988029366726319,0.9831407648100724,0.988029366726319,0.7802429039443257
304734614,39.2424944,9.1299341,0.9896195497140249,0.9813534178672346,0.9896195497140249,0.7697915759144253
304734616,39.2419777,9.1303366,0.990458436782443,0.9834033884705045,0.990458436782443,0.7727427642862958
304699017,39.2471845,9.1240935,0.9936753257759515,0.9861580979416604,0.9936753257759515,0.7414005409379294
304699018,39.2473402,9.124299,0.9930555107944753,0.9855492376700427,0.9930555107944753,0.7397042342699327
304699019,39.2474946,9.1244973,0.9925297369176599,0.9851921901837799,0.9925297369176599,0.7388355491462738
304699020,39.2477064,9.124769,0.9917027983115797,0.9847138699397784,0.9917027983115797,0.7382404325755761
304699021,39.2472391,9.1231265,0.9957758613218534,0.9885592464085309,0.9957758613218534,0.7457551648923687
304699022,39.2477117,9.1237288,0.9924374977463987,0.9868610440766803,0.9924374977463987,0.7353271135604966
304699023,39.2480811,9.1242171,0.9910231156141853,0.9865216460040713,0.9910231156141853,0.7336778554610663
304699024,39.247597,9.1224956,0.9964669677660758,0.9886857794296473,0.9964669677660758,0.7437199791946885
304699025,39.2478719,9.1228026,0.9958992052310277,0.9885882462553159,0.9958992052310277,0.7408173000481372
304699026,39.2481274,9.1231051,0.9952081808301834,0.987789594389924,0.9952081808301834,0.7383401199617927
304699027,39.2485175,9.1235551,0.9942129918470181,0.9871508954619743,0.9942129918470181,0.7364554022654519
304699028,39.2488451,9.1230768,0.9932371423329898,0.9872890002346909,0.9932371423329898,0.7322202359924019
304699029,39.2490655,9.1233646,0.9911067471592616,0.9858980025857341,0.9911067471592616,0.7249816123471022
304699030,39.2502887,9.1218733,0.993419300633867,0.9828955841934648,0.993419300633867,0.7147271411386151
304699031,39.2496301,9.1226823,0.9917785375613989,0.9845294858947476,0.9917785375613989,0.7177442400522431
304699033,39.2509979,9.1202124,0.994355585095565,0.9792309699306736,0.994355585095565,0.7101940662094517
304699034,39.2501975,9.1211079,0.9947894076271149,0.9830102329086285,0.9947894076271149,0.719545687790144
304699036,39.2493292,9.1223521,0.9938539523118993,0.9862581179265657,0.9938539523118993,0.7254358858158697
304699038,39.246829,9.1259984,0.9893423976916224,0.9813486863849381,0.9893423976916224,0.7370825712493878
304699039,39.2467681,9.1260706,0.9938328507916697,0.986491500414936,0.9938328507916697,0.7561809516372197
304734775,39.2388481,9.1368124,0.9885591259680125,0.9622638948065559,0.9885591259680125,0.7622278890450541
304734776,39.2383661,9.1368148,0.9899833726308448,0.9646841011762092,0.9899833726308448,0.762779796974238
304734779,39.2341257,9.1351249,0.9952732215351731,0.9757943001366101,0.9952732215351731,0.7592370753268579
304734780,39.2343745,9.1347956,0.995245148808712,0.9759246795790497,0.995245148808712,0.7673703568126342
304734788,39.2346459,9.1373359,0.9962857438014475,0.9780957742488758,0.9962857438014475,0.7585547256702069
304734790,39.2348508,9.1370962,0.9963032397550142,0.9767901512064769,0.9963032397550142,0.7603509263282429
304734792,39.2329665,9.1353841,0.9924644078665595,0.9774307444231837,0.9924644078665595,0.754018283666691
304734794,39.2328814,9.1344407,0.9916085108191888,0.9700665497625948,0.9916085108191888,0.7477144531432908
304734795,39.2332911,9.1349762,0.9934832517246577,0.9743555888343234,0.9934832517246577,0.7517296008049621
304734796,39.2335958,9.135405,0.9947999138826109,0.9773919936749095,0.9947999138826109,0.7553471403612626
304734798,39.23349,9.1346182,0.9921520413708088,0.9711470907708376,0.9921520413708088,0.7489649916472577
304734800,39.233506,9.1367242,0.9963356772972266,0.9848070574891093,0.9963356772972266,0.763709485200908
304734802,39.2336841,9.1365053,0.995859226652536,0.983264039779775,0.995859226652536,0.7617073174811471
304734803,39.2340663,9.136039,0.9958145063830756,0.9808951459554254,0.9958145063830756,0.7588064829693222
304734806,39.2335602,9.1371865,0.9966734286740342,0.9848766099062485,0.9966734286740342,0.7637038070440284
304734809,39.2320351,9.1369424,0.9960160725527683,0.9845032775030637,0.9960160725527683,0.7579451064094244
304734813,39.2355155,9.1398689,0.9978380115954528,0.9858500724868845,0.9978380115954528,0.7436576351743928
304734814,39.2363897,9.1387857,0.9961635839244569,0.979846065860828,0.9961635839244569,0.7278715502442835
304734819,39.2379933,9.1391373,0.993957688676335,0.976684525368897,0.993957688676335,0.7167617064081004
304734821,39.2380771,9.1390248,0.9936695666070906,0.9758707464009597,0.9936695666070906,0.7147037681983828
304699087,39.2457331,9.1235477,0.9938423480768084,0.9886087474544797,0.9938423480768084,0.7577896828483793
304699088,39.2451185,9.1237258,0.9927915241389322,0.9880449409895292,0.9927915241389322,0.7583822807096527
304699089,39.2450163,9.1230864,0.9930821923978416,0.9902194959176639,0.9930821923978416,0.7596106695356286
304699090,39.2448631,9.1220985,0.9924542238546137,0.9895454214274496,0.9924542238546137,0.7553219123858826
304699092,39.245923,9.124787,0.9949697921604944,0.9873410607691058,0.9949697921604944,0.7607644286670108
304699094,39.2453334,9.1209551,0.9944302857032576,0.9859254237480397,0.9944302857032576,0.7408843243574188
304699095,39.2458025,9.1208356,0.9953324398724213,0.9866834018346426,0.9953324398724213,0.7421151126246984
304699096,39.2450024,9.1210394,0.9935534729377866,0.9842880571599614,0.9935534729377866,0.7381807403027751
304734556,39.2449819,9.1289432,0.9980876612934162,0.9854872887928039,0.9980876612934162,0.7706492418407378
304734557,39.2444321,9.1292815,0.9941561801188625,0.982038496585271,0.9941561801188625,0.7698359860447286
304734560,39.2439561,9.1301838,0.9941250665993536,0.9829970435128785,0.9941250665993536,0.772078057935275
304734561,39.2437244,9.1307368,0.994344386820771,0.984142792197141,0.994344386820771,0.7734567484792464
304734563,39.2435911,9.1310736,0.9948991665743857,0.9846647598565926,0.9948991665743857,0.7741448481186319
304734564,39.2434689,9.1313566,0.994977645318782,0.9851790033250007,0.994977645318782,0.7749860216873681
304734566,39.2432523,9.1318931,0.9955406372925898,0.9855051399211552,0.9955406372925898,0.7758676520215174
304734567,39.2438074,9.130094,0.9935753302983208,0.982947286365315,0.9935753302983208,0.771814520162886
304734568,39.2433225,9.1304738,0.9919432713875582,0.9820647361669796,0.9919432713875582,0.771122601527269
304734570,39.2427887,9.130908,0.9931999031454599,0.9845042656833464,0.9931999031454599,0.7740707181299139
304734571,39.2423001,9.1313201,0.9923586722858876,0.984631314818823,0.9923586722858876,0.7784403059616927
304734572,39.2416941,9.1318058,0.9915960499238492,0.9854090348022329,0.9915960499238492,0.7803704183721932
304698941,39.2494182,9.127343,0.9917639236659941,0.9811274648848874,0.9917639236659941,0.7290521613714079
304698945,39.2483608,9.1285849,0.9913871121905871,0.9785648409690486,0.9913871121905871,0.7251745201344689
304698946,39.2477297,9.1280298,0.9877303442654414,0.9739353188530835,0.9877303442654414,0.7165413581931142
304698947,39.2480941,9.1286663,0.990519966055468,0.9772177961741865,0.990519966055468,0.7229185112579142
304698948,39.2474759,9.1281606,0.9863595946717264,0.9722718468082998,0.9863595946717264,0.7143446852476641
304698950,39.2506689,9.1258494,0.9883607427035336,0.9835274623977259,0.9883607427035336,0.7194703348070641
304698951,39.2492506,9.127518,0.9909766491480174,0.9803698501606213,0.9909766491480174,0.7273534834558194
304698952,39.2495136,9.1260016,0.9868008745037669,0.9780404562604708,0.9868008745037669,0.7162437614793983
304698953,39.2470414,9.1300377,0.9993435806340805,0.9814032822899812,0.9993435806340805,0.763910391577893
304698954,39.2465807,9.1309501,0.999439352704013,0.9772843463409369,0.999439352704013,0.7628817303530171
304698955,39.247122,9.1314488,0.999433555526043,0.9749492339631397,0.999433555526043,0.7595339656022431
304698957,39.2467322,9.1323679,0.9993372296599476,0.9714217271336997,0.9993372296599476,0.7591527532121786
304698958,39.2465709,9.1326014,0.9993084739284934,0.9694891222832446,0.9993084739284934,0.7595292932050006
304698961,39.2436156,9.1353603,0.9952627795694687,0.9514356821571944,0.9952627795694687,0.7447675352036548
304698965,39.2460009,9.130493,0.999333376152422,0.9789300495451801,0.999333376152422,0.7648678614981359
304698966,39.2453792,9.1317874,0.9992963883970498,0.973935031782983,0.9992963883970498,0.7654552904907699
304698967,39.2447594,9.1326596,0.9983947576755717,0.9748162806698374,0.9983947576755717,0.7668958336254157
304698968,39.2441268,9.133601,0.9972500292942534,0.9789254650947486,0.9972500292942534,0.7701663767817767
304698974,39.2446841,9.1361047,0.9958119430780716,0.9485835973053397,0.9958119430780716,0.7435158951542337
304698979,39.2477579,9.1339007,0.9981793710416216,0.9546038433355906,0.9981793710416216,0.7360998508473504
304699040,39.2463479,9.1265134,0.9950469805382224,0.9860861524264288,0.9950469805382224,0.7599780404465408
304699041,39.2459015,9.1270063,0.9969013696926399,0.9868139443382429,0.9969013696926399,0.7673681771341063
304699042,39.2502322,9.119123,0.9958828577759722,0.9810254509903709,0.9958828577759722,0.7180927808576993
304699043,39.2505992,9.1196377,0.9949974795509329,0.980686303809687,0.9949974795509329,0.7135731444720096
304699044,39.2513539,9.1207042,0.9934238452159818,0.9779478977649437,0.9934238452159818,0.7060952895402108
304699046,39.2509392,9.1192777,0.9948685125173541,0.9793179785236076,0.9948685125173541,0.7096490911571197
304699047,39.2498214,9.1205639,0.9955879664831522,0.9841907139069537,0.9955879664831522,0.7225215310175421
304699048,39.2485696,9.1224377,0.9941986233403715,0.9871814954969688,0.9941986233403715,0.7328569366795343
304699049,39.2496329,9.1202913,0.9959557928165769,0.9846494437197035,0.9959557928165769,0.7245268989608955
304699050,39.249465,9.1200483,0.996396173234089,0.9848348206006351,0.996396173234089,0.7268379736115108
304699051,39.25051,9.1186399,0.9955254369134426,0.9795929703962983,0.9955254369134426,0.7141449999797563
304699052,39.2511109,9.1195227,0.99442051718489,0.9781363069190717,0.99442051718489,0.7073738652780074
304699053,39.2465577,9.1255977,0.9899757196569621,0.9822269364011629,0.9899757196569621,0.7372579595855066
304699054,39.2463556,9.1252832,0.9894596097176566,0.9811149138313071,0.9894596097176566,0.7365563866555744
304699055,39.2461491,9.1249667,0.9954779097005176,0.9862427867767868,0.9954779097005176,0.7614588529587571
304699056,39.2471637,9.1265716,0.9943027683589437,0.9876181429317217,0.9943027683589437,0.7579299569380683
304699057,39.2473258,9.1264187,0.9938117533592481,0.9866445329722229,0.9938117533592481,0.7566806152378558
304699058,39.246704,9.1269823,0.9954984633683304,0.9843473476743969,0.9954984633683304,0.7616285169699323
304699059,39.2461569,9.1274852,0.9967340729448598,0.9854876386556128,0.9967340729448598,0.765788510612036
304699060,39.2457157,9.126549,0.9971953329327725,0.9840408632154121,0.9971953329327725,0.7691723721029516
304734701,39.2364487,9.1290458,0.9899497641144138,0.9903714532605487,0.9893172303952116,0.7839253592387351
304734702,39.2370172,9.1287376,0.9876430835917441,0.9887132466550544,0.9860378389967787,0.7812517810406794
304734703,39.2368229,9.1292794,0.9887520749701134,0.9894925033900887,0.9876414323401507,0.782254538818828
304734705,39.2362702,9.1283597,0.9905332000106032,0.9913207679193935,0.9893518481474178,0.7845910508982223
304734706,39.2381405,9.1292885,0.9852816220538246,0.9863674742984864,0.9836528436868321,0.7775819070187538
304734711,39.2358666,9.1264369,0.992510925163717,0.9862671793518545,0.992510925163717,0.780163286315379
304734713,39.2363859,9.1266194,0.9912745877910476,0.9912013349301981,0.9912745877910476,0.7863437671196412
304734715,39.2334039,9.1331674,0.9976198197795307,0.9912395480558707,0.9976198197795307,0.7822850985492527
304734726,39.2360715,9.1369273,0.9953806507796916,0.975162806542011,0.9953806507796916,0.7676013058130841
304734729,39.234448,9.1355715,0.9958826036877835,0.9782058055249035,0.9958826036877835,0.7596296661321958
304734730,39.2352548,9.1366233,0.9960795741355785,0.9749523252664346,0.9960795741355785,0.763264341765467
304734732,39.2357008,9.1367935,0.9957463279017595,0.9740385535407339,0.9957463279017595,0.7656589563742582
304734734,39.2365609,9.1369227,0.9943513667784205,0.971678307370728,0.9943513667784205,0.764543599975898
304734740,39.2387045,9.1353658,0.9891588227366916,0.9629886580485943,0.9891588227366916,0.7598709163907037
304734743,39.2389566,9.1342727,0.98635228901617,0.9569455551002419,0.98635228901617,0.7572825255478182
304734744,39.2390816,9.1340467,0.9859814709504067,0.955997092859725,0.9859814709504067,0.7565884086960578
304734748,39.2394552,9.1331291,0.9840937982920629,0.9733174103845854,0.9840937982920629,0.7735871222384265
304734752,39.2375423,9.1354132,0.9925963336162981,0.973635746085221,0.9925963336162981,0.7667054418240737
304734753,39.2375518,9.1352851,0.9924552627751951,0.9732007563324291,0.9924552627751951,0.7658617869858708
304734767,39.2400596,9.1363811,0.9835619289869796,0.9575758817964337,0.9835619289869796,0.7622740810509145
304763706,39.2512356,9.1169582,0.9941886561281371,0.9733801815761508,0.9941886561281371,0.7010191666653458
304763707,39.2514793,9.116324,0.9931017820399832,0.9707912266350207,0.9931017820399832,0.6956300221664226
304763709,39.2518866,9.1157259,0.9916807162979151,0.9687766831996657,0.9916807162979151,0.6898329131775749
304763710,39.2523672,9.1152714,0.9900887641097535,0.9669954265181855,0.9900887641097535,0.684476491649155
304764036,39.2529952,9.114572,0.9880807821203998,0.9638170854298016,0.9880807821203998,0.6768490090488641
304764041,39.2523132,9.1138902,0.0,0.0,0.0,0.0
304764043,39.251856,9.1141054,0.9848576404249878,0.9471705042888571,0.9848576404249878,0.6538030003070987
304764048,39.2552274,9.1150658,0.9772690210752294,0.9535793192285716,0.9772690210752294,0.6486183305531092
304764051,39.2535479,9.1157521,0.9839664178694641,0.9599120228221836,0.9839664178694641,0.6667365655512859
304764054,39.2536856,9.1180503,0.9811620816324973,0.9597425919779424,0.9811620816324973,0.6667975315975233
304764080,39.2519684,9.1179545,0.9921080525861643,0.9705245115424518,0.9921080525861643,0.693513937230208
304764087,39.2526834,9.1189169,0.9861105504720914,0.9686232045565093,0.9861105504720914,0.6758993069511703
304764098,39.2517972,9.1181942,0.9926456959445219,0.970526913684674,0.9926456959445219,0.6958422881229023
304764101,39.2517582,9.118747,0.9806907919153524,0.9603259209541933,0.9806907919153524,0.6636345124834119
304764107,39.2523097,9.1193341,0.9840112075573432,0.9656658423653984,0.9840112075573432,0.67082963903604
304764119,39.2524907,9.1176243,0.9893887098390566,0.9609981522314659,0.9893887098390566,0.6816603068182674
304764125,39.2535974,9.117208,0.9771989192056497,0.9552707860962061,0.9771989192056497,0.6565367357226816
304764129,39.2543249,9.1185731,0.9814081458556222,0.9672482091999547,0.9814081458556222,0.6702008161235458
304764131,39.2542817,9.1165389,0.9798294706536365,0.9577776073097389,0.9798294706536365,0.6595933703950351
306145817,39.1940461,9.1567609,0.9935168392978777,0.9981430044975401,0.986577591498384,0.597450069160049
313332540,39.2240346,9.1153549,0.9889950746327844,0.9945140805183358,0.9807165658044572,0.7902850953034378
313332543,39.227163,9.1116936,0.9830031852566832,0.9834031437971137,0.9824032474460375,0.7903738973107428
313482284,39.2205434,9.1135928,0.9983652503022844,0.9999233829196357,0.9960280513762576,0.7992861661467635
313482285,39.2207052,9.1134869,0.9975829129358058,0.9999202071864799,0.9940769715597946,0.798800256298515
313482286,39.2208958,9.1125522,0.9978313016963505,0.9999648199809121,0.9946310242695079,0.7991700825559003
313482293,39.2207577,9.1124949,0.9979298660333771,0.9999455493126199,0.9949063411145128,0.7992722142363098
313606738,39.230355,9.1109254,0.9968236781987944,0.9982323601396104,0.9947106552875703,0.7926915780371832
313606740,39.2302856,9.1110418,0.9967476226563112,0.9981877996319757,0.9945873571928145,0.792630794321908
313607055,39.2330795,9.1112028,0.9993953507839161,0.999936578577315,0.9985835090938177,0.792565717836653
313609084,39.2296209,9.1097784,0.987706450929385,0.9888784556798874,0.9859484438036316,0.7891928985208649
313677521,39.2138915,9.1054052,0.9976532511910807,0.9987848880779024,0.995955795860848,0.7950978007492786
313677525,39.2139252,9.1052857,0.9978096508043112,0.9987029218785731,0.9964697441929183,0.7949060989406044
313680513,39.2334598,9.1111526,0.9994845950960128,0.9999562558369094,0.9987771039846681,0.7927893652092125
313719195,39.2217558,9.1258908,0.9999008072183565,0.9998796877300294,0.9999008072183565,0.7960522667356966
313720148,39.2152045,9.1088069,0.9995143505982492,0.9999375141366532,0.9988796052906431,0.7994869536254061
313736984,39.2315703,9.0938477,0.0,0.0,0.0,0.0
313736993,39.2315721,9.0940198,0.0,0.0,0.0,0.0
314898763,39.223731,9.1153918,0.989381405010838,0.993901975901681,0.9826005486745737,0.7893519381904281
314898776,39.2230971,9.1177204,0.9973938938277308,0.9988565673409328,0.9951998835579279,0.7844746764761149
314898786,39.2166812,9.1171002,0.999482969832615,0.9999982111582121,0.9987101078442192,0.7990250354871848
304734617,39.2415288,9.1296242,0.9927606840257289,0.9875590526907129,0.9927606840257289,0.7767496972938607
304734618,39.2413526,9.1293395,0.9924559307169768,0.9883529010209284,0.9924559307169768,0.7810306925006506
304734621,39.2406628,9.1284454,0.9919172672815079,0.9908815940943104,0.9919172672815079,0.7833228683239216
304734623,39.240274,9.1281381,0.9924461267550571,0.9917724158465017,0.9924461267550571,0.783741205687372
304734624,39.2409454,9.1280548,0.9912141155666041,0.9904456835785928,0.9912141155666041,0.7820784366439169
304734628,39.2420424,9.1286753,0.9937861020666419,0.9887406789524634,0.9937861020666419,0.777665041271975
304734630,39.2423325,9.1282726,0.9926349255363166,0.9875499198215655,0.9926349255363166,0.7759711362759996
304734632,39.2425894,9.1285127,0.9916123747044492,0.9866273398141999,0.9916123747044492,0.7744291407511978
304734634,39.2397872,9.131249,0.9915763809847431,0.9910667861149913,0.9915763809847431,0.7854335471364707
304734635,39.2399822,9.1293266,0.9901328909393622,0.9890538129035332,0.9901328909393622,0.7822727619814096
304734638,39.2396631,9.1305626,0.9905502315931495,0.990098576715808,0.9905502315931495,0.7843744049758737
304734639,39.2394613,9.1308154,0.991390429385131,0.9912221286741417,0.991390429385131,0.7856843030930729
304734640,39.239989,9.1309961,0.9910837812975196,0.990688025917105,0.9910837812975196,0.7848208953270267
304734642,39.2412325,9.1276594,0.9904291106367972,0.9901390407697478,0.9904291106367972,0.7811385092130952
304734643,39.2396516,9.1297544,0.9894534479850637,0.9884453401693657,0.9894534479850637,0.7821847430397206
304734644,39.2391511,9.1304027,0.9873135107440737,0.9866786887924665,0.9873135107440737,0.7808052685202929
304734646,39.2392863,9.1292565,0.9927653901146957,0.99228581943635,0.9927653901146957,0.7850148791713049
304734647,39.2414282,9.1307477,0.9885213893929211,0.9842366866839,0.9885213893929211,0.7804155906836399
304734648,39.2396007,9.1310009,0.9916810180362549,0.9915496226510168,0.9916810180362549,0.7859328557187784
304734650,39.2440031,9.1289877,0.9927580895472555,0.9814391806377876,0.9927580895472555,0.768513773860891
304699061,39.245911,9.1259046,0.9965095934109011,0.9866593729044443,0.9965095934109011,0.7661445296674457
304699063,39.2462689,9.1244992,0.995272482966699,0.986294875897423,0.995272482966699,0.7592728929408281
304699064,39.2464031,9.1233829,0.994250531833174,0.9875439891789715,0.994250531833174,0.757426762533358
304699066,39.2463498,9.1220668,0.995277717943265,0.9888909129879775,0.995277717943265,0.7490218634002979
304699067,39.2465378,9.1206526,0.9960473221675522,0.9865420870763942,0.9960473221675522,0.7384446527837469
304699068,39.2474821,9.1226933,0.9963826194498847,0.9893166060967119,0.9963826194498847,0.7467492182190065
304699069,39.2477503,9.1222144,0.9967952529603907,0.9890862030718454,0.9967952529603907,0.7444388736603764
304699070,39.2480163,9.1217443,0.9970632483186327,0.9889464229038878,0.9970632483186327,0.7417206661369539
304699071,39.2483956,9.1208994,0.9971797698939,0.9881094302888628,0.9971797698939,0.7374789894763178
304699072,39.2485529,9.1204538,0.9971620152019844,0.9869116787518106,0.9971620152019844,0.7342114291732172
304699073,39.249073,9.1190444,0.9970364708118302,0.9826316412004292,0.9970364708118302,0.7246660596827347
304699076,39.2508685,9.117914,0.9951622852272191,0.9767538701005681,0.9951622852272191,0.708225259000227
304699078,39.2498122,9.1197131,0.996353354787866,0.9833587813530983,0.996353354787866,0.7233856048684054
304699079,39.2473733,9.1218718,0.9966991640338008,0.9892467122938214,0.9966991640338008,0.7468182773059856
304699080,39.2470346,9.1221776,0.9952495024866869,0.9883118140037871,0.9952495024866869,0.7500582876292925
304699081,39.2466639,9.1225362,0.9954620230596466,0.9892503092803905,0.9954620230596466,0.7535268675556692
304699083,39.2477284,9.1215213,0.996994674523861,0.9890571195301338,0.996994674523861,0.7435698019404161
304699084,39.2460044,9.1221579,0.9951696463050167,0.9894114248906233,0.9951696463050167,0.7503710808476259
304699085,39.2455354,9.1222774,0.9950375990852082,0.9901192318713867,0.9950375990852082,0.7540971144365387
304699086,39.2449121,9.1224361,0.9933388756679894,0.9902895397856106,0.9933388756679894,0.7574121421775429
306145821,39.19412,9.1570317,0.9936895568708759,0.9982069158195891,0.9869135184478061,0.5991910493474013
306145825,39.1941621,9.15705,0.9933372400657006,0.9977925239788393,0.9866543141959925,0.599583666824878
306145832,39.1943352,9.1568771,0.9936972142596981,0.9979162714584859,0.9873686284615164,0.6016959003322744
306145848,39.1953032,9.1590685,0.9909922629720795,0.9985139526695107,0.9797097284259328,0.5615724391131448
306145852,39.1965784,9.1593565,0.9929482103297099,0.999065480185246,0.9837723055464058,0.5708621356934988
306145861,39.2015765,9.1614829,0.9892528123083661,0.9995709420698731,0.9737756176661057,0.5231258427413294
306145863,39.2021809,9.1619327,0.9885324363311777,0.9995134680229706,0.9720608887934884,0.5183912591472225
306145867,39.2043776,9.1635816,0.9844157318419672,0.9985329192398461,0.9632399507451488,0.49909090645031046
306145869,39.2048871,9.1639463,0.9829564339473926,0.9980347083736566,0.9603390223079966,0.49308689637130404
306146619,39.2097361,9.1648992,0.9630881084314229,0.9821598213098564,0.9344805391137726,0.4589297340296227
306146624,39.2097137,9.1646097,0.9632772108797176,0.9823108342373585,0.9347267758432561,0.45897926527025157
306146634,39.2095259,9.1647299,0.9643559049815856,0.9837495585502526,0.9352654246285851,0.4567606160948026
306146647,39.209542,9.1648509,0.9647088391666921,0.984124252897626,0.9355857185702915,0.45741759389183323
306146929,39.2093987,9.1651735,0.9660848227797698,0.9856177916038649,0.9367853695436273,0.4582000456598701
306146932,39.2084168,9.1668218,0.9708759615964432,0.9893595315434055,0.9431506066759997,0.4646812642686551
306221921,39.2168268,9.1790587,0.9089699291727252,0.9659283504008892,0.8235322973304794,0.3635527142671295
306221954,39.2166184,9.1798313,0.8963300954403336,0.9616531738136733,0.798345477880324,0.3458974352473718
306221957,39.2172302,9.1799597,0.0,0.0,0.0,0.0
306222209,39.1950951,9.1575472,0.9916035994764104,0.9978561942518859,0.9822247073131971,0.5678252287660085
306222210,39.1954984,9.1576636,0.9921192928534786,0.9979457560209388,0.983379598102288,0.5706159319048638
304762075,39.2318207,9.101703,0.99715686448655,0.9970230361836216,0.99715686448655,0.7730926210810067
304762076,39.2336214,9.1021428,0.9996500353751461,0.999755695350895,0.9994915454115227,0.7876689245798025
304762079,39.2332002,9.0980827,0.9977650557260759,0.998462639145087,0.9967186805975591,0.7803405918484044
304762080,39.2331187,9.0975658,0.998182941012373,0.9988664939599454,0.9971576115910143,0.7819367217703923
304762082,39.231811,9.0979305,0.9960711633123982,0.9978584232991088,0.9933902733323322,0.7751940897337588
304763196,39.2364716,9.0969265,0.997558844304803,0.9989990049843689,0.9953986032854542,0.783906159455388
304763199,39.2382283,9.0968647,0.9970563423612466,0.9988055010526526,0.9944326043241375,0.7821162464837275
304763200,39.237999,9.099778,0.9984400197912098,0.9987450955815542,0.9979824061056932,0.7910432059612671
304763201,39.2373142,9.0947072,0.9961510242799643,0.9967986249276497,0.995179623308436,0.7730264384765408
304763206,39.237851,9.0968797,0.9972624246189036,0.9985637787905791,0.9953103933613904,0.7804902837960425
304763207,39.23467,9.0939002,0.9945064361732541,0.9946527249623847,0.9942870029895582,0.7618774589160262
304763209,39.2351271,9.0947266,0.9957164234362328,0.9958274427183468,0.9955498945130619,0.7671228556301071
304763210,39.2357738,9.0958935,0.9970037244964204,0.9971642206245133,0.996762980304281,0.7739790273165936
304763211,39.233104,9.0952757,0.9960310145568938,0.9965577975478758,0.9952408400704208,0.7648032252190547
304763213,39.2353156,9.0933328,0.9929285876676932,0.9923966671209837,0.9929285876676932,0.7565620950109673
304763215,39.2320297,9.0938319,0.9937932532692908,0.994950444092844,0.9920574670339608,0.7538497468196811
304763220,39.2344172,9.0921572,0.9900276702702461,0.9873422434869032,0.9900276702702461,0.7468527820793321
304763227,39.2319532,9.0934099,0.9950186335623424,0.9977591608288986,0.9909078426625081,0.7561847401232975
304763228,39.2318653,9.0934777,0.9950908554330363,0.9977927118811561,0.9910380707608566,0.7564624956674996
304763230,39.2318711,9.0938476,0.0,0.0,0.0,0.0
304734652,39.2436463,9.1289249,0.9969558069994701,0.9874450262295923,0.9969558069994701,0.7706554362124507
304734655,39.2424934,9.129274,0.9950666207717105,0.9895332906566221,0.9950666207717105,0.7766265049746025
304734657,39.2408416,9.1271653,0.9907333227153666,0.9909555197427098,0.9904000271743518,0.781272947728659
304734661,39.2415535,9.1280582,0.9914780250020907,0.9892116406793973,0.9914780250020907,0.7796568898987507
304734664,39.2418526,9.1270507,0.9932866210187911,0.9791962242722078,0.9932866210187911,0.76525689724312
304734667,39.2382049,9.1307672,0.9938629730950251,0.9936855474754999,0.9938629730950251,0.7869076328928634
304734668,39.2385752,9.1312627,0.993094930344654,0.9929924468427148,0.993094930344654,0.7865491725444758
304734669,39.2397427,9.1262333,0.9934016012569049,0.9934413117036401,0.993342035586802,0.7826335519323124
304734671,39.2395768,9.1266538,0.9922289040819718,0.9928142525770333,0.9913508813393798,0.7823860767807753
304734673,39.2384415,9.1288376,0.9914641064229317,0.9915127496987826,0.9913911415091554,0.7836891024263859
304734675,39.2377972,9.1298895,0.9859157257391845,0.9872645730941167,0.9838924547067861,0.7783512749064724
304734676,39.2400787,9.1274597,0.9913343088161827,0.9921274890223036,0.9901445385070011,0.782308554494265
304734677,39.2389137,9.1290815,0.9923345567565458,0.9918639673514,0.9923345567565458,0.7841498938007746
304734679,39.2400471,9.1269409,0.9923623892032811,0.9928895982932819,0.9915715755682799,0.7830211291510651
304734680,39.2401659,9.1282599,0.9926399179809127,0.9919232851936157,0.9926399179809127,0.7840125732650228
304734684,39.2360601,9.1276702,0.9904411272297255,0.9919152930575086,0.9882298784880511,0.7857771456776312
304734688,39.2380006,9.128632,0.9903662505033345,0.9907270072140342,0.989825115437285,0.782458426970412
304734690,39.2386554,9.1266658,0.9909974810273459,0.9913468546899247,0.9904734205334775,0.7827157019332219
304734692,39.2374317,9.126289,0.9927748325031488,0.9912705909898345,0.9927748325031488,0.7848692154556507
304734699,39.2365988,9.1285339,0.9907649627102487,0.9914138670304941,0.9897916062298808,0.7848037859594932
304734823,39.236294,9.1411336,0.9969970314474242,0.9836921693656685,0.9969970314474242,0.7345591178722839
304734827,39.2367556,9.1392804,0.995925527158799,0.9796700982791058,0.995925527158799,0.7269334664089327
304734829,39.2374177,9.1430376,0.9947356829718337,0.9834356888951775,0.9947356829718337,0.7343146806169064
304734841,39.2424653,9.1401279,0.9865348173765004,0.9890847406203171,0.9827099325107753,0.7606568085592875
304740408,39.2364191,9.1329036,0.9964090406417289,0.989826272234088,0.9964090406417289,0.7823734504392619
304740409,39.2369504,9.1324586,0.9953507768048911,0.990681715121227,0.9953507768048911,0.7835520691070661
304740412,39.2373639,9.1331712,0.9946490511049962,0.9893918102059108,0.9946490511049962,0.7821267200314628
304740427,39.2359419,9.1309207,0.994228803913599,0.9878104741522591,0.994228803913599,0.7804241488935458
304740430,39.2349885,9.130759,0.9932419326972866,0.9855149795205012,0.9932419326972866,0.7774763060108666
304740443,39.2355679,9.1321551,0.9972276020550226,0.9884050531264539,0.9972276020550226,0.7814418599441937
304740448,39.2351877,9.1312723,0.9863164360638706,0.9703423756200815,0.9863164360638706,0.7605855051415706
304742283,39.2228759,9.1074543,0.9972439105009224,0.9997673396477833,0.993458766780631,0.7931419243669827
304742287,39.2228358,9.1065034,0.9974698788560441,0.9998887785283577,0.9938415293475739,0.7883209897142951
304742292,39.2228153,9.1052871,0.9985155010368463,0.9999737960290478,0.9963280585485439,0.7877809751971945
304742299,39.2263079,9.1079562,0.9831414284839854,0.983432081093631,0.982705449569517,0.7875009002931895
304742302,39.2262073,9.105932,0.9710380825548787,0.9706147170915922,0.9710380825548787,0.7787587158986717
304742303,39.2269745,9.1074415,0.9787693410997951,0.9788447862635913,0.9786561733541008,0.7844982730844289
304742308,39.2224211,9.1035979,0.9992512634624887,0.9997774052725278,0.9984620507474302,0.7921492478895542
304742309,39.2220566,9.1040203,0.9992429092590462,0.9998363981151193,0.9983526759749366,0.793328703513438
304742310,39.2210314,9.1052487,0.9996648942957077,0.9999525690886101,0.999233382106354,0.7968349174011524
306297175,39.1982085,9.1381766,0.9948677037323796,0.9769789811558832,0.9948677037323796,0.6694085987441741
306297203,39.2000445,9.1322171,0.9707899967840206,0.9828959741524388,0.9526310307313933,0.7118521624253474
306299123,39.1981419,9.1402596,0.989170287587111,0.984610009365944,0.989170287587111,0.6680066404897643
306299125,39.1964792,9.1379291,0.9951769470622156,0.9751839024688853,0.9951769470622156,0.6644677437109057
306299165,39.1928472,9.1390943,0.9916357236676915,0.9615652027434677,0.9916357236676915,0.6276230051828079
306299169,39.1924001,9.1391856,0.9907531300695095,0.9590193049719252,0.9907531300695095,0.6235934067995069
306299174,39.191392,9.1397398,0.9899159536306459,0.9603286755862491,0.9899159536306459,0.6248920056903321
306299177,39.1911202,9.1398974,0.989373297990711,0.9609434321805197,0.989373297990711,0.6248261986713697
306299182,39.1892956,9.1413145,0.9824266451725192,0.9447649343180192,0.9824266451725192,0.5994374103431074
306299195,39.1932609,9.1353089,0.9822940674676219,0.9410154401890508,0.9822940674676219,0.6147995697188438
306299206,39.1948238,9.1351441,0.9872394564589979,0.9570717228865813,0.9872394564589979,0.6359345260444789
306299208,39.1924987,9.1407117,0.9899464913186143,0.968611726232304,0.9899464913186143,0.6364878874742278
306299216,39.1977919,9.1437556,0.9943508776953147,0.9920646466945795,0.9943508776953147,0.6910890229023979
306299219,39.1982827,9.143828,0.9951946959228792,0.9929391789629338,0.9951946959228792,0.6940639817113365
306299221,39.1917978,9.1411201,0.9882029894983132,0.9647954201968559,0.9882029894983132,0.6292635243733504
306299222,39.1906691,9.1418732,0.9842681358720388,0.9562308397703623,0.9842681358720388,0.6136578305589117
306299224,39.1899314,9.1423651,0.9809470215739725,0.9501128458242993,0.9809470215739725,0.6049298519370776
306299225,39.1926912,9.1419384,0.9852817825156578,0.9595918646045647,0.9852817825156578,0.617348534981368
306299235,39.1906714,9.1425191,0.9822377236455947,0.9524586375412516,0.9822377236455947,0.6074697275000451
306299244,39.1923093,9.1416437,0.9865620618520323,0.9617313576526213,0.9865620618520323,0.622748023124756
309849377,39.2097889,9.1179515,0.9978381547554326,0.999003756115629,0.996089752715138,0.787265198225338
309849493,39.2109549,9.1184809,0.9996833816609593,0.9999836781839445,0.9992329368764813,0.797098389942628
309849495,39.2108456,9.1169104,0.9988960880131921,0.9996369456930145,0.9977848014934583,0.795004266602722
309850457,39.1980965,9.1481372,0.9947715791248819,0.9953849276240277,0.9938515563761631,0.6818162879728474
309850461,39.195834,9.1521733,0.991863235158358,0.9936608607766672,0.9891667967308942,0.630282303832116
309850466,39.1946465,9.1544982,0.9912844170660441,0.9958976564859763,0.9843645579361457,0.5876426971948325
309850467,39.1943922,9.1552778,0.991553131443814,0.9963806338555949,0.9843118778261425,0.5890881739928825
309850469,39.2019799,9.1411882,0.9978100683223161,0.9945607988043116,0.9978100683223161,0.7278157695412344
309851187,39.2019792,9.1359002,0.9910533567533747,0.9867918855774189,0.9910533567533747,0.7322555247658525
309853032,39.2192823,9.0546042,0.5398446937663177,0.8997411562771962,0.0,0.0
309853059,39.2186171,9.0557456,0.5398446937663177,0.8997411562771962,0.0,0.0
309853107,39.2189334,9.054224,0.5398446937663177,0.8997411562771962,0.0,0.0
309853132,39.2202076,9.0558679,0.5398446937663177,0.8997411562771962,0.0,0.0
309853145,39.2207873,9.0557061,0.38020736966665714,0.6336789494444286,0.0,0.0
309853207,39.220121,9.0544883,0.3789286964273467,0.6315478273789112,0.0,0.0
309853235,39.2198717,9.0506669,0.35661150150511134,0.5943525025085189,0.0,0.0
309853278,39.2193726,9.0533123,0.5398446937663177,0.8997411562771962,0.0,0.0
313332533,39.2273061,9.1116103,0.9900139141119509,0.9909773062856472,0.9885688258514065,0.7919530579479815
313332538,39.2243424,9.114924,0.9905633337112992,0.9958888187375545,0.9825751061719163,0.7915770001754764
313332539,39.2240703,9.1152212,0.9894982229835612,0.9945173434702265,0.9819695422535633,0.7901654223757344
306222211,39.1967472,9.158037,0.9939372273248833,0.9987027444653638,0.9867889516141627,0.5798720668408829
306222212,39.1985726,9.1585954,0.9935558005387399,0.9992130834260324,0.9850698762078013,0.5642103721081534
306222213,39.2004235,9.1591876,0.9915577028124313,0.9993965861100047,0.9797993778660712,0.5418845839795843
306222215,39.2013874,9.1597745,0.9913752144112943,0.9994179766446178,0.9793110710613089,0.539180495300071
306222216,39.2027046,9.1607969,0.9890464240095013,0.9994218670713645,0.9734832594167064,0.5205384401540842
306222219,39.2066348,9.1627456,0.9788520383109763,0.9955835632775295,0.9537547508611467,0.4796509879099059
306222224,39.2070741,9.1638799,0.9779191096319552,0.9943117027435499,0.953330219964563,0.48148897210719294
306222275,39.1946702,9.1585586,0.9904459005028182,0.9985184717642431,0.9783370436106807,0.5584220430796555
306222283,39.19539,9.1584536,0.9912868506109418,0.9981392001495131,0.9810083263030848,0.5656573321851674
306222328,39.1966618,9.1587365,0.993455797613591,0.9988986273081802,0.9852915530717071,0.5751376363800212
306222351,39.1985065,9.1591559,0.9931944389559505,0.9993300181567946,0.9839910701546843,0.5604739237260844
306222384,39.2001909,9.1597632,0.991765085992878,0.9995378550500781,0.9801059324070779,0.545467419805942
306222386,39.2011,9.1604138,0.9910667112351182,0.999605381395056,0.9782587059952116,0.5369230448153531
306222423,39.2026214,9.1609758,0.9891416977486012,0.9994197945529931,0.9737245525420133,0.5216622384382194
306222424,39.2035108,9.1616518,0.9879424547932733,0.9993775237906715,0.970789851297176,0.5133714960349945
306222425,39.2030987,9.1626243,0.987127514066108,0.9993717879848757,0.9687611031879565,0.5098236761714054
306222441,39.2041259,9.1619457,0.9874251260131733,0.9992144595826461,0.9697411256589642,0.5113962723743531
306222463,39.2043434,9.1621333,0.9871783154372266,0.9991228153986932,0.9692615654950267,0.51059203485832
306222464,39.2048178,9.162619,0.9861708382149694,0.998793475585244,0.9672368821595576,0.5058003842970205
306222465,39.2052781,9.163162,0.9849035090414057,0.9983032815579895,0.9648038502665298,0.5009019459713432
304742315,39.2234205,9.1017032,0.9989591154053764,0.9997298445025695,0.9978030217595867,0.7850623458800596
304742316,39.2242149,9.1034076,0.9985938964536316,0.9999348518497939,0.9965824633593882,0.7822172722155152
304742317,39.223182,9.1008711,0.9983315345498415,0.9993925814006029,0.9967399642736992,0.7820119498896013
304742319,39.2256573,9.1006631,0.9984868254826776,0.9994877155983193,0.9969854903092152,0.774188912507211
304742320,39.2263677,9.0997221,0.9973243623618759,0.998964993941463,0.9948634149924953,0.7635670776595236
304742334,39.2288281,9.0977379,0.996656216537595,0.9988797909200086,0.9933208549639745,0.759407147526781
304742336,39.2293978,9.0970814,0.9967234633469572,0.9989538585347394,0.9933778705652838,0.7624284209725043
304742339,39.2304795,9.0954877,0.9960766678933596,0.9986570717062961,0.9922060621739547,0.7621307700533936
304742340,39.2312705,9.0950741,0.9959032792644145,0.9984156439007261,0.992134732309947,0.760552767146831
304742341,39.2325942,9.0955063,0.9967607163495993,0.9985561055367382,0.9940676325688907,0.7688441358680399
304742342,39.2315755,9.0960508,0.9965799273311802,0.9988844879245686,0.9931230864410976,0.7664161078272232
304742343,39.2308168,9.0964403,0.996553897023588,0.9989021080605477,0.9930315804681485,0.7668380641615293
304742344,39.2309312,9.0968058,0.9963022712364547,0.9987989242678643,0.99255729168934,0.7688442560454685
304742345,39.2310967,9.0973405,0.996523424221657,0.9990516052377989,0.992731152697444,0.7715394316991575
304742346,39.2313396,9.0981358,0.9970612496629808,0.9992394688452487,0.9937939208895789,0.7748550218145313
304742347,39.2324772,9.0966408,0.9951272216395448,0.9983176419665368,0.9903415911490568,0.762309568195846
304742348,39.2305935,9.096976,0.9963393981512275,0.9988546768934148,0.9925664800379467,0.7666386206555869
304742349,39.2295923,9.0975144,0.99682816204833,0.9990003789340302,0.9935698367197797,0.7644891749711453
304742350,39.2302284,9.0958535,0.9959066600128077,0.9986180759381625,0.9918395361247755,0.7600656816005299
304742351,39.2309903,9.0982939,0.9972351956287893,0.9992614224914275,0.9941958553348319,0.7736403897433529
304742352,39.2318579,9.0969547,0.996407194295405,0.9988800868338683,0.9926978554877101,0.7666491076949357
304742353,39.2294421,9.0989959,0.997161962358734,0.9991015573519559,0.9942525698689012,0.76806033478589
304742356,39.2275777,9.0986678,0.9971217835783798,0.999073093085635,0.994194819317497,0.7585731873092448
304742357,39.2278439,9.0997078,0.9975830043219382,0.9993672565682431,0.9949066259524809,0.7635821026426949
304743219,39.2229924,9.0985496,0.9741084850107528,0.9786088534218833,0.9673579323940569,0.7350784201375063
304743226,39.222708,9.0991083,0.9712784197817036,0.9756693905053763,0.9646919636961946,0.7387856004067498
304743248,39.2164124,9.0997049,0.9820707342289873,0.9829074199806089,0.9808157056015547,0.772116510070395
304743311,39.215426,9.0993534,0.9858337103211423,0.9867065174211426,0.9845244996711419,0.7767775463758441
304743315,39.21549,9.1000361,0.9878007301530194,0.9886490948920482,0.9865281830444762,0.7792150894443473
304743319,39.2158001,9.0994834,0.9857738161135207,0.9866456255042682,0.9844661020273994,0.7767023746986215
304743335,39.2171249,9.0995873,0.9800871257672686,0.9810264567488219,0.9786781292949386,0.7699689200656356
304762043,39.2392264,9.1117573,0.9985618364973115,0.9987563658778139,0.9982700424265577,0.7895100027700814
304762046,39.2390771,9.109056,0.9991387305104735,0.9994158688203867,0.9987230230456038,0.7916654019704737
304762048,39.2396235,9.1101346,0.9987295841354933,0.998798177014636,0.9986266948167792,0.7905918710385613
304762050,39.2400621,9.1110329,0.9980579538556479,0.9977338111629058,0.9980579538556479,0.7883390219273938
304762063,39.2314263,9.1059817,0.9939725275417431,0.9893214273615891,0.9939725275417431,0.7838599171970737
304762066,39.2316214,9.1061508,0.9934317666667044,0.9881373155818004,0.9934317666667044,0.7828298278362875
304762071,39.2337854,9.1067849,0.9914833006815593,0.9917422462465032,0.9910948823341434,0.7797637968217815
304762072,39.2330921,9.1061725,0.9915694572769099,0.9907722614828507,0.9915694572769099,0.7826975870081134
304762073,39.2333633,9.1012595,0.9992970375846547,0.999364644284516,0.9991956275348629,0.7839080666694737
306299258,39.1904831,9.1413987,0.9837574719804602,0.9545723649273115,0.9837574719804602,0.6128923150935705
306299279,39.1933894,9.1417624,0.9820324343782362,0.9510499433431737,0.9820324343782362,0.6073650286056752
306299295,39.1990697,9.1434061,0.9962044908977534,0.9931901849557231,0.9962044908977534,0.7041397713036791
306299305,39.1985899,9.1426954,0.9938599584413608,0.980210766725004,0.9938599584413608,0.6690932458634946
306299313,39.2012054,9.1419332,0.9976474354872399,0.9936770850404529,0.9976474354872399,0.7232808648760645
306299317,39.2005887,9.1436399,0.9961537651457792,0.9941659513938136,0.9961537651457792,0.7030465844285607
306299328,39.1967677,9.1578865,0.9899895647776954,0.9963829210200045,0.9803995304142319,0.5808961885222663
306299344,39.2014489,9.1596445,0.9874859681060891,0.9932185622044689,0.9788870769585194,0.5392228842477912
309847327,39.2699151,9.0770146,0.7455910307672242,0.7133067868027078,0.7455910307672242,0.46155878993533617
309848263,39.239362,9.119339,0.998870174237288,0.9924181769194195,0.998870174237288,0.7713523750834319
309848275,39.2384501,9.1197246,0.9981909159146317,0.9893226894363102,0.9981909159146317,0.768873343382399
309848278,39.2373871,9.1211194,0.9970565161413905,0.9824009249138529,0.9970565161413905,0.7658773124191653
309848281,39.2366456,9.123907,0.9946333086922515,0.9814261153842373,0.9946333086922515,0.7750724238865127
309848285,39.2370561,9.1246559,0.997356319400221,0.9909830486216024,0.997356319400221,0.7856001155128225
309848286,39.2360341,9.1264777,0.992162435393327,0.9923189584836604,0.9919276507578271,0.7862368717811705
309848290,39.2364578,9.1246244,0.9964831555508569,0.9919024389250232,0.9964831555508569,0.7855633389729507
309848291,39.2365147,9.1244212,0.9967577648110897,0.992421788511903,0.9967577648110897,0.7860001653847969
309848495,39.2392887,9.1232159,0.9967378432817816,0.9864315158162675,0.9967378432817816,0.7710380921393175
309848499,39.2386153,9.1246523,0.9948682485921277,0.9897382435962054,0.9948682485921277,0.7823935550991794
309848502,39.2381622,9.1251222,0.9964040720957321,0.9919763394258573,0.9964040720957321,0.784653121576784
306223989,39.1966231,9.14604,0.9928993225062579,0.9934660075107442,0.9920492949995285,0.6736203934605429
306223991,39.1981469,9.1482117,0.9948114506333755,0.9953768165570517,0.9939634017478614,0.6823931524562408
306224015,39.2029649,9.1399364,0.987950384705211,0.9886973027383993,0.9868300076554286,0.7102722689061998
306224098,39.2037633,9.1398539,0.9946589709291551,0.9936146751227419,0.9946589709291551,0.7224865769079338
306294338,39.2006767,9.1436739,0.996405139391161,0.9936762235097865,0.996405139391161,0.7214009942001705
306294339,39.2017448,9.1436067,0.9952240755214257,0.9927572110505598,0.9952240755214257,0.7139953305767044
306294341,39.2040295,9.1434006,0.9915683888029346,0.9876664560875045,0.9915683888029346,0.7017121628676466
306294342,39.2046365,9.1432417,0.9908219293962283,0.9864953719369411,0.9908219293962283,0.697953383248271
306294344,39.2048598,9.1431485,0.9900507660695793,0.9856594604500782,0.9900507660695793,0.6958069417668157
306294350,39.2036887,9.1446202,0.9904927830126625,0.9872140256398882,0.9904927830126625,0.6973864160163666
306294351,39.2034862,9.1451,0.9904912294104656,0.9869952112022247,0.9904912294104656,0.6921345494564621
306294352,39.2037053,9.145276,0.9897568802202272,0.9860050296282943,0.9897568802202272,0.6890805252266072
306294353,39.2028875,9.1470764,0.9857973116026465,0.9807718847771333,0.9857973116026465,0.6759801324906277
306294354,39.2022118,9.146547,0.9915043521978139,0.9869562746453298,0.9915043521978139,0.6795028705910955
306294355,39.201553,9.1457404,0.9928817980976185,0.9899196924069793,0.9928817980976185,0.6873890023043224
306294358,39.2009012,9.1464789,0.9939766745479995,0.9912159839057334,0.9939766745479995,0.691868055277184
306294359,39.2002011,9.1472605,0.9902823579007266,0.9905749710190465,0.9898434382232469,0.6645960821510815
306294360,39.1996846,9.1478323,0.9915326560401023,0.9918279050032427,0.9910897825953917,0.666796234503257
306294361,39.199191,9.148672,0.9933538101670291,0.993619035601147,0.9929559720158523,0.6724829569239643
306294362,39.1997204,9.1453738,0.9940573385744661,0.9931929253787761,0.9940573385744661,0.7057355309003727
314898794,39.2145246,9.1169473,0.9997176179478925,0.999996830046692,0.999298799799693,0.7995668396794204
314898801,39.2120534,9.1166537,0.9996540863385311,0.9999532133579951,0.9992053958093352,0.7991353171608412
314898825,39.2137497,9.1054882,0.9977723474183736,0.9987645636688715,0.996284023042627,0.7950535737200124
314899302,39.213411,9.1161037,0.9995206815966088,0.9999997843728464,0.9988020274322522,0.7995062237438765
314899326,39.2130432,9.1158109,0.9995969368639299,0.9999999578376747,0.9989924054033128,0.7995529196099673
314905892,39.2208403,9.115724,0.9948824614390578,0.9982796927983153,0.9897866144001715,0.7906288591155417
314905893,39.2208134,9.1158237,0.9941344696676396,0.9982873669783076,0.9879051237016376,0.786998282163728
314906568,39.2172119,9.1134953,0.9996430301743521,0.9999999345362324,0.9991076736315315,0.7999253409780028
314907192,39.217102,9.1134265,0.999619525347979,0.9999996546422902,0.9990493314065123,0.7999133434095007
314938636,39.2307076,9.1084256,0.9846931900780285,0.9862121278047331,0.9824147834879714,0.7868972638715974
314939162,39.2301676,9.1092468,0.9861752097061292,0.9879516447392889,0.9835105571563897,0.787468607352498
314939164,39.2308781,9.1101776,0.9914775161556899,0.9933626760428308,0.9886497763249786,0.7901709304884504
314939361,39.2321571,9.1113038,0.9991467933402469,0.9998559296255823,0.9980830889122437,0.790876949425036
314941252,39.2123227,9.1140443,0.9991782050455296,0.9998617252540851,0.9981529247326961,0.7992320192721932
314953318,39.2216966,9.1166282,0.9956890220935016,0.9982087224364323,0.9919094715791056,0.7887798048205971
314953713,39.2217997,9.1024316,0.9991894250420823,0.9995880053361796,0.9985915546009364,0.7913548056921346
314961217,39.2339305,9.1293807,0.9895518010050756,0.9854883154251528,0.9895518010050756,0.781495399833743
314961291,39.2338679,9.1308871,0.9837127207493231,0.9754429371375658,0.9837127207493231,0.7684255927495418
314961602,39.2355365,9.1240506,0.9961137383659519,0.995040645539437,0.9961137383659519,0.7859363942320527
314962745,39.2417413,9.1181313,0.0,0.0,0.0,0.0
306222467,39.2060554,9.1640746,0.9821066486823763,0.9970149806667012,0.9597441507058888,0.49261783547979043
306222473,39.2063654,9.1633441,0.9799550167898148,0.9958910190331899,0.9560510134247522,0.4854595702150409
306222601,39.2073025,9.1641821,0.9762260380845111,0.9933619308567724,0.9505221989261193,0.4766716397588547
306222616,39.2082744,9.1646109,0.9710280996958159,0.9900384948762707,0.9425125069251338,0.46446365805420664
306222617,39.2091714,9.1655646,0.9667297272650984,0.9865100507486685,0.9370592420397434,0.4578897710163616
306222658,39.2080394,9.1650004,0.9703149703005757,0.989290483188165,0.9418517009691917,0.46375324426886266
306222663,39.2080438,9.1663473,0.9681935192844086,0.9873133154688624,0.939513825007728,0.46098549317344084
306222989,39.1919155,9.1619501,0.9649783556963284,0.989146053184503,0.9287268094640665,0.5288492174356779
306223497,39.1923917,9.1559526,0.9749958747008263,0.9905072618363467,0.9517287939975456,0.558448462619176
306223506,39.1923063,9.1523,0.9607698966595323,0.9818943754601802,0.9290831784585603,0.5591671195338471
306223514,39.1899821,9.1500569,0.9689010879692271,0.985710974152051,0.9436862586949913,0.5878885251819946
306223770,39.1845556,9.1475914,0.9386863167568671,0.9590786349302859,0.908097839496739,0.5258938201487089
306223776,39.1877289,9.1491464,0.9559420518148442,0.9772444052120696,0.9239885217190059,0.554292308834887
306223777,39.1897054,9.1501746,0.9676176826442994,0.9851245042225211,0.9413574502769668,0.585213669772368
306223906,39.1835642,9.1564647,0.9150526705504294,0.958910523188037,0.849265891594018,0.5004915384966665
306223919,39.1863273,9.1535306,0.9425121115561438,0.9737095170879563,0.8957160032584252,0.5387166441810157
306223928,39.1867131,9.1520132,0.946843693732895,0.9754475212461329,0.9039379524630381,0.5465553955841715
306223940,39.1942926,9.1477583,0.9849224870753703,0.9867776842505109,0.9821396913126594,0.6484062179205494
306223945,39.1967579,9.145095,0.9913828776520897,0.9918340706595989,0.9907060881408257,0.6690534726898583
306223952,39.1981687,9.1440225,0.9948350636061735,0.9930303046936055,0.9948350636061735,0.6939182722719033
306296874,39.2051505,9.1260386,0.9884450994159751,0.9977430593894886,0.974498159455705,0.7501491244491851
306296888,39.203685,9.1263521,0.9925614830965431,0.999321891283236,0.9824208708165039,0.7509908267989979
306296891,39.2040225,9.1269789,0.993475354897141,0.9987962516575616,0.98549400975651,0.7549791925603249
306296893,39.2045421,9.1273405,0.9947317227060278,0.9991779173274619,0.9880624307738768,0.7590736177938165
306296919,39.2017395,9.1395956,0.9885667999217241,0.9811037206495168,0.9885667999217241,0.6721887551385448
306296936,39.2021663,9.1410618,0.9976805295982779,0.9945708853810008,0.9976805295982779,0.726506815865644
306296943,39.2013448,9.1391294,0.9973206208332995,0.9916161009017708,0.9973206208332995,0.7124949177366281
306296948,39.2012699,9.1415856,0.9978826233082542,0.9939951545366876,0.9978826233082542,0.7251371047241446
306296954,39.2014479,9.141774,0.9978374867052267,0.9939144625617536,0.9978374867052267,0.7241221415501263
306296961,39.1983443,9.1408311,0.9945168730118212,0.9794279009558141,0.9945168730118212,0.6724659832697748
306296994,39.1984407,9.13879,0.9955345551815584,0.9806011103261685,0.9955345551815584,0.6806668281074839
306296996,39.1984228,9.138616,0.9956295827146486,0.9805883462556082,0.9956295827146486,0.6800000123966061
306297010,39.1975246,9.1348564,0.9766200570659896,0.9675633846699822,0.9766200570659896,0.6765942869639305
306297012,39.1985778,9.1386345,0.9951305851910749,0.9811388186051488,0.9951305851910749,0.6810971256862419
306297015,39.1994702,9.1384365,0.9959799709808655,0.984246835047179,0.9959799709808655,0.6886673344042418
306297075,39.2000282,9.1320785,0.9726824079012648,0.9682735225128821,0.9726824079012648,0.6535060538283137
306297086,39.1987121,9.1318387,0.9770535319744353,0.9723809996209146,0.9770535319744353,0.6577530054873384
306297100,39.1992394,9.1298124,0.9746466774822972,0.9778055703259774,0.9699083382167769,0.6670430420438194
306297135,39.2003925,9.1303401,0.9798064553970558,0.9816474927046148,0.9770448994357172,0.6751419592007895
306297145,39.2009139,9.1326909,0.9864129240321646,0.9866822651425261,0.9860089123666224,0.6916501359593233
306294363,39.2002196,9.1458385,0.9935651210382752,0.991963057718242,0.9935651210382752,0.6998617944297012
306294366,39.2007027,9.144946,0.992231277031907,0.9894335875070976,0.992231277031907,0.6855270769090086
306294369,39.2011332,9.1481422,0.9898654477226402,0.9886627670460116,0.9898654477226402,0.664851588600842
306294370,39.2010425,9.1482806,0.9898623757907656,0.988777163610946,0.9898623757907656,0.6636875349992474
306294371,39.200671,9.1487783,0.9902360484879801,0.9897293430039311,0.9902360484879801,0.6616627366194923
306294372,39.2003966,9.1491551,0.99108424909203,0.9906502971462954,0.99108424909203,0.663449066422932
306294373,39.1999312,9.1499438,0.9907879207241014,0.9896115931845552,0.9907879207241014,0.6579300139224386
306294377,39.1981437,9.1530851,0.9846205563844536,0.9841334524640707,0.9846205563844536,0.6266306406625747
306294379,39.1975187,9.1524149,0.9888343731726351,0.98902693888119,0.9885455246098027,0.6391341417431693
306294380,39.1992848,9.1493175,0.9867269544596399,0.9843171459441546,0.9867269544596399,0.6268615469645897
306294383,39.1988024,9.1485041,0.9942046620617775,0.9943947812538805,0.9939194832736229,0.6773233091453716
306294384,39.1982432,9.1482606,0.9947858439084992,0.9953376174542609,0.9939581835898568,0.6824485614565197
306294385,39.196985,9.1503644,0.9925228667591913,0.9932722789124871,0.9913987485292475,0.6600012304715125
306294387,39.1973189,9.151422,0.9898569819490497,0.9906091882776238,0.9887286724561887,0.6464269150582099
306294388,39.1964029,9.1513777,0.9917296564557875,0.9921418350650141,0.9911113885419477,0.6497632085014398
306294389,39.1970212,9.1519614,0.9901004753790634,0.9903882066761311,0.989668878433462,0.6438675647779144
306294392,39.1964262,9.1528405,0.9888677425836723,0.989463938111086,0.9879734492925516,0.6348129319968843
306294393,39.1951857,9.1534896,0.989342559488955,0.9906854658536234,0.9873281999419523,0.6298078473210704
306294410,39.2025868,9.1495209,0.9827337695068473,0.9811389969387948,0.9827337695068473,0.6437901254056586
306296872,39.2037332,9.1288657,0.9923511835212563,0.9979137507239587,0.9840073327172026,0.7512359082461273
364333958,39.216422,9.1248403,0.9998486575108532,0.9999312342591501,0.9997247923884078,0.7953455503148497
364333977,39.2185726,9.1249231,0.9997391370792947,0.9997934030908341,0.9996577380619858,0.7942985971684461
364333979,39.2196084,9.1249524,0.9998304820778109,0.9998580133890086,0.9997891851110142,0.7945317810873795
364335199,39.2196689,9.1142392,0.9951781223101035,0.9994593222078092,0.9887563224635451,0.7958438974297763
364335217,39.2201085,9.1141305,0.9956696466624687,0.999466423797046,0.9899744809606029,0.7966216966128621
366503492,39.2433854,9.1103345,0.9938927215882013,0.994815549796689,0.9925084792754699,0.774887917806323
366517466,39.2244003,9.1316116,0.9992799868121071,0.9993169408549056,0.9992245557479091,0.7945816970823684
366517475,39.2242854,9.1319889,0.9990129099507244,0.9989606461891343,0.9990129099507244,0.7938461569860645
366517476,39.2243291,9.1323616,0.9988628147070687,0.9986858776903043,0.9988628147070687,0.7933864751654286
366517478,39.224899,9.1324435,0.9983232343908676,0.9979393829117104,0.9983232343908676,0.7921075236342943
366517480,39.2251727,9.1326755,0.9983091879819734,0.9972582826466473,0.9983091879819734,0.7911097099330823
366517483,39.2253413,9.1334565,0.9987619585600487,0.9969660628857888,0.9987619585600487,0.7894315098559588
366517485,39.2252378,9.1338355,0.9988967936804719,0.9974562519969766,0.9988967936804719,0.7883486911660877
366517574,39.2252708,9.1343108,0.9990798404481652,0.9979626321034893,0.9990798404481652,0.788353601462166
366517601,39.2249436,9.1345399,0.9993043298970258,0.9980671911964624,0.9993043298970258,0.7893417919120852
366517610,39.2244058,9.1323502,0.9988331400814207,0.9986127216263794,0.9988331400814207,0.7932020472434461
366517660,39.2239082,9.1322843,0.998490417385927,0.998100016360491,0.998490417385927,0.7924317844985298
366517662,39.2236597,9.1320801,0.9982223547333252,0.9978835951075086,0.9982223547333252,0.7919886099636684
366517664,39.224079,9.1324713,0.9987039112805293,0.9983768523911755,0.9987039112805293,0.7928258799513176
366517699,39.2240648,9.1328857,0.9987317724008122,0.9979905260660289,0.9987317724008122,0.7921800756399564
314985030,39.2232239,9.1233676,0.9996154525870647,0.9996468629828206,0.9995683369934311,0.790892759663342
314985782,39.2225774,9.1227579,0.999781786081332,0.9995775189655735,0.999781786081332,0.7908446699429044
315238581,39.2498647,9.1150189,0.9963752460863562,0.9660989814593343,0.9963752460863562,0.7013132135441548
315238586,39.2493935,9.1144324,0.9966853302278865,0.9671905846762294,0.9966853302278865,0.7056675000983874
315238589,39.2490344,9.1148751,0.9974767703361074,0.9690990439889842,0.9974767703361074,0.7095353724683895
315238591,39.2491187,9.1153042,0.9970730062542038,0.9696665197378674,0.9970730062542038,0.7065512319814621
315238595,39.2495921,9.1154774,0.9960086861164157,0.9649244357030176,0.9960086861164157,0.6981662893606664
315238738,39.249816,9.1147119,0.9966994860886289,0.9666316047906349,0.9966994860886289,0.7030237414037888
315238756,39.2519521,9.1138632,0.9914745962096053,0.9541779112978829,0.9914745962096053,0.6793348014149845
315238895,39.2493413,9.1157866,0.9975038418749849,0.9720261963096714,0.9975038418749849,0.7087916186941533
315239049,39.2487156,9.1151016,0.9973995630366128,0.9692131763828045,0.9973995630366128,0.7094888900390764
315239135,39.2519856,9.1139553,0.0,0.0,0.0,0.0
315239194,39.2484087,9.1155216,0.9971013665594574,0.9686316327693631,0.9971013665594574,0.7074576986556328
315239195,39.2458706,9.1164578,0.9893105228533774,0.9529821694184586,0.9893105228533774,0.7043688579226453
315240564,39.2435045,9.1020718,0.9932385048377457,0.994472152321811,0.9913880336116477,0.7761067175205436
315365643,39.2400321,9.0968188,0.9962828639901299,0.9971477838382817,0.9949854842179021,0.7685030252553587
315378644,39.2104481,9.1182238,0.9989117827014986,0.9997320772407746,0.9976813408925846,0.7917290975408261
315379812,39.2197393,9.1553428,0.7258575604887444,0.7111386883870983,0.7258575604887444,0.4346837763999866
315379821,39.2142776,9.1501567,0.814726353570285,0.8001733561385678,0.814726353570285,0.49660137794037357
315379825,39.2133982,9.1447834,0.8017652337632972,0.788467419241518,0.8017652337632972,0.48510263972743833
315380470,39.2056499,9.1454217,0.9823296382281517,0.9763735257289905,0.9823296382281517,0.6756571429104424
315381089,39.2140544,9.1580061,0.839232268400435,0.8249559624237293,0.839232268400435,0.5187238049508212
315381090,39.2152539,9.1599213,0.8152843614037666,0.8012155856163518,0.8152843614037666,0.5000237692727779
315381094,39.2191843,9.1644493,0.7538385224908193,0.7440775697397303,0.7538385224908193,0.45423182783555627
315381095,39.2192525,9.1648283,0.7502226751759605,0.7417755609320157,0.7502226751759605,0.4515264402195263
315381098,39.2204961,9.1671393,0.7405662478383302,0.7293399851391874,0.7405662478383302,0.44465472019138236
315381272,39.2224174,9.1621411,0.7079979583010039,0.697774331774434,0.7079979583010039,0.42284027145639497
315381281,39.2236267,9.1609046,0.6890224166489133,0.6782346941167566,0.6890224166489133,0.41048860037433177
315381334,39.2192013,9.164553,0.7529000205106986,0.7435175521634377,0.7529000205106986,0.45354836020036066
315381457,39.2181878,9.1611658,0.7694597426679701,0.7559862676353035,0.7694597426679701,0.4653736436532004
315381466,39.2158076,9.1592936,0.8060310282693633,0.7917774931762259,0.8060310282693633,0.49281153455637794
315381523,39.2165311,9.1587279,0.7954142901896133,0.7809707700835761,0.7954142901896133,0.4849692814686288
315381754,39.2171437,9.1583663,0.7881031766888589,0.7738844880232845,0.7881031766888589,0.47952521264128356
315382073,39.2169617,9.1572311,0.7802050491229319,0.7657879486565972,0.7802050491229319,0.47397360579453435
364333752,39.2223956,9.1251542,0.9997778557253622,0.999775866473924,0.9997778557253622,0.7939529222735833
364333753,39.2233231,9.1251782,0.9998469478564747,0.99992837328108,0.9997248097195668,0.7954522572807754
364333754,39.2245116,9.1252316,0.9997906775440295,0.9999748465722167,0.9995144240017487,0.7950961645831119
364333755,39.2256036,9.1252918,0.9998625549379935,0.9999798955534506,0.9996865440148077,0.7933112109688183
364333954,39.2181289,9.1249025,0.9997569557359487,0.9998178597379481,0.9996655997329497,0.7950173269241366
364333955,39.2175642,9.1248975,0.9998507886426448,0.9999153475151964,0.9997539503338174,0.7949006907010356
1320082652,39.2169574,9.1171757,0.9994119758298368,0.9999981500879279,0.9985327144427001,0.7988837997347383
1320090762,39.2169413,9.1166396,0.9988678945735991,0.9998065541747194,0.9974599051719188,0.7980347744538158
1327981903,39.220563,9.1129537,0.9980399443705964,0.9999497938280126,0.9951751701844721,0.7993631057342289
1327985937,39.2199465,9.113075,0.9977904729852638,0.9998766357739588,0.9946612288022212,0.799202629053823
1328857478,39.2171583,9.1131243,0.9996761393725715,0.9999984495022916,0.9991926741779914,0.7999166425755975
1329785484,39.208216,9.1246083,0.9972657907898277,0.9986452387954952,0.9951966187813266,0.7871202172904792
1329785498,39.2078329,9.1253191,0.996003366526546,0.9981885184015657,0.9927256387140162,0.7866863505499796
1329845643,39.2071721,9.1233785,0.9957894428081451,0.9990370697317195,0.9909180024227836,0.7729958709952119
1329870453,39.2072175,9.1231835,0.9938619045593925,0.9970657878932102,0.989056079558666,0.7692993212664214
1329870502,39.2073217,9.1232927,0.9935190697735492,0.9966830145866333,0.9887731525539231,0.7689389272776611
1329875497,39.2075428,9.1226686,0.9945172893534354,0.996914014602868,0.9909222014792864,0.7734436449785743
1329890085,39.2046779,9.1204711,0.9791427153187872,0.9965126360744834,0.9530878341852428,0.7261622893752665
1329890105,39.2044044,9.1220466,0.9832738671994687,0.9977290324818671,0.9615911192758714,0.7349939410208237
1329890126,39.2037759,9.1225736,0.981313786476042,0.9971764971936933,0.9575197203995649,0.7306496146871133
1332634017,39.2143442,9.1048723,0.9964617965149957,0.9974146897753988,0.9950324566243909,0.7920164735480668
1332634020,39.2146512,9.1049986,0.9951323259276974,0.9959988184724402,0.9938325871105832,0.7896336275979179
1332634055,39.214472,9.1049297,0.9967307145767541,0.9976674604279915,0.9953255957998981,0.7925457925447129
1332634058,39.2145267,9.10496,0.995237525711716,0.9961743463766873,0.9938322947142588,0.7896530382940754
1332634061,39.2145093,9.1041483,0.9964026660705969,0.9973022939110227,0.9950532243099582,0.7918717016877892
1332634064,39.2144078,9.1053651,0.9953323368752257,0.9962513015229847,0.9939538899035872,0.7900222198211165
1309639332,39.217091,9.0827218,0.5398446937663177,0.8997411562771962,0.0,0.0
1309639342,39.2126818,9.0779336,0.5398446937663177,0.8997411562771962,0.0,0.0
1309639471,39.216974,9.0829708,0.5398446937663177,0.8997411562771962,0.0,0.0
1309639495,39.1947334,9.1353561,0.9874636808326755,0.9576580502299561,0.9874636808326755,0.6371389976589702
1309639553,39.2178182,9.0872021,0.5398446937663177,0.8997411562771962,0.0,0.0
1309639721,39.2188872,9.0848869,0.5398446937663177,0.8997411562771962,0.0,0.0
1315493867,39.2615341,9.0860967,0.8312826814137098,0.797971781532066,0.8312826814137098,0.5257064608466809
1315493871,39.2612986,9.0857995,0.8334565638979553,0.8111526409032196,0.8334565638979553,0.5330306224220408
1317790871,39.2140182,9.0911035,0.5398446937663177,0.8997411562771962,0.0,0.0
1317790873,39.2142233,9.0913052,0.5398446937663177,0.8997411562771962,0.0,0.0
1317790874,39.2138456,9.0915348,0.5398446937663177,0.8997411562771962,0.0,0.0
1317790877,39.2142431,9.0905784,0.5398446937663177,0.8997411562771962,0.0,0.0
1317790887,39.214298,9.0910689,0.5398446937663177,0.8997411562771962,0.0,0.0
1317790888,39.2145213,9.0903631,0.5398446937663177,0.8997411562771962,0.0,0.0
1317790893,39.2159388,9.08985,0.5398446937663177,0.8997411562771962,0.0,0.0
1320036073,39.2178705,9.1167446,0.9979717415380249,0.9994390091768928,0.9957708400797233,0.7965103734670426
1320082628,39.2186349,9.1161001,0.9972342528878079,0.9997404700593221,0.9934749271305366,0.7943459202494263
1320082632,39.2186322,9.1157269,0.997963012592507,0.9999942385975804,0.9949161735848967,0.7965876790394755
1320082642,39.2187326,9.1164598,0.9976482644379657,0.9997204122934925,0.9945400426546755,0.7951792732409247
1320082650,39.2170037,9.1169219,0.9994263400711934,0.9999969459591554,0.9985704312392503,0.798904673657693
368032108,39.2206637,9.1168202,0.9960324580780403,0.9987057565205896,0.9920225104142164,0.7899128757535446
368032111,39.2200426,9.1168676,0.9968368996521145,0.9994873567553626,0.9928612139972424,0.7914923362186762
368032114,39.2186087,9.1166727,0.9975673982676098,0.9996649980735671,0.9944209985586737,0.7949467738233187
368032117,39.2178953,9.1165383,0.9979605058883244,0.9994567707578501,0.9957161085840358,0.7964749068587331
368032197,39.2201903,9.1161033,0.9965438572812358,0.9996297704517882,0.9919149875254072,0.7926016012308011
368032199,39.2194739,9.1160708,0.9973096706478004,0.9998209781437617,0.9935427094038584,0.7944114682663677
368032202,39.2179931,9.1159556,0.9984268061561441,0.9998155321859866,0.9963437171113803,0.7972323348626693
368032212,39.2200834,9.1164475,0.9962583436342661,0.9992875410325482,0.9917145475368431,0.7919403798200921
368032215,39.2193842,9.116436,0.9971903309296597,0.9996560091263388,0.9934918136346411,0.7938787884881161
368032216,39.2188425,9.1164678,0.9976392430360654,0.999735885253011,0.994494279710647,0.7951084705184486
368032218,39.2178906,9.1163117,0.9982077726021006,0.9995814714567334,0.9961472243201513,0.7968688268379037
368033056,39.2165801,9.1160576,0.9990834593965978,0.9997973126295899,0.9980126795471097,0.7987827142388965
368036227,39.2166153,9.1152379,0.999383541355674,0.999849549861379,0.9986845285971164,0.7995147021698867
368042707,39.2492033,9.1068242,0.9389104093977411,0.906829555921094,0.9389104093977411,0.6980891124506778
371068191,39.21047,9.121301,0.9997515745199616,0.9999745478782681,0.9994171144825017,0.7925390104707906
371068282,39.210621,9.1208221,0.9997727531892663,0.9999835678529186,0.9994565311937876,0.7932744176923506
408256572,39.2305729,9.0984802,0.9972712246884721,0.9991712840574567,0.9944211356349951,0.7723364866561668
409554693,39.2398838,9.1021653,0.9974116955099559,0.9993359050671271,0.9945253811741992,0.7907109476426095
410194997,39.2297518,9.0978845,0.9966850668563576,0.9988925630999073,0.9933738224910331,0.7668758692791197
410194998,39.2293462,9.0981672,0.9958902043553862,0.9985385314558051,0.991917713704758,0.7636745606039796
366517701,39.2239532,9.1332211,0.9989316234319419,0.997406067331387,0.9989316234319419,0.7913162153077317
366517704,39.2243534,9.134033,0.9988702339563221,0.9964059464718578,0.9988702339563221,0.788834549662346
366517706,39.2240813,9.1338354,0.9989876420606695,0.9966487723713625,0.9989876420606695,0.7900368158621047
366517772,39.2247291,9.1346902,0.9992514976733639,0.9979921896764979,0.9992514976733639,0.7880450353538363
366517845,39.2235136,9.1318933,0.9983701139358894,0.9980458144539562,0.9983701139358894,0.7921839592099357
366517847,39.2231609,9.1322989,0.9968021592455699,0.996419995334562,0.9968021592455699,0.7945175560746893
366517884,39.2239924,9.1337085,0.999094216761446,0.9967632916758467,0.999094216761446,0.7903420652978016
367928510,39.1867801,9.1434314,0.9616720585274763,0.9315884184252308,0.9616720585274763,0.5567161448702682
367928610,39.1891728,9.1413212,0.9820762590933794,0.9440125201104885,0.9820762590933794,0.5985379705845113
368031742,39.2196575,9.1150465,0.9968376725501776,0.9999872538707775,0.9921133005692779,0.7949706052639235
368031745,39.2188348,9.1151049,0.9978741324677071,0.9999951174014712,0.994692655067061,0.7968990852127598
368031746,39.218681,9.1153654,0.9979909651334589,0.9999952332316465,0.9949845629861773,0.7969497399281646
368031750,39.2179976,9.1151191,0.9984590920587469,0.9997318769947826,0.9965499146546936,0.7981491824116602
368031751,39.2178251,9.1148903,0.9985480268155582,0.9996735026071804,0.9968598131281249,0.7984327244384968
368031754,39.2200107,9.1153726,0.9963673609623482,0.9999708802883402,0.9909620819733602,0.7940245032072988
368031755,39.2196363,9.1153954,0.9969353784416115,0.9999892568764246,0.9923545607893918,0.7948331595514019
368031839,39.2196087,9.1157568,0.9959516377696269,0.999436436134091,0.9907244402229307,0.7919614813192802
368031842,39.2187227,9.1157506,0.9963001377790149,0.9997039281176028,0.9911944522711332,0.792273102567516
368031843,39.2180466,9.1156084,0.9986967326200077,0.9999804870698488,0.9967711009452461,0.7976248135901115
368032107,39.2211365,9.1167374,0.995917021502938,0.9986646271892107,0.9917956129735291,0.7899281561618958
1280720801,39.2249375,9.1199107,0.9988355977356634,0.9996153264274069,0.9976660046980483,0.7776567669170682
1288172154,39.2142284,9.1041773,0.9966270730910199,0.9975493754465757,0.9952436195576864,0.792501546778599
1288172158,39.2148435,9.1041207,0.9961431962174234,0.9969899296437942,0.9948730960778673,0.7914346154293326
1309637796,39.2112559,9.0990047,0.9332789685868059,0.9332901400499698,0.9332622113920602,0.7220395640594062
1309638225,39.2115357,9.0988604,0.9355691579218925,0.9357263921373208,0.9353333065987502,0.7243322630236688
1309638377,39.2177192,9.0845904,0.5398446937663177,0.8997411562771962,0.0,0.0
1309638458,39.1989542,9.1314913,0.9737520279341763,0.9727967559140357,0.9737520279341763,0.657117189800589
1309638472,39.2187292,9.0840632,0.5398446937663177,0.8997411562771962,0.0,0.0
1309638506,39.2177982,9.0830188,0.5398446937663177,0.8997411562771962,0.0,0.0
1309638510,39.2164041,9.0879907,0.5398446937663177,0.8997411562771962,0.0,0.0
1309638543,39.2185768,9.0852666,0.5398446937663177,0.8997411562771962,0.0,0.0
1309638776,39.2124695,9.0988416,0.9480306274799079,0.948323441643506,0.9475914062345105,0.7362261738100602
1309638831,39.1950074,9.1352117,0.9872075598218375,0.9575941456635749,0.9872075598218375,0.6359951894415312
1309638865,39.2113849,9.0989407,0.9344975271652595,0.9345087778952001,0.9344806510703484,0.7234768486869779
1309638941,39.2172574,9.0838923,0.5398446937663177,0.8997411562771962,0.0,0.0
1309639137,39.2149076,9.080436,0.5398446937663177,0.8997411562771962,0.0,0.0
1309639202,39.2131441,9.0773729,0.5398446937663177,0.8997411562771962,0.0,0.0
1309639208,39.213256,9.0988704,0.9538199919332078,0.9540884237317413,0.9534173442354076,0.7416946378426795
1309639233,39.2164876,9.0877834,0.5398446937663177,0.8997411562771962,0.0,0.0
1309639264,39.1935215,9.1355655,0.9854181337603977,0.9404409725350156,0.9854181337603977,0.6112462244107841
410198037,39.2307465,9.0974626,0.9957066354407779,0.9986917598885576,0.9912289487691083,0.7662063372967
410202496,39.2310947,9.0945622,0.9959822234277003,0.9984134815246306,0.9923353362823046,0.7598858578715627
410204620,39.2252265,9.102031,0.9985530313764308,0.9998456633693632,0.9966140833870322,0.7762704768097057
410204621,39.2255771,9.1024938,0.9981385522085195,0.9997517159079609,0.9957188066593576,0.772733309468731
410204625,39.2261684,9.1024513,0.9973501492253496,0.9995007692253155,0.9941242192254006,0.7680991353921346
410204626,39.2259364,9.1022176,0.9977403591854928,0.9996375403527613,0.99489458743459,0.7706230608054956
411398017,39.2274395,9.1279067,0.9995666025731496,0.9994659080592865,0.9995666025731496,0.7898828552405408
411494023,39.2217968,9.1062944,0.9982896326128281,0.9997828038900711,0.9960498756969637,0.7914008856732678
431637707,39.2423168,9.1369955,0.9862778560679487,0.9867299313117923,0.9855997432021834,0.769210580722578
431637713,39.2389674,9.1380185,0.9662493661281267,0.9684125519604032,0.9630045873797121,0.7511314949132171
433172516,39.2385754,9.1041687,0.9986750536016271,0.9994140705450861,0.9975665281864387,0.7923244346612514
433172524,39.2389427,9.1047612,0.9986659940883493,0.999349425805905,0.9976408465120159,0.7923476350230159
436369226,39.2296937,9.1088233,0.9880306326050721,0.9896238890247927,0.9856407479754912,0.7889143698285336
460370990,39.258013,9.0881617,0.9383592624422292,0.9060188063505413,0.9383592624422292,0.618931291025455
460371000,39.2565757,9.0855739,0.0,0.0,0.0,0.0
460371031,39.2516369,9.0835504,0.9851812948966121,0.9021539435865381,0.9851812948966121,0.6457877007006028
460374187,39.2468393,9.0870613,0.9964546261679758,0.9503518128727128,0.9964546261679758,0.6931005319809473
460374190,39.2468597,9.0873316,0.9966826743808647,0.9520695105660018,0.9966826743808647,0.6949017653938346
460708293,39.2550467,9.1215687,0.9757228455543914,0.9723873882703771,0.9757228455543914,0.6563452416509057
460708556,39.2541692,9.1203645,0.9676545603419319,0.9638967603135601,0.9676545603419319,0.6430173592439474
1333438964,39.2249685,9.1139931,0.9875264665430281,0.993599508575412,0.9784169034944523,0.788983245482779
1333438976,39.2241148,9.1123268,0.9899078293702657,0.99516180904426,0.9820268598592741,0.7908317650399724
1333456291,39.2270774,9.111524,0.9790031541743892,0.9832166613186731,0.9726828934579633,0.7858834953724236
1333456295,39.2270285,9.111811,0.9891210797369472,0.9898884124063603,0.9879700807328274,0.7918928177099183
1333468619,39.2232758,9.1180916,0.9975724927943935,0.9989861453995973,0.995452013886588,0.7841379524830913
1333468623,39.2231311,9.1177451,0.9973787177535979,0.9988461727447466,0.9951775352668748,0.7844247720315677
1333468624,39.2231302,9.1178401,0.9974482802051022,0.9989197292909265,0.9952411065763659,0.7842925679322703
1333468657,39.2227557,9.1176094,0.9970485571085143,0.9985571352735388,0.9947856898609774,0.785391725314423
1333468665,39.2229903,9.1180644,0.9976500450923788,0.9990122560852552,0.9956067286030641,0.78530138125972
1333468668,39.2232357,9.1179723,0.9972731203513207,0.998786942088029,0.995002387746258,0.7836860971794397
1333481510,39.2178246,9.1182485,0.8542979104215379,0.9682543636219321,0.6833632306209467,0.0
1333481520,39.2174643,9.1180473,0.8542979104215379,0.9682543636219321,0.6833632306209467,0.0
1333481527,39.2150325,9.1168419,0.999793196166683,0.9999999231764343,0.9994831056520563,0.799736343136742
1333481557,39.219001,9.1179992,0.9964297714016966,0.9994459930765793,0.9919054388893725,0.7901482111050054
1333481560,39.2221895,9.1180391,0.9969924404050227,0.9986275708538601,0.9945397447317665,0.7811090898228248
1333481578,39.2162003,9.1173674,0.9995564856577037,0.9999979753739106,0.9988942510833935,0.7991475065368636
1333484982,39.2153874,9.118472,0.999586306402914,0.9999754220490743,0.9990026329336735,0.797183129079777
1333488139,39.2156351,9.1169617,0.9997257691925124,0.9999988911438406,0.9993160862655203,0.7995702872007435
1333502736,39.2162759,9.1195743,0.9997008718929579,0.9999944044398634,0.9992605730725994,0.7922764591554594
1333520924,39.2288672,9.1322434,0.99873080523007,0.9977615932368691,0.99873080523007,0.7892012395657073
1333585783,39.2274599,9.1350982,0.9919456176376126,0.9928443666771989,0.990597494078233,0.772102974273244
1333588074,39.2268042,9.1363534,0.9948876928058349,0.9953403825258382,0.9942086582258299,0.7785613914583197
1333588088,39.2268832,9.1368035,0.993968392621829,0.9945599719807054,0.9930810235835144,0.7767946294898245
1333599102,39.2262008,9.1369262,0.9930561258517829,0.9931482283138671,0.9929179721586568,0.7724460359929406
1333599104,39.226072,9.1361347,0.9937367594083325,0.993756077173805,0.9937077827601238,0.7738685770786203
1333602815,39.2249604,9.1368538,0.9937363218031764,0.9937556521830292,0.9937073262333972,0.7738676609640393
1333602817,39.2249293,9.1363817,0.993726996474367,0.993746595571317,0.9936975978289421,0.7738481439612382
1333604593,39.2245062,9.1373447,0.9984350747387162,0.9954591997629286,0.9984350747387162,0.7810524384676418
1333604603,39.2243641,9.1364998,0.9985832115279871,0.9960323341128979,0.9985832115279871,0.7823788284588842
1333604608,39.2240319,9.1368634,0.9988408813485533,0.9970949978475587,0.9988408813485533,0.784764097035585
1333604610,39.2244057,9.1367573,0.9986666065112638,0.9964079434794476,0.9986666065112638,0.7831203872808908
1333611743,39.2316736,9.1332218,0.9961298576363794,0.9932175584380777,0.9961298576363794,0.7808563514245006
1333617490,39.2312694,9.1286342,0.9991051460612896,0.9991914766994363,0.9989756501040696,0.7895429754447335
1333620486,39.2321391,9.1307196,0.9980085987868904,0.9964232016446141,0.9980085987868904,0.7857114875677993
1333620491,39.2324132,9.1303903,0.997786719086873,0.9966029328700929,0.997786719086873,0.7857092704843485
1333620497,39.2326909,9.1306944,0.9977661845608355,0.9962098684952192,0.9977661845608355,0.7855050357986404
1333620510,39.2323521,9.1299658,0.998325989192371,0.9984758805876761,0.9981011520994135,0.787057511928862
1333620514,39.2324777,9.1305328,0.9977387747050775,0.9965059161520454,0.9977387747050775,0.785486023895023
1333620523,39.2325361,9.1294345,0.9983406814698239,0.9985661228061987,0.9980025194652618,0.7869833112058638
1333620528,39.232549,9.1309405,0.9978110099086488,0.9961942588623225,0.9978110099086488,0.7855987426834237
460708649,39.2540119,9.1211011,0.9839567662272595,0.9677326226674089,0.9839567662272595,0.6746308984919449
460815738,39.2386841,9.1507208,0.8372216206467028,0.8363479918061545,0.8372216206467028,0.5390193087659793
460831777,39.2391259,9.1506343,0.8352709026195361,0.8347492791635808,0.8352709026195361,0.5371595885499885
460903948,39.215143,9.156587,0.8199619751380546,0.8049008542527059,0.8199619751380546,0.5039209620699623
460904136,39.2126552,9.1566346,0.8608586954332501,0.8468982771338303,0.8608586954332501,0.5360463773774912
460904225,39.2139804,9.1551232,0.8390849759222775,0.824561200312358,0.8390849759222775,0.5186106759679265
460904308,39.2119495,9.1538349,0.8663682165816615,0.8528858643096625,0.8663682165816615,0.5403952377894048
460904362,39.2113992,9.1545542,0.8760699081863341,0.8628028011869627,0.8760699081863341,0.548841248275697
460904419,39.2126999,9.1534364,0.8535073670076867,0.8396836098067698,0.8535073670076867,0.5297869388650943
460904712,39.2157118,9.1540185,0.8145040800754639,0.7997455479903844,0.8145040800754639,0.49967599249470496
460913804,39.2145822,9.157336,0.8299667059493817,0.8155269168785094,0.8299667059493817,0.5115936721114448
460913916,39.2133922,9.1557457,0.8483678519786111,0.8341035236213484,0.8483678519786111,0.5258635469795147
460913982,39.2115686,9.1533504,0.8671367562260789,0.8539999439625504,0.8671367562260789,0.5408839852443709
460913994,39.2109313,9.1525046,0.8805464896052152,0.8672074160329919,0.8805464896052152,0.5529478196998842
460914161,39.2094468,9.15055,0.8984150475818253,0.8861581922630185,0.8984150475818253,0.5681051448307579
460914545,39.2094509,9.1543842,0.9044751554575462,0.8919819867999303,0.9044751554575462,0.5746220598196712
460916483,39.2128298,9.1564371,0.8582236530844487,0.844223099507574,0.8582236530844487,0.5335741604851061
460916533,39.2109971,9.1540223,0.8766802240089544,0.8634698576146106,0.8766802240089544,0.5493071289081176
460916562,39.2103772,9.1532136,0.8899385938173427,0.8769979947048395,0.8899385938173427,0.5613927007260474
460916574,39.2089933,9.151354,0.9051044494966797,0.8926351280462214,0.9051044494966797,0.5752126505299464
460927066,39.2158511,9.1561404,0.8024532289919452,0.7877096126723512,0.8024532289919452,0.4903448517269376
460927105,39.2151814,9.1543571,0.8222908987204087,0.8073756633818285,0.8222908987204087,0.5056883869197563
460927233,39.214448,9.1523659,0.8295592025259694,0.8150483369788942,0.8295592025259694,0.5109550115079031
460927421,39.2147725,9.1521844,0.8257125451180494,0.8109333168610142,0.8257125451180494,0.5079300633961833
460927539,39.2137672,9.1527868,0.8388858360285577,0.8246564171354384,0.8388858360285577,0.5182220000441665
460927572,39.2121485,9.1541056,0.8631166442121849,0.8494363425393725,0.8631166442121849,0.5373776926143911
460973243,39.2144969,9.1547877,0.8318540664318207,0.8173028454261909,0.8318540664318207,0.5129526526972629
460984493,39.2098363,9.1538849,0.8983593488342657,0.8856159302838217,0.8983593488342657,0.5688571665910559
460984556,39.2085278,9.152153,0.9138179930076573,0.9020286885916547,0.9138179930076573,0.583370244508422
460984574,39.2077951,9.1532298,0.9259061453436839,0.9145389863554305,0.9259061453436839,0.5964616728100849
460984623,39.2099537,9.1498029,0.8953466382066726,0.8828503924781476,0.8953466382066726,0.5635289205636898
460984641,39.2100827,9.1495433,0.8951525314587734,0.8827805366685566,0.8951525314587734,0.5629669662122366
460984659,39.2104411,9.1490677,0.8890148152338652,0.8763395864185196,0.8890148152338652,0.5571927446123469
460984713,39.2143031,9.1503645,0.81585333748135,0.8011936151592084,0.81585333748135,0.4974430254286964
460985008,39.2134054,9.1461804,0.8113830720854156,0.798760658678199,0.8113830720854156,0.49134464395550853
460985089,39.2114091,9.1503711,0.8716241676287202,0.8581907734799064,0.8716241676287202,0.5427058812970261
461001294,39.2161729,9.1579815,0.8031414100928063,0.7890125899156982,0.8031414100928063,0.49063573978172337
461001585,39.2174965,9.161571,0.7778703015548,0.7638667907389379,0.7778703015548,0.4717539050798283
461001783,39.2154313,9.1585324,0.8138441907877283,0.7997302007652131,0.8138441907877283,0.4991866635194339
461001893,39.2168174,9.1569462,0.7830864998415213,0.7685026676538282,0.7830864998415213,0.4760526166542728
1333679581,39.2244968,9.1263111,0.9997545462467877,0.9999256833553901,0.999497840583884,0.7957583994645994
1333679582,39.2253519,9.1263371,0.9997727182494146,0.9999467567631365,0.9995116604788317,0.7942934634218521
1333679583,39.2256015,9.1255602,0.9998555935020546,0.9999811154539464,0.9996673105742168,0.793660927478804
1333681576,39.2268029,9.1246896,0.9997136493903114,0.9997707731546354,0.9996279637438255,0.7894419497605476
1333682832,39.2243068,9.1187383,0.9988144189889546,0.9996661315802455,0.9975368501020182,0.776983615945253
1333682835,39.2243298,9.1188674,0.9988843256817257,0.9996822459323454,0.997687445305796,0.7777861703348485
1333682837,39.2243361,9.119085,0.9989818596405882,0.9997297320283822,0.9978600510588971,0.7785533739410244
1333682844,39.224488,9.1188895,0.9982973875674876,0.9994961004327672,0.9964993182695683,0.7721508828790332
1333684519,39.2220353,9.1186996,0.9975574123618566,0.999031932202241,0.9953456326012801,0.781086780916052
1333686335,39.2228452,9.1214661,0.9996792803012128,0.999749509315444,0.999573936779866,0.7890044686939388
1333686339,39.2224853,9.1212644,0.9995547439539229,0.9997624639274351,0.9992431639936546,0.7873442842106861
1333686347,39.2236774,9.1196732,0.9974655767390969,0.9991261740805447,0.9949746807269251,0.7750438168759056
1333686354,39.2232681,9.1192376,0.9961113361593558,0.9985451661167475,0.9924605912232682,0.7698029362440318
1333686356,39.2236753,9.1199352,0.9993032004940395,0.999749568717832,0.9986336481583507,0.7825985610961546
1333686367,39.2229241,9.1185699,0.9974550311181388,0.9990286970515891,0.9950945322179634,0.7695343855917178
1333686368,39.2240362,9.1196922,0.999244411700632,0.9997372987535098,0.9985050811213153,0.781989563674472
1333687436,39.2228336,9.1215228,0.9996829142749118,0.9997519087224008,0.9995794226036785,0.7890441752761228
1333692730,39.2275119,9.1207848,0.9994971060320277,0.9996984529532291,0.9991950856502256,0.7815284146187379
1333692731,39.226764,9.1204971,0.9992285178619743,0.9994570984019912,0.9988856470519492,0.7804693436833781
1333692735,39.2275368,9.1205381,0.9994859123970254,0.9996918792034313,0.9991769621874167,0.7815284150842192
1332736342,39.2309997,9.0952157,0.9959296710258599,0.9984907452053933,0.99208805975656,0.761429648023348
1332736345,39.2315829,9.0970941,0.9963970269264864,0.9989129052071479,0.992623209505494,0.7683723613934786
1332755542,39.2304976,9.0973931,0.9931957305025352,0.9975880091183046,0.986607312578881,0.7597314357356281
1332755558,39.2304686,9.0981657,0.9962289638397924,0.998913694000041,0.9922018685994195,0.7682555407197402
1332757721,39.2267061,9.0993424,0.9974728519749732,0.9991205264063389,0.9950013403279246,0.7637985486387161
1332760158,39.2253436,9.1008014,0.9985790467264322,0.9994742312970725,0.9972362698704718,0.7757618323008573
1332761769,39.2272057,9.100017,0.9978300862800706,0.999413610777943,0.9954547995332622,0.7665425177433842
1332761772,39.2268122,9.0992197,0.9966607887939575,0.9986049839289345,0.9937444960914918,0.7569342094709457
1332765156,39.2259069,9.1005723,0.998439979522179,0.9995683809689224,0.996747377352064,0.7728122622787765
1332765166,39.2261553,9.1007649,0.9982261481247943,0.9995543598276531,0.9962338305705061,0.7702813689091434
1332765195,39.2261156,9.1004871,0.9983521902216675,0.9995907169387183,0.9964944001460915,0.7713940032275525
1332769850,39.2249471,9.1012694,0.9987044055906102,0.9996317662756771,0.9973133645630099,0.7766348656714105
1332769851,39.2243871,9.1012489,0.9986514440754823,0.9994881687608748,0.9973963570473937,0.7780706855045876
1332769852,39.2253796,9.1018223,0.9985729893474669,0.9998209208348299,0.9967010921164223,0.7749603914786815
1332769856,39.224246,9.1013141,0.9989380132986633,0.9996945831777532,0.9978031584800285,0.7825935775601137
1332769863,39.2250409,9.1013928,0.9986617886419012,0.9997867659817795,0.996974322632084,0.7755314146037511
1332769864,39.2254853,9.1010106,0.9985293641891281,0.9995231857428826,0.9970386318584963,0.7749669627163641
1332769866,39.2254201,9.1007704,0.9985786714345095,0.9994950342232305,0.9972041272514279,0.7755292037429409
1332769867,39.2245894,9.1019536,0.9985922572877819,0.9997114559582578,0.996913459282068,0.7763062589135643
1332769868,39.2244635,9.1014924,0.99870274070679,0.9997240677220912,0.997170750183838,0.7774004259149545
1333254643,39.2230874,9.11343,0.9948061094705128,0.999174965852727,0.9882528248971915,0.7962731791846877
1333269449,39.2203612,9.1157408,0.9955793667304922,0.9987508538350909,0.990822136073594,0.7920221889935659
1333324444,39.2199208,9.1124325,0.9982009671622246,0.9999907489962229,0.9955162944112274,0.7995246493795809
1333324471,39.2196437,9.1130112,0.9988930765894073,0.9999995570528505,0.9972333558942424,0.7997496982990551
1333359519,39.2227981,9.1090291,0.9969334570666093,0.9991541705825151,0.9936023867927506,0.7965889596391127
1333381597,39.2232669,9.1062932,0.9970367966686678,0.9998266803275149,0.9928519711803973,0.7870674753207535
1333381613,39.2245087,9.1081859,0.9900835288747968,0.9950970613118715,0.9825632302191847,0.7889052807876583
1333397931,39.2274113,9.1078642,0.9753554000387049,0.9753670313088451,0.9753379531334946,0.7819832969215222
1333404041,39.2292613,9.1066253,0.9808402329424843,0.9748775200042276,0.9808402329424843,0.7771075398632833
1333422447,39.2289213,9.1097208,0.9871910993837067,0.9881189942190421,0.9857992571307036,0.7892271966333385
1333422448,39.2271986,9.109505,0.990489706509553,0.9909499498099545,0.9897993415589508,0.793041551194074
1333422451,39.2290912,9.1095954,0.9868177898328008,0.9876937603535905,0.9855038340516163,0.7890554599955765
1333422472,39.2285501,9.1104215,0.990443474148276,0.9917825790635502,0.9884348167753648,0.7908393347423139
1333422478,39.2284012,9.1100669,0.9902244716985232,0.991498815279521,0.9883129563270266,0.7907501572387277
1333422479,39.2284957,9.1107048,0.9908991408629306,0.9923637778457486,0.9887021853887038,0.7910401228496525
1333422487,39.2287591,9.1091625,0.9862521411394738,0.9855344941281858,0.9862521411394738,0.789698931417468
1333432231,39.2267123,9.1101521,0.991203468555707,0.9927649597972881,0.9888612316933352,0.7933354538359954
1333432241,39.2243487,9.1144721,0.9903999991699871,0.9958707546124134,0.9821938660063478,0.7914182096916448
1333432404,39.2239209,9.1148044,0.9908356843629492,0.9965076160974343,0.9823277867612217,0.7920057717394177
1333438940,39.2270891,9.1115507,0.9790078931887419,0.9832082021709235,0.9727074297154695,0.7859008389895439
1332634067,39.2143475,9.105332,0.996772108501708,0.9977045912723719,0.9953733843457123,0.7927950352149744
1332634071,39.2144022,9.1048908,0.9966476674559709,0.9976049911800225,0.9952116818698933,0.7924285616570786
1332634100,39.2146139,9.1041375,0.9961328728333356,0.9969935115351681,0.9948419147805868,0.7912766789627252
1332634106,39.2146262,9.1043066,0.9959709898788052,0.9968466207039313,0.9946575436411159,0.7909750975679157
1332634117,39.2142279,9.1052666,0.9967251779098614,0.9976623626290957,0.99531940083101,0.7927078746153802
1332641273,39.2131007,9.1002236,0.9833712962221833,0.984204195322573,0.9821219475715989,0.7737817377235772
1332645340,39.2210182,9.0993429,0.967612747520515,0.9694770013535722,0.9648163667709291,0.7428200144763046
1332662027,39.2210273,9.09964,0.9677158706143123,0.9690763722642519,0.965675118139403,0.743837455838036
1332668605,39.2240382,9.0952751,0.9327862877931545,0.9383358478664888,0.924461947683153,0.6786184959618985
1332668613,39.2253108,9.0969394,0.9886371400182572,0.991834730222358,0.9838407547121061,0.7234159986497887
1332668625,39.2291145,9.0940233,0.9845337960843336,0.9826557754365672,0.9845337960843336,0.7367695118830659
1332668631,39.2248772,9.0955452,0.9804746665496953,0.9840918192846749,0.9750489374472259,0.7128507192445268
1332668667,39.2284437,9.0928414,0.9757826499853557,0.9683533021382412,0.9757826499853557,0.6823993055495525
1332670754,39.225287,9.0947457,0.9672991154653172,0.967909193062519,0.9663839990695144,0.7060955296834787
1332688699,39.2285585,9.0948003,0.990848281063381,0.9922964742074414,0.9886759913472903,0.7290145170068344
1332688735,39.2282324,9.0949996,0.9920049956539828,0.9932305634255344,0.9901666439966555,0.7313327270681347
1332688740,39.2286784,9.0946863,0.990959760224968,0.9926884097188119,0.9883667859842022,0.7309847459955641
1332699836,39.2300215,9.0922327,0.9844823153225822,0.9817056514008613,0.9844823153225822,0.7034881300859666
1332726253,39.2324564,9.0948599,0.9963335525876441,0.9973176268759465,0.9948574411551906,0.7716834574715028
1332736340,39.2313022,9.0961912,0.9965680036689285,0.9988938115031415,0.9930792919176089,0.7662498969381788
1332770281,39.2246231,9.1028521,0.9986063154627467,0.9999055295679702,0.9966574943049115,0.779853211053827
1332772993,39.2259224,9.1093894,0.984832788919337,0.990372760569395,0.9765228314442499,0.7861376104035075
1332773674,39.2263545,9.1103865,0.9918280090514683,0.9941281985303994,0.9883777248330717,0.7935101447393936
1332775380,39.2233453,9.1109262,0.9955068331676538,0.9987297378367681,0.9906724761639824,0.7960938265147435
1332775406,39.2231217,9.1106203,0.9955811841529081,0.9987952471318946,0.9907600896844284,0.7961418488987643
1332775409,39.2243081,9.1126769,0.9874773935478011,0.9934329426128597,0.9785440699502129,0.789439164742209
1332785523,39.2213307,9.1026582,0.9993748240634396,0.9996908680860336,0.9989007580295485,0.7924974773924063
1332793012,39.2195916,9.1086683,0.9988868281675229,0.9999301670859841,0.9973218197898313,0.7980033541086805
1332793354,39.2172493,9.113197,0.9996607268659313,0.9999999379289611,0.9991519102713865,0.7999118873779653
1332797937,39.2169879,9.1121216,0.9996722705295025,0.9999982447823099,0.9991833091502913,0.7998428773673368
1333240154,39.2221528,9.1160514,0.9910553945145063,0.9943919831852979,0.9860505115083189,0.7851682330521675
1333240902,39.2219883,9.1136805,0.9949149830230113,0.9991117169162469,0.988619882183158,0.7960192515239473
1333240907,39.2230498,9.114074,0.9921335666261789,0.9980077059630291,0.9833223576209037,0.7934956428960231
1333240911,39.2241855,9.1148938,0.9907045841572253,0.9960966551346099,0.9826164776911483,0.7916800314825913
1333248864,39.2240361,9.1128897,0.9889464540136371,0.9945039963797857,0.9806101404644143,0.7900445644615974
1333254596,39.2228612,9.1135896,0.9951914446250304,0.9992937297311455,0.9890380169658578,0.7966579687975707
1333254610,39.2228036,9.1136658,0.995231338922322,0.9993069283630659,0.989117954761206,0.7966950518431237
1333254617,39.2228056,9.1130679,0.9946504517688728,0.9991152365550757,0.9879532745895683,0.796126229890456
1333254630,39.2229033,9.113497,0.9950239036495518,0.9992680963165302,0.9886576146490842,0.7964916934162785
1333254631,39.2230985,9.1135383,0.9948428547629838,0.9991983204011747,0.9883096563056974,0.7963014304734689
474421668,39.2479959,9.1099966,0.9816472049348611,0.904591749722737,0.9816472049348611,0.6834280828522818
599933558,39.2210001,9.1099366,0.9982544572992247,0.9998572181847123,0.9958503159709934,0.7990882064260045
599933560,39.2211915,9.1102599,0.997943308169276,0.9997920638915626,0.995170174585846,0.7988823096218813
599933564,39.2213675,9.1104461,0.9977795517774346,0.9997469466362453,0.9948284594892186,0.7987437336838149
599933567,39.2215176,9.1106048,0.9975469079772774,0.9996981835584331,0.9943199946055438,0.7985883220227064
599933572,39.2215564,9.1106458,0.9975102311657829,0.9996885593878576,0.9942427388326708,0.7985592601313224
599933575,39.2217088,9.1108071,0.9973565402975577,0.9996496410058422,0.9939168892351311,0.7984266389443042
599933583,39.2219118,9.1114588,0.9966876961281224,0.999853444542254,0.991939073506925,0.7983982347013833
607971300,39.2431857,9.0970102,0.9981086892975128,0.9919154852885301,0.9981086892975128,0.7613209335268583
701435273,39.2379593,9.1026202,0.9985697258217907,0.999396957342577,0.9973288785406113,0.7917954729771157
739313673,39.2117216,9.1187456,0.9997239527408476,0.9999718602584206,0.999352091464488,0.7967380489224503
803609277,39.24144,9.1110597,0.9973944042725263,0.995745432824849,0.9973944042725263,0.7854032351836288
1072794774,39.2169637,9.1105553,0.9992277493292433,0.999999949338875,0.9980694493147957,0.7993278224313455
1072794775,39.2181537,9.1098207,0.999679053406311,0.9999970224573085,0.9992020998298149,0.7998894112734739
1075548258,39.1869128,9.1480412,0.9482173868561329,0.9682988810463965,0.9180951455707373,0.5383668280011261
1075548263,39.184632,9.147662,0.9394185894316073,0.9594912748310375,0.9093095613324621,0.5269590783378327
1075548306,39.1867751,9.1515525,0.9492069410105604,0.9764014069024861,0.9084152421726717,0.5517311699165044
1075548330,39.1868316,9.1479824,0.9476471424180445,0.9682330614915687,0.9167682638077581,0.5372425533977794
1075548334,39.1911599,9.1616654,0.9603431132180703,0.9865226419925955,0.9210738200562826,0.5251770305882496
1212993863,39.22361,9.1338617,0.9991825319795945,0.9968585645417976,0.9991825319795945,0.7892649242194184
1334511669,39.2314044,9.0928498,0.9860145456607574,0.9815188879353594,0.9860145456607574,0.7087604705823373
1334511677,39.2312416,9.0927117,0.9862051278733259,0.9819748939309453,0.9862051278733259,0.7091662920916746
1334511679,39.2311708,9.0927285,0.9863991118058457,0.9820159504083484,0.9863991118058457,0.709212010739119
1334511689,39.2311811,9.0926238,0.9853413678215796,0.9809314060446777,0.9853413678215796,0.7052499989210919
1334519520,39.220771,9.0957713,0.9299252257550421,0.9299426181366576,0.9298991371826189,0.715681101895992
1334519522,39.2309776,9.0878608,0.975199318867324,0.9627285480589399,0.975199318867324,0.6747253717009637
1334519553,39.22082,9.0967369,0.9349266470076718,0.935218435451111,0.9344889643425128,0.7200585099856338
1334519581,39.2308446,9.0885689,0.9759278371559295,0.9634219418808891,0.9759278371559295,0.6763292513623784
1334519626,39.2337148,9.0866712,0.9791874584732295,0.9662430555189053,0.9791874584732295,0.681363782689133
1334519635,39.2309361,9.0883007,0.975199318867324,0.9627285480589399,0.975199318867324,0.6747253717009637
1334538457,39.2325988,9.0952778,0.9965865073975382,0.9984472970025953,0.9937953229899525,0.7682276894770177
1334538460,39.2326087,9.0954914,0.9967639908216216,0.9985559377690941,0.9940760704004128,0.768854356703677
1334538463,39.2327938,9.0955607,0.0,0.0,0.0,0.0
1335370836,39.2298806,9.1031433,0.9867693506899033,0.9820770096886241,0.9867693506899033,0.7591113730681899
1335370858,39.2307283,9.102339,0.9890701430342596,0.9849947471569175,0.9890701430342596,0.7649183867486964
1335379071,39.2314286,9.1047539,0.9973781302436215,0.9956008840709211,0.9973781302436215,0.784632036698507
1335409829,39.2348907,9.1085431,0.9980285317584251,0.9980382086729329,0.9980140163866633,0.7899321531573112
1335434809,39.2352019,9.1067833,0.9994137953301159,0.9992927224768479,0.9994137953301159,0.7935061112502702
1335434849,39.2353923,9.1073603,0.9994860523622155,0.9994848289586921,0.9994860523622155,0.7938665643399039
1335434895,39.235544,9.1059769,0.9992795108207622,0.9995190778169512,0.9989201603264788,0.7924964240564453
1333520933,39.2288976,9.1322681,0.9987132637760789,0.9977325607230025,0.9987132637760789,0.7891385364642582
1333520978,39.2302774,9.1334601,0.9962062205631113,0.9944970902775637,0.9962062205631113,0.7819648895251312
1333538903,39.2296649,9.1343512,0.9946047577404549,0.994784715877616,0.9943348205347131,0.7773564775964161
1333538951,39.2328609,9.1362638,0.9950867255368518,0.9852665073088998,0.9950867255368518,0.7657839141622561
1333538956,39.2322193,9.1351947,0.9769385768101223,0.9630021471177748,0.9769385768101223,0.7583018702309906
1333579139,39.2259158,9.1320723,0.9971656705145723,0.9975839587440765,0.996538238170316,0.7862106844230236
1333579155,39.2256004,9.1318783,0.997325148094125,0.997642848660554,0.9968485972444816,0.7867619830861154
1333579156,39.2268899,9.1352202,0.9965439317646407,0.996853583382223,0.9960794543382675,0.782591100469509
1333579158,39.2264706,9.13343,0.9940756061219448,0.9949136599624294,0.992818525361218,0.7774353202150315
1333579161,39.2244367,9.131336,0.9993375845408548,0.9993871521861633,0.999263233072892,0.7947006274406756
1333579170,39.2267329,9.1340831,0.9971397851860904,0.9972401162329695,0.9969892886157716,0.7843416025224215
1333579171,39.2264944,9.1324789,0.9950634509003157,0.9961483451555183,0.9934361095175117,0.7809516545643541
1333579208,39.2265769,9.1339604,0.9970928206116877,0.9972074753940158,0.9969208384381957,0.7843251364951361
1333579216,39.2267354,9.1338078,0.9971281930494724,0.997253349110703,0.9969404589576266,0.7845166266607259
1333581907,39.2271027,9.1340676,0.9954275042502793,0.9958497610428875,0.9947941190613669,0.7807446328860839
1333581909,39.2267308,9.1341474,0.9971600905007083,0.9972534913942721,0.9970199891603626,0.7843801999000793
1333582987,39.2290732,9.1357545,0.9920277368897281,0.9933964766222729,0.9899746272909108,0.7719177777615698
1333582989,39.2292139,9.134938,0.9938958643803276,0.9947947432773953,0.9925475460347261,0.7747412600254413
1333582990,39.229148,9.1363396,0.991040219814257,0.9925177750285106,0.9888238869928767,0.7704795915660937
1333585763,39.2278771,9.1365866,0.9922102541569615,0.993097460195834,0.9908794450986528,0.7744443790896987
1333744109,39.2242113,9.1153281,0.9894914467584046,0.9947665894211924,0.9815787327642229,0.7907531316883184
1333745642,39.2241626,9.1155704,0.9887104810102967,0.9942902324277154,0.9803408538841686,0.7899624611763537
1333745650,39.2242126,9.116692,0.9812391645511777,0.9885895058418065,0.9702136526152345,0.7832134293201234
1333746235,39.2243931,9.1176803,0.9960647443332186,0.9978659081561442,0.9933629985988303,0.7834846477096046
1333750252,39.2273745,9.1181013,0.9972796677317484,0.9992831314845763,0.9942744721025065,0.7686721269689389
1333750271,39.2273325,9.1180846,0.9972734805355442,0.9992615404883521,0.9942913906063324,0.7687985531715604
1333750276,39.2271048,9.1181092,0.9986465026806989,0.9996448978803189,0.9971489098812688,0.774226443571169
1333750277,39.2272798,9.1182259,0.998572439800159,0.9996282705092809,0.996988693736476,0.7746491792338007
1333750283,39.2273508,9.1180349,0.9972624295999486,0.9992566241787544,0.9942711377317398,0.7688211635830722
1333751050,39.2316041,9.1149806,0.9975882535797905,0.9995559716453526,0.9946366764814475,0.7821506704151339
1333751052,39.2302094,9.1168269,0.997145381945278,0.9992662097146752,0.9939641402911823,0.774152160018626
1333751060,39.2291653,9.1176877,0.9971177661611528,0.9991393818467883,0.9940853426326994,0.7678918152584794
1333751062,39.2315592,9.1150287,0.9975727628605681,0.9995400583336972,0.9946218196508745,0.782084735899758
1333751069,39.2323249,9.1140989,0.9983626099662078,0.9997331469497942,0.9963068044908282,0.7855165695104152
1333753569,39.2307113,9.1186888,0.9975923670621064,0.9986671237704564,0.9959802319995815,0.77668441168292
1333753578,39.2313826,9.1181165,0.9954870189268151,0.9982862563794406,0.9912881627478769,0.7677321199474165
1333758045,39.2296011,9.1200318,0.9993310237945677,0.9997682681765323,0.9986751572216208,0.7805245150777806
1333759863,39.2293296,9.1228622,0.9998177520281392,0.9999674542671745,0.9995931986695863,0.7846547719936355
1333759865,39.2293542,9.1217395,0.9997417899251321,0.999903827259431,0.9994987339236835,0.7835009019165684
1333761790,39.2310426,9.1205501,0.9991467071599549,0.9995666295511849,0.99851682357311,0.7818033584465582
1333624822,39.2367538,9.1280263,0.987668725883521,0.9885550909974655,0.9863391782126042,0.779225253749892
1333624833,39.2366708,9.1282755,0.9911593866123793,0.9919309828847851,0.9900019922037707,0.7851543233583066
1333625644,39.234368,9.1268047,0.9960476860304541,0.997233704202442,0.9942686587724724,0.7850081950791874
1333638252,39.233603,9.127367,0.9965506190422633,0.9973251899562264,0.9953887626713186,0.7857204772668633
1333638287,39.2336447,9.1273971,0.9965299823042251,0.9973032551912382,0.9953700729737055,0.7856867779266453
1333638292,39.2338234,9.1278896,0.9961428728032004,0.9969981928304598,0.9948598927623112,0.7857439721839259
1333638303,39.2336584,9.127321,0.9965570545119953,0.9973491501410283,0.9953689110684456,0.7856821766341889
1333638337,39.233799,9.1271542,0.9966042405562158,0.9976066568328356,0.995100616141286,0.7857557121166057
1333640201,39.2336671,9.1275183,0.9964660201286119,0.9972327097380379,0.9953159857144728,0.7856168703734725
1333652525,39.2285577,9.124819,0.9996645798231397,0.9996460607641496,0.9996645798231397,0.7883765365384503
1333652535,39.2285513,9.1249417,0.999680037114657,0.9996593773028508,0.999680037114657,0.7887998639572118
1333652562,39.229734,9.1249852,0.999708786451876,0.9998699530978578,0.9994670364829032,0.7893590682935356
1333660370,39.229874,9.1264891,0.9996259465812668,0.9997135707503287,0.9994945103276739,0.7920035924991273
1333667986,39.2256151,9.1237108,0.9997267096482082,0.9999176478321485,0.9994403023722978,0.790351500174256
1333668001,39.2256104,9.1234242,0.9996878265698276,0.9998906551772304,0.9993835836587233,0.7896362484696811
1333668006,39.2258991,9.1236821,0.9996133737382044,0.9997465718016657,0.9994135766430124,0.786876619267508
1333670647,39.2267731,9.120034,0.9987618039463403,0.999136213083952,0.9982001902399227,0.7777890483289729
1333679578,39.2245127,9.1255275,0.9996429585590154,0.9998756152381916,0.9992939735402511,0.7949256926812333
1333679579,39.2255896,9.1263514,0.9998305829920295,0.9999706767493874,0.9996204423559928,0.794474562569765
1333679580,39.2253682,9.1255551,0.9996797729491661,0.9999015937536887,0.9993470417423822,0.7936409399748994
1333854088,39.2416451,9.1156682,0.9978945132052106,0.9798273649994913,0.9978945132052106,0.7608404203264603
1333856919,39.2444337,9.1157179,0.9985134264754447,0.9661097765033309,0.9985134264754447,0.743405770599098
1333862656,39.24573,9.1152184,0.99688819740157,0.9580980990850183,0.99688819740157,0.7196342276892976
1333862658,39.245192,9.1154011,0.9981603646423554,0.9622456812705233,0.9981603646423554,0.7374410928783575
1333862685,39.2465667,9.1149167,0.9960204374540359,0.9466473833998901,0.9960204374540359,0.7230797900006196
1333866786,39.2490225,9.1105393,0.9851620242884875,0.9172405836041668,0.9851620242884875,0.6917771159356478
1333873303,39.2484126,9.1070289,0.9450524044712064,0.9077915907705331,0.9450524044712064,0.699726858814945
1333873306,39.2487136,9.1069156,0.9425542375113932,0.9078417548362994,0.9425542375113932,0.6995839068997466
1333879146,39.2497299,9.1091474,0.0,0.0,0.0,0.0
1333879177,39.2489052,9.1089938,0.0,0.0,0.0,0.0
1333888864,39.2505681,9.1113824,0.9849446364841805,0.9487949818250321,0.9849446364841805,0.6655410018771517
1333888873,39.2505278,9.1113637,0.9849487118763948,0.948783550053439,0.9849487118763948,0.6655393648232193
1333895297,39.2513333,9.1140412,0.9933833331454262,0.9578146156270074,0.9933833331454262,0.686494300413951
1333895305,39.2519448,9.111542,0.9859297055258596,0.9481005612782819,0.9859297055258596,0.6661359067814162
1333923060,39.2510366,9.102062,0.9720334776985391,0.9781586993353828,0.9628456452432734,0.7294409869881777
1333923080,39.2509968,9.1022105,0.9718144578149539,0.9779986555188396,0.9625381612591253,0.7292795177648852
1333925912,39.2508496,9.1002545,0.9812572779409798,0.9852828882258393,0.9752188625136905,0.7443055499511672
1333925913,39.2521483,9.1002842,0.9772426038349253,0.9822005418926811,0.9698056967482916,0.7342220305802568
1333928079,39.2526443,9.0992824,0.974851600825202,0.9795828230673016,0.9677547674620525,0.7279808991952775
1333941096,39.2490113,9.1037231,0.9676579427156767,0.9731975330896601,0.9593485571547017,0.7411738690898866
1335434948,39.2349173,9.106582,0.9986739819976883,0.9990547237346831,0.9981028693921963,0.7915363257756823
1335555439,39.2341639,9.1024785,0.998728416994524,0.9998799325621857,0.9970011436430315,0.7875917716762821
1335555471,39.2343977,9.1022668,0.9988231998324195,0.9999094967660669,0.9971937544319486,0.7880563040151676
1335555476,39.2343933,9.1029239,0.998827386624077,0.9998871351627746,0.9972377638160306,0.7881645535528887
1335555485,39.2344915,9.1023773,0.9988571927081411,0.9999107749766557,0.9972768193053692,0.7883193267040958
1335555505,39.2342737,9.1026877,0.9987511419590479,0.9998677486166218,0.9970762319726872,0.7877972675788395
1335555510,39.2350202,9.1025553,0.9991523898578107,0.9999601880445356,0.9979406925777236,0.789849343666275
1335625646,39.2325052,9.1039708,0.999014337574999,0.9990162533530044,0.9990114639079909,0.7849052925681556
1335625675,39.2333966,9.103136,0.9987355771671489,0.9985293832873353,0.9987355771671489,0.7808917720729776
1335625681,39.2338626,9.1054122,0.9986024205669444,0.9997234965056363,0.9969208066589065,0.7871394858162106
1335716047,39.2430911,9.0837005,0.9762063915730401,0.8744657724030873,0.9762063915730401,0.61676704764772
1335716053,39.242738,9.0838239,0.9784476514826981,0.8724223223896352,0.9784476514826981,0.6149736816190194
1335716130,39.2429394,9.0873724,0.9926707773196249,0.9390555335443392,0.9926707773196249,0.6806461837395492
1335716244,39.241616,9.0883015,0.9964440366133499,0.9576159589948502,0.9964440366133499,0.700409238752881
1335716338,39.2417929,9.086388,0.9721187590363896,0.8897156793821807,0.9721187590363896,0.6291870353680021
1335716452,39.2433736,9.0845615,0.9670460535265498,0.8566096997427985,0.9670460535265498,0.6012078904267133
1335748369,39.2406524,9.0921069,0.9977572688384849,0.9923178830809489,0.9977572688384849,0.7535912506195831
1335791571,39.2430995,9.0970838,0.9980101678121935,0.9917748833001027,0.9980101678121935,0.7609590470448904
1335801991,39.2429293,9.0969899,0.9978694490550846,0.9928096668821624,0.9978694490550846,0.7635974769541407
1335812081,39.2458577,9.1042236,0.9902799106229033,0.9897867501482677,0.9902799106229033,0.7774382449110512
1333769321,39.2336137,9.1202739,0.9987528740412055,0.9988218997553978,0.9986493354699171,0.7776938618152215
1333784661,39.2445759,9.1282186,0.9982500183727551,0.986074842543989,0.9982500183727551,0.7699088725268493
1333784683,39.243716,9.128928,0.9970461228192533,0.9875312665595327,0.9970461228192533,0.7708376542689447
1333784686,39.2455442,9.1280478,0.9978364202696751,0.9847182260976385,0.9978364202696751,0.7703553849477475
1333791629,39.2461873,9.1275514,0.9967424183039905,0.985373099305476,0.9967424183039905,0.7656571624713426
1333799008,39.2475567,9.127239,0.9932692747252233,0.9837245816640525,0.9932692747252233,0.7353881153133391
1333799022,39.245918,9.1258832,0.9964843674052609,0.9866041284990957,0.9964843674052609,0.7660619556987199
1333799027,39.245302,9.124974,0.9942959440187542,0.9821788659495054,0.9942959440187542,0.7601956143257768
1333804001,39.242041,9.1204899,0.9982421668055214,0.993659138693259,0.9982421668055214,0.7697739948178511
1333804004,39.2426411,9.1212134,0.9956642712710101,0.9901584624667296,0.9956642712710101,0.7575888477545285
1333804007,39.2424562,9.1204604,0.9941941301894848,0.9882842756117669,0.9941941301894848,0.753058325175639
1333806741,39.2429958,9.1201266,0.9925980241835792,0.9864011968181077,0.9925980241835792,0.7486818260735264
1333834241,39.2400165,9.1187776,0.9990278243323393,0.9928253483907382,0.9990278243323393,0.7698371046570237
1333843240,39.2382544,9.1166365,0.9971866738657178,0.997168119155646,0.9971866738657178,0.77527939917992
1333843246,39.2380635,9.1168006,0.9970021451826443,0.9970073895978321,0.9969942785598627,0.7748016960541984
1333843251,39.2377898,9.1164208,0.9971613691400447,0.9973722877454818,0.9968449912318891,0.7755968102601092
1333843261,39.2380017,9.1161331,0.9974568876846686,0.9977159246877719,0.9970683321800136,0.7767639379159965
1333852986,39.2407791,9.1157348,0.9972504095798169,0.9755560731016759,0.9972504095798169,0.7552889415712708
1333852987,39.2407515,9.1161741,0.9972360867830475,0.9757280532822189,0.9972360867830475,0.7548289867419989
1333854086,39.2430663,9.1151468,0.9977503320413499,0.97147383877341,0.9977503320413499,0.7535706424667459
1333692736,39.2269917,9.1204493,0.9988940555069401,0.9994869811068802,0.9980046671070301,0.7766937929784133
1333699043,39.2284866,9.1227336,0.99977870046109,0.9998455211573605,0.9996784694166843,0.7845588159677924
1333699056,39.2286118,9.1226063,0.9995876483460644,0.9997085763291413,0.9994062563714489,0.7821302475973936
1333699057,39.2285193,9.1227644,0.999832117502378,0.9998950929357621,0.9997376543523018,0.7848284103020697
1333699090,39.2286067,9.122931,0.999849879507133,0.9999153467048885,0.9997516787104999,0.7853478299094486
1333699129,39.2285207,9.1227103,0.9997801546640916,0.9998474275889686,0.9996792452767763,0.7845602500679689
1333703552,39.2285572,9.118187,0.9981995440848509,0.9994820154365663,0.9962758370572777,0.7718728938028803
1333703571,39.2291359,9.1199817,0.99934296685925,0.9997656625607392,0.998708923307016,0.7803132083768314
1333703582,39.2284693,9.1183964,0.9983371137044845,0.9995236183330568,0.9965573567616262,0.7727745771300505
1333719184,39.2378448,9.1126991,0.9991833853674468,0.9994212814327303,0.9988265412695214,0.7886634237290272
1333723586,39.2383431,9.1112362,0.9988876041498355,0.9991409463837669,0.9985075907989382,0.7899686310567152
1333727948,39.2346314,9.1104146,0.9997005887988647,0.9999805525362613,0.9992806431927699,0.7936123101209626
1333728854,39.2343734,9.1125222,0.9992659317466339,0.9999418347568534,0.9982520772313046,0.7873198052151098
1333730749,39.2327381,9.1138593,0.9985312855682476,0.9997910079802679,0.996641701950217,0.7854265300434073
1333738464,39.2288826,9.1112682,0.9940491433222685,0.9957650100547208,0.99147534322359,0.7921426712959904
1333738467,39.2282863,9.1124403,0.9906532923953267,0.9926984566755546,0.9875855459749849,0.7900975910492839
1333738828,39.228348,9.1125526,0.9904843650511151,0.992542803095363,0.9873967079847433,0.7899674750725931
1333738829,39.2293471,9.1116638,0.9915129359048095,0.9937331072457123,0.9881826788934552,0.7901470618221014
1333738831,39.2285546,9.1128353,0.9899187638213017,0.9920034245623223,0.9867917727097709,0.7895011404151252
1333744103,39.2255195,9.1147629,0.9862097503877116,0.9915691254821339,0.9781706877460781,0.7875290677527096
1335812083,39.2459668,9.1043279,0.9899605397853729,0.9894598426826902,0.9899605397853729,0.7766806175456932
1335812095,39.2459777,9.1041953,0.9901303597164725,0.9896616943474402,0.9901303597164725,0.7769087118323855
1335812127,39.2459261,9.1043463,0.9898919838761345,0.9894072625167022,0.9898919838761345,0.7766042820063207
1335824293,39.2461328,9.1042154,0.9896116282864774,0.988995549883721,0.9896116282864774,0.7762607855631893
1335830253,39.2457798,9.1044399,0.9895365934800102,0.9888569697709153,0.9895365934800102,0.7761135170704628
1335830257,39.2457136,9.1043923,0.9901639623431213,0.9895934267630933,0.9901639623431213,0.7779710960558173
1335858523,39.243292,9.1016898,0.9942717099816555,0.9954419199467953,0.9925163950339456,0.7777192434388258
1335861244,39.243633,9.1018334,0.993219788182418,0.9944665329298614,0.9913496710612527,0.7757737377757924
1335861251,39.2435302,9.1008841,0.9925691183026518,0.9931502729908306,0.9916973862703837,0.7738597180015436
1335861253,39.2439365,9.1013629,0.9924785419706232,0.9936253825683758,0.9907582810739944,0.7742077105083159
1335874950,39.2440285,9.1012284,0.9921155319750021,0.9932525371906517,0.9904100241515278,0.7734339026646838
1335930557,39.2401497,9.1016254,0.9968557005698361,0.9992445556716986,0.9932724179170425,0.7901400848327254
1335936890,39.2395286,9.1035889,0.9984665725097195,0.9993337691361245,0.9971657775701119,0.7918249175060613
1335936895,39.2394188,9.102154,0.9973805375003117,0.9992920979001958,0.9945131969004857,0.790954877632581
1335936905,39.2393192,9.1029222,0.9978634216924839,0.9992624437930985,0.9957648885415621,0.791365548015802
1335936920,39.2389269,9.103114,0.9979856515300211,0.9992378641349755,0.9961073326225893,0.7916072021371279
1335936921,39.2396967,9.1032374,0.9982900001028636,0.9993150583303738,0.9967524127615984,0.7916605042802245
1335936922,39.2399846,9.1026352,0.9976883904182854,0.999309581059286,0.9952566044567843,0.7910842570689383
1335936925,39.2394847,9.1030604,0.9979324893157522,0.999270741862275,0.9959251104959678,0.7914323387833816
1335936926,39.2391117,9.102749,0.9978006494419773,0.9992593293572631,0.9956126295690487,0.7913504818868344
1333943681,39.2503139,9.1050886,0.9724628757561032,0.9789823802848894,0.962683618962924,0.7479698767018179
1333945894,39.2499088,9.1049331,0.9728888645675197,0.9792049052449975,0.9634148035513029,0.7487519353424578
1333959783,39.2510163,9.1175509,0.995012547345446,0.9756221753113443,0.995012547345446,0.7058692099097983
1333978302,39.2520315,9.1331536,0.9919234848158428,0.9636768219292549,0.9919234848158428,0.7130512495810334
1333978303,39.2525946,9.1336473,0.9938822797369972,0.9664009336797964,0.9938822797369972,0.7179749862378838
1333988594,39.2510474,9.1339199,0.9978322853385792,0.9721999234083674,0.9978322853385792,0.7337156164292121
1333988603,39.2512609,9.1333153,0.9970071558454453,0.9679621783925909,0.9970071558454453,0.7269724469518284
1333989892,39.249983,9.1359947,0.9980512722363246,0.9761255584034614,0.9980512722363246,0.7349256930726243
1333989906,39.2498619,9.1362688,0.9979003930253592,0.975856434803681,0.9979003930253592,0.7343768247411293
1333989920,39.2496155,9.1358907,0.9979133641436654,0.9772883850284799,0.9979133641436654,0.7378420421526664
1334347783,39.2317318,9.0941151,0.0,0.0,0.0,0.0
1334347785,39.2329552,9.0952374,0.0,0.0,0.0,0.0
1334347788,39.2314682,9.0942221,0.0,0.0,0.0,0.0
1334351927,39.2328987,9.0952854,0.0,0.0,0.0,0.0
1334351928,39.2329158,9.095234,0.0,0.0,0.0,0.0
1334502910,39.2318695,9.0921932,0.9922621812097557,0.9918933820436882,0.9922621812097557,0.7260835731724667
1334502911,39.2324135,9.0902984,0.9797642267821801,0.9682407929147678,0.9797642267821801,0.6827318563290248
1334502930,39.2318774,9.0898424,0.9797844123564644,0.9674012327302529,0.9797844123564644,0.6824095327248955
1334502975,39.2322657,9.0903177,0.9799065893284972,0.9687984913114128,0.9799065893284972,0.6830785321840358
1334502979,39.2320556,9.0924438,0.9922912716953463,0.9921531412349848,0.9922912716953463,0.7261762654610878
1335949327,39.2409023,9.1062077,0.9974977502083052,0.9967995192272988,0.9974977502083052,0.789243162230693
1335949339,39.2408637,9.1068848,0.9983053754269559,0.9978981431044527,0.9983053754269559,0.7900192783654252
1335950213,39.2399566,9.1059431,0.9980711317417257,0.9983292191044879,0.9976840006975823,0.7911592691737909
1335950214,39.2397367,9.1062447,0.9980826687335845,0.9983654561274203,0.9976584876428309,0.7912012021596015
1335950531,39.2401583,9.1057304,0.9976964629109765,0.9979473338485487,0.9973201565046181,0.7906967249869434
1335950533,39.2405374,9.1061092,0.9974189000435524,0.9974078190101515,0.9974189000435524,0.7899124689058015
1335958533,39.2389761,9.1070431,0.9985688288144435,0.999113919131552,0.9977511933387807,0.7916212095574824
1335962661,39.2360867,9.1009073,0.9991294375778237,0.9997959808665381,0.998129622644752,0.7881514527958081
1335962692,39.2357856,9.1007273,0.9992355380464052,0.9997942072606317,0.9983975342250654,0.7880970201808584
1335962698,39.2360814,9.1011583,0.9991728971365237,0.9998155025201976,0.998208989061013,0.788395815577289
1335962748,39.2360241,9.1007876,0.999187354622657,0.9997845723477695,0.9982915280349881,0.7880758810698089
1335962753,39.2365841,9.1007102,0.9988482344956726,0.9992237342990309,0.9982849847906352,0.7882127716751359
1335962761,39.236274,9.1009867,0.999089201060506,0.9995373162668116,0.9984170282510475,0.7875428767350172
1335962762,39.2363456,9.1009228,0.9990640471193698,0.9995132832077718,0.9983901929867668,0.787459958440658
1335962777,39.236015,9.1005858,0.9991406793015344,0.9995342100971447,0.9985503831081188,0.7874437824733471
1335962780,39.2359858,9.100721,0.9991954612079496,0.9997821098913279,0.9983154881828822,0.7880482203473352
1335962783,39.2359875,9.1012473,0.9992230205237432,0.9998304035463937,0.9983119459897674,0.7885938643156355
1335962785,39.236125,9.1009838,0.9991324687445701,0.999804480740237,0.9981244507510697,0.7880987936561272
1335969344,39.2374424,9.0986778,0.9978298666548888,0.9987226045116188,0.996490759869794,0.7852115077162505
1336425669,39.2430497,9.1008593,0.9921525681635308,0.9905515307491524,0.9921525681635308,0.7699488591591666
1336488545,39.2425408,9.1169397,0.9988231678967722,0.9801410334598236,0.9988231678967722,0.7573816083707708
1336510982,39.2434131,9.1235289,0.9962965431605468,0.9923897910421896,0.9962965431605468,0.7706247972642376
1336510994,39.2437061,9.1229707,0.9948560212103553,0.9906570470522433,0.9948560212103553,0.7630615260222079
1336536539,39.2464273,9.1227788,0.9953464286278989,0.9878273387913604,0.9953464286278989,0.755479022033468
1336626036,39.2437201,9.1217955,0.9937829799049682,0.9906944948479123,0.9937829799049682,0.7554704777898804
1336655104,39.2471797,9.1189987,0.9955294873020956,0.9820423238916541,0.9955294873020956,0.7245037529395834
1336662465,39.2476383,9.1182044,0.9935857631750982,0.9742952406174002,0.9935857631750982,0.7087696798299062
1336662476,39.2474988,9.1182621,0.9938448047650296,0.9748837878571677,0.9938448047650296,0.7096644862186041
1336662493,39.247585,9.1182988,0.993645189016738,0.9743042948661123,0.993645189016738,0.7085948397772067
1336662495,39.2474616,9.1182259,0.9939541238322126,0.9750357652643381,0.9939541238322126,0.7098959743582669
1336662498,39.2471965,9.1182033,0.9943053785818406,0.976124202741071,0.9943053785818406,0.711571055281581
1336669353,39.247605,9.1177083,0.9932106274581196,0.9731242765525375,0.9932106274581196,0.7074324322233578
1336672458,39.2486171,9.1207528,0.9970065953207116,0.9872879351038493,0.9970065953207116,0.7355294596652662
1336672463,39.2484877,9.1206481,0.9971612671323162,0.9873732230273834,0.9971612671323162,0.7357742691776665
1336673054,39.248972,9.1228868,0.993033221657643,0.9867589979274586,0.993033221657643,0.7303284102865548
1336678702,39.2512564,9.1213111,0.992172213137281,0.9765051209197986,0.992172213137281,0.7028913616209027
1336678717,39.2510718,9.1218702,0.9913952431183272,0.9810236849780597,0.9913952431183272,0.7074465941512342
1336678720,39.2516721,9.1211745,0.9915334254953726,0.9784579545248189,0.9915334254953726,0.6966570803251669
1336678721,39.25127,9.1216408,0.991192190259447,0.9786115838543229,0.991192190259447,0.7013681825731837
1336678727,39.2510591,9.1215415,0.9911775486089123,0.9769329546940998,0.9911775486089123,0.7034728663377681
1336425681,39.2435619,9.1018338,0.9933917860947257,0.9946225099500579,0.9915457003117274,0.776048086611202
1336430939,39.2422133,9.1032653,0.9954513716838115,0.997288116109936,0.9926962550446249,0.7869796880856275
1336433500,39.2424781,9.1042019,0.9951935954409276,0.9971286546297473,0.992291006657698,0.7867448548545877
1336436471,39.2430363,9.1053716,0.9959538393419264,0.9963697385422418,0.9953299905414532,0.7869612725695408
1336438455,39.241635,9.1067111,0.997617003242464,0.9964579003733022,0.997617003242464,0.7879912071861029
1336438461,39.2414362,9.1062795,0.9977573068698249,0.9975552081976494,0.9977573068698249,0.7895870904808485
1336438465,39.2420998,9.106315,0.9970409992368489,0.9952460552839348,0.9970409992368489,0.7863974496371584
1336444500,39.2408303,9.1074154,0.9983633305244453,0.9977637296127276,0.9983633305244453,0.7899542351088314
1336444504,39.2427377,9.108142,0.9959823926871676,0.9928414485855126,0.9959823926871676,0.782758387963017
1336444506,39.2423267,9.1084491,0.9965431633919198,0.9939826666210685,0.9965431633919198,0.7842848572519273
1336444514,39.242396,9.1075106,0.996722214846284,0.9943151316986975,0.996722214846284,0.7846973541353136
1336444516,39.2420262,9.1077856,0.9972172864496146,0.9954336817692344,0.9972172864496146,0.7862080142806714
1336444518,39.2411417,9.1063895,0.9972294964647964,0.9964036754181909,0.9972294964647964,0.7887639092093273
1336444521,39.2414347,9.108225,0.9978491955409767,0.9968715170320818,0.9978491955409767,0.7881931069928942
1336450126,39.2467836,9.1077572,0.970207210133044,0.9648725706924106,0.970207210133044,0.7470893736268818
1336461448,39.2445439,9.1103367,0.9799780134790186,0.9810971353468303,0.978299330677301,0.7283380014798497
1336461452,39.2438616,9.1096002,0.9916169187888307,0.9929044649806877,0.9896855995010452,0.7686656151219111
1336461475,39.2440718,9.1092605,0.9923328075975671,0.9934797133205732,0.9906124490130582,0.7741676486585716
1336461497,39.2450355,9.1092486,0.9757616017134968,0.9775570637702395,0.9730684086283826,0.7203697899555137
1336461539,39.2426855,9.1128383,0.994307396898446,0.9945978538283444,0.9938717115035985,0.7756125857393799
1336678728,39.2508681,9.1217772,0.9911100589007177,0.9794005471330797,0.9911100589007177,0.7075526292259158
1336678730,39.2514678,9.1214082,0.9925243625089171,0.9798282242489371,0.9925243625089171,0.7020905745567616
1336684245,39.2518711,9.1200887,0.9919627179302365,0.9746279910066947,0.9919627179302365,0.6992785431486704
1336684247,39.2515358,9.1195901,0.9916318967789266,0.9726335857723624,0.9916318967789266,0.6970335665152738
1336684248,39.2520685,9.1203692,0.9912275466496638,0.9730076475224193,0.9912275466496638,0.6966729345227318
1336688196,39.2494824,9.1181945,0.9966635339874343,0.9756452286602284,0.9966635339874343,0.7087561828414896
1336688200,39.2502678,9.1184217,0.9955871300206209,0.9785416013823276,0.9955871300206209,0.7125563000004611
1336688206,39.2495869,9.1194309,0.9955463767370225,0.975148967124754,0.9955463767370225,0.7061758430480614
1336688213,39.2499045,9.1180708,0.9959691917094666,0.9760085355119246,0.9959691917094666,0.7090549573729542
1336688217,39.2501511,9.118598,0.9958154203351373,0.9792920320971785,0.9958154203351373,0.7144990466307252
1336688224,39.2493054,9.1193425,0.9950736156499512,0.9733227752277139,0.9950736156499512,0.7035384116942072
1336688226,39.2496483,9.1182299,0.9968591113346428,0.9764698812442187,0.9968591113346428,0.7101544779189727
1336688260,39.2498132,9.1182159,0.9961211002872173,0.9767444359899728,0.9961211002872173,0.7097437032692868
1336688270,39.2495578,9.1188229,0.9962064887631601,0.9756677354469587,0.9962064887631601,0.7080932130755806
1336688283,39.2494127,9.1187829,0.9960283433223244,0.9749726780297282,0.9960283433223244,0.7068480830242753
1336691517,39.2511478,9.119045,0.9943883681842148,0.9781823267444586,0.9943883681842148,0.7072924368696288
1336698871,39.2506383,9.1156907,0.9956722422845568,0.9665561671090213,0.9956722422845568,0.6965433655385062
1336703180,39.2496988,9.1181236,0.9969527431723378,0.976714515564905,0.9969527431723378,0.7106741038322535
1336703183,39.2496177,9.1176657,0.9973522088485198,0.9765527727635966,0.9973522088485198,0.7132498948583672
1336711074,39.2518146,9.1208365,0.9905413284763291,0.9777528277460179,0.9905413284763291,0.6950964887302898
1336461548,39.2438525,9.1127069,0.9912698290479846,0.9927805305579908,0.9890037767829754,0.7683135536544505
1336461571,39.2445141,9.1098197,0.9888959183427023,0.9910609386879988,0.9856483878247576,0.7634431404396145
1336461589,39.2439568,9.1106747,0.9904296292910643,0.9921960248179996,0.9877800360006612,0.7667600982068786
1336461606,39.2439587,9.1095834,0.9915804650565566,0.9928739615930918,0.9896402202517539,0.7685593352803378
1336461641,39.2433807,9.1090443,0.9948873597003641,0.9947104607046837,0.9948873597003641,0.7803302055878636
1336461665,39.245559,9.1099647,0.9765147632823008,0.977819418417887,0.9745577805789214,0.7231816174863391
1336461669,39.2451847,9.1097442,0.9765424643132828,0.9783753953131377,0.9737930678135006,0.7219162624273545
1336461688,39.2438126,9.1096261,0.9916342298940032,0.9929175759723217,0.9897092107765255,0.7687084116250893
1336461695,39.2445266,9.109557,0.9903782635354584,0.9918556053800908,0.9881622507685099,0.7656616666329503
1336463195,39.2417514,9.1101443,0.9960431242873776,0.9935260459859717,0.9960431242873776,0.782370050396119
1336463205,39.2417637,9.1107412,0.9969142436934272,0.9948705636430392,0.9969142436934272,0.7843116436578751
1336464006,39.2416111,9.1108663,0.9970154141100778,0.9951535874624885,0.9970154141100778,0.7845923274489126
1336464008,39.2417749,9.1111987,0.9968589826568944,0.9949368168851943,0.9968589826568944,0.7841609668396974
1336467225,39.2434194,9.108991,0.9948676932197301,0.9946741500992609,0.9948676932197301,0.7802908996882674
1336467333,39.2458269,9.1081542,0.9697902763885502,0.977215811344691,0.958651973954339,0.7370923179378883
1336473121,39.2441486,9.1115528,0.9898755948019177,0.9919169473312692,0.9868135660078903,0.7656992517152791
1336476141,39.2429201,9.1145545,0.997087946285221,0.9677703713869574,0.997087946285221,0.7493882428803815
1336476146,39.2431279,9.1145419,0.9968213803515966,0.9659987181294639,0.9968213803515966,0.7479294462850423
1336476175,39.2433135,9.1142857,0.9963410747761536,0.9641619968471944,0.9963410747761536,0.7449613193839364
1336488534,39.2422439,9.1167523,0.9988749708219211,0.9819027903541627,0.9988749708219211,0.7578308925522967
1336711078,39.2522304,9.1194458,0.9834972147825211,0.9645759692446881,0.9834972147825211,0.6697016023087866
1336711082,39.2520939,9.1212475,0.9918113909994631,0.9798343594829686,0.9918113909994631,0.699355595216908
1336712657,39.2525837,9.1197381,0.9820551124906409,0.9626472886929822,0.9820551124906409,0.6665058577357842
1336716407,39.254893,9.1191949,0.9586767649436799,0.9595641327190382,0.9573457132806424,0.6317851859595063
1336721018,39.258183,9.1179487,0.9512354305334372,0.9635114496241524,0.9328214018973645,0.6011375643167032
1336721024,39.2588103,9.1176251,0.950142987889388,0.9632823225680726,0.9304339858713612,0.596049455761719
1336721025,39.2555967,9.1174606,0.973639157987912,0.9650079836447171,0.973639157987912,0.6559992783871378
1336721034,39.2597841,9.1194337,0.9496401890941192,0.9627832475892434,0.9299256013514328,0.5987676028527001
1336737668,39.2602823,9.1196866,0.950388664960174,0.9641244683996377,0.9297849598009785,0.6037952683860236
1336737674,39.2549615,9.1176715,0.9768398189888736,0.9617667429098484,0.9768398189888736,0.6603086833457023
1336737685,39.2597344,9.1172146,0.9560857509605183,0.9667003295656508,0.9401638830528195,0.60451027004492
1336737694,39.2546041,9.1192016,0.9797615465775441,0.9651910236131266,0.9797615465775441,0.6670109394475086
1336737696,39.2598238,9.1165657,0.9496279321017291,0.9624650438914855,0.9303722644170948,0.5940087300496206
1336737701,39.2607579,9.118592,0.9475790164439486,0.9613741717800289,0.9268862834398282,0.5911128731873657
1336737702,39.2542502,9.1196225,0.977078940032153,0.9612826444187879,0.977078940032153,0.66195439686106
1336737711,39.2554773,9.1169909,0.972399981272339,0.956036451989448,0.972399981272339,0.652795500435854
1336737717,39.260095,9.1161977,0.950539919422896,0.9632380028360304,0.9314927943031942,0.5949121359175423
1336737718,39.2536374,9.1159107,0.9832776999709273,0.9589623722747669,0.9832776999709273,0.6653406662507715
1336744358,39.2539177,9.1178181,0.9806898382099571,0.9625844663068558,0.9806898382099571,0.66407850239654
1336750552,39.2536837,9.1155629,0.9843557696514679,0.960355350116678,0.9843557696514679,0.6679712106479654
