lat,lon,reason,snap_lat,snap_lon,snap_dist_m
39.193921367734596,9.15902054521741,otp_no_itinerary,39.1935638,9.1584131,
39.193921367734596,9.15902054521741,otp_no_itinerary,39.1935638,9.1584131,
39.193921367734596,9.15902054521741,otp_no_itinerary,39.1935638,9.1584131,
39.193921367734596,9.15902054521741,otp_no_itinerary,39.1935638,9.1584131,
39.21157305664548,9.16875665190801,otp_no_itinerary,39.2107228,9.1703668,
39.21157305664548,9.16875665190801,otp_no_itinerary,39.2107228,9.1703668,
39.21157305664548,9.16875665190801,otp_no_itinerary,39.2107228,9.1703668,
39.21157305664548,9.16875665190801,otp_no_itinerary,39.2107228,9.1703668,
39.25087569240135,9.120866206637325,otp_no_itinerary,39.2509287,9.1212425,
39.25087569240135,9.120866206637325,otp_no_itinerary,39.2509287,9.1212425,
39.25087569240135,9.120866206637325,otp_no_itinerary,39.2509287,9.1212425,
39.25087569240135,9.120866206637325,otp_no_itinerary,39.2509287,9.1212425,
39.25776507425632,9.099124433442991,otp_no_itinerary,39.2575574,9.0982059,
39.24496134189483,9.147784800005118,otp_no_itinerary,39.2442986,9.1481224,
39.24496134189483,9.147784800005118,otp_no_itinerary,39.2442986,9.1481224,
39.24496134189483,9.147784800005118,otp_no_itinerary,39.2442986,9.1481224,
39.24496134189483,9.147784800005118,otp_no_itinerary,39.2442986,9.1481224,
39.203643107313944,9.150454623573868,otp_no_itinerary,39.2031279,9.1509558,
39.203643107313944,9.150454623573868,otp_no_itinerary,39.2031279,9.1509558,
39.203643107313944,9.150454623573868,otp_no_itinerary,39.2031279,9.1509558,
39.25776507425632,9.099124433442991,otp_no_itinerary,39.2575574,9.0982059,
39.25455313033898,9.097128005456684,otp_no_itinerary,39.254385,9.0966193,
39.25776507425632,9.099124433442991,otp_no_itinerary,39.2575574,9.0982059,
39.25776507425632,9.099124433442991,otp_no_itinerary,39.2575574,9.0982059,
39.25075576692905,9.121070785379704,otp_no_itinerary,39.2509287,9.1212425,
39.25075576692905,9.121070785379704,otp_no_itinerary,39.2509287,9.1212425,
39.25075576692905,9.121070785379704,otp_no_itinerary,39.2509287,9.1212425,
39.25075576692905,9.121070785379704,otp_no_itinerary,39.2509287,9.1212425,
39.242263123030575,9.089266506822899,otp_no_itinerary,39.2431854,9.0890257,
39.20195865071483,9.150754741188054,otp_no_itinerary,39.2014634,9.1504864,
39.25054250356116,9.139181880885454,otp_no_itinerary,39.2507149,9.1396906,
39.25054250356116,9.139181880885454,otp_no_itinerary,39.2507149,9.1396906,
39.18960303566301,9.140559432878801,otp_no_itinerary,39.1896799,9.14099,
39.25054250356116,9.139181880885454,otp_no_itinerary,39.2507149,9.1396906,
39.20388411259959,9.140483391635083,otp_no_itinerary,39.2036548,9.1400932,
39.25054250356116,9.139181880885454,otp_no_itinerary,39.2507149,9.1396906,
39.25455313033898,9.097128005456684,otp_no_itinerary,39.254385,9.0966193,
39.24423755884709,9.134329713386569,otp_no_itinerary,39.2439538,9.1347802,
39.24423755884709,9.134329713386569,otp_no_itinerary,39.2439538,9.1347802,
39.24423755884709,9.134329713386569,otp_no_itinerary,39.2439538,9.1347802,
39.24423755884709,9.134329713386569,otp_no_itinerary,39.2439538,9.1347802,
39.248933167604235,9.146952831362764,otp_no_itinerary,39.245648,9.1440475,
39.248933167604235,9.146952831362764,otp_no_itinerary,39.245648,9.1440475,
39.257090381041635,9.094127236494936,otp_no_itinerary,39.2573555,9.0942807,
39.248933167604235,9.146952831362764,otp_no_itinerary,39.245648,9.1440475,
39.26689941280172,9.100902633901768,otp_no_itinerary,39.2650142,9.0992724,
39.26689941280172,9.100902633901768,otp_no_itinerary,39.2650142,9.0992724,
39.26689941280172,9.100902633901768,otp_no_itinerary,39.2650142,9.0992724,
39.258712946479015,9.093139852631637,otp_no_itinerary,39.2584045,9.0928688,
39.248933167604235,9.146952831362764,otp_no_itinerary,39.245648,9.1440475,
39.26689941280172,9.100902633901768,otp_no_itinerary,39.2650142,9.0992724,
39.249729577880416,9.137106434222344,otp_no_itinerary,39.2496543,9.1364478,
39.246994448768916,9.128684465755605,otp_no_itinerary,39.2471906,9.1286768,
39.246994448768916,9.128684465755605,otp_no_itinerary,39.2471906,9.1286768,
39.249729577880416,9.137106434222344,otp_no_itinerary,39.2496543,9.1364478,
39.249729577880416,9.137106434222344,otp_no_itinerary,39.2496543,9.1364478,
39.246994448768916,9.128684465755605,otp_no_itinerary,39.2471906,9.1286768,
39.25379710680606,9.120377137363835,otp_no_itinerary,39.2534608,9.1201738,
39.249729577880416,9.137106434222344,otp_no_itinerary,39.2496543,9.1364478,
39.26094897604518,9.122031766050295,otp_no_itinerary,39.2605373,9.1222216,
39.25379710680606,9.120377137363835,otp_no_itinerary,39.2534608,9.1201738,
39.25379710680606,9.120377137363835,otp_no_itinerary,39.2534608,9.1201738,
39.26103598179536,9.122206915759314,otp_no_itinerary,39.2613911,9.1224469,
39.25455109008815,9.096711278870908,otp_no_itinerary,39.254385,9.0966193,
39.26094897604518,9.122031766050295,otp_no_itinerary,39.2605373,9.1222216,
39.26094897604518,9.122031766050295,otp_no_itinerary,39.2605373,9.1222216,
39.2547734,9.09729345,otp_no_itinerary,39.2551247,9.09757,
39.25791835682347,9.114894926756609,otp_no_itinerary,39.2576865,9.1145702,
39.26103598179536,9.122206915759314,otp_no_itinerary,39.2613911,9.1224469,
39.26103598179536,9.122206915759314,otp_no_itinerary,39.2613911,9.1224469,
39.25379710680606,9.120377137363835,otp_no_itinerary,39.2534608,9.1201738,
39.25791835682347,9.114894926756609,otp_no_itinerary,39.2576865,9.1145702,
39.25791835682347,9.114894926756609,otp_no_itinerary,39.2576865,9.1145702,
39.25083048323493,9.117032133724116,otp_no_itinerary,39.250768,9.1170087,
39.257090381041635,9.094127236494936,otp_no_itinerary,39.2573555,9.0942807,
39.26094897604518,9.122031766050295,otp_no_itinerary,39.2605373,9.1222216,
39.25083048323493,9.117032133724116,otp_no_itinerary,39.250768,9.1170087,
39.25083048323493,9.117032133724116,otp_no_itinerary,39.250768,9.1170087,
39.257090381041635,9.094127236494936,otp_no_itinerary,39.2573555,9.0942807,
39.26103598179536,9.122206915759314,otp_no_itinerary,39.2613911,9.1224469,
39.257090381041635,9.094127236494936,otp_no_itinerary,39.2573555,9.0942807,
39.25631022337393,9.118166023245651,otp_no_itinerary,39.2557754,9.1180652,
39.25791835682347,9.114894926756609,otp_no_itinerary,39.2576865,9.1145702,
39.25697589657106,9.121426914301187,otp_no_itinerary,39.2568654,9.1216783,
39.25631022337393,9.118166023245651,otp_no_itinerary,39.2557754,9.1180652,
39.25631022337393,9.118166023245651,otp_no_itinerary,39.2557754,9.1180652,
39.25697589657106,9.121426914301187,otp_no_itinerary,39.2568654,9.1216783,
39.25697589657106,9.121426914301187,otp_no_itinerary,39.2568654,9.1216783,
39.25083048323493,9.117032133724116,otp_no_itinerary,39.250768,9.1170087,
39.2551438,9.094092450000002,otp_no_itinerary,39.2554302,9.0953912,
39.25322813628813,9.124982066724787,otp_no_itinerary,39.2532196,9.1256261,
39.25322813628813,9.124982066724787,otp_no_itinerary,39.2532196,9.1256261,
39.25322813628813,9.124982066724787,otp_no_itinerary,39.2532196,9.1256261,
39.257090381041635,9.094127236494936,otp_no_itinerary,39.2573555,9.0942807,
39.258712946479015,9.093139852631637,otp_no_itinerary,39.2584045,9.0928688,
39.258712946479015,9.093139852631637,otp_no_itinerary,39.2584045,9.0928688,
39.25631022337393,9.118166023245651,otp_no_itinerary,39.2557754,9.1180652,
39.25697589657106,9.121426914301187,otp_no_itinerary,39.2568654,9.1216783,
39.254624760931264,9.12517118698241,otp_no_itinerary,39.2546316,9.1253017,
39.2553059,9.0969175,otp_no_itinerary,39.2550013,9.096743,
39.254624760931264,9.12517118698241,otp_no_itinerary,39.2546316,9.1253017,
39.254624760931264,9.12517118698241,otp_no_itinerary,39.2546316,9.1253017,
39.25451530000001,9.097036450000001,otp_no_itinerary,39.254385,9.0966193,
39.25322813628813,9.124982066724787,otp_no_itinerary,39.2532196,9.1256261,
39.247944,9.1322863,otp_no_itinerary,39.2477263,9.1319913,
39.247944,9.1322863,otp_no_itinerary,39.2477263,9.1319913,
39.258712946479015,9.093139852631637,otp_no_itinerary,39.2584045,9.0928688,
39.247944,9.1322863,otp_no_itinerary,39.2477263,9.1319913,
39.242160334541126,9.089409165971551,otp_no_itinerary,39.241616,9.0883015,
39.2480304,9.1322558,otp_no_itinerary,39.2477263,9.1319913,
39.2480304,9.1322558,otp_no_itinerary,39.2477263,9.1319913,
39.2480304,9.1322558,otp_no_itinerary,39.2477263,9.1319913,
39.2026478,9.1615693,otp_no_itinerary,39.2027611,9.1615956,
39.2026478,9.1615693,otp_no_itinerary,39.2027611,9.1615956,
39.2026478,9.1615693,otp_no_itinerary,39.2027611,9.1615956,
39.2481059,9.1397924,otp_no_itinerary,39.2480947,9.1398285,
39.2481059,9.1397924,otp_no_itinerary,39.2480947,9.1398285,
39.2481059,9.1397924,otp_no_itinerary,39.2480947,9.1398285,
39.254624760931264,9.12517118698241,otp_no_itinerary,39.2546316,9.1253017,
39.257432599999994,9.098643599999999,otp_no_itinerary,39.2575574,9.0982059,
39.20180221533888,9.142310452494964,otp_no_itinerary,39.2016068,9.141998,
39.247944,9.1322863,otp_no_itinerary,39.2477263,9.1319913,
39.251865660256364,9.123743188063717,otp_no_itinerary,39.2512407,9.1227656,
39.251865660256364,9.123743188063717,otp_no_itinerary,39.2512407,9.1227656,
39.251865660256364,9.123743188063717,otp_no_itinerary,39.2512407,9.1227656,
39.2480304,9.1322558,otp_no_itinerary,39.2477263,9.1319913,
39.2026478,9.1615693,otp_no_itinerary,39.2027611,9.1615956,
39.251477949999995,9.1231994,otp_no_itinerary,39.2512407,9.1227656,
39.251477949999995,9.1231994,otp_no_itinerary,39.2512407,9.1227656,
39.251477949999995,9.1231994,otp_no_itinerary,39.2512407,9.1227656,
39.20204209255,9.142704494848765,otp_no_itinerary,39.2016068,9.141998,
39.2481059,9.1397924,otp_no_itinerary,39.2480947,9.1398285,
39.25083496506858,9.123798093133328,otp_no_itinerary,39.2502833,9.1233758,
39.25083496506858,9.123798093133328,otp_no_itinerary,39.2502833,9.1233758,
39.25083496506858,9.123798093133328,otp_no_itinerary,39.2502833,9.1233758,
39.2518777348066,9.126987994958935,otp_no_itinerary,39.2516676,9.1264993,
39.2518777348066,9.126987994958935,otp_no_itinerary,39.2516676,9.1264993,
39.2518777348066,9.126987994958935,otp_no_itinerary,39.2516676,9.1264993,
39.25771682427328,9.098651454990142,otp_no_itinerary,39.2575574,9.0982059,
39.251865660256364,9.123743188063717,otp_no_itinerary,39.2512407,9.1227656,
39.24519519074329,9.11883153160656,otp_no_itinerary,39.2451535,9.1191517,
39.24519519074329,9.11883153160656,otp_no_itinerary,39.2451535,9.1191517,
39.24519519074329,9.11883153160656,otp_no_itinerary,39.2451535,9.1191517,
39.242363044483774,9.089136362538586,otp_no_itinerary,39.2431854,9.0890257,
39.251477949999995,9.1231994,otp_no_itinerary,39.2512407,9.1227656,
39.25778667553958,9.099192643479414,otp_no_itinerary,39.2584287,9.0986437,
39.25126116683312,9.13918172498875,otp_no_itinerary,39.2513345,9.1383589,
39.25126116683312,9.13918172498875,otp_no_itinerary,39.2513345,9.1383589,
39.25126116683312,9.13918172498875,otp_no_itinerary,39.2513345,9.1383589,
39.244229682840796,9.15020072600067,otp_no_itinerary,39.2445663,9.1486015,
39.244229682840796,9.15020072600067,otp_no_itinerary,39.2445663,9.1486015,
39.25083496506858,9.123798093133328,otp_no_itinerary,39.2502833,9.1233758,
39.244229682840796,9.15020072600067,otp_no_itinerary,39.2445663,9.1486015,
39.227351783183025,9.077824343677465,otp_no_itinerary,39.2274303,9.0784884,
39.24467943384789,9.147111248455458,otp_no_itinerary,39.2442986,9.1481224,
39.24467943384789,9.147111248455458,otp_no_itinerary,39.2442986,9.1481224,
39.24467943384789,9.147111248455458,otp_no_itinerary,39.2442986,9.1481224,
39.2518777348066,9.126987994958935,otp_no_itinerary,39.2516676,9.1264993,
39.24537629407317,9.148336433980004,otp_no_itinerary,39.2445663,9.1486015,
39.24537629407317,9.148336433980004,otp_no_itinerary,39.2445663,9.1486015,
39.25810887558472,9.098703694714422,otp_no_itinerary,39.2584287,9.0986437,
39.24537629407317,9.148336433980004,otp_no_itinerary,39.2445663,9.1486015,
39.24502391665667,9.147784400034817,otp_no_itinerary,39.2442986,9.1481224,
39.24502391665667,9.147784400034817,otp_no_itinerary,39.2442986,9.1481224,
39.2018863,9.142494800000001,otp_no_itinerary,39.2016068,9.141998,
39.24533941567934,9.147550189199123,otp_no_itinerary,39.2445663,9.1486015,
39.24502391665667,9.147784400034817,otp_no_itinerary,39.2442986,9.1481224,
39.24533941567934,9.147550189199123,otp_no_itinerary,39.2445663,9.1486015,
39.24519519074329,9.11883153160656,otp_no_itinerary,39.2451535,9.1191517,
39.244130049999995,9.1474117,otp_no_itinerary,39.2439512,9.1478182,
39.244130049999995,9.1474117,otp_no_itinerary,39.2439512,9.1478182,
39.24533941567934,9.147550189199123,otp_no_itinerary,39.2445663,9.1486015,
39.244130049999995,9.1474117,otp_no_itinerary,39.2439512,9.1478182,
39.250821829498356,9.13832697146457,otp_no_itinerary,39.2506709,9.1377799,
39.250821829498356,9.13832697146457,otp_no_itinerary,39.2506709,9.1377799,
39.24207895,9.1373409,otp_no_itinerary,39.2418132,9.1370985,
39.250821829498356,9.13832697146457,otp_no_itinerary,39.2506709,9.1377799,
39.25455109008815,9.096711278870908,otp_no_itinerary,39.254385,9.0966193,
39.2547734,9.09729345,otp_no_itinerary,39.2551247,9.09757,
39.255283600000006,9.09918765,otp_no_itinerary,39.2556053,9.0992983,
39.24132492949019,9.138979576287353,otp_no_itinerary,39.2414902,9.1392608,
39.24132492949019,9.138979576287353,otp_no_itinerary,39.2414902,9.1392608,
39.24132492949019,9.138979576287353,otp_no_itinerary,39.2414902,9.1392608,
39.25126116683312,9.13918172498875,otp_no_itinerary,39.2513345,9.1383589,
39.244229682840796,9.15020072600067,otp_no_itinerary,39.2445663,9.1486015,
39.24888982981689,9.142473770577489,otp_no_itinerary,39.2498229,9.1407509,
39.24888982981689,9.142473770577489,otp_no_itinerary,39.2498229,9.1407509,
39.24467943384789,9.147111248455458,otp_no_itinerary,39.2442986,9.1481224,
39.24888982981689,9.142473770577489,otp_no_itinerary,39.2498229,9.1407509,
39.2470775,9.1447238,otp_no_itinerary,39.245648,9.1440475,
39.2470775,9.1447238,otp_no_itinerary,39.245648,9.1440475,
39.24537629407317,9.148336433980004,otp_no_itinerary,39.2445663,9.1486015,
39.2470775,9.1447238,otp_no_itinerary,39.245648,9.1440475,
39.24502391665667,9.147784400034817,otp_no_itinerary,39.2442986,9.1481224,
39.24533941567934,9.147550189199123,otp_no_itinerary,39.2445663,9.1486015,
39.24435753034268,9.13414773454088,otp_no_itinerary,39.2441268,9.133601,
39.24435753034268,9.13414773454088,otp_no_itinerary,39.2441268,9.133601,
39.244130049999995,9.1474117,otp_no_itinerary,39.2439512,9.1478182,
39.250821829498356,9.13832697146457,otp_no_itinerary,39.2506709,9.1377799,
39.270572283652875,9.086535916767492,otp_no_itinerary,39.2699424,9.0846114,
39.25476245636862,9.100055270524608,otp_no_itinerary,39.2545835,9.0990992,
39.24416220211338,9.13445597808396,otp_no_itinerary,39.2439538,9.1347802,
39.241213738338615,9.138654814642527,otp_no_itinerary,39.2415935,9.1384282,
39.241213738338615,9.138654814642527,otp_no_itinerary,39.2415935,9.1384282,
39.24132492949019,9.138979576287353,otp_no_itinerary,39.2414902,9.1392608,
39.244096473990396,9.150972446197382,otp_no_itinerary,39.2436628,9.1519187,
39.25782716684857,9.099625501054517,otp_no_itinerary,39.2574455,9.1002993,
39.257432599999994,9.098643599999999,otp_no_itinerary,39.2575574,9.0982059,
39.270572283652875,9.086535916767492,otp_no_itinerary,39.2699424,9.0846114,
39.2551438,9.094092450000002,otp_no_itinerary,39.2554302,9.0953912,
39.241239192681384,9.13799820319265,otp_no_itinerary,39.2411719,9.13738,
39.25020186752952,9.139527364225001,otp_no_itinerary,39.2507149,9.1396906,
39.257432599999994,9.098643599999999,otp_no_itinerary,39.2575574,9.0982059,
39.270572283652875,9.086535916767492,otp_no_itinerary,39.2699424,9.0846114,
39.24416220211338,9.13445597808396,otp_no_itinerary,39.2439538,9.1347802,
39.24888982981689,9.142473770577489,otp_no_itinerary,39.2498229,9.1407509,
39.25168210610111,9.12296899414168,otp_no_itinerary,39.2512407,9.1227656,
39.201945050000006,9.150977450000001,otp_no_itinerary,39.2013408,9.151051,
39.244096473990396,9.150972446197382,otp_no_itinerary,39.2436628,9.1519187,
39.244901600000006,9.148669850000001,otp_no_itinerary,39.2445663,9.1486015,
39.24416220211338,9.13445597808396,otp_no_itinerary,39.2439538,9.1347802,
39.244096473990396,9.150972446197382,otp_no_itinerary,39.2436628,9.1519187,
39.2553059,9.0969175,otp_no_itinerary,39.2550013,9.096743,
39.24107988445909,9.138426429362934,otp_no_itinerary,39.2415935,9.1384282,
39.2470775,9.1447238,otp_no_itinerary,39.245648,9.1440475,
39.25451530000001,9.097036450000001,otp_no_itinerary,39.254385,9.0966193,
39.251583828084,9.123353722729387,otp_no_itinerary,39.2512407,9.1227656,
39.24107988445909,9.138426429362934,otp_no_itinerary,39.2415935,9.1384282,
39.27143747963061,9.085740383982795,otp_no_itinerary,39.2699424,9.0846114,
39.25020186752952,9.139527364225001,otp_no_itinerary,39.2507149,9.1396906,
39.24435753034268,9.13414773454088,otp_no_itinerary,39.2441268,9.133601,
39.18752159999999,9.15300955,otp_no_itinerary,39.187482,9.1533797,
39.25020186752952,9.139527364225001,otp_no_itinerary,39.2507149,9.1396906,
39.25168210610111,9.12296899414168,otp_no_itinerary,39.2512407,9.1227656,
39.266462974007986,9.100799748537556,otp_no_itinerary,39.2650142,9.0992724,
39.244901600000006,9.148669850000001,otp_no_itinerary,39.2445663,9.1486015,
39.25168210610111,9.12296899414168,otp_no_itinerary,39.2512407,9.1227656,
39.24902134600975,9.142666568339388,otp_no_itinerary,39.2498229,9.1407509,
39.244901600000006,9.148669850000001,otp_no_itinerary,39.2445663,9.1486015,
39.25130954071363,9.123682782415848,otp_no_itinerary,39.2512407,9.1227656,
39.241213738338615,9.138654814642527,otp_no_itinerary,39.2415935,9.1384282,
39.24719940454316,9.145365666105176,otp_no_itinerary,39.245648,9.1440475,
39.251583828084,9.123353722729387,otp_no_itinerary,39.2512407,9.1227656,
39.25621656412201,9.09538068223684,otp_no_itinerary,39.2560871,9.0955308,
39.27143747963061,9.085740383982795,otp_no_itinerary,39.2699424,9.0846114,
39.241239192681384,9.13799820319265,otp_no_itinerary,39.2411719,9.13738,
39.24213489999999,9.140667449999999,otp_no_itinerary,39.2424653,9.1401279,
39.251583828084,9.123353722729387,otp_no_itinerary,39.2512407,9.1227656,
39.25397466901608,9.095172136945843,otp_no_itinerary,39.2541276,9.0955525,
39.27143747963061,9.085740383982795,otp_no_itinerary,39.2699424,9.0846114,
39.257432599999994,9.098643599999999,otp_no_itinerary,39.2575574,9.0982059,
39.270572283652875,9.086535916767492,otp_no_itinerary,39.2699424,9.0846114,
39.18752159999999,9.15300955,otp_no_itinerary,39.187482,9.1533797,
39.25698352132673,9.100362299288387,otp_no_itinerary,39.2574455,9.1002993,
39.266462974007986,9.100799748537556,otp_no_itinerary,39.2650142,9.0992724,
39.18752159999999,9.15300955,otp_no_itinerary,39.187482,9.1533797,
39.25778667553958,9.099192643479414,otp_no_itinerary,39.2584287,9.0986437,
39.25342212685781,9.097114396683782,otp_no_itinerary,39.2535373,9.0968346,
39.266462974007986,9.100799748537556,otp_no_itinerary,39.2650142,9.0992724,
39.24416220211338,9.13445597808396,otp_no_itinerary,39.2439538,9.1347802,
39.21455096519265,9.172452994407594,otp_no_itinerary,39.2140093,9.1732045,
39.24902134600975,9.142666568339388,otp_no_itinerary,39.2498229,9.1407509,
39.254938805937094,9.097453987429121,otp_no_itinerary,39.2551247,9.09757,
39.244096473990396,9.150972446197382,otp_no_itinerary,39.2436628,9.1519187,
39.255014411948316,9.09832369528568,otp_no_itinerary,39.255311,9.0983344,
39.24902134600975,9.142666568339388,otp_no_itinerary,39.2498229,9.1407509,
39.25130954071363,9.123682782415848,otp_no_itinerary,39.2512407,9.1227656,
39.25063995380079,9.121037635702274,otp_no_itinerary,39.2509287,9.1212425,
39.25130954071363,9.123682782415848,otp_no_itinerary,39.2512407,9.1227656,
39.24719940454316,9.145365666105176,otp_no_itinerary,39.245648,9.1440475,
39.24107988445909,9.138426429362934,otp_no_itinerary,39.2415935,9.1384282,
39.24903157168955,9.141125905441955,otp_no_itinerary,39.2494443,9.1403269,
39.24719940454316,9.145365666105176,otp_no_itinerary,39.245648,9.1440475,
39.24497054999999,9.148872599999999,otp_no_itinerary,39.2445663,9.1486015,
39.24213489999999,9.140667449999999,otp_no_itinerary,39.2424653,9.1401279,
39.25020186752952,9.139527364225001,otp_no_itinerary,39.2507149,9.1396906,
39.25771682427328,9.098651454990142,otp_no_itinerary,39.2575574,9.0982059,
39.2016910419169,9.150739964632788,otp_no_itinerary,39.2014634,9.1504864,
39.24213489999999,9.140667449999999,otp_no_itinerary,39.2424653,9.1401279,
39.24773870727689,9.118826027675459,otp_no_itinerary,39.2478171,9.1192537,
39.25771682427328,9.098651454990142,otp_no_itinerary,39.2575574,9.0982059,
39.25168210610111,9.12296899414168,otp_no_itinerary,39.2512407,9.1227656,
39.25778667553958,9.099192643479414,otp_no_itinerary,39.2584287,9.0986437,
39.21455096519265,9.172452994407594,otp_no_itinerary,39.2140093,9.1732045,
39.24519683796381,9.118830947736893,otp_no_itinerary,39.2451535,9.1191517,
39.244901600000006,9.148669850000001,otp_no_itinerary,39.2445663,9.1486015,
39.2535654789334,9.094050724801514,otp_no_itinerary,39.2533225,9.0935549,
39.25720516204508,9.10167662150764,otp_no_itinerary,39.2572548,9.1018547,
39.240944599088856,9.138197391682185,otp_no_itinerary,39.2411719,9.13738,
39.25063995380079,9.121037635702274,otp_no_itinerary,39.2509287,9.1212425,
39.24771508174175,9.119050499017034,otp_no_itinerary,39.2478171,9.1192537,
39.25778667553958,9.099192643479414,otp_no_itinerary,39.2584287,9.0986437,
39.27155713275126,9.085968733501636,otp_no_itinerary,39.2699424,9.0846114,
39.251583828084,9.123353722729387,otp_no_itinerary,39.2512407,9.1227656,
39.24903157168955,9.141125905441955,otp_no_itinerary,39.2494443,9.1403269,
39.21455096519265,9.172452994407594,otp_no_itinerary,39.2140093,9.1732045,
39.27143747963061,9.085740383982795,otp_no_itinerary,39.2699424,9.0846114,
39.25810887558472,9.098703694714422,otp_no_itinerary,39.2584287,9.0986437,
39.24497054999999,9.148872599999999,otp_no_itinerary,39.2445663,9.1486015,
39.266862350000004,9.100900800000002,otp_no_itinerary,39.2650142,9.0992724,
39.18752159999999,9.15300955,otp_no_itinerary,39.187482,9.1533797,
39.266462974007986,9.100799748537556,otp_no_itinerary,39.2650142,9.0992724,
39.25063995380079,9.121037635702274,otp_no_itinerary,39.2509287,9.1212425,
39.24773870727689,9.118826027675459,otp_no_itinerary,39.2478171,9.1192537,
39.24903157168955,9.141125905441955,otp_no_itinerary,39.2494443,9.1403269,
39.188008249999996,9.1526354,otp_no_itinerary,39.1884424,9.1531447,
39.192670560237666,9.152602339373384,otp_no_itinerary,39.1925387,9.1523198,
39.23799931393348,9.141218041457183,otp_no_itinerary,39.23836,9.1412658,
39.24497054999999,9.148872599999999,otp_no_itinerary,39.2445663,9.1486015,
39.24519683796381,9.118830947736893,otp_no_itinerary,39.2451535,9.1191517,
39.24902134600975,9.142666568339388,otp_no_itinerary,39.2498229,9.1407509,
39.24773870727689,9.118826027675459,otp_no_itinerary,39.2478171,9.1192537,
39.25130954071363,9.123682782415848,otp_no_itinerary,39.2512407,9.1227656,
39.248269528750555,9.141760710265348,otp_no_itinerary,39.2476768,9.1403494,
39.24771508174175,9.119050499017034,otp_no_itinerary,39.2478171,9.1192537,
39.24519683796381,9.118830947736893,otp_no_itinerary,39.2451535,9.1191517,
39.16940851060718,9.020753928490866,otp_no_itinerary,39.1624461,9.0206203,
39.24719940454316,9.145365666105176,otp_no_itinerary,39.245648,9.1440475,
39.27155713275126,9.085968733501636,otp_no_itinerary,39.2699424,9.0846114,
39.16940851060718,9.020753928490866,otp_no_itinerary,39.1624461,9.0206203,
39.16940851060718,9.020753928490866,otp_no_itinerary,39.1624461,9.0206203,
39.215987637260326,9.171617247813405,otp_no_itinerary,39.2156971,9.1711803,
39.174592949992466,9.023846146444374,otp_no_itinerary,39.1760856,9.0279825,
39.174592949992466,9.023846146444374,otp_no_itinerary,39.1760856,9.0279825,
39.16940851060718,9.020753928490866,otp_no_itinerary,39.1624461,9.0206203,
39.174592949992466,9.023846146444374,otp_no_itinerary,39.1760856,9.0279825,
39.25810887558472,9.098703694714422,otp_no_itinerary,39.2584287,9.0986437,
39.16940851060718,9.020753928490866,otp_no_itinerary,39.1624461,9.0206203,
39.24771508174175,9.119050499017034,otp_no_itinerary,39.2478171,9.1192537,
39.25144950610112,9.122621894141679,otp_no_itinerary,39.2512407,9.1227656,
39.24213489999999,9.140667449999999,otp_no_itinerary,39.2424653,9.1401279,
39.16940851060718,9.020753928490866,otp_no_itinerary,39.1624461,9.0206203,
39.16940851060718,9.020753928490866,otp_no_itinerary,39.1624461,9.0206203,
39.16940851060718,9.020753928490866,otp_no_itinerary,39.1624461,9.0206203,
39.174592949992466,9.023846146444374,otp_no_itinerary,39.1760856,9.0279825,
39.27155713275126,9.085968733501636,otp_no_itinerary,39.2699424,9.0846114,
39.174592949992466,9.023846146444374,otp_no_itinerary,39.1760856,9.0279825,
39.174592949992466,9.023846146444374,otp_no_itinerary,39.1760856,9.0279825,
39.266862350000004,9.100900800000002,otp_no_itinerary,39.2650142,9.0992724,
39.25771682427328,9.098651454990142,otp_no_itinerary,39.2575574,9.0982059,
39.16940851060718,9.020753928490866,otp_no_itinerary,39.1624461,9.0206203,
39.16940851060718,9.020753928490866,otp_no_itinerary,39.1624461,9.0206203,
39.251013199999996,9.1210367,otp_no_itinerary,39.2509287,9.1212425,
39.174592949992466,9.023846146444374,otp_no_itinerary,39.1760856,9.0279825,
39.16940851060718,9.020753928490866,otp_no_itinerary,39.1624461,9.0206203,
39.25810887558472,9.098703694714422,otp_no_itinerary,39.2584287,9.0986437,
39.16940851060718,9.020753928490866,otp_no_itinerary,39.1624461,9.0206203,
39.174592949992466,9.023846146444374,otp_no_itinerary,39.1760856,9.0279825,
39.266862350000004,9.100900800000002,otp_no_itinerary,39.2650142,9.0992724,
39.174592949992466,9.023846146444374,otp_no_itinerary,39.1760856,9.0279825,
39.23705352862622,9.159820979884245,otp_no_itinerary,39.2386841,9.1507208,
39.24446015244805,9.134000004326197,otp_no_itinerary,39.2441268,9.133601,
39.240944599088856,9.138197391682185,otp_no_itinerary,39.2411719,9.13738,
39.24446015244805,9.134000004326197,otp_no_itinerary,39.2441268,9.133601,
39.25778667553958,9.099192643479414,otp_no_itinerary,39.2584287,9.0986437,
39.188008249999996,9.1526354,otp_no_itinerary,39.1884424,9.1531447,
39.2436215,9.1501157,otp_no_itinerary,39.2423986,9.1507986,
39.21455096519265,9.172452994407594,otp_no_itinerary,39.2140093,9.1732045,
39.192670560237666,9.152602339373384,otp_no_itinerary,39.1925387,9.1523198,
39.188008249999996,9.1526354,otp_no_itinerary,39.1884424,9.1531447,
39.192670560237666,9.152602339373384,otp_no_itinerary,39.1925387,9.1523198,
39.24075295,9.138904599999998,otp_no_itinerary,39.2401237,9.1386533,
39.241941248769535,9.137314902000783,otp_no_itinerary,39.2418132,9.1370985,
39.173826874030425,9.038499070550634,otp_no_itinerary,39.1737483,9.0383768,
39.248269528750555,9.141760710265348,otp_no_itinerary,39.2476768,9.1403494,
39.173826874030425,9.038499070550634,otp_no_itinerary,39.1737483,9.0383768,
39.173826874030425,9.038499070550634,otp_no_itinerary,39.1737483,9.0383768,
39.173826874030425,9.038499070550634,otp_no_itinerary,39.1737483,9.0383768,
39.173826874030425,9.038499070550634,otp_no_itinerary,39.1737483,9.0383768,
39.25284488165649,9.111923320695599,otp_no_itinerary,39.2519448,9.111542,
39.173826874030425,9.038499070550634,otp_no_itinerary,39.1737483,9.0383768,
39.162449856732366,9.014532059662146,otp_no_itinerary,39.1624461,9.0206203,
39.173826874030425,9.038499070550634,otp_no_itinerary,39.1737483,9.0383768,
39.25063995380079,9.121037635702274,otp_no_itinerary,39.2509287,9.1212425,
39.162449856732366,9.014532059662146,otp_no_itinerary,39.1624461,9.0206203,
39.173826874030425,9.038499070550634,otp_no_itinerary,39.1737483,9.0383768,
39.162449856732366,9.014532059662146,otp_no_itinerary,39.1624461,9.0206203,
39.248269528750555,9.141760710265348,otp_no_itinerary,39.2476768,9.1403494,
39.162449856732366,9.014532059662146,otp_no_itinerary,39.1624461,9.0206203,
39.247422314880325,9.146217555756426,otp_no_itinerary,39.245648,9.1440475,
39.27227654374009,9.030654344078322,otp_no_itinerary,39.2456591,9.0115932,
39.162449856732366,9.014532059662146,otp_no_itinerary,39.1624461,9.0206203,
39.27227654374009,9.030654344078322,otp_no_itinerary,39.2456591,9.0115932,
39.162449856732366,9.014532059662146,otp_no_itinerary,39.1624461,9.0206203,
39.162449856732366,9.014532059662146,otp_no_itinerary,39.1624461,9.0206203,
39.24360681028911,9.085918076787626,otp_no_itinerary,39.2440066,9.0860217,
39.2036488,9.15052135,otp_no_itinerary,39.2031279,9.1509558,
39.27227654374009,9.030654344078322,otp_no_itinerary,39.2456591,9.0115932,
39.173826874030425,9.038499070550634,otp_no_itinerary,39.1737483,9.0383768,
39.162449856732366,9.014532059662146,otp_no_itinerary,39.1624461,9.0206203,
39.26564769178514,9.011015418284748,otp_no_itinerary,39.2456591,9.0115932,
39.162449856732366,9.014532059662146,otp_no_itinerary,39.1624461,9.0206203,
39.27227654374009,9.030654344078322,otp_no_itinerary,39.2456591,9.0115932,
39.26564769178514,9.011015418284748,otp_no_itinerary,39.2456591,9.0115932,
39.26564769178514,9.011015418284748,otp_no_itinerary,39.2456591,9.0115932,
39.175522731773796,9.029526045730757,otp_no_itinerary,39.1763808,9.029404,
39.26564769178514,9.011015418284748,otp_no_itinerary,39.2456591,9.0115932,
39.24903157168955,9.141125905441955,otp_no_itinerary,39.2494443,9.1403269,
39.162449856732366,9.014532059662146,otp_no_itinerary,39.1624461,9.0206203,
39.26908849701449,8.998990741146569,otp_no_itinerary,39.2456591,9.0115932,
39.26908849701449,8.998990741146569,otp_no_itinerary,39.2456591,9.0115932,
39.26908849701449,8.998990741146569,otp_no_itinerary,39.2456591,9.0115932,
39.26908849701449,8.998990741146569,otp_no_itinerary,39.2456591,9.0115932,
39.247963765986064,9.141427580346939,otp_no_itinerary,39.2476768,9.1403494,
39.169621879333306,9.031572041627637,otp_no_itinerary,39.1693965,9.0323923,
39.169621879333306,9.031572041627637,otp_no_itinerary,39.1693965,9.0323923,
39.162449856732366,9.014532059662146,otp_no_itinerary,39.1624461,9.0206203,
39.17378596690388,9.027979698800479,otp_no_itinerary,39.1742336,9.030036,
39.17378596690388,9.027979698800479,otp_no_itinerary,39.1742336,9.030036,
39.24497054999999,9.148872599999999,otp_no_itinerary,39.2445663,9.1486015,
39.2036488,9.15052135,otp_no_itinerary,39.2031279,9.1509558,
39.17378596690388,9.027979698800479,otp_no_itinerary,39.1742336,9.030036,
39.169621879333306,9.031572041627637,otp_no_itinerary,39.1693965,9.0323923,
39.25144950610112,9.122621894141679,otp_no_itinerary,39.2512407,9.1227656,
39.169621879333306,9.031572041627637,otp_no_itinerary,39.1693965,9.0323923,
39.169621879333306,9.031572041627637,otp_no_itinerary,39.1693965,9.0323923,
39.169621879333306,9.031572041627637,otp_no_itinerary,39.1693965,9.0323923,
39.17059856885812,9.028592428684359,otp_no_itinerary,39.1683497,9.0305077,
39.16940851060718,9.020753928490866,otp_no_itinerary,39.1624461,9.0206203,
39.17378596690388,9.027979698800479,otp_no_itinerary,39.1742336,9.030036,
39.17059856885812,9.028592428684359,otp_no_itinerary,39.1683497,9.0305077,
39.17378596690388,9.027979698800479,otp_no_itinerary,39.1742336,9.030036,
39.17378596690388,9.027979698800479,otp_no_itinerary,39.1742336,9.030036,
39.17378596690388,9.027979698800479,otp_no_itinerary,39.1742336,9.030036,
39.162449856732366,9.014532059662146,otp_no_itinerary,39.1624461,9.0206203,
39.174592949992466,9.023846146444374,otp_no_itinerary,39.1760856,9.0279825,
39.175522731773796,9.029526045730757,otp_no_itinerary,39.1763808,9.029404,
39.175522731773796,9.029526045730757,otp_no_itinerary,39.1763808,9.029404,
39.17059856885812,9.028592428684359,otp_no_itinerary,39.1683497,9.0305077,
39.175522731773796,9.029526045730757,otp_no_itinerary,39.1763808,9.029404,
39.17059856885812,9.028592428684359,otp_no_itinerary,39.1683497,9.0305077,
39.17059856885812,9.028592428684359,otp_no_itinerary,39.1683497,9.0305077,
39.175522731773796,9.029526045730757,otp_no_itinerary,39.1763808,9.029404,
39.17059856885812,9.028592428684359,otp_no_itinerary,39.1683497,9.0305077,
39.168934411812195,9.03273894759822,otp_no_itinerary,39.1693965,9.0323923,
39.169621879333306,9.031572041627637,otp_no_itinerary,39.1693965,9.0323923,
39.169621879333306,9.031572041627637,otp_no_itinerary,39.1693965,9.0323923,
39.168934411812195,9.03273894759822,otp_no_itinerary,39.1693965,9.0323923,
39.168934411812195,9.03273894759822,otp_no_itinerary,39.1693965,9.0323923,
39.16956919366214,9.033404764265422,otp_no_itinerary,39.1693965,9.0323923,
39.175522731773796,9.029526045730757,otp_no_itinerary,39.1763808,9.029404,
39.175522731773796,9.029526045730757,otp_no_itinerary,39.1763808,9.029404,
39.175522731773796,9.029526045730757,otp_no_itinerary,39.1763808,9.029404,
39.17378596690388,9.027979698800479,otp_no_itinerary,39.1742336,9.030036,
39.17170849695623,9.0319795946712,otp_no_itinerary,39.1693965,9.0323923,
39.16956919366214,9.033404764265422,otp_no_itinerary,39.1693965,9.0323923,
39.17378596690388,9.027979698800479,otp_no_itinerary,39.1742336,9.030036,
39.17351038537012,9.031167971123695,otp_no_itinerary,39.1743022,9.0305501,
39.168934411812195,9.03273894759822,otp_no_itinerary,39.1693965,9.0323923,
39.16956919366214,9.033404764265422,otp_no_itinerary,39.1693965,9.0323923,
39.168934411812195,9.03273894759822,otp_no_itinerary,39.1693965,9.0323923,
39.251013199999996,9.1210367,otp_no_itinerary,39.2509287,9.1212425,
39.168934411812195,9.03273894759822,otp_no_itinerary,39.1693965,9.0323923,
39.17170849695623,9.0319795946712,otp_no_itinerary,39.1693965,9.0323923,
39.17351038537012,9.031167971123695,otp_no_itinerary,39.1743022,9.0305501,
39.16956919366214,9.033404764265422,otp_no_itinerary,39.1693965,9.0323923,
39.17170849695623,9.0319795946712,otp_no_itinerary,39.1693965,9.0323923,
39.16956919366214,9.033404764265422,otp_no_itinerary,39.1693965,9.0323923,
39.17059856885812,9.028592428684359,otp_no_itinerary,39.1683497,9.0305077,
39.25144950610112,9.122621894141679,otp_no_itinerary,39.2512407,9.1227656,
39.16956919366214,9.033404764265422,otp_no_itinerary,39.1693965,9.0323923,
39.17351038537012,9.031167971123695,otp_no_itinerary,39.1743022,9.0305501,
39.17059856885812,9.028592428684359,otp_no_itinerary,39.1683497,9.0305077,
39.17170849695623,9.0319795946712,otp_no_itinerary,39.1693965,9.0323923,
39.17351038537012,9.031167971123695,otp_no_itinerary,39.1743022,9.0305501,
39.175522731773796,9.029526045730757,otp_no_itinerary,39.1763808,9.029404,
39.17170849695623,9.0319795946712,otp_no_itinerary,39.1693965,9.0323923,
39.24773870727689,9.118826027675459,otp_no_itinerary,39.2478171,9.1192537,
39.26978725547841,9.002104406853423,otp_no_itinerary,39.2456591,9.0115932,
39.17170849695623,9.0319795946712,otp_no_itinerary,39.1693965,9.0323923,
39.17351038537012,9.031167971123695,otp_no_itinerary,39.1743022,9.0305501,
39.175522731773796,9.029526045730757,otp_no_itinerary,39.1763808,9.029404,
39.17351038537012,9.031167971123695,otp_no_itinerary,39.1743022,9.0305501,
39.168934411812195,9.03273894759822,otp_no_itinerary,39.1693965,9.0323923,
39.17351038537012,9.031167971123695,otp_no_itinerary,39.1743022,9.0305501,
39.26978725547841,9.002104406853423,otp_no_itinerary,39.2456591,9.0115932,
39.24790885598261,9.139923709021769,otp_no_itinerary,39.2480593,9.1398632,
39.16956919366214,9.033404764265422,otp_no_itinerary,39.1693965,9.0323923,
39.168934411812195,9.03273894759822,otp_no_itinerary,39.1693965,9.0323923,
39.26978725547841,9.002104406853423,otp_no_itinerary,39.2456591,9.0115932,
39.17170849695623,9.0319795946712,otp_no_itinerary,39.1693965,9.0323923,
39.16956919366214,9.033404764265422,otp_no_itinerary,39.1693965,9.0323923,
39.26978725547841,9.002104406853423,otp_no_itinerary,39.2456591,9.0115932,
39.17351038537012,9.031167971123695,otp_no_itinerary,39.1743022,9.0305501,
39.17170849695623,9.0319795946712,otp_no_itinerary,39.1693965,9.0323923,
39.19918230286586,9.152788526430253,otp_no_itinerary,39.1996096,9.1529059,
39.251013199999996,9.1210367,otp_no_itinerary,39.2509287,9.1212425,
39.17351038537012,9.031167971123695,otp_no_itinerary,39.1743022,9.0305501,
39.24519683796381,9.118830947736893,otp_no_itinerary,39.2451535,9.1191517,
39.24803993016914,9.079315963328026,otp_no_itinerary,39.2475386,9.0811625,
39.19918230286586,9.152788526430253,otp_no_itinerary,39.1996096,9.1529059,
39.2524612760211,9.125837258420328,otp_no_itinerary,39.2522349,9.1258516,
39.24200586776582,9.137626740733925,otp_no_itinerary,39.2418132,9.1370985,
39.24139846522952,9.138274731707256,otp_no_itinerary,39.2415935,9.1384282,
39.21886171431621,9.163871162149716,otp_no_itinerary,39.2191843,9.1644493,
39.2436215,9.1501157,otp_no_itinerary,39.2423986,9.1507986,
39.16572141300346,9.015339375303133,otp_no_itinerary,39.1624461,9.0206203,
39.175516349632666,9.022834236018529,otp_no_itinerary,39.1760856,9.0279825,
39.24771508174175,9.119050499017034,otp_no_itinerary,39.2478171,9.1192537,
39.175516349632666,9.022834236018529,otp_no_itinerary,39.1760856,9.0279825,
39.16576775,9.01651425,otp_no_itinerary,39.1624461,9.0206203,
39.24139846522952,9.138274731707256,otp_no_itinerary,39.2415935,9.1384282,
39.173826874030425,9.038499070550634,otp_no_itinerary,39.1737483,9.0383768,
39.275440329512335,8.99132777344723,otp_no_itinerary,39.2456591,9.0115932,
39.275440329512335,8.99132777344723,otp_no_itinerary,39.2456591,9.0115932,
39.175516349632666,9.022834236018529,otp_no_itinerary,39.1760856,9.0279825,
39.1657388,9.0164184,otp_no_itinerary,39.1624461,9.0206203,
39.275440329512335,8.99132777344723,otp_no_itinerary,39.2456591,9.0115932,
39.16572141300346,9.015339375303133,otp_no_itinerary,39.1624461,9.0206203,
39.275440329512335,8.99132777344723,otp_no_itinerary,39.2456591,9.0115932,
39.211538430389545,9.169107165883137,otp_no_itinerary,39.2107228,9.1703668,
39.16576775,9.01651425,otp_no_itinerary,39.1624461,9.0206203,
39.24946788816167,9.091521285015983,otp_no_itinerary,39.2496405,9.0895291,
39.2436215,9.1501157,otp_no_itinerary,39.2423986,9.1507986,
39.175516349632666,9.022834236018529,otp_no_itinerary,39.1760856,9.0279825,
39.175516349632666,9.022834236018529,otp_no_itinerary,39.1760856,9.0279825,
39.175516349632666,9.022834236018529,otp_no_itinerary,39.1760856,9.0279825,
39.175516349632666,9.022834236018529,otp_no_itinerary,39.1760856,9.0279825,
39.1657388,9.0164184,otp_no_itinerary,39.1624461,9.0206203,
39.175516349632666,9.022834236018529,otp_no_itinerary,39.1760856,9.0279825,
39.237874999999995,9.141385750000001,otp_no_itinerary,39.23836,9.1412658,
39.24075295,9.138904599999998,otp_no_itinerary,39.2401237,9.1386533,
39.27155713275126,9.085968733501636,otp_no_itinerary,39.2699424,9.0846114,
39.175516349632666,9.022834236018529,otp_no_itinerary,39.1760856,9.0279825,
39.24871055073906,9.140401910223511,otp_no_itinerary,39.2488763,9.1397629,
39.162449856732366,9.014532059662146,otp_no_itinerary,39.1624461,9.0206203,
39.16572141300346,9.015339375303133,otp_no_itinerary,39.1624461,9.0206203,
39.25810887558472,9.098703694714422,otp_no_itinerary,39.2584287,9.0986437,
39.25284488165649,9.111923320695599,otp_no_itinerary,39.2519448,9.111542,
39.16576775,9.01651425,otp_no_itinerary,39.1624461,9.0206203,
39.16739247653872,9.033645869765905,otp_no_itinerary,39.1677057,9.0333197,
39.16572141300346,9.015339375303133,otp_no_itinerary,39.1624461,9.0206203,
39.24075295,9.138904599999998,otp_no_itinerary,39.2401237,9.1386533,
39.266862350000004,9.100900800000002,otp_no_itinerary,39.2650142,9.0992724,
39.2422563357194,9.079529890800037,otp_no_itinerary,39.2430911,9.0837005,
39.1676332,9.033232649999999,otp_no_itinerary,39.1677057,9.0333197,
39.1657388,9.0164184,otp_no_itinerary,39.1624461,9.0206203,
39.16572141300346,9.015339375303133,otp_no_itinerary,39.1624461,9.0206203,
39.16739247653872,9.033645869765905,otp_no_itinerary,39.1677057,9.0333197,
39.16739247653872,9.033645869765905,otp_no_itinerary,39.1677057,9.0333197,
39.16739247653872,9.033645869765905,otp_no_itinerary,39.1677057,9.0333197,
39.16576775,9.01651425,otp_no_itinerary,39.1624461,9.0206203,
39.16572141300346,9.015339375303133,otp_no_itinerary,39.1624461,9.0206203,
39.1676332,9.033232649999999,otp_no_itinerary,39.1677057,9.0333197,
39.16739247653872,9.033645869765905,otp_no_itinerary,39.1677057,9.0333197,
39.16576775,9.01651425,otp_no_itinerary,39.1624461,9.0206203,
39.169621879333306,9.031572041627637,otp_no_itinerary,39.1693965,9.0323923,
39.1676332,9.033232649999999,otp_no_itinerary,39.1677057,9.0333197,
39.1676332,9.033232649999999,otp_no_itinerary,39.1677057,9.0333197,
39.16572141300346,9.015339375303133,otp_no_itinerary,39.1624461,9.0206203,
39.247422314880325,9.146217555756426,otp_no_itinerary,39.245648,9.1440475,
39.1657388,9.0164184,otp_no_itinerary,39.1624461,9.0206203,
39.17378596690388,9.027979698800479,otp_no_itinerary,39.1742336,9.030036,
39.1676332,9.033232649999999,otp_no_itinerary,39.1677057,9.0333197,
39.16739247653872,9.033645869765905,otp_no_itinerary,39.1677057,9.0333197,
39.16219207231054,9.027410384498399,otp_no_itinerary,39.1650632,9.0304935,
39.1657388,9.0164184,otp_no_itinerary,39.1624461,9.0206203,
39.16576775,9.01651425,otp_no_itinerary,39.1624461,9.0206203,
39.16572141300346,9.015339375303133,otp_no_itinerary,39.1624461,9.0206203,
39.16739247653872,9.033645869765905,otp_no_itinerary,39.1677057,9.0333197,
39.16576775,9.01651425,otp_no_itinerary,39.1624461,9.0206203,
39.16572141300346,9.015339375303133,otp_no_itinerary,39.1624461,9.0206203,
39.16572141300346,9.015339375303133,otp_no_itinerary,39.1624461,9.0206203,
39.1676332,9.033232649999999,otp_no_itinerary,39.1677057,9.0333197,
39.24551815073944,9.14872206630624,otp_no_itinerary,39.2445663,9.1486015,
39.17059856885812,9.028592428684359,otp_no_itinerary,39.1683497,9.0305077,
39.16576775,9.01651425,otp_no_itinerary,39.1624461,9.0206203,
39.1657388,9.0164184,otp_no_itinerary,39.1624461,9.0206203,
39.16572141300346,9.015339375303133,otp_no_itinerary,39.1624461,9.0206203,
39.16576775,9.01651425,otp_no_itinerary,39.1624461,9.0206203,
39.1676332,9.033232649999999,otp_no_itinerary,39.1677057,9.0333197,
39.1657388,9.0164184,otp_no_itinerary,39.1624461,9.0206203,
39.16576775,9.01651425,otp_no_itinerary,39.1624461,9.0206203,
39.25284488165649,9.111923320695599,otp_no_itinerary,39.2519448,9.111542,
39.175522731773796,9.029526045730757,otp_no_itinerary,39.1763808,9.029404,
39.1657388,9.0164184,otp_no_itinerary,39.1624461,9.0206203,
39.1657388,9.0164184,otp_no_itinerary,39.1624461,9.0206203,
39.16572141300346,9.015339375303133,otp_no_itinerary,39.1624461,9.0206203,
39.16576775,9.01651425,otp_no_itinerary,39.1624461,9.0206203,
39.1657388,9.0164184,otp_no_itinerary,39.1624461,9.0206203,
39.168934411812195,9.03273894759822,otp_no_itinerary,39.1693965,9.0323923,
39.16576775,9.01651425,otp_no_itinerary,39.1624461,9.0206203,
39.1657388,9.0164184,otp_no_itinerary,39.1624461,9.0206203,
39.16956919366214,9.033404764265422,otp_no_itinerary,39.1693965,9.0323923,
39.247963765986064,9.141427580346939,otp_no_itinerary,39.2476768,9.1403494,
39.1657388,9.0164184,otp_no_itinerary,39.1624461,9.0206203,
39.24446015244805,9.134000004326197,otp_no_itinerary,39.2441268,9.133601,
39.17170849695623,9.0319795946712,otp_no_itinerary,39.1693965,9.0323923,
39.247422314880325,9.146217555756426,otp_no_itinerary,39.245648,9.1440475,
39.24856887530023,9.140679457138983,otp_no_itinerary,39.2488763,9.1397629,
39.17351038537012,9.031167971123695,otp_no_itinerary,39.1743022,9.0305501,
39.16219207231054,9.027410384498399,otp_no_itinerary,39.1650632,9.0304935,
39.16219207231054,9.027410384498399,otp_no_itinerary,39.1650632,9.0304935,
39.16219207231054,9.027410384498399,otp_no_itinerary,39.1650632,9.0304935,
39.16219207231054,9.027410384498399,otp_no_itinerary,39.1650632,9.0304935,
39.2623762331098,9.011860308237276,otp_no_itinerary,39.2456591,9.0115932,
39.2623762331098,9.011860308237276,otp_no_itinerary,39.2456591,9.0115932,
39.2623762331098,9.011860308237276,otp_no_itinerary,39.2456591,9.0115932,
39.18374146702069,8.98082562308359,otp_no_itinerary,39.1760856,9.0279825,
39.16219207231054,9.027410384498399,otp_no_itinerary,39.1650632,9.0304935,
39.27451551274593,9.008869633118824,otp_no_itinerary,39.2456591,9.0115932,
39.247963765986064,9.141427580346939,otp_no_itinerary,39.2476768,9.1403494,
39.16219207231054,9.027410384498399,otp_no_itinerary,39.1650632,9.0304935,
39.27451551274593,9.008869633118824,otp_no_itinerary,39.2456591,9.0115932,
39.2555333,9.1151855,otp_no_itinerary,39.2552274,9.1150658,
39.2623762331098,9.011860308237276,otp_no_itinerary,39.2456591,9.0115932,
39.16219207231054,9.027410384498399,otp_no_itinerary,39.1650632,9.0304935,
39.188008249999996,9.1526354,otp_no_itinerary,39.1884424,9.1531447,
39.27451551274593,9.008869633118824,otp_no_itinerary,39.2456591,9.0115932,
39.27598443142722,8.9969759549081,otp_no_itinerary,39.2456591,9.0115932,
39.27598443142722,8.9969759549081,otp_no_itinerary,39.2456591,9.0115932,
39.27451551274593,9.008869633118824,otp_no_itinerary,39.2456591,9.0115932,
39.27598443142722,8.9969759549081,otp_no_itinerary,39.2456591,9.0115932,
39.192670560237666,9.152602339373384,otp_no_itinerary,39.1925387,9.1523198,
39.27598443142722,8.9969759549081,otp_no_itinerary,39.2456591,9.0115932,
39.183672200838785,9.160435843974227,otp_no_itinerary,39.183604,9.1608405,
39.18374146702069,8.98082562308359,otp_no_itinerary,39.1760856,9.0279825,
39.18374146702069,8.98082562308359,otp_no_itinerary,39.1760856,9.0279825,
39.18374146702069,8.98082562308359,otp_no_itinerary,39.1760856,9.0279825,
39.18374146702069,8.98082562308359,otp_no_itinerary,39.1760856,9.0279825,
39.18307161420546,9.162239836397248,otp_no_itinerary,39.1833957,9.161278,
39.27773678080978,8.951843548334372,otp_no_itinerary,39.2456591,9.0115932,
39.27773678080978,8.951843548334372,otp_no_itinerary,39.2456591,9.0115932,
39.32490245486746,8.953579463658487,otp_no_itinerary,39.2456591,9.0115932,
39.32490245486746,8.953579463658487,otp_no_itinerary,39.2456591,9.0115932,
39.25648270744589,9.096827877748918,otp_no_itinerary,39.2566218,9.0961144,
39.24790885598261,9.139923709021769,otp_no_itinerary,39.2480593,9.1398632,
39.27773678080978,8.951843548334372,otp_no_itinerary,39.2456591,9.0115932,
39.27773678080978,8.951843548334372,otp_no_itinerary,39.2456591,9.0115932,
39.18374146702069,8.98082562308359,otp_no_itinerary,39.1760856,9.0279825,
39.18374146702069,8.98082562308359,otp_no_itinerary,39.1760856,9.0279825,
39.1925102,9.1604858,otp_no_itinerary,39.192377,9.1605717,
39.32490245486746,8.953579463658487,otp_no_itinerary,39.2456591,9.0115932,
39.32490245486746,8.953579463658487,otp_no_itinerary,39.2456591,9.0115932,
39.25931103107871,9.017058658375248,otp_no_itinerary,39.2456591,9.0115932,
39.25931103107871,9.017058658375248,otp_no_itinerary,39.2456591,9.0115932,
39.248269528750555,9.141760710265348,otp_no_itinerary,39.2476768,9.1403494,
39.24790885598261,9.139923709021769,otp_no_itinerary,39.2480593,9.1398632,
39.18374146702069,8.98082562308359,otp_no_itinerary,39.1760856,9.0279825,
39.18374146702069,8.98082562308359,otp_no_itinerary,39.1760856,9.0279825,
39.1920704,9.1612353,otp_no_itinerary,39.1923139,9.1611976,
39.25931103107871,9.017058658375248,otp_no_itinerary,39.2456591,9.0115932,
39.25931103107871,9.017058658375248,otp_no_itinerary,39.2456591,9.0115932,
39.19217274269407,9.162813563737627,otp_no_itinerary,39.1919155,9.1619501,
39.175516349632666,9.022834236018529,otp_no_itinerary,39.1760856,9.0279825,
39.24596480195019,9.119973447337726,otp_no_itinerary,39.2457531,9.1205126,
39.2524612760211,9.125837258420328,otp_no_itinerary,39.2522349,9.1258516,
39.2524612760211,9.125837258420328,otp_no_itinerary,39.2522349,9.1258516,
39.2457544,9.1423148,otp_no_itinerary,39.2457491,9.1422972,
39.21886171431621,9.163871162149716,otp_no_itinerary,39.2191843,9.1644493,
39.21886171431621,9.163871162149716,otp_no_itinerary,39.2191843,9.1644493,
39.2036488,9.15052135,otp_no_itinerary,39.2031279,9.1509558,
39.26183796543137,9.117152557186902,otp_no_itinerary,39.2618376,9.1168622,
39.20304973690049,9.150742291522103,otp_no_itinerary,39.2031279,9.1509558,
39.20304973690049,9.150742291522103,otp_no_itinerary,39.2031279,9.1509558,
39.16739247653872,9.033645869765905,otp_no_itinerary,39.1677057,9.0333197,
39.1676332,9.033232649999999,otp_no_itinerary,39.1677057,9.0333197,
39.25144950610112,9.122621894141679,otp_no_itinerary,39.2512407,9.1227656,
39.16572141300346,9.015339375303133,otp_no_itinerary,39.1624461,9.0206203,
39.16576775,9.01651425,otp_no_itinerary,39.1624461,9.0206203,
39.211538430389545,9.169107165883137,otp_no_itinerary,39.2107228,9.1703668,
39.211538430389545,9.169107165883137,otp_no_itinerary,39.2107228,9.1703668,
39.1657388,9.0164184,otp_no_itinerary,39.1624461,9.0206203,
39.251013199999996,9.1210367,otp_no_itinerary,39.2509287,9.1212425,
39.249587953112425,9.10768844829755,otp_no_itinerary,39.2498246,9.1073363,
39.24871055073906,9.140401910223511,otp_no_itinerary,39.2488763,9.1397629,
39.24871055073906,9.140401910223511,otp_no_itinerary,39.2488763,9.1397629,
39.16219207231054,9.027410384498399,otp_no_itinerary,39.1650632,9.0304935,
39.2487564676618,9.081378571011435,otp_no_itinerary,39.2475386,9.0811625,
39.255283600000006,9.09918765,otp_no_itinerary,39.2556053,9.0992983,
39.248075850203236,9.13245997175834,otp_no_itinerary,39.2481165,9.132792,
39.25233279902932,9.0837324049301,otp_no_itinerary,39.2516369,9.0835504,
39.19918230286586,9.152788526430253,otp_no_itinerary,39.1996096,9.1529059,
39.24551815073944,9.14872206630624,otp_no_itinerary,39.2445663,9.1486015,
39.24551815073944,9.14872206630624,otp_no_itinerary,39.2445663,9.1486015,
39.25278955,9.08416605,otp_no_itinerary,39.2516369,9.0835504,
39.24623500975663,9.139767557777187,otp_no_itinerary,39.2465194,9.1400198,
39.20213895,9.15076955,otp_no_itinerary,39.2027103,9.1507461,
39.25782716684857,9.099625501054517,otp_no_itinerary,39.2574455,9.1002993,
39.25782716684857,9.099625501054517,otp_no_itinerary,39.2574455,9.1002993,
39.25517970845598,9.08520435867627,otp_no_itinerary,39.2560422,9.0839359,
39.25755728202179,9.086238749896673,otp_no_itinerary,39.2576714,9.0868081,
39.189656049486956,9.140535276613855,otp_no_itinerary,39.1899166,9.1407768,
39.24856887530023,9.140679457138983,otp_no_itinerary,39.2488763,9.1397629,
39.24856887530023,9.140679457138983,otp_no_itinerary,39.2488763,9.1397629,
39.2069677852865,9.165467123437649,otp_no_itinerary,39.2066479,9.1654686,
39.2555333,9.1151855,otp_no_itinerary,39.2552274,9.1150658,
39.2555333,9.1151855,otp_no_itinerary,39.2552274,9.1150658,
39.18374146702069,8.98082562308359,otp_no_itinerary,39.1760856,9.0279825,
39.25621656412201,9.09538068223684,otp_no_itinerary,39.2560871,9.0955308,
39.24139846522952,9.138274731707256,otp_no_itinerary,39.2415935,9.1384282,
39.183672200838785,9.160435843974227,otp_no_itinerary,39.183604,9.1608405,
39.25397466901608,9.095172136945843,otp_no_itinerary,39.2541276,9.0955525,
39.183672200838785,9.160435843974227,otp_no_itinerary,39.183604,9.1608405,
39.18307161420546,9.162239836397248,otp_no_itinerary,39.1833957,9.161278,
39.18307161420546,9.162239836397248,otp_no_itinerary,39.1833957,9.161278,
39.25698352132673,9.100362299288387,otp_no_itinerary,39.2574455,9.1002993,
39.2436215,9.1501157,otp_no_itinerary,39.2423986,9.1507986,
39.1925102,9.1604858,otp_no_itinerary,39.192377,9.1605717,
39.1925102,9.1604858,otp_no_itinerary,39.192377,9.1605717,
39.25342212685781,9.097114396683782,otp_no_itinerary,39.2535373,9.0968346,
39.1920704,9.1612353,otp_no_itinerary,39.1923139,9.1611976,
39.1920704,9.1612353,otp_no_itinerary,39.1923139,9.1611976,
39.19217274269407,9.162813563737627,otp_no_itinerary,39.1919155,9.1619501,
39.19217274269407,9.162813563737627,otp_no_itinerary,39.1919155,9.1619501,
39.254938805937094,9.097453987429121,otp_no_itinerary,39.2551247,9.09757,
39.24075295,9.138904599999998,otp_no_itinerary,39.2401237,9.1386533,
39.24373297578118,9.138537563941803,otp_no_itinerary,39.2438188,9.1382681,
39.255014411948316,9.09832369528568,otp_no_itinerary,39.255311,9.0983344,
39.212627230340956,9.17276010192389,otp_no_itinerary,39.2125501,9.172822,
39.2535654789334,9.094050724801514,otp_no_itinerary,39.2533225,9.0935549,
39.25284488165649,9.111923320695599,otp_no_itinerary,39.2519448,9.111542,
39.25720516204508,9.10167662150764,otp_no_itinerary,39.2572548,9.1018547,
39.2457544,9.1423148,otp_no_itinerary,39.2457491,9.1422972,
39.262827556352754,9.119090219513422,otp_no_itinerary,39.2628442,9.1189172,
39.2457544,9.1423148,otp_no_itinerary,39.2457491,9.1422972,
39.2053374295092,9.16295525665397,otp_no_itinerary,39.2052781,9.163162,
39.24360681028911,9.085918076787626,otp_no_itinerary,39.2440066,9.0860217,
39.247422314880325,9.146217555756426,otp_no_itinerary,39.245648,9.1440475,
39.26183796543137,9.117152557186902,otp_no_itinerary,39.2618376,9.1168622,
39.26183796543137,9.117152557186902,otp_no_itinerary,39.2618376,9.1168622,
39.249965233333334,9.113945033333334,otp_no_itinerary,39.2500285,9.1145455,
39.247963765986064,9.141427580346939,otp_no_itinerary,39.2476768,9.1403494,
39.24968905810784,9.115904338242155,otp_no_itinerary,39.2496669,9.1158858,
39.16940851060718,9.020753928490866,otp_no_itinerary,39.1624461,9.0206203,
39.162449856732366,9.014532059662146,otp_no_itinerary,39.1624461,9.0206203,
39.249587953112425,9.10768844829755,otp_no_itinerary,39.2498246,9.1073363,
39.16940851060718,9.020753928490866,otp_no_itinerary,39.1624461,9.0206203,
39.16940851060718,9.020753928490866,otp_no_itinerary,39.1624461,9.0206203,
39.249587953112425,9.10768844829755,otp_no_itinerary,39.2498246,9.1073363,
39.175522731773796,9.029526045730757,otp_no_itinerary,39.1763808,9.029404,
39.174592949992466,9.023846146444374,otp_no_itinerary,39.1760856,9.0279825,
39.162449856732366,9.014532059662146,otp_no_itinerary,39.1624461,9.0206203,
39.24790885598261,9.139923709021769,otp_no_itinerary,39.2480593,9.1398632,
39.173826874030425,9.038499070550634,otp_no_itinerary,39.1737483,9.0383768,
39.16572141300346,9.015339375303133,otp_no_itinerary,39.1624461,9.0206203,
39.16572141300346,9.015339375303133,otp_no_itinerary,39.1624461,9.0206203,
39.246674058485084,9.13390654639014,otp_no_itinerary,39.2466077,9.134242,
39.162449856732366,9.014532059662146,otp_no_itinerary,39.1624461,9.0206203,
39.16576775,9.01651425,otp_no_itinerary,39.1624461,9.0206203,
39.16576775,9.01651425,otp_no_itinerary,39.1624461,9.0206203,
39.169621879333306,9.031572041627637,otp_no_itinerary,39.1693965,9.0323923,
39.248075850203236,9.13245997175834,otp_no_itinerary,39.2481165,9.132792,
39.1657388,9.0164184,otp_no_itinerary,39.1624461,9.0206203,
39.1657388,9.0164184,otp_no_itinerary,39.1624461,9.0206203,
39.248075850203236,9.13245997175834,otp_no_itinerary,39.2481165,9.132792,
39.17378596690388,9.027979698800479,otp_no_itinerary,39.1742336,9.030036,
39.19621768016182,9.150921736785119,otp_no_itinerary,39.1964029,9.1513777,
39.17059856885812,9.028592428684359,otp_no_itinerary,39.1683497,9.0305077,
39.175522731773796,9.029526045730757,otp_no_itinerary,39.1763808,9.029404,
39.168934411812195,9.03273894759822,otp_no_itinerary,39.1693965,9.0323923,
39.20080567320778,9.071828086987646,otp_no_itinerary,39.2003691,9.0714783,
39.24623500975663,9.139767557777187,otp_no_itinerary,39.2465194,9.1400198,
39.16956919366214,9.033404764265422,otp_no_itinerary,39.1693965,9.0323923,
39.20080567320778,9.071828086987646,otp_no_itinerary,39.2003691,9.0714783,
39.24623500975663,9.139767557777187,otp_no_itinerary,39.2465194,9.1400198,
39.17170849695623,9.0319795946712,otp_no_itinerary,39.1693965,9.0323923,
39.2524612760211,9.125837258420328,otp_no_itinerary,39.2522349,9.1258516,
39.23705352862622,9.159820979884245,otp_no_itinerary,39.2386841,9.1507208,
39.20080567320778,9.071828086987646,otp_no_itinerary,39.2003691,9.0714783,
39.16940851060718,9.020753928490866,otp_no_itinerary,39.1624461,9.0206203,
39.17351038537012,9.031167971123695,otp_no_itinerary,39.1743022,9.0305501,
39.16940851060718,9.020753928490866,otp_no_itinerary,39.1624461,9.0206203,
39.175516349632666,9.022834236018529,otp_no_itinerary,39.1760856,9.0279825,
39.162449856732366,9.014532059662146,otp_no_itinerary,39.1624461,9.0206203,
39.174592949992466,9.023846146444374,otp_no_itinerary,39.1760856,9.0279825,
39.16572141300346,9.015339375303133,otp_no_itinerary,39.1624461,9.0206203,
39.20080567320778,9.071828086987646,otp_no_itinerary,39.2003691,9.0714783,
39.16572141300346,9.015339375303133,otp_no_itinerary,39.1624461,9.0206203,
39.21886171431621,9.163871162149716,otp_no_itinerary,39.2191843,9.1644493,
39.16940851060718,9.020753928490866,otp_no_itinerary,39.1624461,9.0206203,
39.173826874030425,9.038499070550634,otp_no_itinerary,39.1737483,9.0383768,
39.16940851060718,9.020753928490866,otp_no_itinerary,39.1624461,9.0206203,
39.16576775,9.01651425,otp_no_itinerary,39.1624461,9.0206203,
39.174592949992466,9.023846146444374,otp_no_itinerary,39.1760856,9.0279825,
39.16576775,9.01651425,otp_no_itinerary,39.1624461,9.0206203,
39.162449856732366,9.014532059662146,otp_no_itinerary,39.1624461,9.0206203,
39.2069677852865,9.165467123437649,otp_no_itinerary,39.2066479,9.1654686,
39.20289931376152,9.161660796724671,otp_no_itinerary,39.2028507,9.1615537,
39.16940851060718,9.020753928490866,otp_no_itinerary,39.1624461,9.0206203,
39.173826874030425,9.038499070550634,otp_no_itinerary,39.1737483,9.0383768,
39.1657388,9.0164184,otp_no_itinerary,39.1624461,9.0206203,
39.174592949992466,9.023846146444374,otp_no_itinerary,39.1760856,9.0279825,
39.169621879333306,9.031572041627637,otp_no_itinerary,39.1693965,9.0323923,
39.16940851060718,9.020753928490866,otp_no_itinerary,39.1624461,9.0206203,
39.1657388,9.0164184,otp_no_itinerary,39.1624461,9.0206203,
39.2069677852865,9.165467123437649,otp_no_itinerary,39.2066479,9.1654686,
39.162449856732366,9.014532059662146,otp_no_itinerary,39.1624461,9.0206203,
39.174592949992466,9.023846146444374,otp_no_itinerary,39.1760856,9.0279825,
39.16940851060718,9.020753928490866,otp_no_itinerary,39.1624461,9.0206203,
39.17378596690388,9.027979698800479,otp_no_itinerary,39.1742336,9.030036,
39.16219207231054,9.027410384498399,otp_no_itinerary,39.1650632,9.0304935,
39.174592949992466,9.023846146444374,otp_no_itinerary,39.1760856,9.0279825,
39.173826874030425,9.038499070550634,otp_no_itinerary,39.1737483,9.0383768,
39.16940851060718,9.020753928490866,otp_no_itinerary,39.1624461,9.0206203,
39.173826874030425,9.038499070550634,otp_no_itinerary,39.1737483,9.0383768,
39.169621879333306,9.031572041627637,otp_no_itinerary,39.1693965,9.0323923,
39.173826874030425,9.038499070550634,otp_no_itinerary,39.1737483,9.0383768,
39.174592949992466,9.023846146444374,otp_no_itinerary,39.1760856,9.0279825,
39.17059856885812,9.028592428684359,otp_no_itinerary,39.1683497,9.0305077,
39.18374146702069,8.98082562308359,otp_no_itinerary,39.1760856,9.0279825,
39.162449856732366,9.014532059662146,otp_no_itinerary,39.1624461,9.0206203,
39.174592949992466,9.023846146444374,otp_no_itinerary,39.1760856,9.0279825,
39.162449856732366,9.014532059662146,otp_no_itinerary,39.1624461,9.0206203,
39.17378596690388,9.027979698800479,otp_no_itinerary,39.1742336,9.030036,
39.162449856732366,9.014532059662146,otp_no_itinerary,39.1624461,9.0206203,
39.173826874030425,9.038499070550634,otp_no_itinerary,39.1737483,9.0383768,
39.175522731773796,9.029526045730757,otp_no_itinerary,39.1763808,9.029404,
39.20304973690049,9.150742291522103,otp_no_itinerary,39.2031279,9.1509558,
39.215987637260326,9.171617247813405,otp_no_itinerary,39.2156971,9.1711803,
39.17378596690388,9.027979698800479,otp_no_itinerary,39.1742336,9.030036,
39.173826874030425,9.038499070550634,otp_no_itinerary,39.1737483,9.0383768,
39.27227654374009,9.030654344078322,otp_no_itinerary,39.2456591,9.0115932,
39.17059856885812,9.028592428684359,otp_no_itinerary,39.1683497,9.0305077,
39.162449856732366,9.014532059662146,otp_no_itinerary,39.1624461,9.0206203,
39.168934411812195,9.03273894759822,otp_no_itinerary,39.1693965,9.0323923,
39.169621879333306,9.031572041627637,otp_no_itinerary,39.1693965,9.0323923,
39.16940851060718,9.020753928490866,otp_no_itinerary,39.1624461,9.0206203,
39.175522731773796,9.029526045730757,otp_no_itinerary,39.1763808,9.029404,
39.175522731773796,9.029526045730757,otp_no_itinerary,39.1763808,9.029404,
39.162449856732366,9.014532059662146,otp_no_itinerary,39.1624461,9.0206203,
39.26564769178514,9.011015418284748,otp_no_itinerary,39.2456591,9.0115932,
39.27227654374009,9.030654344078322,otp_no_itinerary,39.2456591,9.0115932,
39.17378596690388,9.027979698800479,otp_no_itinerary,39.1742336,9.030036,
39.174592949992466,9.023846146444374,otp_no_itinerary,39.1760856,9.0279825,
39.16956919366214,9.033404764265422,otp_no_itinerary,39.1693965,9.0323923,
39.168934411812195,9.03273894759822,otp_no_itinerary,39.1693965,9.0323923,
39.27227654374009,9.030654344078322,otp_no_itinerary,39.2456591,9.0115932,
39.17351038537012,9.031167971123695,otp_no_itinerary,39.1743022,9.0305501,
39.26564769178514,9.011015418284748,otp_no_itinerary,39.2456591,9.0115932,
39.26908849701449,8.998990741146569,otp_no_itinerary,39.2456591,9.0115932,
39.202940436545795,9.150754829398139,otp_no_itinerary,39.2027103,9.1507461,
39.17059856885812,9.028592428684359,otp_no_itinerary,39.1683497,9.0305077,
39.173826874030425,9.038499070550634,otp_no_itinerary,39.1737483,9.0383768,
39.26564769178514,9.011015418284748,otp_no_itinerary,39.2456591,9.0115932,
39.16956919366214,9.033404764265422,otp_no_itinerary,39.1693965,9.0323923,
39.17170849695623,9.0319795946712,otp_no_itinerary,39.1693965,9.0323923,
39.175516349632666,9.022834236018529,otp_no_itinerary,39.1760856,9.0279825,
39.26908849701449,8.998990741146569,otp_no_itinerary,39.2456591,9.0115932,
39.169621879333306,9.031572041627637,otp_no_itinerary,39.1693965,9.0323923,
39.162449856732366,9.014532059662146,otp_no_itinerary,39.1624461,9.0206203,
39.175522731773796,9.029526045730757,otp_no_itinerary,39.1763808,9.029404,
39.26908849701449,8.998990741146569,otp_no_itinerary,39.2456591,9.0115932,
39.17351038537012,9.031167971123695,otp_no_itinerary,39.1743022,9.0305501,
39.17170849695623,9.0319795946712,otp_no_itinerary,39.1693965,9.0323923,
39.242683536114704,9.133000395592104,otp_no_itinerary,39.2425563,9.1330045,
39.16572141300346,9.015339375303133,otp_no_itinerary,39.1624461,9.0206203,
39.22198391526332,9.165936882338269,otp_no_itinerary,39.2204961,9.1671393,
39.169621879333306,9.031572041627637,otp_no_itinerary,39.1693965,9.0323923,
39.17378596690388,9.027979698800479,otp_no_itinerary,39.1742336,9.030036,
39.27227654374009,9.030654344078322,otp_no_itinerary,39.2456591,9.0115932,
39.169621879333306,9.031572041627637,otp_no_itinerary,39.1693965,9.0323923,
39.175516349632666,9.022834236018529,otp_no_itinerary,39.1760856,9.0279825,
39.168934411812195,9.03273894759822,otp_no_itinerary,39.1693965,9.0323923,
39.17351038537012,9.031167971123695,otp_no_itinerary,39.1743022,9.0305501,
39.17059856885812,9.028592428684359,otp_no_itinerary,39.1683497,9.0305077,
39.16576775,9.01651425,otp_no_itinerary,39.1624461,9.0206203,
39.17378596690388,9.027979698800479,otp_no_itinerary,39.1742336,9.030036,
39.26564769178514,9.011015418284748,otp_no_itinerary,39.2456591,9.0115932,
39.17378596690388,9.027979698800479,otp_no_itinerary,39.1742336,9.030036,
39.175516349632666,9.022834236018529,otp_no_itinerary,39.1760856,9.0279825,
39.26908849701449,8.998990741146569,otp_no_itinerary,39.2456591,9.0115932,
39.16956919366214,9.033404764265422,otp_no_itinerary,39.1693965,9.0323923,
39.17059856885812,9.028592428684359,otp_no_itinerary,39.1683497,9.0305077,
39.175522731773796,9.029526045730757,otp_no_itinerary,39.1763808,9.029404,
39.16739247653872,9.033645869765905,otp_no_itinerary,39.1677057,9.0333197,
39.1657388,9.0164184,otp_no_itinerary,39.1624461,9.0206203,
39.17059856885812,9.028592428684359,otp_no_itinerary,39.1683497,9.0305077,
39.211538430389545,9.169107165883137,otp_no_itinerary,39.2107228,9.1703668,
39.175522731773796,9.029526045730757,otp_no_itinerary,39.1763808,9.029404,
39.16739247653872,9.033645869765905,otp_no_itinerary,39.1677057,9.0333197,
39.168934411812195,9.03273894759822,otp_no_itinerary,39.1693965,9.0323923,
39.169621879333306,9.031572041627637,otp_no_itinerary,39.1693965,9.0323923,
39.17170849695623,9.0319795946712,otp_no_itinerary,39.1693965,9.0323923,
39.175522731773796,9.029526045730757,otp_no_itinerary,39.1763808,9.029404,
39.1676332,9.033232649999999,otp_no_itinerary,39.1677057,9.0333197,
39.18374146702069,8.98082562308359,otp_no_itinerary,39.1760856,9.0279825,
39.25476252068588,9.120186890906693,otp_no_itinerary,39.2541692,9.1203645,
39.17351038537012,9.031167971123695,otp_no_itinerary,39.1743022,9.0305501,
39.1676332,9.033232649999999,otp_no_itinerary,39.1677057,9.0333197,
39.168934411812195,9.03273894759822,otp_no_itinerary,39.1693965,9.0323923,
39.16956919366214,9.033404764265422,otp_no_itinerary,39.1693965,9.0323923,
39.17378596690388,9.027979698800479,otp_no_itinerary,39.1742336,9.030036,
39.168934411812195,9.03273894759822,otp_no_itinerary,39.1693965,9.0323923,
39.16572141300346,9.015339375303133,otp_no_itinerary,39.1624461,9.0206203,
39.17170849695623,9.0319795946712,otp_no_itinerary,39.1693965,9.0323923,
39.175516349632666,9.022834236018529,otp_no_itinerary,39.1760856,9.0279825,
39.16956919366214,9.033404764265422,otp_no_itinerary,39.1693965,9.0323923,
39.16956919366214,9.033404764265422,otp_no_itinerary,39.1693965,9.0323923,
39.16572141300346,9.015339375303133,otp_no_itinerary,39.1624461,9.0206203,
39.17059856885812,9.028592428684359,otp_no_itinerary,39.1683497,9.0305077,
39.198832079322216,9.153060537456659,otp_no_itinerary,39.1982796,9.1529048,
39.16576775,9.01651425,otp_no_itinerary,39.1624461,9.0206203,
39.17351038537012,9.031167971123695,otp_no_itinerary,39.1743022,9.0305501,
39.17170849695623,9.0319795946712,otp_no_itinerary,39.1693965,9.0323923,
39.17170849695623,9.0319795946712,otp_no_itinerary,39.1693965,9.0323923,
39.16576775,9.01651425,otp_no_itinerary,39.1624461,9.0206203,
39.175522731773796,9.029526045730757,otp_no_itinerary,39.1763808,9.029404,
39.16739247653872,9.033645869765905,otp_no_itinerary,39.1677057,9.0333197,
39.24373297578118,9.138537563941803,otp_no_itinerary,39.2438188,9.1382681,
39.1676332,9.033232649999999,otp_no_itinerary,39.1677057,9.0333197,
39.168934411812195,9.03273894759822,otp_no_itinerary,39.1693965,9.0323923,
39.26978725547841,9.002104406853423,otp_no_itinerary,39.2456591,9.0115932,
39.1657388,9.0164184,otp_no_itinerary,39.1624461,9.0206203,
39.17351038537012,9.031167971123695,otp_no_itinerary,39.1743022,9.0305501,
39.1657388,9.0164184,otp_no_itinerary,39.1624461,9.0206203,
39.17351038537012,9.031167971123695,otp_no_itinerary,39.1743022,9.0305501,
39.16572141300346,9.015339375303133,otp_no_itinerary,39.1624461,9.0206203,
39.26978725547841,9.002104406853423,otp_no_itinerary,39.2456591,9.0115932,
39.275440329512335,8.99132777344723,otp_no_itinerary,39.2456591,9.0115932,
39.25476245636862,9.100055270524608,otp_no_itinerary,39.2545835,9.0990992,
39.16219207231054,9.027410384498399,otp_no_itinerary,39.1650632,9.0304935,
39.16219207231054,9.027410384498399,otp_no_itinerary,39.1650632,9.0304935,
39.26978725547841,9.002104406853423,otp_no_itinerary,39.2456591,9.0115932,
39.16956919366214,9.033404764265422,otp_no_itinerary,39.1693965,9.0323923,
39.16576775,9.01651425,otp_no_itinerary,39.1624461,9.0206203,
39.275440329512335,8.99132777344723,otp_no_itinerary,39.2456591,9.0115932,
39.175516349632666,9.022834236018529,otp_no_itinerary,39.1760856,9.0279825,
39.18374146702069,8.98082562308359,otp_no_itinerary,39.1760856,9.0279825,
39.18374146702069,8.98082562308359,otp_no_itinerary,39.1760856,9.0279825,
39.275440329512335,8.99132777344723,otp_no_itinerary,39.2456591,9.0115932,
39.17170849695623,9.0319795946712,otp_no_itinerary,39.1693965,9.0323923,
39.1657388,9.0164184,otp_no_itinerary,39.1624461,9.0206203,
39.16739247653872,9.033645869765905,otp_no_itinerary,39.1677057,9.0333197,
39.175516349632666,9.022834236018529,otp_no_itinerary,39.1760856,9.0279825,
39.175516349632666,9.022834236018529,otp_no_itinerary,39.1760856,9.0279825,
39.17351038537012,9.031167971123695,otp_no_itinerary,39.1743022,9.0305501,
39.16219207231054,9.027410384498399,otp_no_itinerary,39.1650632,9.0304935,
39.24332137165186,9.13829854085764,otp_no_itinerary,39.2433167,9.1381896,
39.1676332,9.033232649999999,otp_no_itinerary,39.1677057,9.0333197,
39.16739247653872,9.033645869765905,otp_no_itinerary,39.1677057,9.0333197,
39.26978725547841,9.002104406853423,otp_no_itinerary,39.2456591,9.0115932,
39.16739247653872,9.033645869765905,otp_no_itinerary,39.1677057,9.0333197,
39.18374146702069,8.98082562308359,otp_no_itinerary,39.1760856,9.0279825,
39.16572141300346,9.015339375303133,otp_no_itinerary,39.1624461,9.0206203,
39.24871055073906,9.140401910223511,otp_no_itinerary,39.2488763,9.1397629,
39.1676332,9.033232649999999,otp_no_itinerary,39.1677057,9.0333197,
39.1676332,9.033232649999999,otp_no_itinerary,39.1677057,9.0333197,
39.16576775,9.01651425,otp_no_itinerary,39.1624461,9.0206203,
39.275440329512335,8.99132777344723,otp_no_itinerary,39.2456591,9.0115932,
39.212627230340956,9.17276010192389,otp_no_itinerary,39.2125501,9.172822,
39.16572141300346,9.015339375303133,otp_no_itinerary,39.1624461,9.0206203,
39.16572141300346,9.015339375303133,otp_no_itinerary,39.1624461,9.0206203,
39.16576775,9.01651425,otp_no_itinerary,39.1624461,9.0206203,
39.1657388,9.0164184,otp_no_itinerary,39.1624461,9.0206203,
39.175516349632666,9.022834236018529,otp_no_itinerary,39.1760856,9.0279825,
39.25720516204508,9.10167662150764,otp_no_itinerary,39.2572548,9.1018547,
39.16219207231054,9.027410384498399,otp_no_itinerary,39.1650632,9.0304935,
39.1657388,9.0164184,otp_no_itinerary,39.1624461,9.0206203,
39.16576775,9.01651425,otp_no_itinerary,39.1624461,9.0206203,
39.16739247653872,9.033645869765905,otp_no_itinerary,39.1677057,9.0333197,
39.2623762331098,9.011860308237276,otp_no_itinerary,39.2456591,9.0115932,
39.1657388,9.0164184,otp_no_itinerary,39.1624461,9.0206203,
39.16219207231054,9.027410384498399,otp_no_itinerary,39.1650632,9.0304935,
39.1676332,9.033232649999999,otp_no_itinerary,39.1677057,9.0333197,
39.262827556352754,9.119090219513422,otp_no_itinerary,39.2628442,9.1189172,
39.24373297578118,9.138537563941803,otp_no_itinerary,39.2438188,9.1382681,
39.20188534951894,9.150488858698804,otp_no_itinerary,39.2017006,9.1500826,
39.2623762331098,9.011860308237276,otp_no_itinerary,39.2456591,9.0115932,
39.27451551274593,9.008869633118824,otp_no_itinerary,39.2456591,9.0115932,
39.16219207231054,9.027410384498399,otp_no_itinerary,39.1650632,9.0304935,
39.16572141300346,9.015339375303133,otp_no_itinerary,39.1624461,9.0206203,
39.21243940510574,9.147911550082497,otp_no_itinerary,39.2124888,9.147652,
39.27451551274593,9.008869633118824,otp_no_itinerary,39.2456591,9.0115932,
39.2623762331098,9.011860308237276,otp_no_itinerary,39.2456591,9.0115932,
39.16576775,9.01651425,otp_no_itinerary,39.1624461,9.0206203,
39.27598443142722,8.9969759549081,otp_no_itinerary,39.2456591,9.0115932,
39.2053374295092,9.16295525665397,otp_no_itinerary,39.2052781,9.163162,
39.27598443142722,8.9969759549081,otp_no_itinerary,39.2456591,9.0115932,
39.27451551274593,9.008869633118824,otp_no_itinerary,39.2456591,9.0115932,
39.1657388,9.0164184,otp_no_itinerary,39.1624461,9.0206203,
39.27773678080978,8.951843548334372,otp_no_itinerary,39.2456591,9.0115932,
39.27773678080978,8.951843548334372,otp_no_itinerary,39.2456591,9.0115932,
39.27598443142722,8.9969759549081,otp_no_itinerary,39.2456591,9.0115932,
39.16219207231054,9.027410384498399,otp_no_itinerary,39.1650632,9.0304935,
39.32490245486746,8.953579463658487,otp_no_itinerary,39.2456591,9.0115932,
39.27773678080978,8.951843548334372,otp_no_itinerary,39.2456591,9.0115932,
39.32490245486746,8.953579463658487,otp_no_itinerary,39.2456591,9.0115932,
39.2623762331098,9.011860308237276,otp_no_itinerary,39.2456591,9.0115932,
39.18374146702069,8.98082562308359,otp_no_itinerary,39.1760856,9.0279825,
39.32490245486746,8.953579463658487,otp_no_itinerary,39.2456591,9.0115932,
39.18374146702069,8.98082562308359,otp_no_itinerary,39.1760856,9.0279825,
39.27451551274593,9.008869633118824,otp_no_itinerary,39.2456591,9.0115932,
39.25931103107871,9.017058658375248,otp_no_itinerary,39.2456591,9.0115932,
39.24551815073944,9.14872206630624,otp_no_itinerary,39.2445663,9.1486015,
39.25931103107871,9.017058658375248,otp_no_itinerary,39.2456591,9.0115932,
39.18374146702069,8.98082562308359,otp_no_itinerary,39.1760856,9.0279825,
39.24332137165186,9.13829854085764,otp_no_itinerary,39.2433167,9.1381896,
39.27598443142722,8.9969759549081,otp_no_itinerary,39.2456591,9.0115932,
39.25931103107871,9.017058658375248,otp_no_itinerary,39.2456591,9.0115932,
39.249965233333334,9.113945033333334,otp_no_itinerary,39.2500285,9.1145455,
39.27773678080978,8.951843548334372,otp_no_itinerary,39.2456591,9.0115932,
39.212627230340956,9.17276010192389,otp_no_itinerary,39.2125501,9.172822,
39.25782716684857,9.099625501054517,otp_no_itinerary,39.2574455,9.1002993,
39.32490245486746,8.953579463658487,otp_no_itinerary,39.2456591,9.0115932,
39.18374146702069,8.98082562308359,otp_no_itinerary,39.1760856,9.0279825,
39.25931103107871,9.017058658375248,otp_no_itinerary,39.2456591,9.0115932,
39.262827556352754,9.119090219513422,otp_no_itinerary,39.2628442,9.1189172,
39.24856887530023,9.140679457138983,otp_no_itinerary,39.2488763,9.1397629,
39.24968905810784,9.115904338242155,otp_no_itinerary,39.2496669,9.1158858,
39.2053374295092,9.16295525665397,otp_no_itinerary,39.2052781,9.163162,
39.2555333,9.1151855,otp_no_itinerary,39.2552274,9.1150658,
39.249965233333334,9.113945033333334,otp_no_itinerary,39.2500285,9.1145455,
39.183672200838785,9.160435843974227,otp_no_itinerary,39.183604,9.1608405,
39.246674058485084,9.13390654639014,otp_no_itinerary,39.2466077,9.134242,
39.18307161420546,9.162239836397248,otp_no_itinerary,39.1833957,9.161278,
39.24968905810784,9.115904338242155,otp_no_itinerary,39.2496669,9.1158858,
39.1925102,9.1604858,otp_no_itinerary,39.192377,9.1605717,
39.25698352132673,9.100362299288387,otp_no_itinerary,39.2574455,9.1002993,
39.1920704,9.1612353,otp_no_itinerary,39.1923139,9.1611976,
39.19217274269407,9.162813563737627,otp_no_itinerary,39.1919155,9.1619501,
39.24738453994778,9.119667686360344,otp_no_itinerary,39.2478171,9.1192537,
39.246674058485084,9.13390654639014,otp_no_itinerary,39.2466077,9.134242,
39.25698352132673,9.100362299288387,otp_no_itinerary,39.2574455,9.1002993,
39.20289931376152,9.161660796724671,otp_no_itinerary,39.2028507,9.1615537,
39.2457544,9.1423148,otp_no_itinerary,39.2457491,9.1422972,
39.20080567320778,9.071828086987646,otp_no_itinerary,39.2003691,9.0714783,
39.2079449163696,9.150382018830697,otp_no_itinerary,39.2077655,9.1508229,
39.20134971394363,9.15026111151543,otp_no_itinerary,39.2011754,9.1501467,
39.20289931376152,9.161660796724671,otp_no_itinerary,39.2028507,9.1615537,
39.26183796543137,9.117152557186902,otp_no_itinerary,39.2618376,9.1168622,
39.22198391526332,9.165936882338269,otp_no_itinerary,39.2204961,9.1671393,
39.25621656412201,9.09538068223684,otp_no_itinerary,39.2560871,9.0955308,
39.2079449163696,9.150382018830697,otp_no_itinerary,39.2077655,9.1508229,
39.25476252068588,9.120186890906693,otp_no_itinerary,39.2541692,9.1203645,
39.25397466901608,9.095172136945843,otp_no_itinerary,39.2541276,9.0955525,
39.25698352132673,9.100362299288387,otp_no_itinerary,39.2574455,9.1002993,
39.249587953112425,9.10768844829755,otp_no_itinerary,39.2498246,9.1073363,
39.22198391526332,9.165936882338269,otp_no_itinerary,39.2204961,9.1671393,
39.25342212685781,9.097114396683782,otp_no_itinerary,39.2535373,9.0968346,
39.25720516204508,9.10167662150764,otp_no_itinerary,39.2572548,9.1018547,
39.254938805937094,9.097453987429121,otp_no_itinerary,39.2551247,9.09757,
39.25476252068588,9.120186890906693,otp_no_itinerary,39.2541692,9.1203645,
39.248075850203236,9.13245997175834,otp_no_itinerary,39.2481165,9.132792,
39.255014411948316,9.09832369528568,otp_no_itinerary,39.255311,9.0983344,
39.21243940510574,9.147911550082497,otp_no_itinerary,39.2124888,9.147652,
39.2535654789334,9.094050724801514,otp_no_itinerary,39.2533225,9.0935549,
39.24623500975663,9.139767557777187,otp_no_itinerary,39.2465194,9.1400198,
39.25720516204508,9.10167662150764,otp_no_itinerary,39.2572548,9.1018547,
39.25720516204508,9.10167662150764,otp_no_itinerary,39.2572548,9.1018547,
39.24360681028911,9.085918076787626,otp_no_itinerary,39.2440066,9.0860217,
39.16940851060718,9.020753928490866,otp_no_itinerary,39.1624461,9.0206203,
39.174592949992466,9.023846146444374,otp_no_itinerary,39.1760856,9.0279825,
39.24803993016914,9.079315963328026,otp_no_itinerary,39.2475386,9.0811625,
39.199576015856046,9.153269228989386,otp_no_itinerary,39.1996096,9.1529059,
39.2069677852865,9.165467123437649,otp_no_itinerary,39.2066479,9.1654686,
39.173826874030425,9.038499070550634,otp_no_itinerary,39.1737483,9.0383768,
39.21243940510574,9.147911550082497,otp_no_itinerary,39.2124888,9.147652,
39.1883098,9.1656151,otp_no_itinerary,39.1882924,9.1656596,
39.24946788816167,9.091521285015983,otp_no_itinerary,39.2496405,9.0895291,
39.228012886620704,9.151350015216554,otp_no_itinerary,39.2236267,9.1609046,
39.162449856732366,9.014532059662146,otp_no_itinerary,39.1624461,9.0206203,
39.2422563357194,9.079529890800037,otp_no_itinerary,39.2430911,9.0837005,
39.169621879333306,9.031572041627637,otp_no_itinerary,39.1693965,9.0323923,
39.215987637260326,9.171617247813405,otp_no_itinerary,39.2156971,9.1711803,
39.17378596690388,9.027979698800479,otp_no_itinerary,39.1742336,9.030036,
39.23705352862622,9.159820979884245,otp_no_itinerary,39.2386841,9.1507208,
39.17059856885812,9.028592428684359,otp_no_itinerary,39.1683497,9.0305077,
39.175522731773796,9.029526045730757,otp_no_itinerary,39.1763808,9.029404,
39.245647667797584,9.128973563215341,otp_no_itinerary,39.2456416,9.1287972,
39.199576015856046,9.153269228989386,otp_no_itinerary,39.1996096,9.1529059,
39.168934411812195,9.03273894759822,otp_no_itinerary,39.1693965,9.0323923,
39.16956919366214,9.033404764265422,otp_no_itinerary,39.1693965,9.0323923,
39.245412983959866,9.13943075704552,otp_no_itinerary,39.2450986,9.1405267,
39.242683536114704,9.133000395592104,otp_no_itinerary,39.2425563,9.1330045,
39.17170849695623,9.0319795946712,otp_no_itinerary,39.1693965,9.0323923,
39.17351038537012,9.031167971123695,otp_no_itinerary,39.1743022,9.0305501,
39.25648270744589,9.096827877748918,otp_no_itinerary,39.2566218,9.0961144,
39.175516349632666,9.022834236018529,otp_no_itinerary,39.1760856,9.0279825,
39.24382034736213,9.143099385023502,otp_no_itinerary,39.2437713,9.1443718,
39.16739247653872,9.033645869765905,otp_no_itinerary,39.1677057,9.0333197,
39.1676332,9.033232649999999,otp_no_itinerary,39.1677057,9.0333197,
39.16572141300346,9.015339375303133,otp_no_itinerary,39.1624461,9.0206203,
39.2151557271767,9.149370866003913,otp_no_itinerary,39.2142776,9.1501567,
39.16576775,9.01651425,otp_no_itinerary,39.1624461,9.0206203,
39.247715098046186,9.130942993652392,otp_no_itinerary,39.2478797,9.1307172,
39.1657388,9.0164184,otp_no_itinerary,39.1624461,9.0206203,
39.22198559623141,9.159329390952722,otp_no_itinerary,39.2236267,9.1609046,
39.16219207231054,9.027410384498399,otp_no_itinerary,39.1650632,9.0304935,
39.19963874317687,9.152235120863022,otp_no_itinerary,39.1997713,9.152277,
39.2487564676618,9.081378571011435,otp_no_itinerary,39.2475386,9.0811625,
39.22099039589362,9.160282266940486,otp_no_itinerary,39.2202963,9.1608809,
39.21964408787108,9.159832964529855,otp_no_itinerary,39.2192638,9.1600815,
39.25233279902932,9.0837324049301,otp_no_itinerary,39.2516369,9.0835504,
39.220346649999996,9.160632249999999,otp_no_itinerary,39.2202963,9.1608809,
39.22074565126217,9.159728583674292,otp_no_itinerary,39.2202963,9.1608809,
39.24373297578118,9.138537563941803,otp_no_itinerary,39.2438188,9.1382681,
39.25278955,9.08416605,otp_no_itinerary,39.2516369,9.0835504,
39.22089181134558,9.158123944713255,otp_no_itinerary,39.2202963,9.1608809,
39.24130377515627,9.09743577339406,otp_no_itinerary,39.2411519,9.0971116,
39.22043581903795,9.157672072828213,otp_no_itinerary,39.2197393,9.1553428,
39.25517970845598,9.08520435867627,otp_no_itinerary,39.2560422,9.0839359,
39.220562872893275,9.157851608145249,otp_no_itinerary,39.2197393,9.1553428,
39.25755728202179,9.086238749896673,otp_no_itinerary,39.2576714,9.0868081,
39.24738453994778,9.119667686360344,otp_no_itinerary,39.2478171,9.1192537,
39.2220693492456,9.16113618228069,otp_no_itinerary,39.2224174,9.1621411,
39.18374146702069,8.98082562308359,otp_no_itinerary,39.1760856,9.0279825,
39.222112797639106,9.160247805558734,otp_no_itinerary,39.2224174,9.1621411,
39.24332137165186,9.13829854085764,otp_no_itinerary,39.2433167,9.1381896,
39.247715098046186,9.130942993652392,otp_no_itinerary,39.2478797,9.1307172,
39.22282452587824,9.160326901977731,otp_no_itinerary,39.2236267,9.1609046,
39.212627230340956,9.17276010192389,otp_no_itinerary,39.2125501,9.172822,
39.22049542137145,9.158582552903326,otp_no_itinerary,39.2192638,9.1600815,
39.22171946711833,9.160638424318885,otp_no_itinerary,39.221363,9.1621799,
39.221362348463096,9.16105150895332,otp_no_itinerary,39.221363,9.1621799,
39.262827556352754,9.119090219513422,otp_no_itinerary,39.2628442,9.1189172,
39.221713891101025,9.161548621205764,otp_no_itinerary,39.221363,9.1621799,
39.2053374295092,9.16295525665397,otp_no_itinerary,39.2052781,9.163162,
39.222474867481004,9.159829081610512,otp_no_itinerary,39.2236267,9.1609046,
39.222464910460715,9.160747479674255,otp_no_itinerary,39.2224174,9.1621411,
39.220845563407806,9.159079963612502,otp_no_itinerary,39.2202963,9.1608809,
39.24738453994778,9.119667686360344,otp_no_itinerary,39.2478171,9.1192537,
39.221241248002585,9.158622023618506,otp_no_itinerary,39.2202963,9.1608809,
39.2204882204593,9.160802522323618,otp_no_itinerary,39.2202963,9.1608809,
39.249965233333334,9.113945033333334,otp_no_itinerary,39.2500285,9.1145455,
39.22062322373121,9.160645876670221,otp_no_itinerary,39.2202963,9.1608809,
39.221301236501034,9.159523176678308,otp_no_itinerary,39.2202963,9.1608809,
39.220159631246084,9.159371324162237,otp_no_itinerary,39.2192638,9.1600815,
39.24968905810784,9.115904338242155,otp_no_itinerary,39.2496669,9.1158858,
39.21390379302294,9.15941391006609,otp_no_itinerary,39.2135574,9.1584489,
39.25621656412201,9.09538068223684,otp_no_itinerary,39.2560871,9.0955308,
39.20276992593859,9.16198932837668,otp_no_itinerary,39.2027527,9.1620189,
39.24803993016914,9.079315963328026,otp_no_itinerary,39.2475386,9.0811625,
39.1906437000565,9.150231480312247,otp_no_itinerary,39.1909398,9.1495271,
39.246674058485084,9.13390654639014,otp_no_itinerary,39.2466077,9.134242,
39.23885828423887,9.163101122762438,otp_no_itinerary,39.243543,9.1547393,
39.25698352132673,9.100362299288387,otp_no_itinerary,39.2574455,9.1002993,
39.2142881589091,9.162520329675594,otp_no_itinerary,39.2140014,9.160999,
39.1906437000565,9.150231480312247,otp_no_itinerary,39.1909398,9.1495271,
39.254938805937094,9.097453987429121,otp_no_itinerary,39.2551247,9.09757,
39.255014411948316,9.09832369528568,otp_no_itinerary,39.255311,9.0983344,
39.241566918730946,9.154342886007962,otp_no_itinerary,39.2433715,9.1540766,
39.1883098,9.1656151,otp_no_itinerary,39.1882924,9.1656596,
39.228012886620704,9.151350015216554,otp_no_itinerary,39.2236267,9.1609046,
39.20038791255863,9.151975158051885,otp_no_itinerary,39.2002698,9.1516432,
39.215987637260326,9.171617247813405,otp_no_itinerary,39.2156971,9.1711803,
39.20097350904327,9.15130120814583,otp_no_itinerary,39.2007637,9.1515124,
39.20638286342071,9.15610213289771,otp_no_itinerary,39.2059754,9.1571288,
39.23705352862622,9.159820979884245,otp_no_itinerary,39.2386841,9.1507208,
39.26765712202026,9.084316876572725,otp_no_itinerary,39.2664318,9.0846968,
39.19867738877147,9.15129761121511,otp_no_itinerary,39.1983688,9.1514358,
39.198085726497546,9.152361542058218,otp_no_itinerary,39.1979869,9.1523132,
39.1883098,9.1656151,otp_no_itinerary,39.1882924,9.1656596,
39.245412983959866,9.13943075704552,otp_no_itinerary,39.2450986,9.1405267,
39.228012886620704,9.151350015216554,otp_no_itinerary,39.2236267,9.1609046,
39.215987637260326,9.171617247813405,otp_no_itinerary,39.2156971,9.1711803,
39.23705352862622,9.159820979884245,otp_no_itinerary,39.2386841,9.1507208,
39.24382034736213,9.143099385023502,otp_no_itinerary,39.2437713,9.1443718,
39.20289931376152,9.161660796724671,otp_no_itinerary,39.2028507,9.1615537,
39.2485584,9.1331922,otp_no_itinerary,39.2485186,9.1331507,
39.2151557271767,9.149370866003913,otp_no_itinerary,39.2142776,9.1501567,
39.2028785,9.16186,otp_no_itinerary,39.2029297,9.1618629,
39.245412983959866,9.13943075704552,otp_no_itinerary,39.2450986,9.1405267,
39.2079449163696,9.150382018830697,otp_no_itinerary,39.2077655,9.1508229,
39.22198559623141,9.159329390952722,otp_no_itinerary,39.2236267,9.1609046,
39.22099039589362,9.160282266940486,otp_no_itinerary,39.2202963,9.1608809,
39.22198391526332,9.165936882338269,otp_no_itinerary,39.2204961,9.1671393,
39.21964408787108,9.159832964529855,otp_no_itinerary,39.2192638,9.1600815,
39.247053,9.1401521,otp_no_itinerary,39.2471264,9.1401559,
39.220346649999996,9.160632249999999,otp_no_itinerary,39.2202963,9.1608809,
39.24382034736213,9.143099385023502,otp_no_itinerary,39.2437713,9.1443718,
39.22074565126217,9.159728583674292,otp_no_itinerary,39.2202963,9.1608809,
39.22089181134558,9.158123944713255,otp_no_itinerary,39.2202963,9.1608809,
39.25476252068588,9.120186890906693,otp_no_itinerary,39.2541692,9.1203645,
39.2151557271767,9.149370866003913,otp_no_itinerary,39.2142776,9.1501567,
39.22043581903795,9.157672072828213,otp_no_itinerary,39.2197393,9.1553428,
39.19565352279798,9.159001474054143,otp_no_itinerary,39.1953032,9.1590685,
39.220562872893275,9.157851608145249,otp_no_itinerary,39.2197393,9.1553428,
39.2220693492456,9.16113618228069,otp_no_itinerary,39.2224174,9.1621411,
39.19183253568935,9.152202734226943,otp_no_itinerary,39.1923063,9.1523,
39.222112797639106,9.160247805558734,otp_no_itinerary,39.2224174,9.1621411,
39.22198559623141,9.159329390952722,otp_no_itinerary,39.2236267,9.1609046,
39.22282452587824,9.160326901977731,otp_no_itinerary,39.2236267,9.1609046,
39.22099039589362,9.160282266940486,otp_no_itinerary,39.2202963,9.1608809,
39.24414786782794,9.095498940750337,otp_no_itinerary,39.2442116,9.0958886,
39.22049542137145,9.158582552903326,otp_no_itinerary,39.2192638,9.1600815,
39.21964408787108,9.159832964529855,otp_no_itinerary,39.2192638,9.1600815,
39.22171946711833,9.160638424318885,otp_no_itinerary,39.221363,9.1621799,
39.220346649999996,9.160632249999999,otp_no_itinerary,39.2202963,9.1608809,
39.206187016404684,9.164710106771462,otp_no_itinerary,39.2064145,9.1647161,
39.22074565126217,9.159728583674292,otp_no_itinerary,39.2202963,9.1608809,
39.221362348463096,9.16105150895332,otp_no_itinerary,39.221363,9.1621799,
39.22089181134558,9.158123944713255,otp_no_itinerary,39.2202963,9.1608809,
39.221713891101025,9.161548621205764,otp_no_itinerary,39.221363,9.1621799,
39.25720516204508,9.10167662150764,otp_no_itinerary,39.2572548,9.1018547,
39.222474867481004,9.159829081610512,otp_no_itinerary,39.2236267,9.1609046,
39.22043581903795,9.157672072828213,otp_no_itinerary,39.2197393,9.1553428,
39.26205091094386,9.081531653946046,otp_no_itinerary,39.2609682,9.0840131,
39.222464910460715,9.160747479674255,otp_no_itinerary,39.2224174,9.1621411,
39.220562872893275,9.157851608145249,otp_no_itinerary,39.2197393,9.1553428,
39.220845563407806,9.159079963612502,otp_no_itinerary,39.2202963,9.1608809,
39.2220693492456,9.16113618228069,otp_no_itinerary,39.2224174,9.1621411,
39.19492453236958,9.157892437836887,otp_no_itinerary,39.1950951,9.1575472,
39.221241248002585,9.158622023618506,otp_no_itinerary,39.2202963,9.1608809,
39.222112797639106,9.160247805558734,otp_no_itinerary,39.2224174,9.1621411,
39.2204882204593,9.160802522323618,otp_no_itinerary,39.2202963,9.1608809,
39.22282452587824,9.160326901977731,otp_no_itinerary,39.2236267,9.1609046,
39.22062322373121,9.160645876670221,otp_no_itinerary,39.2202963,9.1608809,
39.21243940510574,9.147911550082497,otp_no_itinerary,39.2124888,9.147652,
39.221301236501034,9.159523176678308,otp_no_itinerary,39.2202963,9.1608809,
39.22049542137145,9.158582552903326,otp_no_itinerary,39.2192638,9.1600815,
39.22171946711833,9.160638424318885,otp_no_itinerary,39.221363,9.1621799,
39.220159631246084,9.159371324162237,otp_no_itinerary,39.2192638,9.1600815,
39.247053117883624,9.14015933493803,otp_no_itinerary,39.2471264,9.1401559,
39.221362348463096,9.16105150895332,otp_no_itinerary,39.221363,9.1621799,
39.20025559478983,9.150242054553159,otp_no_itinerary,39.2002152,9.150118,
39.21390379302294,9.15941391006609,otp_no_itinerary,39.2135574,9.1584489,
39.221713891101025,9.161548621205764,otp_no_itinerary,39.221363,9.1621799,
39.222474867481004,9.159829081610512,otp_no_itinerary,39.2236267,9.1609046,
39.222464910460715,9.160747479674255,otp_no_itinerary,39.2224174,9.1621411,
39.20276992593859,9.16198932837668,otp_no_itinerary,39.2027527,9.1620189,
39.220845563407806,9.159079963612502,otp_no_itinerary,39.2202963,9.1608809,
39.24803993016914,9.079315963328026,otp_no_itinerary,39.2475386,9.0811625,
39.221241248002585,9.158622023618506,otp_no_itinerary,39.2202963,9.1608809,
39.19920961677401,9.150314320482757,otp_no_itinerary,39.1992039,9.1503063,
39.248578831909725,9.133185869794126,otp_no_itinerary,39.2485186,9.1331507,
39.2204882204593,9.160802522323618,otp_no_itinerary,39.2202963,9.1608809,
39.22062322373121,9.160645876670221,otp_no_itinerary,39.2202963,9.1608809,
39.221301236501034,9.159523176678308,otp_no_itinerary,39.2202963,9.1608809,
39.199576015856046,9.153269228989386,otp_no_itinerary,39.1996096,9.1529059,
39.220159631246084,9.159371324162237,otp_no_itinerary,39.2192638,9.1600815,
39.219931,9.1038018,otp_no_itinerary,39.2201679,9.10366,
39.24779693182627,9.132257209702612,otp_no_itinerary,39.2477263,9.1319913,
39.21390379302294,9.15941391006609,otp_no_itinerary,39.2135574,9.1584489,
39.23885828423887,9.163101122762438,otp_no_itinerary,39.243543,9.1547393,
39.19793295390183,9.152997915581976,otp_no_itinerary,39.1981437,9.1530851,
39.19398014241845,9.157420382938142,otp_no_itinerary,39.1938323,9.1574079,
39.201877310505594,9.153636338297828,otp_no_itinerary,39.2031321,9.1529162,
39.20276992593859,9.16198932837668,otp_no_itinerary,39.2027527,9.1620189,
39.2206913994958,9.1680607113029,otp_no_itinerary,39.2204961,9.1671393,
39.24130377515627,9.09743577339406,otp_no_itinerary,39.2411519,9.0971116,
39.24803993016914,9.079315963328026,otp_no_itinerary,39.2475386,9.0811625,
39.2142881589091,9.162520329675594,otp_no_itinerary,39.2140014,9.160999,
39.21437849545412,9.162590177795446,otp_no_itinerary,39.2140014,9.160999,
39.19785566002734,9.150256006030206,otp_no_itinerary,39.1975786,9.1504043,
39.21075548019937,9.154823078703542,otp_no_itinerary,39.2110109,9.1551174,
39.241566918730946,9.154342886007962,otp_no_itinerary,39.2433715,9.1540766,
39.196786390987775,9.151979770106179,otp_no_itinerary,39.1968104,9.1519943,
39.23885828423887,9.163101122762438,otp_no_itinerary,39.243543,9.1547393,
39.21056512441594,9.149032541231575,otp_no_itinerary,39.2104411,9.1490677,
39.20638286342071,9.15610213289771,otp_no_itinerary,39.2059754,9.1571288,
39.19963874317687,9.152235120863022,otp_no_itinerary,39.1997713,9.152277,
39.201877310505594,9.153636338297828,otp_no_itinerary,39.2031321,9.1529162,
39.21852180070342,9.164369044469655,otp_no_itinerary,39.2187825,9.165065,
39.20013186172722,9.151609106427713,otp_no_itinerary,39.2002698,9.1516432,
39.26765712202026,9.084316876572725,otp_no_itinerary,39.2664318,9.0846968,
39.21874335,9.1643544,otp_no_itinerary,39.2191843,9.1644493,
39.2142881589091,9.162520329675594,otp_no_itinerary,39.2140014,9.160999,
39.2183061,9.16434395,otp_no_itinerary,39.2187825,9.165065,
39.2010312,9.150163950000001,otp_no_itinerary,39.200907,9.1501787,
39.21885185,9.1651738,otp_no_itinerary,39.2187825,9.165065,
39.241566918730946,9.154342886007962,otp_no_itinerary,39.2433715,9.1540766,
39.226756674605376,9.139732921955336,otp_no_itinerary,39.2254838,9.1388712,
39.20638286342071,9.15610213289771,otp_no_itinerary,39.2059754,9.1571288,
39.213015999999996,9.1576395,otp_no_itinerary,39.213136,9.157522,
39.2485584,9.1331922,otp_no_itinerary,39.2485186,9.1331507,
39.247715098046186,9.130942993652392,otp_no_itinerary,39.2478797,9.1307172,
39.218328457123874,9.164184358373614,otp_no_itinerary,39.2187825,9.165065,
39.20733211071711,9.153883581225967,otp_no_itinerary,39.2071776,9.1536621,
39.2028785,9.16186,otp_no_itinerary,39.2029297,9.1618629,
39.2181939,9.16426815,otp_no_itinerary,39.2187825,9.165065,
39.19136782301029,9.140442364906257,otp_no_itinerary,39.1915577,9.1406992,
39.26765712202026,9.084316876572725,otp_no_itinerary,39.2664318,9.0846968,
39.2182914,9.1644245,otp_no_itinerary,39.2187825,9.165065,
39.21832285,9.164374,otp_no_itinerary,39.2187825,9.165065,
39.247053,9.1401521,otp_no_itinerary,39.2471264,9.1401559,
39.218275126001025,9.164410723051356,otp_no_itinerary,39.2187825,9.165065,
39.21093438240639,9.175005785280874,otp_no_itinerary,39.2124573,9.1751152,
39.24738453994778,9.119667686360344,otp_no_itinerary,39.2478171,9.1192537,
39.19868269664979,9.15568450996192,otp_no_itinerary,39.1986019,9.1583549,
39.19565352279798,9.159001474054143,otp_no_itinerary,39.1953032,9.1590685,
39.19183253568935,9.152202734226943,otp_no_itinerary,39.1923063,9.1523,
39.193921367734596,9.15902054521741,otp_no_itinerary,39.1935638,9.1584131,
39.24624463722999,9.148267258341823,otp_no_itinerary,39.2445663,9.1486015,
39.2485584,9.1331922,otp_no_itinerary,39.2485186,9.1331507,
39.21157305664548,9.16875665190801,otp_no_itinerary,39.2107228,9.1703668,
39.24292968725783,9.155156625404379,otp_no_itinerary,39.243543,9.1547393,
39.206187016404684,9.164710106771462,otp_no_itinerary,39.2064145,9.1647161,
39.2028785,9.16186,otp_no_itinerary,39.2029297,9.1618629,
39.244646499858405,9.154201210055401,otp_no_itinerary,39.2442652,9.1537951,
39.19049855130045,9.139197943569851,otp_no_itinerary,39.1902984,9.1393099,
39.247053,9.1401521,otp_no_itinerary,39.2471264,9.1401559,
39.26205091094386,9.081531653946046,otp_no_itinerary,39.2609682,9.0840131,
39.24341828736046,9.143581303476767,otp_no_itinerary,39.2429474,9.1440785,
39.25087569240135,9.120866206637325,otp_no_itinerary,39.2509287,9.1212425,
39.19492453236958,9.157892437836887,otp_no_itinerary,39.1950951,9.1575472,
39.19032840510814,9.139042266629291,otp_no_itinerary,39.1902984,9.1393099,
39.19565352279798,9.159001474054143,otp_no_itinerary,39.1953032,9.1590685,
39.19183253568935,9.152202734226943,otp_no_itinerary,39.1923063,9.1523,
39.247053117883624,9.14015933493803,otp_no_itinerary,39.2471264,9.1401559,
39.248502200000004,9.133054600000001,otp_no_itinerary,39.2485186,9.1331507,
39.24496134189483,9.147784800005118,otp_no_itinerary,39.2442986,9.1481224,
39.242454,9.0905094,otp_no_itinerary,39.2430878,9.0901994,
39.206187016404684,9.164710106771462,otp_no_itinerary,39.2064145,9.1647161,
39.203643107313944,9.150454623573868,otp_no_itinerary,39.2031279,9.1509558,
39.24273397946449,9.095960869085642,otp_no_itinerary,39.2430352,9.0965416,
39.2485406,9.1331033,otp_no_itinerary,39.2485186,9.1331507,
39.26205091094386,9.081531653946046,otp_no_itinerary,39.2609682,9.0840131,
39.248578831909725,9.133185869794126,otp_no_itinerary,39.2485186,9.1331507,
39.25776507425632,9.099124433442991,otp_no_itinerary,39.2575574,9.0982059,
39.19492453236958,9.157892437836887,otp_no_itinerary,39.1950951,9.1575472,
39.1906437000565,9.150231480312247,otp_no_itinerary,39.1909398,9.1495271,
39.2479649,9.0958014,otp_no_itinerary,39.2483392,9.0957827,
39.24817363367359,9.132634633492927,otp_no_itinerary,39.2481165,9.132792,
39.20281971888318,9.161902201199066,otp_no_itinerary,39.2027889,9.1619454,
39.24779693182627,9.132257209702612,otp_no_itinerary,39.2477263,9.1319913,
39.24678977020552,9.085204438306835,otp_no_itinerary,39.2468393,9.0870613,
39.24273397946449,9.095960869085642,otp_no_itinerary,39.2430352,9.0965416,
39.247053117883624,9.14015933493803,otp_no_itinerary,39.2471264,9.1401559,
39.21354670150511,9.144548616902567,otp_no_itinerary,39.2133982,9.1447834,
39.25075576692905,9.121070785379704,otp_no_itinerary,39.2509287,9.1212425,
39.19398014241845,9.157420382938142,otp_no_itinerary,39.1938323,9.1574079,
39.21375175,9.1446736,otp_no_itinerary,39.2133982,9.1447834,
39.24414786782794,9.095498940750337,otp_no_itinerary,39.2442116,9.0958886,
39.2206913994958,9.1680607113029,otp_no_itinerary,39.2204961,9.1671393,
39.24273397946449,9.095960869085642,otp_no_itinerary,39.2430352,9.0965416,
39.21335235,9.144479950000001,otp_no_itinerary,39.2133982,9.1447834,
39.1883098,9.1656151,otp_no_itinerary,39.1882924,9.1656596,
39.201928149137494,9.153632806986936,otp_no_itinerary,39.2031321,9.1529162,
39.213198963367915,9.144719286215418,otp_no_itinerary,39.2133982,9.1447834,
39.248578831909725,9.133185869794126,otp_no_itinerary,39.2485186,9.1331507,
39.24151903509937,9.091948646950812,otp_no_itinerary,39.2412559,9.0922668,
39.21437849545412,9.162590177795446,otp_no_itinerary,39.2140014,9.160999,
39.25054250356116,9.139181880885454,otp_no_itinerary,39.2507149,9.1396906,
39.24273397946449,9.095960869085642,otp_no_itinerary,39.2430352,9.0965416,
39.21538826463661,9.101712092042467,otp_no_itinerary,39.2151268,9.1008582,
39.228012886620704,9.151350015216554,otp_no_itinerary,39.2236267,9.1609046,
39.21320555,9.1450705,otp_no_itinerary,39.2133982,9.1447834,
39.21075548019937,9.154823078703542,otp_no_itinerary,39.2110109,9.1551174,
39.209530784304796,9.146058808564083,otp_no_itinerary,39.2100855,9.1456873,
39.27962019848518,9.031256965423102,otp_no_itinerary,39.2699151,9.0770146,
39.24273397946449,9.095960869085642,otp_no_itinerary,39.2430352,9.0965416,
39.20762245,9.15327835,otp_no_itinerary,39.2077951,9.1532298,
39.24779693182627,9.132257209702612,otp_no_itinerary,39.2477263,9.1319913,
39.215987637260326,9.171617247813405,otp_no_itinerary,39.2156971,9.1711803,
39.23705352862622,9.159820979884245,otp_no_itinerary,39.2386841,9.1507208,
39.24423755884709,9.134329713386569,otp_no_itinerary,39.2439538,9.1347802,
39.25923887375455,9.134026813801707,otp_no_itinerary,39.2556587,9.1303096,
39.21056512441594,9.149032541231575,otp_no_itinerary,39.2104411,9.1490677,
39.2487564676618,9.081378571011435,otp_no_itinerary,39.2475386,9.0811625,
39.19398014241845,9.157420382938142,otp_no_itinerary,39.1938323,9.1574079,
39.24273397946449,9.095960869085642,otp_no_itinerary,39.2430352,9.0965416,
39.21852180070342,9.164369044469655,otp_no_itinerary,39.2187825,9.165065,
39.2206913994958,9.1680607113029,otp_no_itinerary,39.2204961,9.1671393,
39.25517970845598,9.08520435867627,otp_no_itinerary,39.2560422,9.0839359,
39.245412983959866,9.13943075704552,otp_no_itinerary,39.2450986,9.1405267,
39.21874335,9.1643544,otp_no_itinerary,39.2191843,9.1644493,
39.259001306157934,9.086125991697248,otp_no_itinerary,39.2580232,9.085999,
39.2183061,9.16434395,otp_no_itinerary,39.2187825,9.165065,
39.201928149137494,9.153632806986936,otp_no_itinerary,39.2031321,9.1529162,
39.248933167604235,9.146952831362764,otp_no_itinerary,39.245648,9.1440475,
39.24273397946449,9.095960869085642,otp_no_itinerary,39.2430352,9.0965416,
39.26041445,9.08595265,otp_no_itinerary,39.2604466,9.0859255,
39.21885185,9.1651738,otp_no_itinerary,39.2187825,9.165065,
39.21437849545412,9.162590177795446,otp_no_itinerary,39.2140014,9.160999,
39.24382034736213,9.143099385023502,otp_no_itinerary,39.2437713,9.1443718,
39.260854120381666,9.085951760193973,otp_no_itinerary,39.2604466,9.0859255,
39.21075548019937,9.154823078703542,otp_no_itinerary,39.2110109,9.1551174,
39.26689941280172,9.100902633901768,otp_no_itinerary,39.2650142,9.0992724,
39.26144748191541,9.086140056546652,otp_no_itinerary,39.2615341,9.0860967,
39.2151557271767,9.149370866003913,otp_no_itinerary,39.2142776,9.1501567,
39.26219015697147,9.085964363067077,otp_no_itinerary,39.2621929,9.0852576,
39.20762245,9.15327835,otp_no_itinerary,39.2077951,9.1532298,
39.226756674605376,9.139732921955336,otp_no_itinerary,39.2254838,9.1388712,
39.2625675,9.0862047,otp_no_itinerary,39.2626908,9.0851955,
39.22198559623141,9.159329390952722,otp_no_itinerary,39.2236267,9.1609046,
39.243722851080435,9.095737962915432,otp_no_itinerary,39.2437343,9.095917,
39.26516571973838,9.088618394668826,otp_no_itinerary,39.2653906,9.0862663,
39.213015999999996,9.1576395,otp_no_itinerary,39.213136,9.157522,
39.22099039589362,9.160282266940486,otp_no_itinerary,39.2202963,9.1608809,
39.21056512441594,9.149032541231575,otp_no_itinerary,39.2104411,9.1490677,
39.26780815,9.091029299999999,otp_no_itinerary,39.2672693,9.0861646,
39.246994448768916,9.128684465755605,otp_no_itinerary,39.2471906,9.1286768,
39.26970697544655,9.092636249550644,otp_no_itinerary,39.2659301,9.096567,
39.21964408787108,9.159832964529855,otp_no_itinerary,39.2192638,9.1600815,
39.218328457123874,9.164184358373614,otp_no_itinerary,39.2187825,9.165065,
39.220346649999996,9.160632249999999,otp_no_itinerary,39.2202963,9.1608809,
39.21852180070342,9.164369044469655,otp_no_itinerary,39.2187825,9.165065,
39.2181939,9.16426815,otp_no_itinerary,39.2187825,9.165065,
39.22074565126217,9.159728583674292,otp_no_itinerary,39.2202963,9.1608809,
39.21874335,9.1643544,otp_no_itinerary,39.2191843,9.1644493,
39.2182914,9.1644245,otp_no_itinerary,39.2187825,9.165065,
39.22089181134558,9.158123944713255,otp_no_itinerary,39.2202963,9.1608809,
39.249729577880416,9.137106434222344,otp_no_itinerary,39.2496543,9.1364478,
39.2183061,9.16434395,otp_no_itinerary,39.2187825,9.165065,
39.2457544,9.1423148,otp_no_itinerary,39.2457491,9.1422972,
39.21832285,9.164374,otp_no_itinerary,39.2187825,9.165065,
39.22043581903795,9.157672072828213,otp_no_itinerary,39.2197393,9.1553428,
39.21885185,9.1651738,otp_no_itinerary,39.2187825,9.165065,
39.24273397946449,9.095960869085642,otp_no_itinerary,39.2430352,9.0965416,
39.218275126001025,9.164410723051356,otp_no_itinerary,39.2187825,9.165065,
39.220562872893275,9.157851608145249,otp_no_itinerary,39.2197393,9.1553428,
39.26183796543137,9.117152557186902,otp_no_itinerary,39.2618376,9.1168622,
39.21093438240639,9.175005785280874,otp_no_itinerary,39.2124573,9.1751152,
39.2220693492456,9.16113618228069,otp_no_itinerary,39.2224174,9.1621411,
39.222112797639106,9.160247805558734,otp_no_itinerary,39.2224174,9.1621411,
39.19868269664979,9.15568450996192,otp_no_itinerary,39.1986019,9.1583549,
39.22282452587824,9.160326901977731,otp_no_itinerary,39.2236267,9.1609046,
39.226756674605376,9.139732921955336,otp_no_itinerary,39.2254838,9.1388712,
39.22049542137145,9.158582552903326,otp_no_itinerary,39.2192638,9.1600815,
39.24624463722999,9.148267258341823,otp_no_itinerary,39.2445663,9.1486015,
39.22171946711833,9.160638424318885,otp_no_itinerary,39.221363,9.1621799,
39.249587953112425,9.10768844829755,otp_no_itinerary,39.2498246,9.1073363,
39.213015999999996,9.1576395,otp_no_itinerary,39.213136,9.157522,
39.25379710680606,9.120377137363835,otp_no_itinerary,39.2534608,9.1201738,
39.221362348463096,9.16105150895332,otp_no_itinerary,39.221363,9.1621799,
39.218328457123874,9.164184358373614,otp_no_itinerary,39.2187825,9.165065,
39.221713891101025,9.161548621205764,otp_no_itinerary,39.221363,9.1621799,
39.24292968725783,9.155156625404379,otp_no_itinerary,39.243543,9.1547393,
39.222474867481004,9.159829081610512,otp_no_itinerary,39.2236267,9.1609046,
39.2181939,9.16426815,otp_no_itinerary,39.2187825,9.165065,
39.26094897604518,9.122031766050295,otp_no_itinerary,39.2605373,9.1222216,
39.222464910460715,9.160747479674255,otp_no_itinerary,39.2224174,9.1621411,
39.248075850203236,9.13245997175834,otp_no_itinerary,39.2481165,9.132792,
39.244646499858405,9.154201210055401,otp_no_itinerary,39.2442652,9.1537951,
39.2182914,9.1644245,otp_no_itinerary,39.2187825,9.165065,
39.220845563407806,9.159079963612502,otp_no_itinerary,39.2202963,9.1608809,
39.221241248002585,9.158622023618506,otp_no_itinerary,39.2202963,9.1608809,
39.21832285,9.164374,otp_no_itinerary,39.2187825,9.165065,
39.26103598179536,9.122206915759314,otp_no_itinerary,39.2613911,9.1224469,
39.2204882204593,9.160802522323618,otp_no_itinerary,39.2202963,9.1608809,
39.24341828736046,9.143581303476767,otp_no_itinerary,39.2429474,9.1440785,
39.218275126001025,9.164410723051356,otp_no_itinerary,39.2187825,9.165065,
39.22062322373121,9.160645876670221,otp_no_itinerary,39.2202963,9.1608809,
39.24623500975663,9.139767557777187,otp_no_itinerary,39.2465194,9.1400198,
39.221301236501034,9.159523176678308,otp_no_itinerary,39.2202963,9.1608809,
39.21093438240639,9.175005785280874,otp_no_itinerary,39.2124573,9.1751152,
39.25791835682347,9.114894926756609,otp_no_itinerary,39.2576865,9.1145702,
39.2069677852865,9.165467123437649,otp_no_itinerary,39.2066479,9.1654686,
39.220159631246084,9.159371324162237,otp_no_itinerary,39.2192638,9.1600815,
39.19868269664979,9.15568450996192,otp_no_itinerary,39.1986019,9.1583549,
39.248502200000004,9.133054600000001,otp_no_itinerary,39.2485186,9.1331507,
39.21390379302294,9.15941391006609,otp_no_itinerary,39.2135574,9.1584489,
39.22535011486176,9.112156823926385,otp_no_itinerary,39.225186,9.1125409,
39.25083048323493,9.117032133724116,otp_no_itinerary,39.250768,9.1170087,
39.24624463722999,9.148267258341823,otp_no_itinerary,39.2445663,9.1486015,
39.20276992593859,9.16198932837668,otp_no_itinerary,39.2027527,9.1620189,
39.24373297578118,9.138537563941803,otp_no_itinerary,39.2438188,9.1382681,
39.257090381041635,9.094127236494936,otp_no_itinerary,39.2573555,9.0942807,
39.24803993016914,9.079315963328026,otp_no_itinerary,39.2475386,9.0811625,
39.212627230340956,9.17276010192389,otp_no_itinerary,39.2125501,9.172822,
39.24292968725783,9.155156625404379,otp_no_itinerary,39.243543,9.1547393,
39.2485406,9.1331033,otp_no_itinerary,39.2485186,9.1331507,
39.262827556352754,9.119090219513422,otp_no_itinerary,39.2628442,9.1189172,
39.244646499858405,9.154201210055401,otp_no_itinerary,39.2442652,9.1537951,
39.2053374295092,9.16295525665397,otp_no_itinerary,39.2052781,9.163162,
39.25631022337393,9.118166023245651,otp_no_itinerary,39.2557754,9.1180652,
39.23885828423887,9.163101122762438,otp_no_itinerary,39.243543,9.1547393,
39.24341828736046,9.143581303476767,otp_no_itinerary,39.2429474,9.1440785,
39.24817363367359,9.132634633492927,otp_no_itinerary,39.2481165,9.132792,
39.25697589657106,9.121426914301187,otp_no_itinerary,39.2568654,9.1216783,
39.20281971888318,9.161902201199066,otp_no_itinerary,39.2027889,9.1619454,
39.201877310505594,9.153636338297828,otp_no_itinerary,39.2031321,9.1529162,
39.249965233333334,9.113945033333334,otp_no_itinerary,39.2500285,9.1145455,
39.2142881589091,9.162520329675594,otp_no_itinerary,39.2140014,9.160999,
39.21354670150511,9.144548616902567,otp_no_itinerary,39.2133982,9.1447834,
39.25322813628813,9.124982066724787,otp_no_itinerary,39.2532196,9.1256261,
39.248502200000004,9.133054600000001,otp_no_itinerary,39.2485186,9.1331507,
39.258712946479015,9.093139852631637,otp_no_itinerary,39.2584045,9.0928688,
39.21375175,9.1446736,otp_no_itinerary,39.2133982,9.1447834,
39.24968905810784,9.115904338242155,otp_no_itinerary,39.2496669,9.1158858,
39.241566918730946,9.154342886007962,otp_no_itinerary,39.2433715,9.1540766,
39.21335235,9.144479950000001,otp_no_itinerary,39.2133982,9.1447834,
39.213198963367915,9.144719286215418,otp_no_itinerary,39.2133982,9.1447834,
39.2485406,9.1331033,otp_no_itinerary,39.2485186,9.1331507,
39.21320555,9.1450705,otp_no_itinerary,39.2133982,9.1447834,
39.20638286342071,9.15610213289771,otp_no_itinerary,39.2059754,9.1571288,
39.254624760931264,9.12517118698241,otp_no_itinerary,39.2546316,9.1253017,
39.246674058485084,9.13390654639014,otp_no_itinerary,39.2466077,9.134242,
39.27962019848518,9.031256965423102,otp_no_itinerary,39.2699151,9.0770146,
39.20289931376152,9.161660796724671,otp_no_itinerary,39.2028507,9.1615537,
39.20733211071711,9.153883581225967,otp_no_itinerary,39.2071776,9.1536621,
39.22198391526332,9.165936882338269,otp_no_itinerary,39.2204961,9.1671393,
39.24817363367359,9.132634633492927,otp_no_itinerary,39.2481165,9.132792,
39.26765712202026,9.084316876572725,otp_no_itinerary,39.2664318,9.0846968,
39.24273397946449,9.095960869085642,otp_no_itinerary,39.2430352,9.0965416,
39.25923887375455,9.134026813801707,otp_no_itinerary,39.2556587,9.1303096,
39.247944,9.1322863,otp_no_itinerary,39.2477263,9.1319913,
39.20281971888318,9.161902201199066,otp_no_itinerary,39.2027889,9.1619454,
39.2487564676618,9.081378571011435,otp_no_itinerary,39.2475386,9.0811625,
39.2422563357194,9.079529890800037,otp_no_itinerary,39.2430911,9.0837005,
39.25476252068588,9.120186890906693,otp_no_itinerary,39.2541692,9.1203645,
39.25517970845598,9.08520435867627,otp_no_itinerary,39.2560422,9.0839359,
39.25720516204508,9.10167662150764,otp_no_itinerary,39.2572548,9.1018547,
39.21354670150511,9.144548616902567,otp_no_itinerary,39.2133982,9.1447834,
39.259001306157934,9.086125991697248,otp_no_itinerary,39.2580232,9.085999,
39.21243940510574,9.147911550082497,otp_no_itinerary,39.2124888,9.147652,
39.2480304,9.1322558,otp_no_itinerary,39.2477263,9.1319913,
39.21375175,9.1446736,otp_no_itinerary,39.2133982,9.1447834,
39.26041445,9.08595265,otp_no_itinerary,39.2604466,9.0859255,
39.24273397946449,9.095960869085642,otp_no_itinerary,39.2430352,9.0965416,
39.2026478,9.1615693,otp_no_itinerary,39.2027611,9.1615956,
39.260854120381666,9.085951760193973,otp_no_itinerary,39.2604466,9.0859255,
39.21335235,9.144479950000001,otp_no_itinerary,39.2133982,9.1447834,
39.26144748191541,9.086140056546652,otp_no_itinerary,39.2615341,9.0860967,
39.213198963367915,9.144719286215418,otp_no_itinerary,39.2133982,9.1447834,
39.2485584,9.1331922,otp_no_itinerary,39.2485186,9.1331507,
39.24738453994778,9.119667686360344,otp_no_itinerary,39.2478171,9.1192537,
39.24273397946449,9.095960869085642,otp_no_itinerary,39.2430352,9.0965416,
39.2481059,9.1397924,otp_no_itinerary,39.2480947,9.1398285,
39.26219015697147,9.085964363067077,otp_no_itinerary,39.2621929,9.0852576,
39.21320555,9.1450705,otp_no_itinerary,39.2133982,9.1447834,
39.2028785,9.16186,otp_no_itinerary,39.2029297,9.1618629,
39.2625675,9.0862047,otp_no_itinerary,39.2626908,9.0851955,
39.26516571973838,9.088618394668826,otp_no_itinerary,39.2653906,9.0862663,
39.27962019848518,9.031256965423102,otp_no_itinerary,39.2699151,9.0770146,
39.24273397946449,9.095960869085642,otp_no_itinerary,39.2430352,9.0965416,
39.26780815,9.091029299999999,otp_no_itinerary,39.2672693,9.0861646,
39.26970697544655,9.092636249550644,otp_no_itinerary,39.2659301,9.096567,
39.247053,9.1401521,otp_no_itinerary,39.2471264,9.1401559,
39.21517571673087,9.101999450109414,otp_no_itinerary,39.2145985,9.1019923,
39.25923887375455,9.134026813801707,otp_no_itinerary,39.2556587,9.1303096,
39.2487564676618,9.081378571011435,otp_no_itinerary,39.2475386,9.0811625,
39.24273397946449,9.095960869085642,otp_no_itinerary,39.2430352,9.0965416,
39.19565352279798,9.159001474054143,otp_no_itinerary,39.1953032,9.1590685,
39.2457544,9.1423148,otp_no_itinerary,39.2457491,9.1422972,
39.25517970845598,9.08520435867627,otp_no_itinerary,39.2560422,9.0839359,
39.251865660256364,9.123743188063717,otp_no_itinerary,39.2512407,9.1227656,
39.24501805,9.133155200000001,otp_no_itinerary,39.2452098,9.1331984,
39.19183253568935,9.152202734226943,otp_no_itinerary,39.1923063,9.1523,
39.26183796543137,9.117152557186902,otp_no_itinerary,39.2618376,9.1168622,
39.259001306157934,9.086125991697248,otp_no_itinerary,39.2580232,9.085999,
39.24273397946449,9.095960869085642,otp_no_itinerary,39.2430352,9.0965416,
39.206187016404684,9.164710106771462,otp_no_itinerary,39.2064145,9.1647161,
39.26041445,9.08595265,otp_no_itinerary,39.2604466,9.0859255,
39.249587953112425,9.10768844829755,otp_no_itinerary,39.2498246,9.1073363,
39.251477949999995,9.1231994,otp_no_itinerary,39.2512407,9.1227656,
39.219768763058305,9.11138391901336,otp_no_itinerary,39.2199373,9.1112049,
39.260854120381666,9.085951760193973,otp_no_itinerary,39.2604466,9.0859255,
39.25648270744589,9.096827877748918,otp_no_itinerary,39.2566218,9.0961144,
39.26144748191541,9.086140056546652,otp_no_itinerary,39.2615341,9.0860967,
39.26205091094386,9.081531653946046,otp_no_itinerary,39.2609682,9.0840131,
39.26219015697147,9.085964363067077,otp_no_itinerary,39.2621929,9.0852576,
39.24273397946449,9.095960869085642,otp_no_itinerary,39.2430352,9.0965416,
39.24501805,9.133155200000001,otp_no_itinerary,39.2452098,9.1331984,
39.2625675,9.0862047,otp_no_itinerary,39.2626908,9.0851955,
39.19492453236958,9.157892437836887,otp_no_itinerary,39.1950951,9.1575472,
39.26516571973838,9.088618394668826,otp_no_itinerary,39.2653906,9.0862663,
39.25083496506858,9.123798093133328,otp_no_itinerary,39.2502833,9.1233758,
39.248075850203236,9.13245997175834,otp_no_itinerary,39.2481165,9.132792,
39.26780815,9.091029299999999,otp_no_itinerary,39.2672693,9.0861646,
39.26970697544655,9.092636249550644,otp_no_itinerary,39.2659301,9.096567,
39.243722851080435,9.095737962915432,otp_no_itinerary,39.2437343,9.095917,
39.247053117883624,9.14015933493803,otp_no_itinerary,39.2471264,9.1401559,
39.2518777348066,9.126987994958935,otp_no_itinerary,39.2516676,9.1264993,
39.24623500975663,9.139767557777187,otp_no_itinerary,39.2465194,9.1400198,
39.2481219,9.1316613,otp_no_itinerary,39.2483629,9.1311546,
39.2069677852865,9.165467123437649,otp_no_itinerary,39.2066479,9.1654686,
39.1927034,9.1615337,otp_no_itinerary,39.1927034,9.1615337,
39.2457544,9.1423148,otp_no_itinerary,39.2457491,9.1422972,
39.248578831909725,9.133185869794126,otp_no_itinerary,39.2485186,9.1331507,
39.24373297578118,9.138537563941803,otp_no_itinerary,39.2438188,9.1382681,
39.26183796543137,9.117152557186902,otp_no_itinerary,39.2618376,9.1168622,
39.24519519074329,9.11883153160656,otp_no_itinerary,39.2451535,9.1191517,
39.24273397946449,9.095960869085642,otp_no_itinerary,39.2430352,9.0965416,
39.24699349982802,9.14100978966736,otp_no_itinerary,39.2474462,9.1404352,
39.249587953112425,9.10768844829755,otp_no_itinerary,39.2498246,9.1073363,
39.24779693182627,9.132257209702612,otp_no_itinerary,39.2477263,9.1319913,
39.24332137165186,9.13829854085764,otp_no_itinerary,39.2433167,9.1381896,
39.24207895,9.1373409,otp_no_itinerary,39.2418132,9.1370985,
39.212627230340956,9.17276010192389,otp_no_itinerary,39.2125501,9.172822,
39.19398014241845,9.157420382938142,otp_no_itinerary,39.1938323,9.1574079,
39.2206913994958,9.1680607113029,otp_no_itinerary,39.2204961,9.1671393,
39.262827556352754,9.119090219513422,otp_no_itinerary,39.2628442,9.1189172,
39.248075850203236,9.13245997175834,otp_no_itinerary,39.2481165,9.132792,
39.24738837097604,9.132137843799516,otp_no_itinerary,39.2475548,9.1322906,
39.2053374295092,9.16295525665397,otp_no_itinerary,39.2052781,9.163162,
39.201928149137494,9.153632806986936,otp_no_itinerary,39.2031321,9.1529162,
39.21510941049139,9.102173394099207,otp_no_itinerary,39.2146732,9.1024962,
39.25126116683312,9.13918172498875,otp_no_itinerary,39.2513345,9.1383589,
39.21437849545412,9.162590177795446,otp_no_itinerary,39.2140014,9.160999,
39.24623500975663,9.139767557777187,otp_no_itinerary,39.2465194,9.1400198,
39.21075548019937,9.154823078703542,otp_no_itinerary,39.2110109,9.1551174,
39.2069677852865,9.165467123437649,otp_no_itinerary,39.2066479,9.1654686,
39.249965233333334,9.113945033333334,otp_no_itinerary,39.2500285,9.1145455,
39.244229682840796,9.15020072600067,otp_no_itinerary,39.2445663,9.1486015,
39.20762245,9.15327835,otp_no_itinerary,39.2077951,9.1532298,
39.24467943384789,9.147111248455458,otp_no_itinerary,39.2442986,9.1481224,
39.24968905810784,9.115904338242155,otp_no_itinerary,39.2496669,9.1158858,
39.242683536114704,9.133000395592104,otp_no_itinerary,39.2425563,9.1330045,
39.21056512441594,9.149032541231575,otp_no_itinerary,39.2104411,9.1490677,
39.24537629407317,9.148336433980004,otp_no_itinerary,39.2445663,9.1486015,
39.21852180070342,9.164369044469655,otp_no_itinerary,39.2187825,9.165065,
39.2140899,9.1487754,otp_no_itinerary,39.2136747,9.1483018,
39.21874335,9.1643544,otp_no_itinerary,39.2191843,9.1644493,
39.246674058485084,9.13390654639014,otp_no_itinerary,39.2466077,9.134242,
39.24502391665667,9.147784400034817,otp_no_itinerary,39.2442986,9.1481224,
39.1869422,9.1517171,otp_no_itinerary,39.1868371,9.1516115,
39.2183061,9.16434395,otp_no_itinerary,39.2187825,9.165065,
39.25698352132673,9.100362299288387,otp_no_itinerary,39.2574455,9.1002993,
39.24373297578118,9.138537563941803,otp_no_itinerary,39.2438188,9.1382681,
39.21885185,9.1651738,otp_no_itinerary,39.2187825,9.165065,
39.24533941567934,9.147550189199123,otp_no_itinerary,39.2445663,9.1486015,
39.20289931376152,9.161660796724671,otp_no_itinerary,39.2028507,9.1615537,
39.1883098,9.1656151,otp_no_itinerary,39.1882924,9.1656596,
39.244130049999995,9.1474117,otp_no_itinerary,39.2439512,9.1478182,
39.2079449163696,9.150382018830697,otp_no_itinerary,39.2077655,9.1508229,
39.226756674605376,9.139732921955336,otp_no_itinerary,39.2254838,9.1388712,
39.22198391526332,9.165936882338269,otp_no_itinerary,39.2204961,9.1671393,
39.24332137165186,9.13829854085764,otp_no_itinerary,39.2433167,9.1381896,
39.212627230340956,9.17276010192389,otp_no_itinerary,39.2125501,9.172822,
39.213015999999996,9.1576395,otp_no_itinerary,39.213136,9.157522,
39.218328457123874,9.164184358373614,otp_no_itinerary,39.2187825,9.165065,
39.250821829498356,9.13832697146457,otp_no_itinerary,39.2506709,9.1377799,
39.25476252068588,9.120186890906693,otp_no_itinerary,39.2541692,9.1203645,
39.262827556352754,9.119090219513422,otp_no_itinerary,39.2628442,9.1189172,
39.2053374295092,9.16295525665397,otp_no_itinerary,39.2052781,9.163162,
39.25720516204508,9.10167662150764,otp_no_itinerary,39.2572548,9.1018547,
39.204958250000004,9.1537615,otp_no_itinerary,39.204784,9.152744,
39.2181939,9.16426815,otp_no_itinerary,39.2187825,9.165065,
39.21243940510574,9.147911550082497,otp_no_itinerary,39.2124888,9.147652,
39.2182914,9.1644245,otp_no_itinerary,39.2187825,9.165065,
39.21832285,9.164374,otp_no_itinerary,39.2187825,9.165065,
39.249965233333334,9.113945033333334,otp_no_itinerary,39.2500285,9.1145455,
39.24132492949019,9.138979576287353,otp_no_itinerary,39.2414902,9.1392608,
39.199576015856046,9.153269228989386,otp_no_itinerary,39.1996096,9.1529059,
39.218275126001025,9.164410723051356,otp_no_itinerary,39.2187825,9.165065,
39.18415185734967,9.148017103826065,otp_no_itinerary,39.1845556,9.1475914,
39.204924250000005,9.1537825,otp_no_itinerary,39.204784,9.152744,
39.24968905810784,9.115904338242155,otp_no_itinerary,39.2496669,9.1158858,
39.21093438240639,9.175005785280874,otp_no_itinerary,39.2124573,9.1751152,
39.218369733226666,9.164324733834272,otp_no_itinerary,39.2187825,9.165065,
39.247715098046186,9.130942993652392,otp_no_itinerary,39.2478797,9.1307172,
39.19868269664979,9.15568450996192,otp_no_itinerary,39.1986019,9.1583549,
39.21872720956775,9.117505332643765,otp_no_itinerary,39.2188821,9.1169726,
39.18691416546971,9.142167101728981,otp_no_itinerary,39.1869085,9.1422235,
39.24624463722999,9.148267258341823,otp_no_itinerary,39.2445663,9.1486015,
39.246674058485084,9.13390654639014,otp_no_itinerary,39.2466077,9.134242,
39.24888982981689,9.142473770577489,otp_no_itinerary,39.2498229,9.1407509,
39.21039829172656,9.17085545720714,otp_no_itinerary,39.210664,9.1704496,
39.25698352132673,9.100362299288387,otp_no_itinerary,39.2574455,9.1002993,
39.24292968725783,9.155156625404379,otp_no_itinerary,39.243543,9.1547393,
39.24738453994778,9.119667686360344,otp_no_itinerary,39.2478171,9.1192537,
39.20289931376152,9.161660796724671,otp_no_itinerary,39.2028507,9.1615537,
39.1906437000565,9.150231480312247,otp_no_itinerary,39.1909398,9.1495271,
39.244646499858405,9.154201210055401,otp_no_itinerary,39.2442652,9.1537951,
39.2470775,9.1447238,otp_no_itinerary,39.245648,9.1440475,
39.18816344369914,9.165577765947203,otp_no_itinerary,39.1882924,9.1656596,
39.2079449163696,9.150382018830697,otp_no_itinerary,39.2077655,9.1508229,
39.219403650000004,9.117665749999999,otp_no_itinerary,39.2191393,9.1178667,
39.187827275344816,9.16557150097135,otp_no_itinerary,39.1878537,9.1656181,
39.22198391526332,9.165936882338269,otp_no_itinerary,39.2204961,9.1671393,
39.24341828736046,9.143581303476767,otp_no_itinerary,39.2429474,9.1440785,
39.18795244852325,9.165605120519531,otp_no_itinerary,39.1878841,9.1656542,
39.187634267836074,9.1652679424877,otp_no_itinerary,39.1878537,9.1656181,
39.25476252068588,9.120186890906693,otp_no_itinerary,39.2541692,9.1203645,
39.18920499539851,9.168141147477801,otp_no_itinerary,39.1892304,9.1680613,
39.25720516204508,9.10167662150764,otp_no_itinerary,39.2572548,9.1018547,
39.19159440418194,9.144822702699445,otp_no_itinerary,39.1913904,9.1448873,
39.24435753034268,9.13414773454088,otp_no_itinerary,39.2441268,9.133601,
39.248502200000004,9.133054600000001,otp_no_itinerary,39.2485186,9.1331507,
39.21963401017911,9.117563474313494,otp_no_itinerary,39.2198323,9.1178575,
39.21243940510574,9.147911550082497,otp_no_itinerary,39.2124888,9.147652,
39.24501805,9.133155200000001,otp_no_itinerary,39.2452098,9.1331984,
39.199576015856046,9.153269228989386,otp_no_itinerary,39.1996096,9.1529059,
39.20053891641849,9.153587601393507,otp_no_itinerary,39.2003824,9.153023,
39.2485406,9.1331033,otp_no_itinerary,39.2485186,9.1331507,
39.19963874317687,9.152235120863022,otp_no_itinerary,39.1997713,9.152277,
39.241213738338615,9.138654814642527,otp_no_itinerary,39.2415935,9.1384282,
39.24501805,9.133155200000001,otp_no_itinerary,39.2452098,9.1331984,
39.21559399169977,9.101832717112707,otp_no_itinerary,39.2151268,9.1008582,
39.24817363367359,9.132634633492927,otp_no_itinerary,39.2481165,9.132792,
39.20281971888318,9.161902201199066,otp_no_itinerary,39.2027889,9.1619454,
39.21354670150511,9.144548616902567,otp_no_itinerary,39.2133982,9.1447834,
39.2457544,9.1423148,otp_no_itinerary,39.2457491,9.1422972,
39.247715098046186,9.130942993652392,otp_no_itinerary,39.2478797,9.1307172,
39.241239192681384,9.13799820319265,otp_no_itinerary,39.2411719,9.13738,
39.21554555264433,9.101954756297085,otp_no_itinerary,39.2151268,9.1008582,
39.21375175,9.1446736,otp_no_itinerary,39.2133982,9.1447834,
39.2481219,9.1316613,otp_no_itinerary,39.2483629,9.1311546,
39.26183796543137,9.117152557186902,otp_no_itinerary,39.2618376,9.1168622,
39.257432599999994,9.098643599999999,otp_no_itinerary,39.2575574,9.0982059,
39.21335235,9.144479950000001,otp_no_itinerary,39.2133982,9.1447834,
39.270572283652875,9.086535916767492,otp_no_itinerary,39.2699424,9.0846114,
39.24738453994778,9.119667686360344,otp_no_itinerary,39.2478171,9.1192537,
39.1927034,9.1615337,otp_no_itinerary,39.1927034,9.1615337,
39.213198963367915,9.144719286215418,otp_no_itinerary,39.2133982,9.1447834,
39.1906437000565,9.150231480312247,otp_no_itinerary,39.1909398,9.1495271,
39.249587953112425,9.10768844829755,otp_no_itinerary,39.2498246,9.1073363,
39.21320555,9.1450705,otp_no_itinerary,39.2133982,9.1447834,
39.21547185705392,9.102135817184555,otp_no_itinerary,39.2146732,9.1024962,
39.27962019848518,9.031256965423102,otp_no_itinerary,39.2699151,9.0770146,
39.24416220211338,9.13445597808396,otp_no_itinerary,39.2439538,9.1347802,
39.248075850203236,9.13245997175834,otp_no_itinerary,39.2481165,9.132792,
39.24699349982802,9.14100978966736,otp_no_itinerary,39.2474462,9.1404352,
39.25923887375455,9.134026813801707,otp_no_itinerary,39.2556587,9.1303096,
39.244096473990396,9.150972446197382,otp_no_itinerary,39.2436628,9.1519187,
39.2487564676618,9.081378571011435,otp_no_itinerary,39.2475386,9.0811625,
39.215418750000005,9.102271600000002,otp_no_itinerary,39.2146732,9.1024962,
39.24623500975663,9.139767557777187,otp_no_itinerary,39.2465194,9.1400198,
39.25517970845598,9.08520435867627,otp_no_itinerary,39.2560422,9.0839359,
39.24501805,9.133155200000001,otp_no_itinerary,39.2452098,9.1331984,
39.2069677852865,9.165467123437649,otp_no_itinerary,39.2066479,9.1654686,
39.24738837097604,9.132137843799516,otp_no_itinerary,39.2475548,9.1322906,
39.25755728202179,9.086238749896673,otp_no_itinerary,39.2576714,9.0868081,
39.24107988445909,9.138426429362934,otp_no_itinerary,39.2415935,9.1384282,
39.215375949999995,9.102400099999999,otp_no_itinerary,39.2146732,9.1024962,
39.24373297578118,9.138537563941803,otp_no_itinerary,39.2438188,9.1382681,
39.24501805,9.133155200000001,otp_no_itinerary,39.2452098,9.1331984,
39.212627230340956,9.17276010192389,otp_no_itinerary,39.2125501,9.172822,
39.259001306157934,9.086125991697248,otp_no_itinerary,39.2580232,9.085999,
39.26041445,9.08595265,otp_no_itinerary,39.2604466,9.0859255,
39.262827556352754,9.119090219513422,otp_no_itinerary,39.2628442,9.1189172,
39.25020186752952,9.139527364225001,otp_no_itinerary,39.2507149,9.1396906,
39.260854120381666,9.085951760193973,otp_no_itinerary,39.2604466,9.0859255,
39.215408450625866,9.101684832738789,otp_no_itinerary,39.2151268,9.1008582,
39.2053374295092,9.16295525665397,otp_no_itinerary,39.2052781,9.163162,
39.16940851060718,9.020753928490866,otp_no_itinerary,39.1624461,9.0206203,
39.26144748191541,9.086140056546652,otp_no_itinerary,39.2615341,9.0860967,
39.2481219,9.1316613,otp_no_itinerary,39.2483629,9.1311546,
39.174592949992466,9.023846146444374,otp_no_itinerary,39.1760856,9.0279825,
39.26219015697147,9.085964363067077,otp_no_itinerary,39.2621929,9.0852576,
39.23705352862622,9.159820979884245,otp_no_itinerary,39.2386841,9.1507208,
39.2625675,9.0862047,otp_no_itinerary,39.2626908,9.0851955,
39.25168210610111,9.12296899414168,otp_no_itinerary,39.2512407,9.1227656,
39.1927034,9.1615337,otp_no_itinerary,39.1927034,9.1615337,
39.26516571973838,9.088618394668826,otp_no_itinerary,39.2653906,9.0862663,
39.249965233333334,9.113945033333334,otp_no_itinerary,39.2500285,9.1145455,
39.16940851060718,9.020753928490866,otp_no_itinerary,39.1624461,9.0206203,
39.26780815,9.091029299999999,otp_no_itinerary,39.2672693,9.0861646,
39.26970697544655,9.092636249550644,otp_no_itinerary,39.2659301,9.096567,
39.244901600000006,9.148669850000001,otp_no_itinerary,39.2445663,9.1486015,
39.174592949992466,9.023846146444374,otp_no_itinerary,39.1760856,9.0279825,
39.2140899,9.1487754,otp_no_itinerary,39.2136747,9.1483018,
39.24968905810784,9.115904338242155,otp_no_itinerary,39.2496669,9.1158858,
39.1869422,9.1517171,otp_no_itinerary,39.1868371,9.1516115,
39.24699349982802,9.14100978966736,otp_no_itinerary,39.2474462,9.1404352,
39.2457544,9.1423148,otp_no_itinerary,39.2457491,9.1422972,
39.251583828084,9.123353722729387,otp_no_itinerary,39.2512407,9.1227656,
39.27143747963061,9.085740383982795,otp_no_itinerary,39.2699424,9.0846114,
39.1883098,9.1656151,otp_no_itinerary,39.1882924,9.1656596,
39.20134971394363,9.15026111151543,otp_no_itinerary,39.2011754,9.1501467,
39.246674058485084,9.13390654639014,otp_no_itinerary,39.2466077,9.134242,
39.24738837097604,9.132137843799516,otp_no_itinerary,39.2475548,9.1322906,
39.20289931376152,9.161660796724671,otp_no_itinerary,39.2028507,9.1615537,
39.26183796543137,9.117152557186902,otp_no_itinerary,39.2618376,9.1168622,
39.22198391526332,9.165936882338269,otp_no_itinerary,39.2204961,9.1671393,
39.16940851060718,9.020753928490866,otp_no_itinerary,39.1624461,9.0206203,
39.173826874030425,9.038499070550634,otp_no_itinerary,39.1737483,9.0383768,
39.18752159999999,9.15300955,otp_no_itinerary,39.187482,9.1533797,
39.174592949992466,9.023846146444374,otp_no_itinerary,39.1760856,9.0279825,
39.266462974007986,9.100799748537556,otp_no_itinerary,39.2650142,9.0992724,
39.25476252068588,9.120186890906693,otp_no_itinerary,39.2541692,9.1203645,
39.249587953112425,9.10768844829755,otp_no_itinerary,39.2498246,9.1073363,
39.16940851060718,9.020753928490866,otp_no_itinerary,39.1624461,9.0206203,
39.174592949992466,9.023846146444374,otp_no_itinerary,39.1760856,9.0279825,
39.25720516204508,9.10167662150764,otp_no_itinerary,39.2572548,9.1018547,
39.162449856732366,9.014532059662146,otp_no_itinerary,39.1624461,9.0206203,
39.21243940510574,9.147911550082497,otp_no_itinerary,39.2124888,9.147652,
39.24902134600975,9.142666568339388,otp_no_itinerary,39.2498229,9.1407509,
39.248075850203236,9.13245997175834,otp_no_itinerary,39.2481165,9.132792,
39.173826874030425,9.038499070550634,otp_no_itinerary,39.1737483,9.0383768,
39.16940851060718,9.020753928490866,otp_no_itinerary,39.1624461,9.0206203,
39.175522731773796,9.029526045730757,otp_no_itinerary,39.1763808,9.029404,
39.24738453994778,9.119667686360344,otp_no_itinerary,39.2478171,9.1192537,
39.174592949992466,9.023846146444374,otp_no_itinerary,39.1760856,9.0279825,
39.16940851060718,9.020753928490866,otp_no_itinerary,39.1624461,9.0206203,
39.2140899,9.1487754,otp_no_itinerary,39.2136747,9.1483018,
39.25130954071363,9.123682782415848,otp_no_itinerary,39.2512407,9.1227656,
39.24623500975663,9.139767557777187,otp_no_itinerary,39.2465194,9.1400198,
39.1883098,9.1656151,otp_no_itinerary,39.1882924,9.1656596,
39.18415185734967,9.148017103826065,otp_no_itinerary,39.1845556,9.1475914,
39.228012886620704,9.151350015216554,otp_no_itinerary,39.2236267,9.1609046,
39.2069677852865,9.165467123437649,otp_no_itinerary,39.2066479,9.1654686,
39.1869422,9.1517171,otp_no_itinerary,39.1868371,9.1516115,
39.215987637260326,9.171617247813405,otp_no_itinerary,39.2156971,9.1711803,
39.23705352862622,9.159820979884245,otp_no_itinerary,39.2386841,9.1507208,
39.162449856732366,9.014532059662146,otp_no_itinerary,39.1624461,9.0206203,
39.218369733226666,9.164324733834272,otp_no_itinerary,39.2187825,9.165065,
39.24719940454316,9.145365666105176,otp_no_itinerary,39.245648,9.1440475,
39.173826874030425,9.038499070550634,otp_no_itinerary,39.1737483,9.0383768,
39.1883098,9.1656151,otp_no_itinerary,39.1882924,9.1656596,
39.245412983959866,9.13943075704552,otp_no_itinerary,39.2450986,9.1405267,
39.173826874030425,9.038499070550634,otp_no_itinerary,39.1737483,9.0383768,
39.24382034736213,9.143099385023502,otp_no_itinerary,39.2437713,9.1443718,
39.24213489999999,9.140667449999999,otp_no_itinerary,39.2424653,9.1401279,
39.162449856732366,9.014532059662146,otp_no_itinerary,39.1624461,9.0206203,
39.209713596298464,9.149415618090067,otp_no_itinerary,39.2095942,9.1493906,
39.245647667797584,9.128973563215341,otp_no_itinerary,39.2456416,9.1287972,
39.175522731773796,9.029526045730757,otp_no_itinerary,39.1763808,9.029404,
39.2151557271767,9.149370866003913,otp_no_itinerary,39.2142776,9.1501567,
39.25771682427328,9.098651454990142,otp_no_itinerary,39.2575574,9.0982059,
39.22198559623141,9.159329390952722,otp_no_itinerary,39.2236267,9.1609046,
39.22099039589362,9.160282266940486,otp_no_itinerary,39.2202963,9.1608809,
39.18691416546971,9.142167101728981,otp_no_itinerary,39.1869085,9.1422235,
39.162449856732366,9.014532059662146,otp_no_itinerary,39.1624461,9.0206203,
39.21964408787108,9.159832964529855,otp_no_itinerary,39.2192638,9.1600815,
39.21039829172656,9.17085545720714,otp_no_itinerary,39.210664,9.1704496,
39.220346649999996,9.160632249999999,otp_no_itinerary,39.2202963,9.1608809,
39.242683536114704,9.133000395592104,otp_no_itinerary,39.2425563,9.1330045,
39.175522731773796,9.029526045730757,otp_no_itinerary,39.1763808,9.029404,
39.22074565126217,9.159728583674292,otp_no_itinerary,39.2202963,9.1608809,
39.22089181134558,9.158123944713255,otp_no_itinerary,39.2202963,9.1608809,
39.175516349632666,9.022834236018529,otp_no_itinerary,39.1760856,9.0279825,
39.175522731773796,9.029526045730757,otp_no_itinerary,39.1763808,9.029404,
39.18816344369914,9.165577765947203,otp_no_itinerary,39.1882924,9.1656596,
39.22043581903795,9.157672072828213,otp_no_itinerary,39.2197393,9.1553428,
39.173826874030425,9.038499070550634,otp_no_itinerary,39.1737483,9.0383768,
39.187827275344816,9.16557150097135,otp_no_itinerary,39.1878537,9.1656181,
39.220562872893275,9.157851608145249,otp_no_itinerary,39.2197393,9.1553428,
39.18795244852325,9.165605120519531,otp_no_itinerary,39.1878841,9.1656542,
39.2220693492456,9.16113618228069,otp_no_itinerary,39.2224174,9.1621411,
39.187634267836074,9.1652679424877,otp_no_itinerary,39.1878537,9.1656181,
39.222112797639106,9.160247805558734,otp_no_itinerary,39.2224174,9.1621411,
39.24373297578118,9.138537563941803,otp_no_itinerary,39.2438188,9.1382681,
39.240944599088856,9.138197391682185,otp_no_itinerary,39.2411719,9.13738,
39.22282452587824,9.160326901977731,otp_no_itinerary,39.2236267,9.1609046,
39.18920499539851,9.168141147477801,otp_no_itinerary,39.1892304,9.1680613,
39.22049542137145,9.158582552903326,otp_no_itinerary,39.2192638,9.1600815,
39.162449856732366,9.014532059662146,otp_no_itinerary,39.1624461,9.0206203,
39.18415185734967,9.148017103826065,otp_no_itinerary,39.1845556,9.1475914,
39.25778667553958,9.099192643479414,otp_no_itinerary,39.2584287,9.0986437,
39.16572141300346,9.015339375303133,otp_no_itinerary,39.1624461,9.0206203,
39.22171946711833,9.160638424318885,otp_no_itinerary,39.221363,9.1621799,
39.175516349632666,9.022834236018529,otp_no_itinerary,39.1760856,9.0279825,
39.162449856732366,9.014532059662146,otp_no_itinerary,39.1624461,9.0206203,
39.221362348463096,9.16105150895332,otp_no_itinerary,39.221363,9.1621799,
39.16576775,9.01651425,otp_no_itinerary,39.1624461,9.0206203,
39.21455096519265,9.172452994407594,otp_no_itinerary,39.2140093,9.1732045,
39.221713891101025,9.161548621205764,otp_no_itinerary,39.221363,9.1621799,
39.218369733226666,9.164324733834272,otp_no_itinerary,39.2187825,9.165065,
39.1657388,9.0164184,otp_no_itinerary,39.1624461,9.0206203,
39.24332137165186,9.13829854085764,otp_no_itinerary,39.2433167,9.1381896,
39.20950715823985,9.149856761896526,otp_no_itinerary,39.2092734,9.1500132,
39.222474867481004,9.159829081610512,otp_no_itinerary,39.2236267,9.1609046,
39.175522731773796,9.029526045730757,otp_no_itinerary,39.1763808,9.029404,
39.212627230340956,9.17276010192389,otp_no_itinerary,39.2125501,9.172822,
39.175522731773796,9.029526045730757,otp_no_itinerary,39.1763808,9.029404,
39.222464910460715,9.160747479674255,otp_no_itinerary,39.2224174,9.1621411,
39.175516349632666,9.022834236018529,otp_no_itinerary,39.1760856,9.0279825,
39.220845563407806,9.159079963612502,otp_no_itinerary,39.2202963,9.1608809,
39.16572141300346,9.015339375303133,otp_no_itinerary,39.1624461,9.0206203,
39.262827556352754,9.119090219513422,otp_no_itinerary,39.2628442,9.1189172,
39.209713596298464,9.149415618090067,otp_no_itinerary,39.2095942,9.1493906,
39.19159440418194,9.144822702699445,otp_no_itinerary,39.1913904,9.1448873,
39.221241248002585,9.158622023618506,otp_no_itinerary,39.2202963,9.1608809,
39.16576775,9.01651425,otp_no_itinerary,39.1624461,9.0206203,
39.2053374295092,9.16295525665397,otp_no_itinerary,39.2052781,9.163162,
39.2204882204593,9.160802522323618,otp_no_itinerary,39.2202963,9.1608809,
39.1657388,9.0164184,otp_no_itinerary,39.1624461,9.0206203,
39.18374146702069,8.98082562308359,otp_no_itinerary,39.1760856,9.0279825,
39.175516349632666,9.022834236018529,otp_no_itinerary,39.1760856,9.0279825,
39.241941248769535,9.137314902000783,otp_no_itinerary,39.2418132,9.1370985,
39.22062322373121,9.160645876670221,otp_no_itinerary,39.2202963,9.1608809,
39.18691416546971,9.142167101728981,otp_no_itinerary,39.1869085,9.1422235,
39.221301236501034,9.159523176678308,otp_no_itinerary,39.2202963,9.1608809,
39.20325773886676,9.153112869309272,otp_no_itinerary,39.2031321,9.1529162,
39.220159631246084,9.159371324162237,otp_no_itinerary,39.2192638,9.1600815,
39.21039829172656,9.17085545720714,otp_no_itinerary,39.210664,9.1704496,
39.16572141300346,9.015339375303133,otp_no_itinerary,39.1624461,9.0206203,
39.21390379302294,9.15941391006609,otp_no_itinerary,39.2135574,9.1584489,
39.249965233333334,9.113945033333334,otp_no_itinerary,39.2500285,9.1145455,
39.25063995380079,9.121037635702274,otp_no_itinerary,39.2509287,9.1212425,
39.22473301711031,9.113238251560277,otp_no_itinerary,39.2246655,9.1130388,
39.16576775,9.01651425,otp_no_itinerary,39.1624461,9.0206203,
39.20276992593859,9.16198932837668,otp_no_itinerary,39.2027527,9.1620189,
39.1657388,9.0164184,otp_no_itinerary,39.1624461,9.0206203,
39.24803993016914,9.079315963328026,otp_no_itinerary,39.2475386,9.0811625,
39.20282686409407,9.153508612028492,otp_no_itinerary,39.2031321,9.1529162,
39.24903157168955,9.141125905441955,otp_no_itinerary,39.2494443,9.1403269,
39.23885828423887,9.163101122762438,otp_no_itinerary,39.243543,9.1547393,
39.24968905810784,9.115904338242155,otp_no_itinerary,39.2496669,9.1158858,
39.20053891641849,9.153587601393507,otp_no_itinerary,39.2003824,9.153023,
39.16572141300346,9.015339375303133,otp_no_itinerary,39.1624461,9.0206203,
39.18816344369914,9.165577765947203,otp_no_itinerary,39.1882924,9.1656596,
39.2142881589091,9.162520329675594,otp_no_itinerary,39.2140014,9.160999,
39.16576775,9.01651425,otp_no_itinerary,39.1624461,9.0206203,
39.18374146702069,8.98082562308359,otp_no_itinerary,39.1760856,9.0279825,
39.24497054999999,9.148872599999999,otp_no_itinerary,39.2445663,9.1486015,
39.25621656412201,9.09538068223684,otp_no_itinerary,39.2560871,9.0955308,
39.187827275344816,9.16557150097135,otp_no_itinerary,39.1878537,9.1656181,
39.175516349632666,9.022834236018529,otp_no_itinerary,39.1760856,9.0279825,
39.207636014204745,9.15311451691,otp_no_itinerary,39.2077951,9.1532298,
39.1657388,9.0164184,otp_no_itinerary,39.1624461,9.0206203,
39.18795244852325,9.165605120519531,otp_no_itinerary,39.1878841,9.1656542,
39.18374146702069,8.98082562308359,otp_no_itinerary,39.1760856,9.0279825,
39.187634267836074,9.1652679424877,otp_no_itinerary,39.1878537,9.1656181,
39.241566918730946,9.154342886007962,otp_no_itinerary,39.2433715,9.1540766,
39.18920499539851,9.168141147477801,otp_no_itinerary,39.1892304,9.1680613,
39.16572141300346,9.015339375303133,otp_no_itinerary,39.1624461,9.0206203,
39.246674058485084,9.13390654639014,otp_no_itinerary,39.2466077,9.134242,
39.24773870727689,9.118826027675459,otp_no_itinerary,39.2478171,9.1192537,
39.16576775,9.01651425,otp_no_itinerary,39.1624461,9.0206203,
39.20638286342071,9.15610213289771,otp_no_itinerary,39.2059754,9.1571288,
39.26765712202026,9.084316876572725,otp_no_itinerary,39.2664318,9.0846968,
39.25698352132673,9.100362299288387,otp_no_itinerary,39.2574455,9.1002993,
39.1657388,9.0164184,otp_no_itinerary,39.1624461,9.0206203,
39.20950715823985,9.149856761896526,otp_no_itinerary,39.2092734,9.1500132,
39.2457544,9.1423148,otp_no_itinerary,39.2457491,9.1422972,
39.16572141300346,9.015339375303133,otp_no_itinerary,39.1624461,9.0206203,
39.254938805937094,9.097453987429121,otp_no_itinerary,39.2551247,9.09757,
39.18374146702069,8.98082562308359,otp_no_itinerary,39.1760856,9.0279825,
39.16576775,9.01651425,otp_no_itinerary,39.1624461,9.0206203,
39.20736665880789,9.153538822643258,otp_no_itinerary,39.2072366,9.1535935,
39.26183796543137,9.117152557186902,otp_no_itinerary,39.2618376,9.1168622,
39.24519683796381,9.118830947736893,otp_no_itinerary,39.2451535,9.1191517,
39.1657388,9.0164184,otp_no_itinerary,39.1624461,9.0206203,
39.255014411948316,9.09832369528568,otp_no_itinerary,39.255311,9.0983344,
39.2485584,9.1331922,otp_no_itinerary,39.2485186,9.1331507,
39.19159440418194,9.144822702699445,otp_no_itinerary,39.1913904,9.1448873,
39.2028785,9.16186,otp_no_itinerary,39.2029297,9.1618629,
39.20038791255863,9.151975158051885,otp_no_itinerary,39.2002698,9.1516432,
39.249587953112425,9.10768844829755,otp_no_itinerary,39.2498246,9.1073363,
39.2234104,9.1121521,otp_no_itinerary,39.2233171,9.1122653,
39.24200586776582,9.137626740733925,otp_no_itinerary,39.2418132,9.1370985,
39.18374146702069,8.98082562308359,otp_no_itinerary,39.1760856,9.0279825,
39.20325773886676,9.153112869309272,otp_no_itinerary,39.2031321,9.1529162,
39.20097350904327,9.15130120814583,otp_no_itinerary,39.2007637,9.1515124,
39.247053,9.1401521,otp_no_itinerary,39.2471264,9.1401559,
39.20404088065539,9.15317216332752,otp_no_itinerary,39.2038447,9.1528663,
39.19867738877147,9.15129761121511,otp_no_itinerary,39.1983688,9.1514358,
39.248075850203236,9.13245997175834,otp_no_itinerary,39.2481165,9.132792,
39.24771508174175,9.119050499017034,otp_no_itinerary,39.2478171,9.1192537,
39.19565352279798,9.159001474054143,otp_no_itinerary,39.1953032,9.1590685,
39.27155713275126,9.085968733501636,otp_no_itinerary,39.2699424,9.0846114,
39.198085726497546,9.152361542058218,otp_no_itinerary,39.1979869,9.1523132,
39.25810887558472,9.098703694714422,otp_no_itinerary,39.2584287,9.0986437,
39.204282899999995,9.153151000000001,otp_no_itinerary,39.2038447,9.1528663,
39.20289931376152,9.161660796724671,otp_no_itinerary,39.2028507,9.1615537,
39.266862350000004,9.100900800000002,otp_no_itinerary,39.2650142,9.0992724,
39.19183253568935,9.152202734226943,otp_no_itinerary,39.1923063,9.1523,
39.24623500975663,9.139767557777187,otp_no_itinerary,39.2465194,9.1400198,
39.20282686409407,9.153508612028492,otp_no_itinerary,39.2031321,9.1529162,
39.206187016404684,9.164710106771462,otp_no_itinerary,39.2064145,9.1647161,
39.2079449163696,9.150382018830697,otp_no_itinerary,39.2077655,9.1508229,
39.2069677852865,9.165467123437649,otp_no_itinerary,39.2066479,9.1654686,
39.22198391526332,9.165936882338269,otp_no_itinerary,39.2204961,9.1671393,
39.26205091094386,9.081531653946046,otp_no_itinerary,39.2609682,9.0840131,
39.19492453236958,9.157892437836887,otp_no_itinerary,39.1950951,9.1575472,
39.20053891641849,9.153587601393507,otp_no_itinerary,39.2003824,9.153023,
39.207636014204745,9.15311451691,otp_no_itinerary,39.2077951,9.1532298,
39.24446015244805,9.134000004326197,otp_no_itinerary,39.2441268,9.133601,
39.25476252068588,9.120186890906693,otp_no_itinerary,39.2541692,9.1203645,
39.24373297578118,9.138537563941803,otp_no_itinerary,39.2438188,9.1382681,
39.247053117883624,9.14015933493803,otp_no_itinerary,39.2471264,9.1401559,
39.25720516204508,9.10167662150764,otp_no_itinerary,39.2572548,9.1018547,
39.21243940510574,9.147911550082497,otp_no_itinerary,39.2124888,9.147652,
39.2457544,9.1423148,otp_no_itinerary,39.2457491,9.1422972,
39.23705352862622,9.159820979884245,otp_no_itinerary,39.2386841,9.1507208,
39.188008249999996,9.1526354,otp_no_itinerary,39.1884424,9.1531447,
39.20025559478983,9.150242054553159,otp_no_itinerary,39.2002152,9.150118,
39.248578831909725,9.133185869794126,otp_no_itinerary,39.2485186,9.1331507,
39.24332137165186,9.13829854085764,otp_no_itinerary,39.2433167,9.1381896,
39.19920961677401,9.150314320482757,otp_no_itinerary,39.1992039,9.1503063,
39.26183796543137,9.117152557186902,otp_no_itinerary,39.2618376,9.1168622,
39.212627230340956,9.17276010192389,otp_no_itinerary,39.2125501,9.172822,
39.192670560237666,9.152602339373384,otp_no_itinerary,39.1925387,9.1523198,
39.24779693182627,9.132257209702612,otp_no_itinerary,39.2477263,9.1319913,
39.199576015856046,9.153269228989386,otp_no_itinerary,39.1996096,9.1529059,
39.19398014241845,9.157420382938142,otp_no_itinerary,39.1938323,9.1574079,
39.262827556352754,9.119090219513422,otp_no_itinerary,39.2628442,9.1189172,
39.19793295390183,9.152997915581976,otp_no_itinerary,39.1981437,9.1530851,
39.2053374295092,9.16295525665397,otp_no_itinerary,39.2052781,9.163162,
39.2206913994958,9.1680607113029,otp_no_itinerary,39.2204961,9.1671393,
39.249587953112425,9.10768844829755,otp_no_itinerary,39.2498246,9.1073363,
39.21437849545412,9.162590177795446,otp_no_itinerary,39.2140014,9.160999,
39.249965233333334,9.113945033333334,otp_no_itinerary,39.2500285,9.1145455,
39.248269528750555,9.141760710265348,otp_no_itinerary,39.2476768,9.1403494,
39.19785566002734,9.150256006030206,otp_no_itinerary,39.1975786,9.1504043,
39.2036488,9.15052135,otp_no_itinerary,39.2031279,9.1509558,
39.21075548019937,9.154823078703542,otp_no_itinerary,39.2110109,9.1551174,
39.21056512441594,9.149032541231575,otp_no_itinerary,39.2104411,9.1490677,
39.196786390987775,9.151979770106179,otp_no_itinerary,39.1968104,9.1519943,
39.248075850203236,9.13245997175834,otp_no_itinerary,39.2481165,9.132792,
39.24968905810784,9.115904338242155,otp_no_itinerary,39.2496669,9.1158858,
39.25144950610112,9.122621894141679,otp_no_itinerary,39.2512407,9.1227656,
39.21852180070342,9.164369044469655,otp_no_itinerary,39.2187825,9.165065,
39.246674058485084,9.13390654639014,otp_no_itinerary,39.2466077,9.134242,
39.21874335,9.1643544,otp_no_itinerary,39.2191843,9.1644493,
39.19963874317687,9.152235120863022,otp_no_itinerary,39.1997713,9.152277,
39.24623500975663,9.139767557777187,otp_no_itinerary,39.2465194,9.1400198,
39.2183061,9.16434395,otp_no_itinerary,39.2187825,9.165065,
39.25698352132673,9.100362299288387,otp_no_itinerary,39.2574455,9.1002993,
39.251013199999996,9.1210367,otp_no_itinerary,39.2509287,9.1212425,
39.16940851060718,9.020753928490866,otp_no_itinerary,39.1624461,9.0206203,
39.20289931376152,9.161660796724671,otp_no_itinerary,39.2028507,9.1615537,
39.21885185,9.1651738,otp_no_itinerary,39.2187825,9.165065,
39.2150542841065,9.10437795056839,otp_no_itinerary,39.2151053,9.1042524,
39.2069677852865,9.165467123437649,otp_no_itinerary,39.2066479,9.1654686,
39.162449856732366,9.014532059662146,otp_no_itinerary,39.1624461,9.0206203,
39.20013186172722,9.151609106427713,otp_no_itinerary,39.2002698,9.1516432,
39.175522731773796,9.029526045730757,otp_no_itinerary,39.1763808,9.029404,
39.16572141300346,9.015339375303133,otp_no_itinerary,39.1624461,9.0206203,
39.19918230286586,9.152788526430253,otp_no_itinerary,39.1996096,9.1529059,
39.226756674605376,9.139732921955336,otp_no_itinerary,39.2254838,9.1388712,
39.2079449163696,9.150382018830697,otp_no_itinerary,39.2077655,9.1508229,
39.16576775,9.01651425,otp_no_itinerary,39.1624461,9.0206203,
39.22198391526332,9.165936882338269,otp_no_itinerary,39.2204961,9.1671393,
39.1657388,9.0164184,otp_no_itinerary,39.1624461,9.0206203,
39.16940851060718,9.020753928490866,otp_no_itinerary,39.1624461,9.0206203,
39.2010312,9.150163950000001,otp_no_itinerary,39.200907,9.1501787,
39.213015999999996,9.1576395,otp_no_itinerary,39.213136,9.157522,
39.174592949992466,9.023846146444374,otp_no_itinerary,39.1760856,9.0279825,
39.20213895,9.15076955,otp_no_itinerary,39.2027103,9.1507461,
39.173826874030425,9.038499070550634,otp_no_itinerary,39.1737483,9.0383768,
39.218328457123874,9.164184358373614,otp_no_itinerary,39.2187825,9.165065,
39.25476252068588,9.120186890906693,otp_no_itinerary,39.2541692,9.1203645,
39.242683536114704,9.133000395592104,otp_no_itinerary,39.2425563,9.1330045,
39.162449856732366,9.014532059662146,otp_no_itinerary,39.1624461,9.0206203,
39.25720516204508,9.10167662150764,otp_no_itinerary,39.2572548,9.1018547,
39.2181939,9.16426815,otp_no_itinerary,39.2187825,9.165065,
39.175522731773796,9.029526045730757,otp_no_itinerary,39.1763808,9.029404,
39.247715098046186,9.130942993652392,otp_no_itinerary,39.2478797,9.1307172,
39.2182914,9.1644245,otp_no_itinerary,39.2187825,9.165065,
39.21243940510574,9.147911550082497,otp_no_itinerary,39.2124888,9.147652,
39.175516349632666,9.022834236018529,otp_no_itinerary,39.1760856,9.0279825,
39.21832285,9.164374,otp_no_itinerary,39.2187825,9.165065,
39.24373297578118,9.138537563941803,otp_no_itinerary,39.2438188,9.1382681,
39.19136782301029,9.140442364906257,otp_no_itinerary,39.1915577,9.1406992,
39.24139846522952,9.138274731707256,otp_no_itinerary,39.2415935,9.1384282,
39.16572141300346,9.015339375303133,otp_no_itinerary,39.1624461,9.0206203,
39.199576015856046,9.153269228989386,otp_no_itinerary,39.1996096,9.1529059,
39.218275126001025,9.164410723051356,otp_no_itinerary,39.2187825,9.165065,
39.16576775,9.01651425,otp_no_itinerary,39.1624461,9.0206203,
39.21093438240639,9.175005785280874,otp_no_itinerary,39.2124573,9.1751152,
39.2436215,9.1501157,otp_no_itinerary,39.2423986,9.1507986,
39.24332137165186,9.13829854085764,otp_no_itinerary,39.2433167,9.1381896,
39.1657388,9.0164184,otp_no_itinerary,39.1624461,9.0206203,
39.22473301711031,9.113238251560277,otp_no_itinerary,39.2246655,9.1130388,
39.19868269664979,9.15568450996192,otp_no_itinerary,39.1986019,9.1583549,
39.212627230340956,9.17276010192389,otp_no_itinerary,39.2125501,9.172822,
39.24624463722999,9.148267258341823,otp_no_itinerary,39.2445663,9.1486015,
39.18374146702069,8.98082562308359,otp_no_itinerary,39.1760856,9.0279825,
39.24738453994778,9.119667686360344,otp_no_itinerary,39.2478171,9.1192537,
39.247715098046186,9.130942993652392,otp_no_itinerary,39.2478797,9.1307172,
39.24075295,9.138904599999998,otp_no_itinerary,39.2401237,9.1386533,
39.2234104,9.1121521,otp_no_itinerary,39.2233171,9.1122653,
39.262827556352754,9.119090219513422,otp_no_itinerary,39.2628442,9.1189172,
39.2053374295092,9.16295525665397,otp_no_itinerary,39.2052781,9.163162,
39.19049855130045,9.139197943569851,otp_no_itinerary,39.1902984,9.1393099,
39.24292968725783,9.155156625404379,otp_no_itinerary,39.243543,9.1547393,
39.244646499858405,9.154201210055401,otp_no_itinerary,39.2442652,9.1537951,
39.24341828736046,9.143581303476767,otp_no_itinerary,39.2429474,9.1440785,
39.24738453994778,9.119667686360344,otp_no_itinerary,39.2478171,9.1192537,
39.19032840510814,9.139042266629291,otp_no_itinerary,39.1902984,9.1393099,
39.25284488165649,9.111923320695599,otp_no_itinerary,39.2519448,9.111542,
39.1906437000565,9.150231480312247,otp_no_itinerary,39.1909398,9.1495271,
39.249965233333334,9.113945033333334,otp_no_itinerary,39.2500285,9.1145455,
39.247422314880325,9.146217555756426,otp_no_itinerary,39.245648,9.1440475,
39.1906437000565,9.150231480312247,otp_no_itinerary,39.1909398,9.1495271,
39.248502200000004,9.133054600000001,otp_no_itinerary,39.2485186,9.1331507,
39.1883098,9.1656151,otp_no_itinerary,39.1882924,9.1656596,
39.24501805,9.133155200000001,otp_no_itinerary,39.2452098,9.1331984,
39.24968905810784,9.115904338242155,otp_no_itinerary,39.2496669,9.1158858,
39.228012886620704,9.151350015216554,otp_no_itinerary,39.2236267,9.1609046,
39.247963765986064,9.141427580346939,otp_no_itinerary,39.2476768,9.1403494,
39.246674058485084,9.13390654639014,otp_no_itinerary,39.2466077,9.134242,
39.24501805,9.133155200000001,otp_no_itinerary,39.2452098,9.1331984,
39.215987637260326,9.171617247813405,otp_no_itinerary,39.2156971,9.1711803,
39.2485406,9.1331033,otp_no_itinerary,39.2485186,9.1331507,
39.2186311,9.1165683,otp_no_itinerary,39.2186087,9.1166727,
39.23705352862622,9.159820979884245,otp_no_itinerary,39.2386841,9.1507208,
39.25698352132673,9.100362299288387,otp_no_itinerary,39.2574455,9.1002993,
39.20289931376152,9.161660796724671,otp_no_itinerary,39.2028507,9.1615537,
39.245412983959866,9.13943075704552,otp_no_itinerary,39.2450986,9.1405267,
39.2079449163696,9.150382018830697,otp_no_itinerary,39.2077655,9.1508229,
39.24817363367359,9.132634633492927,otp_no_itinerary,39.2481165,9.132792,
39.2481219,9.1316613,otp_no_itinerary,39.2483629,9.1311546,
39.22198391526332,9.165936882338269,otp_no_itinerary,39.2204961,9.1671393,
39.24790885598261,9.139923709021769,otp_no_itinerary,39.2480593,9.1398632,
39.218465284759645,9.116987406425007,otp_no_itinerary,39.2186087,9.1166727,
39.20281971888318,9.161902201199066,otp_no_itinerary,39.2027889,9.1619454,
39.21354670150511,9.144548616902567,otp_no_itinerary,39.2133982,9.1447834,
39.24382034736213,9.143099385023502,otp_no_itinerary,39.2437713,9.1443718,
39.2524612760211,9.125837258420328,otp_no_itinerary,39.2522349,9.1258516,
39.1927034,9.1615337,otp_no_itinerary,39.1927034,9.1615337,
39.25476252068588,9.120186890906693,otp_no_itinerary,39.2541692,9.1203645,
39.21886171431621,9.163871162149716,otp_no_itinerary,39.2191843,9.1644493,
39.25720516204508,9.10167662150764,otp_no_itinerary,39.2572548,9.1018547,
39.2151557271767,9.149370866003913,otp_no_itinerary,39.2142776,9.1501567,
39.21375175,9.1446736,otp_no_itinerary,39.2133982,9.1447834,
39.22198559623141,9.159329390952722,otp_no_itinerary,39.2236267,9.1609046,
39.22099039589362,9.160282266940486,otp_no_itinerary,39.2202963,9.1608809,
39.20304973690049,9.150742291522103,otp_no_itinerary,39.2031279,9.1509558,
39.21964408787108,9.159832964529855,otp_no_itinerary,39.2192638,9.1600815,
39.21243940510574,9.147911550082497,otp_no_itinerary,39.2124888,9.147652,
39.21335235,9.144479950000001,otp_no_itinerary,39.2133982,9.1447834,
39.220346649999996,9.160632249999999,otp_no_itinerary,39.2202963,9.1608809,
39.22074565126217,9.159728583674292,otp_no_itinerary,39.2202963,9.1608809,
39.202940436545795,9.150754829398139,otp_no_itinerary,39.2027103,9.1507461,
39.213198963367915,9.144719286215418,otp_no_itinerary,39.2133982,9.1447834,
39.24699349982802,9.14100978966736,otp_no_itinerary,39.2474462,9.1404352,
39.199576015856046,9.153269228989386,otp_no_itinerary,39.1996096,9.1529059,
39.21320555,9.1450705,otp_no_itinerary,39.2133982,9.1447834,
39.27962019848518,9.031256965423102,otp_no_itinerary,39.2699151,9.0770146,
39.19963874317687,9.152235120863022,otp_no_itinerary,39.1997713,9.152277,
39.22089181134558,9.158123944713255,otp_no_itinerary,39.2202963,9.1608809,
39.22043581903795,9.157672072828213,otp_no_itinerary,39.2197393,9.1553428,
39.25923887375455,9.134026813801707,otp_no_itinerary,39.2556587,9.1303096,
39.2487564676618,9.081378571011435,otp_no_itinerary,39.2475386,9.0811625,
39.211538430389545,9.169107165883137,otp_no_itinerary,39.2107228,9.1703668,
39.25517970845598,9.08520435867627,otp_no_itinerary,39.2560422,9.0839359,
39.220562872893275,9.157851608145249,otp_no_itinerary,39.2197393,9.1553428,
39.259001306157934,9.086125991697248,otp_no_itinerary,39.2580232,9.085999,
39.2220693492456,9.16113618228069,otp_no_itinerary,39.2224174,9.1621411,
39.24738837097604,9.132137843799516,otp_no_itinerary,39.2475548,9.1322906,
39.222112797639106,9.160247805558734,otp_no_itinerary,39.2224174,9.1621411,
39.26041445,9.08595265,otp_no_itinerary,39.2604466,9.0859255,
39.219113,9.1173367,otp_no_itinerary,39.2188821,9.1169726,
39.247715098046186,9.130942993652392,otp_no_itinerary,39.2478797,9.1307172,
39.22282452587824,9.160326901977731,otp_no_itinerary,39.2236267,9.1609046,
39.24871055073906,9.140401910223511,otp_no_itinerary,39.2488763,9.1397629,
39.260854120381666,9.085951760193973,otp_no_itinerary,39.2604466,9.0859255,
39.26144748191541,9.086140056546652,otp_no_itinerary,39.2615341,9.0860967,
39.22049542137145,9.158582552903326,otp_no_itinerary,39.2192638,9.1600815,
39.2186259,9.1163788,otp_no_itinerary,39.2186592,9.1163584,
39.22171946711833,9.160638424318885,otp_no_itinerary,39.221363,9.1621799,
39.26219015697147,9.085964363067077,otp_no_itinerary,39.2621929,9.0852576,
39.24551815073944,9.14872206630624,otp_no_itinerary,39.2445663,9.1486015,
39.2625675,9.0862047,otp_no_itinerary,39.2626908,9.0851955,
39.25782716684857,9.099625501054517,otp_no_itinerary,39.2574455,9.1002993,
39.26516571973838,9.088618394668826,otp_no_itinerary,39.2653906,9.0862663,
39.221362348463096,9.16105150895332,otp_no_itinerary,39.221363,9.1621799,
39.221713891101025,9.161548621205764,otp_no_itinerary,39.221363,9.1621799,
39.24738453994778,9.119667686360344,otp_no_itinerary,39.2478171,9.1192537,
39.24856887530023,9.140679457138983,otp_no_itinerary,39.2488763,9.1397629,
39.222474867481004,9.159829081610512,otp_no_itinerary,39.2236267,9.1609046,
39.222464910460715,9.160747479674255,otp_no_itinerary,39.2224174,9.1621411,
39.26780815,9.091029299999999,otp_no_itinerary,39.2672693,9.0861646,
39.220845563407806,9.159079963612502,otp_no_itinerary,39.2202963,9.1608809,
39.2555333,9.1151855,otp_no_itinerary,39.2552274,9.1150658,
39.221241248002585,9.158622023618506,otp_no_itinerary,39.2202963,9.1608809,
39.26970697544655,9.092636249550644,otp_no_itinerary,39.2659301,9.096567,
39.2204882204593,9.160802522323618,otp_no_itinerary,39.2202963,9.1608809,
39.1906437000565,9.150231480312247,otp_no_itinerary,39.1909398,9.1495271,
39.2140899,9.1487754,otp_no_itinerary,39.2136747,9.1483018,
39.183672200838785,9.160435843974227,otp_no_itinerary,39.183604,9.1608405,
39.22062322373121,9.160645876670221,otp_no_itinerary,39.2202963,9.1608809,
39.1869422,9.1517171,otp_no_itinerary,39.1868371,9.1516115,
39.1883098,9.1656151,otp_no_itinerary,39.1882924,9.1656596,
39.18307161420546,9.162239836397248,otp_no_itinerary,39.1833957,9.161278,
39.228012886620704,9.151350015216554,otp_no_itinerary,39.2236267,9.1609046,
39.221301236501034,9.159523176678308,otp_no_itinerary,39.2202963,9.1608809,
39.215987637260326,9.171617247813405,otp_no_itinerary,39.2156971,9.1711803,
39.1922395,9.1617874,otp_no_itinerary,39.1923996,9.1615697,
39.220159631246084,9.159371324162237,otp_no_itinerary,39.2192638,9.1600815,
39.1925102,9.1604858,otp_no_itinerary,39.192377,9.1605717,
39.1883098,9.1656151,otp_no_itinerary,39.1882924,9.1656596,
39.23705352862622,9.159820979884245,otp_no_itinerary,39.2386841,9.1507208,
39.1920704,9.1612353,otp_no_itinerary,39.1923139,9.1611976,
39.21390379302294,9.15941391006609,otp_no_itinerary,39.2135574,9.1584489,
39.245412983959866,9.13943075704552,otp_no_itinerary,39.2450986,9.1405267,
39.24382034736213,9.143099385023502,otp_no_itinerary,39.2437713,9.1443718,
39.2151557271767,9.149370866003913,otp_no_itinerary,39.2142776,9.1501567,
39.20276992593859,9.16198932837668,otp_no_itinerary,39.2027527,9.1620189,
39.21936164688631,9.116972754510622,otp_no_itinerary,39.2193465,9.1167435,
39.19217274269407,9.162813563737627,otp_no_itinerary,39.1919155,9.1619501,
39.24803993016914,9.079315963328026,otp_no_itinerary,39.2475386,9.0811625,
39.2469831,9.1397276,otp_no_itinerary,39.2471668,9.1396781,
39.22198559623141,9.159329390952722,otp_no_itinerary,39.2236267,9.1609046,
39.23885828423887,9.163101122762438,otp_no_itinerary,39.243543,9.1547393,
39.22099039589362,9.160282266940486,otp_no_itinerary,39.2202963,9.1608809,
39.2240712895314,9.113305456522768,otp_no_itinerary,39.2239998,9.1129917,
39.21964408787108,9.159832964529855,otp_no_itinerary,39.2192638,9.1600815,
39.201877310505594,9.153636338297828,otp_no_itinerary,39.2031321,9.1529162,
39.220346649999996,9.160632249999999,otp_no_itinerary,39.2202963,9.1608809,
39.2457544,9.1423148,otp_no_itinerary,39.2457491,9.1422972,
39.22074565126217,9.159728583674292,otp_no_itinerary,39.2202963,9.1608809,
39.2142881589091,9.162520329675594,otp_no_itinerary,39.2140014,9.160999,
39.18415185734967,9.148017103826065,otp_no_itinerary,39.1845556,9.1475914,
39.1979447,9.1595563,otp_no_itinerary,39.1982614,9.1597297,
39.22089181134558,9.158123944713255,otp_no_itinerary,39.2202963,9.1608809,
39.218369733226666,9.164324733834272,otp_no_itinerary,39.2187825,9.165065,
39.22476122878556,9.112848840745809,otp_no_itinerary,39.2246655,9.1130388,
39.22043581903795,9.157672072828213,otp_no_itinerary,39.2197393,9.1553428,
39.241566918730946,9.154342886007962,otp_no_itinerary,39.2433715,9.1540766,
39.26183796543137,9.117152557186902,otp_no_itinerary,39.2618376,9.1168622,
39.220562872893275,9.157851608145249,otp_no_itinerary,39.2197393,9.1553428,
39.20638286342071,9.15610213289771,otp_no_itinerary,39.2059754,9.1571288,
39.2220693492456,9.16113618228069,otp_no_itinerary,39.2224174,9.1621411,
39.209713596298464,9.149415618090067,otp_no_itinerary,39.2095942,9.1493906,
39.26765712202026,9.084316876572725,otp_no_itinerary,39.2664318,9.0846968,
39.222112797639106,9.160247805558734,otp_no_itinerary,39.2224174,9.1621411,
39.22282452587824,9.160326901977731,otp_no_itinerary,39.2236267,9.1609046,
39.249587953112425,9.10768844829755,otp_no_itinerary,39.2498246,9.1073363,
39.22049542137145,9.158582552903326,otp_no_itinerary,39.2192638,9.1600815,
39.18691416546971,9.142167101728981,otp_no_itinerary,39.1869085,9.1422235,
39.21039829172656,9.17085545720714,otp_no_itinerary,39.210664,9.1704496,
39.2485584,9.1331922,otp_no_itinerary,39.2485186,9.1331507,
39.22171946711833,9.160638424318885,otp_no_itinerary,39.221363,9.1621799,
