from_lon,from_lat,to_lon,to_lat,google_maps_transit_url,travel_time,wait_time
9.095,39.228,9.11,39.22,"https://www.google.com/maps/dir/?api=1&origin=39.228%2C9.095&destination=39.22%2C9.11&travelmode=transit&departure_time=1760522400",24,1.0833333333333333
9.095,39.228,9.1112,39.22,"https://www.google.com/maps/dir/?api=1&origin=39.228%2C9.095&destination=39.22%2C9.1112&travelmode=transit&departure_time=1760522400",37,8.55
9.095,39.228,9.1124,39.22,"https://www.google.com/maps/dir/?api=1&origin=39.228%2C9.095&destination=39.22%2C9.1124&travelmode=transit&departure_time=1760522400",28,8.55
9.095,39.228,9.1136,39.22,"https://www.google.com/maps/dir/?api=1&origin=39.228%2C9.095&destination=39.22%2C9.1136&travelmode=transit&departure_time=1760522400",30,8.55
9.095,39.228,9.114799999999999,39.22,"https://www.google.com/maps/dir/?api=1&origin=39.228%2C9.095&destination=39.22%2C9.114799999999999&travelmode=transit&departure_time=1760522400",34,3.55
9.095,39.228,9.116,39.22,"https://www.google.com/maps/dir/?api=1&origin=39.228%2C9.095&destination=39.22%2C9.116&travelmode=transit&departure_time=1760522400",35,8.55
9.095,39.228,9.117199999999999,39.22,"https://www.google.com/maps/dir/?api=1&origin=39.228%2C9.095&destination=39.22%2C9.117199999999999&travelmode=transit&departure_time=1760522400",35,4.666666666666667
9.095,39.228,9.1184,39.22,"https://www.google.com/maps/dir/?api=1&origin=39.228%2C9.095&destination=39.22%2C9.1184&travelmode=transit&departure_time=1760522400",36,4.666666666666667
9.095,39.228,9.1196,39.22,"https://www.google.com/maps/dir/?api=1&origin=39.228%2C9.095&destination=39.22%2C9.1196&travelmode=transit&departure_time=1760522400",37,4.666666666666667
9.095,39.228,9.1208,39.22,"https://www.google.com/maps/dir/?api=1&origin=39.228%2C9.095&destination=39.22%2C9.1208&travelmode=transit&departure_time=1760522400",36,4.716666666666667
9.096200000000001,39.228,9.11,39.22,"https://www.google.com/maps/dir/?api=1&origin=39.228%2C9.096200000000001&destination=39.22%2C9.11&travelmode=transit&departure_time=1760522400",29,1.15
9.096200000000001,39.228,9.1112,39.22,"https://www.google.com/maps/dir/?api=1&origin=39.228%2C9.096200000000001&destination=39.22%2C9.1112&travelmode=transit&departure_time=1760522400",42,8.583333333333334
9.096200000000001,39.228,9.1124,39.22,"https://www.google.com/maps/dir/?api=1&origin=39.228%2C9.096200000000001&destination=39.22%2C9.1124&travelmode=transit&departure_time=1760522400",33,8.583333333333334
9.096200000000001,39.228,9.1136,39.22,"https://www.google.com/maps/dir/?api=1&origin=39.228%2C9.096200000000001&destination=39.22%2C9.1136&travelmode=transit&departure_time=1760522400",34,8.583333333333334
9.096200000000001,39.228,9.114799999999999,39.22,"https://www.google.com/maps/dir/?api=1&origin=39.228%2C9.096200000000001&destination=39.22%2C9.114799999999999&travelmode=transit&departure_time=1760522400",39,3.5833333333333335
9.096200000000001,39.228,9.116,39.22,"https://www.google.com/maps/dir/?api=1&origin=39.228%2C9.096200000000001&destination=39.22%2C9.116&travelmode=transit&departure_time=1760522400",38,8.583333333333334
9.096200000000001,39.228,9.117199999999999,39.22,"https://www.google.com/maps/dir/?api=1&origin=39.228%2C9.096200000000001&destination=39.22%2C9.117199999999999&travelmode=transit&departure_time=1760522400",36,8.583333333333334
9.096200000000001,39.228,9.1184,39.22,"https://www.google.com/maps/dir/?api=1&origin=39.228%2C9.096200000000001&destination=39.22%2C9.1184&travelmode=transit&departure_time=1760522400",36,8.583333333333334
9.096200000000001,39.228,9.1196,39.22,"https://www.google.com/maps/dir/?api=1&origin=39.228%2C9.096200000000001&destination=39.22%2C9.1196&travelmode=transit&departure_time=1760522400",39,8.583333333333334
9.096200000000001,39.228,9.1208,39.22,"https://www.google.com/maps/dir/?api=1&origin=39.228%2C9.096200000000001&destination=39.22%2C9.1208&travelmode=transit&departure_time=1760522400",41,1.15
9.0974,39.228,9.11,39.22,"https://www.google.com/maps/dir/?api=1&origin=39.228%2C9.0974&destination=39.22%2C9.11&travelmode=transit&departure_time=1760522400",19,1.15
9.0974,39.228,9.1112,39.22,"https://www.google.com/maps/dir/?api=1&origin=39.228%2C9.0974&destination=39.22%2C9.1112&travelmode=transit&departure_time=1760522400",33,3.6
9.0974,39.228,9.1124,39.22,"https://www.google.com/maps/dir/?api=1&origin=39.228%2C9.0974&destination=39.22%2C9.1124&travelmode=transit&departure_time=1760522400",24,1.0666666666666667
9.0974,39.228,9.1136,39.22,"https://www.google.com/maps/dir/?api=1&origin=39.228%2C9.0974&destination=39.22%2C9.1136&travelmode=transit&departure_time=1760522400",25,1.0666666666666667
9.0974,39.228,9.114799999999999,39.22,"https://www.google.com/maps/dir/?api=1&origin=39.228%2C9.0974&destination=39.22%2C9.114799999999999&travelmode=transit&departure_time=1760522400",29,3.6
9.0974,39.228,9.116,39.22,"https://www.google.com/maps/dir/?api=1&origin=39.228%2C9.0974&destination=39.22%2C9.116&travelmode=transit&departure_time=1760522400",29,3.683333333333333
9.0974,39.228,9.117199999999999,39.22,"https://www.google.com/maps/dir/?api=1&origin=39.228%2C9.0974&destination=39.22%2C9.117199999999999&travelmode=transit&departure_time=1760522400",28,4.733333333333333
9.0974,39.228,9.1184,39.22,"https://www.google.com/maps/dir/?api=1&origin=39.228%2C9.0974&destination=39.22%2C9.1184&travelmode=transit&departure_time=1760522400",28,4.733333333333333
9.0974,39.228,9.1196,39.22,"https://www.google.com/maps/dir/?api=1&origin=39.228%2C9.0974&destination=39.22%2C9.1196&travelmode=transit&departure_time=1760522400",30,4.733333333333333
9.0974,39.228,9.1208,39.22,"https://www.google.com/maps/dir/?api=1&origin=39.228%2C9.0974&destination=39.22%2C9.1208&travelmode=transit&departure_time=1760522400",29,4.783333333333333
9.098600000000001,39.228,9.11,39.22,"https://www.google.com/maps/dir/?api=1&origin=39.228%2C9.098600000000001&destination=39.22%2C9.11&travelmode=transit&departure_time=1760522400",18,1.0333333333333334
9.098600000000001,39.228,9.1112,39.22,"https://www.google.com/maps/dir/?api=1&origin=39.228%2C9.098600000000001&destination=39.22%2C9.1112&travelmode=transit&departure_time=1760522400",31,4.016666666666667
9.098600000000001,39.228,9.1124,39.22,"https://www.google.com/maps/dir/?api=1&origin=39.228%2C9.098600000000001&destination=39.22%2C9.1124&travelmode=transit&departure_time=1760522400",22,1.2333333333333334
9.098600000000001,39.228,9.1136,39.22,"https://www.google.com/maps/dir/?api=1&origin=39.228%2C9.098600000000001&destination=39.22%2C9.1136&travelmode=transit&departure_time=1760522400",23,1.2333333333333334
9.098600000000001,39.228,9.114799999999999,39.22,"https://www.google.com/maps/dir/?api=1&origin=39.228%2C9.098600000000001&destination=39.22%2C9.114799999999999&travelmode=transit&departure_time=1760522400",28,4.016666666666667
9.098600000000001,39.228,9.116,39.22,"https://www.google.com/maps/dir/?api=1&origin=39.228%2C9.098600000000001&destination=39.22%2C9.116&travelmode=transit&departure_time=1760522400",27,3.566666666666667
9.098600000000001,39.228,9.117199999999999,39.22,"https://www.google.com/maps/dir/?api=1&origin=39.228%2C9.098600000000001&destination=39.22%2C9.117199999999999&travelmode=transit&departure_time=1760522400",26,4.616666666666666
9.098600000000001,39.228,9.1184,39.22,"https://www.google.com/maps/dir/?api=1&origin=39.228%2C9.098600000000001&destination=39.22%2C9.1184&travelmode=transit&departure_time=1760522400",26,4.616666666666666
9.098600000000001,39.228,9.1196,39.22,"https://www.google.com/maps/dir/?api=1&origin=39.228%2C9.098600000000001&destination=39.22%2C9.1196&travelmode=transit&departure_time=1760522400",28,4.616666666666666
9.098600000000001,39.228,9.1208,39.22,"https://www.google.com/maps/dir/?api=1&origin=39.228%2C9.098600000000001&destination=39.22%2C9.1208&travelmode=transit&departure_time=1760522400",28,4.666666666666667
9.0998,39.228,9.11,39.22,"https://www.google.com/maps/dir/?api=1&origin=39.228%2C9.0998&destination=39.22%2C9.11&travelmode=transit&departure_time=1760522400",16,1.1166666666666667
9.0998,39.228,9.1112,39.22,"https://www.google.com/maps/dir/?api=1&origin=39.228%2C9.0998&destination=39.22%2C9.1112&travelmode=transit&departure_time=1760522400",29,6.183333333333334
9.0998,39.228,9.1124,39.22,"https://www.google.com/maps/dir/?api=1&origin=39.228%2C9.0998&destination=39.22%2C9.1124&travelmode=transit&departure_time=1760522400",21,1.0833333333333333
9.0998,39.228,9.1136,39.22,"https://www.google.com/maps/dir/?api=1&origin=39.228%2C9.0998&destination=39.22%2C9.1136&travelmode=transit&departure_time=1760522400",22,1.0833333333333333
9.0998,39.228,9.114799999999999,39.22,"https://www.google.com/maps/dir/?api=1&origin=39.228%2C9.0998&destination=39.22%2C9.114799999999999&travelmode=transit&departure_time=1760522400",26,1.0833333333333333
9.0998,39.228,9.116,39.22,"https://www.google.com/maps/dir/?api=1&origin=39.228%2C9.0998&destination=39.22%2C9.116&travelmode=transit&departure_time=1760522400",25,3.65
9.0998,39.228,9.117199999999999,39.22,"https://www.google.com/maps/dir/?api=1&origin=39.228%2C9.0998&destination=39.22%2C9.117199999999999&travelmode=transit&departure_time=1760522400",24,4.7
9.0998,39.228,9.1184,39.22,"https://www.google.com/maps/dir/?api=1&origin=39.228%2C9.0998&destination=39.22%2C9.1184&travelmode=transit&departure_time=1760522400",24,4.7
9.0998,39.228,9.1196,39.22,"https://www.google.com/maps/dir/?api=1&origin=39.228%2C9.0998&destination=39.22%2C9.1196&travelmode=transit&departure_time=1760522400",26,4.7
9.0998,39.228,9.1208,39.22,"https://www.google.com/maps/dir/?api=1&origin=39.228%2C9.0998&destination=39.22%2C9.1208&travelmode=transit&departure_time=1760522400",26,4.75
9.101,39.228,9.11,39.22,"https://www.google.com/maps/dir/?api=1&origin=39.228%2C9.101&destination=39.22%2C9.11&travelmode=transit&departure_time=1760522400",22,1.05
9.101,39.228,9.1112,39.22,"https://www.google.com/maps/dir/?api=1&origin=39.228%2C9.101&destination=39.22%2C9.1112&travelmode=transit&departure_time=1760522400",37,3.5833333333333335
9.101,39.228,9.1124,39.22,"https://www.google.com/maps/dir/?api=1&origin=39.228%2C9.101&destination=39.22%2C9.1124&travelmode=transit&departure_time=1760522400",28,3.5833333333333335
9.101,39.228,9.1136,39.22,"https://www.google.com/maps/dir/?api=1&origin=39.228%2C9.101&destination=39.22%2C9.1136&travelmode=transit&departure_time=1760522400",29,3.5833333333333335
9.101,39.228,9.114799999999999,39.22,"https://www.google.com/maps/dir/?api=1&origin=39.228%2C9.101&destination=39.22%2C9.114799999999999&travelmode=transit&departure_time=1760522400",32,1.9166666666666667
9.101,39.228,9.116,39.22,"https://www.google.com/maps/dir/?api=1&origin=39.228%2C9.101&destination=39.22%2C9.116&travelmode=transit&departure_time=1760522400",30,1.9166666666666667
9.101,39.228,9.117199999999999,39.22,"https://www.google.com/maps/dir/?api=1&origin=39.228%2C9.101&destination=39.22%2C9.117199999999999&travelmode=transit&departure_time=1760522400",28,1.15
9.101,39.228,9.1184,39.22,"https://www.google.com/maps/dir/?api=1&origin=39.228%2C9.101&destination=39.22%2C9.1184&travelmode=transit&departure_time=1760522400",28,1.15
9.101,39.228,9.1196,39.22,"https://www.google.com/maps/dir/?api=1&origin=39.228%2C9.101&destination=39.22%2C9.1196&travelmode=transit&departure_time=1760522400",31,1.15
9.101,39.228,9.1208,39.22,"https://www.google.com/maps/dir/?api=1&origin=39.228%2C9.101&destination=39.22%2C9.1208&travelmode=transit&departure_time=1760522400",32,3.0166666666666666
9.1022,39.228,9.11,39.22,"https://www.google.com/maps/dir/?api=1&origin=39.228%2C9.1022&destination=39.22%2C9.11&travelmode=transit&departure_time=1760522400",21,1.0666666666666667
9.1022,39.228,9.1112,39.22,"https://www.google.com/maps/dir/?api=1&origin=39.228%2C9.1022&destination=39.22%2C9.1112&travelmode=transit&departure_time=1760522400",35,3.6
9.1022,39.228,9.1124,39.22,"https://www.google.com/maps/dir/?api=1&origin=39.228%2C9.1022&destination=39.22%2C9.1124&travelmode=transit&departure_time=1760522400",26,1.0666666666666667
9.1022,39.228,9.1136,39.22,"https://www.google.com/maps/dir/?api=1&origin=39.228%2C9.1022&destination=39.22%2C9.1136&travelmode=transit&departure_time=1760522400",27,1.0666666666666667
9.1022,39.228,9.114799999999999,39.22,"https://www.google.com/maps/dir/?api=1&origin=39.228%2C9.1022&destination=39.22%2C9.114799999999999&travelmode=transit&departure_time=1760522400",30,1.8833333333333333
9.1022,39.228,9.116,39.22,"https://www.google.com/maps/dir/?api=1&origin=39.228%2C9.1022&destination=39.22%2C9.116&travelmode=transit&departure_time=1760522400",29,1.8833333333333333
9.1022,39.228,9.117199999999999,39.22,"https://www.google.com/maps/dir/?api=1&origin=39.228%2C9.1022&destination=39.22%2C9.117199999999999&travelmode=transit&departure_time=1760522400",27,1.1166666666666667
9.1022,39.228,9.1184,39.22,"https://www.google.com/maps/dir/?api=1&origin=39.228%2C9.1022&destination=39.22%2C9.1184&travelmode=transit&departure_time=1760522400",27,1.1166666666666667
9.1022,39.228,9.1196,39.22,"https://www.google.com/maps/dir/?api=1&origin=39.228%2C9.1022&destination=39.22%2C9.1196&travelmode=transit&departure_time=1760522400",30,1.1166666666666667
9.1022,39.228,9.1208,39.22,"https://www.google.com/maps/dir/?api=1&origin=39.228%2C9.1022&destination=39.22%2C9.1208&travelmode=transit&departure_time=1760522400",30,2.9833333333333334
9.1034,39.228,9.11,39.22,"https://www.google.com/maps/dir/?api=1&origin=39.228%2C9.1034&destination=39.22%2C9.11&travelmode=transit&departure_time=1760522400",27,1.0333333333333334
9.1034,39.228,9.1112,39.22,"https://www.google.com/maps/dir/?api=1&origin=39.228%2C9.1034&destination=39.22%2C9.1112&travelmode=transit&departure_time=1760522400",40,3.65
9.1034,39.228,9.1124,39.22,"https://www.google.com/maps/dir/?api=1&origin=39.228%2C9.1034&destination=39.22%2C9.1124&travelmode=transit&departure_time=1760522400",31,1.0333333333333334
9.1034,39.228,9.1136,39.22,"https://www.google.com/maps/dir/?api=1&origin=39.228%2C9.1034&destination=39.22%2C9.1136&travelmode=transit&departure_time=1760522400",32,3.65
9.1034,39.228,9.114799999999999,39.22,"https://www.google.com/maps/dir/?api=1&origin=39.228%2C9.1034&destination=39.22%2C9.114799999999999&travelmode=transit&departure_time=1760522400",37,1.9
9.1034,39.228,9.116,39.22,"https://www.google.com/maps/dir/?api=1&origin=39.228%2C9.1034&destination=39.22%2C9.116&travelmode=transit&departure_time=1760522400",37,1.9
9.1034,39.228,9.117199999999999,39.22,"https://www.google.com/maps/dir/?api=1&origin=39.228%2C9.1034&destination=39.22%2C9.117199999999999&travelmode=transit&departure_time=1760522400",36,1.1333333333333333
9.1034,39.228,9.1184,39.22,"https://www.google.com/maps/dir/?api=1&origin=39.228%2C9.1034&destination=39.22%2C9.1184&travelmode=transit&departure_time=1760522400",37,1.1333333333333333
9.1034,39.228,9.1196,39.22,"https://www.google.com/maps/dir/?api=1&origin=39.228%2C9.1034&destination=39.22%2C9.1196&travelmode=transit&departure_time=1760522400",39,1.1333333333333333
9.1034,39.228,9.1208,39.22,"https://www.google.com/maps/dir/?api=1&origin=39.228%2C9.1034&destination=39.22%2C9.1208&travelmode=transit&departure_time=1760522400",39,3.0
9.104600000000001,39.228,9.11,39.22,"https://www.google.com/maps/dir/?api=1&origin=39.228%2C9.104600000000001&destination=39.22%2C9.11&travelmode=transit&departure_time=1760522400",27,1.0833333333333333
9.104600000000001,39.228,9.1112,39.22,"https://www.google.com/maps/dir/?api=1&origin=39.228%2C9.104600000000001&destination=39.22%2C9.1112&travelmode=transit&departure_time=1760522400",40,3.6333333333333333
9.104600000000001,39.228,9.1124,39.22,"https://www.google.com/maps/dir/?api=1&origin=39.228%2C9.104600000000001&destination=39.22%2C9.1124&travelmode=transit&departure_time=1760522400",31,1.0833333333333333
9.104600000000001,39.228,9.1136,39.22,"https://www.google.com/maps/dir/?api=1&origin=39.228%2C9.104600000000001&destination=39.22%2C9.1136&travelmode=transit&departure_time=1760522400",32,3.6333333333333333
9.104600000000001,39.228,9.114799999999999,39.22,"https://www.google.com/maps/dir/?api=1&origin=39.228%2C9.104600000000001&destination=39.22%2C9.114799999999999&travelmode=transit&departure_time=1760522400",37,1.7833333333333334
9.104600000000001,39.228,9.116,39.22,"https://www.google.com/maps/dir/?api=1&origin=39.228%2C9.104600000000001&destination=39.22%2C9.116&travelmode=transit&departure_time=1760522400",37,1.7833333333333334
9.104600000000001,39.228,9.117199999999999,39.22,"https://www.google.com/maps/dir/?api=1&origin=39.228%2C9.104600000000001&destination=39.22%2C9.117199999999999&travelmode=transit&departure_time=1760522400",36,1.0166666666666666
9.104600000000001,39.228,9.1184,39.22,"https://www.google.com/maps/dir/?api=1&origin=39.228%2C9.104600000000001&destination=39.22%2C9.1184&travelmode=transit&departure_time=1760522400",37,1.0166666666666666
9.104600000000001,39.228,9.1196,39.22,"https://www.google.com/maps/dir/?api=1&origin=39.228%2C9.104600000000001&destination=39.22%2C9.1196&travelmode=transit&departure_time=1760522400",39,1.0166666666666666
9.104600000000001,39.228,9.1208,39.22,"https://www.google.com/maps/dir/?api=1&origin=39.228%2C9.104600000000001&destination=39.22%2C9.1208&travelmode=transit&departure_time=1760522400",39,2.8833333333333333
9.1058,39.228,9.11,39.22,"https://www.google.com/maps/dir/?api=1&origin=39.228%2C9.1058&destination=39.22%2C9.11&travelmode=transit&departure_time=1760522400",17,1.15
9.1058,39.228,9.1112,39.22,"https://www.google.com/maps/dir/?api=1&origin=39.228%2C9.1058&destination=39.22%2C9.1112&travelmode=transit&departure_time=1760522400",25,1.0666666666666667
9.1058,39.228,9.1124,39.22,"https://www.google.com/maps/dir/?api=1&origin=39.228%2C9.1058&destination=39.22%2C9.1124&travelmode=transit&departure_time=1760522400",22,1.0666666666666667
9.1058,39.228,9.1136,39.22,"https://www.google.com/maps/dir/?api=1&origin=39.228%2C9.1058&destination=39.22%2C9.1136&travelmode=transit&departure_time=1760522400",22,1.0666666666666667
9.1058,39.228,9.114799999999999,39.22,"https://www.google.com/maps/dir/?api=1&origin=39.228%2C9.1058&destination=39.22%2C9.114799999999999&travelmode=transit&departure_time=1760522400",27,4.333333333333333
9.1058,39.228,9.116,39.22,"https://www.google.com/maps/dir/?api=1&origin=39.228%2C9.1058&destination=39.22%2C9.116&travelmode=transit&departure_time=1760522400",25,4.333333333333333
9.1058,39.228,9.117199999999999,39.22,"https://www.google.com/maps/dir/?api=1&origin=39.228%2C9.1058&destination=39.22%2C9.117199999999999&travelmode=transit&departure_time=1760522400",24,4.333333333333333
9.1058,39.228,9.1184,39.22,"https://www.google.com/maps/dir/?api=1&origin=39.228%2C9.1058&destination=39.22%2C9.1184&travelmode=transit&departure_time=1760522400",24,4.333333333333333
9.1058,39.228,9.1196,39.22,"https://www.google.com/maps/dir/?api=1&origin=39.228%2C9.1058&destination=39.22%2C9.1196&travelmode=transit&departure_time=1760522400",27,4.333333333333333
9.1058,39.228,9.1208,39.22,"https://www.google.com/maps/dir/?api=1&origin=39.228%2C9.1058&destination=39.22%2C9.1208&travelmode=transit&departure_time=1760522400",29,4.333333333333333
9.095,39.229,9.11,39.22,"https://www.google.com/maps/dir/?api=1&origin=39.229%2C9.095&destination=39.22%2C9.11&travelmode=transit&departure_time=1760522400",25,1.0333333333333334
9.095,39.229,9.1112,39.22,"https://www.google.com/maps/dir/?api=1&origin=39.229%2C9.095&destination=39.22%2C9.1112&travelmode=transit&departure_time=1760522400",37,8.5
9.095,39.229,9.1124,39.22,"https://www.google.com/maps/dir/?api=1&origin=39.229%2C9.095&destination=39.22%2C9.1124&travelmode=transit&departure_time=1760522400",29,8.5
9.095,39.229,9.1136,39.22,"https://www.google.com/maps/dir/?api=1&origin=39.229%2C9.095&destination=39.22%2C9.1136&travelmode=transit&departure_time=1760522400",30,8.5
9.095,39.229,9.114799999999999,39.22,"https://www.google.com/maps/dir/?api=1&origin=39.229%2C9.095&destination=39.22%2C9.114799999999999&travelmode=transit&departure_time=1760522400",35,3.5
9.095,39.229,9.116,39.22,"https://www.google.com/maps/dir/?api=1&origin=39.229%2C9.095&destination=39.22%2C9.116&travelmode=transit&departure_time=1760522400",36,8.5
9.095,39.229,9.117199999999999,39.22,"https://www.google.com/maps/dir/?api=1&origin=39.229%2C9.095&destination=39.22%2C9.117199999999999&travelmode=transit&departure_time=1760522400",35,8.5
9.095,39.229,9.1184,39.22,"https://www.google.com/maps/dir/?api=1&origin=39.229%2C9.095&destination=39.22%2C9.1184&travelmode=transit&departure_time=1760522400",35,8.5
9.095,39.229,9.1196,39.22,"https://www.google.com/maps/dir/?api=1&origin=39.229%2C9.095&destination=39.22%2C9.1196&travelmode=transit&departure_time=1760522400",38,8.5
9.095,39.229,9.1208,39.22,"https://www.google.com/maps/dir/?api=1&origin=39.229%2C9.095&destination=39.22%2C9.1208&travelmode=transit&departure_time=1760522400",37,1.0333333333333334
9.096200000000001,39.229,9.11,39.22,"https://www.google.com/maps/dir/?api=1&origin=39.229%2C9.096200000000001&destination=39.22%2C9.11&travelmode=transit&departure_time=1760522400",19,1.0833333333333333
9.096200000000001,39.229,9.1112,39.22,"https://www.google.com/maps/dir/?api=1&origin=39.229%2C9.096200000000001&destination=39.22%2C9.1112&travelmode=transit&departure_time=1760522400",31,3.3333333333333335
9.096200000000001,39.229,9.1124,39.22,"https://www.google.com/maps/dir/?api=1&origin=39.229%2C9.096200000000001&destination=39.22%2C9.1124&travelmode=transit&departure_time=1760522400",23,3.3333333333333335
9.096200000000001,39.229,9.1136,39.22,"https://www.google.com/maps/dir/?api=1&origin=39.229%2C9.096200000000001&destination=39.22%2C9.1136&travelmode=transit&departure_time=1760522400",25,3.3333333333333335
9.096200000000001,39.229,9.114799999999999,39.22,"https://www.google.com/maps/dir/?api=1&origin=39.229%2C9.096200000000001&destination=39.22%2C9.114799999999999&travelmode=transit&departure_time=1760522400",29,3.6333333333333333
9.096200000000001,39.229,9.116,39.22,"https://www.google.com/maps/dir/?api=1&origin=39.229%2C9.096200000000001&destination=39.22%2C9.116&travelmode=transit&departure_time=1760522400",28,3.6333333333333333
9.096200000000001,39.229,9.117199999999999,39.22,"https://www.google.com/maps/dir/?api=1&origin=39.229%2C9.096200000000001&destination=39.22%2C9.117199999999999&travelmode=transit&departure_time=1760522400",27,4.666666666666667
9.096200000000001,39.229,9.1184,39.22,"https://www.google.com/maps/dir/?api=1&origin=39.229%2C9.096200000000001&destination=39.22%2C9.1184&travelmode=transit&departure_time=1760522400",27,4.666666666666667
9.096200000000001,39.229,9.1196,39.22,"https://www.google.com/maps/dir/?api=1&origin=39.229%2C9.096200000000001&destination=39.22%2C9.1196&travelmode=transit&departure_time=1760522400",30,4.666666666666667
9.096200000000001,39.229,9.1208,39.22,"https://www.google.com/maps/dir/?api=1&origin=39.229%2C9.096200000000001&destination=39.22%2C9.1208&travelmode=transit&departure_time=1760522400",29,2.8
9.0974,39.229,9.11,39.22,"https://www.google.com/maps/dir/?api=1&origin=39.229%2C9.0974&destination=39.22%2C9.11&travelmode=transit&departure_time=1760522400",18,1.0333333333333334
9.0974,39.229,9.1112,39.22,"https://www.google.com/maps/dir/?api=1&origin=39.229%2C9.0974&destination=39.22%2C9.1112&travelmode=transit&departure_time=1760522400",31,3.4
9.0974,39.229,9.1124,39.22,"https://www.google.com/maps/dir/?api=1&origin=39.229%2C9.0974&destination=39.22%2C9.1124&travelmode=transit&departure_time=1760522400",23,1.0333333333333334
9.0974,39.229,9.1136,39.22,"https://www.google.com/maps/dir/?api=1&origin=39.229%2C9.0974&destination=39.22%2C9.1136&travelmode=transit&departure_time=1760522400",24,3.4
9.0974,39.229,9.114799999999999,39.22,"https://www.google.com/maps/dir/?api=1&origin=39.229%2C9.0974&destination=39.22%2C9.114799999999999&travelmode=transit&departure_time=1760522400",28,3.566666666666667
9.0974,39.229,9.116,39.22,"https://www.google.com/maps/dir/?api=1&origin=39.229%2C9.0974&destination=39.22%2C9.116&travelmode=transit&departure_time=1760522400",28,3.566666666666667
9.0974,39.229,9.117199999999999,39.22,"https://www.google.com/maps/dir/?api=1&origin=39.229%2C9.0974&destination=39.22%2C9.117199999999999&travelmode=transit&departure_time=1760522400",27,4.616666666666666
9.0974,39.229,9.1184,39.22,"https://www.google.com/maps/dir/?api=1&origin=39.229%2C9.0974&destination=39.22%2C9.1184&travelmode=transit&departure_time=1760522400",27,4.616666666666666
9.0974,39.229,9.1196,39.22,"https://www.google.com/maps/dir/?api=1&origin=39.229%2C9.0974&destination=39.22%2C9.1196&travelmode=transit&departure_time=1760522400",29,4.616666666666666
9.0974,39.229,9.1208,39.22,"https://www.google.com/maps/dir/?api=1&origin=39.229%2C9.0974&destination=39.22%2C9.1208&travelmode=transit&departure_time=1760522400",28,2.966666666666667
9.098600000000001,39.229,9.11,39.22,"https://www.google.com/maps/dir/?api=1&origin=39.229%2C9.098600000000001&destination=39.22%2C9.11&travelmode=transit&departure_time=1760522400",17,1.0833333333333333
9.098600000000001,39.229,9.1112,39.22,"https://www.google.com/maps/dir/?api=1&origin=39.229%2C9.098600000000001&destination=39.22%2C9.1112&travelmode=transit&departure_time=1760522400",30,3.3833333333333333
9.098600000000001,39.229,9.1124,39.22,"https://www.google.com/maps/dir/?api=1&origin=39.229%2C9.098600000000001&destination=39.22%2C9.1124&travelmode=transit&departure_time=1760522400",21,1.0833333333333333
9.098600000000001,39.229,9.1136,39.22,"https://www.google.com/maps/dir/?api=1&origin=39.229%2C9.098600000000001&destination=39.22%2C9.1136&travelmode=transit&departure_time=1760522400",23,3.3833333333333333
9.098600000000001,39.229,9.114799999999999,39.22,"https://www.google.com/maps/dir/?api=1&origin=39.229%2C9.098600000000001&destination=39.22%2C9.114799999999999&travelmode=transit&departure_time=1760522400",27,4.816666666666666
9.098600000000001,39.229,9.116,39.22,"https://www.google.com/maps/dir/?api=1&origin=39.229%2C9.098600000000001&destination=39.22%2C9.116&travelmode=transit&departure_time=1760522400",26,3.3666666666666667
9.098600000000001,39.229,9.117199999999999,39.22,"https://www.google.com/maps/dir/?api=1&origin=39.229%2C9.098600000000001&destination=39.22%2C9.117199999999999&travelmode=transit&departure_time=1760522400",25,4.666666666666667
9.098600000000001,39.229,9.1184,39.22,"https://www.google.com/maps/dir/?api=1&origin=39.229%2C9.098600000000001&destination=39.22%2C9.1184&travelmode=transit&departure_time=1760522400",25,4.666666666666667
9.098600000000001,39.229,9.1196,39.22,"https://www.google.com/maps/dir/?api=1&origin=39.229%2C9.098600000000001&destination=39.22%2C9.1196&travelmode=transit&departure_time=1760522400",27,4.666666666666667
9.098600000000001,39.229,9.1208,39.22,"https://www.google.com/maps/dir/?api=1&origin=39.229%2C9.098600000000001&destination=39.22%2C9.1208&travelmode=transit&departure_time=1760522400",27,4.466666666666667
9.0998,39.229,9.11,39.22,"https://www.google.com/maps/dir/?api=1&origin=39.229%2C9.0998&destination=39.22%2C9.11&travelmode=transit&departure_time=1760522400",26,1.0666666666666667
9.0998,39.229,9.1112,39.22,"https://www.google.com/maps/dir/?api=1&origin=39.229%2C9.0998&destination=39.22%2C9.1112&travelmode=transit&departure_time=1760522400",39,3.683333333333333
9.0998,39.229,9.1124,39.22,"https://www.google.com/maps/dir/?api=1&origin=39.229%2C9.0998&destination=39.22%2C9.1124&travelmode=transit&departure_time=1760522400",30,1.0666666666666667
9.0998,39.229,9.1136,39.22,"https://www.google.com/maps/dir/?api=1&origin=39.229%2C9.0998&destination=39.22%2C9.1136&travelmode=transit&departure_time=1760522400",31,3.683333333333333
9.0998,39.229,9.114799999999999,39.22,"https://www.google.com/maps/dir/?api=1&origin=39.229%2C9.0998&destination=39.22%2C9.114799999999999&travelmode=transit&departure_time=1760522400",35,1.9333333333333333
9.0998,39.229,9.116,39.22,"https://www.google.com/maps/dir/?api=1&origin=39.229%2C9.0998&destination=39.22%2C9.116&travelmode=transit&departure_time=1760522400",36,1.9333333333333333
9.0998,39.229,9.117199999999999,39.22,"https://www.google.com/maps/dir/?api=1&origin=39.229%2C9.0998&destination=39.22%2C9.117199999999999&travelmode=transit&departure_time=1760522400",35,1.1666666666666667
9.0998,39.229,9.1184,39.22,"https://www.google.com/maps/dir/?api=1&origin=39.229%2C9.0998&destination=39.22%2C9.1184&travelmode=transit&departure_time=1760522400",36,1.1666666666666667
9.0998,39.229,9.1196,39.22,"https://www.google.com/maps/dir/?api=1&origin=39.229%2C9.0998&destination=39.22%2C9.1196&travelmode=transit&departure_time=1760522400",38,1.1666666666666667
9.0998,39.229,9.1208,39.22,"https://www.google.com/maps/dir/?api=1&origin=39.229%2C9.0998&destination=39.22%2C9.1208&travelmode=transit&departure_time=1760522400",37,3.033333333333333
9.101,39.229,9.11,39.22,"https://www.google.com/maps/dir/?api=1&origin=39.229%2C9.101&destination=39.22%2C9.11&travelmode=transit&departure_time=1760522400",24,1.2
9.101,39.229,9.1112,39.22,"https://www.google.com/maps/dir/?api=1&origin=39.229%2C9.101&destination=39.22%2C9.1112&travelmode=transit&departure_time=1760522400",38,3.7333333333333334
9.101,39.229,9.1124,39.22,"https://www.google.com/maps/dir/?api=1&origin=39.229%2C9.101&destination=39.22%2C9.1124&travelmode=transit&departure_time=1760522400",29,2.3333333333333335
9.101,39.229,9.1136,39.22,"https://www.google.com/maps/dir/?api=1&origin=39.229%2C9.101&destination=39.22%2C9.1136&travelmode=transit&departure_time=1760522400",30,3.7333333333333334
9.101,39.229,9.114799999999999,39.22,"https://www.google.com/maps/dir/?api=1&origin=39.229%2C9.101&destination=39.22%2C9.114799999999999&travelmode=transit&departure_time=1760522400",34,1.85
9.101,39.229,9.116,39.22,"https://www.google.com/maps/dir/?api=1&origin=39.229%2C9.101&destination=39.22%2C9.116&travelmode=transit&departure_time=1760522400",32,1.85
9.101,39.229,9.117199999999999,39.22,"https://www.google.com/maps/dir/?api=1&origin=39.229%2C9.101&destination=39.22%2C9.117199999999999&travelmode=transit&departure_time=1760522400",33,1.0833333333333333
9.101,39.229,9.1184,39.22,"https://www.google.com/maps/dir/?api=1&origin=39.229%2C9.101&destination=39.22%2C9.1184&travelmode=transit&departure_time=1760522400",34,1.0833333333333333
9.101,39.229,9.1196,39.22,"https://www.google.com/maps/dir/?api=1&origin=39.229%2C9.101&destination=39.22%2C9.1196&travelmode=transit&departure_time=1760522400",34,1.0833333333333333
9.101,39.229,9.1208,39.22,"https://www.google.com/maps/dir/?api=1&origin=39.229%2C9.101&destination=39.22%2C9.1208&travelmode=transit&departure_time=1760522400",34,2.95
9.1022,39.229,9.11,39.22,"https://www.google.com/maps/dir/?api=1&origin=39.229%2C9.1022&destination=39.22%2C9.11&travelmode=transit&departure_time=1760522400",25,1.1166666666666667
9.1022,39.229,9.1112,39.22,"https://www.google.com/maps/dir/?api=1&origin=39.229%2C9.1022&destination=39.22%2C9.1112&travelmode=transit&departure_time=1760522400",38,3.65
9.1022,39.229,9.1124,39.22,"https://www.google.com/maps/dir/?api=1&origin=39.229%2C9.1022&destination=39.22%2C9.1124&travelmode=transit&departure_time=1760522400",29,1.95
9.1022,39.229,9.1136,39.22,"https://www.google.com/maps/dir/?api=1&origin=39.229%2C9.1022&destination=39.22%2C9.1136&travelmode=transit&departure_time=1760522400",30,3.65
9.1022,39.229,9.114799999999999,39.22,"https://www.google.com/maps/dir/?api=1&origin=39.229%2C9.1022&destination=39.22%2C9.114799999999999&travelmode=transit&departure_time=1760522400",34,1.8
9.1022,39.229,9.116,39.22,"https://www.google.com/maps/dir/?api=1&origin=39.229%2C9.1022&destination=39.22%2C9.116&travelmode=transit&departure_time=1760522400",35,1.8
9.1022,39.229,9.117199999999999,39.22,"https://www.google.com/maps/dir/?api=1&origin=39.229%2C9.1022&destination=39.22%2C9.117199999999999&travelmode=transit&departure_time=1760522400",34,1.0333333333333334
9.1022,39.229,9.1184,39.22,"https://www.google.com/maps/dir/?api=1&origin=39.229%2C9.1022&destination=39.22%2C9.1184&travelmode=transit&departure_time=1760522400",35,1.0333333333333334
9.1022,39.229,9.1196,39.22,"https://www.google.com/maps/dir/?api=1&origin=39.229%2C9.1022&destination=39.22%2C9.1196&travelmode=transit&departure_time=1760522400",37,1.0333333333333334
9.1022,39.229,9.1208,39.22,"https://www.google.com/maps/dir/?api=1&origin=39.229%2C9.1022&destination=39.22%2C9.1208&travelmode=transit&departure_time=1760522400",36,2.9
9.1034,39.229,9.11,39.22,"https://www.google.com/maps/dir/?api=1&origin=39.229%2C9.1034&destination=39.22%2C9.11&travelmode=transit&departure_time=1760522400",29,1.0333333333333334
9.1034,39.229,9.1112,39.22,"https://www.google.com/maps/dir/?api=1&origin=39.229%2C9.1034&destination=39.22%2C9.1112&travelmode=transit&departure_time=1760522400",42,3.683333333333333
9.1034,39.229,9.1124,39.22,"https://www.google.com/maps/dir/?api=1&origin=39.229%2C9.1034&destination=39.22%2C9.1124&travelmode=transit&departure_time=1760522400",34,1.0333333333333334
9.1034,39.229,9.1136,39.22,"https://www.google.com/maps/dir/?api=1&origin=39.229%2C9.1034&destination=39.22%2C9.1136&travelmode=transit&departure_time=1760522400",36,1.0333333333333334
9.1034,39.229,9.114799999999999,39.22,"https://www.google.com/maps/dir/?api=1&origin=39.229%2C9.1034&destination=39.22%2C9.114799999999999&travelmode=transit&departure_time=1760522400",40,1.0333333333333334
9.1034,39.229,9.116,39.22,"https://www.google.com/maps/dir/?api=1&origin=39.229%2C9.1034&destination=39.22%2C9.116&travelmode=transit&departure_time=1760522400",39,1.95
9.1034,39.229,9.117199999999999,39.22,"https://www.google.com/maps/dir/?api=1&origin=39.229%2C9.1034&destination=39.22%2C9.117199999999999&travelmode=transit&departure_time=1760522400",38,2.183333333333333
9.1034,39.229,9.1184,39.22,"https://www.google.com/maps/dir/?api=1&origin=39.229%2C9.1034&destination=39.22%2C9.1184&travelmode=transit&departure_time=1760522400",38,2.183333333333333
9.1034,39.229,9.1196,39.22,"https://www.google.com/maps/dir/?api=1&origin=39.229%2C9.1034&destination=39.22%2C9.1196&travelmode=transit&departure_time=1760522400",41,2.183333333333333
9.1034,39.229,9.1208,39.22,"https://www.google.com/maps/dir/?api=1&origin=39.229%2C9.1034&destination=39.22%2C9.1208&travelmode=transit&departure_time=1760522400",41,2.183333333333333
9.104600000000001,39.229,9.11,39.22,"https://www.google.com/maps/dir/?api=1&origin=39.229%2C9.104600000000001&destination=39.22%2C9.11&travelmode=transit&departure_time=1760522400",29,1.0333333333333334
9.104600000000001,39.229,9.1112,39.22,"https://www.google.com/maps/dir/?api=1&origin=39.229%2C9.104600000000001&destination=39.22%2C9.1112&travelmode=transit&departure_time=1760522400",42,3.683333333333333
9.104600000000001,39.229,9.1124,39.22,"https://www.google.com/maps/dir/?api=1&origin=39.229%2C9.104600000000001&destination=39.22%2C9.1124&travelmode=transit&departure_time=1760522400",34,1.0333333333333334
9.104600000000001,39.229,9.1136,39.22,"https://www.google.com/maps/dir/?api=1&origin=39.229%2C9.104600000000001&destination=39.22%2C9.1136&travelmode=transit&departure_time=1760522400",36,1.0333333333333334
9.104600000000001,39.229,9.114799999999999,39.22,"https://www.google.com/maps/dir/?api=1&origin=39.229%2C9.104600000000001&destination=39.22%2C9.114799999999999&travelmode=transit&departure_time=1760522400",40,1.0333333333333334
9.104600000000001,39.229,9.116,39.22,"https://www.google.com/maps/dir/?api=1&origin=39.229%2C9.104600000000001&destination=39.22%2C9.116&travelmode=transit&departure_time=1760522400",39,1.95
9.104600000000001,39.229,9.117199999999999,39.22,"https://www.google.com/maps/dir/?api=1&origin=39.229%2C9.104600000000001&destination=39.22%2C9.117199999999999&travelmode=transit&departure_time=1760522400",38,2.183333333333333
9.104600000000001,39.229,9.1184,39.22,"https://www.google.com/maps/dir/?api=1&origin=39.229%2C9.104600000000001&destination=39.22%2C9.1184&travelmode=transit&departure_time=1760522400",38,2.183333333333333
9.104600000000001,39.229,9.1196,39.22,"https://www.google.com/maps/dir/?api=1&origin=39.229%2C9.104600000000001&destination=39.22%2C9.1196&travelmode=transit&departure_time=1760522400",41,2.183333333333333
9.104600000000001,39.229,9.1208,39.22,"https://www.google.com/maps/dir/?api=1&origin=39.229%2C9.104600000000001&destination=39.22%2C9.1208&travelmode=transit&departure_time=1760522400",41,2.183333333333333
9.1058,39.229,9.11,39.22,"https://www.google.com/maps/dir/?api=1&origin=39.229%2C9.1058&destination=39.22%2C9.11&travelmode=transit&departure_time=1760522400",19,1.05
9.1058,39.229,9.1112,39.22,"https://www.google.com/maps/dir/?api=1&origin=39.229%2C9.1058&destination=39.22%2C9.1112&travelmode=transit&departure_time=1760522400",27,1.05
9.1058,39.229,9.1124,39.22,"https://www.google.com/maps/dir/?api=1&origin=39.229%2C9.1058&destination=39.22%2C9.1124&travelmode=transit&departure_time=1760522400",24,1.05
9.1058,39.229,9.1136,39.22,"https://www.google.com/maps/dir/?api=1&origin=39.229%2C9.1058&destination=39.22%2C9.1136&travelmode=transit&departure_time=1760522400",24,1.05
9.1058,39.229,9.114799999999999,39.22,"https://www.google.com/maps/dir/?api=1&origin=39.229%2C9.1058&destination=39.22%2C9.114799999999999&travelmode=transit&departure_time=1760522400",27,2.1166666666666667
9.1058,39.229,9.116,39.22,"https://www.google.com/maps/dir/?api=1&origin=39.229%2C9.1058&destination=39.22%2C9.116&travelmode=transit&departure_time=1760522400",25,2.1166666666666667
9.1058,39.229,9.117199999999999,39.22,"https://www.google.com/maps/dir/?api=1&origin=39.229%2C9.1058&destination=39.22%2C9.117199999999999&travelmode=transit&departure_time=1760522400",24,2.1166666666666667
9.1058,39.229,9.1184,39.22,"https://www.google.com/maps/dir/?api=1&origin=39.229%2C9.1058&destination=39.22%2C9.1184&travelmode=transit&departure_time=1760522400",24,2.1166666666666667
9.1058,39.229,9.1196,39.22,"https://www.google.com/maps/dir/?api=1&origin=39.229%2C9.1058&destination=39.22%2C9.1196&travelmode=transit&departure_time=1760522400",27,2.1166666666666667
9.1058,39.229,9.1208,39.22,"https://www.google.com/maps/dir/?api=1&origin=39.229%2C9.1058&destination=39.22%2C9.1208&travelmode=transit&departure_time=1760522400",29,2.1166666666666667
9.095,39.230000000000004,9.11,39.22,"https://www.google.com/maps/dir/?api=1&origin=39.230000000000004%2C9.095&destination=39.22%2C9.11&travelmode=transit&departure_time=1760522400",27,1.0166666666666666
9.095,39.230000000000004,9.1112,39.22,"https://www.google.com/maps/dir/?api=1&origin=39.230000000000004%2C9.095&destination=39.22%2C9.1112&travelmode=transit&departure_time=1760522400",35,8.45
9.095,39.230000000000004,9.1124,39.22,"https://www.google.com/maps/dir/?api=1&origin=39.230000000000004%2C9.095&destination=39.22%2C9.1124&travelmode=transit&departure_time=1760522400",27,8.45
9.095,39.230000000000004,9.1136,39.22,"https://www.google.com/maps/dir/?api=1&origin=39.230000000000004%2C9.095&destination=39.22%2C9.1136&travelmode=transit&departure_time=1760522400",26,8.45
9.095,39.230000000000004,9.114799999999999,39.22,"https://www.google.com/maps/dir/?api=1&origin=39.230000000000004%2C9.095&destination=39.22%2C9.114799999999999&travelmode=transit&departure_time=1760522400",30,3.45
9.095,39.230000000000004,9.116,39.22,"https://www.google.com/maps/dir/?api=1&origin=39.230000000000004%2C9.095&destination=39.22%2C9.116&travelmode=transit&departure_time=1760522400",31,8.45
9.095,39.230000000000004,9.117199999999999,39.22,"https://www.google.com/maps/dir/?api=1&origin=39.230000000000004%2C9.095&destination=39.22%2C9.117199999999999&travelmode=transit&departure_time=1760522400",33,8.45
9.095,39.230000000000004,9.1184,39.22,"https://www.google.com/maps/dir/?api=1&origin=39.230000000000004%2C9.095&destination=39.22%2C9.1184&travelmode=transit&departure_time=1760522400",35,8.45
9.095,39.230000000000004,9.1196,39.22,"https://www.google.com/maps/dir/?api=1&origin=39.230000000000004%2C9.095&destination=39.22%2C9.1196&travelmode=transit&departure_time=1760522400",38,8.45
9.095,39.230000000000004,9.1208,39.22,"https://www.google.com/maps/dir/?api=1&origin=39.230000000000004%2C9.095&destination=39.22%2C9.1208&travelmode=transit&departure_time=1760522400",36,3.566666666666667
9.096200000000001,39.230000000000004,9.11,39.22,"https://www.google.com/maps/dir/?api=1&origin=39.230000000000004%2C9.096200000000001&destination=39.22%2C9.11&travelmode=transit&departure_time=1760522400",22,1.0333333333333334
9.096200000000001,39.230000000000004,9.1112,39.22,"https://www.google.com/maps/dir/?api=1&origin=39.230000000000004%2C9.096200000000001&destination=39.22%2C9.1112&travelmode=transit&departure_time=1760522400",33,3.3666666666666667
9.096200000000001,39.230000000000004,9.1124,39.22,"https://www.google.com/maps/dir/?api=1&origin=39.230000000000004%2C9.096200000000001&destination=39.22%2C9.1124&travelmode=transit&departure_time=1760522400",27,3.3666666666666667
9.096200000000001,39.230000000000004,9.1136,39.22,"https://www.google.com/maps/dir/?api=1&origin=39.230000000000004%2C9.096200000000001&destination=39.22%2C9.1136&travelmode=transit&departure_time=1760522400",28,3.3666666666666667
9.096200000000001,39.230000000000004,9.114799999999999,39.22,"https://www.google.com/maps/dir/?api=1&origin=39.230000000000004%2C9.096200000000001&destination=39.22%2C9.114799999999999&travelmode=transit&departure_time=1760522400",32,3.6666666666666665
9.096200000000001,39.230000000000004,9.116,39.22,"https://www.google.com/maps/dir/?api=1&origin=39.230000000000004%2C9.096200000000001&destination=39.22%2C9.116&travelmode=transit&departure_time=1760522400",30,3.6666666666666665
9.096200000000001,39.230000000000004,9.117199999999999,39.22,"https://www.google.com/maps/dir/?api=1&origin=39.230000000000004%2C9.096200000000001&destination=39.22%2C9.117199999999999&travelmode=transit&departure_time=1760522400",29,4.616666666666666
9.096200000000001,39.230000000000004,9.1184,39.22,"https://www.google.com/maps/dir/?api=1&origin=39.230000000000004%2C9.096200000000001&destination=39.22%2C9.1184&travelmode=transit&departure_time=1760522400",29,4.616666666666666
9.096200000000001,39.230000000000004,9.1196,39.22,"https://www.google.com/maps/dir/?api=1&origin=39.230000000000004%2C9.096200000000001&destination=39.22%2C9.1196&travelmode=transit&departure_time=1760522400",32,4.616666666666666
9.096200000000001,39.230000000000004,9.1208,39.22,"https://www.google.com/maps/dir/?api=1&origin=39.230000000000004%2C9.096200000000001&destination=39.22%2C9.1208&travelmode=transit&departure_time=1760522400",32,2.75
9.0974,39.230000000000004,9.11,39.22,"https://www.google.com/maps/dir/?api=1&origin=39.230000000000004%2C9.0974&destination=39.22%2C9.11&travelmode=transit&departure_time=1760522400",19,1.0333333333333334
9.0974,39.230000000000004,9.1112,39.22,"https://www.google.com/maps/dir/?api=1&origin=39.230000000000004%2C9.0974&destination=39.22%2C9.1112&travelmode=transit&departure_time=1760522400",31,3.3833333333333333
9.0974,39.230000000000004,9.1124,39.22,"https://www.google.com/maps/dir/?api=1&origin=39.230000000000004%2C9.0974&destination=39.22%2C9.1124&travelmode=transit&departure_time=1760522400",23,3.3833333333333333
9.0974,39.230000000000004,9.1136,39.22,"https://www.google.com/maps/dir/?api=1&origin=39.230000000000004%2C9.0974&destination=39.22%2C9.1136&travelmode=transit&departure_time=1760522400",25,3.3833333333333333
9.0974,39.230000000000004,9.114799999999999,39.22,"https://www.google.com/maps/dir/?api=1&origin=39.230000000000004%2C9.0974&destination=39.22%2C9.114799999999999&travelmode=transit&departure_time=1760522400",29,3.65
9.0974,39.230000000000004,9.116,39.22,"https://www.google.com/maps/dir/?api=1&origin=39.230000000000004%2C9.0974&destination=39.22%2C9.116&travelmode=transit&departure_time=1760522400",28,3.316666666666667
9.0974,39.230000000000004,9.117199999999999,39.22,"https://www.google.com/maps/dir/?api=1&origin=39.230000000000004%2C9.0974&destination=39.22%2C9.117199999999999&travelmode=transit&departure_time=1760522400",27,4.616666666666666
9.0974,39.230000000000004,9.1184,39.22,"https://www.google.com/maps/dir/?api=1&origin=39.230000000000004%2C9.0974&destination=39.22%2C9.1184&travelmode=transit&departure_time=1760522400",27,4.616666666666666
9.0974,39.230000000000004,9.1196,39.22,"https://www.google.com/maps/dir/?api=1&origin=39.230000000000004%2C9.0974&destination=39.22%2C9.1196&travelmode=transit&departure_time=1760522400",30,4.616666666666666
9.0974,39.230000000000004,9.1208,39.22,"https://www.google.com/maps/dir/?api=1&origin=39.230000000000004%2C9.0974&destination=39.22%2C9.1208&travelmode=transit&departure_time=1760522400",29,4.416666666666667
9.098600000000001,39.230000000000004,9.11,39.22,"https://www.google.com/maps/dir/?api=1&origin=39.230000000000004%2C9.098600000000001&destination=39.22%2C9.11&travelmode=transit&departure_time=1760522400",17,1.1666666666666667
9.098600000000001,39.230000000000004,9.1112,39.22,"https://www.google.com/maps/dir/?api=1&origin=39.230000000000004%2C9.098600000000001&destination=39.22%2C9.1112&travelmode=transit&departure_time=1760522400",30,3.3
9.098600000000001,39.230000000000004,9.1124,39.22,"https://www.google.com/maps/dir/?api=1&origin=39.230000000000004%2C9.098600000000001&destination=39.22%2C9.1124&travelmode=transit&departure_time=1760522400",21,3.3
9.098600000000001,39.230000000000004,9.1136,39.22,"https://www.google.com/maps/dir/?api=1&origin=39.230000000000004%2C9.098600000000001&destination=39.22%2C9.1136&travelmode=transit&departure_time=1760522400",23,3.3
9.098600000000001,39.230000000000004,9.114799999999999,39.22,"https://www.google.com/maps/dir/?api=1&origin=39.230000000000004%2C9.098600000000001&destination=39.22%2C9.114799999999999&travelmode=transit&departure_time=1760522400",27,4.733333333333333
9.098600000000001,39.230000000000004,9.116,39.22,"https://www.google.com/maps/dir/?api=1&origin=39.230000000000004%2C9.098600000000001&destination=39.22%2C9.116&travelmode=transit&departure_time=1760522400",26,3.45
9.098600000000001,39.230000000000004,9.117199999999999,39.22,"https://www.google.com/maps/dir/?api=1&origin=39.230000000000004%2C9.098600000000001&destination=39.22%2C9.117199999999999&travelmode=transit&departure_time=1760522400",25,4.75
9.098600000000001,39.230000000000004,9.1184,39.22,"https://www.google.com/maps/dir/?api=1&origin=39.230000000000004%2C9.098600000000001&destination=39.22%2C9.1184&travelmode=transit&departure_time=1760522400",25,4.75
9.098600000000001,39.230000000000004,9.1196,39.22,"https://www.google.com/maps/dir/?api=1&origin=39.230000000000004%2C9.098600000000001&destination=39.22%2C9.1196&travelmode=transit&departure_time=1760522400",27,4.75
9.098600000000001,39.230000000000004,9.1208,39.22,"https://www.google.com/maps/dir/?api=1&origin=39.230000000000004%2C9.098600000000001&destination=39.22%2C9.1208&travelmode=transit&departure_time=1760522400",27,4.55
9.0998,39.230000000000004,9.11,39.22,"https://www.google.com/maps/dir/?api=1&origin=39.230000000000004%2C9.0998&destination=39.22%2C9.11&travelmode=transit&departure_time=1760522400",26,1.1
9.0998,39.230000000000004,9.1112,39.22,"https://www.google.com/maps/dir/?api=1&origin=39.230000000000004%2C9.0998&destination=39.22%2C9.1112&travelmode=transit&departure_time=1760522400",39,3.7
9.0998,39.230000000000004,9.1124,39.22,"https://www.google.com/maps/dir/?api=1&origin=39.230000000000004%2C9.0998&destination=39.22%2C9.1124&travelmode=transit&departure_time=1760522400",30,1.1
9.0998,39.230000000000004,9.1136,39.22,"https://www.google.com/maps/dir/?api=1&origin=39.230000000000004%2C9.0998&destination=39.22%2C9.1136&travelmode=transit&departure_time=1760522400",31,3.7
9.0998,39.230000000000004,9.114799999999999,39.22,"https://www.google.com/maps/dir/?api=1&origin=39.230000000000004%2C9.0998&destination=39.22%2C9.114799999999999&travelmode=transit&departure_time=1760522400",35,1.8166666666666667
9.0998,39.230000000000004,9.116,39.22,"https://www.google.com/maps/dir/?api=1&origin=39.230000000000004%2C9.0998&destination=39.22%2C9.116&travelmode=transit&departure_time=1760522400",36,1.8166666666666667
9.0998,39.230000000000004,9.117199999999999,39.22,"https://www.google.com/maps/dir/?api=1&origin=39.230000000000004%2C9.0998&destination=39.22%2C9.117199999999999&travelmode=transit&departure_time=1760522400",35,1.05
9.0998,39.230000000000004,9.1184,39.22,"https://www.google.com/maps/dir/?api=1&origin=39.230000000000004%2C9.0998&destination=39.22%2C9.1184&travelmode=transit&departure_time=1760522400",36,1.05
9.0998,39.230000000000004,9.1196,39.22,"https://www.google.com/maps/dir/?api=1&origin=39.230000000000004%2C9.0998&destination=39.22%2C9.1196&travelmode=transit&departure_time=1760522400",38,1.05
9.0998,39.230000000000004,9.1208,39.22,"https://www.google.com/maps/dir/?api=1&origin=39.230000000000004%2C9.0998&destination=39.22%2C9.1208&travelmode=transit&departure_time=1760522400",37,2.9166666666666665
9.101,39.230000000000004,9.11,39.22,"https://www.google.com/maps/dir/?api=1&origin=39.230000000000004%2C9.101&destination=39.22%2C9.11&travelmode=transit&departure_time=1760522400",30,1.0666666666666667
9.101,39.230000000000004,9.1112,39.22,"https://www.google.com/maps/dir/?api=1&origin=39.230000000000004%2C9.101&destination=39.22%2C9.1112&travelmode=transit&departure_time=1760522400",43,3.8833333333333333
9.101,39.230000000000004,9.1124,39.22,"https://www.google.com/maps/dir/?api=1&origin=39.230000000000004%2C9.101&destination=39.22%2C9.1124&travelmode=transit&departure_time=1760522400",36,1.0666666666666667
9.101,39.230000000000004,9.1136,39.22,"https://www.google.com/maps/dir/?api=1&origin=39.230000000000004%2C9.101&destination=39.22%2C9.1136&travelmode=transit&departure_time=1760522400",37,1.0666666666666667
9.101,39.230000000000004,9.114799999999999,39.22,"https://www.google.com/maps/dir/?api=1&origin=39.230000000000004%2C9.101&destination=39.22%2C9.114799999999999&travelmode=transit&departure_time=1760522400",41,3.8833333333333333
9.101,39.230000000000004,9.116,39.22,"https://www.google.com/maps/dir/?api=1&origin=39.230000000000004%2C9.101&destination=39.22%2C9.116&travelmode=transit&departure_time=1760522400",40,3.15
9.101,39.230000000000004,9.117199999999999,39.22,"https://www.google.com/maps/dir/?api=1&origin=39.230000000000004%2C9.101&destination=39.22%2C9.117199999999999&travelmode=transit&departure_time=1760522400",38,2.3833333333333333
9.101,39.230000000000004,9.1184,39.22,"https://www.google.com/maps/dir/?api=1&origin=39.230000000000004%2C9.101&destination=39.22%2C9.1184&travelmode=transit&departure_time=1760522400",38,2.3833333333333333
9.101,39.230000000000004,9.1196,39.22,"https://www.google.com/maps/dir/?api=1&origin=39.230000000000004%2C9.101&destination=39.22%2C9.1196&travelmode=transit&departure_time=1760522400",41,2.3833333333333333
9.101,39.230000000000004,9.1208,39.22,"https://www.google.com/maps/dir/?api=1&origin=39.230000000000004%2C9.101&destination=39.22%2C9.1208&travelmode=transit&departure_time=1760522400",42,2.3833333333333333
9.1022,39.230000000000004,9.11,39.22,"https://www.google.com/maps/dir/?api=1&origin=39.230000000000004%2C9.1022&destination=39.22%2C9.11&travelmode=transit&departure_time=1760522400",26,1.0333333333333334
9.1022,39.230000000000004,9.1112,39.22,"https://www.google.com/maps/dir/?api=1&origin=39.230000000000004%2C9.1022&destination=39.22%2C9.1112&travelmode=transit&departure_time=1760522400",39,3.6333333333333333
9.1022,39.230000000000004,9.1124,39.22,"https://www.google.com/maps/dir/?api=1&origin=39.230000000000004%2C9.1022&destination=39.22%2C9.1124&travelmode=transit&departure_time=1760522400",30,1.0333333333333334
9.1022,39.230000000000004,9.1136,39.22,"https://www.google.com/maps/dir/?api=1&origin=39.230000000000004%2C9.1022&destination=39.22%2C9.1136&travelmode=transit&departure_time=1760522400",31,3.6333333333333333
9.1022,39.230000000000004,9.114799999999999,39.22,"https://www.google.com/maps/dir/?api=1&origin=39.230000000000004%2C9.1022&destination=39.22%2C9.114799999999999&travelmode=transit&departure_time=1760522400",35,1.95
9.1022,39.230000000000004,9.116,39.22,"https://www.google.com/maps/dir/?api=1&origin=39.230000000000004%2C9.1022&destination=39.22%2C9.116&travelmode=transit&departure_time=1760522400",36,1.95
9.1022,39.230000000000004,9.117199999999999,39.22,"https://www.google.com/maps/dir/?api=1&origin=39.230000000000004%2C9.1022&destination=39.22%2C9.117199999999999&travelmode=transit&departure_time=1760522400",35,1.1833333333333333
9.1022,39.230000000000004,9.1184,39.22,"https://www.google.com/maps/dir/?api=1&origin=39.230000000000004%2C9.1022&destination=39.22%2C9.1184&travelmode=transit&departure_time=1760522400",36,1.1833333333333333
9.1022,39.230000000000004,9.1196,39.22,"https://www.google.com/maps/dir/?api=1&origin=39.230000000000004%2C9.1022&destination=39.22%2C9.1196&travelmode=transit&departure_time=1760522400",38,1.1833333333333333
9.1022,39.230000000000004,9.1208,39.22,"https://www.google.com/maps/dir/?api=1&origin=39.230000000000004%2C9.1022&destination=39.22%2C9.1208&travelmode=transit&departure_time=1760522400",37,3.05
9.1034,39.230000000000004,9.11,39.22,"https://www.google.com/maps/dir/?api=1&origin=39.230000000000004%2C9.1034&destination=39.22%2C9.11&travelmode=transit&departure_time=1760522400",30,1.1333333333333333
9.1034,39.230000000000004,9.1112,39.22,"https://www.google.com/maps/dir/?api=1&origin=39.230000000000004%2C9.1034&destination=39.22%2C9.1112&travelmode=transit&departure_time=1760522400",43,3.95
9.1034,39.230000000000004,9.1124,39.22,"https://www.google.com/maps/dir/?api=1&origin=39.230000000000004%2C9.1034&destination=39.22%2C9.1124&travelmode=transit&departure_time=1760522400",35,1.1333333333333333
9.1034,39.230000000000004,9.1136,39.22,"https://www.google.com/maps/dir/?api=1&origin=39.230000000000004%2C9.1034&destination=39.22%2C9.1136&travelmode=transit&departure_time=1760522400",36,1.1333333333333333
9.1034,39.230000000000004,9.114799999999999,39.22,"https://www.google.com/maps/dir/?api=1&origin=39.230000000000004%2C9.1034&destination=39.22%2C9.114799999999999&travelmode=transit&departure_time=1760522400",40,3.95
9.1034,39.230000000000004,9.116,39.22,"https://www.google.com/maps/dir/?api=1&origin=39.230000000000004%2C9.1034&destination=39.22%2C9.116&travelmode=transit&departure_time=1760522400",39,3.216666666666667
9.1034,39.230000000000004,9.117199999999999,39.22,"https://www.google.com/maps/dir/?api=1&origin=39.230000000000004%2C9.1034&destination=39.22%2C9.117199999999999&travelmode=transit&departure_time=1760522400",38,2.45
9.1034,39.230000000000004,9.1184,39.22,"https://www.google.com/maps/dir/?api=1&origin=39.230000000000004%2C9.1034&destination=39.22%2C9.1184&travelmode=transit&departure_time=1760522400",38,2.45
9.1034,39.230000000000004,9.1196,39.22,"https://www.google.com/maps/dir/?api=1&origin=39.230000000000004%2C9.1034&destination=39.22%2C9.1196&travelmode=transit&departure_time=1760522400",41,2.45
9.1034,39.230000000000004,9.1208,39.22,"https://www.google.com/maps/dir/?api=1&origin=39.230000000000004%2C9.1034&destination=39.22%2C9.1208&travelmode=transit&departure_time=1760522400",41,2.45
9.104600000000001,39.230000000000004,9.11,39.22,"https://www.google.com/maps/dir/?api=1&origin=39.230000000000004%2C9.104600000000001&destination=39.22%2C9.11&travelmode=transit&departure_time=1760522400",22,1.05
9.104600000000001,39.230000000000004,9.1112,39.22,"https://www.google.com/maps/dir/?api=1&origin=39.230000000000004%2C9.104600000000001&destination=39.22%2C9.1112&travelmode=transit&departure_time=1760522400",19,1.05
9.104600000000001,39.230000000000004,9.1124,39.22,"https://www.google.com/maps/dir/?api=1&origin=39.230000000000004%2C9.104600000000001&destination=39.22%2C9.1124&travelmode=transit&departure_time=1760522400",16,1.05
9.104600000000001,39.230000000000004,9.1136,39.22,"https://www.google.com/maps/dir/?api=1&origin=39.230000000000004%2C9.104600000000001&destination=39.22%2C9.1136&travelmode=transit&departure_time=1760522400",16,1.05
9.104600000000001,39.230000000000004,9.114799999999999,39.22,"https://www.google.com/maps/dir/?api=1&origin=39.230000000000004%2C9.104600000000001&destination=39.22%2C9.114799999999999&travelmode=transit&departure_time=1760522400",22,1.05
9.104600000000001,39.230000000000004,9.116,39.22,"https://www.google.com/maps/dir/?api=1&origin=39.230000000000004%2C9.104600000000001&destination=39.22%2C9.116&travelmode=transit&departure_time=1760522400",20,1.05
9.104600000000001,39.230000000000004,9.117199999999999,39.22,"https://www.google.com/maps/dir/?api=1&origin=39.230000000000004%2C9.104600000000001&destination=39.22%2C9.117199999999999&travelmode=transit&departure_time=1760522400",20,1.05
9.104600000000001,39.230000000000004,9.1184,39.22,"https://www.google.com/maps/dir/?api=1&origin=39.230000000000004%2C9.104600000000001&destination=39.22%2C9.1184&travelmode=transit&departure_time=1760522400",21,1.05
9.104600000000001,39.230000000000004,9.1196,39.22,"https://www.google.com/maps/dir/?api=1&origin=39.230000000000004%2C9.104600000000001&destination=39.22%2C9.1196&travelmode=transit&departure_time=1760522400",24,1.05
9.104600000000001,39.230000000000004,9.1208,39.22,"https://www.google.com/maps/dir/?api=1&origin=39.230000000000004%2C9.104600000000001&destination=39.22%2C9.1208&travelmode=transit&departure_time=1760522400",26,1.05
9.1058,39.230000000000004,9.11,39.22,"https://www.google.com/maps/dir/?api=1&origin=39.230000000000004%2C9.1058&destination=39.22%2C9.11&travelmode=transit&departure_time=1760522400",21,1.1333333333333333
9.1058,39.230000000000004,9.1112,39.22,"https://www.google.com/maps/dir/?api=1&origin=39.230000000000004%2C9.1058&destination=39.22%2C9.1112&travelmode=transit&departure_time=1760522400",20,1.1333333333333333
9.1058,39.230000000000004,9.1124,39.22,"https://www.google.com/maps/dir/?api=1&origin=39.230000000000004%2C9.1058&destination=39.22%2C9.1124&travelmode=transit&departure_time=1760522400",17,1.1333333333333333
9.1058,39.230000000000004,9.1136,39.22,"https://www.google.com/maps/dir/?api=1&origin=39.230000000000004%2C9.1058&destination=39.22%2C9.1136&travelmode=transit&departure_time=1760522400",17,1.1333333333333333
9.1058,39.230000000000004,9.114799999999999,39.22,"https://www.google.com/maps/dir/?api=1&origin=39.230000000000004%2C9.1058&destination=39.22%2C9.114799999999999&travelmode=transit&departure_time=1760522400",22,3.3666666666666667
9.1058,39.230000000000004,9.116,39.22,"https://www.google.com/maps/dir/?api=1&origin=39.230000000000004%2C9.1058&destination=39.22%2C9.116&travelmode=transit&departure_time=1760522400",20,3.3666666666666667
9.1058,39.230000000000004,9.117199999999999,39.22,"https://www.google.com/maps/dir/?api=1&origin=39.230000000000004%2C9.1058&destination=39.22%2C9.117199999999999&travelmode=transit&departure_time=1760522400",20,1.15
9.1058,39.230000000000004,9.1184,39.22,"https://www.google.com/maps/dir/?api=1&origin=39.230000000000004%2C9.1058&destination=39.22%2C9.1184&travelmode=transit&departure_time=1760522400",21,1.15
9.1058,39.230000000000004,9.1196,39.22,"https://www.google.com/maps/dir/?api=1&origin=39.230000000000004%2C9.1058&destination=39.22%2C9.1196&travelmode=transit&departure_time=1760522400",24,1.15
9.1058,39.230000000000004,9.1208,39.22,"https://www.google.com/maps/dir/?api=1&origin=39.230000000000004%2C9.1058&destination=39.22%2C9.1208&travelmode=transit&departure_time=1760522400",26,1.15
9.095,39.231,9.11,39.22,"https://www.google.com/maps/dir/?api=1&origin=39.231%2C9.095&destination=39.22%2C9.11&travelmode=transit&departure_time=1760522400",24,1.1
9.095,39.231,9.1112,39.22,"https://www.google.com/maps/dir/?api=1&origin=39.231%2C9.095&destination=39.22%2C9.1112&travelmode=transit&departure_time=1760522400",34,8.5
9.095,39.231,9.1124,39.22,"https://www.google.com/maps/dir/?api=1&origin=39.231%2C9.095&destination=39.22%2C9.1124&travelmode=transit&departure_time=1760522400",27,8.5
9.095,39.231,9.1136,39.22,"https://www.google.com/maps/dir/?api=1&origin=39.231%2C9.095&destination=39.22%2C9.1136&travelmode=transit&departure_time=1760522400",28,8.5
9.095,39.231,9.114799999999999,39.22,"https://www.google.com/maps/dir/?api=1&origin=39.231%2C9.095&destination=39.22%2C9.114799999999999&travelmode=transit&departure_time=1760522400",33,3.5
9.095,39.231,9.116,39.22,"https://www.google.com/maps/dir/?api=1&origin=39.231%2C9.095&destination=39.22%2C9.116&travelmode=transit&departure_time=1760522400",32,8.5
9.095,39.231,9.117199999999999,39.22,"https://www.google.com/maps/dir/?api=1&origin=39.231%2C9.095&destination=39.22%2C9.117199999999999&travelmode=transit&departure_time=1760522400",33,4.683333333333334
9.095,39.231,9.1184,39.22,"https://www.google.com/maps/dir/?api=1&origin=39.231%2C9.095&destination=39.22%2C9.1184&travelmode=transit&departure_time=1760522400",35,4.683333333333334
9.095,39.231,9.1196,39.22,"https://www.google.com/maps/dir/?api=1&origin=39.231%2C9.095&destination=39.22%2C9.1196&travelmode=transit&departure_time=1760522400",35,4.683333333333334
9.095,39.231,9.1208,39.22,"https://www.google.com/maps/dir/?api=1&origin=39.231%2C9.095&destination=39.22%2C9.1208&travelmode=transit&departure_time=1760522400",34,2.816666666666667
9.096200000000001,39.231,9.11,39.22,"https://www.google.com/maps/dir/?api=1&origin=39.231%2C9.096200000000001&destination=39.22%2C9.11&travelmode=transit&departure_time=1760522400",23,1.1
9.096200000000001,39.231,9.1112,39.22,"https://www.google.com/maps/dir/?api=1&origin=39.231%2C9.096200000000001&destination=39.22%2C9.1112&travelmode=transit&departure_time=1760522400",33,1.0833333333333333
9.096200000000001,39.231,9.1124,39.22,"https://www.google.com/maps/dir/?api=1&origin=39.231%2C9.096200000000001&destination=39.22%2C9.1124&travelmode=transit&departure_time=1760522400",27,1.0833333333333333
9.096200000000001,39.231,9.1136,39.22,"https://www.google.com/maps/dir/?api=1&origin=39.231%2C9.096200000000001&destination=39.22%2C9.1136&travelmode=transit&departure_time=1760522400",28,1.0833333333333333
9.096200000000001,39.231,9.114799999999999,39.22,"https://www.google.com/maps/dir/?api=1&origin=39.231%2C9.096200000000001&destination=39.22%2C9.114799999999999&travelmode=transit&departure_time=1760522400",32,3.6
9.096200000000001,39.231,9.116,39.22,"https://www.google.com/maps/dir/?api=1&origin=39.231%2C9.096200000000001&destination=39.22%2C9.116&travelmode=transit&departure_time=1760522400",31,3.3833333333333333
9.096200000000001,39.231,9.117199999999999,39.22,"https://www.google.com/maps/dir/?api=1&origin=39.231%2C9.096200000000001&destination=39.22%2C9.117199999999999&travelmode=transit&departure_time=1760522400",32,4.683333333333334
9.096200000000001,39.231,9.1184,39.22,"https://www.google.com/maps/dir/?api=1&origin=39.231%2C9.096200000000001&destination=39.22%2C9.1184&travelmode=transit&departure_time=1760522400",34,4.683333333333334
9.096200000000001,39.231,9.1196,39.22,"https://www.google.com/maps/dir/?api=1&origin=39.231%2C9.096200000000001&destination=39.22%2C9.1196&travelmode=transit&departure_time=1760522400",33,4.683333333333334
9.096200000000001,39.231,9.1208,39.22,"https://www.google.com/maps/dir/?api=1&origin=39.231%2C9.096200000000001&destination=39.22%2C9.1208&travelmode=transit&departure_time=1760522400",33,4.483333333333333
9.0974,39.231,9.11,39.22,"https://www.google.com/maps/dir/?api=1&origin=39.231%2C9.0974&destination=39.22%2C9.11&travelmode=transit&departure_time=1760522400",20,1.05
9.0974,39.231,9.1112,39.22,"https://www.google.com/maps/dir/?api=1&origin=39.231%2C9.0974&destination=39.22%2C9.1112&travelmode=transit&departure_time=1760522400",31,1.0666666666666667
9.0974,39.231,9.1124,39.22,"https://www.google.com/maps/dir/?api=1&origin=39.231%2C9.0974&destination=39.22%2C9.1124&travelmode=transit&departure_time=1760522400",24,1.0666666666666667
9.0974,39.231,9.1136,39.22,"https://www.google.com/maps/dir/?api=1&origin=39.231%2C9.0974&destination=39.22%2C9.1136&travelmode=transit&departure_time=1760522400",25,1.0666666666666667
9.0974,39.231,9.114799999999999,39.22,"https://www.google.com/maps/dir/?api=1&origin=39.231%2C9.0974&destination=39.22%2C9.114799999999999&travelmode=transit&departure_time=1760522400",30,3.6333333333333333
9.0974,39.231,9.116,39.22,"https://www.google.com/maps/dir/?api=1&origin=39.231%2C9.0974&destination=39.22%2C9.116&travelmode=transit&departure_time=1760522400",29,3.3333333333333335
9.0974,39.231,9.117199999999999,39.22,"https://www.google.com/maps/dir/?api=1&origin=39.231%2C9.0974&destination=39.22%2C9.117199999999999&travelmode=transit&departure_time=1760522400",28,4.633333333333334
9.0974,39.231,9.1184,39.22,"https://www.google.com/maps/dir/?api=1&origin=39.231%2C9.0974&destination=39.22%2C9.1184&travelmode=transit&departure_time=1760522400",28,4.633333333333334
9.0974,39.231,9.1196,39.22,"https://www.google.com/maps/dir/?api=1&origin=39.231%2C9.0974&destination=39.22%2C9.1196&travelmode=transit&departure_time=1760522400",31,4.633333333333334
9.0974,39.231,9.1208,39.22,"https://www.google.com/maps/dir/?api=1&origin=39.231%2C9.0974&destination=39.22%2C9.1208&travelmode=transit&departure_time=1760522400",30,4.433333333333334
9.098600000000001,39.231,9.11,39.22,"https://www.google.com/maps/dir/?api=1&origin=39.231%2C9.098600000000001&destination=39.22%2C9.11&travelmode=transit&departure_time=1760522400",19,1.1166666666666667
9.098600000000001,39.231,9.1112,39.22,"https://www.google.com/maps/dir/?api=1&origin=39.231%2C9.098600000000001&destination=39.22%2C9.1112&travelmode=transit&departure_time=1760522400",31,1.1333333333333333
9.098600000000001,39.231,9.1124,39.22,"https://www.google.com/maps/dir/?api=1&origin=39.231%2C9.098600000000001&destination=39.22%2C9.1124&travelmode=transit&departure_time=1760522400",23,1.1333333333333333
9.098600000000001,39.231,9.1136,39.22,"https://www.google.com/maps/dir/?api=1&origin=39.231%2C9.098600000000001&destination=39.22%2C9.1136&travelmode=transit&departure_time=1760522400",24,1.1333333333333333
9.098600000000001,39.231,9.114799999999999,39.22,"https://www.google.com/maps/dir/?api=1&origin=39.231%2C9.098600000000001&destination=39.22%2C9.114799999999999&travelmode=transit&departure_time=1760522400",29,3.566666666666667
9.098600000000001,39.231,9.116,39.22,"https://www.google.com/maps/dir/?api=1&origin=39.231%2C9.098600000000001&destination=39.22%2C9.116&travelmode=transit&departure_time=1760522400",28,3.4
9.098600000000001,39.231,9.117199999999999,39.22,"https://www.google.com/maps/dir/?api=1&origin=39.231%2C9.098600000000001&destination=39.22%2C9.117199999999999&travelmode=transit&departure_time=1760522400",27,4.7
9.098600000000001,39.231,9.1184,39.22,"https://www.google.com/maps/dir/?api=1&origin=39.231%2C9.098600000000001&destination=39.22%2C9.1184&travelmode=transit&departure_time=1760522400",27,4.7
9.098600000000001,39.231,9.1196,39.22,"https://www.google.com/maps/dir/?api=1&origin=39.231%2C9.098600000000001&destination=39.22%2C9.1196&travelmode=transit&departure_time=1760522400",30,4.7
9.098600000000001,39.231,9.1208,39.22,"https://www.google.com/maps/dir/?api=1&origin=39.231%2C9.098600000000001&destination=39.22%2C9.1208&travelmode=transit&departure_time=1760522400",29,4.5
9.0998,39.231,9.11,39.22,"https://www.google.com/maps/dir/?api=1&origin=39.231%2C9.0998&destination=39.22%2C9.11&travelmode=transit&departure_time=1760522400",19,1.1333333333333333
9.0998,39.231,9.1112,39.22,"https://www.google.com/maps/dir/?api=1&origin=39.231%2C9.0998&destination=39.22%2C9.1112&travelmode=transit&departure_time=1760522400",31,1.1166666666666667
9.0998,39.231,9.1124,39.22,"https://www.google.com/maps/dir/?api=1&origin=39.231%2C9.0998&destination=39.22%2C9.1124&travelmode=transit&departure_time=1760522400",24,1.1166666666666667
9.0998,39.231,9.1136,39.22,"https://www.google.com/maps/dir/?api=1&origin=39.231%2C9.0998&destination=39.22%2C9.1136&travelmode=transit&departure_time=1760522400",25,1.1166666666666667
9.0998,39.231,9.114799999999999,39.22,"https://www.google.com/maps/dir/?api=1&origin=39.231%2C9.0998&destination=39.22%2C9.114799999999999&travelmode=transit&departure_time=1760522400",29,3.7333333333333334
9.0998,39.231,9.116,39.22,"https://www.google.com/maps/dir/?api=1&origin=39.231%2C9.0998&destination=39.22%2C9.116&travelmode=transit&departure_time=1760522400",29,3.4166666666666665
9.0998,39.231,9.117199999999999,39.22,"https://www.google.com/maps/dir/?api=1&origin=39.231%2C9.0998&destination=39.22%2C9.117199999999999&travelmode=transit&departure_time=1760522400",28,4.716666666666667
9.0998,39.231,9.1184,39.22,"https://www.google.com/maps/dir/?api=1&origin=39.231%2C9.0998&destination=39.22%2C9.1184&travelmode=transit&departure_time=1760522400",28,4.716666666666667
9.0998,39.231,9.1196,39.22,"https://www.google.com/maps/dir/?api=1&origin=39.231%2C9.0998&destination=39.22%2C9.1196&travelmode=transit&departure_time=1760522400",30,4.716666666666667
9.0998,39.231,9.1208,39.22,"https://www.google.com/maps/dir/?api=1&origin=39.231%2C9.0998&destination=39.22%2C9.1208&travelmode=transit&departure_time=1760522400",29,4.516666666666667
9.101,39.231,9.11,39.22,"https://www.google.com/maps/dir/?api=1&origin=39.231%2C9.101&destination=39.22%2C9.11&travelmode=transit&departure_time=1760522400",28,1.0333333333333334
9.101,39.231,9.1112,39.22,"https://www.google.com/maps/dir/?api=1&origin=39.231%2C9.101&destination=39.22%2C9.1112&travelmode=transit&departure_time=1760522400",41,3.566666666666667
9.101,39.231,9.1124,39.22,"https://www.google.com/maps/dir/?api=1&origin=39.231%2C9.101&destination=39.22%2C9.1124&travelmode=transit&departure_time=1760522400",33,1.1166666666666667
9.101,39.231,9.1136,39.22,"https://www.google.com/maps/dir/?api=1&origin=39.231%2C9.101&destination=39.22%2C9.1136&travelmode=transit&departure_time=1760522400",34,3.566666666666667
9.101,39.231,9.114799999999999,39.22,"https://www.google.com/maps/dir/?api=1&origin=39.231%2C9.101&destination=39.22%2C9.114799999999999&travelmode=transit&departure_time=1760522400",39,3.566666666666667
9.101,39.231,9.116,39.22,"https://www.google.com/maps/dir/?api=1&origin=39.231%2C9.101&destination=39.22%2C9.116&travelmode=transit&departure_time=1760522400",38,3.566666666666667
9.101,39.231,9.117199999999999,39.22,"https://www.google.com/maps/dir/?api=1&origin=39.231%2C9.101&destination=39.22%2C9.117199999999999&travelmode=transit&departure_time=1760522400",37,2.85
9.101,39.231,9.1184,39.22,"https://www.google.com/maps/dir/?api=1&origin=39.231%2C9.101&destination=39.22%2C9.1184&travelmode=transit&departure_time=1760522400",38,2.85
9.101,39.231,9.1196,39.22,"https://www.google.com/maps/dir/?api=1&origin=39.231%2C9.101&destination=39.22%2C9.1196&travelmode=transit&departure_time=1760522400",40,2.85
9.101,39.231,9.1208,39.22,"https://www.google.com/maps/dir/?api=1&origin=39.231%2C9.101&destination=39.22%2C9.1208&travelmode=transit&departure_time=1760522400",40,2.85
9.1022,39.231,9.11,39.22,"https://www.google.com/maps/dir/?api=1&origin=39.231%2C9.1022&destination=39.22%2C9.11&travelmode=transit&departure_time=1760522400",28,1.05
9.1022,39.231,9.1112,39.22,"https://www.google.com/maps/dir/?api=1&origin=39.231%2C9.1022&destination=39.22%2C9.1112&travelmode=transit&departure_time=1760522400",41,3.5833333333333335
9.1022,39.231,9.1124,39.22,"https://www.google.com/maps/dir/?api=1&origin=39.231%2C9.1022&destination=39.22%2C9.1124&travelmode=transit&departure_time=1760522400",33,1.1333333333333333
9.1022,39.231,9.1136,39.22,"https://www.google.com/maps/dir/?api=1&origin=39.231%2C9.1022&destination=39.22%2C9.1136&travelmode=transit&departure_time=1760522400",34,3.5833333333333335
9.1022,39.231,9.114799999999999,39.22,"https://www.google.com/maps/dir/?api=1&origin=39.231%2C9.1022&destination=39.22%2C9.114799999999999&travelmode=transit&departure_time=1760522400",39,3.5833333333333335
9.1022,39.231,9.116,39.22,"https://www.google.com/maps/dir/?api=1&origin=39.231%2C9.1022&destination=39.22%2C9.116&travelmode=transit&departure_time=1760522400",38,3.5833333333333335
9.1022,39.231,9.117199999999999,39.22,"https://www.google.com/maps/dir/?api=1&origin=39.231%2C9.1022&destination=39.22%2C9.117199999999999&travelmode=transit&departure_time=1760522400",37,3.066666666666667
9.1022,39.231,9.1184,39.22,"https://www.google.com/maps/dir/?api=1&origin=39.231%2C9.1022&destination=39.22%2C9.1184&travelmode=transit&departure_time=1760522400",38,3.066666666666667
9.1022,39.231,9.1196,39.22,"https://www.google.com/maps/dir/?api=1&origin=39.231%2C9.1022&destination=39.22%2C9.1196&travelmode=transit&departure_time=1760522400",40,3.066666666666667
9.1022,39.231,9.1208,39.22,"https://www.google.com/maps/dir/?api=1&origin=39.231%2C9.1022&destination=39.22%2C9.1208&travelmode=transit&departure_time=1760522400",40,3.066666666666667
9.1034,39.231,9.11,39.22,"https://www.google.com/maps/dir/?api=1&origin=39.231%2C9.1034&destination=39.22%2C9.11&travelmode=transit&departure_time=1760522400",23,1.1333333333333333
9.1034,39.231,9.1112,39.22,"https://www.google.com/maps/dir/?api=1&origin=39.231%2C9.1034&destination=39.22%2C9.1112&travelmode=transit&departure_time=1760522400",19,1.1333333333333333
9.1034,39.231,9.1124,39.22,"https://www.google.com/maps/dir/?api=1&origin=39.231%2C9.1034&destination=39.22%2C9.1124&travelmode=transit&departure_time=1760522400",16,1.1333333333333333
9.1034,39.231,9.1136,39.22,"https://www.google.com/maps/dir/?api=1&origin=39.231%2C9.1034&destination=39.22%2C9.1136&travelmode=transit&departure_time=1760522400",16,1.1333333333333333
9.1034,39.231,9.114799999999999,39.22,"https://www.google.com/maps/dir/?api=1&origin=39.231%2C9.1034&destination=39.22%2C9.114799999999999&travelmode=transit&departure_time=1760522400",22,1.1333333333333333
9.1034,39.231,9.116,39.22,"https://www.google.com/maps/dir/?api=1&origin=39.231%2C9.1034&destination=39.22%2C9.116&travelmode=transit&departure_time=1760522400",20,1.1333333333333333
9.1034,39.231,9.117199999999999,39.22,"https://www.google.com/maps/dir/?api=1&origin=39.231%2C9.1034&destination=39.22%2C9.117199999999999&travelmode=transit&departure_time=1760522400",20,1.1333333333333333
9.1034,39.231,9.1184,39.22,"https://www.google.com/maps/dir/?api=1&origin=39.231%2C9.1034&destination=39.22%2C9.1184&travelmode=transit&departure_time=1760522400",21,1.1333333333333333
9.1034,39.231,9.1196,39.22,"https://www.google.com/maps/dir/?api=1&origin=39.231%2C9.1034&destination=39.22%2C9.1196&travelmode=transit&departure_time=1760522400",24,1.1333333333333333
9.1034,39.231,9.1208,39.22,"https://www.google.com/maps/dir/?api=1&origin=39.231%2C9.1034&destination=39.22%2C9.1208&travelmode=transit&departure_time=1760522400",26,1.1333333333333333
9.104600000000001,39.231,9.11,39.22,"https://www.google.com/maps/dir/?api=1&origin=39.231%2C9.104600000000001&destination=39.22%2C9.11&travelmode=transit&departure_time=1760522400",23,1.0333333333333334
9.104600000000001,39.231,9.1112,39.22,"https://www.google.com/maps/dir/?api=1&origin=39.231%2C9.104600000000001&destination=39.22%2C9.1112&travelmode=transit&departure_time=1760522400",20,1.0333333333333334
9.104600000000001,39.231,9.1124,39.22,"https://www.google.com/maps/dir/?api=1&origin=39.231%2C9.104600000000001&destination=39.22%2C9.1124&travelmode=transit&departure_time=1760522400",17,1.0333333333333334
9.104600000000001,39.231,9.1136,39.22,"https://www.google.com/maps/dir/?api=1&origin=39.231%2C9.104600000000001&destination=39.22%2C9.1136&travelmode=transit&departure_time=1760522400",17,1.0333333333333334
9.104600000000001,39.231,9.114799999999999,39.22,"https://www.google.com/maps/dir/?api=1&origin=39.231%2C9.104600000000001&destination=39.22%2C9.114799999999999&travelmode=transit&departure_time=1760522400",23,1.0333333333333334
9.104600000000001,39.231,9.116,39.22,"https://www.google.com/maps/dir/?api=1&origin=39.231%2C9.104600000000001&destination=39.22%2C9.116&travelmode=transit&departure_time=1760522400",21,1.0333333333333334
9.104600000000001,39.231,9.117199999999999,39.22,"https://www.google.com/maps/dir/?api=1&origin=39.231%2C9.104600000000001&destination=39.22%2C9.117199999999999&travelmode=transit&departure_time=1760522400",21,1.0333333333333334
9.104600000000001,39.231,9.1184,39.22,"https://www.google.com/maps/dir/?api=1&origin=39.231%2C9.104600000000001&destination=39.22%2C9.1184&travelmode=transit&departure_time=1760522400",22,1.0333333333333334
9.104600000000001,39.231,9.1196,39.22,"https://www.google.com/maps/dir/?api=1&origin=39.231%2C9.104600000000001&destination=39.22%2C9.1196&travelmode=transit&departure_time=1760522400",25,1.0333333333333334
9.104600000000001,39.231,9.1208,39.22,"https://www.google.com/maps/dir/?api=1&origin=39.231%2C9.104600000000001&destination=39.22%2C9.1208&travelmode=transit&departure_time=1760522400",27,1.0333333333333334
9.1058,39.231,9.11,39.22,"https://www.google.com/maps/dir/?api=1&origin=39.231%2C9.1058&destination=39.22%2C9.11&travelmode=transit&departure_time=1760522400",21,1.1
9.1058,39.231,9.1112,39.22,"https://www.google.com/maps/dir/?api=1&origin=39.231%2C9.1058&destination=39.22%2C9.1112&travelmode=transit&departure_time=1760522400",18,1.1
9.1058,39.231,9.1124,39.22,"https://www.google.com/maps/dir/?api=1&origin=39.231%2C9.1058&destination=39.22%2C9.1124&travelmode=transit&departure_time=1760522400",15,1.1
9.1058,39.231,9.1136,39.22,"https://www.google.com/maps/dir/?api=1&origin=39.231%2C9.1058&destination=39.22%2C9.1136&travelmode=transit&departure_time=1760522400",15,1.1
9.1058,39.231,9.114799999999999,39.22,"https://www.google.com/maps/dir/?api=1&origin=39.231%2C9.1058&destination=39.22%2C9.114799999999999&travelmode=transit&departure_time=1760522400",21,1.1
9.1058,39.231,9.116,39.22,"https://www.google.com/maps/dir/?api=1&origin=39.231%2C9.1058&destination=39.22%2C9.116&travelmode=transit&departure_time=1760522400",19,1.1
9.1058,39.231,9.117199999999999,39.22,"https://www.google.com/maps/dir/?api=1&origin=39.231%2C9.1058&destination=39.22%2C9.117199999999999&travelmode=transit&departure_time=1760522400",20,1.1
9.1058,39.231,9.1184,39.22,"https://www.google.com/maps/dir/?api=1&origin=39.231%2C9.1058&destination=39.22%2C9.1184&travelmode=transit&departure_time=1760522400",21,1.1
9.1058,39.231,9.1196,39.22,"https://www.google.com/maps/dir/?api=1&origin=39.231%2C9.1058&destination=39.22%2C9.1196&travelmode=transit&departure_time=1760522400",24,1.1
9.1058,39.231,9.1208,39.22,"https://www.google.com/maps/dir/?api=1&origin=39.231%2C9.1058&destination=39.22%2C9.1208&travelmode=transit&departure_time=1760522400",26,1.1
9.095,39.232,9.11,39.22,"https://www.google.com/maps/dir/?api=1&origin=39.232%2C9.095&destination=39.22%2C9.11&travelmode=transit&departure_time=1760522400",24,1.0666666666666667
9.095,39.232,9.1112,39.22,"https://www.google.com/maps/dir/?api=1&origin=39.232%2C9.095&destination=39.22%2C9.1112&travelmode=transit&departure_time=1760522400",32,1.0166666666666666
9.095,39.232,9.1124,39.22,"https://www.google.com/maps/dir/?api=1&origin=39.232%2C9.095&destination=39.22%2C9.1124&travelmode=transit&departure_time=1760522400",28,1.0166666666666666
9.095,39.232,9.1136,39.22,"https://www.google.com/maps/dir/?api=1&origin=39.232%2C9.095&destination=39.22%2C9.1136&travelmode=transit&departure_time=1760522400",28,1.0166666666666666
9.095,39.232,9.114799999999999,39.22,"https://www.google.com/maps/dir/?api=1&origin=39.232%2C9.095&destination=39.22%2C9.114799999999999&travelmode=transit&departure_time=1760522400",34,3.5
9.095,39.232,9.116,39.22,"https://www.google.com/maps/dir/?api=1&origin=39.232%2C9.095&destination=39.22%2C9.116&travelmode=transit&departure_time=1760522400",33,8.5
9.095,39.232,9.117199999999999,39.22,"https://www.google.com/maps/dir/?api=1&origin=39.232%2C9.095&destination=39.22%2C9.117199999999999&travelmode=transit&departure_time=1760522400",34,3.8
9.095,39.232,9.1184,39.22,"https://www.google.com/maps/dir/?api=1&origin=39.232%2C9.095&destination=39.22%2C9.1184&travelmode=transit&departure_time=1760522400",35,3.8
9.095,39.232,9.1196,39.22,"https://www.google.com/maps/dir/?api=1&origin=39.232%2C9.095&destination=39.22%2C9.1196&travelmode=transit&departure_time=1760522400",37,3.8
9.095,39.232,9.1208,39.22,"https://www.google.com/maps/dir/?api=1&origin=39.232%2C9.095&destination=39.22%2C9.1208&travelmode=transit&departure_time=1760522400",36,3.05
9.096200000000001,39.232,9.11,39.22,"https://www.google.com/maps/dir/?api=1&origin=39.232%2C9.096200000000001&destination=39.22%2C9.11&travelmode=transit&departure_time=1760522400",24,1.2
9.096200000000001,39.232,9.1112,39.22,"https://www.google.com/maps/dir/?api=1&origin=39.232%2C9.096200000000001&destination=39.22%2C9.1112&travelmode=transit&departure_time=1760522400",32,1.0333333333333334
9.096200000000001,39.232,9.1124,39.22,"https://www.google.com/maps/dir/?api=1&origin=39.232%2C9.096200000000001&destination=39.22%2C9.1124&travelmode=transit&departure_time=1760522400",27,1.0333333333333334
9.096200000000001,39.232,9.1136,39.22,"https://www.google.com/maps/dir/?api=1&origin=39.232%2C9.096200000000001&destination=39.22%2C9.1136&travelmode=transit&departure_time=1760522400",28,1.0333333333333334
9.096200000000001,39.232,9.114799999999999,39.22,"https://www.google.com/maps/dir/?api=1&origin=39.232%2C9.096200000000001&destination=39.22%2C9.114799999999999&travelmode=transit&departure_time=1760522400",33,1.0333333333333334
9.096200000000001,39.232,9.116,39.22,"https://www.google.com/maps/dir/?api=1&origin=39.232%2C9.096200000000001&destination=39.22%2C9.116&travelmode=transit&departure_time=1760522400",32,3.65
9.096200000000001,39.232,9.117199999999999,39.22,"https://www.google.com/maps/dir/?api=1&origin=39.232%2C9.096200000000001&destination=39.22%2C9.117199999999999&travelmode=transit&departure_time=1760522400",33,3.816666666666667
9.096200000000001,39.232,9.1184,39.22,"https://www.google.com/maps/dir/?api=1&origin=39.232%2C9.096200000000001&destination=39.22%2C9.1184&travelmode=transit&departure_time=1760522400",35,3.816666666666667
9.096200000000001,39.232,9.1196,39.22,"https://www.google.com/maps/dir/?api=1&origin=39.232%2C9.096200000000001&destination=39.22%2C9.1196&travelmode=transit&departure_time=1760522400",35,3.816666666666667
9.096200000000001,39.232,9.1208,39.22,"https://www.google.com/maps/dir/?api=1&origin=39.232%2C9.096200000000001&destination=39.22%2C9.1208&travelmode=transit&departure_time=1760522400",34,4.2
9.0974,39.232,9.11,39.22,"https://www.google.com/maps/dir/?api=1&origin=39.232%2C9.0974&destination=39.22%2C9.11&travelmode=transit&departure_time=1760522400",18,1.15
9.0974,39.232,9.1112,39.22,"https://www.google.com/maps/dir/?api=1&origin=39.232%2C9.0974&destination=39.22%2C9.1112&travelmode=transit&departure_time=1760522400",29,3.316666666666667
9.0974,39.232,9.1124,39.22,"https://www.google.com/maps/dir/?api=1&origin=39.232%2C9.0974&destination=39.22%2C9.1124&travelmode=transit&departure_time=1760522400",22,3.316666666666667
9.0974,39.232,9.1136,39.22,"https://www.google.com/maps/dir/?api=1&origin=39.232%2C9.0974&destination=39.22%2C9.1136&travelmode=transit&departure_time=1760522400",23,3.316666666666667
9.0974,39.232,9.114799999999999,39.22,"https://www.google.com/maps/dir/?api=1&origin=39.232%2C9.0974&destination=39.22%2C9.114799999999999&travelmode=transit&departure_time=1760522400",28,3.55
9.0974,39.232,9.116,39.22,"https://www.google.com/maps/dir/?api=1&origin=39.232%2C9.0974&destination=39.22%2C9.116&travelmode=transit&departure_time=1760522400",27,3.1166666666666667
9.0974,39.232,9.117199999999999,39.22,"https://www.google.com/maps/dir/?api=1&origin=39.232%2C9.0974&destination=39.22%2C9.117199999999999&travelmode=transit&departure_time=1760522400",26,4.733333333333333
9.0974,39.232,9.1184,39.22,"https://www.google.com/maps/dir/?api=1&origin=39.232%2C9.0974&destination=39.22%2C9.1184&travelmode=transit&departure_time=1760522400",26,4.733333333333333
9.0974,39.232,9.1196,39.22,"https://www.google.com/maps/dir/?api=1&origin=39.232%2C9.0974&destination=39.22%2C9.1196&travelmode=transit&departure_time=1760522400",29,4.733333333333333
9.0974,39.232,9.1208,39.22,"https://www.google.com/maps/dir/?api=1&origin=39.232%2C9.0974&destination=39.22%2C9.1208&travelmode=transit&departure_time=1760522400",28,4.216666666666667
9.098600000000001,39.232,9.11,39.22,"https://www.google.com/maps/dir/?api=1&origin=39.232%2C9.098600000000001&destination=39.22%2C9.11&travelmode=transit&departure_time=1760522400",19,1.1333333333333333
9.098600000000001,39.232,9.1112,39.22,"https://www.google.com/maps/dir/?api=1&origin=39.232%2C9.098600000000001&destination=39.22%2C9.1112&travelmode=transit&departure_time=1760522400",28,1.0166666666666666
9.098600000000001,39.232,9.1124,39.22,"https://www.google.com/maps/dir/?api=1&origin=39.232%2C9.098600000000001&destination=39.22%2C9.1124&travelmode=transit&departure_time=1760522400",23,1.0166666666666666
9.098600000000001,39.232,9.1136,39.22,"https://www.google.com/maps/dir/?api=1&origin=39.232%2C9.098600000000001&destination=39.22%2C9.1136&travelmode=transit&departure_time=1760522400",23,1.0166666666666666
9.098600000000001,39.232,9.114799999999999,39.22,"https://www.google.com/maps/dir/?api=1&origin=39.232%2C9.098600000000001&destination=39.22%2C9.114799999999999&travelmode=transit&departure_time=1760522400",29,1.0166666666666666
9.098600000000001,39.232,9.116,39.22,"https://www.google.com/maps/dir/?api=1&origin=39.232%2C9.098600000000001&destination=39.22%2C9.116&travelmode=transit&departure_time=1760522400",28,3.683333333333333
9.098600000000001,39.232,9.117199999999999,39.22,"https://www.google.com/maps/dir/?api=1&origin=39.232%2C9.098600000000001&destination=39.22%2C9.117199999999999&travelmode=transit&departure_time=1760522400",27,3.8
9.098600000000001,39.232,9.1184,39.22,"https://www.google.com/maps/dir/?api=1&origin=39.232%2C9.098600000000001&destination=39.22%2C9.1184&travelmode=transit&departure_time=1760522400",27,3.8
9.098600000000001,39.232,9.1196,39.22,"https://www.google.com/maps/dir/?api=1&origin=39.232%2C9.098600000000001&destination=39.22%2C9.1196&travelmode=transit&departure_time=1760522400",30,3.8
9.098600000000001,39.232,9.1208,39.22,"https://www.google.com/maps/dir/?api=1&origin=39.232%2C9.098600000000001&destination=39.22%2C9.1208&travelmode=transit&departure_time=1760522400",29,2.933333333333333
9.0998,39.232,9.11,39.22,"https://www.google.com/maps/dir/?api=1&origin=39.232%2C9.0998&destination=39.22%2C9.11&travelmode=transit&departure_time=1760522400",24,1.0166666666666666
9.0998,39.232,9.1112,39.22,"https://www.google.com/maps/dir/?api=1&origin=39.232%2C9.0998&destination=39.22%2C9.1112&travelmode=transit&departure_time=1760522400",27,1.0166666666666666
9.0998,39.232,9.1124,39.22,"https://www.google.com/maps/dir/?api=1&origin=39.232%2C9.0998&destination=39.22%2C9.1124&travelmode=transit&departure_time=1760522400",24,1.0166666666666666
9.0998,39.232,9.1136,39.22,"https://www.google.com/maps/dir/?api=1&origin=39.232%2C9.0998&destination=39.22%2C9.1136&travelmode=transit&departure_time=1760522400",24,1.0166666666666666
9.0998,39.232,9.114799999999999,39.22,"https://www.google.com/maps/dir/?api=1&origin=39.232%2C9.0998&destination=39.22%2C9.114799999999999&travelmode=transit&departure_time=1760522400",29,1.0166666666666666
9.0998,39.232,9.116,39.22,"https://www.google.com/maps/dir/?api=1&origin=39.232%2C9.0998&destination=39.22%2C9.116&travelmode=transit&departure_time=1760522400",27,1.0166666666666666
9.0998,39.232,9.117199999999999,39.22,"https://www.google.com/maps/dir/?api=1&origin=39.232%2C9.0998&destination=39.22%2C9.117199999999999&travelmode=transit&departure_time=1760522400",26,3.8
9.0998,39.232,9.1184,39.22,"https://www.google.com/maps/dir/?api=1&origin=39.232%2C9.0998&destination=39.22%2C9.1184&travelmode=transit&departure_time=1760522400",26,3.8
9.0998,39.232,9.1196,39.22,"https://www.google.com/maps/dir/?api=1&origin=39.232%2C9.0998&destination=39.22%2C9.1196&travelmode=transit&departure_time=1760522400",29,3.8
9.0998,39.232,9.1208,39.22,"https://www.google.com/maps/dir/?api=1&origin=39.232%2C9.0998&destination=39.22%2C9.1208&travelmode=transit&departure_time=1760522400",31,3.8
9.101,39.232,9.11,39.22,"https://www.google.com/maps/dir/?api=1&origin=39.232%2C9.101&destination=39.22%2C9.11&travelmode=transit&departure_time=1760522400",26,1.1166666666666667
9.101,39.232,9.1112,39.22,"https://www.google.com/maps/dir/?api=1&origin=39.232%2C9.101&destination=39.22%2C9.1112&travelmode=transit&departure_time=1760522400",25,1.1166666666666667
9.101,39.232,9.1124,39.22,"https://www.google.com/maps/dir/?api=1&origin=39.232%2C9.101&destination=39.22%2C9.1124&travelmode=transit&departure_time=1760522400",22,1.1166666666666667
9.101,39.232,9.1136,39.22,"https://www.google.com/maps/dir/?api=1&origin=39.232%2C9.101&destination=39.22%2C9.1136&travelmode=transit&departure_time=1760522400",22,1.1166666666666667
9.101,39.232,9.114799999999999,39.22,"https://www.google.com/maps/dir/?api=1&origin=39.232%2C9.101&destination=39.22%2C9.114799999999999&travelmode=transit&departure_time=1760522400",27,1.1166666666666667
9.101,39.232,9.116,39.22,"https://www.google.com/maps/dir/?api=1&origin=39.232%2C9.101&destination=39.22%2C9.116&travelmode=transit&departure_time=1760522400",25,1.1166666666666667
9.101,39.232,9.117199999999999,39.22,"https://www.google.com/maps/dir/?api=1&origin=39.232%2C9.101&destination=39.22%2C9.117199999999999&travelmode=transit&departure_time=1760522400",24,3.9
9.101,39.232,9.1184,39.22,"https://www.google.com/maps/dir/?api=1&origin=39.232%2C9.101&destination=39.22%2C9.1184&travelmode=transit&departure_time=1760522400",24,3.9
9.101,39.232,9.1196,39.22,"https://www.google.com/maps/dir/?api=1&origin=39.232%2C9.101&destination=39.22%2C9.1196&travelmode=transit&departure_time=1760522400",27,3.9
9.101,39.232,9.1208,39.22,"https://www.google.com/maps/dir/?api=1&origin=39.232%2C9.101&destination=39.22%2C9.1208&travelmode=transit&departure_time=1760522400",29,3.9
9.1022,39.232,9.11,39.22,"https://www.google.com/maps/dir/?api=1&origin=39.232%2C9.1022&destination=39.22%2C9.11&travelmode=transit&departure_time=1760522400",24,1.1833333333333333
9.1022,39.232,9.1112,39.22,"https://www.google.com/maps/dir/?api=1&origin=39.232%2C9.1022&destination=39.22%2C9.1112&travelmode=transit&departure_time=1760522400",21,1.1833333333333333
9.1022,39.232,9.1124,39.22,"https://www.google.com/maps/dir/?api=1&origin=39.232%2C9.1022&destination=39.22%2C9.1124&travelmode=transit&departure_time=1760522400",18,1.1833333333333333
9.1022,39.232,9.1136,39.22,"https://www.google.com/maps/dir/?api=1&origin=39.232%2C9.1022&destination=39.22%2C9.1136&travelmode=transit&departure_time=1760522400",18,1.1833333333333333
9.1022,39.232,9.114799999999999,39.22,"https://www.google.com/maps/dir/?api=1&origin=39.232%2C9.1022&destination=39.22%2C9.114799999999999&travelmode=transit&departure_time=1760522400",23,1.1833333333333333
9.1022,39.232,9.116,39.22,"https://www.google.com/maps/dir/?api=1&origin=39.232%2C9.1022&destination=39.22%2C9.116&travelmode=transit&departure_time=1760522400",21,1.1833333333333333
9.1022,39.232,9.117199999999999,39.22,"https://www.google.com/maps/dir/?api=1&origin=39.232%2C9.1022&destination=39.22%2C9.117199999999999&travelmode=transit&departure_time=1760522400",21,5.5
9.1022,39.232,9.1184,39.22,"https://www.google.com/maps/dir/?api=1&origin=39.232%2C9.1022&destination=39.22%2C9.1184&travelmode=transit&departure_time=1760522400",22,5.5
9.1022,39.232,9.1196,39.22,"https://www.google.com/maps/dir/?api=1&origin=39.232%2C9.1022&destination=39.22%2C9.1196&travelmode=transit&departure_time=1760522400",25,5.5
9.1022,39.232,9.1208,39.22,"https://www.google.com/maps/dir/?api=1&origin=39.232%2C9.1022&destination=39.22%2C9.1208&travelmode=transit&departure_time=1760522400",27,5.5
9.1034,39.232,9.11,39.22,"https://www.google.com/maps/dir/?api=1&origin=39.232%2C9.1034&destination=39.22%2C9.11&travelmode=transit&departure_time=1760522400",24,1.1333333333333333
9.1034,39.232,9.1112,39.22,"https://www.google.com/maps/dir/?api=1&origin=39.232%2C9.1034&destination=39.22%2C9.1112&travelmode=transit&departure_time=1760522400",20,1.1333333333333333
9.1034,39.232,9.1124,39.22,"https://www.google.com/maps/dir/?api=1&origin=39.232%2C9.1034&destination=39.22%2C9.1124&travelmode=transit&departure_time=1760522400",17,1.1333333333333333
9.1034,39.232,9.1136,39.22,"https://www.google.com/maps/dir/?api=1&origin=39.232%2C9.1034&destination=39.22%2C9.1136&travelmode=transit&departure_time=1760522400",17,1.1333333333333333
9.1034,39.232,9.114799999999999,39.22,"https://www.google.com/maps/dir/?api=1&origin=39.232%2C9.1034&destination=39.22%2C9.114799999999999&travelmode=transit&departure_time=1760522400",23,1.1333333333333333
9.1034,39.232,9.116,39.22,"https://www.google.com/maps/dir/?api=1&origin=39.232%2C9.1034&destination=39.22%2C9.116&travelmode=transit&departure_time=1760522400",21,1.1333333333333333
9.1034,39.232,9.117199999999999,39.22,"https://www.google.com/maps/dir/?api=1&origin=39.232%2C9.1034&destination=39.22%2C9.117199999999999&travelmode=transit&departure_time=1760522400",21,1.1333333333333333
9.1034,39.232,9.1184,39.22,"https://www.google.com/maps/dir/?api=1&origin=39.232%2C9.1034&destination=39.22%2C9.1184&travelmode=transit&departure_time=1760522400",22,1.1333333333333333
9.1034,39.232,9.1196,39.22,"https://www.google.com/maps/dir/?api=1&origin=39.232%2C9.1034&destination=39.22%2C9.1196&travelmode=transit&departure_time=1760522400",25,1.1333333333333333
9.1034,39.232,9.1208,39.22,"https://www.google.com/maps/dir/?api=1&origin=39.232%2C9.1034&destination=39.22%2C9.1208&travelmode=transit&departure_time=1760522400",27,1.1333333333333333
9.104600000000001,39.232,9.11,39.22,"https://www.google.com/maps/dir/?api=1&origin=39.232%2C9.104600000000001&destination=39.22%2C9.11&travelmode=transit&departure_time=1760522400",24,1.0333333333333334
9.104600000000001,39.232,9.1112,39.22,"https://www.google.com/maps/dir/?api=1&origin=39.232%2C9.104600000000001&destination=39.22%2C9.1112&travelmode=transit&departure_time=1760522400",20,1.0333333333333334
9.104600000000001,39.232,9.1124,39.22,"https://www.google.com/maps/dir/?api=1&origin=39.232%2C9.104600000000001&destination=39.22%2C9.1124&travelmode=transit&departure_time=1760522400",17,1.0333333333333334
9.104600000000001,39.232,9.1136,39.22,"https://www.google.com/maps/dir/?api=1&origin=39.232%2C9.104600000000001&destination=39.22%2C9.1136&travelmode=transit&departure_time=1760522400",17,1.0333333333333334
9.104600000000001,39.232,9.114799999999999,39.22,"https://www.google.com/maps/dir/?api=1&origin=39.232%2C9.104600000000001&destination=39.22%2C9.114799999999999&travelmode=transit&departure_time=1760522400",23,1.0333333333333334
9.104600000000001,39.232,9.116,39.22,"https://www.google.com/maps/dir/?api=1&origin=39.232%2C9.104600000000001&destination=39.22%2C9.116&travelmode=transit&departure_time=1760522400",21,1.0333333333333334
9.104600000000001,39.232,9.117199999999999,39.22,"https://www.google.com/maps/dir/?api=1&origin=39.232%2C9.104600000000001&destination=39.22%2C9.117199999999999&travelmode=transit&departure_time=1760522400",21,1.0333333333333334
9.104600000000001,39.232,9.1184,39.22,"https://www.google.com/maps/dir/?api=1&origin=39.232%2C9.104600000000001&destination=39.22%2C9.1184&travelmode=transit&departure_time=1760522400",22,1.0333333333333334
9.104600000000001,39.232,9.1196,39.22,"https://www.google.com/maps/dir/?api=1&origin=39.232%2C9.104600000000001&destination=39.22%2C9.1196&travelmode=transit&departure_time=1760522400",25,1.0333333333333334
9.104600000000001,39.232,9.1208,39.22,"https://www.google.com/maps/dir/?api=1&origin=39.232%2C9.104600000000001&destination=39.22%2C9.1208&travelmode=transit&departure_time=1760522400",27,1.0333333333333334
9.1058,39.232,9.11,39.22,"https://www.google.com/maps/dir/?api=1&origin=39.232%2C9.1058&destination=39.22%2C9.11&travelmode=transit&departure_time=1760522400",23,1.1833333333333333
9.1058,39.232,9.1112,39.22,"https://www.google.com/maps/dir/?api=1&origin=39.232%2C9.1058&destination=39.22%2C9.1112&travelmode=transit&departure_time=1760522400",20,1.1833333333333333
9.1058,39.232,9.1124,39.22,"https://www.google.com/maps/dir/?api=1&origin=39.232%2C9.1058&destination=39.22%2C9.1124&travelmode=transit&departure_time=1760522400",17,1.1833333333333333
9.1058,39.232,9.1136,39.22,"https://www.google.com/maps/dir/?api=1&origin=39.232%2C9.1058&destination=39.22%2C9.1136&travelmode=transit&departure_time=1760522400",17,1.1833333333333333
9.1058,39.232,9.114799999999999,39.22,"https://www.google.com/maps/dir/?api=1&origin=39.232%2C9.1058&destination=39.22%2C9.114799999999999&travelmode=transit&departure_time=1760522400",23,1.1833333333333333
9.1058,39.232,9.116,39.22,"https://www.google.com/maps/dir/?api=1&origin=39.232%2C9.1058&destination=39.22%2C9.116&travelmode=transit&departure_time=1760522400",21,1.1833333333333333
9.1058,39.232,9.117199999999999,39.22,"https://www.google.com/maps/dir/?api=1&origin=39.232%2C9.1058&destination=39.22%2C9.117199999999999&travelmode=transit&departure_time=1760522400",21,1.1833333333333333
9.1058,39.232,9.1184,39.22,"https://www.google.com/maps/dir/?api=1&origin=39.232%2C9.1058&destination=39.22%2C9.1184&travelmode=transit&departure_time=1760522400",22,1.1833333333333333
9.1058,39.232,9.1196,39.22,"https://www.google.com/maps/dir/?api=1&origin=39.232%2C9.1058&destination=39.22%2C9.1196&travelmode=transit&departure_time=1760522400",25,1.1833333333333333
9.1058,39.232,9.1208,39.22,"https://www.google.com/maps/dir/?api=1&origin=39.232%2C9.1058&destination=39.22%2C9.1208&travelmode=transit&departure_time=1760522400",27,1.1833333333333333
9.095,39.233000000000004,9.11,39.22,"https://www.google.com/maps/dir/?api=1&origin=39.233000000000004%2C9.095&destination=39.22%2C9.11&travelmode=transit&departure_time=1760522400",24,1.0166666666666666
9.095,39.233000000000004,9.1112,39.22,"https://www.google.com/maps/dir/?api=1&origin=39.233000000000004%2C9.095&destination=39.22%2C9.1112&travelmode=transit&departure_time=1760522400",31,1.1833333333333333
9.095,39.233000000000004,9.1124,39.22,"https://www.google.com/maps/dir/?api=1&origin=39.233000000000004%2C9.095&destination=39.22%2C9.1124&travelmode=transit&departure_time=1760522400",27,1.1833333333333333
9.095,39.233000000000004,9.1136,39.22,"https://www.google.com/maps/dir/?api=1&origin=39.233000000000004%2C9.095&destination=39.22%2C9.1136&travelmode=transit&departure_time=1760522400",27,1.1833333333333333
9.095,39.233000000000004,9.114799999999999,39.22,"https://www.google.com/maps/dir/?api=1&origin=39.233000000000004%2C9.095&destination=39.22%2C9.114799999999999&travelmode=transit&departure_time=1760522400",33,1.1833333333333333
9.095,39.233000000000004,9.116,39.22,"https://www.google.com/maps/dir/?api=1&origin=39.233000000000004%2C9.095&destination=39.22%2C9.116&travelmode=transit&departure_time=1760522400",32,1.1833333333333333
9.095,39.233000000000004,9.117199999999999,39.22,"https://www.google.com/maps/dir/?api=1&origin=39.233000000000004%2C9.095&destination=39.22%2C9.117199999999999&travelmode=transit&departure_time=1760522400",33,3.966666666666667
9.095,39.233000000000004,9.1184,39.22,"https://www.google.com/maps/dir/?api=1&origin=39.233000000000004%2C9.095&destination=39.22%2C9.1184&travelmode=transit&departure_time=1760522400",34,3.966666666666667
9.095,39.233000000000004,9.1196,39.22,"https://www.google.com/maps/dir/?api=1&origin=39.233000000000004%2C9.095&destination=39.22%2C9.1196&travelmode=transit&departure_time=1760522400",34,3.966666666666667
9.095,39.233000000000004,9.1208,39.22,"https://www.google.com/maps/dir/?api=1&origin=39.233000000000004%2C9.095&destination=39.22%2C9.1208&travelmode=transit&departure_time=1760522400",34,3.216666666666667
9.096200000000001,39.233000000000004,9.11,39.22,"https://www.google.com/maps/dir/?api=1&origin=39.233000000000004%2C9.096200000000001&destination=39.22%2C9.11&travelmode=transit&departure_time=1760522400",22,1.2166666666666666
9.096200000000001,39.233000000000004,9.1112,39.22,"https://www.google.com/maps/dir/?api=1&origin=39.233000000000004%2C9.096200000000001&destination=39.22%2C9.1112&travelmode=transit&departure_time=1760522400",29,1.05
9.096200000000001,39.233000000000004,9.1124,39.22,"https://www.google.com/maps/dir/?api=1&origin=39.233000000000004%2C9.096200000000001&destination=39.22%2C9.1124&travelmode=transit&departure_time=1760522400",25,1.05
9.096200000000001,39.233000000000004,9.1136,39.22,"https://www.google.com/maps/dir/?api=1&origin=39.233000000000004%2C9.096200000000001&destination=39.22%2C9.1136&travelmode=transit&departure_time=1760522400",25,1.05
9.096200000000001,39.233000000000004,9.114799999999999,39.22,"https://www.google.com/maps/dir/?api=1&origin=39.233000000000004%2C9.096200000000001&destination=39.22%2C9.114799999999999&travelmode=transit&departure_time=1760522400",31,1.05
9.096200000000001,39.233000000000004,9.116,39.22,"https://www.google.com/maps/dir/?api=1&origin=39.233000000000004%2C9.096200000000001&destination=39.22%2C9.116&travelmode=transit&departure_time=1760522400",29,1.05
9.096200000000001,39.233000000000004,9.117199999999999,39.22,"https://www.google.com/maps/dir/?api=1&origin=39.233000000000004%2C9.096200000000001&destination=39.22%2C9.117199999999999&travelmode=transit&departure_time=1760522400",28,3.8333333333333335
9.096200000000001,39.233000000000004,9.1184,39.22,"https://www.google.com/maps/dir/?api=1&origin=39.233000000000004%2C9.096200000000001&destination=39.22%2C9.1184&travelmode=transit&departure_time=1760522400",28,3.8333333333333335
9.096200000000001,39.233000000000004,9.1196,39.22,"https://www.google.com/maps/dir/?api=1&origin=39.233000000000004%2C9.096200000000001&destination=39.22%2C9.1196&travelmode=transit&departure_time=1760522400",31,3.8333333333333335
9.096200000000001,39.233000000000004,9.1208,39.22,"https://www.google.com/maps/dir/?api=1&origin=39.233000000000004%2C9.096200000000001&destination=39.22%2C9.1208&travelmode=transit&departure_time=1760522400",32,3.0833333333333335
9.0974,39.233000000000004,9.11,39.22,"https://www.google.com/maps/dir/?api=1&origin=39.233000000000004%2C9.0974&destination=39.22%2C9.11&travelmode=transit&departure_time=1760522400",18,1.05
9.0974,39.233000000000004,9.1112,39.22,"https://www.google.com/maps/dir/?api=1&origin=39.233000000000004%2C9.0974&destination=39.22%2C9.1112&travelmode=transit&departure_time=1760522400",27,1.15
9.0974,39.233000000000004,9.1124,39.22,"https://www.google.com/maps/dir/?api=1&origin=39.233000000000004%2C9.0974&destination=39.22%2C9.1124&travelmode=transit&departure_time=1760522400",22,1.15
9.0974,39.233000000000004,9.1136,39.22,"https://www.google.com/maps/dir/?api=1&origin=39.233000000000004%2C9.0974&destination=39.22%2C9.1136&travelmode=transit&departure_time=1760522400",22,1.15
9.0974,39.233000000000004,9.114799999999999,39.22,"https://www.google.com/maps/dir/?api=1&origin=39.233000000000004%2C9.0974&destination=39.22%2C9.114799999999999&travelmode=transit&departure_time=1760522400",28,1.15
9.0974,39.233000000000004,9.116,39.22,"https://www.google.com/maps/dir/?api=1&origin=39.233000000000004%2C9.0974&destination=39.22%2C9.116&travelmode=transit&departure_time=1760522400",27,3.0166666666666666
9.0974,39.233000000000004,9.117199999999999,39.22,"https://www.google.com/maps/dir/?api=1&origin=39.233000000000004%2C9.0974&destination=39.22%2C9.117199999999999&travelmode=transit&departure_time=1760522400",26,4.633333333333334
9.0974,39.233000000000004,9.1184,39.22,"https://www.google.com/maps/dir/?api=1&origin=39.233000000000004%2C9.0974&destination=39.22%2C9.1184&travelmode=transit&departure_time=1760522400",26,4.633333333333334
9.0974,39.233000000000004,9.1196,39.22,"https://www.google.com/maps/dir/?api=1&origin=39.233000000000004%2C9.0974&destination=39.22%2C9.1196&travelmode=transit&departure_time=1760522400",29,4.633333333333334
9.0974,39.233000000000004,9.1208,39.22,"https://www.google.com/maps/dir/?api=1&origin=39.233000000000004%2C9.0974&destination=39.22%2C9.1208&travelmode=transit&departure_time=1760522400",28,4.116666666666666
9.098600000000001,39.233000000000004,9.11,39.22,"https://www.google.com/maps/dir/?api=1&origin=39.233000000000004%2C9.098600000000001&destination=39.22%2C9.11&travelmode=transit&departure_time=1760522400",19,1.1
9.098600000000001,39.233000000000004,9.1112,39.22,"https://www.google.com/maps/dir/?api=1&origin=39.233000000000004%2C9.098600000000001&destination=39.22%2C9.1112&travelmode=transit&departure_time=1760522400",25,1.05
9.098600000000001,39.233000000000004,9.1124,39.22,"https://www.google.com/maps/dir/?api=1&origin=39.233000000000004%2C9.098600000000001&destination=39.22%2C9.1124&travelmode=transit&departure_time=1760522400",22,1.05
9.098600000000001,39.233000000000004,9.1136,39.22,"https://www.google.com/maps/dir/?api=1&origin=39.233000000000004%2C9.098600000000001&destination=39.22%2C9.1136&travelmode=transit&departure_time=1760522400",22,1.05
9.098600000000001,39.233000000000004,9.114799999999999,39.22,"https://www.google.com/maps/dir/?api=1&origin=39.233000000000004%2C9.098600000000001&destination=39.22%2C9.114799999999999&travelmode=transit&departure_time=1760522400",28,1.05
9.098600000000001,39.233000000000004,9.116,39.22,"https://www.google.com/maps/dir/?api=1&origin=39.233000000000004%2C9.098600000000001&destination=39.22%2C9.116&travelmode=transit&departure_time=1760522400",26,1.05
9.098600000000001,39.233000000000004,9.117199999999999,39.22,"https://www.google.com/maps/dir/?api=1&origin=39.233000000000004%2C9.098600000000001&destination=39.22%2C9.117199999999999&travelmode=transit&departure_time=1760522400",24,3.8333333333333335
9.098600000000001,39.233000000000004,9.1184,39.22,"https://www.google.com/maps/dir/?api=1&origin=39.233000000000004%2C9.098600000000001&destination=39.22%2C9.1184&travelmode=transit&departure_time=1760522400",24,3.8333333333333335
9.098600000000001,39.233000000000004,9.1196,39.22,"https://www.google.com/maps/dir/?api=1&origin=39.233000000000004%2C9.098600000000001&destination=39.22%2C9.1196&travelmode=transit&departure_time=1760522400",27,3.8333333333333335
9.098600000000001,39.233000000000004,9.1208,39.22,"https://www.google.com/maps/dir/?api=1&origin=39.233000000000004%2C9.098600000000001&destination=39.22%2C9.1208&travelmode=transit&departure_time=1760522400",28,3.8333333333333335
9.0998,39.233000000000004,9.11,39.22,"https://www.google.com/maps/dir/?api=1&origin=39.233000000000004%2C9.0998&destination=39.22%2C9.11&travelmode=transit&departure_time=1760522400",25,1.1833333333333333
9.0998,39.233000000000004,9.1112,39.22,"https://www.google.com/maps/dir/?api=1&origin=39.233000000000004%2C9.0998&destination=39.22%2C9.1112&travelmode=transit&departure_time=1760522400",24,1.1833333333333333
9.0998,39.233000000000004,9.1124,39.22,"https://www.google.com/maps/dir/?api=1&origin=39.233000000000004%2C9.0998&destination=39.22%2C9.1124&travelmode=transit&departure_time=1760522400",21,1.1833333333333333
9.0998,39.233000000000004,9.1136,39.22,"https://www.google.com/maps/dir/?api=1&origin=39.233000000000004%2C9.0998&destination=39.22%2C9.1136&travelmode=transit&departure_time=1760522400",21,1.1833333333333333
9.0998,39.233000000000004,9.114799999999999,39.22,"https://www.google.com/maps/dir/?api=1&origin=39.233000000000004%2C9.0998&destination=39.22%2C9.114799999999999&travelmode=transit&departure_time=1760522400",26,1.1833333333333333
9.0998,39.233000000000004,9.116,39.22,"https://www.google.com/maps/dir/?api=1&origin=39.233000000000004%2C9.0998&destination=39.22%2C9.116&travelmode=transit&departure_time=1760522400",24,1.1833333333333333
9.0998,39.233000000000004,9.117199999999999,39.22,"https://www.google.com/maps/dir/?api=1&origin=39.233000000000004%2C9.0998&destination=39.22%2C9.117199999999999&travelmode=transit&departure_time=1760522400",23,4.25
9.0998,39.233000000000004,9.1184,39.22,"https://www.google.com/maps/dir/?api=1&origin=39.233000000000004%2C9.0998&destination=39.22%2C9.1184&travelmode=transit&departure_time=1760522400",24,4.25
9.0998,39.233000000000004,9.1196,39.22,"https://www.google.com/maps/dir/?api=1&origin=39.233000000000004%2C9.0998&destination=39.22%2C9.1196&travelmode=transit&departure_time=1760522400",27,4.25
9.0998,39.233000000000004,9.1208,39.22,"https://www.google.com/maps/dir/?api=1&origin=39.233000000000004%2C9.0998&destination=39.22%2C9.1208&travelmode=transit&departure_time=1760522400",29,4.25
9.101,39.233000000000004,9.11,39.22,"https://www.google.com/maps/dir/?api=1&origin=39.233000000000004%2C9.101&destination=39.22%2C9.11&travelmode=transit&departure_time=1760522400",24,1.1
9.101,39.233000000000004,9.1112,39.22,"https://www.google.com/maps/dir/?api=1&origin=39.233000000000004%2C9.101&destination=39.22%2C9.1112&travelmode=transit&departure_time=1760522400",23,1.1
9.101,39.233000000000004,9.1124,39.22,"https://www.google.com/maps/dir/?api=1&origin=39.233000000000004%2C9.101&destination=39.22%2C9.1124&travelmode=transit&departure_time=1760522400",20,1.1
9.101,39.233000000000004,9.1136,39.22,"https://www.google.com/maps/dir/?api=1&origin=39.233000000000004%2C9.101&destination=39.22%2C9.1136&travelmode=transit&departure_time=1760522400",20,1.1
9.101,39.233000000000004,9.114799999999999,39.22,"https://www.google.com/maps/dir/?api=1&origin=39.233000000000004%2C9.101&destination=39.22%2C9.114799999999999&travelmode=transit&departure_time=1760522400",25,1.1
9.101,39.233000000000004,9.116,39.22,"https://www.google.com/maps/dir/?api=1&origin=39.233000000000004%2C9.101&destination=39.22%2C9.116&travelmode=transit&departure_time=1760522400",23,1.1
9.101,39.233000000000004,9.117199999999999,39.22,"https://www.google.com/maps/dir/?api=1&origin=39.233000000000004%2C9.101&destination=39.22%2C9.117199999999999&travelmode=transit&departure_time=1760522400",22,4.983333333333333
9.101,39.233000000000004,9.1184,39.22,"https://www.google.com/maps/dir/?api=1&origin=39.233000000000004%2C9.101&destination=39.22%2C9.1184&travelmode=transit&departure_time=1760522400",23,4.983333333333333
9.101,39.233000000000004,9.1196,39.22,"https://www.google.com/maps/dir/?api=1&origin=39.233000000000004%2C9.101&destination=39.22%2C9.1196&travelmode=transit&departure_time=1760522400",26,4.983333333333333
9.101,39.233000000000004,9.1208,39.22,"https://www.google.com/maps/dir/?api=1&origin=39.233000000000004%2C9.101&destination=39.22%2C9.1208&travelmode=transit&departure_time=1760522400",28,4.983333333333333
9.1022,39.233000000000004,9.11,39.22,"https://www.google.com/maps/dir/?api=1&origin=39.233000000000004%2C9.1022&destination=39.22%2C9.11&travelmode=transit&departure_time=1760522400",24,1.05
9.1022,39.233000000000004,9.1112,39.22,"https://www.google.com/maps/dir/?api=1&origin=39.233000000000004%2C9.1022&destination=39.22%2C9.1112&travelmode=transit&departure_time=1760522400",21,1.05
9.1022,39.233000000000004,9.1124,39.22,"https://www.google.com/maps/dir/?api=1&origin=39.233000000000004%2C9.1022&destination=39.22%2C9.1124&travelmode=transit&departure_time=1760522400",18,1.05
9.1022,39.233000000000004,9.1136,39.22,"https://www.google.com/maps/dir/?api=1&origin=39.233000000000004%2C9.1022&destination=39.22%2C9.1136&travelmode=transit&departure_time=1760522400",18,1.05
9.1022,39.233000000000004,9.114799999999999,39.22,"https://www.google.com/maps/dir/?api=1&origin=39.233000000000004%2C9.1022&destination=39.22%2C9.114799999999999&travelmode=transit&departure_time=1760522400",23,1.05
9.1022,39.233000000000004,9.116,39.22,"https://www.google.com/maps/dir/?api=1&origin=39.233000000000004%2C9.1022&destination=39.22%2C9.116&travelmode=transit&departure_time=1760522400",21,1.05
9.1022,39.233000000000004,9.117199999999999,39.22,"https://www.google.com/maps/dir/?api=1&origin=39.233000000000004%2C9.1022&destination=39.22%2C9.117199999999999&travelmode=transit&departure_time=1760522400",21,5.55
9.1022,39.233000000000004,9.1184,39.22,"https://www.google.com/maps/dir/?api=1&origin=39.233000000000004%2C9.1022&destination=39.22%2C9.1184&travelmode=transit&departure_time=1760522400",22,5.55
9.1022,39.233000000000004,9.1196,39.22,"https://www.google.com/maps/dir/?api=1&origin=39.233000000000004%2C9.1022&destination=39.22%2C9.1196&travelmode=transit&departure_time=1760522400",25,5.55
9.1022,39.233000000000004,9.1208,39.22,"https://www.google.com/maps/dir/?api=1&origin=39.233000000000004%2C9.1022&destination=39.22%2C9.1208&travelmode=transit&departure_time=1760522400",27,5.55
9.1034,39.233000000000004,9.11,39.22,"https://www.google.com/maps/dir/?api=1&origin=39.233000000000004%2C9.1034&destination=39.22%2C9.11&travelmode=transit&departure_time=1760522400",24,1.1333333333333333
9.1034,39.233000000000004,9.1112,39.22,"https://www.google.com/maps/dir/?api=1&origin=39.233000000000004%2C9.1034&destination=39.22%2C9.1112&travelmode=transit&departure_time=1760522400",20,1.1333333333333333
9.1034,39.233000000000004,9.1124,39.22,"https://www.google.com/maps/dir/?api=1&origin=39.233000000000004%2C9.1034&destination=39.22%2C9.1124&travelmode=transit&departure_time=1760522400",17,1.1333333333333333
9.1034,39.233000000000004,9.1136,39.22,"https://www.google.com/maps/dir/?api=1&origin=39.233000000000004%2C9.1034&destination=39.22%2C9.1136&travelmode=transit&departure_time=1760522400",17,1.1333333333333333
9.1034,39.233000000000004,9.114799999999999,39.22,"https://www.google.com/maps/dir/?api=1&origin=39.233000000000004%2C9.1034&destination=39.22%2C9.114799999999999&travelmode=transit&departure_time=1760522400",23,1.1333333333333333
9.1034,39.233000000000004,9.116,39.22,"https://www.google.com/maps/dir/?api=1&origin=39.233000000000004%2C9.1034&destination=39.22%2C9.116&travelmode=transit&departure_time=1760522400",21,1.1333333333333333
9.1034,39.233000000000004,9.117199999999999,39.22,"https://www.google.com/maps/dir/?api=1&origin=39.233000000000004%2C9.1034&destination=39.22%2C9.117199999999999&travelmode=transit&departure_time=1760522400",21,1.1333333333333333
9.1034,39.233000000000004,9.1184,39.22,"https://www.google.com/maps/dir/?api=1&origin=39.233000000000004%2C9.1034&destination=39.22%2C9.1184&travelmode=transit&departure_time=1760522400",22,1.1333333333333333
9.1034,39.233000000000004,9.1196,39.22,"https://www.google.com/maps/dir/?api=1&origin=39.233000000000004%2C9.1034&destination=39.22%2C9.1196&travelmode=transit&departure_time=1760522400",25,1.1333333333333333
9.1034,39.233000000000004,9.1208,39.22,"https://www.google.com/maps/dir/?api=1&origin=39.233000000000004%2C9.1034&destination=39.22%2C9.1208&travelmode=transit&departure_time=1760522400",27,1.1333333333333333
9.104600000000001,39.233000000000004,9.11,39.22,"https://www.google.com/maps/dir/?api=1&origin=39.233000000000004%2C9.104600000000001&destination=39.22%2C9.11&travelmode=transit&departure_time=1760522400",25,1.1666666666666667
9.104600000000001,39.233000000000004,9.1112,39.22,"https://www.google.com/maps/dir/?api=1&origin=39.233000000000004%2C9.104600000000001&destination=39.22%2C9.1112&travelmode=transit&departure_time=1760522400",22,1.1666666666666667
9.104600000000001,39.233000000000004,9.1124,39.22,"https://www.google.com/maps/dir/?api=1&origin=39.233000000000004%2C9.104600000000001&destination=39.22%2C9.1124&travelmode=transit&departure_time=1760522400",19,1.1666666666666667
9.104600000000001,39.233000000000004,9.1136,39.22,"https://www.google.com/maps/dir/?api=1&origin=39.233000000000004%2C9.104600000000001&destination=39.22%2C9.1136&travelmode=transit&departure_time=1760522400",19,1.1666666666666667
9.104600000000001,39.233000000000004,9.114799999999999,39.22,"https://www.google.com/maps/dir/?api=1&origin=39.233000000000004%2C9.104600000000001&destination=39.22%2C9.114799999999999&travelmode=transit&departure_time=1760522400",25,1.1666666666666667
9.104600000000001,39.233000000000004,9.116,39.22,"https://www.google.com/maps/dir/?api=1&origin=39.233000000000004%2C9.104600000000001&destination=39.22%2C9.116&travelmode=transit&departure_time=1760522400",23,1.1666666666666667
9.104600000000001,39.233000000000004,9.117199999999999,39.22,"https://www.google.com/maps/dir/?api=1&origin=39.233000000000004%2C9.104600000000001&destination=39.22%2C9.117199999999999&travelmode=transit&departure_time=1760522400",22,3.8666666666666667
9.104600000000001,39.233000000000004,9.1184,39.22,"https://www.google.com/maps/dir/?api=1&origin=39.233000000000004%2C9.104600000000001&destination=39.22%2C9.1184&travelmode=transit&departure_time=1760522400",23,3.8666666666666667
9.104600000000001,39.233000000000004,9.1196,39.22,"https://www.google.com/maps/dir/?api=1&origin=39.233000000000004%2C9.104600000000001&destination=39.22%2C9.1196&travelmode=transit&departure_time=1760522400",26,3.8666666666666667
9.104600000000001,39.233000000000004,9.1208,39.22,"https://www.google.com/maps/dir/?api=1&origin=39.233000000000004%2C9.104600000000001&destination=39.22%2C9.1208&travelmode=transit&departure_time=1760522400",28,3.8666666666666667
9.1058,39.233000000000004,9.11,39.22,"https://www.google.com/maps/dir/?api=1&origin=39.233000000000004%2C9.1058&destination=39.22%2C9.11&travelmode=transit&departure_time=1760522400",27,4.7
9.1058,39.233000000000004,9.1112,39.22,"https://www.google.com/maps/dir/?api=1&origin=39.233000000000004%2C9.1058&destination=39.22%2C9.1112&travelmode=transit&departure_time=1760522400",25,4.7
9.1058,39.233000000000004,9.1124,39.22,"https://www.google.com/maps/dir/?api=1&origin=39.233000000000004%2C9.1058&destination=39.22%2C9.1124&travelmode=transit&departure_time=1760522400",22,4.7
9.1058,39.233000000000004,9.1136,39.22,"https://www.google.com/maps/dir/?api=1&origin=39.233000000000004%2C9.1058&destination=39.22%2C9.1136&travelmode=transit&departure_time=1760522400",22,4.7
9.1058,39.233000000000004,9.114799999999999,39.22,"https://www.google.com/maps/dir/?api=1&origin=39.233000000000004%2C9.1058&destination=39.22%2C9.114799999999999&travelmode=transit&departure_time=1760522400",27,4.7
9.1058,39.233000000000004,9.116,39.22,"https://www.google.com/maps/dir/?api=1&origin=39.233000000000004%2C9.1058&destination=39.22%2C9.116&travelmode=transit&departure_time=1760522400",25,4.7
9.1058,39.233000000000004,9.117199999999999,39.22,"https://www.google.com/maps/dir/?api=1&origin=39.233000000000004%2C9.1058&destination=39.22%2C9.117199999999999&travelmode=transit&departure_time=1760522400",24,3.5166666666666666
9.1058,39.233000000000004,9.1184,39.22,"https://www.google.com/maps/dir/?api=1&origin=39.233000000000004%2C9.1058&destination=39.22%2C9.1184&travelmode=transit&departure_time=1760522400",24,3.5166666666666666
9.1058,39.233000000000004,9.1196,39.22,"https://www.google.com/maps/dir/?api=1&origin=39.233000000000004%2C9.1058&destination=39.22%2C9.1196&travelmode=transit&departure_time=1760522400",27,3.5166666666666666
9.1058,39.233000000000004,9.1208,39.22,"https://www.google.com/maps/dir/?api=1&origin=39.233000000000004%2C9.1058&destination=39.22%2C9.1208&travelmode=transit&departure_time=1760522400",29,3.5166666666666666
9.095,39.234,9.11,39.22,"https://www.google.com/maps/dir/?api=1&origin=39.234%2C9.095&destination=39.22%2C9.11&travelmode=transit&departure_time=1760522400",24,1.1833333333333333
9.095,39.234,9.1112,39.22,"https://www.google.com/maps/dir/?api=1&origin=39.234%2C9.095&destination=39.22%2C9.1112&travelmode=transit&departure_time=1760522400",32,1.2
9.095,39.234,9.1124,39.22,"https://www.google.com/maps/dir/?api=1&origin=39.234%2C9.095&destination=39.22%2C9.1124&travelmode=transit&departure_time=1760522400",28,1.2
9.095,39.234,9.1136,39.22,"https://www.google.com/maps/dir/?api=1&origin=39.234%2C9.095&destination=39.22%2C9.1136&travelmode=transit&departure_time=1760522400",28,1.2
9.095,39.234,9.114799999999999,39.22,"https://www.google.com/maps/dir/?api=1&origin=39.234%2C9.095&destination=39.22%2C9.114799999999999&travelmode=transit&departure_time=1760522400",34,1.2
9.095,39.234,9.116,39.22,"https://www.google.com/maps/dir/?api=1&origin=39.234%2C9.095&destination=39.22%2C9.116&travelmode=transit&departure_time=1760522400",33,1.2
9.095,39.234,9.117199999999999,39.22,"https://www.google.com/maps/dir/?api=1&origin=39.234%2C9.095&destination=39.22%2C9.117199999999999&travelmode=transit&departure_time=1760522400",34,3.9833333333333334
9.095,39.234,9.1184,39.22,"https://www.google.com/maps/dir/?api=1&origin=39.234%2C9.095&destination=39.22%2C9.1184&travelmode=transit&departure_time=1760522400",35,3.9833333333333334
9.095,39.234,9.1196,39.22,"https://www.google.com/maps/dir/?api=1&origin=39.234%2C9.095&destination=39.22%2C9.1196&travelmode=transit&departure_time=1760522400",37,3.9833333333333334
9.095,39.234,9.1208,39.22,"https://www.google.com/maps/dir/?api=1&origin=39.234%2C9.095&destination=39.22%2C9.1208&travelmode=transit&departure_time=1760522400",36,3.2333333333333334
9.096200000000001,39.234,9.11,39.22,"https://www.google.com/maps/dir/?api=1&origin=39.234%2C9.096200000000001&destination=39.22%2C9.11&travelmode=transit&departure_time=1760522400",24,1.1333333333333333
9.096200000000001,39.234,9.1112,39.22,"https://www.google.com/maps/dir/?api=1&origin=39.234%2C9.096200000000001&destination=39.22%2C9.1112&travelmode=transit&departure_time=1760522400",31,1.0666666666666667
9.096200000000001,39.234,9.1124,39.22,"https://www.google.com/maps/dir/?api=1&origin=39.234%2C9.096200000000001&destination=39.22%2C9.1124&travelmode=transit&departure_time=1760522400",27,1.0666666666666667
9.096200000000001,39.234,9.1136,39.22,"https://www.google.com/maps/dir/?api=1&origin=39.234%2C9.096200000000001&destination=39.22%2C9.1136&travelmode=transit&departure_time=1760522400",27,1.0666666666666667
9.096200000000001,39.234,9.114799999999999,39.22,"https://www.google.com/maps/dir/?api=1&origin=39.234%2C9.096200000000001&destination=39.22%2C9.114799999999999&travelmode=transit&departure_time=1760522400",33,1.0666666666666667
9.096200000000001,39.234,9.116,39.22,"https://www.google.com/maps/dir/?api=1&origin=39.234%2C9.096200000000001&destination=39.22%2C9.116&travelmode=transit&departure_time=1760522400",32,1.0666666666666667
9.096200000000001,39.234,9.117199999999999,39.22,"https://www.google.com/maps/dir/?api=1&origin=39.234%2C9.096200000000001&destination=39.22%2C9.117199999999999&travelmode=transit&departure_time=1760522400",33,3.85
9.096200000000001,39.234,9.1184,39.22,"https://www.google.com/maps/dir/?api=1&origin=39.234%2C9.096200000000001&destination=39.22%2C9.1184&travelmode=transit&departure_time=1760522400",34,3.85
9.096200000000001,39.234,9.1196,39.22,"https://www.google.com/maps/dir/?api=1&origin=39.234%2C9.096200000000001&destination=39.22%2C9.1196&travelmode=transit&departure_time=1760522400",34,3.85
9.096200000000001,39.234,9.1208,39.22,"https://www.google.com/maps/dir/?api=1&origin=39.234%2C9.096200000000001&destination=39.22%2C9.1208&travelmode=transit&departure_time=1760522400",34,3.1
9.0974,39.234,9.11,39.22,"https://www.google.com/maps/dir/?api=1&origin=39.234%2C9.0974&destination=39.22%2C9.11&travelmode=transit&departure_time=1760522400",20,1.1166666666666667
9.0974,39.234,9.1112,39.22,"https://www.google.com/maps/dir/?api=1&origin=39.234%2C9.0974&destination=39.22%2C9.1112&travelmode=transit&departure_time=1760522400",27,1.15
9.0974,39.234,9.1124,39.22,"https://www.google.com/maps/dir/?api=1&origin=39.234%2C9.0974&destination=39.22%2C9.1124&travelmode=transit&departure_time=1760522400",23,1.15
9.0974,39.234,9.1136,39.22,"https://www.google.com/maps/dir/?api=1&origin=39.234%2C9.0974&destination=39.22%2C9.1136&travelmode=transit&departure_time=1760522400",24,1.15
9.0974,39.234,9.114799999999999,39.22,"https://www.google.com/maps/dir/?api=1&origin=39.234%2C9.0974&destination=39.22%2C9.114799999999999&travelmode=transit&departure_time=1760522400",29,1.15
9.0974,39.234,9.116,39.22,"https://www.google.com/maps/dir/?api=1&origin=39.234%2C9.0974&destination=39.22%2C9.116&travelmode=transit&departure_time=1760522400",27,1.15
9.0974,39.234,9.117199999999999,39.22,"https://www.google.com/maps/dir/?api=1&origin=39.234%2C9.0974&destination=39.22%2C9.117199999999999&travelmode=transit&departure_time=1760522400",26,3.933333333333333
9.0974,39.234,9.1184,39.22,"https://www.google.com/maps/dir/?api=1&origin=39.234%2C9.0974&destination=39.22%2C9.1184&travelmode=transit&departure_time=1760522400",26,3.933333333333333
9.0974,39.234,9.1196,39.22,"https://www.google.com/maps/dir/?api=1&origin=39.234%2C9.0974&destination=39.22%2C9.1196&travelmode=transit&departure_time=1760522400",29,3.933333333333333
9.0974,39.234,9.1208,39.22,"https://www.google.com/maps/dir/?api=1&origin=39.234%2C9.0974&destination=39.22%2C9.1208&travelmode=transit&departure_time=1760522400",30,2.6
9.098600000000001,39.234,9.11,39.22,"https://www.google.com/maps/dir/?api=1&origin=39.234%2C9.098600000000001&destination=39.22%2C9.11&travelmode=transit&departure_time=1760522400",22,1.2
9.098600000000001,39.234,9.1112,39.22,"https://www.google.com/maps/dir/?api=1&origin=39.234%2C9.098600000000001&destination=39.22%2C9.1112&travelmode=transit&departure_time=1760522400",25,1.05
9.098600000000001,39.234,9.1124,39.22,"https://www.google.com/maps/dir/?api=1&origin=39.234%2C9.098600000000001&destination=39.22%2C9.1124&travelmode=transit&departure_time=1760522400",22,1.05
9.098600000000001,39.234,9.1136,39.22,"https://www.google.com/maps/dir/?api=1&origin=39.234%2C9.098600000000001&destination=39.22%2C9.1136&travelmode=transit&departure_time=1760522400",22,1.05
9.098600000000001,39.234,9.114799999999999,39.22,"https://www.google.com/maps/dir/?api=1&origin=39.234%2C9.098600000000001&destination=39.22%2C9.114799999999999&travelmode=transit&departure_time=1760522400",27,1.05
9.098600000000001,39.234,9.116,39.22,"https://www.google.com/maps/dir/?api=1&origin=39.234%2C9.098600000000001&destination=39.22%2C9.116&travelmode=transit&departure_time=1760522400",25,1.05
9.098600000000001,39.234,9.117199999999999,39.22,"https://www.google.com/maps/dir/?api=1&origin=39.234%2C9.098600000000001&destination=39.22%2C9.117199999999999&travelmode=transit&departure_time=1760522400",24,3.8333333333333335
9.098600000000001,39.234,9.1184,39.22,"https://www.google.com/maps/dir/?api=1&origin=39.234%2C9.098600000000001&destination=39.22%2C9.1184&travelmode=transit&departure_time=1760522400",24,3.8333333333333335
9.098600000000001,39.234,9.1196,39.22,"https://www.google.com/maps/dir/?api=1&origin=39.234%2C9.098600000000001&destination=39.22%2C9.1196&travelmode=transit&departure_time=1760522400",27,3.8333333333333335
9.098600000000001,39.234,9.1208,39.22,"https://www.google.com/maps/dir/?api=1&origin=39.234%2C9.098600000000001&destination=39.22%2C9.1208&travelmode=transit&departure_time=1760522400",29,3.8333333333333335
9.0998,39.234,9.11,39.22,"https://www.google.com/maps/dir/?api=1&origin=39.234%2C9.0998&destination=39.22%2C9.11&travelmode=transit&departure_time=1760522400",23,1.1166666666666667
9.0998,39.234,9.1112,39.22,"https://www.google.com/maps/dir/?api=1&origin=39.234%2C9.0998&destination=39.22%2C9.1112&travelmode=transit&departure_time=1760522400",24,1.0833333333333333
9.0998,39.234,9.1124,39.22,"https://www.google.com/maps/dir/?api=1&origin=39.234%2C9.0998&destination=39.22%2C9.1124&travelmode=transit&departure_time=1760522400",21,1.0833333333333333
9.0998,39.234,9.1136,39.22,"https://www.google.com/maps/dir/?api=1&origin=39.234%2C9.0998&destination=39.22%2C9.1136&travelmode=transit&departure_time=1760522400",21,1.0833333333333333
9.0998,39.234,9.114799999999999,39.22,"https://www.google.com/maps/dir/?api=1&origin=39.234%2C9.0998&destination=39.22%2C9.114799999999999&travelmode=transit&departure_time=1760522400",26,1.0833333333333333
9.0998,39.234,9.116,39.22,"https://www.google.com/maps/dir/?api=1&origin=39.234%2C9.0998&destination=39.22%2C9.116&travelmode=transit&departure_time=1760522400",24,1.0833333333333333
9.0998,39.234,9.117199999999999,39.22,"https://www.google.com/maps/dir/?api=1&origin=39.234%2C9.0998&destination=39.22%2C9.117199999999999&travelmode=transit&departure_time=1760522400",23,4.733333333333333
9.0998,39.234,9.1184,39.22,"https://www.google.com/maps/dir/?api=1&origin=39.234%2C9.0998&destination=39.22%2C9.1184&travelmode=transit&departure_time=1760522400",24,4.733333333333333
9.0998,39.234,9.1196,39.22,"https://www.google.com/maps/dir/?api=1&origin=39.234%2C9.0998&destination=39.22%2C9.1196&travelmode=transit&departure_time=1760522400",27,4.733333333333333
9.0998,39.234,9.1208,39.22,"https://www.google.com/maps/dir/?api=1&origin=39.234%2C9.0998&destination=39.22%2C9.1208&travelmode=transit&departure_time=1760522400",29,4.733333333333333
9.101,39.234,9.11,39.22,"https://www.google.com/maps/dir/?api=1&origin=39.234%2C9.101&destination=39.22%2C9.11&travelmode=transit&departure_time=1760522400",24,1.0666666666666667
9.101,39.234,9.1112,39.22,"https://www.google.com/maps/dir/?api=1&origin=39.234%2C9.101&destination=39.22%2C9.1112&travelmode=transit&departure_time=1760522400",21,1.0666666666666667
9.101,39.234,9.1124,39.22,"https://www.google.com/maps/dir/?api=1&origin=39.234%2C9.101&destination=39.22%2C9.1124&travelmode=transit&departure_time=1760522400",18,1.0666666666666667
9.101,39.234,9.1136,39.22,"https://www.google.com/maps/dir/?api=1&origin=39.234%2C9.101&destination=39.22%2C9.1136&travelmode=transit&departure_time=1760522400",18,1.0666666666666667
9.101,39.234,9.114799999999999,39.22,"https://www.google.com/maps/dir/?api=1&origin=39.234%2C9.101&destination=39.22%2C9.114799999999999&travelmode=transit&departure_time=1760522400",24,1.0666666666666667
9.101,39.234,9.116,39.22,"https://www.google.com/maps/dir/?api=1&origin=39.234%2C9.101&destination=39.22%2C9.116&travelmode=transit&departure_time=1760522400",22,1.0666666666666667
9.101,39.234,9.117199999999999,39.22,"https://www.google.com/maps/dir/?api=1&origin=39.234%2C9.101&destination=39.22%2C9.117199999999999&travelmode=transit&departure_time=1760522400",21,4.583333333333333
9.101,39.234,9.1184,39.22,"https://www.google.com/maps/dir/?api=1&origin=39.234%2C9.101&destination=39.22%2C9.1184&travelmode=transit&departure_time=1760522400",22,4.583333333333333
9.101,39.234,9.1196,39.22,"https://www.google.com/maps/dir/?api=1&origin=39.234%2C9.101&destination=39.22%2C9.1196&travelmode=transit&departure_time=1760522400",25,4.583333333333333
9.101,39.234,9.1208,39.22,"https://www.google.com/maps/dir/?api=1&origin=39.234%2C9.101&destination=39.22%2C9.1208&travelmode=transit&departure_time=1760522400",27,4.583333333333333
9.1022,39.234,9.11,39.22,"https://www.google.com/maps/dir/?api=1&origin=39.234%2C9.1022&destination=39.22%2C9.11&travelmode=transit&departure_time=1760522400",25,1.1333333333333333
9.1022,39.234,9.1112,39.22,"https://www.google.com/maps/dir/?api=1&origin=39.234%2C9.1022&destination=39.22%2C9.1112&travelmode=transit&departure_time=1760522400",22,1.1333333333333333
9.1022,39.234,9.1124,39.22,"https://www.google.com/maps/dir/?api=1&origin=39.234%2C9.1022&destination=39.22%2C9.1124&travelmode=transit&departure_time=1760522400",19,1.1333333333333333
9.1022,39.234,9.1136,39.22,"https://www.google.com/maps/dir/?api=1&origin=39.234%2C9.1022&destination=39.22%2C9.1136&travelmode=transit&departure_time=1760522400",19,1.1333333333333333
9.1022,39.234,9.114799999999999,39.22,"https://www.google.com/maps/dir/?api=1&origin=39.234%2C9.1022&destination=39.22%2C9.114799999999999&travelmode=transit&departure_time=1760522400",25,1.1333333333333333
9.1022,39.234,9.116,39.22,"https://www.google.com/maps/dir/?api=1&origin=39.234%2C9.1022&destination=39.22%2C9.116&travelmode=transit&departure_time=1760522400",23,1.1333333333333333
9.1022,39.234,9.117199999999999,39.22,"https://www.google.com/maps/dir/?api=1&origin=39.234%2C9.1022&destination=39.22%2C9.117199999999999&travelmode=transit&departure_time=1760522400",22,6.133333333333334
9.1022,39.234,9.1184,39.22,"https://www.google.com/maps/dir/?api=1&origin=39.234%2C9.1022&destination=39.22%2C9.1184&travelmode=transit&departure_time=1760522400",23,6.133333333333334
9.1022,39.234,9.1196,39.22,"https://www.google.com/maps/dir/?api=1&origin=39.234%2C9.1022&destination=39.22%2C9.1196&travelmode=transit&departure_time=1760522400",26,6.133333333333334
9.1022,39.234,9.1208,39.22,"https://www.google.com/maps/dir/?api=1&origin=39.234%2C9.1022&destination=39.22%2C9.1208&travelmode=transit&departure_time=1760522400",28,6.133333333333334
9.1034,39.234,9.11,39.22,"https://www.google.com/maps/dir/?api=1&origin=39.234%2C9.1034&destination=39.22%2C9.11&travelmode=transit&departure_time=1760522400",26,6.8
9.1034,39.234,9.1112,39.22,"https://www.google.com/maps/dir/?api=1&origin=39.234%2C9.1034&destination=39.22%2C9.1112&travelmode=transit&departure_time=1760522400",25,1.1
9.1034,39.234,9.1124,39.22,"https://www.google.com/maps/dir/?api=1&origin=39.234%2C9.1034&destination=39.22%2C9.1124&travelmode=transit&departure_time=1760522400",22,1.1
9.1034,39.234,9.1136,39.22,"https://www.google.com/maps/dir/?api=1&origin=39.234%2C9.1034&destination=39.22%2C9.1136&travelmode=transit&departure_time=1760522400",22,1.1
9.1034,39.234,9.114799999999999,39.22,"https://www.google.com/maps/dir/?api=1&origin=39.234%2C9.1034&destination=39.22%2C9.114799999999999&travelmode=transit&departure_time=1760522400",27,1.1
9.1034,39.234,9.116,39.22,"https://www.google.com/maps/dir/?api=1&origin=39.234%2C9.1034&destination=39.22%2C9.116&travelmode=transit&departure_time=1760522400",25,1.1
9.1034,39.234,9.117199999999999,39.22,"https://www.google.com/maps/dir/?api=1&origin=39.234%2C9.1034&destination=39.22%2C9.117199999999999&travelmode=transit&departure_time=1760522400",24,3.8833333333333333
9.1034,39.234,9.1184,39.22,"https://www.google.com/maps/dir/?api=1&origin=39.234%2C9.1034&destination=39.22%2C9.1184&travelmode=transit&departure_time=1760522400",24,3.8833333333333333
9.1034,39.234,9.1196,39.22,"https://www.google.com/maps/dir/?api=1&origin=39.234%2C9.1034&destination=39.22%2C9.1196&travelmode=transit&departure_time=1760522400",27,3.8833333333333333
9.1034,39.234,9.1208,39.22,"https://www.google.com/maps/dir/?api=1&origin=39.234%2C9.1034&destination=39.22%2C9.1208&travelmode=transit&departure_time=1760522400",29,3.8833333333333333
9.104600000000001,39.234,9.11,39.22,"https://www.google.com/maps/dir/?api=1&origin=39.234%2C9.104600000000001&destination=39.22%2C9.11&travelmode=transit&departure_time=1760522400",26,6.15
9.104600000000001,39.234,9.1112,39.22,"https://www.google.com/maps/dir/?api=1&origin=39.234%2C9.104600000000001&destination=39.22%2C9.1112&travelmode=transit&departure_time=1760522400",26,1.15
9.104600000000001,39.234,9.1124,39.22,"https://www.google.com/maps/dir/?api=1&origin=39.234%2C9.104600000000001&destination=39.22%2C9.1124&travelmode=transit&departure_time=1760522400",23,1.15
9.104600000000001,39.234,9.1136,39.22,"https://www.google.com/maps/dir/?api=1&origin=39.234%2C9.104600000000001&destination=39.22%2C9.1136&travelmode=transit&departure_time=1760522400",23,1.15
9.104600000000001,39.234,9.114799999999999,39.22,"https://www.google.com/maps/dir/?api=1&origin=39.234%2C9.104600000000001&destination=39.22%2C9.114799999999999&travelmode=transit&departure_time=1760522400",28,1.15
9.104600000000001,39.234,9.116,39.22,"https://www.google.com/maps/dir/?api=1&origin=39.234%2C9.104600000000001&destination=39.22%2C9.116&travelmode=transit&departure_time=1760522400",26,1.15
9.104600000000001,39.234,9.117199999999999,39.22,"https://www.google.com/maps/dir/?api=1&origin=39.234%2C9.104600000000001&destination=39.22%2C9.117199999999999&travelmode=transit&departure_time=1760522400",25,3.933333333333333
9.104600000000001,39.234,9.1184,39.22,"https://www.google.com/maps/dir/?api=1&origin=39.234%2C9.104600000000001&destination=39.22%2C9.1184&travelmode=transit&departure_time=1760522400",25,3.933333333333333
9.104600000000001,39.234,9.1196,39.22,"https://www.google.com/maps/dir/?api=1&origin=39.234%2C9.104600000000001&destination=39.22%2C9.1196&travelmode=transit&departure_time=1760522400",27,3.933333333333333
9.104600000000001,39.234,9.1208,39.22,"https://www.google.com/maps/dir/?api=1&origin=39.234%2C9.104600000000001&destination=39.22%2C9.1208&travelmode=transit&departure_time=1760522400",28,5.583333333333333
9.1058,39.234,9.11,39.22,"https://www.google.com/maps/dir/?api=1&origin=39.234%2C9.1058&destination=39.22%2C9.11&travelmode=transit&departure_time=1760522400",26,5.916666666666667
9.1058,39.234,9.1112,39.22,"https://www.google.com/maps/dir/?api=1&origin=39.234%2C9.1058&destination=39.22%2C9.1112&travelmode=transit&departure_time=1760522400",25,1.0333333333333334
9.1058,39.234,9.1124,39.22,"https://www.google.com/maps/dir/?api=1&origin=39.234%2C9.1058&destination=39.22%2C9.1124&travelmode=transit&departure_time=1760522400",22,1.0333333333333334
9.1058,39.234,9.1136,39.22,"https://www.google.com/maps/dir/?api=1&origin=39.234%2C9.1058&destination=39.22%2C9.1136&travelmode=transit&departure_time=1760522400",22,1.0333333333333334
9.1058,39.234,9.114799999999999,39.22,"https://www.google.com/maps/dir/?api=1&origin=39.234%2C9.1058&destination=39.22%2C9.114799999999999&travelmode=transit&departure_time=1760522400",27,1.0333333333333334
9.1058,39.234,9.116,39.22,"https://www.google.com/maps/dir/?api=1&origin=39.234%2C9.1058&destination=39.22%2C9.116&travelmode=transit&departure_time=1760522400",25,1.0333333333333334
9.1058,39.234,9.117199999999999,39.22,"https://www.google.com/maps/dir/?api=1&origin=39.234%2C9.1058&destination=39.22%2C9.117199999999999&travelmode=transit&departure_time=1760522400",24,3.816666666666667
9.1058,39.234,9.1184,39.22,"https://www.google.com/maps/dir/?api=1&origin=39.234%2C9.1058&destination=39.22%2C9.1184&travelmode=transit&departure_time=1760522400",24,3.816666666666667
9.1058,39.234,9.1196,39.22,"https://www.google.com/maps/dir/?api=1&origin=39.234%2C9.1058&destination=39.22%2C9.1196&travelmode=transit&departure_time=1760522400",27,3.816666666666667
9.1058,39.234,9.1208,39.22,"https://www.google.com/maps/dir/?api=1&origin=39.234%2C9.1058&destination=39.22%2C9.1208&travelmode=transit&departure_time=1760522400",29,3.816666666666667
9.095,39.235,9.11,39.22,"https://www.google.com/maps/dir/?api=1&origin=39.235%2C9.095&destination=39.22%2C9.11&travelmode=transit&departure_time=1760522400",25,1.1166666666666667
9.095,39.235,9.1112,39.22,"https://www.google.com/maps/dir/?api=1&origin=39.235%2C9.095&destination=39.22%2C9.1112&travelmode=transit&departure_time=1760522400",32,1.0166666666666666
9.095,39.235,9.1124,39.22,"https://www.google.com/maps/dir/?api=1&origin=39.235%2C9.095&destination=39.22%2C9.1124&travelmode=transit&departure_time=1760522400",29,1.0166666666666666
9.095,39.235,9.1136,39.22,"https://www.google.com/maps/dir/?api=1&origin=39.235%2C9.095&destination=39.22%2C9.1136&travelmode=transit&departure_time=1760522400",29,1.0166666666666666
9.095,39.235,9.114799999999999,39.22,"https://www.google.com/maps/dir/?api=1&origin=39.235%2C9.095&destination=39.22%2C9.114799999999999&travelmode=transit&departure_time=1760522400",35,1.0166666666666666
9.095,39.235,9.116,39.22,"https://www.google.com/maps/dir/?api=1&origin=39.235%2C9.095&destination=39.22%2C9.116&travelmode=transit&departure_time=1760522400",33,1.0166666666666666
9.095,39.235,9.117199999999999,39.22,"https://www.google.com/maps/dir/?api=1&origin=39.235%2C9.095&destination=39.22%2C9.117199999999999&travelmode=transit&departure_time=1760522400",34,3.8
9.095,39.235,9.1184,39.22,"https://www.google.com/maps/dir/?api=1&origin=39.235%2C9.095&destination=39.22%2C9.1184&travelmode=transit&departure_time=1760522400",35,3.8
9.095,39.235,9.1196,39.22,"https://www.google.com/maps/dir/?api=1&origin=39.235%2C9.095&destination=39.22%2C9.1196&travelmode=transit&departure_time=1760522400",38,3.8
9.095,39.235,9.1208,39.22,"https://www.google.com/maps/dir/?api=1&origin=39.235%2C9.095&destination=39.22%2C9.1208&travelmode=transit&departure_time=1760522400",37,2.85
9.096200000000001,39.235,9.11,39.22,"https://www.google.com/maps/dir/?api=1&origin=39.235%2C9.096200000000001&destination=39.22%2C9.11&travelmode=transit&departure_time=1760522400",23,1.0333333333333334
9.096200000000001,39.235,9.1112,39.22,"https://www.google.com/maps/dir/?api=1&origin=39.235%2C9.096200000000001&destination=39.22%2C9.1112&travelmode=transit&departure_time=1760522400",28,1.1
9.096200000000001,39.235,9.1124,39.22,"https://www.google.com/maps/dir/?api=1&origin=39.235%2C9.096200000000001&destination=39.22%2C9.1124&travelmode=transit&departure_time=1760522400",25,1.1
9.096200000000001,39.235,9.1136,39.22,"https://www.google.com/maps/dir/?api=1&origin=39.235%2C9.096200000000001&destination=39.22%2C9.1136&travelmode=transit&departure_time=1760522400",25,1.1
9.096200000000001,39.235,9.114799999999999,39.22,"https://www.google.com/maps/dir/?api=1&origin=39.235%2C9.096200000000001&destination=39.22%2C9.114799999999999&travelmode=transit&departure_time=1760522400",30,1.1
9.096200000000001,39.235,9.116,39.22,"https://www.google.com/maps/dir/?api=1&origin=39.235%2C9.096200000000001&destination=39.22%2C9.116&travelmode=transit&departure_time=1760522400",28,1.1
9.096200000000001,39.235,9.117199999999999,39.22,"https://www.google.com/maps/dir/?api=1&origin=39.235%2C9.096200000000001&destination=39.22%2C9.117199999999999&travelmode=transit&departure_time=1760522400",27,3.8833333333333333
9.096200000000001,39.235,9.1184,39.22,"https://www.google.com/maps/dir/?api=1&origin=39.235%2C9.096200000000001&destination=39.22%2C9.1184&travelmode=transit&departure_time=1760522400",27,3.8833333333333333
9.096200000000001,39.235,9.1196,39.22,"https://www.google.com/maps/dir/?api=1&origin=39.235%2C9.096200000000001&destination=39.22%2C9.1196&travelmode=transit&departure_time=1760522400",30,3.8833333333333333
9.096200000000001,39.235,9.1208,39.22,"https://www.google.com/maps/dir/?api=1&origin=39.235%2C9.096200000000001&destination=39.22%2C9.1208&travelmode=transit&departure_time=1760522400",32,7.716666666666667
9.0974,39.235,9.11,39.22,"https://www.google.com/maps/dir/?api=1&origin=39.235%2C9.0974&destination=39.22%2C9.11&travelmode=transit&departure_time=1760522400",22,1.0166666666666666
9.0974,39.235,9.1112,39.22,"https://www.google.com/maps/dir/?api=1&origin=39.235%2C9.0974&destination=39.22%2C9.1112&travelmode=transit&departure_time=1760522400",27,1.0666666666666667
9.0974,39.235,9.1124,39.22,"https://www.google.com/maps/dir/?api=1&origin=39.235%2C9.0974&destination=39.22%2C9.1124&travelmode=transit&departure_time=1760522400",24,1.0666666666666667
9.0974,39.235,9.1136,39.22,"https://www.google.com/maps/dir/?api=1&origin=39.235%2C9.0974&destination=39.22%2C9.1136&travelmode=transit&departure_time=1760522400",24,1.0666666666666667
9.0974,39.235,9.114799999999999,39.22,"https://www.google.com/maps/dir/?api=1&origin=39.235%2C9.0974&destination=39.22%2C9.114799999999999&travelmode=transit&departure_time=1760522400",29,1.0666666666666667
9.0974,39.235,9.116,39.22,"https://www.google.com/maps/dir/?api=1&origin=39.235%2C9.0974&destination=39.22%2C9.116&travelmode=transit&departure_time=1760522400",27,1.0666666666666667
9.0974,39.235,9.117199999999999,39.22,"https://www.google.com/maps/dir/?api=1&origin=39.235%2C9.0974&destination=39.22%2C9.117199999999999&travelmode=transit&departure_time=1760522400",26,3.85
9.0974,39.235,9.1184,39.22,"https://www.google.com/maps/dir/?api=1&origin=39.235%2C9.0974&destination=39.22%2C9.1184&travelmode=transit&departure_time=1760522400",26,3.85
9.0974,39.235,9.1196,39.22,"https://www.google.com/maps/dir/?api=1&origin=39.235%2C9.0974&destination=39.22%2C9.1196&travelmode=transit&departure_time=1760522400",29,3.85
9.0974,39.235,9.1208,39.22,"https://www.google.com/maps/dir/?api=1&origin=39.235%2C9.0974&destination=39.22%2C9.1208&travelmode=transit&departure_time=1760522400",30,7.4
9.098600000000001,39.235,9.11,39.22,"https://www.google.com/maps/dir/?api=1&origin=39.235%2C9.098600000000001&destination=39.22%2C9.11&travelmode=transit&departure_time=1760522400",24,1.1
9.098600000000001,39.235,9.1112,39.22,"https://www.google.com/maps/dir/?api=1&origin=39.235%2C9.098600000000001&destination=39.22%2C9.1112&travelmode=transit&departure_time=1760522400",24,1.1166666666666667
9.098600000000001,39.235,9.1124,39.22,"https://www.google.com/maps/dir/?api=1&origin=39.235%2C9.098600000000001&destination=39.22%2C9.1124&travelmode=transit&departure_time=1760522400",21,1.1166666666666667
9.098600000000001,39.235,9.1136,39.22,"https://www.google.com/maps/dir/?api=1&origin=39.235%2C9.098600000000001&destination=39.22%2C9.1136&travelmode=transit&departure_time=1760522400",21,1.1166666666666667
9.098600000000001,39.235,9.114799999999999,39.22,"https://www.google.com/maps/dir/?api=1&origin=39.235%2C9.098600000000001&destination=39.22%2C9.114799999999999&travelmode=transit&departure_time=1760522400",26,1.1166666666666667
9.098600000000001,39.235,9.116,39.22,"https://www.google.com/maps/dir/?api=1&origin=39.235%2C9.098600000000001&destination=39.22%2C9.116&travelmode=transit&departure_time=1760522400",24,1.1166666666666667
9.098600000000001,39.235,9.117199999999999,39.22,"https://www.google.com/maps/dir/?api=1&origin=39.235%2C9.098600000000001&destination=39.22%2C9.117199999999999&travelmode=transit&departure_time=1760522400",23,4.583333333333333
9.098600000000001,39.235,9.1184,39.22,"https://www.google.com/maps/dir/?api=1&origin=39.235%2C9.098600000000001&destination=39.22%2C9.1184&travelmode=transit&departure_time=1760522400",24,4.583333333333333
9.098600000000001,39.235,9.1196,39.22,"https://www.google.com/maps/dir/?api=1&origin=39.235%2C9.098600000000001&destination=39.22%2C9.1196&travelmode=transit&departure_time=1760522400",27,4.583333333333333
9.098600000000001,39.235,9.1208,39.22,"https://www.google.com/maps/dir/?api=1&origin=39.235%2C9.098600000000001&destination=39.22%2C9.1208&travelmode=transit&departure_time=1760522400",29,4.583333333333333
9.0998,39.235,9.11,39.22,"https://www.google.com/maps/dir/?api=1&origin=39.235%2C9.0998&destination=39.22%2C9.11&travelmode=transit&departure_time=1760522400",24,1.05
9.0998,39.235,9.1112,39.22,"https://www.google.com/maps/dir/?api=1&origin=39.235%2C9.0998&destination=39.22%2C9.1112&travelmode=transit&departure_time=1760522400",21,1.05
9.0998,39.235,9.1124,39.22,"https://www.google.com/maps/dir/?api=1&origin=39.235%2C9.0998&destination=39.22%2C9.1124&travelmode=transit&departure_time=1760522400",18,1.05
9.0998,39.235,9.1136,39.22,"https://www.google.com/maps/dir/?api=1&origin=39.235%2C9.0998&destination=39.22%2C9.1136&travelmode=transit&departure_time=1760522400",18,1.05
9.0998,39.235,9.114799999999999,39.22,"https://www.google.com/maps/dir/?api=1&origin=39.235%2C9.0998&destination=39.22%2C9.114799999999999&travelmode=transit&departure_time=1760522400",24,1.05
9.0998,39.235,9.116,39.22,"https://www.google.com/maps/dir/?api=1&origin=39.235%2C9.0998&destination=39.22%2C9.116&travelmode=transit&departure_time=1760522400",22,1.05
9.0998,39.235,9.117199999999999,39.22,"https://www.google.com/maps/dir/?api=1&origin=39.235%2C9.0998&destination=39.22%2C9.117199999999999&travelmode=transit&departure_time=1760522400",21,4.283333333333333
9.0998,39.235,9.1184,39.22,"https://www.google.com/maps/dir/?api=1&origin=39.235%2C9.0998&destination=39.22%2C9.1184&travelmode=transit&departure_time=1760522400",22,4.283333333333333
9.0998,39.235,9.1196,39.22,"https://www.google.com/maps/dir/?api=1&origin=39.235%2C9.0998&destination=39.22%2C9.1196&travelmode=transit&departure_time=1760522400",25,4.283333333333333
9.0998,39.235,9.1208,39.22,"https://www.google.com/maps/dir/?api=1&origin=39.235%2C9.0998&destination=39.22%2C9.1208&travelmode=transit&departure_time=1760522400",27,4.283333333333333
9.101,39.235,9.11,39.22,"https://www.google.com/maps/dir/?api=1&origin=39.235%2C9.101&destination=39.22%2C9.11&travelmode=transit&departure_time=1760522400",24,1.0666666666666667
9.101,39.235,9.1112,39.22,"https://www.google.com/maps/dir/?api=1&origin=39.235%2C9.101&destination=39.22%2C9.1112&travelmode=transit&departure_time=1760522400",21,1.0666666666666667
9.101,39.235,9.1124,39.22,"https://www.google.com/maps/dir/?api=1&origin=39.235%2C9.101&destination=39.22%2C9.1124&travelmode=transit&departure_time=1760522400",18,1.0666666666666667
9.101,39.235,9.1136,39.22,"https://www.google.com/maps/dir/?api=1&origin=39.235%2C9.101&destination=39.22%2C9.1136&travelmode=transit&departure_time=1760522400",18,1.0666666666666667
9.101,39.235,9.114799999999999,39.22,"https://www.google.com/maps/dir/?api=1&origin=39.235%2C9.101&destination=39.22%2C9.114799999999999&travelmode=transit&departure_time=1760522400",24,1.0666666666666667
9.101,39.235,9.116,39.22,"https://www.google.com/maps/dir/?api=1&origin=39.235%2C9.101&destination=39.22%2C9.116&travelmode=transit&departure_time=1760522400",22,1.0666666666666667
9.101,39.235,9.117199999999999,39.22,"https://www.google.com/maps/dir/?api=1&origin=39.235%2C9.101&destination=39.22%2C9.117199999999999&travelmode=transit&departure_time=1760522400",21,3.966666666666667
9.101,39.235,9.1184,39.22,"https://www.google.com/maps/dir/?api=1&origin=39.235%2C9.101&destination=39.22%2C9.1184&travelmode=transit&departure_time=1760522400",22,3.966666666666667
9.101,39.235,9.1196,39.22,"https://www.google.com/maps/dir/?api=1&origin=39.235%2C9.101&destination=39.22%2C9.1196&travelmode=transit&departure_time=1760522400",25,3.966666666666667
9.101,39.235,9.1208,39.22,"https://www.google.com/maps/dir/?api=1&origin=39.235%2C9.101&destination=39.22%2C9.1208&travelmode=transit&departure_time=1760522400",27,3.966666666666667
9.1022,39.235,9.11,39.22,"https://www.google.com/maps/dir/?api=1&origin=39.235%2C9.1022&destination=39.22%2C9.11&travelmode=transit&departure_time=1760522400",25,1.05
9.1022,39.235,9.1112,39.22,"https://www.google.com/maps/dir/?api=1&origin=39.235%2C9.1022&destination=39.22%2C9.1112&travelmode=transit&departure_time=1760522400",22,1.05
9.1022,39.235,9.1124,39.22,"https://www.google.com/maps/dir/?api=1&origin=39.235%2C9.1022&destination=39.22%2C9.1124&travelmode=transit&departure_time=1760522400",19,1.05
9.1022,39.235,9.1136,39.22,"https://www.google.com/maps/dir/?api=1&origin=39.235%2C9.1022&destination=39.22%2C9.1136&travelmode=transit&departure_time=1760522400",19,1.05
9.1022,39.235,9.114799999999999,39.22,"https://www.google.com/maps/dir/?api=1&origin=39.235%2C9.1022&destination=39.22%2C9.114799999999999&travelmode=transit&departure_time=1760522400",24,1.05
9.1022,39.235,9.116,39.22,"https://www.google.com/maps/dir/?api=1&origin=39.235%2C9.1022&destination=39.22%2C9.116&travelmode=transit&departure_time=1760522400",22,1.05
9.1022,39.235,9.117199999999999,39.22,"https://www.google.com/maps/dir/?api=1&origin=39.235%2C9.1022&destination=39.22%2C9.117199999999999&travelmode=transit&departure_time=1760522400",22,4.033333333333333
9.1022,39.235,9.1184,39.22,"https://www.google.com/maps/dir/?api=1&origin=39.235%2C9.1022&destination=39.22%2C9.1184&travelmode=transit&departure_time=1760522400",23,4.033333333333333
9.1022,39.235,9.1196,39.22,"https://www.google.com/maps/dir/?api=1&origin=39.235%2C9.1022&destination=39.22%2C9.1196&travelmode=transit&departure_time=1760522400",26,4.033333333333333
9.1022,39.235,9.1208,39.22,"https://www.google.com/maps/dir/?api=1&origin=39.235%2C9.1022&destination=39.22%2C9.1208&travelmode=transit&departure_time=1760522400",28,4.033333333333333
9.1034,39.235,9.11,39.22,"https://www.google.com/maps/dir/?api=1&origin=39.235%2C9.1034&destination=39.22%2C9.11&travelmode=transit&departure_time=1760522400",25,5.766666666666667
9.1034,39.235,9.1112,39.22,"https://www.google.com/maps/dir/?api=1&origin=39.235%2C9.1034&destination=39.22%2C9.1112&travelmode=transit&departure_time=1760522400",24,1.1333333333333333
9.1034,39.235,9.1124,39.22,"https://www.google.com/maps/dir/?api=1&origin=39.235%2C9.1034&destination=39.22%2C9.1124&travelmode=transit&departure_time=1760522400",21,1.1333333333333333
9.1034,39.235,9.1136,39.22,"https://www.google.com/maps/dir/?api=1&origin=39.235%2C9.1034&destination=39.22%2C9.1136&travelmode=transit&departure_time=1760522400",21,1.1333333333333333
9.1034,39.235,9.114799999999999,39.22,"https://www.google.com/maps/dir/?api=1&origin=39.235%2C9.1034&destination=39.22%2C9.114799999999999&travelmode=transit&departure_time=1760522400",26,1.1333333333333333
9.1034,39.235,9.116,39.22,"https://www.google.com/maps/dir/?api=1&origin=39.235%2C9.1034&destination=39.22%2C9.116&travelmode=transit&departure_time=1760522400",24,1.1333333333333333
9.1034,39.235,9.117199999999999,39.22,"https://www.google.com/maps/dir/?api=1&origin=39.235%2C9.1034&destination=39.22%2C9.117199999999999&travelmode=transit&departure_time=1760522400",23,4.4
9.1034,39.235,9.1184,39.22,"https://www.google.com/maps/dir/?api=1&origin=39.235%2C9.1034&destination=39.22%2C9.1184&travelmode=transit&departure_time=1760522400",24,4.4
9.1034,39.235,9.1196,39.22,"https://www.google.com/maps/dir/?api=1&origin=39.235%2C9.1034&destination=39.22%2C9.1196&travelmode=transit&departure_time=1760522400",27,4.4
9.1034,39.235,9.1208,39.22,"https://www.google.com/maps/dir/?api=1&origin=39.235%2C9.1034&destination=39.22%2C9.1208&travelmode=transit&departure_time=1760522400",28,4.4
9.104600000000001,39.235,9.11,39.22,"https://www.google.com/maps/dir/?api=1&origin=39.235%2C9.104600000000001&destination=39.22%2C9.11&travelmode=transit&departure_time=1760522400",25,5.85
9.104600000000001,39.235,9.1112,39.22,"https://www.google.com/maps/dir/?api=1&origin=39.235%2C9.104600000000001&destination=39.22%2C9.1112&travelmode=transit&departure_time=1760522400",27,1.1
9.104600000000001,39.235,9.1124,39.22,"https://www.google.com/maps/dir/?api=1&origin=39.235%2C9.104600000000001&destination=39.22%2C9.1124&travelmode=transit&departure_time=1760522400",24,1.1
9.104600000000001,39.235,9.1136,39.22,"https://www.google.com/maps/dir/?api=1&origin=39.235%2C9.104600000000001&destination=39.22%2C9.1136&travelmode=transit&departure_time=1760522400",24,1.1
9.104600000000001,39.235,9.114799999999999,39.22,"https://www.google.com/maps/dir/?api=1&origin=39.235%2C9.104600000000001&destination=39.22%2C9.114799999999999&travelmode=transit&departure_time=1760522400",28,1.1
9.104600000000001,39.235,9.116,39.22,"https://www.google.com/maps/dir/?api=1&origin=39.235%2C9.104600000000001&destination=39.22%2C9.116&travelmode=transit&departure_time=1760522400",26,1.1
9.104600000000001,39.235,9.117199999999999,39.22,"https://www.google.com/maps/dir/?api=1&origin=39.235%2C9.104600000000001&destination=39.22%2C9.117199999999999&travelmode=transit&departure_time=1760522400",24,3.8833333333333333
9.104600000000001,39.235,9.1184,39.22,"https://www.google.com/maps/dir/?api=1&origin=39.235%2C9.104600000000001&destination=39.22%2C9.1184&travelmode=transit&departure_time=1760522400",24,3.8833333333333333
9.104600000000001,39.235,9.1196,39.22,"https://www.google.com/maps/dir/?api=1&origin=39.235%2C9.104600000000001&destination=39.22%2C9.1196&travelmode=transit&departure_time=1760522400",26,3.8833333333333333
9.104600000000001,39.235,9.1208,39.22,"https://www.google.com/maps/dir/?api=1&origin=39.235%2C9.104600000000001&destination=39.22%2C9.1208&travelmode=transit&departure_time=1760522400",27,3.8833333333333333
9.1058,39.235,9.11,39.22,"https://www.google.com/maps/dir/?api=1&origin=39.235%2C9.1058&destination=39.22%2C9.11&travelmode=transit&departure_time=1760522400",24,3.4833333333333334
9.1058,39.235,9.1112,39.22,"https://www.google.com/maps/dir/?api=1&origin=39.235%2C9.1058&destination=39.22%2C9.1112&travelmode=transit&departure_time=1760522400",30,1.0833333333333333
9.1058,39.235,9.1124,39.22,"https://www.google.com/maps/dir/?api=1&origin=39.235%2C9.1058&destination=39.22%2C9.1124&travelmode=transit&departure_time=1760522400",27,1.0833333333333333
9.1058,39.235,9.1136,39.22,"https://www.google.com/maps/dir/?api=1&origin=39.235%2C9.1058&destination=39.22%2C9.1136&travelmode=transit&departure_time=1760522400",27,1.0833333333333333
9.1058,39.235,9.114799999999999,39.22,"https://www.google.com/maps/dir/?api=1&origin=39.235%2C9.1058&destination=39.22%2C9.114799999999999&travelmode=transit&departure_time=1760522400",28,4.15
9.1058,39.235,9.116,39.22,"https://www.google.com/maps/dir/?api=1&origin=39.235%2C9.1058&destination=39.22%2C9.116&travelmode=transit&departure_time=1760522400",26,4.15
9.1058,39.235,9.117199999999999,39.22,"https://www.google.com/maps/dir/?api=1&origin=39.235%2C9.1058&destination=39.22%2C9.117199999999999&travelmode=transit&departure_time=1760522400",23,4.15
9.1058,39.235,9.1184,39.22,"https://www.google.com/maps/dir/?api=1&origin=39.235%2C9.1058&destination=39.22%2C9.1184&travelmode=transit&departure_time=1760522400",23,4.15
9.1058,39.235,9.1196,39.22,"https://www.google.com/maps/dir/?api=1&origin=39.235%2C9.1058&destination=39.22%2C9.1196&travelmode=transit&departure_time=1760522400",25,4.15
9.1058,39.235,9.1208,39.22,"https://www.google.com/maps/dir/?api=1&origin=39.235%2C9.1058&destination=39.22%2C9.1208&travelmode=transit&departure_time=1760522400",26,4.15
9.095,39.236000000000004,9.11,39.22,"https://www.google.com/maps/dir/?api=1&origin=39.236000000000004%2C9.095&destination=39.22%2C9.11&travelmode=transit&departure_time=1760522400",25,1.1833333333333333
9.095,39.236000000000004,9.1112,39.22,"https://www.google.com/maps/dir/?api=1&origin=39.236000000000004%2C9.095&destination=39.22%2C9.1112&travelmode=transit&departure_time=1760522400",31,1.05
9.095,39.236000000000004,9.1124,39.22,"https://www.google.com/maps/dir/?api=1&origin=39.236000000000004%2C9.095&destination=39.22%2C9.1124&travelmode=transit&departure_time=1760522400",28,1.05
9.095,39.236000000000004,9.1136,39.22,"https://www.google.com/maps/dir/?api=1&origin=39.236000000000004%2C9.095&destination=39.22%2C9.1136&travelmode=transit&departure_time=1760522400",28,1.05
9.095,39.236000000000004,9.114799999999999,39.22,"https://www.google.com/maps/dir/?api=1&origin=39.236000000000004%2C9.095&destination=39.22%2C9.114799999999999&travelmode=transit&departure_time=1760522400",34,1.05
9.095,39.236000000000004,9.116,39.22,"https://www.google.com/maps/dir/?api=1&origin=39.236000000000004%2C9.095&destination=39.22%2C9.116&travelmode=transit&departure_time=1760522400",32,1.05
9.095,39.236000000000004,9.117199999999999,39.22,"https://www.google.com/maps/dir/?api=1&origin=39.236000000000004%2C9.095&destination=39.22%2C9.117199999999999&travelmode=transit&departure_time=1760522400",33,3.8333333333333335
9.095,39.236000000000004,9.1184,39.22,"https://www.google.com/maps/dir/?api=1&origin=39.236000000000004%2C9.095&destination=39.22%2C9.1184&travelmode=transit&departure_time=1760522400",34,3.8333333333333335
9.095,39.236000000000004,9.1196,39.22,"https://www.google.com/maps/dir/?api=1&origin=39.236000000000004%2C9.095&destination=39.22%2C9.1196&travelmode=transit&departure_time=1760522400",37,3.8333333333333335
9.095,39.236000000000004,9.1208,39.22,"https://www.google.com/maps/dir/?api=1&origin=39.236000000000004%2C9.095&destination=39.22%2C9.1208&travelmode=transit&departure_time=1760522400",36,7.666666666666667
9.096200000000001,39.236000000000004,9.11,39.22,"https://www.google.com/maps/dir/?api=1&origin=39.236000000000004%2C9.096200000000001&destination=39.22%2C9.11&travelmode=transit&departure_time=1760522400",24,1.15
9.096200000000001,39.236000000000004,9.1112,39.22,"https://www.google.com/maps/dir/?api=1&origin=39.236000000000004%2C9.096200000000001&destination=39.22%2C9.1112&travelmode=transit&departure_time=1760522400",30,1.0666666666666667
9.096200000000001,39.236000000000004,9.1124,39.22,"https://www.google.com/maps/dir/?api=1&origin=39.236000000000004%2C9.096200000000001&destination=39.22%2C9.1124&travelmode=transit&departure_time=1760522400",27,1.0666666666666667
9.096200000000001,39.236000000000004,9.1136,39.22,"https://www.google.com/maps/dir/?api=1&origin=39.236000000000004%2C9.096200000000001&destination=39.22%2C9.1136&travelmode=transit&departure_time=1760522400",27,1.0666666666666667
9.096200000000001,39.236000000000004,9.114799999999999,39.22,"https://www.google.com/maps/dir/?api=1&origin=39.236000000000004%2C9.096200000000001&destination=39.22%2C9.114799999999999&travelmode=transit&departure_time=1760522400",32,1.0666666666666667
9.096200000000001,39.236000000000004,9.116,39.22,"https://www.google.com/maps/dir/?api=1&origin=39.236000000000004%2C9.096200000000001&destination=39.22%2C9.116&travelmode=transit&departure_time=1760522400",30,1.0666666666666667
9.096200000000001,39.236000000000004,9.117199999999999,39.22,"https://www.google.com/maps/dir/?api=1&origin=39.236000000000004%2C9.096200000000001&destination=39.22%2C9.117199999999999&travelmode=transit&departure_time=1760522400",29,3.85
9.096200000000001,39.236000000000004,9.1184,39.22,"https://www.google.com/maps/dir/?api=1&origin=39.236000000000004%2C9.096200000000001&destination=39.22%2C9.1184&travelmode=transit&departure_time=1760522400",29,3.85
9.096200000000001,39.236000000000004,9.1196,39.22,"https://www.google.com/maps/dir/?api=1&origin=39.236000000000004%2C9.096200000000001&destination=39.22%2C9.1196&travelmode=transit&departure_time=1760522400",32,3.85
9.096200000000001,39.236000000000004,9.1208,39.22,"https://www.google.com/maps/dir/?api=1&origin=39.236000000000004%2C9.096200000000001&destination=39.22%2C9.1208&travelmode=transit&departure_time=1760522400",33,7.683333333333334
9.0974,39.236000000000004,9.11,39.22,"https://www.google.com/maps/dir/?api=1&origin=39.236000000000004%2C9.0974&destination=39.22%2C9.11&travelmode=transit&departure_time=1760522400",24,1.0333333333333334
9.0974,39.236000000000004,9.1112,39.22,"https://www.google.com/maps/dir/?api=1&origin=39.236000000000004%2C9.0974&destination=39.22%2C9.1112&travelmode=transit&departure_time=1760522400",28,1.0166666666666666
9.0974,39.236000000000004,9.1124,39.22,"https://www.google.com/maps/dir/?api=1&origin=39.236000000000004%2C9.0974&destination=39.22%2C9.1124&travelmode=transit&departure_time=1760522400",25,1.0166666666666666
9.0974,39.236000000000004,9.1136,39.22,"https://www.google.com/maps/dir/?api=1&origin=39.236000000000004%2C9.0974&destination=39.22%2C9.1136&travelmode=transit&departure_time=1760522400",25,1.0166666666666666
9.0974,39.236000000000004,9.114799999999999,39.22,"https://www.google.com/maps/dir/?api=1&origin=39.236000000000004%2C9.0974&destination=39.22%2C9.114799999999999&travelmode=transit&departure_time=1760522400",30,1.0166666666666666
9.0974,39.236000000000004,9.116,39.22,"https://www.google.com/maps/dir/?api=1&origin=39.236000000000004%2C9.0974&destination=39.22%2C9.116&travelmode=transit&departure_time=1760522400",28,1.0166666666666666
9.0974,39.236000000000004,9.117199999999999,39.22,"https://www.google.com/maps/dir/?api=1&origin=39.236000000000004%2C9.0974&destination=39.22%2C9.117199999999999&travelmode=transit&departure_time=1760522400",27,3.8
9.0974,39.236000000000004,9.1184,39.22,"https://www.google.com/maps/dir/?api=1&origin=39.236000000000004%2C9.0974&destination=39.22%2C9.1184&travelmode=transit&departure_time=1760522400",27,3.8
9.0974,39.236000000000004,9.1196,39.22,"https://www.google.com/maps/dir/?api=1&origin=39.236000000000004%2C9.0974&destination=39.22%2C9.1196&travelmode=transit&departure_time=1760522400",30,3.8
9.0974,39.236000000000004,9.1208,39.22,"https://www.google.com/maps/dir/?api=1&origin=39.236000000000004%2C9.0974&destination=39.22%2C9.1208&travelmode=transit&departure_time=1760522400",32,4.566666666666666
9.098600000000001,39.236000000000004,9.11,39.22,"https://www.google.com/maps/dir/?api=1&origin=39.236000000000004%2C9.098600000000001&destination=39.22%2C9.11&travelmode=transit&departure_time=1760522400",22,1.1333333333333333
9.098600000000001,39.236000000000004,9.1112,39.22,"https://www.google.com/maps/dir/?api=1&origin=39.236000000000004%2C9.098600000000001&destination=39.22%2C9.1112&travelmode=transit&departure_time=1760522400",24,1.1333333333333333
9.098600000000001,39.236000000000004,9.1124,39.22,"https://www.google.com/maps/dir/?api=1&origin=39.236000000000004%2C9.098600000000001&destination=39.22%2C9.1124&travelmode=transit&departure_time=1760522400",21,1.1333333333333333
9.098600000000001,39.236000000000004,9.1136,39.22,"https://www.google.com/maps/dir/?api=1&origin=39.236000000000004%2C9.098600000000001&destination=39.22%2C9.1136&travelmode=transit&departure_time=1760522400",21,1.1333333333333333
9.098600000000001,39.236000000000004,9.114799999999999,39.22,"https://www.google.com/maps/dir/?api=1&origin=39.236000000000004%2C9.098600000000001&destination=39.22%2C9.114799999999999&travelmode=transit&departure_time=1760522400",26,1.1333333333333333
9.098600000000001,39.236000000000004,9.116,39.22,"https://www.google.com/maps/dir/?api=1&origin=39.236000000000004%2C9.098600000000001&destination=39.22%2C9.116&travelmode=transit&departure_time=1760522400",24,1.1333333333333333
9.098600000000001,39.236000000000004,9.117199999999999,39.22,"https://www.google.com/maps/dir/?api=1&origin=39.236000000000004%2C9.098600000000001&destination=39.22%2C9.117199999999999&travelmode=transit&departure_time=1760522400",23,4.2
9.098600000000001,39.236000000000004,9.1184,39.22,"https://www.google.com/maps/dir/?api=1&origin=39.236000000000004%2C9.098600000000001&destination=39.22%2C9.1184&travelmode=transit&departure_time=1760522400",24,4.2
9.098600000000001,39.236000000000004,9.1196,39.22,"https://www.google.com/maps/dir/?api=1&origin=39.236000000000004%2C9.098600000000001&destination=39.22%2C9.1196&travelmode=transit&departure_time=1760522400",27,4.2
9.098600000000001,39.236000000000004,9.1208,39.22,"https://www.google.com/maps/dir/?api=1&origin=39.236000000000004%2C9.098600000000001&destination=39.22%2C9.1208&travelmode=transit&departure_time=1760522400",29,4.2
9.0998,39.236000000000004,9.11,39.22,"https://www.google.com/maps/dir/?api=1&origin=39.236000000000004%2C9.0998&destination=39.22%2C9.11&travelmode=transit&departure_time=1760522400",23,1.0666666666666667
9.0998,39.236000000000004,9.1112,39.22,"https://www.google.com/maps/dir/?api=1&origin=39.236000000000004%2C9.0998&destination=39.22%2C9.1112&travelmode=transit&departure_time=1760522400",22,1.0833333333333333
9.0998,39.236000000000004,9.1124,39.22,"https://www.google.com/maps/dir/?api=1&origin=39.236000000000004%2C9.0998&destination=39.22%2C9.1124&travelmode=transit&departure_time=1760522400",19,1.0833333333333333
9.0998,39.236000000000004,9.1136,39.22,"https://www.google.com/maps/dir/?api=1&origin=39.236000000000004%2C9.0998&destination=39.22%2C9.1136&travelmode=transit&departure_time=1760522400",19,1.0833333333333333
9.0998,39.236000000000004,9.114799999999999,39.22,"https://www.google.com/maps/dir/?api=1&origin=39.236000000000004%2C9.0998&destination=39.22%2C9.114799999999999&travelmode=transit&departure_time=1760522400",24,1.0833333333333333
9.0998,39.236000000000004,9.116,39.22,"https://www.google.com/maps/dir/?api=1&origin=39.236000000000004%2C9.0998&destination=39.22%2C9.116&travelmode=transit&departure_time=1760522400",22,1.0833333333333333
9.0998,39.236000000000004,9.117199999999999,39.22,"https://www.google.com/maps/dir/?api=1&origin=39.236000000000004%2C9.0998&destination=39.22%2C9.117199999999999&travelmode=transit&departure_time=1760522400",22,3.9833333333333334
9.0998,39.236000000000004,9.1184,39.22,"https://www.google.com/maps/dir/?api=1&origin=39.236000000000004%2C9.0998&destination=39.22%2C9.1184&travelmode=transit&departure_time=1760522400",23,3.9833333333333334
9.0998,39.236000000000004,9.1196,39.22,"https://www.google.com/maps/dir/?api=1&origin=39.236000000000004%2C9.0998&destination=39.22%2C9.1196&travelmode=transit&departure_time=1760522400",26,3.9833333333333334
9.0998,39.236000000000004,9.1208,39.22,"https://www.google.com/maps/dir/?api=1&origin=39.236000000000004%2C9.0998&destination=39.22%2C9.1208&travelmode=transit&departure_time=1760522400",28,3.9833333333333334
9.101,39.236000000000004,9.11,39.22,"https://www.google.com/maps/dir/?api=1&origin=39.236000000000004%2C9.101&destination=39.22%2C9.11&travelmode=transit&departure_time=1760522400",25,1.1333333333333333
9.101,39.236000000000004,9.1112,39.22,"https://www.google.com/maps/dir/?api=1&origin=39.236000000000004%2C9.101&destination=39.22%2C9.1112&travelmode=transit&departure_time=1760522400",22,1.1333333333333333
9.101,39.236000000000004,9.1124,39.22,"https://www.google.com/maps/dir/?api=1&origin=39.236000000000004%2C9.101&destination=39.22%2C9.1124&travelmode=transit&departure_time=1760522400",19,1.1333333333333333
9.101,39.236000000000004,9.1136,39.22,"https://www.google.com/maps/dir/?api=1&origin=39.236000000000004%2C9.101&destination=39.22%2C9.1136&travelmode=transit&departure_time=1760522400",19,1.1333333333333333
9.101,39.236000000000004,9.114799999999999,39.22,"https://www.google.com/maps/dir/?api=1&origin=39.236000000000004%2C9.101&destination=39.22%2C9.114799999999999&travelmode=transit&departure_time=1760522400",24,1.1333333333333333
9.101,39.236000000000004,9.116,39.22,"https://www.google.com/maps/dir/?api=1&origin=39.236000000000004%2C9.101&destination=39.22%2C9.116&travelmode=transit&departure_time=1760522400",22,1.1333333333333333
9.101,39.236000000000004,9.117199999999999,39.22,"https://www.google.com/maps/dir/?api=1&origin=39.236000000000004%2C9.101&destination=39.22%2C9.117199999999999&travelmode=transit&departure_time=1760522400",22,6.133333333333334
9.101,39.236000000000004,9.1184,39.22,"https://www.google.com/maps/dir/?api=1&origin=39.236000000000004%2C9.101&destination=39.22%2C9.1184&travelmode=transit&departure_time=1760522400",23,6.133333333333334
9.101,39.236000000000004,9.1196,39.22,"https://www.google.com/maps/dir/?api=1&origin=39.236000000000004%2C9.101&destination=39.22%2C9.1196&travelmode=transit&departure_time=1760522400",26,6.133333333333334
9.101,39.236000000000004,9.1208,39.22,"https://www.google.com/maps/dir/?api=1&origin=39.236000000000004%2C9.101&destination=39.22%2C9.1208&travelmode=transit&departure_time=1760522400",28,6.133333333333334
9.1022,39.236000000000004,9.11,39.22,"https://www.google.com/maps/dir/?api=1&origin=39.236000000000004%2C9.1022&destination=39.22%2C9.11&travelmode=transit&departure_time=1760522400",25,5.45
9.1022,39.236000000000004,9.1112,39.22,"https://www.google.com/maps/dir/?api=1&origin=39.236000000000004%2C9.1022&destination=39.22%2C9.1112&travelmode=transit&departure_time=1760522400",24,1.1166666666666667
9.1022,39.236000000000004,9.1124,39.22,"https://www.google.com/maps/dir/?api=1&origin=39.236000000000004%2C9.1022&destination=39.22%2C9.1124&travelmode=transit&departure_time=1760522400",21,1.1166666666666667
9.1022,39.236000000000004,9.1136,39.22,"https://www.google.com/maps/dir/?api=1&origin=39.236000000000004%2C9.1022&destination=39.22%2C9.1136&travelmode=transit&departure_time=1760522400",21,1.1166666666666667
9.1022,39.236000000000004,9.114799999999999,39.22,"https://www.google.com/maps/dir/?api=1&origin=39.236000000000004%2C9.1022&destination=39.22%2C9.114799999999999&travelmode=transit&departure_time=1760522400",26,1.1166666666666667
9.1022,39.236000000000004,9.116,39.22,"https://www.google.com/maps/dir/?api=1&origin=39.236000000000004%2C9.1022&destination=39.22%2C9.116&travelmode=transit&departure_time=1760522400",24,1.1166666666666667
9.1022,39.236000000000004,9.117199999999999,39.22,"https://www.google.com/maps/dir/?api=1&origin=39.236000000000004%2C9.1022&destination=39.22%2C9.117199999999999&travelmode=transit&departure_time=1760522400",23,3.8833333333333333
9.1022,39.236000000000004,9.1184,39.22,"https://www.google.com/maps/dir/?api=1&origin=39.236000000000004%2C9.1022&destination=39.22%2C9.1184&travelmode=transit&departure_time=1760522400",24,3.8833333333333333
9.1022,39.236000000000004,9.1196,39.22,"https://www.google.com/maps/dir/?api=1&origin=39.236000000000004%2C9.1022&destination=39.22%2C9.1196&travelmode=transit&departure_time=1760522400",26,3.8833333333333333
9.1022,39.236000000000004,9.1208,39.22,"https://www.google.com/maps/dir/?api=1&origin=39.236000000000004%2C9.1022&destination=39.22%2C9.1208&travelmode=transit&departure_time=1760522400",28,3.8833333333333333
9.1034,39.236000000000004,9.11,39.22,"https://www.google.com/maps/dir/?api=1&origin=39.236000000000004%2C9.1034&destination=39.22%2C9.11&travelmode=transit&departure_time=1760522400",25,7.383333333333334
9.1034,39.236000000000004,9.1112,39.22,"https://www.google.com/maps/dir/?api=1&origin=39.236000000000004%2C9.1034&destination=39.22%2C9.1112&travelmode=transit&departure_time=1760522400",26,1.1
9.1034,39.236000000000004,9.1124,39.22,"https://www.google.com/maps/dir/?api=1&origin=39.236000000000004%2C9.1034&destination=39.22%2C9.1124&travelmode=transit&departure_time=1760522400",23,1.1
9.1034,39.236000000000004,9.1136,39.22,"https://www.google.com/maps/dir/?api=1&origin=39.236000000000004%2C9.1034&destination=39.22%2C9.1136&travelmode=transit&departure_time=1760522400",23,1.1
9.1034,39.236000000000004,9.114799999999999,39.22,"https://www.google.com/maps/dir/?api=1&origin=39.236000000000004%2C9.1034&destination=39.22%2C9.114799999999999&travelmode=transit&departure_time=1760522400",28,1.1
9.1034,39.236000000000004,9.116,39.22,"https://www.google.com/maps/dir/?api=1&origin=39.236000000000004%2C9.1034&destination=39.22%2C9.116&travelmode=transit&departure_time=1760522400",26,1.1
9.1034,39.236000000000004,9.117199999999999,39.22,"https://www.google.com/maps/dir/?api=1&origin=39.236000000000004%2C9.1034&destination=39.22%2C9.117199999999999&travelmode=transit&departure_time=1760522400",24,3.8833333333333333
9.1034,39.236000000000004,9.1184,39.22,"https://www.google.com/maps/dir/?api=1&origin=39.236000000000004%2C9.1034&destination=39.22%2C9.1184&travelmode=transit&departure_time=1760522400",24,3.8833333333333333
9.1034,39.236000000000004,9.1196,39.22,"https://www.google.com/maps/dir/?api=1&origin=39.236000000000004%2C9.1034&destination=39.22%2C9.1196&travelmode=transit&departure_time=1760522400",26,3.8833333333333333
9.1034,39.236000000000004,9.1208,39.22,"https://www.google.com/maps/dir/?api=1&origin=39.236000000000004%2C9.1034&destination=39.22%2C9.1208&travelmode=transit&departure_time=1760522400",28,3.8833333333333333
9.104600000000001,39.236000000000004,9.11,39.22,"https://www.google.com/maps/dir/?api=1&origin=39.236000000000004%2C9.104600000000001&destination=39.22%2C9.11&travelmode=transit&departure_time=1760522400",24,5.5
9.104600000000001,39.236000000000004,9.1112,39.22,"https://www.google.com/maps/dir/?api=1&origin=39.236000000000004%2C9.104600000000001&destination=39.22%2C9.1112&travelmode=transit&departure_time=1760522400",27,1.0666666666666667
9.104600000000001,39.236000000000004,9.1124,39.22,"https://www.google.com/maps/dir/?api=1&origin=39.236000000000004%2C9.104600000000001&destination=39.22%2C9.1124&travelmode=transit&departure_time=1760522400",24,1.0666666666666667
9.104600000000001,39.236000000000004,9.1136,39.22,"https://www.google.com/maps/dir/?api=1&origin=39.236000000000004%2C9.104600000000001&destination=39.22%2C9.1136&travelmode=transit&departure_time=1760522400",24,1.0666666666666667
9.104600000000001,39.236000000000004,9.114799999999999,39.22,"https://www.google.com/maps/dir/?api=1&origin=39.236000000000004%2C9.104600000000001&destination=39.22%2C9.114799999999999&travelmode=transit&departure_time=1760522400",28,4.116666666666666
9.104600000000001,39.236000000000004,9.116,39.22,"https://www.google.com/maps/dir/?api=1&origin=39.236000000000004%2C9.104600000000001&destination=39.22%2C9.116&travelmode=transit&departure_time=1760522400",26,4.116666666666666
9.104600000000001,39.236000000000004,9.117199999999999,39.22,"https://www.google.com/maps/dir/?api=1&origin=39.236000000000004%2C9.104600000000001&destination=39.22%2C9.117199999999999&travelmode=transit&departure_time=1760522400",23,4.116666666666666
9.104600000000001,39.236000000000004,9.1184,39.22,"https://www.google.com/maps/dir/?api=1&origin=39.236000000000004%2C9.104600000000001&destination=39.22%2C9.1184&travelmode=transit&departure_time=1760522400",23,4.116666666666666
9.104600000000001,39.236000000000004,9.1196,39.22,"https://www.google.com/maps/dir/?api=1&origin=39.236000000000004%2C9.104600000000001&destination=39.22%2C9.1196&travelmode=transit&departure_time=1760522400",25,4.116666666666666
9.104600000000001,39.236000000000004,9.1208,39.22,"https://www.google.com/maps/dir/?api=1&origin=39.236000000000004%2C9.104600000000001&destination=39.22%2C9.1208&travelmode=transit&departure_time=1760522400",26,4.116666666666666
9.1058,39.236000000000004,9.11,39.22,"https://www.google.com/maps/dir/?api=1&origin=39.236000000000004%2C9.1058&destination=39.22%2C9.11&travelmode=transit&departure_time=1760522400",23,3.533333333333333
9.1058,39.236000000000004,9.1112,39.22,"https://www.google.com/maps/dir/?api=1&origin=39.236000000000004%2C9.1058&destination=39.22%2C9.1112&travelmode=transit&departure_time=1760522400",28,1.1666666666666667
9.1058,39.236000000000004,9.1124,39.22,"https://www.google.com/maps/dir/?api=1&origin=39.236000000000004%2C9.1058&destination=39.22%2C9.1124&travelmode=transit&departure_time=1760522400",25,1.1666666666666667
9.1058,39.236000000000004,9.1136,39.22,"https://www.google.com/maps/dir/?api=1&origin=39.236000000000004%2C9.1058&destination=39.22%2C9.1136&travelmode=transit&departure_time=1760522400",25,1.1666666666666667
9.1058,39.236000000000004,9.114799999999999,39.22,"https://www.google.com/maps/dir/?api=1&origin=39.236000000000004%2C9.1058&destination=39.22%2C9.114799999999999&travelmode=transit&departure_time=1760522400",27,4.2
9.1058,39.236000000000004,9.116,39.22,"https://www.google.com/maps/dir/?api=1&origin=39.236000000000004%2C9.1058&destination=39.22%2C9.116&travelmode=transit&departure_time=1760522400",25,4.2
9.1058,39.236000000000004,9.117199999999999,39.22,"https://www.google.com/maps/dir/?api=1&origin=39.236000000000004%2C9.1058&destination=39.22%2C9.117199999999999&travelmode=transit&departure_time=1760522400",22,4.2
9.1058,39.236000000000004,9.1184,39.22,"https://www.google.com/maps/dir/?api=1&origin=39.236000000000004%2C9.1058&destination=39.22%2C9.1184&travelmode=transit&departure_time=1760522400",22,4.2
9.1058,39.236000000000004,9.1196,39.22,"https://www.google.com/maps/dir/?api=1&origin=39.236000000000004%2C9.1058&destination=39.22%2C9.1196&travelmode=transit&departure_time=1760522400",24,4.2
9.1058,39.236000000000004,9.1208,39.22,"https://www.google.com/maps/dir/?api=1&origin=39.236000000000004%2C9.1058&destination=39.22%2C9.1208&travelmode=transit&departure_time=1760522400",24,4.2
9.095,39.237,9.11,39.22,"https://www.google.com/maps/dir/?api=1&origin=39.237%2C9.095&destination=39.22%2C9.11&travelmode=transit&departure_time=1760522400",27,1.1166666666666667
9.095,39.237,9.1112,39.22,"https://www.google.com/maps/dir/?api=1&origin=39.237%2C9.095&destination=39.22%2C9.1112&travelmode=transit&departure_time=1760522400",32,1.2166666666666666
9.095,39.237,9.1124,39.22,"https://www.google.com/maps/dir/?api=1&origin=39.237%2C9.095&destination=39.22%2C9.1124&travelmode=transit&departure_time=1760522400",29,1.2166666666666666
9.095,39.237,9.1136,39.22,"https://www.google.com/maps/dir/?api=1&origin=39.237%2C9.095&destination=39.22%2C9.1136&travelmode=transit&departure_time=1760522400",29,1.2166666666666666
9.095,39.237,9.114799999999999,39.22,"https://www.google.com/maps/dir/?api=1&origin=39.237%2C9.095&destination=39.22%2C9.114799999999999&travelmode=transit&departure_time=1760522400",35,1.2166666666666666
9.095,39.237,9.116,39.22,"https://www.google.com/maps/dir/?api=1&origin=39.237%2C9.095&destination=39.22%2C9.116&travelmode=transit&departure_time=1760522400",33,1.2166666666666666
9.095,39.237,9.117199999999999,39.22,"https://www.google.com/maps/dir/?api=1&origin=39.237%2C9.095&destination=39.22%2C9.117199999999999&travelmode=transit&departure_time=1760522400",34,4.0
9.095,39.237,9.1184,39.22,"https://www.google.com/maps/dir/?api=1&origin=39.237%2C9.095&destination=39.22%2C9.1184&travelmode=transit&departure_time=1760522400",35,4.0
9.095,39.237,9.1196,39.22,"https://www.google.com/maps/dir/?api=1&origin=39.237%2C9.095&destination=39.22%2C9.1196&travelmode=transit&departure_time=1760522400",38,4.0
9.095,39.237,9.1208,39.22,"https://www.google.com/maps/dir/?api=1&origin=39.237%2C9.095&destination=39.22%2C9.1208&travelmode=transit&departure_time=1760522400",38,7.833333333333333
9.096200000000001,39.237,9.11,39.22,"https://www.google.com/maps/dir/?api=1&origin=39.237%2C9.096200000000001&destination=39.22%2C9.11&travelmode=transit&departure_time=1760522400",27,1.1666666666666667
9.096200000000001,39.237,9.1112,39.22,"https://www.google.com/maps/dir/?api=1&origin=39.237%2C9.096200000000001&destination=39.22%2C9.1112&travelmode=transit&departure_time=1760522400",30,1.0166666666666666
9.096200000000001,39.237,9.1124,39.22,"https://www.google.com/maps/dir/?api=1&origin=39.237%2C9.096200000000001&destination=39.22%2C9.1124&travelmode=transit&departure_time=1760522400",27,1.0166666666666666
9.096200000000001,39.237,9.1136,39.22,"https://www.google.com/maps/dir/?api=1&origin=39.237%2C9.096200000000001&destination=39.22%2C9.1136&travelmode=transit&departure_time=1760522400",27,1.0166666666666666
9.096200000000001,39.237,9.114799999999999,39.22,"https://www.google.com/maps/dir/?api=1&origin=39.237%2C9.096200000000001&destination=39.22%2C9.114799999999999&travelmode=transit&departure_time=1760522400",32,1.0166666666666666
9.096200000000001,39.237,9.116,39.22,"https://www.google.com/maps/dir/?api=1&origin=39.237%2C9.096200000000001&destination=39.22%2C9.116&travelmode=transit&departure_time=1760522400",30,1.0166666666666666
9.096200000000001,39.237,9.117199999999999,39.22,"https://www.google.com/maps/dir/?api=1&origin=39.237%2C9.096200000000001&destination=39.22%2C9.117199999999999&travelmode=transit&departure_time=1760522400",29,3.8
9.096200000000001,39.237,9.1184,39.22,"https://www.google.com/maps/dir/?api=1&origin=39.237%2C9.096200000000001&destination=39.22%2C9.1184&travelmode=transit&departure_time=1760522400",29,3.8
9.096200000000001,39.237,9.1196,39.22,"https://www.google.com/maps/dir/?api=1&origin=39.237%2C9.096200000000001&destination=39.22%2C9.1196&travelmode=transit&departure_time=1760522400",32,3.8
9.096200000000001,39.237,9.1208,39.22,"https://www.google.com/maps/dir/?api=1&origin=39.237%2C9.096200000000001&destination=39.22%2C9.1208&travelmode=transit&departure_time=1760522400",33,4.566666666666666
9.0974,39.237,9.11,39.22,"https://www.google.com/maps/dir/?api=1&origin=39.237%2C9.0974&destination=39.22%2C9.11&travelmode=transit&departure_time=1760522400",25,1.0333333333333334
9.0974,39.237,9.1112,39.22,"https://www.google.com/maps/dir/?api=1&origin=39.237%2C9.0974&destination=39.22%2C9.1112&travelmode=transit&departure_time=1760522400",29,1.0833333333333333
9.0974,39.237,9.1124,39.22,"https://www.google.com/maps/dir/?api=1&origin=39.237%2C9.0974&destination=39.22%2C9.1124&travelmode=transit&departure_time=1760522400",26,1.0833333333333333
9.0974,39.237,9.1136,39.22,"https://www.google.com/maps/dir/?api=1&origin=39.237%2C9.0974&destination=39.22%2C9.1136&travelmode=transit&departure_time=1760522400",26,1.0833333333333333
9.0974,39.237,9.114799999999999,39.22,"https://www.google.com/maps/dir/?api=1&origin=39.237%2C9.0974&destination=39.22%2C9.114799999999999&travelmode=transit&departure_time=1760522400",31,1.0833333333333333
9.0974,39.237,9.116,39.22,"https://www.google.com/maps/dir/?api=1&origin=39.237%2C9.0974&destination=39.22%2C9.116&travelmode=transit&departure_time=1760522400",29,1.0833333333333333
9.0974,39.237,9.117199999999999,39.22,"https://www.google.com/maps/dir/?api=1&origin=39.237%2C9.0974&destination=39.22%2C9.117199999999999&travelmode=transit&departure_time=1760522400",28,3.8666666666666667
9.0974,39.237,9.1184,39.22,"https://www.google.com/maps/dir/?api=1&origin=39.237%2C9.0974&destination=39.22%2C9.1184&travelmode=transit&departure_time=1760522400",28,3.8666666666666667
9.0974,39.237,9.1196,39.22,"https://www.google.com/maps/dir/?api=1&origin=39.237%2C9.0974&destination=39.22%2C9.1196&travelmode=transit&departure_time=1760522400",31,3.8666666666666667
9.0974,39.237,9.1208,39.22,"https://www.google.com/maps/dir/?api=1&origin=39.237%2C9.0974&destination=39.22%2C9.1208&travelmode=transit&departure_time=1760522400",33,4.633333333333334
9.098600000000001,39.237,9.11,39.22,"https://www.google.com/maps/dir/?api=1&origin=39.237%2C9.098600000000001&destination=39.22%2C9.11&travelmode=transit&departure_time=1760522400",23,1.0333333333333334
9.098600000000001,39.237,9.1112,39.22,"https://www.google.com/maps/dir/?api=1&origin=39.237%2C9.098600000000001&destination=39.22%2C9.1112&travelmode=transit&departure_time=1760522400",25,1.05
9.098600000000001,39.237,9.1124,39.22,"https://www.google.com/maps/dir/?api=1&origin=39.237%2C9.098600000000001&destination=39.22%2C9.1124&travelmode=transit&departure_time=1760522400",22,1.05
9.098600000000001,39.237,9.1136,39.22,"https://www.google.com/maps/dir/?api=1&origin=39.237%2C9.098600000000001&destination=39.22%2C9.1136&travelmode=transit&departure_time=1760522400",22,1.05
9.098600000000001,39.237,9.114799999999999,39.22,"https://www.google.com/maps/dir/?api=1&origin=39.237%2C9.098600000000001&destination=39.22%2C9.114799999999999&travelmode=transit&departure_time=1760522400",27,1.05
9.098600000000001,39.237,9.116,39.22,"https://www.google.com/maps/dir/?api=1&origin=39.237%2C9.098600000000001&destination=39.22%2C9.116&travelmode=transit&departure_time=1760522400",25,1.05
9.098600000000001,39.237,9.117199999999999,39.22,"https://www.google.com/maps/dir/?api=1&origin=39.237%2C9.098600000000001&destination=39.22%2C9.117199999999999&travelmode=transit&departure_time=1760522400",24,3.8333333333333335
9.098600000000001,39.237,9.1184,39.22,"https://www.google.com/maps/dir/?api=1&origin=39.237%2C9.098600000000001&destination=39.22%2C9.1184&travelmode=transit&departure_time=1760522400",24,3.8333333333333335
9.098600000000001,39.237,9.1196,39.22,"https://www.google.com/maps/dir/?api=1&origin=39.237%2C9.098600000000001&destination=39.22%2C9.1196&travelmode=transit&departure_time=1760522400",26,3.8333333333333335
9.098600000000001,39.237,9.1208,39.22,"https://www.google.com/maps/dir/?api=1&origin=39.237%2C9.098600000000001&destination=39.22%2C9.1208&travelmode=transit&departure_time=1760522400",27,3.8333333333333335
9.0998,39.237,9.11,39.22,"https://www.google.com/maps/dir/?api=1&origin=39.237%2C9.0998&destination=39.22%2C9.11&travelmode=transit&departure_time=1760522400",23,1.2333333333333334
9.0998,39.237,9.1112,39.22,"https://www.google.com/maps/dir/?api=1&origin=39.237%2C9.0998&destination=39.22%2C9.1112&travelmode=transit&departure_time=1760522400",24,1.0666666666666667
9.0998,39.237,9.1124,39.22,"https://www.google.com/maps/dir/?api=1&origin=39.237%2C9.0998&destination=39.22%2C9.1124&travelmode=transit&departure_time=1760522400",21,1.0666666666666667
9.0998,39.237,9.1136,39.22,"https://www.google.com/maps/dir/?api=1&origin=39.237%2C9.0998&destination=39.22%2C9.1136&travelmode=transit&departure_time=1760522400",21,1.0666666666666667
9.0998,39.237,9.114799999999999,39.22,"https://www.google.com/maps/dir/?api=1&origin=39.237%2C9.0998&destination=39.22%2C9.114799999999999&travelmode=transit&departure_time=1760522400",26,1.0666666666666667
9.0998,39.237,9.116,39.22,"https://www.google.com/maps/dir/?api=1&origin=39.237%2C9.0998&destination=39.22%2C9.116&travelmode=transit&departure_time=1760522400",24,1.0666666666666667
9.0998,39.237,9.117199999999999,39.22,"https://www.google.com/maps/dir/?api=1&origin=39.237%2C9.0998&destination=39.22%2C9.117199999999999&travelmode=transit&departure_time=1760522400",23,4.05
9.0998,39.237,9.1184,39.22,"https://www.google.com/maps/dir/?api=1&origin=39.237%2C9.0998&destination=39.22%2C9.1184&travelmode=transit&departure_time=1760522400",23,4.05
9.0998,39.237,9.1196,39.22,"https://www.google.com/maps/dir/?api=1&origin=39.237%2C9.0998&destination=39.22%2C9.1196&travelmode=transit&departure_time=1760522400",25,4.05
9.0998,39.237,9.1208,39.22,"https://www.google.com/maps/dir/?api=1&origin=39.237%2C9.0998&destination=39.22%2C9.1208&travelmode=transit&departure_time=1760522400",26,4.05
9.101,39.237,9.11,39.22,"https://www.google.com/maps/dir/?api=1&origin=39.237%2C9.101&destination=39.22%2C9.11&travelmode=transit&departure_time=1760522400",24,6.416666666666667
9.101,39.237,9.1112,39.22,"https://www.google.com/maps/dir/?api=1&origin=39.237%2C9.101&destination=39.22%2C9.1112&travelmode=transit&departure_time=1760522400",25,1.05
9.101,39.237,9.1124,39.22,"https://www.google.com/maps/dir/?api=1&origin=39.237%2C9.101&destination=39.22%2C9.1124&travelmode=transit&departure_time=1760522400",22,1.05
9.101,39.237,9.1136,39.22,"https://www.google.com/maps/dir/?api=1&origin=39.237%2C9.101&destination=39.22%2C9.1136&travelmode=transit&departure_time=1760522400",22,1.05
9.101,39.237,9.114799999999999,39.22,"https://www.google.com/maps/dir/?api=1&origin=39.237%2C9.101&destination=39.22%2C9.114799999999999&travelmode=transit&departure_time=1760522400",27,1.05
9.101,39.237,9.116,39.22,"https://www.google.com/maps/dir/?api=1&origin=39.237%2C9.101&destination=39.22%2C9.116&travelmode=transit&departure_time=1760522400",25,1.05
9.101,39.237,9.117199999999999,39.22,"https://www.google.com/maps/dir/?api=1&origin=39.237%2C9.101&destination=39.22%2C9.117199999999999&travelmode=transit&departure_time=1760522400",23,3.8333333333333335
9.101,39.237,9.1184,39.22,"https://www.google.com/maps/dir/?api=1&origin=39.237%2C9.101&destination=39.22%2C9.1184&travelmode=transit&departure_time=1760522400",23,3.8333333333333335
9.101,39.237,9.1196,39.22,"https://www.google.com/maps/dir/?api=1&origin=39.237%2C9.101&destination=39.22%2C9.1196&travelmode=transit&departure_time=1760522400",25,3.8333333333333335
9.101,39.237,9.1208,39.22,"https://www.google.com/maps/dir/?api=1&origin=39.237%2C9.101&destination=39.22%2C9.1208&travelmode=transit&departure_time=1760522400",26,3.8333333333333335
9.1022,39.237,9.11,39.22,"https://www.google.com/maps/dir/?api=1&origin=39.237%2C9.1022&destination=39.22%2C9.11&travelmode=transit&departure_time=1760522400",24,6.233333333333333
9.1022,39.237,9.1112,39.22,"https://www.google.com/maps/dir/?api=1&origin=39.237%2C9.1022&destination=39.22%2C9.1112&travelmode=transit&departure_time=1760522400",25,1.1833333333333333
9.1022,39.237,9.1124,39.22,"https://www.google.com/maps/dir/?api=1&origin=39.237%2C9.1022&destination=39.22%2C9.1124&travelmode=transit&departure_time=1760522400",22,1.1833333333333333
9.1022,39.237,9.1136,39.22,"https://www.google.com/maps/dir/?api=1&origin=39.237%2C9.1022&destination=39.22%2C9.1136&travelmode=transit&departure_time=1760522400",22,1.1833333333333333
9.1022,39.237,9.114799999999999,39.22,"https://www.google.com/maps/dir/?api=1&origin=39.237%2C9.1022&destination=39.22%2C9.114799999999999&travelmode=transit&departure_time=1760522400",27,1.1833333333333333
9.1022,39.237,9.116,39.22,"https://www.google.com/maps/dir/?api=1&origin=39.237%2C9.1022&destination=39.22%2C9.116&travelmode=transit&departure_time=1760522400",25,1.1833333333333333
9.1022,39.237,9.117199999999999,39.22,"https://www.google.com/maps/dir/?api=1&origin=39.237%2C9.1022&destination=39.22%2C9.117199999999999&travelmode=transit&departure_time=1760522400",23,3.966666666666667
9.1022,39.237,9.1184,39.22,"https://www.google.com/maps/dir/?api=1&origin=39.237%2C9.1022&destination=39.22%2C9.1184&travelmode=transit&departure_time=1760522400",23,3.966666666666667
9.1022,39.237,9.1196,39.22,"https://www.google.com/maps/dir/?api=1&origin=39.237%2C9.1022&destination=39.22%2C9.1196&travelmode=transit&departure_time=1760522400",25,3.966666666666667
9.1022,39.237,9.1208,39.22,"https://www.google.com/maps/dir/?api=1&origin=39.237%2C9.1022&destination=39.22%2C9.1208&travelmode=transit&departure_time=1760522400",25,3.966666666666667
9.1034,39.237,9.11,39.22,"https://www.google.com/maps/dir/?api=1&origin=39.237%2C9.1034&destination=39.22%2C9.11&travelmode=transit&departure_time=1760522400",25,5.5
9.1034,39.237,9.1112,39.22,"https://www.google.com/maps/dir/?api=1&origin=39.237%2C9.1034&destination=39.22%2C9.1112&travelmode=transit&departure_time=1760522400",27,1.0666666666666667
9.1034,39.237,9.1124,39.22,"https://www.google.com/maps/dir/?api=1&origin=39.237%2C9.1034&destination=39.22%2C9.1124&travelmode=transit&departure_time=1760522400",24,1.0666666666666667
9.1034,39.237,9.1136,39.22,"https://www.google.com/maps/dir/?api=1&origin=39.237%2C9.1034&destination=39.22%2C9.1136&travelmode=transit&departure_time=1760522400",24,1.0666666666666667
9.1034,39.237,9.114799999999999,39.22,"https://www.google.com/maps/dir/?api=1&origin=39.237%2C9.1034&destination=39.22%2C9.114799999999999&travelmode=transit&departure_time=1760522400",29,4.083333333333333
9.1034,39.237,9.116,39.22,"https://www.google.com/maps/dir/?api=1&origin=39.237%2C9.1034&destination=39.22%2C9.116&travelmode=transit&departure_time=1760522400",27,4.083333333333333
9.1034,39.237,9.117199999999999,39.22,"https://www.google.com/maps/dir/?api=1&origin=39.237%2C9.1034&destination=39.22%2C9.117199999999999&travelmode=transit&departure_time=1760522400",24,4.083333333333333
9.1034,39.237,9.1184,39.22,"https://www.google.com/maps/dir/?api=1&origin=39.237%2C9.1034&destination=39.22%2C9.1184&travelmode=transit&departure_time=1760522400",24,4.083333333333333
9.1034,39.237,9.1196,39.22,"https://www.google.com/maps/dir/?api=1&origin=39.237%2C9.1034&destination=39.22%2C9.1196&travelmode=transit&departure_time=1760522400",26,4.083333333333333
9.1034,39.237,9.1208,39.22,"https://www.google.com/maps/dir/?api=1&origin=39.237%2C9.1034&destination=39.22%2C9.1208&travelmode=transit&departure_time=1760522400",27,4.083333333333333
9.104600000000001,39.237,9.11,39.22,"https://www.google.com/maps/dir/?api=1&origin=39.237%2C9.104600000000001&destination=39.22%2C9.11&travelmode=transit&departure_time=1760522400",23,5.5
9.104600000000001,39.237,9.1112,39.22,"https://www.google.com/maps/dir/?api=1&origin=39.237%2C9.104600000000001&destination=39.22%2C9.1112&travelmode=transit&departure_time=1760522400",28,1.0666666666666667
9.104600000000001,39.237,9.1124,39.22,"https://www.google.com/maps/dir/?api=1&origin=39.237%2C9.104600000000001&destination=39.22%2C9.1124&travelmode=transit&departure_time=1760522400",25,1.0666666666666667
9.104600000000001,39.237,9.1136,39.22,"https://www.google.com/maps/dir/?api=1&origin=39.237%2C9.104600000000001&destination=39.22%2C9.1136&travelmode=transit&departure_time=1760522400",25,1.0666666666666667
9.104600000000001,39.237,9.114799999999999,39.22,"https://www.google.com/maps/dir/?api=1&origin=39.237%2C9.104600000000001&destination=39.22%2C9.114799999999999&travelmode=transit&departure_time=1760522400",27,4.083333333333333
9.104600000000001,39.237,9.116,39.22,"https://www.google.com/maps/dir/?api=1&origin=39.237%2C9.104600000000001&destination=39.22%2C9.116&travelmode=transit&departure_time=1760522400",25,4.083333333333333
9.104600000000001,39.237,9.117199999999999,39.22,"https://www.google.com/maps/dir/?api=1&origin=39.237%2C9.104600000000001&destination=39.22%2C9.117199999999999&travelmode=transit&departure_time=1760522400",22,4.083333333333333
9.104600000000001,39.237,9.1184,39.22,"https://www.google.com/maps/dir/?api=1&origin=39.237%2C9.104600000000001&destination=39.22%2C9.1184&travelmode=transit&departure_time=1760522400",22,4.083333333333333
9.104600000000001,39.237,9.1196,39.22,"https://www.google.com/maps/dir/?api=1&origin=39.237%2C9.104600000000001&destination=39.22%2C9.1196&travelmode=transit&departure_time=1760522400",24,4.083333333333333
9.104600000000001,39.237,9.1208,39.22,"https://www.google.com/maps/dir/?api=1&origin=39.237%2C9.104600000000001&destination=39.22%2C9.1208&travelmode=transit&departure_time=1760522400",24,4.083333333333333
9.1058,39.237,9.11,39.22,"https://www.google.com/maps/dir/?api=1&origin=39.237%2C9.1058&destination=39.22%2C9.11&travelmode=transit&departure_time=1760522400",22,1.0166666666666666
9.1058,39.237,9.1112,39.22,"https://www.google.com/maps/dir/?api=1&origin=39.237%2C9.1058&destination=39.22%2C9.1112&travelmode=transit&departure_time=1760522400",25,3.716666666666667
9.1058,39.237,9.1124,39.22,"https://www.google.com/maps/dir/?api=1&origin=39.237%2C9.1058&destination=39.22%2C9.1124&travelmode=transit&departure_time=1760522400",22,3.716666666666667
9.1058,39.237,9.1136,39.22,"https://www.google.com/maps/dir/?api=1&origin=39.237%2C9.1058&destination=39.22%2C9.1136&travelmode=transit&departure_time=1760522400",22,3.716666666666667
9.1058,39.237,9.114799999999999,39.22,"https://www.google.com/maps/dir/?api=1&origin=39.237%2C9.1058&destination=39.22%2C9.114799999999999&travelmode=transit&departure_time=1760522400",25,3.716666666666667
9.1058,39.237,9.116,39.22,"https://www.google.com/maps/dir/?api=1&origin=39.237%2C9.1058&destination=39.22%2C9.116&travelmode=transit&departure_time=1760522400",23,3.716666666666667
9.1058,39.237,9.117199999999999,39.22,"https://www.google.com/maps/dir/?api=1&origin=39.237%2C9.1058&destination=39.22%2C9.117199999999999&travelmode=transit&departure_time=1760522400",21,4.216666666666667
9.1058,39.237,9.1184,39.22,"https://www.google.com/maps/dir/?api=1&origin=39.237%2C9.1058&destination=39.22%2C9.1184&travelmode=transit&departure_time=1760522400",21,4.216666666666667
9.1058,39.237,9.1196,39.22,"https://www.google.com/maps/dir/?api=1&origin=39.237%2C9.1058&destination=39.22%2C9.1196&travelmode=transit&departure_time=1760522400",22,4.216666666666667
9.1058,39.237,9.1208,39.22,"https://www.google.com/maps/dir/?api=1&origin=39.237%2C9.1058&destination=39.22%2C9.1208&travelmode=transit&departure_time=1760522400",22,4.216666666666667
