from_lon,from_lat,to_lon,to_lat,google_maps_transit_url,travel_time
9.095,39.228,9.11,39.22,"https://www.google.com/maps/dir/?api=1&origin=39.228%2C9.095&destination=39.22%2C9.11&travelmode=transit",24
9.095,39.228,9.1112,39.22,"https://www.google.com/maps/dir/?api=1&origin=39.228%2C9.095&destination=39.22%2C9.1112&travelmode=transit",37
9.095,39.228,9.1124,39.22,"https://www.google.com/maps/dir/?api=1&origin=39.228%2C9.095&destination=39.22%2C9.1124&travelmode=transit",28
9.095,39.228,9.1136,39.22,"https://www.google.com/maps/dir/?api=1&origin=39.228%2C9.095&destination=39.22%2C9.1136&travelmode=transit",30
9.095,39.228,9.114799999999999,39.22,"https://www.google.com/maps/dir/?api=1&origin=39.228%2C9.095&destination=39.22%2C9.114799999999999&travelmode=transit",34
9.095,39.228,9.116,39.22,"https://www.google.com/maps/dir/?api=1&origin=39.228%2C9.095&destination=39.22%2C9.116&travelmode=transit",35
9.095,39.228,9.117199999999999,39.22,"https://www.google.com/maps/dir/?api=1&origin=39.228%2C9.095&destination=39.22%2C9.117199999999999&travelmode=transit",35
9.095,39.228,9.1184,39.22,"https://www.google.com/maps/dir/?api=1&origin=39.228%2C9.095&destination=39.22%2C9.1184&travelmode=transit",36
9.095,39.228,9.1196,39.22,"https://www.google.com/maps/dir/?api=1&origin=39.228%2C9.095&destination=39.22%2C9.1196&travelmode=transit",37
9.095,39.228,9.1208,39.22,"https://www.google.com/maps/dir/?api=1&origin=39.228%2C9.095&destination=39.22%2C9.1208&travelmode=transit",36
9.096200000000001,39.228,9.11,39.22,"https://www.google.com/maps/dir/?api=1&origin=39.228%2C9.096200000000001&destination=39.22%2C9.11&travelmode=transit",29
9.096200000000001,39.228,9.1112,39.22,"https://www.google.com/maps/dir/?api=1&origin=39.228%2C9.096200000000001&destination=39.22%2C9.1112&travelmode=transit",42
9.096200000000001,39.228,9.1124,39.22,"https://www.google.com/maps/dir/?api=1&origin=39.228%2C9.096200000000001&destination=39.22%2C9.1124&travelmode=transit",33
9.096200000000001,39.228,9.1136,39.22,"https://www.google.com/maps/dir/?api=1&origin=39.228%2C9.096200000000001&destination=39.22%2C9.1136&travelmode=transit",34
9.096200000000001,39.228,9.114799999999999,39.22,"https://www.google.com/maps/dir/?api=1&origin=39.228%2C9.096200000000001&destination=39.22%2C9.114799999999999&travelmode=transit",39
9.096200000000001,39.228,9.116,39.22,"https://www.google.com/maps/dir/?api=1&origin=39.228%2C9.096200000000001&destination=39.22%2C9.116&travelmode=transit",38
9.096200000000001,39.228,9.117199999999999,39.22,"https://www.google.com/maps/dir/?api=1&origin=39.228%2C9.096200000000001&destination=39.22%2C9.117199999999999&travelmode=transit",36
9.096200000000001,39.228,9.1184,39.22,"https://www.google.com/maps/dir/?api=1&origin=39.228%2C9.096200000000001&destination=39.22%2C9.1184&travelmode=transit",36
9.096200000000001,39.228,9.1196,39.22,"https://www.google.com/maps/dir/?api=1&origin=39.228%2C9.096200000000001&destination=39.22%2C9.1196&travelmode=transit",39
9.096200000000001,39.228,9.1208,39.22,"https://www.google.com/maps/dir/?api=1&origin=39.228%2C9.096200000000001&destination=39.22%2C9.1208&travelmode=transit",41
9.0974,39.228,9.11,39.22,"https://www.google.com/maps/dir/?api=1&origin=39.228%2C9.0974&destination=39.22%2C9.11&travelmode=transit",19
9.0974,39.228,9.1112,39.22,"https://www.google.com/maps/dir/?api=1&origin=39.228%2C9.0974&destination=39.22%2C9.1112&travelmode=transit",33
9.0974,39.228,9.1124,39.22,"https://www.google.com/maps/dir/?api=1&origin=39.228%2C9.0974&destination=39.22%2C9.1124&travelmode=transit",24
9.0974,39.228,9.1136,39.22,"https://www.google.com/maps/dir/?api=1&origin=39.228%2C9.0974&destination=39.22%2C9.1136&travelmode=transit",25
9.0974,39.228,9.114799999999999,39.22,"https://www.google.com/maps/dir/?api=1&origin=39.228%2C9.0974&destination=39.22%2C9.114799999999999&travelmode=transit",29
9.0974,39.228,9.116,39.22,"https://www.google.com/maps/dir/?api=1&origin=39.228%2C9.0974&destination=39.22%2C9.116&travelmode=transit",29
9.0974,39.228,9.117199999999999,39.22,"https://www.google.com/maps/dir/?api=1&origin=39.228%2C9.0974&destination=39.22%2C9.117199999999999&travelmode=transit",28
9.0974,39.228,9.1184,39.22,"https://www.google.com/maps/dir/?api=1&origin=39.228%2C9.0974&destination=39.22%2C9.1184&travelmode=transit",28
9.0974,39.228,9.1196,39.22,"https://www.google.com/maps/dir/?api=1&origin=39.228%2C9.0974&destination=39.22%2C9.1196&travelmode=transit",30
9.0974,39.228,9.1208,39.22,"https://www.google.com/maps/dir/?api=1&origin=39.228%2C9.0974&destination=39.22%2C9.1208&travelmode=transit",29
9.098600000000001,39.228,9.11,39.22,"https://www.google.com/maps/dir/?api=1&origin=39.228%2C9.098600000000001&destination=39.22%2C9.11&travelmode=transit",18
9.098600000000001,39.228,9.1112,39.22,"https://www.google.com/maps/dir/?api=1&origin=39.228%2C9.098600000000001&destination=39.22%2C9.1112&travelmode=transit",31
9.098600000000001,39.228,9.1124,39.22,"https://www.google.com/maps/dir/?api=1&origin=39.228%2C9.098600000000001&destination=39.22%2C9.1124&travelmode=transit",22
9.098600000000001,39.228,9.1136,39.22,"https://www.google.com/maps/dir/?api=1&origin=39.228%2C9.098600000000001&destination=39.22%2C9.1136&travelmode=transit",23
9.098600000000001,39.228,9.114799999999999,39.22,"https://www.google.com/maps/dir/?api=1&origin=39.228%2C9.098600000000001&destination=39.22%2C9.114799999999999&travelmode=transit",28
9.098600000000001,39.228,9.116,39.22,"https://www.google.com/maps/dir/?api=1&origin=39.228%2C9.098600000000001&destination=39.22%2C9.116&travelmode=transit",27
9.098600000000001,39.228,9.117199999999999,39.22,"https://www.google.com/maps/dir/?api=1&origin=39.228%2C9.098600000000001&destination=39.22%2C9.117199999999999&travelmode=transit",26
9.098600000000001,39.228,9.1184,39.22,"https://www.google.com/maps/dir/?api=1&origin=39.228%2C9.098600000000001&destination=39.22%2C9.1184&travelmode=transit",26
9.098600000000001,39.228,9.1196,39.22,"https://www.google.com/maps/dir/?api=1&origin=39.228%2C9.098600000000001&destination=39.22%2C9.1196&travelmode=transit",28
9.098600000000001,39.228,9.1208,39.22,"https://www.google.com/maps/dir/?api=1&origin=39.228%2C9.098600000000001&destination=39.22%2C9.1208&travelmode=transit",28
9.0998,39.228,9.11,39.22,"https://www.google.com/maps/dir/?api=1&origin=39.228%2C9.0998&destination=39.22%2C9.11&travelmode=transit",16
9.0998,39.228,9.1112,39.22,"https://www.google.com/maps/dir/?api=1&origin=39.228%2C9.0998&destination=39.22%2C9.1112&travelmode=transit",29
9.0998,39.228,9.1124,39.22,"https://www.google.com/maps/dir/?api=1&origin=39.228%2C9.0998&destination=39.22%2C9.1124&travelmode=transit",21
9.0998,39.228,9.1136,39.22,"https://www.google.com/maps/dir/?api=1&origin=39.228%2C9.0998&destination=39.22%2C9.1136&travelmode=transit",22
9.0998,39.228,9.114799999999999,39.22,"https://www.google.com/maps/dir/?api=1&origin=39.228%2C9.0998&destination=39.22%2C9.114799999999999&travelmode=transit",26
9.0998,39.228,9.116,39.22,"https://www.google.com/maps/dir/?api=1&origin=39.228%2C9.0998&destination=39.22%2C9.116&travelmode=transit",25
9.0998,39.228,9.117199999999999,39.22,"https://www.google.com/maps/dir/?api=1&origin=39.228%2C9.0998&destination=39.22%2C9.117199999999999&travelmode=transit",24
9.0998,39.228,9.1184,39.22,"https://www.google.com/maps/dir/?api=1&origin=39.228%2C9.0998&destination=39.22%2C9.1184&travelmode=transit",24
9.0998,39.228,9.1196,39.22,"https://www.google.com/maps/dir/?api=1&origin=39.228%2C9.0998&destination=39.22%2C9.1196&travelmode=transit",26
9.0998,39.228,9.1208,39.22,"https://www.google.com/maps/dir/?api=1&origin=39.228%2C9.0998&destination=39.22%2C9.1208&travelmode=transit",26
9.101,39.228,9.11,39.22,"https://www.google.com/maps/dir/?api=1&origin=39.228%2C9.101&destination=39.22%2C9.11&travelmode=transit",22
9.101,39.228,9.1112,39.22,"https://www.google.com/maps/dir/?api=1&origin=39.228%2C9.101&destination=39.22%2C9.1112&travelmode=transit",37
9.101,39.228,9.1124,39.22,"https://www.google.com/maps/dir/?api=1&origin=39.228%2C9.101&destination=39.22%2C9.1124&travelmode=transit",28
9.101,39.228,9.1136,39.22,"https://www.google.com/maps/dir/?api=1&origin=39.228%2C9.101&destination=39.22%2C9.1136&travelmode=transit",29
9.101,39.228,9.114799999999999,39.22,"https://www.google.com/maps/dir/?api=1&origin=39.228%2C9.101&destination=39.22%2C9.114799999999999&travelmode=transit",32
9.101,39.228,9.116,39.22,"https://www.google.com/maps/dir/?api=1&origin=39.228%2C9.101&destination=39.22%2C9.116&travelmode=transit",30
9.101,39.228,9.117199999999999,39.22,"https://www.google.com/maps/dir/?api=1&origin=39.228%2C9.101&destination=39.22%2C9.117199999999999&travelmode=transit",28
9.101,39.228,9.1184,39.22,"https://www.google.com/maps/dir/?api=1&origin=39.228%2C9.101&destination=39.22%2C9.1184&travelmode=transit",28
9.101,39.228,9.1196,39.22,"https://www.google.com/maps/dir/?api=1&origin=39.228%2C9.101&destination=39.22%2C9.1196&travelmode=transit",31
9.101,39.228,9.1208,39.22,"https://www.google.com/maps/dir/?api=1&origin=39.228%2C9.101&destination=39.22%2C9.1208&travelmode=transit",32
9.1022,39.228,9.11,39.22,"https://www.google.com/maps/dir/?api=1&origin=39.228%2C9.1022&destination=39.22%2C9.11&travelmode=transit",21
9.1022,39.228,9.1112,39.22,"https://www.google.com/maps/dir/?api=1&origin=39.228%2C9.1022&destination=39.22%2C9.1112&travelmode=transit",35
9.1022,39.228,9.1124,39.22,"https://www.google.com/maps/dir/?api=1&origin=39.228%2C9.1022&destination=39.22%2C9.1124&travelmode=transit",26
9.1022,39.228,9.1136,39.22,"https://www.google.com/maps/dir/?api=1&origin=39.228%2C9.1022&destination=39.22%2C9.1136&travelmode=transit",27
9.1022,39.228,9.114799999999999,39.22,"https://www.google.com/maps/dir/?api=1&origin=39.228%2C9.1022&destination=39.22%2C9.114799999999999&travelmode=transit",30
9.1022,39.228,9.116,39.22,"https://www.google.com/maps/dir/?api=1&origin=39.228%2C9.1022&destination=39.22%2C9.116&travelmode=transit",29
9.1022,39.228,9.117199999999999,39.22,"https://www.google.com/maps/dir/?api=1&origin=39.228%2C9.1022&destination=39.22%2C9.117199999999999&travelmode=transit",27
9.1022,39.228,9.1184,39.22,"https://www.google.com/maps/dir/?api=1&origin=39.228%2C9.1022&destination=39.22%2C9.1184&travelmode=transit",27
9.1022,39.228,9.1196,39.22,"https://www.google.com/maps/dir/?api=1&origin=39.228%2C9.1022&destination=39.22%2C9.1196&travelmode=transit",30
9.1022,39.228,9.1208,39.22,"https://www.google.com/maps/dir/?api=1&origin=39.228%2C9.1022&destination=39.22%2C9.1208&travelmode=transit",30
9.1034,39.228,9.11,39.22,"https://www.google.com/maps/dir/?api=1&origin=39.228%2C9.1034&destination=39.22%2C9.11&travelmode=transit",27
9.1034,39.228,9.1112,39.22,"https://www.google.com/maps/dir/?api=1&origin=39.228%2C9.1034&destination=39.22%2C9.1112&travelmode=transit",40
9.1034,39.228,9.1124,39.22,"https://www.google.com/maps/dir/?api=1&origin=39.228%2C9.1034&destination=39.22%2C9.1124&travelmode=transit",31
9.1034,39.228,9.1136,39.22,"https://www.google.com/maps/dir/?api=1&origin=39.228%2C9.1034&destination=39.22%2C9.1136&travelmode=transit",32
9.1034,39.228,9.114799999999999,39.22,"https://www.google.com/maps/dir/?api=1&origin=39.228%2C9.1034&destination=39.22%2C9.114799999999999&travelmode=transit",37
9.1034,39.228,9.116,39.22,"https://www.google.com/maps/dir/?api=1&origin=39.228%2C9.1034&destination=39.22%2C9.116&travelmode=transit",37
9.1034,39.228,9.117199999999999,39.22,"https://www.google.com/maps/dir/?api=1&origin=39.228%2C9.1034&destination=39.22%2C9.117199999999999&travelmode=transit",36
9.1034,39.228,9.1184,39.22,"https://www.google.com/maps/dir/?api=1&origin=39.228%2C9.1034&destination=39.22%2C9.1184&travelmode=transit",37
9.1034,39.228,9.1196,39.22,"https://www.google.com/maps/dir/?api=1&origin=39.228%2C9.1034&destination=39.22%2C9.1196&travelmode=transit",39
9.1034,39.228,9.1208,39.22,"https://www.google.com/maps/dir/?api=1&origin=39.228%2C9.1034&destination=39.22%2C9.1208&travelmode=transit",39
9.104600000000001,39.228,9.11,39.22,"https://www.google.com/maps/dir/?api=1&origin=39.228%2C9.104600000000001&destination=39.22%2C9.11&travelmode=transit",27
9.104600000000001,39.228,9.1112,39.22,"https://www.google.com/maps/dir/?api=1&origin=39.228%2C9.104600000000001&destination=39.22%2C9.1112&travelmode=transit",40
9.104600000000001,39.228,9.1124,39.22,"https://www.google.com/maps/dir/?api=1&origin=39.228%2C9.104600000000001&destination=39.22%2C9.1124&travelmode=transit",31
9.104600000000001,39.228,9.1136,39.22,"https://www.google.com/maps/dir/?api=1&origin=39.228%2C9.104600000000001&destination=39.22%2C9.1136&travelmode=transit",32
9.104600000000001,39.228,9.114799999999999,39.22,"https://www.google.com/maps/dir/?api=1&origin=39.228%2C9.104600000000001&destination=39.22%2C9.114799999999999&travelmode=transit",37
9.104600000000001,39.228,9.116,39.22,"https://www.google.com/maps/dir/?api=1&origin=39.228%2C9.104600000000001&destination=39.22%2C9.116&travelmode=transit",37
9.104600000000001,39.228,9.117199999999999,39.22,"https://www.google.com/maps/dir/?api=1&origin=39.228%2C9.104600000000001&destination=39.22%2C9.117199999999999&travelmode=transit",36
9.104600000000001,39.228,9.1184,39.22,"https://www.google.com/maps/dir/?api=1&origin=39.228%2C9.104600000000001&destination=39.22%2C9.1184&travelmode=transit",37
9.104600000000001,39.228,9.1196,39.22,"https://www.google.com/maps/dir/?api=1&origin=39.228%2C9.104600000000001&destination=39.22%2C9.1196&travelmode=transit",39
9.104600000000001,39.228,9.1208,39.22,"https://www.google.com/maps/dir/?api=1&origin=39.228%2C9.104600000000001&destination=39.22%2C9.1208&travelmode=transit",39
9.1058,39.228,9.11,39.22,"https://www.google.com/maps/dir/?api=1&origin=39.228%2C9.1058&destination=39.22%2C9.11&travelmode=transit",17
9.1058,39.228,9.1112,39.22,"https://www.google.com/maps/dir/?api=1&origin=39.228%2C9.1058&destination=39.22%2C9.1112&travelmode=transit",25
9.1058,39.228,9.1124,39.22,"https://www.google.com/maps/dir/?api=1&origin=39.228%2C9.1058&destination=39.22%2C9.1124&travelmode=transit",22
9.1058,39.228,9.1136,39.22,"https://www.google.com/maps/dir/?api=1&origin=39.228%2C9.1058&destination=39.22%2C9.1136&travelmode=transit",22
9.1058,39.228,9.114799999999999,39.22,"https://www.google.com/maps/dir/?api=1&origin=39.228%2C9.1058&destination=39.22%2C9.114799999999999&travelmode=transit",27
9.1058,39.228,9.116,39.22,"https://www.google.com/maps/dir/?api=1&origin=39.228%2C9.1058&destination=39.22%2C9.116&travelmode=transit",25
9.1058,39.228,9.117199999999999,39.22,"https://www.google.com/maps/dir/?api=1&origin=39.228%2C9.1058&destination=39.22%2C9.117199999999999&travelmode=transit",24
9.1058,39.228,9.1184,39.22,"https://www.google.com/maps/dir/?api=1&origin=39.228%2C9.1058&destination=39.22%2C9.1184&travelmode=transit",24
9.1058,39.228,9.1196,39.22,"https://www.google.com/maps/dir/?api=1&origin=39.228%2C9.1058&destination=39.22%2C9.1196&travelmode=transit",27
9.1058,39.228,9.1208,39.22,"https://www.google.com/maps/dir/?api=1&origin=39.228%2C9.1058&destination=39.22%2C9.1208&travelmode=transit",29
9.095,39.229,9.11,39.22,"https://www.google.com/maps/dir/?api=1&origin=39.229%2C9.095&destination=39.22%2C9.11&travelmode=transit",25
9.095,39.229,9.1112,39.22,"https://www.google.com/maps/dir/?api=1&origin=39.229%2C9.095&destination=39.22%2C9.1112&travelmode=transit",37
9.095,39.229,9.1124,39.22,"https://www.google.com/maps/dir/?api=1&origin=39.229%2C9.095&destination=39.22%2C9.1124&travelmode=transit",29
9.095,39.229,9.1136,39.22,"https://www.google.com/maps/dir/?api=1&origin=39.229%2C9.095&destination=39.22%2C9.1136&travelmode=transit",30
9.095,39.229,9.114799999999999,39.22,"https://www.google.com/maps/dir/?api=1&origin=39.229%2C9.095&destination=39.22%2C9.114799999999999&travelmode=transit",35
9.095,39.229,9.116,39.22,"https://www.google.com/maps/dir/?api=1&origin=39.229%2C9.095&destination=39.22%2C9.116&travelmode=transit",36
9.095,39.229,9.117199999999999,39.22,"https://www.google.com/maps/dir/?api=1&origin=39.229%2C9.095&destination=39.22%2C9.117199999999999&travelmode=transit",35
9.095,39.229,9.1184,39.22,"https://www.google.com/maps/dir/?api=1&origin=39.229%2C9.095&destination=39.22%2C9.1184&travelmode=transit",35
9.095,39.229,9.1196,39.22,"https://www.google.com/maps/dir/?api=1&origin=39.229%2C9.095&destination=39.22%2C9.1196&travelmode=transit",38
9.095,39.229,9.1208,39.22,"https://www.google.com/maps/dir/?api=1&origin=39.229%2C9.095&destination=39.22%2C9.1208&travelmode=transit",37
9.096200000000001,39.229,9.11,39.22,"https://www.google.com/maps/dir/?api=1&origin=39.229%2C9.096200000000001&destination=39.22%2C9.11&travelmode=transit",19
9.096200000000001,39.229,9.1112,39.22,"https://www.google.com/maps/dir/?api=1&origin=39.229%2C9.096200000000001&destination=39.22%2C9.1112&travelmode=transit",31
9.096200000000001,39.229,9.1124,39.22,"https://www.google.com/maps/dir/?api=1&origin=39.229%2C9.096200000000001&destination=39.22%2C9.1124&travelmode=transit",23
9.096200000000001,39.229,9.1136,39.22,"https://www.google.com/maps/dir/?api=1&origin=39.229%2C9.096200000000001&destination=39.22%2C9.1136&travelmode=transit",25
9.096200000000001,39.229,9.114799999999999,39.22,"https://www.google.com/maps/dir/?api=1&origin=39.229%2C9.096200000000001&destination=39.22%2C9.114799999999999&travelmode=transit",29
9.096200000000001,39.229,9.116,39.22,"https://www.google.com/maps/dir/?api=1&origin=39.229%2C9.096200000000001&destination=39.22%2C9.116&travelmode=transit",28
9.096200000000001,39.229,9.117199999999999,39.22,"https://www.google.com/maps/dir/?api=1&origin=39.229%2C9.096200000000001&destination=39.22%2C9.117199999999999&travelmode=transit",27
9.096200000000001,39.229,9.1184,39.22,"https://www.google.com/maps/dir/?api=1&origin=39.229%2C9.096200000000001&destination=39.22%2C9.1184&travelmode=transit",27
9.096200000000001,39.229,9.1196,39.22,"https://www.google.com/maps/dir/?api=1&origin=39.229%2C9.096200000000001&destination=39.22%2C9.1196&travelmode=transit",30
9.096200000000001,39.229,9.1208,39.22,"https://www.google.com/maps/dir/?api=1&origin=39.229%2C9.096200000000001&destination=39.22%2C9.1208&travelmode=transit",29
9.0974,39.229,9.11,39.22,"https://www.google.com/maps/dir/?api=1&origin=39.229%2C9.0974&destination=39.22%2C9.11&travelmode=transit",18
9.0974,39.229,9.1112,39.22,"https://www.google.com/maps/dir/?api=1&origin=39.229%2C9.0974&destination=39.22%2C9.1112&travelmode=transit",31
9.0974,39.229,9.1124,39.22,"https://www.google.com/maps/dir/?api=1&origin=39.229%2C9.0974&destination=39.22%2C9.1124&travelmode=transit",23
9.0974,39.229,9.1136,39.22,"https://www.google.com/maps/dir/?api=1&origin=39.229%2C9.0974&destination=39.22%2C9.1136&travelmode=transit",24
9.0974,39.229,9.114799999999999,39.22,"https://www.google.com/maps/dir/?api=1&origin=39.229%2C9.0974&destination=39.22%2C9.114799999999999&travelmode=transit",28
9.0974,39.229,9.116,39.22,"https://www.google.com/maps/dir/?api=1&origin=39.229%2C9.0974&destination=39.22%2C9.116&travelmode=transit",28
9.0974,39.229,9.117199999999999,39.22,"https://www.google.com/maps/dir/?api=1&origin=39.229%2C9.0974&destination=39.22%2C9.117199999999999&travelmode=transit",27
9.0974,39.229,9.1184,39.22,"https://www.google.com/maps/dir/?api=1&origin=39.229%2C9.0974&destination=39.22%2C9.1184&travelmode=transit",27
9.0974,39.229,9.1196,39.22,"https://www.google.com/maps/dir/?api=1&origin=39.229%2C9.0974&destination=39.22%2C9.1196&travelmode=transit",29
9.0974,39.229,9.1208,39.22,"https://www.google.com/maps/dir/?api=1&origin=39.229%2C9.0974&destination=39.22%2C9.1208&travelmode=transit",28
9.098600000000001,39.229,9.11,39.22,"https://www.google.com/maps/dir/?api=1&origin=39.229%2C9.098600000000001&destination=39.22%2C9.11&travelmode=transit",17
9.098600000000001,39.229,9.1112,39.22,"https://www.google.com/maps/dir/?api=1&origin=39.229%2C9.098600000000001&destination=39.22%2C9.1112&travelmode=transit",30
9.098600000000001,39.229,9.1124,39.22,"https://www.google.com/maps/dir/?api=1&origin=39.229%2C9.098600000000001&destination=39.22%2C9.1124&travelmode=transit",21
9.098600000000001,39.229,9.1136,39.22,"https://www.google.com/maps/dir/?api=1&origin=39.229%2C9.098600000000001&destination=39.22%2C9.1136&travelmode=transit",23
9.098600000000001,39.229,9.114799999999999,39.22,"https://www.google.com/maps/dir/?api=1&origin=39.229%2C9.098600000000001&destination=39.22%2C9.114799999999999&travelmode=transit",27
9.098600000000001,39.229,9.116,39.22,"https://www.google.com/maps/dir/?api=1&origin=39.229%2C9.098600000000001&destination=39.22%2C9.116&travelmode=transit",26
9.098600000000001,39.229,9.117199999999999,39.22,"https://www.google.com/maps/dir/?api=1&origin=39.229%2C9.098600000000001&destination=39.22%2C9.117199999999999&travelmode=transit",25
9.098600000000001,39.229,9.1184,39.22,"https://www.google.com/maps/dir/?api=1&origin=39.229%2C9.098600000000001&destination=39.22%2C9.1184&travelmode=transit",25
9.098600000000001,39.229,9.1196,39.22,"https://www.google.com/maps/dir/?api=1&origin=39.229%2C9.098600000000001&destination=39.22%2C9.1196&travelmode=transit",27
9.098600000000001,39.229,9.1208,39.22,"https://www.google.com/maps/dir/?api=1&origin=39.229%2C9.098600000000001&destination=39.22%2C9.1208&travelmode=transit",27
9.0998,39.229,9.11,39.22,"https://www.google.com/maps/dir/?api=1&origin=39.229%2C9.0998&destination=39.22%2C9.11&travelmode=transit",26
9.0998,39.229,9.1112,39.22,"https://www.google.com/maps/dir/?api=1&origin=39.229%2C9.0998&destination=39.22%2C9.1112&travelmode=transit",39
9.0998,39.229,9.1124,39.22,"https://www.google.com/maps/dir/?api=1&origin=39.229%2C9.0998&destination=39.22%2C9.1124&travelmode=transit",30
9.0998,39.229,9.1136,39.22,"https://www.google.com/maps/dir/?api=1&origin=39.229%2C9.0998&destination=39.22%2C9.1136&travelmode=transit",31
9.0998,39.229,9.114799999999999,39.22,"https://www.google.com/maps/dir/?api=1&origin=39.229%2C9.0998&destination=39.22%2C9.114799999999999&travelmode=transit",35
9.0998,39.229,9.116,39.22,"https://www.google.com/maps/dir/?api=1&origin=39.229%2C9.0998&destination=39.22%2C9.116&travelmode=transit",36
9.0998,39.229,9.117199999999999,39.22,"https://www.google.com/maps/dir/?api=1&origin=39.229%2C9.0998&destination=39.22%2C9.117199999999999&travelmode=transit",35
9.0998,39.229,9.1184,39.22,"https://www.google.com/maps/dir/?api=1&origin=39.229%2C9.0998&destination=39.22%2C9.1184&travelmode=transit",36
9.0998,39.229,9.1196,39.22,"https://www.google.com/maps/dir/?api=1&origin=39.229%2C9.0998&destination=39.22%2C9.1196&travelmode=transit",38
9.0998,39.229,9.1208,39.22,"https://www.google.com/maps/dir/?api=1&origin=39.229%2C9.0998&destination=39.22%2C9.1208&travelmode=transit",37
9.101,39.229,9.11,39.22,"https://www.google.com/maps/dir/?api=1&origin=39.229%2C9.101&destination=39.22%2C9.11&travelmode=transit",24
9.101,39.229,9.1112,39.22,"https://www.google.com/maps/dir/?api=1&origin=39.229%2C9.101&destination=39.22%2C9.1112&travelmode=transit",38
9.101,39.229,9.1124,39.22,"https://www.google.com/maps/dir/?api=1&origin=39.229%2C9.101&destination=39.22%2C9.1124&travelmode=transit",29
9.101,39.229,9.1136,39.22,"https://www.google.com/maps/dir/?api=1&origin=39.229%2C9.101&destination=39.22%2C9.1136&travelmode=transit",30
9.101,39.229,9.114799999999999,39.22,"https://www.google.com/maps/dir/?api=1&origin=39.229%2C9.101&destination=39.22%2C9.114799999999999&travelmode=transit",34
9.101,39.229,9.116,39.22,"https://www.google.com/maps/dir/?api=1&origin=39.229%2C9.101&destination=39.22%2C9.116&travelmode=transit",32
9.101,39.229,9.117199999999999,39.22,"https://www.google.com/maps/dir/?api=1&origin=39.229%2C9.101&destination=39.22%2C9.117199999999999&travelmode=transit",33
9.101,39.229,9.1184,39.22,"https://www.google.com/maps/dir/?api=1&origin=39.229%2C9.101&destination=39.22%2C9.1184&travelmode=transit",34
9.101,39.229,9.1196,39.22,"https://www.google.com/maps/dir/?api=1&origin=39.229%2C9.101&destination=39.22%2C9.1196&travelmode=transit",34
9.101,39.229,9.1208,39.22,"https://www.google.com/maps/dir/?api=1&origin=39.229%2C9.101&destination=39.22%2C9.1208&travelmode=transit",34
9.1022,39.229,9.11,39.22,"https://www.google.com/maps/dir/?api=1&origin=39.229%2C9.1022&destination=39.22%2C9.11&travelmode=transit",25
9.1022,39.229,9.1112,39.22,"https://www.google.com/maps/dir/?api=1&origin=39.229%2C9.1022&destination=39.22%2C9.1112&travelmode=transit",38
9.1022,39.229,9.1124,39.22,"https://www.google.com/maps/dir/?api=1&origin=39.229%2C9.1022&destination=39.22%2C9.1124&travelmode=transit",29
9.1022,39.229,9.1136,39.22,"https://www.google.com/maps/dir/?api=1&origin=39.229%2C9.1022&destination=39.22%2C9.1136&travelmode=transit",30
9.1022,39.229,9.114799999999999,39.22,"https://www.google.com/maps/dir/?api=1&origin=39.229%2C9.1022&destination=39.22%2C9.114799999999999&travelmode=transit",34
9.1022,39.229,9.116,39.22,"https://www.google.com/maps/dir/?api=1&origin=39.229%2C9.1022&destination=39.22%2C9.116&travelmode=transit",35
9.1022,39.229,9.117199999999999,39.22,"https://www.google.com/maps/dir/?api=1&origin=39.229%2C9.1022&destination=39.22%2C9.117199999999999&travelmode=transit",34
9.1022,39.229,9.1184,39.22,"https://www.google.com/maps/dir/?api=1&origin=39.229%2C9.1022&destination=39.22%2C9.1184&travelmode=transit",35
9.1022,39.229,9.1196,39.22,"https://www.google.com/maps/dir/?api=1&origin=39.229%2C9.1022&destination=39.22%2C9.1196&travelmode=transit",37
9.1022,39.229,9.1208,39.22,"https://www.google.com/maps/dir/?api=1&origin=39.229%2C9.1022&destination=39.22%2C9.1208&travelmode=transit",36
9.1034,39.229,9.11,39.22,"https://www.google.com/maps/dir/?api=1&origin=39.229%2C9.1034&destination=39.22%2C9.11&travelmode=transit",29
9.1034,39.229,9.1112,39.22,"https://www.google.com/maps/dir/?api=1&origin=39.229%2C9.1034&destination=39.22%2C9.1112&travelmode=transit",42
9.1034,39.229,9.1124,39.22,"https://www.google.com/maps/dir/?api=1&origin=39.229%2C9.1034&destination=39.22%2C9.1124&travelmode=transit",34
9.1034,39.229,9.1136,39.22,"https://www.google.com/maps/dir/?api=1&origin=39.229%2C9.1034&destination=39.22%2C9.1136&travelmode=transit",36
9.1034,39.229,9.114799999999999,39.22,"https://www.google.com/maps/dir/?api=1&origin=39.229%2C9.1034&destination=39.22%2C9.114799999999999&travelmode=transit",40
9.1034,39.229,9.116,39.22,"https://www.google.com/maps/dir/?api=1&origin=39.229%2C9.1034&destination=39.22%2C9.116&travelmode=transit",39
9.1034,39.229,9.117199999999999,39.22,"https://www.google.com/maps/dir/?api=1&origin=39.229%2C9.1034&destination=39.22%2C9.117199999999999&travelmode=transit",38
9.1034,39.229,9.1184,39.22,"https://www.google.com/maps/dir/?api=1&origin=39.229%2C9.1034&destination=39.22%2C9.1184&travelmode=transit",38
9.1034,39.229,9.1196,39.22,"https://www.google.com/maps/dir/?api=1&origin=39.229%2C9.1034&destination=39.22%2C9.1196&travelmode=transit",41
9.1034,39.229,9.1208,39.22,"https://www.google.com/maps/dir/?api=1&origin=39.229%2C9.1034&destination=39.22%2C9.1208&travelmode=transit",41
9.104600000000001,39.229,9.11,39.22,"https://www.google.com/maps/dir/?api=1&origin=39.229%2C9.104600000000001&destination=39.22%2C9.11&travelmode=transit",29
9.104600000000001,39.229,9.1112,39.22,"https://www.google.com/maps/dir/?api=1&origin=39.229%2C9.104600000000001&destination=39.22%2C9.1112&travelmode=transit",42
9.104600000000001,39.229,9.1124,39.22,"https://www.google.com/maps/dir/?api=1&origin=39.229%2C9.104600000000001&destination=39.22%2C9.1124&travelmode=transit",34
9.104600000000001,39.229,9.1136,39.22,"https://www.google.com/maps/dir/?api=1&origin=39.229%2C9.104600000000001&destination=39.22%2C9.1136&travelmode=transit",36
9.104600000000001,39.229,9.114799999999999,39.22,"https://www.google.com/maps/dir/?api=1&origin=39.229%2C9.104600000000001&destination=39.22%2C9.114799999999999&travelmode=transit",40
9.104600000000001,39.229,9.116,39.22,"https://www.google.com/maps/dir/?api=1&origin=39.229%2C9.104600000000001&destination=39.22%2C9.116&travelmode=transit",39
9.104600000000001,39.229,9.117199999999999,39.22,"https://www.google.com/maps/dir/?api=1&origin=39.229%2C9.104600000000001&destination=39.22%2C9.117199999999999&travelmode=transit",38
9.104600000000001,39.229,9.1184,39.22,"https://www.google.com/maps/dir/?api=1&origin=39.229%2C9.104600000000001&destination=39.22%2C9.1184&travelmode=transit",38
9.104600000000001,39.229,9.1196,39.22,"https://www.google.com/maps/dir/?api=1&origin=39.229%2C9.104600000000001&destination=39.22%2C9.1196&travelmode=transit",41
9.104600000000001,39.229,9.1208,39.22,"https://www.google.com/maps/dir/?api=1&origin=39.229%2C9.104600000000001&destination=39.22%2C9.1208&travelmode=transit",41
9.1058,39.229,9.11,39.22,"https://www.google.com/maps/dir/?api=1&origin=39.229%2C9.1058&destination=39.22%2C9.11&travelmode=transit",19
9.1058,39.229,9.1112,39.22,"https://www.google.com/maps/dir/?api=1&origin=39.229%2C9.1058&destination=39.22%2C9.1112&travelmode=transit",27
9.1058,39.229,9.1124,39.22,"https://www.google.com/maps/dir/?api=1&origin=39.229%2C9.1058&destination=39.22%2C9.1124&travelmode=transit",24
9.1058,39.229,9.1136,39.22,"https://www.google.com/maps/dir/?api=1&origin=39.229%2C9.1058&destination=39.22%2C9.1136&travelmode=transit",24
9.1058,39.229,9.114799999999999,39.22,"https://www.google.com/maps/dir/?api=1&origin=39.229%2C9.1058&destination=39.22%2C9.114799999999999&travelmode=transit",27
9.1058,39.229,9.116,39.22,"https://www.google.com/maps/dir/?api=1&origin=39.229%2C9.1058&destination=39.22%2C9.116&travelmode=transit",25
9.1058,39.229,9.117199999999999,39.22,"https://www.google.com/maps/dir/?api=1&origin=39.229%2C9.1058&destination=39.22%2C9.117199999999999&travelmode=transit",24
9.1058,39.229,9.1184,39.22,"https://www.google.com/maps/dir/?api=1&origin=39.229%2C9.1058&destination=39.22%2C9.1184&travelmode=transit",24
9.1058,39.229,9.1196,39.22,"https://www.google.com/maps/dir/?api=1&origin=39.229%2C9.1058&destination=39.22%2C9.1196&travelmode=transit",27
9.1058,39.229,9.1208,39.22,"https://www.google.com/maps/dir/?api=1&origin=39.229%2C9.1058&destination=39.22%2C9.1208&travelmode=transit",29
9.095,39.230000000000004,9.11,39.22,"https://www.google.com/maps/dir/?api=1&origin=39.230000000000004%2C9.095&destination=39.22%2C9.11&travelmode=transit",27
9.095,39.230000000000004,9.1112,39.22,"https://www.google.com/maps/dir/?api=1&origin=39.230000000000004%2C9.095&destination=39.22%2C9.1112&travelmode=transit",35
9.095,39.230000000000004,9.1124,39.22,"https://www.google.com/maps/dir/?api=1&origin=39.230000000000004%2C9.095&destination=39.22%2C9.1124&travelmode=transit",27
9.095,39.230000000000004,9.1136,39.22,"https://www.google.com/maps/dir/?api=1&origin=39.230000000000004%2C9.095&destination=39.22%2C9.1136&travelmode=transit",26
9.095,39.230000000000004,9.114799999999999,39.22,"https://www.google.com/maps/dir/?api=1&origin=39.230000000000004%2C9.095&destination=39.22%2C9.114799999999999&travelmode=transit",30
9.095,39.230000000000004,9.116,39.22,"https://www.google.com/maps/dir/?api=1&origin=39.230000000000004%2C9.095&destination=39.22%2C9.116&travelmode=transit",31
9.095,39.230000000000004,9.117199999999999,39.22,"https://www.google.com/maps/dir/?api=1&origin=39.230000000000004%2C9.095&destination=39.22%2C9.117199999999999&travelmode=transit",33
9.095,39.230000000000004,9.1184,39.22,"https://www.google.com/maps/dir/?api=1&origin=39.230000000000004%2C9.095&destination=39.22%2C9.1184&travelmode=transit",35
9.095,39.230000000000004,9.1196,39.22,"https://www.google.com/maps/dir/?api=1&origin=39.230000000000004%2C9.095&destination=39.22%2C9.1196&travelmode=transit",38
9.095,39.230000000000004,9.1208,39.22,"https://www.google.com/maps/dir/?api=1&origin=39.230000000000004%2C9.095&destination=39.22%2C9.1208&travelmode=transit",36
9.096200000000001,39.230000000000004,9.11,39.22,"https://www.google.com/maps/dir/?api=1&origin=39.230000000000004%2C9.096200000000001&destination=39.22%2C9.11&travelmode=transit",22
9.096200000000001,39.230000000000004,9.1112,39.22,"https://www.google.com/maps/dir/?api=1&origin=39.230000000000004%2C9.096200000000001&destination=39.22%2C9.1112&travelmode=transit",33
9.096200000000001,39.230000000000004,9.1124,39.22,"https://www.google.com/maps/dir/?api=1&origin=39.230000000000004%2C9.096200000000001&destination=39.22%2C9.1124&travelmode=transit",27
9.096200000000001,39.230000000000004,9.1136,39.22,"https://www.google.com/maps/dir/?api=1&origin=39.230000000000004%2C9.096200000000001&destination=39.22%2C9.1136&travelmode=transit",28
9.096200000000001,39.230000000000004,9.114799999999999,39.22,"https://www.google.com/maps/dir/?api=1&origin=39.230000000000004%2C9.096200000000001&destination=39.22%2C9.114799999999999&travelmode=transit",32
9.096200000000001,39.230000000000004,9.116,39.22,"https://www.google.com/maps/dir/?api=1&origin=39.230000000000004%2C9.096200000000001&destination=39.22%2C9.116&travelmode=transit",30
9.096200000000001,39.230000000000004,9.117199999999999,39.22,"https://www.google.com/maps/dir/?api=1&origin=39.230000000000004%2C9.096200000000001&destination=39.22%2C9.117199999999999&travelmode=transit",29
9.096200000000001,39.230000000000004,9.1184,39.22,"https://www.google.com/maps/dir/?api=1&origin=39.230000000000004%2C9.096200000000001&destination=39.22%2C9.1184&travelmode=transit",29
9.096200000000001,39.230000000000004,9.1196,39.22,"https://www.google.com/maps/dir/?api=1&origin=39.230000000000004%2C9.096200000000001&destination=39.22%2C9.1196&travelmode=transit",32
9.096200000000001,39.230000000000004,9.1208,39.22,"https://www.google.com/maps/dir/?api=1&origin=39.230000000000004%2C9.096200000000001&destination=39.22%2C9.1208&travelmode=transit",32
9.0974,39.230000000000004,9.11,39.22,"https://www.google.com/maps/dir/?api=1&origin=39.230000000000004%2C9.0974&destination=39.22%2C9.11&travelmode=transit",19
9.0974,39.230000000000004,9.1112,39.22,"https://www.google.com/maps/dir/?api=1&origin=39.230000000000004%2C9.0974&destination=39.22%2C9.1112&travelmode=transit",31
9.0974,39.230000000000004,9.1124,39.22,"https://www.google.com/maps/dir/?api=1&origin=39.230000000000004%2C9.0974&destination=39.22%2C9.1124&travelmode=transit",23
9.0974,39.230000000000004,9.1136,39.22,"https://www.google.com/maps/dir/?api=1&origin=39.230000000000004%2C9.0974&destination=39.22%2C9.1136&travelmode=transit",25
9.0974,39.230000000000004,9.114799999999999,39.22,"https://www.google.com/maps/dir/?api=1&origin=39.230000000000004%2C9.0974&destination=39.22%2C9.114799999999999&travelmode=transit",29
9.0974,39.230000000000004,9.116,39.22,"https://www.google.com/maps/dir/?api=1&origin=39.230000000000004%2C9.0974&destination=39.22%2C9.116&travelmode=transit",28
9.0974,39.230000000000004,9.117199999999999,39.22,"https://www.google.com/maps/dir/?api=1&origin=39.230000000000004%2C9.0974&destination=39.22%2C9.117199999999999&travelmode=transit",27
9.0974,39.230000000000004,9.1184,39.22,"https://www.google.com/maps/dir/?api=1&origin=39.230000000000004%2C9.0974&destination=39.22%2C9.1184&travelmode=transit",27
9.0974,39.230000000000004,9.1196,39.22,"https://www.google.com/maps/dir/?api=1&origin=39.230000000000004%2C9.0974&destination=39.22%2C9.1196&travelmode=transit",30
9.0974,39.230000000000004,9.1208,39.22,"https://www.google.com/maps/dir/?api=1&origin=39.230000000000004%2C9.0974&destination=39.22%2C9.1208&travelmode=transit",29
9.098600000000001,39.230000000000004,9.11,39.22,"https://www.google.com/maps/dir/?api=1&origin=39.230000000000004%2C9.098600000000001&destination=39.22%2C9.11&travelmode=transit",17
9.098600000000001,39.230000000000004,9.1112,39.22,"https://www.google.com/maps/dir/?api=1&origin=39.230000000000004%2C9.098600000000001&destination=39.22%2C9.1112&travelmode=transit",30
9.098600000000001,39.230000000000004,9.1124,39.22,"https://www.google.com/maps/dir/?api=1&origin=39.230000000000004%2C9.098600000000001&destination=39.22%2C9.1124&travelmode=transit",21
9.098600000000001,39.230000000000004,9.1136,39.22,"https://www.google.com/maps/dir/?api=1&origin=39.230000000000004%2C9.098600000000001&destination=39.22%2C9.1136&travelmode=transit",23
9.098600000000001,39.230000000000004,9.114799999999999,39.22,"https://www.google.com/maps/dir/?api=1&origin=39.230000000000004%2C9.098600000000001&destination=39.22%2C9.114799999999999&travelmode=transit",27
9.098600000000001,39.230000000000004,9.116,39.22,"https://www.google.com/maps/dir/?api=1&origin=39.230000000000004%2C9.098600000000001&destination=39.22%2C9.116&travelmode=transit",26
9.098600000000001,39.230000000000004,9.117199999999999,39.22,"https://www.google.com/maps/dir/?api=1&origin=39.230000000000004%2C9.098600000000001&destination=39.22%2C9.117199999999999&travelmode=transit",25
9.098600000000001,39.230000000000004,9.1184,39.22,"https://www.google.com/maps/dir/?api=1&origin=39.230000000000004%2C9.098600000000001&destination=39.22%2C9.1184&travelmode=transit",25
9.098600000000001,39.230000000000004,9.1196,39.22,"https://www.google.com/maps/dir/?api=1&origin=39.230000000000004%2C9.098600000000001&destination=39.22%2C9.1196&travelmode=transit",27
9.098600000000001,39.230000000000004,9.1208,39.22,"https://www.google.com/maps/dir/?api=1&origin=39.230000000000004%2C9.098600000000001&destination=39.22%2C9.1208&travelmode=transit",27
9.0998,39.230000000000004,9.11,39.22,"https://www.google.com/maps/dir/?api=1&origin=39.230000000000004%2C9.0998&destination=39.22%2C9.11&travelmode=transit",26
9.0998,39.230000000000004,9.1112,39.22,"https://www.google.com/maps/dir/?api=1&origin=39.230000000000004%2C9.0998&destination=39.22%2C9.1112&travelmode=transit",39
9.0998,39.230000000000004,9.1124,39.22,"https://www.google.com/maps/dir/?api=1&origin=39.230000000000004%2C9.0998&destination=39.22%2C9.1124&travelmode=transit",30
9.0998,39.230000000000004,9.1136,39.22,"https://www.google.com/maps/dir/?api=1&origin=39.230000000000004%2C9.0998&destination=39.22%2C9.1136&travelmode=transit",31
9.0998,39.230000000000004,9.114799999999999,39.22,"https://www.google.com/maps/dir/?api=1&origin=39.230000000000004%2C9.0998&destination=39.22%2C9.114799999999999&travelmode=transit",35
9.0998,39.230000000000004,9.116,39.22,"https://www.google.com/maps/dir/?api=1&origin=39.230000000000004%2C9.0998&destination=39.22%2C9.116&travelmode=transit",36
9.0998,39.230000000000004,9.117199999999999,39.22,"https://www.google.com/maps/dir/?api=1&origin=39.230000000000004%2C9.0998&destination=39.22%2C9.117199999999999&travelmode=transit",35
9.0998,39.230000000000004,9.1184,39.22,"https://www.google.com/maps/dir/?api=1&origin=39.230000000000004%2C9.0998&destination=39.22%2C9.1184&travelmode=transit",36
9.0998,39.230000000000004,9.1196,39.22,"https://www.google.com/maps/dir/?api=1&origin=39.230000000000004%2C9.0998&destination=39.22%2C9.1196&travelmode=transit",38
9.0998,39.230000000000004,9.1208,39.22,"https://www.google.com/maps/dir/?api=1&origin=39.230000000000004%2C9.0998&destination=39.22%2C9.1208&travelmode=transit",37
9.101,39.230000000000004,9.11,39.22,"https://www.google.com/maps/dir/?api=1&origin=39.230000000000004%2C9.101&destination=39.22%2C9.11&travelmode=transit",30
9.101,39.230000000000004,9.1112,39.22,"https://www.google.com/maps/dir/?api=1&origin=39.230000000000004%2C9.101&destination=39.22%2C9.1112&travelmode=transit",43
9.101,39.230000000000004,9.1124,39.22,"https://www.google.com/maps/dir/?api=1&origin=39.230000000000004%2C9.101&destination=39.22%2C9.1124&travelmode=transit",36
9.101,39.230000000000004,9.1136,39.22,"https://www.google.com/maps/dir/?api=1&origin=39.230000000000004%2C9.101&destination=39.22%2C9.1136&travelmode=transit",37
9.101,39.230000000000004,9.114799999999999,39.22,"https://www.google.com/maps/dir/?api=1&origin=39.230000000000004%2C9.101&destination=39.22%2C9.114799999999999&travelmode=transit",41
9.101,39.230000000000004,9.116,39.22,"https://www.google.com/maps/dir/?api=1&origin=39.230000000000004%2C9.101&destination=39.22%2C9.116&travelmode=transit",40
9.101,39.230000000000004,9.117199999999999,39.22,"https://www.google.com/maps/dir/?api=1&origin=39.230000000000004%2C9.101&destination=39.22%2C9.117199999999999&travelmode=transit",38
9.101,39.230000000000004,9.1184,39.22,"https://www.google.com/maps/dir/?api=1&origin=39.230000000000004%2C9.101&destination=39.22%2C9.1184&travelmode=transit",38
9.101,39.230000000000004,9.1196,39.22,"https://www.google.com/maps/dir/?api=1&origin=39.230000000000004%2C9.101&destination=39.22%2C9.1196&travelmode=transit",41
9.101,39.230000000000004,9.1208,39.22,"https://www.google.com/maps/dir/?api=1&origin=39.230000000000004%2C9.101&destination=39.22%2C9.1208&travelmode=transit",42
9.1022,39.230000000000004,9.11,39.22,"https://www.google.com/maps/dir/?api=1&origin=39.230000000000004%2C9.1022&destination=39.22%2C9.11&travelmode=transit",26
9.1022,39.230000000000004,9.1112,39.22,"https://www.google.com/maps/dir/?api=1&origin=39.230000000000004%2C9.1022&destination=39.22%2C9.1112&travelmode=transit",39
9.1022,39.230000000000004,9.1124,39.22,"https://www.google.com/maps/dir/?api=1&origin=39.230000000000004%2C9.1022&destination=39.22%2C9.1124&travelmode=transit",30
9.1022,39.230000000000004,9.1136,39.22,"https://www.google.com/maps/dir/?api=1&origin=39.230000000000004%2C9.1022&destination=39.22%2C9.1136&travelmode=transit",31
9.1022,39.230000000000004,9.114799999999999,39.22,"https://www.google.com/maps/dir/?api=1&origin=39.230000000000004%2C9.1022&destination=39.22%2C9.114799999999999&travelmode=transit",35
9.1022,39.230000000000004,9.116,39.22,"https://www.google.com/maps/dir/?api=1&origin=39.230000000000004%2C9.1022&destination=39.22%2C9.116&travelmode=transit",36
9.1022,39.230000000000004,9.117199999999999,39.22,"https://www.google.com/maps/dir/?api=1&origin=39.230000000000004%2C9.1022&destination=39.22%2C9.117199999999999&travelmode=transit",35
9.1022,39.230000000000004,9.1184,39.22,"https://www.google.com/maps/dir/?api=1&origin=39.230000000000004%2C9.1022&destination=39.22%2C9.1184&travelmode=transit",36
9.1022,39.230000000000004,9.1196,39.22,"https://www.google.com/maps/dir/?api=1&origin=39.230000000000004%2C9.1022&destination=39.22%2C9.1196&travelmode=transit",38
9.1022,39.230000000000004,9.1208,39.22,"https://www.google.com/maps/dir/?api=1&origin=39.230000000000004%2C9.1022&destination=39.22%2C9.1208&travelmode=transit",37
9.1034,39.230000000000004,9.11,39.22,"https://www.google.com/maps/dir/?api=1&origin=39.230000000000004%2C9.1034&destination=39.22%2C9.11&travelmode=transit",30
9.1034,39.230000000000004,9.1112,39.22,"https://www.google.com/maps/dir/?api=1&origin=39.230000000000004%2C9.1034&destination=39.22%2C9.1112&travelmode=transit",43
9.1034,39.230000000000004,9.1124,39.22,"https://www.google.com/maps/dir/?api=1&origin=39.230000000000004%2C9.1034&destination=39.22%2C9.1124&travelmode=transit",35
9.1034,39.230000000000004,9.1136,39.22,"https://www.google.com/maps/dir/?api=1&origin=39.230000000000004%2C9.1034&destination=39.22%2C9.1136&travelmode=transit",36
9.1034,39.230000000000004,9.114799999999999,39.22,"https://www.google.com/maps/dir/?api=1&origin=39.230000000000004%2C9.1034&destination=39.22%2C9.114799999999999&travelmode=transit",40
9.1034,39.230000000000004,9.116,39.22,"https://www.google.com/maps/dir/?api=1&origin=39.230000000000004%2C9.1034&destination=39.22%2C9.116&travelmode=transit",39
9.1034,39.230000000000004,9.117199999999999,39.22,"https://www.google.com/maps/dir/?api=1&origin=39.230000000000004%2C9.1034&destination=39.22%2C9.117199999999999&travelmode=transit",38
9.1034,39.230000000000004,9.1184,39.22,"https://www.google.com/maps/dir/?api=1&origin=39.230000000000004%2C9.1034&destination=39.22%2C9.1184&travelmode=transit",38
9.1034,39.230000000000004,9.1196,39.22,"https://www.google.com/maps/dir/?api=1&origin=39.230000000000004%2C9.1034&destination=39.22%2C9.1196&travelmode=transit",41
9.1034,39.230000000000004,9.1208,39.22,"https://www.google.com/maps/dir/?api=1&origin=39.230000000000004%2C9.1034&destination=39.22%2C9.1208&travelmode=transit",41
9.104600000000001,39.230000000000004,9.11,39.22,"https://www.google.com/maps/dir/?api=1&origin=39.230000000000004%2C9.104600000000001&destination=39.22%2C9.11&travelmode=transit",22
9.104600000000001,39.230000000000004,9.1112,39.22,"https://www.google.com/maps/dir/?api=1&origin=39.230000000000004%2C9.104600000000001&destination=39.22%2C9.1112&travelmode=transit",19
9.104600000000001,39.230000000000004,9.1124,39.22,"https://www.google.com/maps/dir/?api=1&origin=39.230000000000004%2C9.104600000000001&destination=39.22%2C9.1124&travelmode=transit",16
9.104600000000001,39.230000000000004,9.1136,39.22,"https://www.google.com/maps/dir/?api=1&origin=39.230000000000004%2C9.104600000000001&destination=39.22%2C9.1136&travelmode=transit",16
9.104600000000001,39.230000000000004,9.114799999999999,39.22,"https://www.google.com/maps/dir/?api=1&origin=39.230000000000004%2C9.104600000000001&destination=39.22%2C9.114799999999999&travelmode=transit",22
9.104600000000001,39.230000000000004,9.116,39.22,"https://www.google.com/maps/dir/?api=1&origin=39.230000000000004%2C9.104600000000001&destination=39.22%2C9.116&travelmode=transit",20
9.104600000000001,39.230000000000004,9.117199999999999,39.22,"https://www.google.com/maps/dir/?api=1&origin=39.230000000000004%2C9.104600000000001&destination=39.22%2C9.117199999999999&travelmode=transit",20
9.104600000000001,39.230000000000004,9.1184,39.22,"https://www.google.com/maps/dir/?api=1&origin=39.230000000000004%2C9.104600000000001&destination=39.22%2C9.1184&travelmode=transit",21
9.104600000000001,39.230000000000004,9.1196,39.22,"https://www.google.com/maps/dir/?api=1&origin=39.230000000000004%2C9.104600000000001&destination=39.22%2C9.1196&travelmode=transit",24
9.104600000000001,39.230000000000004,9.1208,39.22,"https://www.google.com/maps/dir/?api=1&origin=39.230000000000004%2C9.104600000000001&destination=39.22%2C9.1208&travelmode=transit",26
9.1058,39.230000000000004,9.11,39.22,"https://www.google.com/maps/dir/?api=1&origin=39.230000000000004%2C9.1058&destination=39.22%2C9.11&travelmode=transit",21
9.1058,39.230000000000004,9.1112,39.22,"https://www.google.com/maps/dir/?api=1&origin=39.230000000000004%2C9.1058&destination=39.22%2C9.1112&travelmode=transit",20
9.1058,39.230000000000004,9.1124,39.22,"https://www.google.com/maps/dir/?api=1&origin=39.230000000000004%2C9.1058&destination=39.22%2C9.1124&travelmode=transit",17
9.1058,39.230000000000004,9.1136,39.22,"https://www.google.com/maps/dir/?api=1&origin=39.230000000000004%2C9.1058&destination=39.22%2C9.1136&travelmode=transit",17
9.1058,39.230000000000004,9.114799999999999,39.22,"https://www.google.com/maps/dir/?api=1&origin=39.230000000000004%2C9.1058&destination=39.22%2C9.114799999999999&travelmode=transit",22
9.1058,39.230000000000004,9.116,39.22,"https://www.google.com/maps/dir/?api=1&origin=39.230000000000004%2C9.1058&destination=39.22%2C9.116&travelmode=transit",20
9.1058,39.230000000000004,9.117199999999999,39.22,"https://www.google.com/maps/dir/?api=1&origin=39.230000000000004%2C9.1058&destination=39.22%2C9.117199999999999&travelmode=transit",20
9.1058,39.230000000000004,9.1184,39.22,"https://www.google.com/maps/dir/?api=1&origin=39.230000000000004%2C9.1058&destination=39.22%2C9.1184&travelmode=transit",21
9.1058,39.230000000000004,9.1196,39.22,"https://www.google.com/maps/dir/?api=1&origin=39.230000000000004%2C9.1058&destination=39.22%2C9.1196&travelmode=transit",24
9.1058,39.230000000000004,9.1208,39.22,"https://www.google.com/maps/dir/?api=1&origin=39.230000000000004%2C9.1058&destination=39.22%2C9.1208&travelmode=transit",26
9.095,39.231,9.11,39.22,"https://www.google.com/maps/dir/?api=1&origin=39.231%2C9.095&destination=39.22%2C9.11&travelmode=transit",24
9.095,39.231,9.1112,39.22,"https://www.google.com/maps/dir/?api=1&origin=39.231%2C9.095&destination=39.22%2C9.1112&travelmode=transit",34
9.095,39.231,9.1124,39.22,"https://www.google.com/maps/dir/?api=1&origin=39.231%2C9.095&destination=39.22%2C9.1124&travelmode=transit",27
9.095,39.231,9.1136,39.22,"https://www.google.com/maps/dir/?api=1&origin=39.231%2C9.095&destination=39.22%2C9.1136&travelmode=transit",28
9.095,39.231,9.114799999999999,39.22,"https://www.google.com/maps/dir/?api=1&origin=39.231%2C9.095&destination=39.22%2C9.114799999999999&travelmode=transit",33
9.095,39.231,9.116,39.22,"https://www.google.com/maps/dir/?api=1&origin=39.231%2C9.095&destination=39.22%2C9.116&travelmode=transit",32
9.095,39.231,9.117199999999999,39.22,"https://www.google.com/maps/dir/?api=1&origin=39.231%2C9.095&destination=39.22%2C9.117199999999999&travelmode=transit",33
9.095,39.231,9.1184,39.22,"https://www.google.com/maps/dir/?api=1&origin=39.231%2C9.095&destination=39.22%2C9.1184&travelmode=transit",35
9.095,39.231,9.1196,39.22,"https://www.google.com/maps/dir/?api=1&origin=39.231%2C9.095&destination=39.22%2C9.1196&travelmode=transit",35
9.095,39.231,9.1208,39.22,"https://www.google.com/maps/dir/?api=1&origin=39.231%2C9.095&destination=39.22%2C9.1208&travelmode=transit",34
9.096200000000001,39.231,9.11,39.22,"https://www.google.com/maps/dir/?api=1&origin=39.231%2C9.096200000000001&destination=39.22%2C9.11&travelmode=transit",23
9.096200000000001,39.231,9.1112,39.22,"https://www.google.com/maps/dir/?api=1&origin=39.231%2C9.096200000000001&destination=39.22%2C9.1112&travelmode=transit",33
9.096200000000001,39.231,9.1124,39.22,"https://www.google.com/maps/dir/?api=1&origin=39.231%2C9.096200000000001&destination=39.22%2C9.1124&travelmode=transit",27
9.096200000000001,39.231,9.1136,39.22,"https://www.google.com/maps/dir/?api=1&origin=39.231%2C9.096200000000001&destination=39.22%2C9.1136&travelmode=transit",28
9.096200000000001,39.231,9.114799999999999,39.22,"https://www.google.com/maps/dir/?api=1&origin=39.231%2C9.096200000000001&destination=39.22%2C9.114799999999999&travelmode=transit",32
9.096200000000001,39.231,9.116,39.22,"https://www.google.com/maps/dir/?api=1&origin=39.231%2C9.096200000000001&destination=39.22%2C9.116&travelmode=transit",31
9.096200000000001,39.231,9.117199999999999,39.22,"https://www.google.com/maps/dir/?api=1&origin=39.231%2C9.096200000000001&destination=39.22%2C9.117199999999999&travelmode=transit",32
9.096200000000001,39.231,9.1184,39.22,"https://www.google.com/maps/dir/?api=1&origin=39.231%2C9.096200000000001&destination=39.22%2C9.1184&travelmode=transit",34
9.096200000000001,39.231,9.1196,39.22,"https://www.google.com/maps/dir/?api=1&origin=39.231%2C9.096200000000001&destination=39.22%2C9.1196&travelmode=transit",33
9.096200000000001,39.231,9.1208,39.22,"https://www.google.com/maps/dir/?api=1&origin=39.231%2C9.096200000000001&destination=39.22%2C9.1208&travelmode=transit",33
9.0974,39.231,9.11,39.22,"https://www.google.com/maps/dir/?api=1&origin=39.231%2C9.0974&destination=39.22%2C9.11&travelmode=transit",20
9.0974,39.231,9.1112,39.22,"https://www.google.com/maps/dir/?api=1&origin=39.231%2C9.0974&destination=39.22%2C9.1112&travelmode=transit",31
9.0974,39.231,9.1124,39.22,"https://www.google.com/maps/dir/?api=1&origin=39.231%2C9.0974&destination=39.22%2C9.1124&travelmode=transit",24
9.0974,39.231,9.1136,39.22,"https://www.google.com/maps/dir/?api=1&origin=39.231%2C9.0974&destination=39.22%2C9.1136&travelmode=transit",25
9.0974,39.231,9.114799999999999,39.22,"https://www.google.com/maps/dir/?api=1&origin=39.231%2C9.0974&destination=39.22%2C9.114799999999999&travelmode=transit",30
9.0974,39.231,9.116,39.22,"https://www.google.com/maps/dir/?api=1&origin=39.231%2C9.0974&destination=39.22%2C9.116&travelmode=transit",29
9.0974,39.231,9.117199999999999,39.22,"https://www.google.com/maps/dir/?api=1&origin=39.231%2C9.0974&destination=39.22%2C9.117199999999999&travelmode=transit",28
9.0974,39.231,9.1184,39.22,"https://www.google.com/maps/dir/?api=1&origin=39.231%2C9.0974&destination=39.22%2C9.1184&travelmode=transit",28
9.0974,39.231,9.1196,39.22,"https://www.google.com/maps/dir/?api=1&origin=39.231%2C9.0974&destination=39.22%2C9.1196&travelmode=transit",31
9.0974,39.231,9.1208,39.22,"https://www.google.com/maps/dir/?api=1&origin=39.231%2C9.0974&destination=39.22%2C9.1208&travelmode=transit",30
9.098600000000001,39.231,9.11,39.22,"https://www.google.com/maps/dir/?api=1&origin=39.231%2C9.098600000000001&destination=39.22%2C9.11&travelmode=transit",19
9.098600000000001,39.231,9.1112,39.22,"https://www.google.com/maps/dir/?api=1&origin=39.231%2C9.098600000000001&destination=39.22%2C9.1112&travelmode=transit",31
9.098600000000001,39.231,9.1124,39.22,"https://www.google.com/maps/dir/?api=1&origin=39.231%2C9.098600000000001&destination=39.22%2C9.1124&travelmode=transit",23
9.098600000000001,39.231,9.1136,39.22,"https://www.google.com/maps/dir/?api=1&origin=39.231%2C9.098600000000001&destination=39.22%2C9.1136&travelmode=transit",24
9.098600000000001,39.231,9.114799999999999,39.22,"https://www.google.com/maps/dir/?api=1&origin=39.231%2C9.098600000000001&destination=39.22%2C9.114799999999999&travelmode=transit",29
9.098600000000001,39.231,9.116,39.22,"https://www.google.com/maps/dir/?api=1&origin=39.231%2C9.098600000000001&destination=39.22%2C9.116&travelmode=transit",28
9.098600000000001,39.231,9.117199999999999,39.22,"https://www.google.com/maps/dir/?api=1&origin=39.231%2C9.098600000000001&destination=39.22%2C9.117199999999999&travelmode=transit",27
9.098600000000001,39.231,9.1184,39.22,"https://www.google.com/maps/dir/?api=1&origin=39.231%2C9.098600000000001&destination=39.22%2C9.1184&travelmode=transit",27
9.098600000000001,39.231,9.1196,39.22,"https://www.google.com/maps/dir/?api=1&origin=39.231%2C9.098600000000001&destination=39.22%2C9.1196&travelmode=transit",30
9.098600000000001,39.231,9.1208,39.22,"https://www.google.com/maps/dir/?api=1&origin=39.231%2C9.098600000000001&destination=39.22%2C9.1208&travelmode=transit",29
9.0998,39.231,9.11,39.22,"https://www.google.com/maps/dir/?api=1&origin=39.231%2C9.0998&destination=39.22%2C9.11&travelmode=transit",19
9.0998,39.231,9.1112,39.22,"https://www.google.com/maps/dir/?api=1&origin=39.231%2C9.0998&destination=39.22%2C9.1112&travelmode=transit",31
9.0998,39.231,9.1124,39.22,"https://www.google.com/maps/dir/?api=1&origin=39.231%2C9.0998&destination=39.22%2C9.1124&travelmode=transit",24
9.0998,39.231,9.1136,39.22,"https://www.google.com/maps/dir/?api=1&origin=39.231%2C9.0998&destination=39.22%2C9.1136&travelmode=transit",25
9.0998,39.231,9.114799999999999,39.22,"https://www.google.com/maps/dir/?api=1&origin=39.231%2C9.0998&destination=39.22%2C9.114799999999999&travelmode=transit",29
9.0998,39.231,9.116,39.22,"https://www.google.com/maps/dir/?api=1&origin=39.231%2C9.0998&destination=39.22%2C9.116&travelmode=transit",29
9.0998,39.231,9.117199999999999,39.22,"https://www.google.com/maps/dir/?api=1&origin=39.231%2C9.0998&destination=39.22%2C9.117199999999999&travelmode=transit",28
9.0998,39.231,9.1184,39.22,"https://www.google.com/maps/dir/?api=1&origin=39.231%2C9.0998&destination=39.22%2C9.1184&travelmode=transit",28
9.0998,39.231,9.1196,39.22,"https://www.google.com/maps/dir/?api=1&origin=39.231%2C9.0998&destination=39.22%2C9.1196&travelmode=transit",30
9.0998,39.231,9.1208,39.22,"https://www.google.com/maps/dir/?api=1&origin=39.231%2C9.0998&destination=39.22%2C9.1208&travelmode=transit",29
9.101,39.231,9.11,39.22,"https://www.google.com/maps/dir/?api=1&origin=39.231%2C9.101&destination=39.22%2C9.11&travelmode=transit",28
9.101,39.231,9.1112,39.22,"https://www.google.com/maps/dir/?api=1&origin=39.231%2C9.101&destination=39.22%2C9.1112&travelmode=transit",41
9.101,39.231,9.1124,39.22,"https://www.google.com/maps/dir/?api=1&origin=39.231%2C9.101&destination=39.22%2C9.1124&travelmode=transit",33
9.101,39.231,9.1136,39.22,"https://www.google.com/maps/dir/?api=1&origin=39.231%2C9.101&destination=39.22%2C9.1136&travelmode=transit",34
9.101,39.231,9.114799999999999,39.22,"https://www.google.com/maps/dir/?api=1&origin=39.231%2C9.101&destination=39.22%2C9.114799999999999&travelmode=transit",39
9.101,39.231,9.116,39.22,"https://www.google.com/maps/dir/?api=1&origin=39.231%2C9.101&destination=39.22%2C9.116&travelmode=transit",38
9.101,39.231,9.117199999999999,39.22,"https://www.google.com/maps/dir/?api=1&origin=39.231%2C9.101&destination=39.22%2C9.117199999999999&travelmode=transit",37
9.101,39.231,9.1184,39.22,"https://www.google.com/maps/dir/?api=1&origin=39.231%2C9.101&destination=39.22%2C9.1184&travelmode=transit",38
9.101,39.231,9.1196,39.22,"https://www.google.com/maps/dir/?api=1&origin=39.231%2C9.101&destination=39.22%2C9.1196&travelmode=transit",40
9.101,39.231,9.1208,39.22,"https://www.google.com/maps/dir/?api=1&origin=39.231%2C9.101&destination=39.22%2C9.1208&travelmode=transit",40
9.1022,39.231,9.11,39.22,"https://www.google.com/maps/dir/?api=1&origin=39.231%2C9.1022&destination=39.22%2C9.11&travelmode=transit",28
9.1022,39.231,9.1112,39.22,"https://www.google.com/maps/dir/?api=1&origin=39.231%2C9.1022&destination=39.22%2C9.1112&travelmode=transit",41
9.1022,39.231,9.1124,39.22,"https://www.google.com/maps/dir/?api=1&origin=39.231%2C9.1022&destination=39.22%2C9.1124&travelmode=transit",33
9.1022,39.231,9.1136,39.22,"https://www.google.com/maps/dir/?api=1&origin=39.231%2C9.1022&destination=39.22%2C9.1136&travelmode=transit",34
9.1022,39.231,9.114799999999999,39.22,"https://www.google.com/maps/dir/?api=1&origin=39.231%2C9.1022&destination=39.22%2C9.114799999999999&travelmode=transit",39
9.1022,39.231,9.116,39.22,"https://www.google.com/maps/dir/?api=1&origin=39.231%2C9.1022&destination=39.22%2C9.116&travelmode=transit",38
9.1022,39.231,9.117199999999999,39.22,"https://www.google.com/maps/dir/?api=1&origin=39.231%2C9.1022&destination=39.22%2C9.117199999999999&travelmode=transit",37
9.1022,39.231,9.1184,39.22,"https://www.google.com/maps/dir/?api=1&origin=39.231%2C9.1022&destination=39.22%2C9.1184&travelmode=transit",38
9.1022,39.231,9.1196,39.22,"https://www.google.com/maps/dir/?api=1&origin=39.231%2C9.1022&destination=39.22%2C9.1196&travelmode=transit",40
9.1022,39.231,9.1208,39.22,"https://www.google.com/maps/dir/?api=1&origin=39.231%2C9.1022&destination=39.22%2C9.1208&travelmode=transit",40
9.1034,39.231,9.11,39.22,"https://www.google.com/maps/dir/?api=1&origin=39.231%2C9.1034&destination=39.22%2C9.11&travelmode=transit",23
9.1034,39.231,9.1112,39.22,"https://www.google.com/maps/dir/?api=1&origin=39.231%2C9.1034&destination=39.22%2C9.1112&travelmode=transit",19
9.1034,39.231,9.1124,39.22,"https://www.google.com/maps/dir/?api=1&origin=39.231%2C9.1034&destination=39.22%2C9.1124&travelmode=transit",16
9.1034,39.231,9.1136,39.22,"https://www.google.com/maps/dir/?api=1&origin=39.231%2C9.1034&destination=39.22%2C9.1136&travelmode=transit",16
9.1034,39.231,9.114799999999999,39.22,"https://www.google.com/maps/dir/?api=1&origin=39.231%2C9.1034&destination=39.22%2C9.114799999999999&travelmode=transit",22
9.1034,39.231,9.116,39.22,"https://www.google.com/maps/dir/?api=1&origin=39.231%2C9.1034&destination=39.22%2C9.116&travelmode=transit",20
9.1034,39.231,9.117199999999999,39.22,"https://www.google.com/maps/dir/?api=1&origin=39.231%2C9.1034&destination=39.22%2C9.117199999999999&travelmode=transit",20
9.1034,39.231,9.1184,39.22,"https://www.google.com/maps/dir/?api=1&origin=39.231%2C9.1034&destination=39.22%2C9.1184&travelmode=transit",21
9.1034,39.231,9.1196,39.22,"https://www.google.com/maps/dir/?api=1&origin=39.231%2C9.1034&destination=39.22%2C9.1196&travelmode=transit",24
9.1034,39.231,9.1208,39.22,"https://www.google.com/maps/dir/?api=1&origin=39.231%2C9.1034&destination=39.22%2C9.1208&travelmode=transit",26
9.104600000000001,39.231,9.11,39.22,"https://www.google.com/maps/dir/?api=1&origin=39.231%2C9.104600000000001&destination=39.22%2C9.11&travelmode=transit",23
9.104600000000001,39.231,9.1112,39.22,"https://www.google.com/maps/dir/?api=1&origin=39.231%2C9.104600000000001&destination=39.22%2C9.1112&travelmode=transit",20
9.104600000000001,39.231,9.1124,39.22,"https://www.google.com/maps/dir/?api=1&origin=39.231%2C9.104600000000001&destination=39.22%2C9.1124&travelmode=transit",17
9.104600000000001,39.231,9.1136,39.22,"https://www.google.com/maps/dir/?api=1&origin=39.231%2C9.104600000000001&destination=39.22%2C9.1136&travelmode=transit",17
9.104600000000001,39.231,9.114799999999999,39.22,"https://www.google.com/maps/dir/?api=1&origin=39.231%2C9.104600000000001&destination=39.22%2C9.114799999999999&travelmode=transit",23
9.104600000000001,39.231,9.116,39.22,"https://www.google.com/maps/dir/?api=1&origin=39.231%2C9.104600000000001&destination=39.22%2C9.116&travelmode=transit",21
9.104600000000001,39.231,9.117199999999999,39.22,"https://www.google.com/maps/dir/?api=1&origin=39.231%2C9.104600000000001&destination=39.22%2C9.117199999999999&travelmode=transit",21
9.104600000000001,39.231,9.1184,39.22,"https://www.google.com/maps/dir/?api=1&origin=39.231%2C9.104600000000001&destination=39.22%2C9.1184&travelmode=transit",22
9.104600000000001,39.231,9.1196,39.22,"https://www.google.com/maps/dir/?api=1&origin=39.231%2C9.104600000000001&destination=39.22%2C9.1196&travelmode=transit",25
9.104600000000001,39.231,9.1208,39.22,"https://www.google.com/maps/dir/?api=1&origin=39.231%2C9.104600000000001&destination=39.22%2C9.1208&travelmode=transit",27
9.1058,39.231,9.11,39.22,"https://www.google.com/maps/dir/?api=1&origin=39.231%2C9.1058&destination=39.22%2C9.11&travelmode=transit",21
9.1058,39.231,9.1112,39.22,"https://www.google.com/maps/dir/?api=1&origin=39.231%2C9.1058&destination=39.22%2C9.1112&travelmode=transit",18
9.1058,39.231,9.1124,39.22,"https://www.google.com/maps/dir/?api=1&origin=39.231%2C9.1058&destination=39.22%2C9.1124&travelmode=transit",15
9.1058,39.231,9.1136,39.22,"https://www.google.com/maps/dir/?api=1&origin=39.231%2C9.1058&destination=39.22%2C9.1136&travelmode=transit",15
9.1058,39.231,9.114799999999999,39.22,"https://www.google.com/maps/dir/?api=1&origin=39.231%2C9.1058&destination=39.22%2C9.114799999999999&travelmode=transit",21
9.1058,39.231,9.116,39.22,"https://www.google.com/maps/dir/?api=1&origin=39.231%2C9.1058&destination=39.22%2C9.116&travelmode=transit",19
9.1058,39.231,9.117199999999999,39.22,"https://www.google.com/maps/dir/?api=1&origin=39.231%2C9.1058&destination=39.22%2C9.117199999999999&travelmode=transit",20
9.1058,39.231,9.1184,39.22,"https://www.google.com/maps/dir/?api=1&origin=39.231%2C9.1058&destination=39.22%2C9.1184&travelmode=transit",21
9.1058,39.231,9.1196,39.22,"https://www.google.com/maps/dir/?api=1&origin=39.231%2C9.1058&destination=39.22%2C9.1196&travelmode=transit",24
9.1058,39.231,9.1208,39.22,"https://www.google.com/maps/dir/?api=1&origin=39.231%2C9.1058&destination=39.22%2C9.1208&travelmode=transit",26
9.095,39.232,9.11,39.22,"https://www.google.com/maps/dir/?api=1&origin=39.232%2C9.095&destination=39.22%2C9.11&travelmode=transit",24
9.095,39.232,9.1112,39.22,"https://www.google.com/maps/dir/?api=1&origin=39.232%2C9.095&destination=39.22%2C9.1112&travelmode=transit",32
9.095,39.232,9.1124,39.22,"https://www.google.com/maps/dir/?api=1&origin=39.232%2C9.095&destination=39.22%2C9.1124&travelmode=transit",28
9.095,39.232,9.1136,39.22,"https://www.google.com/maps/dir/?api=1&origin=39.232%2C9.095&destination=39.22%2C9.1136&travelmode=transit",28
9.095,39.232,9.114799999999999,39.22,"https://www.google.com/maps/dir/?api=1&origin=39.232%2C9.095&destination=39.22%2C9.114799999999999&travelmode=transit",34
9.095,39.232,9.116,39.22,"https://www.google.com/maps/dir/?api=1&origin=39.232%2C9.095&destination=39.22%2C9.116&travelmode=transit",33
9.095,39.232,9.117199999999999,39.22,"https://www.google.com/maps/dir/?api=1&origin=39.232%2C9.095&destination=39.22%2C9.117199999999999&travelmode=transit",34
9.095,39.232,9.1184,39.22,"https://www.google.com/maps/dir/?api=1&origin=39.232%2C9.095&destination=39.22%2C9.1184&travelmode=transit",35
9.095,39.232,9.1196,39.22,"https://www.google.com/maps/dir/?api=1&origin=39.232%2C9.095&destination=39.22%2C9.1196&travelmode=transit",37
9.095,39.232,9.1208,39.22,"https://www.google.com/maps/dir/?api=1&origin=39.232%2C9.095&destination=39.22%2C9.1208&travelmode=transit",36
9.096200000000001,39.232,9.11,39.22,"https://www.google.com/maps/dir/?api=1&origin=39.232%2C9.096200000000001&destination=39.22%2C9.11&travelmode=transit",24
9.096200000000001,39.232,9.1112,39.22,"https://www.google.com/maps/dir/?api=1&origin=39.232%2C9.096200000000001&destination=39.22%2C9.1112&travelmode=transit",32
9.096200000000001,39.232,9.1124,39.22,"https://www.google.com/maps/dir/?api=1&origin=39.232%2C9.096200000000001&destination=39.22%2C9.1124&travelmode=transit",27
9.096200000000001,39.232,9.1136,39.22,"https://www.google.com/maps/dir/?api=1&origin=39.232%2C9.096200000000001&destination=39.22%2C9.1136&travelmode=transit",28
9.096200000000001,39.232,9.114799999999999,39.22,"https://www.google.com/maps/dir/?api=1&origin=39.232%2C9.096200000000001&destination=39.22%2C9.114799999999999&travelmode=transit",33
9.096200000000001,39.232,9.116,39.22,"https://www.google.com/maps/dir/?api=1&origin=39.232%2C9.096200000000001&destination=39.22%2C9.116&travelmode=transit",32
9.096200000000001,39.232,9.117199999999999,39.22,"https://www.google.com/maps/dir/?api=1&origin=39.232%2C9.096200000000001&destination=39.22%2C9.117199999999999&travelmode=transit",33
9.096200000000001,39.232,9.1184,39.22,"https://www.google.com/maps/dir/?api=1&origin=39.232%2C9.096200000000001&destination=39.22%2C9.1184&travelmode=transit",35
9.096200000000001,39.232,9.1196,39.22,"https://www.google.com/maps/dir/?api=1&origin=39.232%2C9.096200000000001&destination=39.22%2C9.1196&travelmode=transit",35
9.096200000000001,39.232,9.1208,39.22,"https://www.google.com/maps/dir/?api=1&origin=39.232%2C9.096200000000001&destination=39.22%2C9.1208&travelmode=transit",34
9.0974,39.232,9.11,39.22,"https://www.google.com/maps/dir/?api=1&origin=39.232%2C9.0974&destination=39.22%2C9.11&travelmode=transit",18
9.0974,39.232,9.1112,39.22,"https://www.google.com/maps/dir/?api=1&origin=39.232%2C9.0974&destination=39.22%2C9.1112&travelmode=transit",29
9.0974,39.232,9.1124,39.22,"https://www.google.com/maps/dir/?api=1&origin=39.232%2C9.0974&destination=39.22%2C9.1124&travelmode=transit",22
9.0974,39.232,9.1136,39.22,"https://www.google.com/maps/dir/?api=1&origin=39.232%2C9.0974&destination=39.22%2C9.1136&travelmode=transit",23
9.0974,39.232,9.114799999999999,39.22,"https://www.google.com/maps/dir/?api=1&origin=39.232%2C9.0974&destination=39.22%2C9.114799999999999&travelmode=transit",28
9.0974,39.232,9.116,39.22,"https://www.google.com/maps/dir/?api=1&origin=39.232%2C9.0974&destination=39.22%2C9.116&travelmode=transit",27
9.0974,39.232,9.117199999999999,39.22,"https://www.google.com/maps/dir/?api=1&origin=39.232%2C9.0974&destination=39.22%2C9.117199999999999&travelmode=transit",26
9.0974,39.232,9.1184,39.22,"https://www.google.com/maps/dir/?api=1&origin=39.232%2C9.0974&destination=39.22%2C9.1184&travelmode=transit",26
9.0974,39.232,9.1196,39.22,"https://www.google.com/maps/dir/?api=1&origin=39.232%2C9.0974&destination=39.22%2C9.1196&travelmode=transit",29
9.0974,39.232,9.1208,39.22,"https://www.google.com/maps/dir/?api=1&origin=39.232%2C9.0974&destination=39.22%2C9.1208&travelmode=transit",28
9.098600000000001,39.232,9.11,39.22,"https://www.google.com/maps/dir/?api=1&origin=39.232%2C9.098600000000001&destination=39.22%2C9.11&travelmode=transit",19
9.098600000000001,39.232,9.1112,39.22,"https://www.google.com/maps/dir/?api=1&origin=39.232%2C9.098600000000001&destination=39.22%2C9.1112&travelmode=transit",28
9.098600000000001,39.232,9.1124,39.22,"https://www.google.com/maps/dir/?api=1&origin=39.232%2C9.098600000000001&destination=39.22%2C9.1124&travelmode=transit",23
9.098600000000001,39.232,9.1136,39.22,"https://www.google.com/maps/dir/?api=1&origin=39.232%2C9.098600000000001&destination=39.22%2C9.1136&travelmode=transit",23
9.098600000000001,39.232,9.114799999999999,39.22,"https://www.google.com/maps/dir/?api=1&origin=39.232%2C9.098600000000001&destination=39.22%2C9.114799999999999&travelmode=transit",29
9.098600000000001,39.232,9.116,39.22,"https://www.google.com/maps/dir/?api=1&origin=39.232%2C9.098600000000001&destination=39.22%2C9.116&travelmode=transit",28
9.098600000000001,39.232,9.117199999999999,39.22,"https://www.google.com/maps/dir/?api=1&origin=39.232%2C9.098600000000001&destination=39.22%2C9.117199999999999&travelmode=transit",27
9.098600000000001,39.232,9.1184,39.22,"https://www.google.com/maps/dir/?api=1&origin=39.232%2C9.098600000000001&destination=39.22%2C9.1184&travelmode=transit",27
9.098600000000001,39.232,9.1196,39.22,"https://www.google.com/maps/dir/?api=1&origin=39.232%2C9.098600000000001&destination=39.22%2C9.1196&travelmode=transit",30
9.098600000000001,39.232,9.1208,39.22,"https://www.google.com/maps/dir/?api=1&origin=39.232%2C9.098600000000001&destination=39.22%2C9.1208&travelmode=transit",29
9.0998,39.232,9.11,39.22,"https://www.google.com/maps/dir/?api=1&origin=39.232%2C9.0998&destination=39.22%2C9.11&travelmode=transit",24
9.0998,39.232,9.1112,39.22,"https://www.google.com/maps/dir/?api=1&origin=39.232%2C9.0998&destination=39.22%2C9.1112&travelmode=transit",27
9.0998,39.232,9.1124,39.22,"https://www.google.com/maps/dir/?api=1&origin=39.232%2C9.0998&destination=39.22%2C9.1124&travelmode=transit",24
9.0998,39.232,9.1136,39.22,"https://www.google.com/maps/dir/?api=1&origin=39.232%2C9.0998&destination=39.22%2C9.1136&travelmode=transit",24
9.0998,39.232,9.114799999999999,39.22,"https://www.google.com/maps/dir/?api=1&origin=39.232%2C9.0998&destination=39.22%2C9.114799999999999&travelmode=transit",29
9.0998,39.232,9.116,39.22,"https://www.google.com/maps/dir/?api=1&origin=39.232%2C9.0998&destination=39.22%2C9.116&travelmode=transit",27
9.0998,39.232,9.117199999999999,39.22,"https://www.google.com/maps/dir/?api=1&origin=39.232%2C9.0998&destination=39.22%2C9.117199999999999&travelmode=transit",26
9.0998,39.232,9.1184,39.22,"https://www.google.com/maps/dir/?api=1&origin=39.232%2C9.0998&destination=39.22%2C9.1184&travelmode=transit",26
9.0998,39.232,9.1196,39.22,"https://www.google.com/maps/dir/?api=1&origin=39.232%2C9.0998&destination=39.22%2C9.1196&travelmode=transit",29
9.0998,39.232,9.1208,39.22,"https://www.google.com/maps/dir/?api=1&origin=39.232%2C9.0998&destination=39.22%2C9.1208&travelmode=transit",31
9.101,39.232,9.11,39.22,"https://www.google.com/maps/dir/?api=1&origin=39.232%2C9.101&destination=39.22%2C9.11&travelmode=transit",26
9.101,39.232,9.1112,39.22,"https://www.google.com/maps/dir/?api=1&origin=39.232%2C9.101&destination=39.22%2C9.1112&travelmode=transit",25
9.101,39.232,9.1124,39.22,"https://www.google.com/maps/dir/?api=1&origin=39.232%2C9.101&destination=39.22%2C9.1124&travelmode=transit",22
9.101,39.232,9.1136,39.22,"https://www.google.com/maps/dir/?api=1&origin=39.232%2C9.101&destination=39.22%2C9.1136&travelmode=transit",22
9.101,39.232,9.114799999999999,39.22,"https://www.google.com/maps/dir/?api=1&origin=39.232%2C9.101&destination=39.22%2C9.114799999999999&travelmode=transit",27
9.101,39.232,9.116,39.22,"https://www.google.com/maps/dir/?api=1&origin=39.232%2C9.101&destination=39.22%2C9.116&travelmode=transit",25
9.101,39.232,9.117199999999999,39.22,"https://www.google.com/maps/dir/?api=1&origin=39.232%2C9.101&destination=39.22%2C9.117199999999999&travelmode=transit",24
9.101,39.232,9.1184,39.22,"https://www.google.com/maps/dir/?api=1&origin=39.232%2C9.101&destination=39.22%2C9.1184&travelmode=transit",24
9.101,39.232,9.1196,39.22,"https://www.google.com/maps/dir/?api=1&origin=39.232%2C9.101&destination=39.22%2C9.1196&travelmode=transit",27
9.101,39.232,9.1208,39.22,"https://www.google.com/maps/dir/?api=1&origin=39.232%2C9.101&destination=39.22%2C9.1208&travelmode=transit",29
9.1022,39.232,9.11,39.22,"https://www.google.com/maps/dir/?api=1&origin=39.232%2C9.1022&destination=39.22%2C9.11&travelmode=transit",24
9.1022,39.232,9.1112,39.22,"https://www.google.com/maps/dir/?api=1&origin=39.232%2C9.1022&destination=39.22%2C9.1112&travelmode=transit",21
9.1022,39.232,9.1124,39.22,"https://www.google.com/maps/dir/?api=1&origin=39.232%2C9.1022&destination=39.22%2C9.1124&travelmode=transit",18
9.1022,39.232,9.1136,39.22,"https://www.google.com/maps/dir/?api=1&origin=39.232%2C9.1022&destination=39.22%2C9.1136&travelmode=transit",18
9.1022,39.232,9.114799999999999,39.22,"https://www.google.com/maps/dir/?api=1&origin=39.232%2C9.1022&destination=39.22%2C9.114799999999999&travelmode=transit",23
9.1022,39.232,9.116,39.22,"https://www.google.com/maps/dir/?api=1&origin=39.232%2C9.1022&destination=39.22%2C9.116&travelmode=transit",21
9.1022,39.232,9.117199999999999,39.22,"https://www.google.com/maps/dir/?api=1&origin=39.232%2C9.1022&destination=39.22%2C9.117199999999999&travelmode=transit",21
9.1022,39.232,9.1184,39.22,"https://www.google.com/maps/dir/?api=1&origin=39.232%2C9.1022&destination=39.22%2C9.1184&travelmode=transit",22
9.1022,39.232,9.1196,39.22,"https://www.google.com/maps/dir/?api=1&origin=39.232%2C9.1022&destination=39.22%2C9.1196&travelmode=transit",25
9.1022,39.232,9.1208,39.22,"https://www.google.com/maps/dir/?api=1&origin=39.232%2C9.1022&destination=39.22%2C9.1208&travelmode=transit",27
9.1034,39.232,9.11,39.22,"https://www.google.com/maps/dir/?api=1&origin=39.232%2C9.1034&destination=39.22%2C9.11&travelmode=transit",24
9.1034,39.232,9.1112,39.22,"https://www.google.com/maps/dir/?api=1&origin=39.232%2C9.1034&destination=39.22%2C9.1112&travelmode=transit",20
9.1034,39.232,9.1124,39.22,"https://www.google.com/maps/dir/?api=1&origin=39.232%2C9.1034&destination=39.22%2C9.1124&travelmode=transit",17
9.1034,39.232,9.1136,39.22,"https://www.google.com/maps/dir/?api=1&origin=39.232%2C9.1034&destination=39.22%2C9.1136&travelmode=transit",17
9.1034,39.232,9.114799999999999,39.22,"https://www.google.com/maps/dir/?api=1&origin=39.232%2C9.1034&destination=39.22%2C9.114799999999999&travelmode=transit",23
9.1034,39.232,9.116,39.22,"https://www.google.com/maps/dir/?api=1&origin=39.232%2C9.1034&destination=39.22%2C9.116&travelmode=transit",21
9.1034,39.232,9.117199999999999,39.22,"https://www.google.com/maps/dir/?api=1&origin=39.232%2C9.1034&destination=39.22%2C9.117199999999999&travelmode=transit",21
9.1034,39.232,9.1184,39.22,"https://www.google.com/maps/dir/?api=1&origin=39.232%2C9.1034&destination=39.22%2C9.1184&travelmode=transit",22
9.1034,39.232,9.1196,39.22,"https://www.google.com/maps/dir/?api=1&origin=39.232%2C9.1034&destination=39.22%2C9.1196&travelmode=transit",25
9.1034,39.232,9.1208,39.22,"https://www.google.com/maps/dir/?api=1&origin=39.232%2C9.1034&destination=39.22%2C9.1208&travelmode=transit",27
9.104600000000001,39.232,9.11,39.22,"https://www.google.com/maps/dir/?api=1&origin=39.232%2C9.104600000000001&destination=39.22%2C9.11&travelmode=transit",24
9.104600000000001,39.232,9.1112,39.22,"https://www.google.com/maps/dir/?api=1&origin=39.232%2C9.104600000000001&destination=39.22%2C9.1112&travelmode=transit",20
9.104600000000001,39.232,9.1124,39.22,"https://www.google.com/maps/dir/?api=1&origin=39.232%2C9.104600000000001&destination=39.22%2C9.1124&travelmode=transit",17
9.104600000000001,39.232,9.1136,39.22,"https://www.google.com/maps/dir/?api=1&origin=39.232%2C9.104600000000001&destination=39.22%2C9.1136&travelmode=transit",17
9.104600000000001,39.232,9.114799999999999,39.22,"https://www.google.com/maps/dir/?api=1&origin=39.232%2C9.104600000000001&destination=39.22%2C9.114799999999999&travelmode=transit",23
9.104600000000001,39.232,9.116,39.22,"https://www.google.com/maps/dir/?api=1&origin=39.232%2C9.104600000000001&destination=39.22%2C9.116&travelmode=transit",21
9.104600000000001,39.232,9.117199999999999,39.22,"https://www.google.com/maps/dir/?api=1&origin=39.232%2C9.104600000000001&destination=39.22%2C9.117199999999999&travelmode=transit",21
9.104600000000001,39.232,9.1184,39.22,"https://www.google.com/maps/dir/?api=1&origin=39.232%2C9.104600000000001&destination=39.22%2C9.1184&travelmode=transit",22
9.104600000000001,39.232,9.1196,39.22,"https://www.google.com/maps/dir/?api=1&origin=39.232%2C9.104600000000001&destination=39.22%2C9.1196&travelmode=transit",25
9.104600000000001,39.232,9.1208,39.22,"https://www.google.com/maps/dir/?api=1&origin=39.232%2C9.104600000000001&destination=39.22%2C9.1208&travelmode=transit",27
9.1058,39.232,9.11,39.22,"https://www.google.com/maps/dir/?api=1&origin=39.232%2C9.1058&destination=39.22%2C9.11&travelmode=transit",23
9.1058,39.232,9.1112,39.22,"https://www.google.com/maps/dir/?api=1&origin=39.232%2C9.1058&destination=39.22%2C9.1112&travelmode=transit",20
9.1058,39.232,9.1124,39.22,"https://www.google.com/maps/dir/?api=1&origin=39.232%2C9.1058&destination=39.22%2C9.1124&travelmode=transit",17
9.1058,39.232,9.1136,39.22,"https://www.google.com/maps/dir/?api=1&origin=39.232%2C9.1058&destination=39.22%2C9.1136&travelmode=transit",17
9.1058,39.232,9.114799999999999,39.22,"https://www.google.com/maps/dir/?api=1&origin=39.232%2C9.1058&destination=39.22%2C9.114799999999999&travelmode=transit",23
9.1058,39.232,9.116,39.22,"https://www.google.com/maps/dir/?api=1&origin=39.232%2C9.1058&destination=39.22%2C9.116&travelmode=transit",21
9.1058,39.232,9.117199999999999,39.22,"https://www.google.com/maps/dir/?api=1&origin=39.232%2C9.1058&destination=39.22%2C9.117199999999999&travelmode=transit",21
9.1058,39.232,9.1184,39.22,"https://www.google.com/maps/dir/?api=1&origin=39.232%2C9.1058&destination=39.22%2C9.1184&travelmode=transit",22
9.1058,39.232,9.1196,39.22,"https://www.google.com/maps/dir/?api=1&origin=39.232%2C9.1058&destination=39.22%2C9.1196&travelmode=transit",25
9.1058,39.232,9.1208,39.22,"https://www.google.com/maps/dir/?api=1&origin=39.232%2C9.1058&destination=39.22%2C9.1208&travelmode=transit",27
9.095,39.233000000000004,9.11,39.22,"https://www.google.com/maps/dir/?api=1&origin=39.233000000000004%2C9.095&destination=39.22%2C9.11&travelmode=transit",24
9.095,39.233000000000004,9.1112,39.22,"https://www.google.com/maps/dir/?api=1&origin=39.233000000000004%2C9.095&destination=39.22%2C9.1112&travelmode=transit",31
9.095,39.233000000000004,9.1124,39.22,"https://www.google.com/maps/dir/?api=1&origin=39.233000000000004%2C9.095&destination=39.22%2C9.1124&travelmode=transit",27
9.095,39.233000000000004,9.1136,39.22,"https://www.google.com/maps/dir/?api=1&origin=39.233000000000004%2C9.095&destination=39.22%2C9.1136&travelmode=transit",27
9.095,39.233000000000004,9.114799999999999,39.22,"https://www.google.com/maps/dir/?api=1&origin=39.233000000000004%2C9.095&destination=39.22%2C9.114799999999999&travelmode=transit",33
9.095,39.233000000000004,9.116,39.22,"https://www.google.com/maps/dir/?api=1&origin=39.233000000000004%2C9.095&destination=39.22%2C9.116&travelmode=transit",32
9.095,39.233000000000004,9.117199999999999,39.22,"https://www.google.com/maps/dir/?api=1&origin=39.233000000000004%2C9.095&destination=39.22%2C9.117199999999999&travelmode=transit",33
9.095,39.233000000000004,9.1184,39.22,"https://www.google.com/maps/dir/?api=1&origin=39.233000000000004%2C9.095&destination=39.22%2C9.1184&travelmode=transit",34
9.095,39.233000000000004,9.1196,39.22,"https://www.google.com/maps/dir/?api=1&origin=39.233000000000004%2C9.095&destination=39.22%2C9.1196&travelmode=transit",34
9.095,39.233000000000004,9.1208,39.22,"https://www.google.com/maps/dir/?api=1&origin=39.233000000000004%2C9.095&destination=39.22%2C9.1208&travelmode=transit",34
9.096200000000001,39.233000000000004,9.11,39.22,"https://www.google.com/maps/dir/?api=1&origin=39.233000000000004%2C9.096200000000001&destination=39.22%2C9.11&travelmode=transit",22
9.096200000000001,39.233000000000004,9.1112,39.22,"https://www.google.com/maps/dir/?api=1&origin=39.233000000000004%2C9.096200000000001&destination=39.22%2C9.1112&travelmode=transit",29
9.096200000000001,39.233000000000004,9.1124,39.22,"https://www.google.com/maps/dir/?api=1&origin=39.233000000000004%2C9.096200000000001&destination=39.22%2C9.1124&travelmode=transit",25
9.096200000000001,39.233000000000004,9.1136,39.22,"https://www.google.com/maps/dir/?api=1&origin=39.233000000000004%2C9.096200000000001&destination=39.22%2C9.1136&travelmode=transit",25
9.096200000000001,39.233000000000004,9.114799999999999,39.22,"https://www.google.com/maps/dir/?api=1&origin=39.233000000000004%2C9.096200000000001&destination=39.22%2C9.114799999999999&travelmode=transit",31
9.096200000000001,39.233000000000004,9.116,39.22,"https://www.google.com/maps/dir/?api=1&origin=39.233000000000004%2C9.096200000000001&destination=39.22%2C9.116&travelmode=transit",29
9.096200000000001,39.233000000000004,9.117199999999999,39.22,"https://www.google.com/maps/dir/?api=1&origin=39.233000000000004%2C9.096200000000001&destination=39.22%2C9.117199999999999&travelmode=transit",28
9.096200000000001,39.233000000000004,9.1184,39.22,"https://www.google.com/maps/dir/?api=1&origin=39.233000000000004%2C9.096200000000001&destination=39.22%2C9.1184&travelmode=transit",28
9.096200000000001,39.233000000000004,9.1196,39.22,"https://www.google.com/maps/dir/?api=1&origin=39.233000000000004%2C9.096200000000001&destination=39.22%2C9.1196&travelmode=transit",31
9.096200000000001,39.233000000000004,9.1208,39.22,"https://www.google.com/maps/dir/?api=1&origin=39.233000000000004%2C9.096200000000001&destination=39.22%2C9.1208&travelmode=transit",32
9.0974,39.233000000000004,9.11,39.22,"https://www.google.com/maps/dir/?api=1&origin=39.233000000000004%2C9.0974&destination=39.22%2C9.11&travelmode=transit",18
9.0974,39.233000000000004,9.1112,39.22,"https://www.google.com/maps/dir/?api=1&origin=39.233000000000004%2C9.0974&destination=39.22%2C9.1112&travelmode=transit",27
9.0974,39.233000000000004,9.1124,39.22,"https://www.google.com/maps/dir/?api=1&origin=39.233000000000004%2C9.0974&destination=39.22%2C9.1124&travelmode=transit",22
9.0974,39.233000000000004,9.1136,39.22,"https://www.google.com/maps/dir/?api=1&origin=39.233000000000004%2C9.0974&destination=39.22%2C9.1136&travelmode=transit",22
9.0974,39.233000000000004,9.114799999999999,39.22,"https://www.google.com/maps/dir/?api=1&origin=39.233000000000004%2C9.0974&destination=39.22%2C9.114799999999999&travelmode=transit",28
9.0974,39.233000000000004,9.116,39.22,"https://www.google.com/maps/dir/?api=1&origin=39.233000000000004%2C9.0974&destination=39.22%2C9.116&travelmode=transit",27
9.0974,39.233000000000004,9.117199999999999,39.22,"https://www.google.com/maps/dir/?api=1&origin=39.233000000000004%2C9.0974&destination=39.22%2C9.117199999999999&travelmode=transit",26
9.0974,39.233000000000004,9.1184,39.22,"https://www.google.com/maps/dir/?api=1&origin=39.233000000000004%2C9.0974&destination=39.22%2C9.1184&travelmode=transit",26
9.0974,39.233000000000004,9.1196,39.22,"https://www.google.com/maps/dir/?api=1&origin=39.233000000000004%2C9.0974&destination=39.22%2C9.1196&travelmode=transit",29
9.0974,39.233000000000004,9.1208,39.22,"https://www.google.com/maps/dir/?api=1&origin=39.233000000000004%2C9.0974&destination=39.22%2C9.1208&travelmode=transit",28
9.098600000000001,39.233000000000004,9.11,39.22,"https://www.google.com/maps/dir/?api=1&origin=39.233000000000004%2C9.098600000000001&destination=39.22%2C9.11&travelmode=transit",19
9.098600000000001,39.233000000000004,9.1112,39.22,"https://www.google.com/maps/dir/?api=1&origin=39.233000000000004%2C9.098600000000001&destination=39.22%2C9.1112&travelmode=transit",25
9.098600000000001,39.233000000000004,9.1124,39.22,"https://www.google.com/maps/dir/?api=1&origin=39.233000000000004%2C9.098600000000001&destination=39.22%2C9.1124&travelmode=transit",22
9.098600000000001,39.233000000000004,9.1136,39.22,"https://www.google.com/maps/dir/?api=1&origin=39.233000000000004%2C9.098600000000001&destination=39.22%2C9.1136&travelmode=transit",22
9.098600000000001,39.233000000000004,9.114799999999999,39.22,"https://www.google.com/maps/dir/?api=1&origin=39.233000000000004%2C9.098600000000001&destination=39.22%2C9.114799999999999&travelmode=transit",28
9.098600000000001,39.233000000000004,9.116,39.22,"https://www.google.com/maps/dir/?api=1&origin=39.233000000000004%2C9.098600000000001&destination=39.22%2C9.116&travelmode=transit",26
9.098600000000001,39.233000000000004,9.117199999999999,39.22,"https://www.google.com/maps/dir/?api=1&origin=39.233000000000004%2C9.098600000000001&destination=39.22%2C9.117199999999999&travelmode=transit",24
9.098600000000001,39.233000000000004,9.1184,39.22,"https://www.google.com/maps/dir/?api=1&origin=39.233000000000004%2C9.098600000000001&destination=39.22%2C9.1184&travelmode=transit",24
9.098600000000001,39.233000000000004,9.1196,39.22,"https://www.google.com/maps/dir/?api=1&origin=39.233000000000004%2C9.098600000000001&destination=39.22%2C9.1196&travelmode=transit",27
9.098600000000001,39.233000000000004,9.1208,39.22,"https://www.google.com/maps/dir/?api=1&origin=39.233000000000004%2C9.098600000000001&destination=39.22%2C9.1208&travelmode=transit",28
9.0998,39.233000000000004,9.11,39.22,"https://www.google.com/maps/dir/?api=1&origin=39.233000000000004%2C9.0998&destination=39.22%2C9.11&travelmode=transit",25
9.0998,39.233000000000004,9.1112,39.22,"https://www.google.com/maps/dir/?api=1&origin=39.233000000000004%2C9.0998&destination=39.22%2C9.1112&travelmode=transit",24
9.0998,39.233000000000004,9.1124,39.22,"https://www.google.com/maps/dir/?api=1&origin=39.233000000000004%2C9.0998&destination=39.22%2C9.1124&travelmode=transit",21
9.0998,39.233000000000004,9.1136,39.22,"https://www.google.com/maps/dir/?api=1&origin=39.233000000000004%2C9.0998&destination=39.22%2C9.1136&travelmode=transit",21
9.0998,39.233000000000004,9.114799999999999,39.22,"https://www.google.com/maps/dir/?api=1&origin=39.233000000000004%2C9.0998&destination=39.22%2C9.114799999999999&travelmode=transit",26
9.0998,39.233000000000004,9.116,39.22,"https://www.google.com/maps/dir/?api=1&origin=39.233000000000004%2C9.0998&destination=39.22%2C9.116&travelmode=transit",24
9.0998,39.233000000000004,9.117199999999999,39.22,"https://www.google.com/maps/dir/?api=1&origin=39.233000000000004%2C9.0998&destination=39.22%2C9.117199999999999&travelmode=transit",23
9.0998,39.233000000000004,9.1184,39.22,"https://www.google.com/maps/dir/?api=1&origin=39.233000000000004%2C9.0998&destination=39.22%2C9.1184&travelmode=transit",24
9.0998,39.233000000000004,9.1196,39.22,"https://www.google.com/maps/dir/?api=1&origin=39.233000000000004%2C9.0998&destination=39.22%2C9.1196&travelmode=transit",27
9.0998,39.233000000000004,9.1208,39.22,"https://www.google.com/maps/dir/?api=1&origin=39.233000000000004%2C9.0998&destination=39.22%2C9.1208&travelmode=transit",29
9.101,39.233000000000004,9.11,39.22,"https://www.google.com/maps/dir/?api=1&origin=39.233000000000004%2C9.101&destination=39.22%2C9.11&travelmode=transit",24
9.101,39.233000000000004,9.1112,39.22,"https://www.google.com/maps/dir/?api=1&origin=39.233000000000004%2C9.101&destination=39.22%2C9.1112&travelmode=transit",23
9.101,39.233000000000004,9.1124,39.22,"https://www.google.com/maps/dir/?api=1&origin=39.233000000000004%2C9.101&destination=39.22%2C9.1124&travelmode=transit",20
9.101,39.233000000000004,9.1136,39.22,"https://www.google.com/maps/dir/?api=1&origin=39.233000000000004%2C9.101&destination=39.22%2C9.1136&travelmode=transit",20
9.101,39.233000000000004,9.114799999999999,39.22,"https://www.google.com/maps/dir/?api=1&origin=39.233000000000004%2C9.101&destination=39.22%2C9.114799999999999&travelmode=transit",25
9.101,39.233000000000004,9.116,39.22,"https://www.google.com/maps/dir/?api=1&origin=39.233000000000004%2C9.101&destination=39.22%2C9.116&travelmode=transit",23
9.101,39.233000000000004,9.117199999999999,39.22,"https://www.google.com/maps/dir/?api=1&origin=39.233000000000004%2C9.101&destination=39.22%2C9.117199999999999&travelmode=transit",22
9.101,39.233000000000004,9.1184,39.22,"https://www.google.com/maps/dir/?api=1&origin=39.233000000000004%2C9.101&destination=39.22%2C9.1184&travelmode=transit",23
9.101,39.233000000000004,9.1196,39.22,"https://www.google.com/maps/dir/?api=1&origin=39.233000000000004%2C9.101&destination=39.22%2C9.1196&travelmode=transit",26
9.101,39.233000000000004,9.1208,39.22,"https://www.google.com/maps/dir/?api=1&origin=39.233000000000004%2C9.101&destination=39.22%2C9.1208&travelmode=transit",28
9.1022,39.233000000000004,9.11,39.22,"https://www.google.com/maps/dir/?api=1&origin=39.233000000000004%2C9.1022&destination=39.22%2C9.11&travelmode=transit",24
9.1022,39.233000000000004,9.1112,39.22,"https://www.google.com/maps/dir/?api=1&origin=39.233000000000004%2C9.1022&destination=39.22%2C9.1112&travelmode=transit",21
9.1022,39.233000000000004,9.1124,39.22,"https://www.google.com/maps/dir/?api=1&origin=39.233000000000004%2C9.1022&destination=39.22%2C9.1124&travelmode=transit",18
9.1022,39.233000000000004,9.1136,39.22,"https://www.google.com/maps/dir/?api=1&origin=39.233000000000004%2C9.1022&destination=39.22%2C9.1136&travelmode=transit",18
9.1022,39.233000000000004,9.114799999999999,39.22,"https://www.google.com/maps/dir/?api=1&origin=39.233000000000004%2C9.1022&destination=39.22%2C9.114799999999999&travelmode=transit",23
9.1022,39.233000000000004,9.116,39.22,"https://www.google.com/maps/dir/?api=1&origin=39.233000000000004%2C9.1022&destination=39.22%2C9.116&travelmode=transit",21
9.1022,39.233000000000004,9.117199999999999,39.22,"https://www.google.com/maps/dir/?api=1&origin=39.233000000000004%2C9.1022&destination=39.22%2C9.117199999999999&travelmode=transit",21
9.1022,39.233000000000004,9.1184,39.22,"https://www.google.com/maps/dir/?api=1&origin=39.233000000000004%2C9.1022&destination=39.22%2C9.1184&travelmode=transit",22
9.1022,39.233000000000004,9.1196,39.22,"https://www.google.com/maps/dir/?api=1&origin=39.233000000000004%2C9.1022&destination=39.22%2C9.1196&travelmode=transit",25
9.1022,39.233000000000004,9.1208,39.22,"https://www.google.com/maps/dir/?api=1&origin=39.233000000000004%2C9.1022&destination=39.22%2C9.1208&travelmode=transit",27
9.1034,39.233000000000004,9.11,39.22,"https://www.google.com/maps/dir/?api=1&origin=39.233000000000004%2C9.1034&destination=39.22%2C9.11&travelmode=transit",24
9.1034,39.233000000000004,9.1112,39.22,"https://www.google.com/maps/dir/?api=1&origin=39.233000000000004%2C9.1034&destination=39.22%2C9.1112&travelmode=transit",20
9.1034,39.233000000000004,9.1124,39.22,"https://www.google.com/maps/dir/?api=1&origin=39.233000000000004%2C9.1034&destination=39.22%2C9.1124&travelmode=transit",17
9.1034,39.233000000000004,9.1136,39.22,"https://www.google.com/maps/dir/?api=1&origin=39.233000000000004%2C9.1034&destination=39.22%2C9.1136&travelmode=transit",17
9.1034,39.233000000000004,9.114799999999999,39.22,"https://www.google.com/maps/dir/?api=1&origin=39.233000000000004%2C9.1034&destination=39.22%2C9.114799999999999&travelmode=transit",23
9.1034,39.233000000000004,9.116,39.22,"https://www.google.com/maps/dir/?api=1&origin=39.233000000000004%2C9.1034&destination=39.22%2C9.116&travelmode=transit",21
9.1034,39.233000000000004,9.117199999999999,39.22,"https://www.google.com/maps/dir/?api=1&origin=39.233000000000004%2C9.1034&destination=39.22%2C9.117199999999999&travelmode=transit",21
9.1034,39.233000000000004,9.1184,39.22,"https://www.google.com/maps/dir/?api=1&origin=39.233000000000004%2C9.1034&destination=39.22%2C9.1184&travelmode=transit",22
9.1034,39.233000000000004,9.1196,39.22,"https://www.google.com/maps/dir/?api=1&origin=39.233000000000004%2C9.1034&destination=39.22%2C9.1196&travelmode=transit",25
9.1034,39.233000000000004,9.1208,39.22,"https://www.google.com/maps/dir/?api=1&origin=39.233000000000004%2C9.1034&destination=39.22%2C9.1208&travelmode=transit",27
9.104600000000001,39.233000000000004,9.11,39.22,"https://www.google.com/maps/dir/?api=1&origin=39.233000000000004%2C9.104600000000001&destination=39.22%2C9.11&travelmode=transit",25
9.104600000000001,39.233000000000004,9.1112,39.22,"https://www.google.com/maps/dir/?api=1&origin=39.233000000000004%2C9.104600000000001&destination=39.22%2C9.1112&travelmode=transit",22
9.104600000000001,39.233000000000004,9.1124,39.22,"https://www.google.com/maps/dir/?api=1&origin=39.233000000000004%2C9.104600000000001&destination=39.22%2C9.1124&travelmode=transit",19
9.104600000000001,39.233000000000004,9.1136,39.22,"https://www.google.com/maps/dir/?api=1&origin=39.233000000000004%2C9.104600000000001&destination=39.22%2C9.1136&travelmode=transit",19
9.104600000000001,39.233000000000004,9.114799999999999,39.22,"https://www.google.com/maps/dir/?api=1&origin=39.233000000000004%2C9.104600000000001&destination=39.22%2C9.114799999999999&travelmode=transit",25
9.104600000000001,39.233000000000004,9.116,39.22,"https://www.google.com/maps/dir/?api=1&origin=39.233000000000004%2C9.104600000000001&destination=39.22%2C9.116&travelmode=transit",23
9.104600000000001,39.233000000000004,9.117199999999999,39.22,"https://www.google.com/maps/dir/?api=1&origin=39.233000000000004%2C9.104600000000001&destination=39.22%2C9.117199999999999&travelmode=transit",22
9.104600000000001,39.233000000000004,9.1184,39.22,"https://www.google.com/maps/dir/?api=1&origin=39.233000000000004%2C9.104600000000001&destination=39.22%2C9.1184&travelmode=transit",23
9.104600000000001,39.233000000000004,9.1196,39.22,"https://www.google.com/maps/dir/?api=1&origin=39.233000000000004%2C9.104600000000001&destination=39.22%2C9.1196&travelmode=transit",26
9.104600000000001,39.233000000000004,9.1208,39.22,"https://www.google.com/maps/dir/?api=1&origin=39.233000000000004%2C9.104600000000001&destination=39.22%2C9.1208&travelmode=transit",28
9.1058,39.233000000000004,9.11,39.22,"https://www.google.com/maps/dir/?api=1&origin=39.233000000000004%2C9.1058&destination=39.22%2C9.11&travelmode=transit",27
9.1058,39.233000000000004,9.1112,39.22,"https://www.google.com/maps/dir/?api=1&origin=39.233000000000004%2C9.1058&destination=39.22%2C9.1112&travelmode=transit",25
9.1058,39.233000000000004,9.1124,39.22,"https://www.google.com/maps/dir/?api=1&origin=39.233000000000004%2C9.1058&destination=39.22%2C9.1124&travelmode=transit",22
9.1058,39.233000000000004,9.1136,39.22,"https://www.google.com/maps/dir/?api=1&origin=39.233000000000004%2C9.1058&destination=39.22%2C9.1136&travelmode=transit",22
9.1058,39.233000000000004,9.114799999999999,39.22,"https://www.google.com/maps/dir/?api=1&origin=39.233000000000004%2C9.1058&destination=39.22%2C9.114799999999999&travelmode=transit",27
9.1058,39.233000000000004,9.116,39.22,"https://www.google.com/maps/dir/?api=1&origin=39.233000000000004%2C9.1058&destination=39.22%2C9.116&travelmode=transit",25
9.1058,39.233000000000004,9.117199999999999,39.22,"https://www.google.com/maps/dir/?api=1&origin=39.233000000000004%2C9.1058&destination=39.22%2C9.117199999999999&travelmode=transit",24
9.1058,39.233000000000004,9.1184,39.22,"https://www.google.com/maps/dir/?api=1&origin=39.233000000000004%2C9.1058&destination=39.22%2C9.1184&travelmode=transit",24
9.1058,39.233000000000004,9.1196,39.22,"https://www.google.com/maps/dir/?api=1&origin=39.233000000000004%2C9.1058&destination=39.22%2C9.1196&travelmode=transit",27
9.1058,39.233000000000004,9.1208,39.22,"https://www.google.com/maps/dir/?api=1&origin=39.233000000000004%2C9.1058&destination=39.22%2C9.1208&travelmode=transit",29
9.095,39.234,9.11,39.22,"https://www.google.com/maps/dir/?api=1&origin=39.234%2C9.095&destination=39.22%2C9.11&travelmode=transit",24
9.095,39.234,9.1112,39.22,"https://www.google.com/maps/dir/?api=1&origin=39.234%2C9.095&destination=39.22%2C9.1112&travelmode=transit",32
9.095,39.234,9.1124,39.22,"https://www.google.com/maps/dir/?api=1&origin=39.234%2C9.095&destination=39.22%2C9.1124&travelmode=transit",28
9.095,39.234,9.1136,39.22,"https://www.google.com/maps/dir/?api=1&origin=39.234%2C9.095&destination=39.22%2C9.1136&travelmode=transit",28
9.095,39.234,9.114799999999999,39.22,"https://www.google.com/maps/dir/?api=1&origin=39.234%2C9.095&destination=39.22%2C9.114799999999999&travelmode=transit",34
9.095,39.234,9.116,39.22,"https://www.google.com/maps/dir/?api=1&origin=39.234%2C9.095&destination=39.22%2C9.116&travelmode=transit",33
9.095,39.234,9.117199999999999,39.22,"https://www.google.com/maps/dir/?api=1&origin=39.234%2C9.095&destination=39.22%2C9.117199999999999&travelmode=transit",34
9.095,39.234,9.1184,39.22,"https://www.google.com/maps/dir/?api=1&origin=39.234%2C9.095&destination=39.22%2C9.1184&travelmode=transit",35
9.095,39.234,9.1196,39.22,"https://www.google.com/maps/dir/?api=1&origin=39.234%2C9.095&destination=39.22%2C9.1196&travelmode=transit",37
9.095,39.234,9.1208,39.22,"https://www.google.com/maps/dir/?api=1&origin=39.234%2C9.095&destination=39.22%2C9.1208&travelmode=transit",36
9.096200000000001,39.234,9.11,39.22,"https://www.google.com/maps/dir/?api=1&origin=39.234%2C9.096200000000001&destination=39.22%2C9.11&travelmode=transit",24
9.096200000000001,39.234,9.1112,39.22,"https://www.google.com/maps/dir/?api=1&origin=39.234%2C9.096200000000001&destination=39.22%2C9.1112&travelmode=transit",31
9.096200000000001,39.234,9.1124,39.22,"https://www.google.com/maps/dir/?api=1&origin=39.234%2C9.096200000000001&destination=39.22%2C9.1124&travelmode=transit",27
9.096200000000001,39.234,9.1136,39.22,"https://www.google.com/maps/dir/?api=1&origin=39.234%2C9.096200000000001&destination=39.22%2C9.1136&travelmode=transit",27
9.096200000000001,39.234,9.114799999999999,39.22,"https://www.google.com/maps/dir/?api=1&origin=39.234%2C9.096200000000001&destination=39.22%2C9.114799999999999&travelmode=transit",33
9.096200000000001,39.234,9.116,39.22,"https://www.google.com/maps/dir/?api=1&origin=39.234%2C9.096200000000001&destination=39.22%2C9.116&travelmode=transit",32
9.096200000000001,39.234,9.117199999999999,39.22,"https://www.google.com/maps/dir/?api=1&origin=39.234%2C9.096200000000001&destination=39.22%2C9.117199999999999&travelmode=transit",33
9.096200000000001,39.234,9.1184,39.22,"https://www.google.com/maps/dir/?api=1&origin=39.234%2C9.096200000000001&destination=39.22%2C9.1184&travelmode=transit",34
9.096200000000001,39.234,9.1196,39.22,"https://www.google.com/maps/dir/?api=1&origin=39.234%2C9.096200000000001&destination=39.22%2C9.1196&travelmode=transit",34
9.096200000000001,39.234,9.1208,39.22,"https://www.google.com/maps/dir/?api=1&origin=39.234%2C9.096200000000001&destination=39.22%2C9.1208&travelmode=transit",34
9.0974,39.234,9.11,39.22,"https://www.google.com/maps/dir/?api=1&origin=39.234%2C9.0974&destination=39.22%2C9.11&travelmode=transit",20
9.0974,39.234,9.1112,39.22,"https://www.google.com/maps/dir/?api=1&origin=39.234%2C9.0974&destination=39.22%2C9.1112&travelmode=transit",27
9.0974,39.234,9.1124,39.22,"https://www.google.com/maps/dir/?api=1&origin=39.234%2C9.0974&destination=39.22%2C9.1124&travelmode=transit",23
9.0974,39.234,9.1136,39.22,"https://www.google.com/maps/dir/?api=1&origin=39.234%2C9.0974&destination=39.22%2C9.1136&travelmode=transit",24
9.0974,39.234,9.114799999999999,39.22,"https://www.google.com/maps/dir/?api=1&origin=39.234%2C9.0974&destination=39.22%2C9.114799999999999&travelmode=transit",29
9.0974,39.234,9.116,39.22,"https://www.google.com/maps/dir/?api=1&origin=39.234%2C9.0974&destination=39.22%2C9.116&travelmode=transit",27
9.0974,39.234,9.117199999999999,39.22,"https://www.google.com/maps/dir/?api=1&origin=39.234%2C9.0974&destination=39.22%2C9.117199999999999&travelmode=transit",26
9.0974,39.234,9.1184,39.22,"https://www.google.com/maps/dir/?api=1&origin=39.234%2C9.0974&destination=39.22%2C9.1184&travelmode=transit",26
9.0974,39.234,9.1196,39.22,"https://www.google.com/maps/dir/?api=1&origin=39.234%2C9.0974&destination=39.22%2C9.1196&travelmode=transit",29
9.0974,39.234,9.1208,39.22,"https://www.google.com/maps/dir/?api=1&origin=39.234%2C9.0974&destination=39.22%2C9.1208&travelmode=transit",30
9.098600000000001,39.234,9.11,39.22,"https://www.google.com/maps/dir/?api=1&origin=39.234%2C9.098600000000001&destination=39.22%2C9.11&travelmode=transit",22
9.098600000000001,39.234,9.1112,39.22,"https://www.google.com/maps/dir/?api=1&origin=39.234%2C9.098600000000001&destination=39.22%2C9.1112&travelmode=transit",25
9.098600000000001,39.234,9.1124,39.22,"https://www.google.com/maps/dir/?api=1&origin=39.234%2C9.098600000000001&destination=39.22%2C9.1124&travelmode=transit",22
9.098600000000001,39.234,9.1136,39.22,"https://www.google.com/maps/dir/?api=1&origin=39.234%2C9.098600000000001&destination=39.22%2C9.1136&travelmode=transit",22
9.098600000000001,39.234,9.114799999999999,39.22,"https://www.google.com/maps/dir/?api=1&origin=39.234%2C9.098600000000001&destination=39.22%2C9.114799999999999&travelmode=transit",27
9.098600000000001,39.234,9.116,39.22,"https://www.google.com/maps/dir/?api=1&origin=39.234%2C9.098600000000001&destination=39.22%2C9.116&travelmode=transit",25
9.098600000000001,39.234,9.117199999999999,39.22,"https://www.google.com/maps/dir/?api=1&origin=39.234%2C9.098600000000001&destination=39.22%2C9.117199999999999&travelmode=transit",24
9.098600000000001,39.234,9.1184,39.22,"https://www.google.com/maps/dir/?api=1&origin=39.234%2C9.098600000000001&destination=39.22%2C9.1184&travelmode=transit",24
9.098600000000001,39.234,9.1196,39.22,"https://www.google.com/maps/dir/?api=1&origin=39.234%2C9.098600000000001&destination=39.22%2C9.1196&travelmode=transit",27
9.098600000000001,39.234,9.1208,39.22,"https://www.google.com/maps/dir/?api=1&origin=39.234%2C9.098600000000001&destination=39.22%2C9.1208&travelmode=transit",29
9.0998,39.234,9.11,39.22,"https://www.google.com/maps/dir/?api=1&origin=39.234%2C9.0998&destination=39.22%2C9.11&travelmode=transit",23
9.0998,39.234,9.1112,39.22,"https://www.google.com/maps/dir/?api=1&origin=39.234%2C9.0998&destination=39.22%2C9.1112&travelmode=transit",24
9.0998,39.234,9.1124,39.22,"https://www.google.com/maps/dir/?api=1&origin=39.234%2C9.0998&destination=39.22%2C9.1124&travelmode=transit",21
9.0998,39.234,9.1136,39.22,"https://www.google.com/maps/dir/?api=1&origin=39.234%2C9.0998&destination=39.22%2C9.1136&travelmode=transit",21
9.0998,39.234,9.114799999999999,39.22,"https://www.google.com/maps/dir/?api=1&origin=39.234%2C9.0998&destination=39.22%2C9.114799999999999&travelmode=transit",26
9.0998,39.234,9.116,39.22,"https://www.google.com/maps/dir/?api=1&origin=39.234%2C9.0998&destination=39.22%2C9.116&travelmode=transit",24
9.0998,39.234,9.117199999999999,39.22,"https://www.google.com/maps/dir/?api=1&origin=39.234%2C9.0998&destination=39.22%2C9.117199999999999&travelmode=transit",23
9.0998,39.234,9.1184,39.22,"https://www.google.com/maps/dir/?api=1&origin=39.234%2C9.0998&destination=39.22%2C9.1184&travelmode=transit",24
9.0998,39.234,9.1196,39.22,"https://www.google.com/maps/dir/?api=1&origin=39.234%2C9.0998&destination=39.22%2C9.1196&travelmode=transit",27
9.0998,39.234,9.1208,39.22,"https://www.google.com/maps/dir/?api=1&origin=39.234%2C9.0998&destination=39.22%2C9.1208&travelmode=transit",29
9.101,39.234,9.11,39.22,"https://www.google.com/maps/dir/?api=1&origin=39.234%2C9.101&destination=39.22%2C9.11&travelmode=transit",24
9.101,39.234,9.1112,39.22,"https://www.google.com/maps/dir/?api=1&origin=39.234%2C9.101&destination=39.22%2C9.1112&travelmode=transit",21
9.101,39.234,9.1124,39.22,"https://www.google.com/maps/dir/?api=1&origin=39.234%2C9.101&destination=39.22%2C9.1124&travelmode=transit",18
9.101,39.234,9.1136,39.22,"https://www.google.com/maps/dir/?api=1&origin=39.234%2C9.101&destination=39.22%2C9.1136&travelmode=transit",18
9.101,39.234,9.114799999999999,39.22,"https://www.google.com/maps/dir/?api=1&origin=39.234%2C9.101&destination=39.22%2C9.114799999999999&travelmode=transit",24
9.101,39.234,9.116,39.22,"https://www.google.com/maps/dir/?api=1&origin=39.234%2C9.101&destination=39.22%2C9.116&travelmode=transit",22
9.101,39.234,9.117199999999999,39.22,"https://www.google.com/maps/dir/?api=1&origin=39.234%2C9.101&destination=39.22%2C9.117199999999999&travelmode=transit",21
9.101,39.234,9.1184,39.22,"https://www.google.com/maps/dir/?api=1&origin=39.234%2C9.101&destination=39.22%2C9.1184&travelmode=transit",22
9.101,39.234,9.1196,39.22,"https://www.google.com/maps/dir/?api=1&origin=39.234%2C9.101&destination=39.22%2C9.1196&travelmode=transit",25
9.101,39.234,9.1208,39.22,"https://www.google.com/maps/dir/?api=1&origin=39.234%2C9.101&destination=39.22%2C9.1208&travelmode=transit",27
9.1022,39.234,9.11,39.22,"https://www.google.com/maps/dir/?api=1&origin=39.234%2C9.1022&destination=39.22%2C9.11&travelmode=transit",25
9.1022,39.234,9.1112,39.22,"https://www.google.com/maps/dir/?api=1&origin=39.234%2C9.1022&destination=39.22%2C9.1112&travelmode=transit",22
9.1022,39.234,9.1124,39.22,"https://www.google.com/maps/dir/?api=1&origin=39.234%2C9.1022&destination=39.22%2C9.1124&travelmode=transit",19
9.1022,39.234,9.1136,39.22,"https://www.google.com/maps/dir/?api=1&origin=39.234%2C9.1022&destination=39.22%2C9.1136&travelmode=transit",19
9.1022,39.234,9.114799999999999,39.22,"https://www.google.com/maps/dir/?api=1&origin=39.234%2C9.1022&destination=39.22%2C9.114799999999999&travelmode=transit",25
9.1022,39.234,9.116,39.22,"https://www.google.com/maps/dir/?api=1&origin=39.234%2C9.1022&destination=39.22%2C9.116&travelmode=transit",23
9.1022,39.234,9.117199999999999,39.22,"https://www.google.com/maps/dir/?api=1&origin=39.234%2C9.1022&destination=39.22%2C9.117199999999999&travelmode=transit",22
9.1022,39.234,9.1184,39.22,"https://www.google.com/maps/dir/?api=1&origin=39.234%2C9.1022&destination=39.22%2C9.1184&travelmode=transit",23
9.1022,39.234,9.1196,39.22,"https://www.google.com/maps/dir/?api=1&origin=39.234%2C9.1022&destination=39.22%2C9.1196&travelmode=transit",26
9.1022,39.234,9.1208,39.22,"https://www.google.com/maps/dir/?api=1&origin=39.234%2C9.1022&destination=39.22%2C9.1208&travelmode=transit",28
9.1034,39.234,9.11,39.22,"https://www.google.com/maps/dir/?api=1&origin=39.234%2C9.1034&destination=39.22%2C9.11&travelmode=transit",26
9.1034,39.234,9.1112,39.22,"https://www.google.com/maps/dir/?api=1&origin=39.234%2C9.1034&destination=39.22%2C9.1112&travelmode=transit",25
9.1034,39.234,9.1124,39.22,"https://www.google.com/maps/dir/?api=1&origin=39.234%2C9.1034&destination=39.22%2C9.1124&travelmode=transit",22
9.1034,39.234,9.1136,39.22,"https://www.google.com/maps/dir/?api=1&origin=39.234%2C9.1034&destination=39.22%2C9.1136&travelmode=transit",22
9.1034,39.234,9.114799999999999,39.22,"https://www.google.com/maps/dir/?api=1&origin=39.234%2C9.1034&destination=39.22%2C9.114799999999999&travelmode=transit",27
9.1034,39.234,9.116,39.22,"https://www.google.com/maps/dir/?api=1&origin=39.234%2C9.1034&destination=39.22%2C9.116&travelmode=transit",25
9.1034,39.234,9.117199999999999,39.22,"https://www.google.com/maps/dir/?api=1&origin=39.234%2C9.1034&destination=39.22%2C9.117199999999999&travelmode=transit",24
9.1034,39.234,9.1184,39.22,"https://www.google.com/maps/dir/?api=1&origin=39.234%2C9.1034&destination=39.22%2C9.1184&travelmode=transit",24
9.1034,39.234,9.1196,39.22,"https://www.google.com/maps/dir/?api=1&origin=39.234%2C9.1034&destination=39.22%2C9.1196&travelmode=transit",27
9.1034,39.234,9.1208,39.22,"https://www.google.com/maps/dir/?api=1&origin=39.234%2C9.1034&destination=39.22%2C9.1208&travelmode=transit",29
9.104600000000001,39.234,9.11,39.22,"https://www.google.com/maps/dir/?api=1&origin=39.234%2C9.104600000000001&destination=39.22%2C9.11&travelmode=transit",26
9.104600000000001,39.234,9.1112,39.22,"https://www.google.com/maps/dir/?api=1&origin=39.234%2C9.104600000000001&destination=39.22%2C9.1112&travelmode=transit",26
9.104600000000001,39.234,9.1124,39.22,"https://www.google.com/maps/dir/?api=1&origin=39.234%2C9.104600000000001&destination=39.22%2C9.1124&travelmode=transit",23
9.104600000000001,39.234,9.1136,39.22,"https://www.google.com/maps/dir/?api=1&origin=39.234%2C9.104600000000001&destination=39.22%2C9.1136&travelmode=transit",23
9.104600000000001,39.234,9.114799999999999,39.22,"https://www.google.com/maps/dir/?api=1&origin=39.234%2C9.104600000000001&destination=39.22%2C9.114799999999999&travelmode=transit",28
9.104600000000001,39.234,9.116,39.22,"https://www.google.com/maps/dir/?api=1&origin=39.234%2C9.104600000000001&destination=39.22%2C9.116&travelmode=transit",26
9.104600000000001,39.234,9.117199999999999,39.22,"https://www.google.com/maps/dir/?api=1&origin=39.234%2C9.104600000000001&destination=39.22%2C9.117199999999999&travelmode=transit",25
9.104600000000001,39.234,9.1184,39.22,"https://www.google.com/maps/dir/?api=1&origin=39.234%2C9.104600000000001&destination=39.22%2C9.1184&travelmode=transit",25
9.104600000000001,39.234,9.1196,39.22,"https://www.google.com/maps/dir/?api=1&origin=39.234%2C9.104600000000001&destination=39.22%2C9.1196&travelmode=transit",27
9.104600000000001,39.234,9.1208,39.22,"https://www.google.com/maps/dir/?api=1&origin=39.234%2C9.104600000000001&destination=39.22%2C9.1208&travelmode=transit",28
9.1058,39.234,9.11,39.22,"https://www.google.com/maps/dir/?api=1&origin=39.234%2C9.1058&destination=39.22%2C9.11&travelmode=transit",26
9.1058,39.234,9.1112,39.22,"https://www.google.com/maps/dir/?api=1&origin=39.234%2C9.1058&destination=39.22%2C9.1112&travelmode=transit",25
9.1058,39.234,9.1124,39.22,"https://www.google.com/maps/dir/?api=1&origin=39.234%2C9.1058&destination=39.22%2C9.1124&travelmode=transit",22
9.1058,39.234,9.1136,39.22,"https://www.google.com/maps/dir/?api=1&origin=39.234%2C9.1058&destination=39.22%2C9.1136&travelmode=transit",22
9.1058,39.234,9.114799999999999,39.22,"https://www.google.com/maps/dir/?api=1&origin=39.234%2C9.1058&destination=39.22%2C9.114799999999999&travelmode=transit",27
9.1058,39.234,9.116,39.22,"https://www.google.com/maps/dir/?api=1&origin=39.234%2C9.1058&destination=39.22%2C9.116&travelmode=transit",25
9.1058,39.234,9.117199999999999,39.22,"https://www.google.com/maps/dir/?api=1&origin=39.234%2C9.1058&destination=39.22%2C9.117199999999999&travelmode=transit",24
9.1058,39.234,9.1184,39.22,"https://www.google.com/maps/dir/?api=1&origin=39.234%2C9.1058&destination=39.22%2C9.1184&travelmode=transit",24
9.1058,39.234,9.1196,39.22,"https://www.google.com/maps/dir/?api=1&origin=39.234%2C9.1058&destination=39.22%2C9.1196&travelmode=transit",27
9.1058,39.234,9.1208,39.22,"https://www.google.com/maps/dir/?api=1&origin=39.234%2C9.1058&destination=39.22%2C9.1208&travelmode=transit",29
9.095,39.235,9.11,39.22,"https://www.google.com/maps/dir/?api=1&origin=39.235%2C9.095&destination=39.22%2C9.11&travelmode=transit",25
9.095,39.235,9.1112,39.22,"https://www.google.com/maps/dir/?api=1&origin=39.235%2C9.095&destination=39.22%2C9.1112&travelmode=transit",32
9.095,39.235,9.1124,39.22,"https://www.google.com/maps/dir/?api=1&origin=39.235%2C9.095&destination=39.22%2C9.1124&travelmode=transit",29
9.095,39.235,9.1136,39.22,"https://www.google.com/maps/dir/?api=1&origin=39.235%2C9.095&destination=39.22%2C9.1136&travelmode=transit",29
9.095,39.235,9.114799999999999,39.22,"https://www.google.com/maps/dir/?api=1&origin=39.235%2C9.095&destination=39.22%2C9.114799999999999&travelmode=transit",35
9.095,39.235,9.116,39.22,"https://www.google.com/maps/dir/?api=1&origin=39.235%2C9.095&destination=39.22%2C9.116&travelmode=transit",33
9.095,39.235,9.117199999999999,39.22,"https://www.google.com/maps/dir/?api=1&origin=39.235%2C9.095&destination=39.22%2C9.117199999999999&travelmode=transit",34
9.095,39.235,9.1184,39.22,"https://www.google.com/maps/dir/?api=1&origin=39.235%2C9.095&destination=39.22%2C9.1184&travelmode=transit",35
9.095,39.235,9.1196,39.22,"https://www.google.com/maps/dir/?api=1&origin=39.235%2C9.095&destination=39.22%2C9.1196&travelmode=transit",38
9.095,39.235,9.1208,39.22,"https://www.google.com/maps/dir/?api=1&origin=39.235%2C9.095&destination=39.22%2C9.1208&travelmode=transit",37
9.096200000000001,39.235,9.11,39.22,"https://www.google.com/maps/dir/?api=1&origin=39.235%2C9.096200000000001&destination=39.22%2C9.11&travelmode=transit",23
9.096200000000001,39.235,9.1112,39.22,"https://www.google.com/maps/dir/?api=1&origin=39.235%2C9.096200000000001&destination=39.22%2C9.1112&travelmode=transit",28
9.096200000000001,39.235,9.1124,39.22,"https://www.google.com/maps/dir/?api=1&origin=39.235%2C9.096200000000001&destination=39.22%2C9.1124&travelmode=transit",25
9.096200000000001,39.235,9.1136,39.22,"https://www.google.com/maps/dir/?api=1&origin=39.235%2C9.096200000000001&destination=39.22%2C9.1136&travelmode=transit",25
9.096200000000001,39.235,9.114799999999999,39.22,"https://www.google.com/maps/dir/?api=1&origin=39.235%2C9.096200000000001&destination=39.22%2C9.114799999999999&travelmode=transit",30
9.096200000000001,39.235,9.116,39.22,"https://www.google.com/maps/dir/?api=1&origin=39.235%2C9.096200000000001&destination=39.22%2C9.116&travelmode=transit",28
9.096200000000001,39.235,9.117199999999999,39.22,"https://www.google.com/maps/dir/?api=1&origin=39.235%2C9.096200000000001&destination=39.22%2C9.117199999999999&travelmode=transit",27
9.096200000000001,39.235,9.1184,39.22,"https://www.google.com/maps/dir/?api=1&origin=39.235%2C9.096200000000001&destination=39.22%2C9.1184&travelmode=transit",27
9.096200000000001,39.235,9.1196,39.22,"https://www.google.com/maps/dir/?api=1&origin=39.235%2C9.096200000000001&destination=39.22%2C9.1196&travelmode=transit",30
9.096200000000001,39.235,9.1208,39.22,"https://www.google.com/maps/dir/?api=1&origin=39.235%2C9.096200000000001&destination=39.22%2C9.1208&travelmode=transit",32
9.0974,39.235,9.11,39.22,"https://www.google.com/maps/dir/?api=1&origin=39.235%2C9.0974&destination=39.22%2C9.11&travelmode=transit",22
9.0974,39.235,9.1112,39.22,"https://www.google.com/maps/dir/?api=1&origin=39.235%2C9.0974&destination=39.22%2C9.1112&travelmode=transit",27
9.0974,39.235,9.1124,39.22,"https://www.google.com/maps/dir/?api=1&origin=39.235%2C9.0974&destination=39.22%2C9.1124&travelmode=transit",24
9.0974,39.235,9.1136,39.22,"https://www.google.com/maps/dir/?api=1&origin=39.235%2C9.0974&destination=39.22%2C9.1136&travelmode=transit",24
9.0974,39.235,9.114799999999999,39.22,"https://www.google.com/maps/dir/?api=1&origin=39.235%2C9.0974&destination=39.22%2C9.114799999999999&travelmode=transit",29
9.0974,39.235,9.116,39.22,"https://www.google.com/maps/dir/?api=1&origin=39.235%2C9.0974&destination=39.22%2C9.116&travelmode=transit",27
9.0974,39.235,9.117199999999999,39.22,"https://www.google.com/maps/dir/?api=1&origin=39.235%2C9.0974&destination=39.22%2C9.117199999999999&travelmode=transit",26
9.0974,39.235,9.1184,39.22,"https://www.google.com/maps/dir/?api=1&origin=39.235%2C9.0974&destination=39.22%2C9.1184&travelmode=transit",26
9.0974,39.235,9.1196,39.22,"https://www.google.com/maps/dir/?api=1&origin=39.235%2C9.0974&destination=39.22%2C9.1196&travelmode=transit",29
9.0974,39.235,9.1208,39.22,"https://www.google.com/maps/dir/?api=1&origin=39.235%2C9.0974&destination=39.22%2C9.1208&travelmode=transit",30
9.098600000000001,39.235,9.11,39.22,"https://www.google.com/maps/dir/?api=1&origin=39.235%2C9.098600000000001&destination=39.22%2C9.11&travelmode=transit",24
9.098600000000001,39.235,9.1112,39.22,"https://www.google.com/maps/dir/?api=1&origin=39.235%2C9.098600000000001&destination=39.22%2C9.1112&travelmode=transit",24
9.098600000000001,39.235,9.1124,39.22,"https://www.google.com/maps/dir/?api=1&origin=39.235%2C9.098600000000001&destination=39.22%2C9.1124&travelmode=transit",21
9.098600000000001,39.235,9.1136,39.22,"https://www.google.com/maps/dir/?api=1&origin=39.235%2C9.098600000000001&destination=39.22%2C9.1136&travelmode=transit",21
9.098600000000001,39.235,9.114799999999999,39.22,"https://www.google.com/maps/dir/?api=1&origin=39.235%2C9.098600000000001&destination=39.22%2C9.114799999999999&travelmode=transit",26
9.098600000000001,39.235,9.116,39.22,"https://www.google.com/maps/dir/?api=1&origin=39.235%2C9.098600000000001&destination=39.22%2C9.116&travelmode=transit",24
9.098600000000001,39.235,9.117199999999999,39.22,"https://www.google.com/maps/dir/?api=1&origin=39.235%2C9.098600000000001&destination=39.22%2C9.117199999999999&travelmode=transit",23
9.098600000000001,39.235,9.1184,39.22,"https://www.google.com/maps/dir/?api=1&origin=39.235%2C9.098600000000001&destination=39.22%2C9.1184&travelmode=transit",24
9.098600000000001,39.235,9.1196,39.22,"https://www.google.com/maps/dir/?api=1&origin=39.235%2C9.098600000000001&destination=39.22%2C9.1196&travelmode=transit",27
9.098600000000001,39.235,9.1208,39.22,"https://www.google.com/maps/dir/?api=1&origin=39.235%2C9.098600000000001&destination=39.22%2C9.1208&travelmode=transit",29
9.0998,39.235,9.11,39.22,"https://www.google.com/maps/dir/?api=1&origin=39.235%2C9.0998&destination=39.22%2C9.11&travelmode=transit",24
9.0998,39.235,9.1112,39.22,"https://www.google.com/maps/dir/?api=1&origin=39.235%2C9.0998&destination=39.22%2C9.1112&travelmode=transit",21
9.0998,39.235,9.1124,39.22,"https://www.google.com/maps/dir/?api=1&origin=39.235%2C9.0998&destination=39.22%2C9.1124&travelmode=transit",18
9.0998,39.235,9.1136,39.22,"https://www.google.com/maps/dir/?api=1&origin=39.235%2C9.0998&destination=39.22%2C9.1136&travelmode=transit",18
9.0998,39.235,9.114799999999999,39.22,"https://www.google.com/maps/dir/?api=1&origin=39.235%2C9.0998&destination=39.22%2C9.114799999999999&travelmode=transit",24
9.0998,39.235,9.116,39.22,"https://www.google.com/maps/dir/?api=1&origin=39.235%2C9.0998&destination=39.22%2C9.116&travelmode=transit",22
9.0998,39.235,9.117199999999999,39.22,"https://www.google.com/maps/dir/?api=1&origin=39.235%2C9.0998&destination=39.22%2C9.117199999999999&travelmode=transit",21
9.0998,39.235,9.1184,39.22,"https://www.google.com/maps/dir/?api=1&origin=39.235%2C9.0998&destination=39.22%2C9.1184&travelmode=transit",22
9.0998,39.235,9.1196,39.22,"https://www.google.com/maps/dir/?api=1&origin=39.235%2C9.0998&destination=39.22%2C9.1196&travelmode=transit",25
9.0998,39.235,9.1208,39.22,"https://www.google.com/maps/dir/?api=1&origin=39.235%2C9.0998&destination=39.22%2C9.1208&travelmode=transit",27
9.101,39.235,9.11,39.22,"https://www.google.com/maps/dir/?api=1&origin=39.235%2C9.101&destination=39.22%2C9.11&travelmode=transit",24
9.101,39.235,9.1112,39.22,"https://www.google.com/maps/dir/?api=1&origin=39.235%2C9.101&destination=39.22%2C9.1112&travelmode=transit",21
9.101,39.235,9.1124,39.22,"https://www.google.com/maps/dir/?api=1&origin=39.235%2C9.101&destination=39.22%2C9.1124&travelmode=transit",18
9.101,39.235,9.1136,39.22,"https://www.google.com/maps/dir/?api=1&origin=39.235%2C9.101&destination=39.22%2C9.1136&travelmode=transit",18
9.101,39.235,9.114799999999999,39.22,"https://www.google.com/maps/dir/?api=1&origin=39.235%2C9.101&destination=39.22%2C9.114799999999999&travelmode=transit",24
9.101,39.235,9.116,39.22,"https://www.google.com/maps/dir/?api=1&origin=39.235%2C9.101&destination=39.22%2C9.116&travelmode=transit",22
9.101,39.235,9.117199999999999,39.22,"https://www.google.com/maps/dir/?api=1&origin=39.235%2C9.101&destination=39.22%2C9.117199999999999&travelmode=transit",21
9.101,39.235,9.1184,39.22,"https://www.google.com/maps/dir/?api=1&origin=39.235%2C9.101&destination=39.22%2C9.1184&travelmode=transit",22
9.101,39.235,9.1196,39.22,"https://www.google.com/maps/dir/?api=1&origin=39.235%2C9.101&destination=39.22%2C9.1196&travelmode=transit",25
9.101,39.235,9.1208,39.22,"https://www.google.com/maps/dir/?api=1&origin=39.235%2C9.101&destination=39.22%2C9.1208&travelmode=transit",27
9.1022,39.235,9.11,39.22,"https://www.google.com/maps/dir/?api=1&origin=39.235%2C9.1022&destination=39.22%2C9.11&travelmode=transit",25
9.1022,39.235,9.1112,39.22,"https://www.google.com/maps/dir/?api=1&origin=39.235%2C9.1022&destination=39.22%2C9.1112&travelmode=transit",22
9.1022,39.235,9.1124,39.22,"https://www.google.com/maps/dir/?api=1&origin=39.235%2C9.1022&destination=39.22%2C9.1124&travelmode=transit",19
9.1022,39.235,9.1136,39.22,"https://www.google.com/maps/dir/?api=1&origin=39.235%2C9.1022&destination=39.22%2C9.1136&travelmode=transit",19
9.1022,39.235,9.114799999999999,39.22,"https://www.google.com/maps/dir/?api=1&origin=39.235%2C9.1022&destination=39.22%2C9.114799999999999&travelmode=transit",24
9.1022,39.235,9.116,39.22,"https://www.google.com/maps/dir/?api=1&origin=39.235%2C9.1022&destination=39.22%2C9.116&travelmode=transit",22
9.1022,39.235,9.117199999999999,39.22,"https://www.google.com/maps/dir/?api=1&origin=39.235%2C9.1022&destination=39.22%2C9.117199999999999&travelmode=transit",22
9.1022,39.235,9.1184,39.22,"https://www.google.com/maps/dir/?api=1&origin=39.235%2C9.1022&destination=39.22%2C9.1184&travelmode=transit",23
9.1022,39.235,9.1196,39.22,"https://www.google.com/maps/dir/?api=1&origin=39.235%2C9.1022&destination=39.22%2C9.1196&travelmode=transit",26
9.1022,39.235,9.1208,39.22,"https://www.google.com/maps/dir/?api=1&origin=39.235%2C9.1022&destination=39.22%2C9.1208&travelmode=transit",28
9.1034,39.235,9.11,39.22,"https://www.google.com/maps/dir/?api=1&origin=39.235%2C9.1034&destination=39.22%2C9.11&travelmode=transit",25
9.1034,39.235,9.1112,39.22,"https://www.google.com/maps/dir/?api=1&origin=39.235%2C9.1034&destination=39.22%2C9.1112&travelmode=transit",24
9.1034,39.235,9.1124,39.22,"https://www.google.com/maps/dir/?api=1&origin=39.235%2C9.1034&destination=39.22%2C9.1124&travelmode=transit",21
9.1034,39.235,9.1136,39.22,"https://www.google.com/maps/dir/?api=1&origin=39.235%2C9.1034&destination=39.22%2C9.1136&travelmode=transit",21
9.1034,39.235,9.114799999999999,39.22,"https://www.google.com/maps/dir/?api=1&origin=39.235%2C9.1034&destination=39.22%2C9.114799999999999&travelmode=transit",26
9.1034,39.235,9.116,39.22,"https://www.google.com/maps/dir/?api=1&origin=39.235%2C9.1034&destination=39.22%2C9.116&travelmode=transit",24
9.1034,39.235,9.117199999999999,39.22,"https://www.google.com/maps/dir/?api=1&origin=39.235%2C9.1034&destination=39.22%2C9.117199999999999&travelmode=transit",23
9.1034,39.235,9.1184,39.22,"https://www.google.com/maps/dir/?api=1&origin=39.235%2C9.1034&destination=39.22%2C9.1184&travelmode=transit",24
9.1034,39.235,9.1196,39.22,"https://www.google.com/maps/dir/?api=1&origin=39.235%2C9.1034&destination=39.22%2C9.1196&travelmode=transit",27
9.1034,39.235,9.1208,39.22,"https://www.google.com/maps/dir/?api=1&origin=39.235%2C9.1034&destination=39.22%2C9.1208&travelmode=transit",28
9.104600000000001,39.235,9.11,39.22,"https://www.google.com/maps/dir/?api=1&origin=39.235%2C9.104600000000001&destination=39.22%2C9.11&travelmode=transit",25
9.104600000000001,39.235,9.1112,39.22,"https://www.google.com/maps/dir/?api=1&origin=39.235%2C9.104600000000001&destination=39.22%2C9.1112&travelmode=transit",27
9.104600000000001,39.235,9.1124,39.22,"https://www.google.com/maps/dir/?api=1&origin=39.235%2C9.104600000000001&destination=39.22%2C9.1124&travelmode=transit",24
9.104600000000001,39.235,9.1136,39.22,"https://www.google.com/maps/dir/?api=1&origin=39.235%2C9.104600000000001&destination=39.22%2C9.1136&travelmode=transit",24
9.104600000000001,39.235,9.114799999999999,39.22,"https://www.google.com/maps/dir/?api=1&origin=39.235%2C9.104600000000001&destination=39.22%2C9.114799999999999&travelmode=transit",28
9.104600000000001,39.235,9.116,39.22,"https://www.google.com/maps/dir/?api=1&origin=39.235%2C9.104600000000001&destination=39.22%2C9.116&travelmode=transit",26
9.104600000000001,39.235,9.117199999999999,39.22,"https://www.google.com/maps/dir/?api=1&origin=39.235%2C9.104600000000001&destination=39.22%2C9.117199999999999&travelmode=transit",24
9.104600000000001,39.235,9.1184,39.22,"https://www.google.com/maps/dir/?api=1&origin=39.235%2C9.104600000000001&destination=39.22%2C9.1184&travelmode=transit",24
9.104600000000001,39.235,9.1196,39.22,"https://www.google.com/maps/dir/?api=1&origin=39.235%2C9.104600000000001&destination=39.22%2C9.1196&travelmode=transit",26
9.104600000000001,39.235,9.1208,39.22,"https://www.google.com/maps/dir/?api=1&origin=39.235%2C9.104600000000001&destination=39.22%2C9.1208&travelmode=transit",27
9.1058,39.235,9.11,39.22,"https://www.google.com/maps/dir/?api=1&origin=39.235%2C9.1058&destination=39.22%2C9.11&travelmode=transit",24
9.1058,39.235,9.1112,39.22,"https://www.google.com/maps/dir/?api=1&origin=39.235%2C9.1058&destination=39.22%2C9.1112&travelmode=transit",30
9.1058,39.235,9.1124,39.22,"https://www.google.com/maps/dir/?api=1&origin=39.235%2C9.1058&destination=39.22%2C9.1124&travelmode=transit",27
9.1058,39.235,9.1136,39.22,"https://www.google.com/maps/dir/?api=1&origin=39.235%2C9.1058&destination=39.22%2C9.1136&travelmode=transit",27
9.1058,39.235,9.114799999999999,39.22,"https://www.google.com/maps/dir/?api=1&origin=39.235%2C9.1058&destination=39.22%2C9.114799999999999&travelmode=transit",28
9.1058,39.235,9.116,39.22,"https://www.google.com/maps/dir/?api=1&origin=39.235%2C9.1058&destination=39.22%2C9.116&travelmode=transit",26
9.1058,39.235,9.117199999999999,39.22,"https://www.google.com/maps/dir/?api=1&origin=39.235%2C9.1058&destination=39.22%2C9.117199999999999&travelmode=transit",23
9.1058,39.235,9.1184,39.22,"https://www.google.com/maps/dir/?api=1&origin=39.235%2C9.1058&destination=39.22%2C9.1184&travelmode=transit",23
9.1058,39.235,9.1196,39.22,"https://www.google.com/maps/dir/?api=1&origin=39.235%2C9.1058&destination=39.22%2C9.1196&travelmode=transit",25
9.1058,39.235,9.1208,39.22,"https://www.google.com/maps/dir/?api=1&origin=39.235%2C9.1058&destination=39.22%2C9.1208&travelmode=transit",26
9.095,39.236000000000004,9.11,39.22,"https://www.google.com/maps/dir/?api=1&origin=39.236000000000004%2C9.095&destination=39.22%2C9.11&travelmode=transit",25
9.095,39.236000000000004,9.1112,39.22,"https://www.google.com/maps/dir/?api=1&origin=39.236000000000004%2C9.095&destination=39.22%2C9.1112&travelmode=transit",31
9.095,39.236000000000004,9.1124,39.22,"https://www.google.com/maps/dir/?api=1&origin=39.236000000000004%2C9.095&destination=39.22%2C9.1124&travelmode=transit",28
9.095,39.236000000000004,9.1136,39.22,"https://www.google.com/maps/dir/?api=1&origin=39.236000000000004%2C9.095&destination=39.22%2C9.1136&travelmode=transit",28
9.095,39.236000000000004,9.114799999999999,39.22,"https://www.google.com/maps/dir/?api=1&origin=39.236000000000004%2C9.095&destination=39.22%2C9.114799999999999&travelmode=transit",34
9.095,39.236000000000004,9.116,39.22,"https://www.google.com/maps/dir/?api=1&origin=39.236000000000004%2C9.095&destination=39.22%2C9.116&travelmode=transit",32
9.095,39.236000000000004,9.117199999999999,39.22,"https://www.google.com/maps/dir/?api=1&origin=39.236000000000004%2C9.095&destination=39.22%2C9.117199999999999&travelmode=transit",33
9.095,39.236000000000004,9.1184,39.22,"https://www.google.com/maps/dir/?api=1&origin=39.236000000000004%2C9.095&destination=39.22%2C9.1184&travelmode=transit",34
9.095,39.236000000000004,9.1196,39.22,"https://www.google.com/maps/dir/?api=1&origin=39.236000000000004%2C9.095&destination=39.22%2C9.1196&travelmode=transit",37
9.095,39.236000000000004,9.1208,39.22,"https://www.google.com/maps/dir/?api=1&origin=39.236000000000004%2C9.095&destination=39.22%2C9.1208&travelmode=transit",36
9.096200000000001,39.236000000000004,9.11,39.22,"https://www.google.com/maps/dir/?api=1&origin=39.236000000000004%2C9.096200000000001&destination=39.22%2C9.11&travelmode=transit",24
9.096200000000001,39.236000000000004,9.1112,39.22,"https://www.google.com/maps/dir/?api=1&origin=39.236000000000004%2C9.096200000000001&destination=39.22%2C9.1112&travelmode=transit",30
9.096200000000001,39.236000000000004,9.1124,39.22,"https://www.google.com/maps/dir/?api=1&origin=39.236000000000004%2C9.096200000000001&destination=39.22%2C9.1124&travelmode=transit",27
9.096200000000001,39.236000000000004,9.1136,39.22,"https://www.google.com/maps/dir/?api=1&origin=39.236000000000004%2C9.096200000000001&destination=39.22%2C9.1136&travelmode=transit",27
9.096200000000001,39.236000000000004,9.114799999999999,39.22,"https://www.google.com/maps/dir/?api=1&origin=39.236000000000004%2C9.096200000000001&destination=39.22%2C9.114799999999999&travelmode=transit",32
9.096200000000001,39.236000000000004,9.116,39.22,"https://www.google.com/maps/dir/?api=1&origin=39.236000000000004%2C9.096200000000001&destination=39.22%2C9.116&travelmode=transit",30
9.096200000000001,39.236000000000004,9.117199999999999,39.22,"https://www.google.com/maps/dir/?api=1&origin=39.236000000000004%2C9.096200000000001&destination=39.22%2C9.117199999999999&travelmode=transit",29
9.096200000000001,39.236000000000004,9.1184,39.22,"https://www.google.com/maps/dir/?api=1&origin=39.236000000000004%2C9.096200000000001&destination=39.22%2C9.1184&travelmode=transit",29
9.096200000000001,39.236000000000004,9.1196,39.22,"https://www.google.com/maps/dir/?api=1&origin=39.236000000000004%2C9.096200000000001&destination=39.22%2C9.1196&travelmode=transit",32
9.096200000000001,39.236000000000004,9.1208,39.22,"https://www.google.com/maps/dir/?api=1&origin=39.236000000000004%2C9.096200000000001&destination=39.22%2C9.1208&travelmode=transit",33
9.0974,39.236000000000004,9.11,39.22,"https://www.google.com/maps/dir/?api=1&origin=39.236000000000004%2C9.0974&destination=39.22%2C9.11&travelmode=transit",24
9.0974,39.236000000000004,9.1112,39.22,"https://www.google.com/maps/dir/?api=1&origin=39.236000000000004%2C9.0974&destination=39.22%2C9.1112&travelmode=transit",28
9.0974,39.236000000000004,9.1124,39.22,"https://www.google.com/maps/dir/?api=1&origin=39.236000000000004%2C9.0974&destination=39.22%2C9.1124&travelmode=transit",25
9.0974,39.236000000000004,9.1136,39.22,"https://www.google.com/maps/dir/?api=1&origin=39.236000000000004%2C9.0974&destination=39.22%2C9.1136&travelmode=transit",25
9.0974,39.236000000000004,9.114799999999999,39.22,"https://www.google.com/maps/dir/?api=1&origin=39.236000000000004%2C9.0974&destination=39.22%2C9.114799999999999&travelmode=transit",30
9.0974,39.236000000000004,9.116,39.22,"https://www.google.com/maps/dir/?api=1&origin=39.236000000000004%2C9.0974&destination=39.22%2C9.116&travelmode=transit",28
9.0974,39.236000000000004,9.117199999999999,39.22,"https://www.google.com/maps/dir/?api=1&origin=39.236000000000004%2C9.0974&destination=39.22%2C9.117199999999999&travelmode=transit",27
9.0974,39.236000000000004,9.1184,39.22,"https://www.google.com/maps/dir/?api=1&origin=39.236000000000004%2C9.0974&destination=39.22%2C9.1184&travelmode=transit",27
9.0974,39.236000000000004,9.1196,39.22,"https://www.google.com/maps/dir/?api=1&origin=39.236000000000004%2C9.0974&destination=39.22%2C9.1196&travelmode=transit",30
9.0974,39.236000000000004,9.1208,39.22,"https://www.google.com/maps/dir/?api=1&origin=39.236000000000004%2C9.0974&destination=39.22%2C9.1208&travelmode=transit",32
9.098600000000001,39.236000000000004,9.11,39.22,"https://www.google.com/maps/dir/?api=1&origin=39.236000000000004%2C9.098600000000001&destination=39.22%2C9.11&travelmode=transit",22
9.098600000000001,39.236000000000004,9.1112,39.22,"https://www.google.com/maps/dir/?api=1&origin=39.236000000000004%2C9.098600000000001&destination=39.22%2C9.1112&travelmode=transit",24
9.098600000000001,39.236000000000004,9.1124,39.22,"https://www.google.com/maps/dir/?api=1&origin=39.236000000000004%2C9.098600000000001&destination=39.22%2C9.1124&travelmode=transit",21
9.098600000000001,39.236000000000004,9.1136,39.22,"https://www.google.com/maps/dir/?api=1&origin=39.236000000000004%2C9.098600000000001&destination=39.22%2C9.1136&travelmode=transit",21
9.098600000000001,39.236000000000004,9.114799999999999,39.22,"https://www.google.com/maps/dir/?api=1&origin=39.236000000000004%2C9.098600000000001&destination=39.22%2C9.114799999999999&travelmode=transit",26
9.098600000000001,39.236000000000004,9.116,39.22,"https://www.google.com/maps/dir/?api=1&origin=39.236000000000004%2C9.098600000000001&destination=39.22%2C9.116&travelmode=transit",24
9.098600000000001,39.236000000000004,9.117199999999999,39.22,"https://www.google.com/maps/dir/?api=1&origin=39.236000000000004%2C9.098600000000001&destination=39.22%2C9.117199999999999&travelmode=transit",23
9.098600000000001,39.236000000000004,9.1184,39.22,"https://www.google.com/maps/dir/?api=1&origin=39.236000000000004%2C9.098600000000001&destination=39.22%2C9.1184&travelmode=transit",24
9.098600000000001,39.236000000000004,9.1196,39.22,"https://www.google.com/maps/dir/?api=1&origin=39.236000000000004%2C9.098600000000001&destination=39.22%2C9.1196&travelmode=transit",27
9.098600000000001,39.236000000000004,9.1208,39.22,"https://www.google.com/maps/dir/?api=1&origin=39.236000000000004%2C9.098600000000001&destination=39.22%2C9.1208&travelmode=transit",29
9.0998,39.236000000000004,9.11,39.22,"https://www.google.com/maps/dir/?api=1&origin=39.236000000000004%2C9.0998&destination=39.22%2C9.11&travelmode=transit",23
9.0998,39.236000000000004,9.1112,39.22,"https://www.google.com/maps/dir/?api=1&origin=39.236000000000004%2C9.0998&destination=39.22%2C9.1112&travelmode=transit",22
9.0998,39.236000000000004,9.1124,39.22,"https://www.google.com/maps/dir/?api=1&origin=39.236000000000004%2C9.0998&destination=39.22%2C9.1124&travelmode=transit",19
9.0998,39.236000000000004,9.1136,39.22,"https://www.google.com/maps/dir/?api=1&origin=39.236000000000004%2C9.0998&destination=39.22%2C9.1136&travelmode=transit",19
9.0998,39.236000000000004,9.114799999999999,39.22,"https://www.google.com/maps/dir/?api=1&origin=39.236000000000004%2C9.0998&destination=39.22%2C9.114799999999999&travelmode=transit",24
9.0998,39.236000000000004,9.116,39.22,"https://www.google.com/maps/dir/?api=1&origin=39.236000000000004%2C9.0998&destination=39.22%2C9.116&travelmode=transit",22
9.0998,39.236000000000004,9.117199999999999,39.22,"https://www.google.com/maps/dir/?api=1&origin=39.236000000000004%2C9.0998&destination=39.22%2C9.117199999999999&travelmode=transit",22
9.0998,39.236000000000004,9.1184,39.22,"https://www.google.com/maps/dir/?api=1&origin=39.236000000000004%2C9.0998&destination=39.22%2C9.1184&travelmode=transit",23
9.0998,39.236000000000004,9.1196,39.22,"https://www.google.com/maps/dir/?api=1&origin=39.236000000000004%2C9.0998&destination=39.22%2C9.1196&travelmode=transit",26
9.0998,39.236000000000004,9.1208,39.22,"https://www.google.com/maps/dir/?api=1&origin=39.236000000000004%2C9.0998&destination=39.22%2C9.1208&travelmode=transit",28
9.101,39.236000000000004,9.11,39.22,"https://www.google.com/maps/dir/?api=1&origin=39.236000000000004%2C9.101&destination=39.22%2C9.11&travelmode=transit",25
9.101,39.236000000000004,9.1112,39.22,"https://www.google.com/maps/dir/?api=1&origin=39.236000000000004%2C9.101&destination=39.22%2C9.1112&travelmode=transit",22
9.101,39.236000000000004,9.1124,39.22,"https://www.google.com/maps/dir/?api=1&origin=39.236000000000004%2C9.101&destination=39.22%2C9.1124&travelmode=transit",19
9.101,39.236000000000004,9.1136,39.22,"https://www.google.com/maps/dir/?api=1&origin=39.236000000000004%2C9.101&destination=39.22%2C9.1136&travelmode=transit",19
9.101,39.236000000000004,9.114799999999999,39.22,"https://www.google.com/maps/dir/?api=1&origin=39.236000000000004%2C9.101&destination=39.22%2C9.114799999999999&travelmode=transit",24
9.101,39.236000000000004,9.116,39.22,"https://www.google.com/maps/dir/?api=1&origin=39.236000000000004%2C9.101&destination=39.22%2C9.116&travelmode=transit",22
9.101,39.236000000000004,9.117199999999999,39.22,"https://www.google.com/maps/dir/?api=1&origin=39.236000000000004%2C9.101&destination=39.22%2C9.117199999999999&travelmode=transit",22
9.101,39.236000000000004,9.1184,39.22,"https://www.google.com/maps/dir/?api=1&origin=39.236000000000004%2C9.101&destination=39.22%2C9.1184&travelmode=transit",23
9.101,39.236000000000004,9.1196,39.22,"https://www.google.com/maps/dir/?api=1&origin=39.236000000000004%2C9.101&destination=39.22%2C9.1196&travelmode=transit",26
9.101,39.236000000000004,9.1208,39.22,"https://www.google.com/maps/dir/?api=1&origin=39.236000000000004%2C9.101&destination=39.22%2C9.1208&travelmode=transit",28
9.1022,39.236000000000004,9.11,39.22,"https://www.google.com/maps/dir/?api=1&origin=39.236000000000004%2C9.1022&destination=39.22%2C9.11&travelmode=transit",25
9.1022,39.236000000000004,9.1112,39.22,"https://www.google.com/maps/dir/?api=1&origin=39.236000000000004%2C9.1022&destination=39.22%2C9.1112&travelmode=transit",24
9.1022,39.236000000000004,9.1124,39.22,"https://www.google.com/maps/dir/?api=1&origin=39.236000000000004%2C9.1022&destination=39.22%2C9.1124&travelmode=transit",21
9.1022,39.236000000000004,9.1136,39.22,"https://www.google.com/maps/dir/?api=1&origin=39.236000000000004%2C9.1022&destination=39.22%2C9.1136&travelmode=transit",21
9.1022,39.236000000000004,9.114799999999999,39.22,"https://www.google.com/maps/dir/?api=1&origin=39.236000000000004%2C9.1022&destination=39.22%2C9.114799999999999&travelmode=transit",26
9.1022,39.236000000000004,9.116,39.22,"https://www.google.com/maps/dir/?api=1&origin=39.236000000000004%2C9.1022&destination=39.22%2C9.116&travelmode=transit",24
9.1022,39.236000000000004,9.117199999999999,39.22,"https://www.google.com/maps/dir/?api=1&origin=39.236000000000004%2C9.1022&destination=39.22%2C9.117199999999999&travelmode=transit",23
9.1022,39.236000000000004,9.1184,39.22,"https://www.google.com/maps/dir/?api=1&origin=39.236000000000004%2C9.1022&destination=39.22%2C9.1184&travelmode=transit",24
9.1022,39.236000000000004,9.1196,39.22,"https://www.google.com/maps/dir/?api=1&origin=39.236000000000004%2C9.1022&destination=39.22%2C9.1196&travelmode=transit",26
9.1022,39.236000000000004,9.1208,39.22,"https://www.google.com/maps/dir/?api=1&origin=39.236000000000004%2C9.1022&destination=39.22%2C9.1208&travelmode=transit",28
9.1034,39.236000000000004,9.11,39.22,"https://www.google.com/maps/dir/?api=1&origin=39.236000000000004%2C9.1034&destination=39.22%2C9.11&travelmode=transit",25
9.1034,39.236000000000004,9.1112,39.22,"https://www.google.com/maps/dir/?api=1&origin=39.236000000000004%2C9.1034&destination=39.22%2C9.1112&travelmode=transit",26
9.1034,39.236000000000004,9.1124,39.22,"https://www.google.com/maps/dir/?api=1&origin=39.236000000000004%2C9.1034&destination=39.22%2C9.1124&travelmode=transit",23
9.1034,39.236000000000004,9.1136,39.22,"https://www.google.com/maps/dir/?api=1&origin=39.236000000000004%2C9.1034&destination=39.22%2C9.1136&travelmode=transit",23
9.1034,39.236000000000004,9.114799999999999,39.22,"https://www.google.com/maps/dir/?api=1&origin=39.236000000000004%2C9.1034&destination=39.22%2C9.114799999999999&travelmode=transit",28
9.1034,39.236000000000004,9.116,39.22,"https://www.google.com/maps/dir/?api=1&origin=39.236000000000004%2C9.1034&destination=39.22%2C9.116&travelmode=transit",26
9.1034,39.236000000000004,9.117199999999999,39.22,"https://www.google.com/maps/dir/?api=1&origin=39.236000000000004%2C9.1034&destination=39.22%2C9.117199999999999&travelmode=transit",24
9.1034,39.236000000000004,9.1184,39.22,"https://www.google.com/maps/dir/?api=1&origin=39.236000000000004%2C9.1034&destination=39.22%2C9.1184&travelmode=transit",24
9.1034,39.236000000000004,9.1196,39.22,"https://www.google.com/maps/dir/?api=1&origin=39.236000000000004%2C9.1034&destination=39.22%2C9.1196&travelmode=transit",26
9.1034,39.236000000000004,9.1208,39.22,"https://www.google.com/maps/dir/?api=1&origin=39.236000000000004%2C9.1034&destination=39.22%2C9.1208&travelmode=transit",28
9.104600000000001,39.236000000000004,9.11,39.22,"https://www.google.com/maps/dir/?api=1&origin=39.236000000000004%2C9.104600000000001&destination=39.22%2C9.11&travelmode=transit",24
9.104600000000001,39.236000000000004,9.1112,39.22,"https://www.google.com/maps/dir/?api=1&origin=39.236000000000004%2C9.104600000000001&destination=39.22%2C9.1112&travelmode=transit",27
9.104600000000001,39.236000000000004,9.1124,39.22,"https://www.google.com/maps/dir/?api=1&origin=39.236000000000004%2C9.104600000000001&destination=39.22%2C9.1124&travelmode=transit",24
9.104600000000001,39.236000000000004,9.1136,39.22,"https://www.google.com/maps/dir/?api=1&origin=39.236000000000004%2C9.104600000000001&destination=39.22%2C9.1136&travelmode=transit",24
9.104600000000001,39.236000000000004,9.114799999999999,39.22,"https://www.google.com/maps/dir/?api=1&origin=39.236000000000004%2C9.104600000000001&destination=39.22%2C9.114799999999999&travelmode=transit",28
9.104600000000001,39.236000000000004,9.116,39.22,"https://www.google.com/maps/dir/?api=1&origin=39.236000000000004%2C9.104600000000001&destination=39.22%2C9.116&travelmode=transit",26
9.104600000000001,39.236000000000004,9.117199999999999,39.22,"https://www.google.com/maps/dir/?api=1&origin=39.236000000000004%2C9.104600000000001&destination=39.22%2C9.117199999999999&travelmode=transit",23
9.104600000000001,39.236000000000004,9.1184,39.22,"https://www.google.com/maps/dir/?api=1&origin=39.236000000000004%2C9.104600000000001&destination=39.22%2C9.1184&travelmode=transit",23
9.104600000000001,39.236000000000004,9.1196,39.22,"https://www.google.com/maps/dir/?api=1&origin=39.236000000000004%2C9.104600000000001&destination=39.22%2C9.1196&travelmode=transit",25
9.104600000000001,39.236000000000004,9.1208,39.22,"https://www.google.com/maps/dir/?api=1&origin=39.236000000000004%2C9.104600000000001&destination=39.22%2C9.1208&travelmode=transit",26
9.1058,39.236000000000004,9.11,39.22,"https://www.google.com/maps/dir/?api=1&origin=39.236000000000004%2C9.1058&destination=39.22%2C9.11&travelmode=transit",23
9.1058,39.236000000000004,9.1112,39.22,"https://www.google.com/maps/dir/?api=1&origin=39.236000000000004%2C9.1058&destination=39.22%2C9.1112&travelmode=transit",28
9.1058,39.236000000000004,9.1124,39.22,"https://www.google.com/maps/dir/?api=1&origin=39.236000000000004%2C9.1058&destination=39.22%2C9.1124&travelmode=transit",25
9.1058,39.236000000000004,9.1136,39.22,"https://www.google.com/maps/dir/?api=1&origin=39.236000000000004%2C9.1058&destination=39.22%2C9.1136&travelmode=transit",25
9.1058,39.236000000000004,9.114799999999999,39.22,"https://www.google.com/maps/dir/?api=1&origin=39.236000000000004%2C9.1058&destination=39.22%2C9.114799999999999&travelmode=transit",27
9.1058,39.236000000000004,9.116,39.22,"https://www.google.com/maps/dir/?api=1&origin=39.236000000000004%2C9.1058&destination=39.22%2C9.116&travelmode=transit",25
9.1058,39.236000000000004,9.117199999999999,39.22,"https://www.google.com/maps/dir/?api=1&origin=39.236000000000004%2C9.1058&destination=39.22%2C9.117199999999999&travelmode=transit",22
9.1058,39.236000000000004,9.1184,39.22,"https://www.google.com/maps/dir/?api=1&origin=39.236000000000004%2C9.1058&destination=39.22%2C9.1184&travelmode=transit",22
9.1058,39.236000000000004,9.1196,39.22,"https://www.google.com/maps/dir/?api=1&origin=39.236000000000004%2C9.1058&destination=39.22%2C9.1196&travelmode=transit",24
9.1058,39.236000000000004,9.1208,39.22,"https://www.google.com/maps/dir/?api=1&origin=39.236000000000004%2C9.1058&destination=39.22%2C9.1208&travelmode=transit",24
9.095,39.237,9.11,39.22,"https://www.google.com/maps/dir/?api=1&origin=39.237%2C9.095&destination=39.22%2C9.11&travelmode=transit",27
9.095,39.237,9.1112,39.22,"https://www.google.com/maps/dir/?api=1&origin=39.237%2C9.095&destination=39.22%2C9.1112&travelmode=transit",32
9.095,39.237,9.1124,39.22,"https://www.google.com/maps/dir/?api=1&origin=39.237%2C9.095&destination=39.22%2C9.1124&travelmode=transit",29
9.095,39.237,9.1136,39.22,"https://www.google.com/maps/dir/?api=1&origin=39.237%2C9.095&destination=39.22%2C9.1136&travelmode=transit",29
9.095,39.237,9.114799999999999,39.22,"https://www.google.com/maps/dir/?api=1&origin=39.237%2C9.095&destination=39.22%2C9.114799999999999&travelmode=transit",35
9.095,39.237,9.116,39.22,"https://www.google.com/maps/dir/?api=1&origin=39.237%2C9.095&destination=39.22%2C9.116&travelmode=transit",33
9.095,39.237,9.117199999999999,39.22,"https://www.google.com/maps/dir/?api=1&origin=39.237%2C9.095&destination=39.22%2C9.117199999999999&travelmode=transit",34
9.095,39.237,9.1184,39.22,"https://www.google.com/maps/dir/?api=1&origin=39.237%2C9.095&destination=39.22%2C9.1184&travelmode=transit",35
9.095,39.237,9.1196,39.22,"https://www.google.com/maps/dir/?api=1&origin=39.237%2C9.095&destination=39.22%2C9.1196&travelmode=transit",38
9.095,39.237,9.1208,39.22,"https://www.google.com/maps/dir/?api=1&origin=39.237%2C9.095&destination=39.22%2C9.1208&travelmode=transit",38
9.096200000000001,39.237,9.11,39.22,"https://www.google.com/maps/dir/?api=1&origin=39.237%2C9.096200000000001&destination=39.22%2C9.11&travelmode=transit",27
9.096200000000001,39.237,9.1112,39.22,"https://www.google.com/maps/dir/?api=1&origin=39.237%2C9.096200000000001&destination=39.22%2C9.1112&travelmode=transit",30
9.096200000000001,39.237,9.1124,39.22,"https://www.google.com/maps/dir/?api=1&origin=39.237%2C9.096200000000001&destination=39.22%2C9.1124&travelmode=transit",27
9.096200000000001,39.237,9.1136,39.22,"https://www.google.com/maps/dir/?api=1&origin=39.237%2C9.096200000000001&destination=39.22%2C9.1136&travelmode=transit",27
9.096200000000001,39.237,9.114799999999999,39.22,"https://www.google.com/maps/dir/?api=1&origin=39.237%2C9.096200000000001&destination=39.22%2C9.114799999999999&travelmode=transit",32
9.096200000000001,39.237,9.116,39.22,"https://www.google.com/maps/dir/?api=1&origin=39.237%2C9.096200000000001&destination=39.22%2C9.116&travelmode=transit",30
9.096200000000001,39.237,9.117199999999999,39.22,"https://www.google.com/maps/dir/?api=1&origin=39.237%2C9.096200000000001&destination=39.22%2C9.117199999999999&travelmode=transit",29
9.096200000000001,39.237,9.1184,39.22,"https://www.google.com/maps/dir/?api=1&origin=39.237%2C9.096200000000001&destination=39.22%2C9.1184&travelmode=transit",29
9.096200000000001,39.237,9.1196,39.22,"https://www.google.com/maps/dir/?api=1&origin=39.237%2C9.096200000000001&destination=39.22%2C9.1196&travelmode=transit",32
9.096200000000001,39.237,9.1208,39.22,"https://www.google.com/maps/dir/?api=1&origin=39.237%2C9.096200000000001&destination=39.22%2C9.1208&travelmode=transit",33
9.0974,39.237,9.11,39.22,"https://www.google.com/maps/dir/?api=1&origin=39.237%2C9.0974&destination=39.22%2C9.11&travelmode=transit",25
9.0974,39.237,9.1112,39.22,"https://www.google.com/maps/dir/?api=1&origin=39.237%2C9.0974&destination=39.22%2C9.1112&travelmode=transit",29
9.0974,39.237,9.1124,39.22,"https://www.google.com/maps/dir/?api=1&origin=39.237%2C9.0974&destination=39.22%2C9.1124&travelmode=transit",26
9.0974,39.237,9.1136,39.22,"https://www.google.com/maps/dir/?api=1&origin=39.237%2C9.0974&destination=39.22%2C9.1136&travelmode=transit",26
9.0974,39.237,9.114799999999999,39.22,"https://www.google.com/maps/dir/?api=1&origin=39.237%2C9.0974&destination=39.22%2C9.114799999999999&travelmode=transit",31
9.0974,39.237,9.116,39.22,"https://www.google.com/maps/dir/?api=1&origin=39.237%2C9.0974&destination=39.22%2C9.116&travelmode=transit",29
9.0974,39.237,9.117199999999999,39.22,"https://www.google.com/maps/dir/?api=1&origin=39.237%2C9.0974&destination=39.22%2C9.117199999999999&travelmode=transit",28
9.0974,39.237,9.1184,39.22,"https://www.google.com/maps/dir/?api=1&origin=39.237%2C9.0974&destination=39.22%2C9.1184&travelmode=transit",28
9.0974,39.237,9.1196,39.22,"https://www.google.com/maps/dir/?api=1&origin=39.237%2C9.0974&destination=39.22%2C9.1196&travelmode=transit",31
9.0974,39.237,9.1208,39.22,"https://www.google.com/maps/dir/?api=1&origin=39.237%2C9.0974&destination=39.22%2C9.1208&travelmode=transit",33
9.098600000000001,39.237,9.11,39.22,"https://www.google.com/maps/dir/?api=1&origin=39.237%2C9.098600000000001&destination=39.22%2C9.11&travelmode=transit",23
9.098600000000001,39.237,9.1112,39.22,"https://www.google.com/maps/dir/?api=1&origin=39.237%2C9.098600000000001&destination=39.22%2C9.1112&travelmode=transit",25
9.098600000000001,39.237,9.1124,39.22,"https://www.google.com/maps/dir/?api=1&origin=39.237%2C9.098600000000001&destination=39.22%2C9.1124&travelmode=transit",22
9.098600000000001,39.237,9.1136,39.22,"https://www.google.com/maps/dir/?api=1&origin=39.237%2C9.098600000000001&destination=39.22%2C9.1136&travelmode=transit",22
9.098600000000001,39.237,9.114799999999999,39.22,"https://www.google.com/maps/dir/?api=1&origin=39.237%2C9.098600000000001&destination=39.22%2C9.114799999999999&travelmode=transit",27
9.098600000000001,39.237,9.116,39.22,"https://www.google.com/maps/dir/?api=1&origin=39.237%2C9.098600000000001&destination=39.22%2C9.116&travelmode=transit",25
9.098600000000001,39.237,9.117199999999999,39.22,"https://www.google.com/maps/dir/?api=1&origin=39.237%2C9.098600000000001&destination=39.22%2C9.117199999999999&travelmode=transit",24
9.098600000000001,39.237,9.1184,39.22,"https://www.google.com/maps/dir/?api=1&origin=39.237%2C9.098600000000001&destination=39.22%2C9.1184&travelmode=transit",24
9.098600000000001,39.237,9.1196,39.22,"https://www.google.com/maps/dir/?api=1&origin=39.237%2C9.098600000000001&destination=39.22%2C9.1196&travelmode=transit",26
9.098600000000001,39.237,9.1208,39.22,"https://www.google.com/maps/dir/?api=1&origin=39.237%2C9.098600000000001&destination=39.22%2C9.1208&travelmode=transit",27
9.0998,39.237,9.11,39.22,"https://www.google.com/maps/dir/?api=1&origin=39.237%2C9.0998&destination=39.22%2C9.11&travelmode=transit",23
9.0998,39.237,9.1112,39.22,"https://www.google.com/maps/dir/?api=1&origin=39.237%2C9.0998&destination=39.22%2C9.1112&travelmode=transit",24
9.0998,39.237,9.1124,39.22,"https://www.google.com/maps/dir/?api=1&origin=39.237%2C9.0998&destination=39.22%2C9.1124&travelmode=transit",21
9.0998,39.237,9.1136,39.22,"https://www.google.com/maps/dir/?api=1&origin=39.237%2C9.0998&destination=39.22%2C9.1136&travelmode=transit",21
9.0998,39.237,9.114799999999999,39.22,"https://www.google.com/maps/dir/?api=1&origin=39.237%2C9.0998&destination=39.22%2C9.114799999999999&travelmode=transit",26
9.0998,39.237,9.116,39.22,"https://www.google.com/maps/dir/?api=1&origin=39.237%2C9.0998&destination=39.22%2C9.116&travelmode=transit",24
9.0998,39.237,9.117199999999999,39.22,"https://www.google.com/maps/dir/?api=1&origin=39.237%2C9.0998&destination=39.22%2C9.117199999999999&travelmode=transit",23
9.0998,39.237,9.1184,39.22,"https://www.google.com/maps/dir/?api=1&origin=39.237%2C9.0998&destination=39.22%2C9.1184&travelmode=transit",23
9.0998,39.237,9.1196,39.22,"https://www.google.com/maps/dir/?api=1&origin=39.237%2C9.0998&destination=39.22%2C9.1196&travelmode=transit",25
9.0998,39.237,9.1208,39.22,"https://www.google.com/maps/dir/?api=1&origin=39.237%2C9.0998&destination=39.22%2C9.1208&travelmode=transit",26
9.101,39.237,9.11,39.22,"https://www.google.com/maps/dir/?api=1&origin=39.237%2C9.101&destination=39.22%2C9.11&travelmode=transit",24
9.101,39.237,9.1112,39.22,"https://www.google.com/maps/dir/?api=1&origin=39.237%2C9.101&destination=39.22%2C9.1112&travelmode=transit",25
9.101,39.237,9.1124,39.22,"https://www.google.com/maps/dir/?api=1&origin=39.237%2C9.101&destination=39.22%2C9.1124&travelmode=transit",22
9.101,39.237,9.1136,39.22,"https://www.google.com/maps/dir/?api=1&origin=39.237%2C9.101&destination=39.22%2C9.1136&travelmode=transit",22
9.101,39.237,9.114799999999999,39.22,"https://www.google.com/maps/dir/?api=1&origin=39.237%2C9.101&destination=39.22%2C9.114799999999999&travelmode=transit",27
9.101,39.237,9.116,39.22,"https://www.google.com/maps/dir/?api=1&origin=39.237%2C9.101&destination=39.22%2C9.116&travelmode=transit",25
9.101,39.237,9.117199999999999,39.22,"https://www.google.com/maps/dir/?api=1&origin=39.237%2C9.101&destination=39.22%2C9.117199999999999&travelmode=transit",23
9.101,39.237,9.1184,39.22,"https://www.google.com/maps/dir/?api=1&origin=39.237%2C9.101&destination=39.22%2C9.1184&travelmode=transit",23
9.101,39.237,9.1196,39.22,"https://www.google.com/maps/dir/?api=1&origin=39.237%2C9.101&destination=39.22%2C9.1196&travelmode=transit",25
9.101,39.237,9.1208,39.22,"https://www.google.com/maps/dir/?api=1&origin=39.237%2C9.101&destination=39.22%2C9.1208&travelmode=transit",26
9.1022,39.237,9.11,39.22,"https://www.google.com/maps/dir/?api=1&origin=39.237%2C9.1022&destination=39.22%2C9.11&travelmode=transit",24
9.1022,39.237,9.1112,39.22,"https://www.google.com/maps/dir/?api=1&origin=39.237%2C9.1022&destination=39.22%2C9.1112&travelmode=transit",25
9.1022,39.237,9.1124,39.22,"https://www.google.com/maps/dir/?api=1&origin=39.237%2C9.1022&destination=39.22%2C9.1124&travelmode=transit",22
9.1022,39.237,9.1136,39.22,"https://www.google.com/maps/dir/?api=1&origin=39.237%2C9.1022&destination=39.22%2C9.1136&travelmode=transit",22
9.1022,39.237,9.114799999999999,39.22,"https://www.google.com/maps/dir/?api=1&origin=39.237%2C9.1022&destination=39.22%2C9.114799999999999&travelmode=transit",27
9.1022,39.237,9.116,39.22,"https://www.google.com/maps/dir/?api=1&origin=39.237%2C9.1022&destination=39.22%2C9.116&travelmode=transit",25
9.1022,39.237,9.117199999999999,39.22,"https://www.google.com/maps/dir/?api=1&origin=39.237%2C9.1022&destination=39.22%2C9.117199999999999&travelmode=transit",23
9.1022,39.237,9.1184,39.22,"https://www.google.com/maps/dir/?api=1&origin=39.237%2C9.1022&destination=39.22%2C9.1184&travelmode=transit",23
9.1022,39.237,9.1196,39.22,"https://www.google.com/maps/dir/?api=1&origin=39.237%2C9.1022&destination=39.22%2C9.1196&travelmode=transit",25
9.1022,39.237,9.1208,39.22,"https://www.google.com/maps/dir/?api=1&origin=39.237%2C9.1022&destination=39.22%2C9.1208&travelmode=transit",25
9.1034,39.237,9.11,39.22,"https://www.google.com/maps/dir/?api=1&origin=39.237%2C9.1034&destination=39.22%2C9.11&travelmode=transit",25
9.1034,39.237,9.1112,39.22,"https://www.google.com/maps/dir/?api=1&origin=39.237%2C9.1034&destination=39.22%2C9.1112&travelmode=transit",27
9.1034,39.237,9.1124,39.22,"https://www.google.com/maps/dir/?api=1&origin=39.237%2C9.1034&destination=39.22%2C9.1124&travelmode=transit",24
9.1034,39.237,9.1136,39.22,"https://www.google.com/maps/dir/?api=1&origin=39.237%2C9.1034&destination=39.22%2C9.1136&travelmode=transit",24
9.1034,39.237,9.114799999999999,39.22,"https://www.google.com/maps/dir/?api=1&origin=39.237%2C9.1034&destination=39.22%2C9.114799999999999&travelmode=transit",29
9.1034,39.237,9.116,39.22,"https://www.google.com/maps/dir/?api=1&origin=39.237%2C9.1034&destination=39.22%2C9.116&travelmode=transit",27
9.1034,39.237,9.117199999999999,39.22,"https://www.google.com/maps/dir/?api=1&origin=39.237%2C9.1034&destination=39.22%2C9.117199999999999&travelmode=transit",24
9.1034,39.237,9.1184,39.22,"https://www.google.com/maps/dir/?api=1&origin=39.237%2C9.1034&destination=39.22%2C9.1184&travelmode=transit",24
9.1034,39.237,9.1196,39.22,"https://www.google.com/maps/dir/?api=1&origin=39.237%2C9.1034&destination=39.22%2C9.1196&travelmode=transit",26
9.1034,39.237,9.1208,39.22,"https://www.google.com/maps/dir/?api=1&origin=39.237%2C9.1034&destination=39.22%2C9.1208&travelmode=transit",27
9.104600000000001,39.237,9.11,39.22,"https://www.google.com/maps/dir/?api=1&origin=39.237%2C9.104600000000001&destination=39.22%2C9.11&travelmode=transit",23
9.104600000000001,39.237,9.1112,39.22,"https://www.google.com/maps/dir/?api=1&origin=39.237%2C9.104600000000001&destination=39.22%2C9.1112&travelmode=transit",28
9.104600000000001,39.237,9.1124,39.22,"https://www.google.com/maps/dir/?api=1&origin=39.237%2C9.104600000000001&destination=39.22%2C9.1124&travelmode=transit",25
9.104600000000001,39.237,9.1136,39.22,"https://www.google.com/maps/dir/?api=1&origin=39.237%2C9.104600000000001&destination=39.22%2C9.1136&travelmode=transit",25
9.104600000000001,39.237,9.114799999999999,39.22,"https://www.google.com/maps/dir/?api=1&origin=39.237%2C9.104600000000001&destination=39.22%2C9.114799999999999&travelmode=transit",27
9.104600000000001,39.237,9.116,39.22,"https://www.google.com/maps/dir/?api=1&origin=39.237%2C9.104600000000001&destination=39.22%2C9.116&travelmode=transit",25
9.104600000000001,39.237,9.117199999999999,39.22,"https://www.google.com/maps/dir/?api=1&origin=39.237%2C9.104600000000001&destination=39.22%2C9.117199999999999&travelmode=transit",22
9.104600000000001,39.237,9.1184,39.22,"https://www.google.com/maps/dir/?api=1&origin=39.237%2C9.104600000000001&destination=39.22%2C9.1184&travelmode=transit",22
9.104600000000001,39.237,9.1196,39.22,"https://www.google.com/maps/dir/?api=1&origin=39.237%2C9.104600000000001&destination=39.22%2C9.1196&travelmode=transit",24
9.104600000000001,39.237,9.1208,39.22,"https://www.google.com/maps/dir/?api=1&origin=39.237%2C9.104600000000001&destination=39.22%2C9.1208&travelmode=transit",24
9.1058,39.237,9.11,39.22,"https://www.google.com/maps/dir/?api=1&origin=39.237%2C9.1058&destination=39.22%2C9.11&travelmode=transit",22
9.1058,39.237,9.1112,39.22,"https://www.google.com/maps/dir/?api=1&origin=39.237%2C9.1058&destination=39.22%2C9.1112&travelmode=transit",25
9.1058,39.237,9.1124,39.22,"https://www.google.com/maps/dir/?api=1&origin=39.237%2C9.1058&destination=39.22%2C9.1124&travelmode=transit",22
9.1058,39.237,9.1136,39.22,"https://www.google.com/maps/dir/?api=1&origin=39.237%2C9.1058&destination=39.22%2C9.1136&travelmode=transit",22
9.1058,39.237,9.114799999999999,39.22,"https://www.google.com/maps/dir/?api=1&origin=39.237%2C9.1058&destination=39.22%2C9.114799999999999&travelmode=transit",25
9.1058,39.237,9.116,39.22,"https://www.google.com/maps/dir/?api=1&origin=39.237%2C9.1058&destination=39.22%2C9.116&travelmode=transit",23
9.1058,39.237,9.117199999999999,39.22,"https://www.google.com/maps/dir/?api=1&origin=39.237%2C9.1058&destination=39.22%2C9.117199999999999&travelmode=transit",21
9.1058,39.237,9.1184,39.22,"https://www.google.com/maps/dir/?api=1&origin=39.237%2C9.1058&destination=39.22%2C9.1184&travelmode=transit",21
9.1058,39.237,9.1196,39.22,"https://www.google.com/maps/dir/?api=1&origin=39.237%2C9.1058&destination=39.22%2C9.1196&travelmode=transit",22
9.1058,39.237,9.1208,39.22,"https://www.google.com/maps/dir/?api=1&origin=39.237%2C9.1058&destination=39.22%2C9.1208&travelmode=transit",22
