id,lon,lat
31498899,9.1018122,39.2601203
31498915,9.0898185,39.2615302
31498927,9.084083,39.2594743
86103292,9.1040352,39.2112981
259877016,9.1242555,39.2075255
265659800,9.1711803,39.2156971
265659808,9.1703205,39.2154775
265659831,9.1705792,39.2152131
265659839,9.1711811,39.2153738
265659926,9.1571858,39.1947553
265659937,9.1523306,39.1958712
265659939,9.1469441,39.198839
265659941,9.141998,39.2016068
265659944,9.1400932,39.2036548
265659946,9.1385891,39.2046783
265659953,9.1328651,39.2052586
265659960,9.1309992,39.2054519
265664433,9.1230532,39.2096379
265669519,9.1091734,39.2156489
265669552,9.10366,39.2201679
265669562,9.0986985,39.2301165
265669576,9.0978177,39.232134
265669580,9.097202,39.2346255
265669583,9.0969043,39.2371324
265669585,9.0967511,39.2412221
291582984,9.0313096,39.165266
291583004,9.0334175,39.1680752
291583314,9.0335399,39.1682594
291584377,9.0344928,39.1690289
291584386,9.058191,39.1920551
291584452,9.10046,39.2153315
291584456,9.1048379,39.2140516
291584458,9.1072364,39.2137743
291584824,9.0563259,39.2222502
291584837,9.083562,39.2208413
291584842,9.0897919,39.2147692
291584854,9.1129139,39.2132147
291585117,9.1348979,39.1974438
291585124,9.1438649,39.1985886
291585166,9.1247436,39.2060768
291585173,9.1434803,39.1984338
291585174,9.1436427,39.1983901
291585177,9.1434501,39.1986818
291585264,9.1438407,39.1984865
291585356,9.0593134,39.1937099
291585364,9.114381,39.2124102
291585367,9.128644,39.2035828
291585368,9.1305152,39.2025624
291585531,9.0333197,39.1677057
291719654,9.1097041,39.2161269
291719655,9.108506,39.2168847
291927171,9.0819136,39.2222841
291927208,9.0688677,39.2260146
291927212,9.0892804,39.2150086
291927274,9.0725273,39.2263743
291927286,9.0546807,39.2167062
291927343,9.0558749,39.2220509
291927360,9.0542104,39.2179931
291931007,9.0946403,39.2289147
291931047,9.0933937,39.2312516
291950060,9.1077963,39.2141622
291950065,9.1024962,39.2146732
291950099,9.092514,39.2284441
291950100,9.0926206,39.2281878
291950111,9.0968257,39.2211399
291950119,9.0962413,39.2171089
291950133,9.0997129,39.2160445
291950145,9.093512,39.2273305
291950163,9.1158323,39.2113713
292273181,9.1515213,39.2421174
292274049,9.1293056,39.2251245
292274052,9.1320165,39.2285882
292274059,9.1365963,39.2331181
292274066,9.1262634,39.2220023
292274069,9.1282727,39.2237323
292274248,9.127364,39.2228176
292347461,9.0330249,39.1684046
292347826,9.1159028,39.2111578
292347849,9.1207967,39.2131427
292347860,9.1195263,39.2134341
293617675,9.1331712,39.2504938
293617678,9.1321311,39.2495894
293850113,9.0846114,39.2699424
293851481,9.0930055,39.2592585
293851621,9.0836591,39.2585708
293851888,9.0874941,39.2620019
293870215,9.0839892,39.2590341
293876279,9.0846319,39.2631282
297411542,9.131676,39.2335329
297411723,9.1264317,39.2357964
297413078,9.1211497,39.237236
297413284,9.1355759,39.2316081
297413692,9.1428533,39.2048987
297413697,9.1434458,39.2060813
297413711,9.1422974,39.2163578
297413719,9.1394117,39.2217532
297414208,9.1426493,39.2124039
299641717,9.0968406,39.2345363
299641725,9.096273,39.233367
301801685,9.1111863,39.2152413
301801707,9.1116883,39.2156775
301801740,9.1117919,39.2186292
301801741,9.1120555,39.21854
301801783,9.1124138,39.2184245
301801785,9.1130029,39.2182437
301801787,9.1122674,39.2202965
301801795,9.1127251,39.2196807
301801797,9.1042407,39.2197751
301801798,9.1056834,39.2206662
301801799,9.1067036,39.2212335
301801806,9.1074256,39.2203431
301801811,9.1090693,39.2194361
301801833,9.1072388,39.2195814
301801835,9.1084143,39.2188281
301801900,9.1110898,39.2174836
301801901,9.1044529,39.219994
301801903,9.1057913,39.219928
301801906,9.1098727,39.2211676
301801908,9.1102232,39.2201765
301801914,9.1114039,39.2184744
301801951,9.1126238,39.2176772
301801980,9.1075903,39.2211526
301801981,9.1081855,39.2208269
301801982,9.1091137,39.2210208
301801983,9.1094989,39.2200173
301801984,9.1074137,39.2178829
301801988,9.1103787,39.2157189
301801992,9.1115267,39.2164366
301801996,9.1139351,39.2167568
301802004,9.1155912,39.2158658
301802006,9.1162756,39.215532
301802082,9.1161974,39.2150588
301802083,9.116128,39.2149556
301802113,9.1155746,39.2136982
301802114,9.1135004,39.2166629
301802150,9.1128347,39.2153943
301802151,9.1125663,39.2150973
301802152,9.1122924,39.214832
301802157,9.1132122,39.2151573
301802160,9.113529,39.2149535
301802161,9.113825,39.2148143
301802211,9.1149165,39.2141095
301802212,9.1152289,39.213921
301802214,9.1127028,39.2145692
301802215,9.1129821,39.2144153
301802216,9.1132815,39.2142489
301802217,9.1136339,39.2140111
301802218,9.1139942,39.2137715
301802219,9.1143479,39.2135177
301802220,9.1139037,39.2158634
301802251,9.1129609,39.2148621
301802255,9.1146345,39.2156302
301802259,9.1153675,39.2152256
301802309,9.1147742,39.2146087
301802310,9.1132479,39.2146888
301802311,9.1135387,39.2145064
301802312,9.1138824,39.2142755
301802313,9.1142572,39.2140345
301802314,9.1146132,39.2137961
301802322,9.1146553,39.2142881
301802404,9.1150058,39.2130504
301802448,9.1155326,39.2127088
301802456,9.1175422,39.215797
301802463,9.1192957,39.2169394
301802474,9.1214799,39.2179559
301802476,9.120952,39.2168166
301802477,9.1204332,39.2157351
301802479,9.1200724,39.2149468
301802481,9.119821,39.2143066
301802484,9.1209589,39.2181738
301802486,9.1222453,39.2176491
301802488,9.1231569,39.2172311
301802490,9.1238838,39.2169041
301802493,9.1229015,39.2186619
301802497,9.1220054,39.2170207
301802499,9.1216045,39.2159492
301802501,9.1229495,39.2167751
301802503,9.1229262,39.216158
301802505,9.1236895,39.2162807
301802507,9.1231154,39.2151604
301802509,9.1232734,39.2142871
301802511,9.1209701,39.2146981
301802513,9.1222536,39.2143921
301802515,9.1188412,39.2148734
301802517,9.1191719,39.2144632
301802521,9.1207103,39.2140679
301802525,9.1234483,39.2133761
301802527,9.1218255,39.2132829
301802531,9.1211918,39.2122178
301802535,9.1211968,39.2114841
301802537,9.1211938,39.210502
301802539,9.1205148,39.212356
301802541,9.1191813,39.2126608
301802545,9.1202564,39.2116998
301802551,9.1199113,39.210899
301802557,9.119291,39.2135178
301802559,9.1192487,39.2134824
301802561,9.1192806,39.2133366
301802563,9.1193953,39.2133105
301802572,9.1186959,39.2142317
301802648,9.1177762,39.2148483
301802664,9.1174533,39.2153186
301802688,9.1185254,39.2154426
301802689,9.1188836,39.2158787
301802692,9.1196718,39.2157823
301802693,9.1193046,39.2151818
301802694,9.1194748,39.2158036
301802695,9.1202233,39.2170894
301802698,9.1204915,39.21749
301802700,9.1234782,39.2185075
301806532,9.1219286,39.2195613
301806579,9.1218079,39.2200908
301806581,9.121638,39.2207577
301806583,9.1214581,39.2215729
301806584,9.1215216,39.2220957
301806585,9.1215946,39.222819
301806602,9.123248,39.2232358
301806603,9.1235931,39.2232161
301806604,9.1243672,39.2232737
301806660,9.1264046,39.2232828
301806661,9.1268736,39.2231738
301806663,9.1282225,39.2221613
301806664,9.1235745,39.2224395
301806665,9.1259942,39.2223807
301806667,9.1225499,39.2218892
301806668,9.1235525,39.2216966
301806669,9.1243058,39.2215378
301806671,9.1250748,39.2203337
301806672,9.1250365,39.219553
301806673,9.1249958,39.218106
301806753,9.1238982,39.2183949
301806754,9.1257492,39.2180863
301806756,9.1270021,39.2187574
301806757,9.1276938,39.2192618
301806758,9.1282285,39.219722
301806759,9.1238674,39.2190334
301806760,9.1244694,39.2198194
301806761,9.1238047,39.2201292
301806762,9.1235485,39.2202788
301806763,9.1231852,39.2206344
301806766,9.1233944,39.2211906
301806768,9.1245976,39.2209481
301806769,9.1224606,39.2201964
301806770,9.1241484,39.2210348
301806829,9.1221572,39.2193911
301806833,9.1259454,39.2205886
301806837,9.1266439,39.2199662
301806842,9.1271716,39.2195484
301806951,9.1288361,39.221678
301806952,9.128227,39.2211992
301806953,9.1273411,39.2205123
301806954,9.1260958,39.2196
301806955,9.1257998,39.2195414
301806959,9.1266732,39.2210987
301806960,9.1276142,39.2217315
301806961,9.1268601,39.2224101
301806962,9.128708,39.2207845
301806964,9.1278454,39.220079
301806965,9.1284845,39.2194854
301807063,9.124891,39.216692
301807073,9.1276183,39.2180378
301807075,9.1290661,39.2190067
301807197,9.1243003,39.2141818
301807201,9.1255232,39.2142982
301807205,9.1263278,39.213739
301807209,9.127131,39.2133553
301807211,9.1281584,39.213107
301807213,9.1283383,39.2130392
301807214,9.1256186,39.21487
301807215,9.1258268,39.2161609
301807216,9.1265043,39.2147974
301807296,9.1276658,39.2142436
301807299,9.1266248,39.2156412
301807300,9.128053,39.2145428
301807303,9.1274963,39.2150738
301807306,9.1256537,39.216797
301807307,9.1266052,39.2174001
301807308,9.1274418,39.2173626
301807309,9.1274937,39.2172532
301807313,9.127575,39.2172473
301807314,9.127646,39.217363
301807315,9.1275879,39.2174083
301807316,9.1275284,39.2158116
301807409,9.1275356,39.2156532
301807411,9.1273542,39.2157801
301807414,9.1268886,39.2157887
301807416,9.1262675,39.2161441
301807417,9.1261454,39.2171058
301807420,9.1283898,39.2151681
301807421,9.1286003,39.2156316
301807425,9.1286154,39.2157787
301807480,9.1286911,39.2172084
301807481,9.1294665,39.2171903
301807531,9.1294719,39.2173141
301807534,9.1286908,39.217331
301811548,9.1188286,39.2395519
301811552,9.1192492,39.2398435
301811558,9.1193725,39.2401457
301811560,9.1246415,39.2446776
301811561,9.1243005,39.2442706
301811589,9.1239164,39.2438412
301811594,9.1234945,39.243375
301811598,9.1230215,39.2429182
301811603,9.1224708,39.2423957
301811606,9.1218265,39.2419236
301811609,9.1212046,39.2414634
301811613,9.1207427,39.2411297
301811615,9.119989,39.2405745
301811627,9.1209867,39.2434971
301811628,9.1226626,39.244023
301811629,9.1232845,39.2442715
301811633,9.1239387,39.2444999
301811634,9.1251729,39.2448363
301811635,9.1257269,39.2450355
301811636,9.1265641,39.2452893
301811637,9.1272441,39.2454523
301811641,9.1247952,39.2373688
301811642,9.125298,39.2385873
301811643,9.1253119,39.2386216
301811644,9.1255975,39.2395169
301811645,9.1256911,39.2399364
301811689,9.1257687,39.2402947
301811691,9.1259766,39.2410177
301811694,9.1262254,39.2414
301811696,9.1266628,39.2420166
301811698,9.1269339,39.242416
301811701,9.1278774,39.2437599
301811703,9.1282828,39.2446849
301811704,9.128718,39.2453307
301811709,9.1236227,39.2344545
301813602,9.1268296,39.2368764
301813603,9.127933,39.2365683
301813899,9.1355273,39.2321972
301814091,9.1351051,39.2322776
301814100,9.1334161,39.2325566
301814173,9.1317136,39.2336145
301814334,9.1355844,39.2314839
302124745,9.0938583,39.2289939
302126026,9.0956586,39.2328738
302126068,9.0955,39.2328774
302126177,9.1009809,39.2348692
302132030,9.1006703,39.2375893
302132045,9.1035118,39.2377315
302132074,9.1090611,39.2356622
302132174,9.1117599,39.2337087
302132176,9.1124559,39.2332884
302132178,9.1138361,39.2324834
302132184,9.1143695,39.23206
302132234,9.1175257,39.2292882
302132236,9.1175852,39.2291335
302132288,9.1189444,39.2283383
302132296,9.1194637,39.2285978
302132298,9.1199547,39.2286836
302132358,9.1213274,39.2317197
302132369,9.1237424,39.2303252
302132399,9.1250813,39.2297265
302742075,9.118354,39.2180559
302742076,9.1185188,39.2188038
302742078,9.1188178,39.2200787
302742079,9.1188457,39.2201757
302742080,9.1189974,39.2204701
302742081,9.1190746,39.2206294
302742083,9.1196063,39.2216228
302742084,9.1198262,39.2222477
302742086,9.1199336,39.2248733
302742088,9.1199316,39.226978
302742089,9.1198659,39.2274875
302742090,9.1201093,39.2266448
302742091,9.1205075,39.2259115
302742094,9.1180052,39.2269655
302742096,9.1172342,39.2266607
302742099,9.1170761,39.2261211
302742101,9.1137874,39.2309814
302742102,9.1140888,39.2307849
302742103,9.1150081,39.2301825
302742104,9.1159562,39.2295414
302742105,9.1169827,39.2288627
302742106,9.1173072,39.228636
302742110,9.1132097,39.2300242
302742112,9.1136304,39.2303917
302742113,9.1144214,39.2311024
302742115,9.1148922,39.2315581
302742118,9.114037,39.2292998
302742119,9.1150124,39.2286757
302742120,9.1160028,39.2280031
302742127,9.1181436,39.2233728
302742136,9.1164282,39.2277006
302742137,9.1169271,39.2274518
302742138,9.1145608,39.2297808
302742139,9.1155184,39.2291392
302742140,9.1165227,39.2284677
302742141,9.1157522,39.230849
302742142,9.1167008,39.2302056
302742145,9.111633,39.2280772
302742151,9.1194701,39.2247381
302742153,9.1196404,39.2231951
302742154,9.1195222,39.2225209
302742156,9.1191866,39.2217271
302742158,9.1187867,39.2217572
302742163,9.1189053,39.2245845
302742164,9.1193243,39.2240826
302742166,9.1196768,39.2218681
302742169,9.1203462,39.2237986
302742171,9.1202339,39.221339
302742177,9.1213136,39.2196824
302742179,9.1200121,39.2200015
302742180,9.1209159,39.2197577
302742185,9.1194654,39.2180256
302742192,9.1188123,39.218376
302742193,9.1187274,39.2180074
302742195,9.118216,39.2170277
302742201,9.1190956,39.2179597
302742208,9.1226711,39.2273308
302742211,9.1210109,39.2269359
302742217,9.1214638,39.2281908
302742221,9.1208736,39.2298095
302742222,9.1217571,39.2297778
302742223,9.1228788,39.2297589
302742224,9.1242367,39.2297296
302742225,9.1242165,39.2295547
302742226,9.1217106,39.2286341
302742228,9.1263456,39.2285154
302742229,9.127821,39.228512
302742230,9.1217807,39.2304003
302742231,9.122263,39.2310446
302742232,9.1227967,39.2316842
302742233,9.1231731,39.2320988
302742234,9.123766,39.2327514
302742235,9.124206,39.2332124
302742236,9.1247681,39.2339021
302742237,9.1282217,39.2317608
302742239,9.1261387,39.2331489
302742240,9.1241033,39.2342303
302742241,9.1267055,39.2341882
302742244,9.1280073,39.2340599
302742246,9.1276701,39.2333717
302742247,9.1272846,39.2326744
302742248,9.1289072,39.232926
302742249,9.1248767,39.2350055
302742250,9.125728,39.2346306
302742251,9.1251381,39.2337047
302742252,9.1261969,39.2354474
302742255,9.1271954,39.235076
302742256,9.1227936,39.2334222
302742257,9.1248761,39.2320073
302742258,9.1251073,39.2316428
302742260,9.1233044,39.2312236
302742261,9.1247358,39.2328841
302742262,9.1255601,39.231649
302742264,9.1260665,39.2312712
302742265,9.1267055,39.2301232
302742266,9.1265189,39.2299017
302742270,9.1266304,39.2297192
302742274,9.1267109,39.2297562
302742278,9.1266729,39.2299129
302742280,9.130968,39.2380725
302742283,9.1308314,39.2378351
302742294,9.1284553,39.2320984
302742299,9.128541,39.2320683
302742308,9.1304118,39.2369302
302742309,9.1309109,39.2378068
302742310,9.131027,39.2380291
302742311,9.1263537,39.2296979
302742312,9.1227978,39.2288864
302742313,9.1231039,39.2306375
302742314,9.1228978,39.2301959
302742315,9.1228544,39.2289842
302742316,9.1227871,39.2286282
302742321,9.1189266,39.2272961
302742322,9.1191377,39.2267545
302742339,9.1259347,39.2268243
302742341,9.1266628,39.2267483
302742343,9.1278563,39.2266785
302742346,9.1281603,39.2266685
302742348,9.128921,39.2263786
302742349,9.129914,39.2259076
302742350,9.127589,39.2241451
302742351,9.1283599,39.2254356
302742352,9.1297987,39.2274377
302742353,9.1311235,39.2290392
302742354,9.1328221,39.2310992
302742355,9.1331813,39.2316316
302742358,9.1296192,39.2298071
302742360,9.1291732,39.231797
302742361,9.1308312,39.2309391
302742364,9.1311485,39.2327843
302742365,9.1317318,39.2325793
302742367,9.1311253,39.2314334
302742368,9.1331482,39.2356563
302742369,9.1329307,39.2348862
302742372,9.1267263,39.2277217
302742373,9.1266835,39.2275819
302742374,9.1266814,39.2274579
302742375,9.126646,39.2255851
302742376,9.126595,39.224488
302742377,9.1270977,39.2255672
302742379,9.129331,39.2230942
302742380,9.1298275,39.2227993
302742381,9.1303537,39.222511
302742382,9.1304808,39.2246469
302742384,9.1287034,39.2225059
302742385,9.1277682,39.2231848
302742387,9.1293442,39.2213023
302742388,9.1297442,39.2209966
302742389,9.1302655,39.2208998
302742390,9.1291043,39.2204475
302742391,9.1295154,39.220082
302742395,9.1283861,39.2281928
302742396,9.1290908,39.2278008
302742398,9.1278601,39.2255488
302742400,9.1244491,39.2256276
302742402,9.1244122,39.2245254
302742405,9.1236803,39.2245414
302742406,9.1237005,39.2250657
302742407,9.1304035,39.2233977
302742408,9.1303034,39.2215214
302742410,9.1303645,39.2197685
302742411,9.1303466,39.2172953
302742412,9.1303435,39.2171698
302742413,9.1301139,39.2196377
302742414,9.1313015,39.2200998
302742416,9.1330835,39.2204799
302742417,9.1334311,39.2206426
302742418,9.1339095,39.2211204
302742419,9.1346085,39.2220629
302742420,9.1350386,39.2226227
302742424,9.1295291,39.2186257
302742425,9.1304009,39.2185833
302742426,9.1294037,39.2157507
302742427,9.1293976,39.2156109
302742428,9.1293443,39.2143879
302742429,9.1302724,39.21572
302742430,9.1302666,39.2155907
302742432,9.1301723,39.2137483
302742434,9.1297687,39.2128853
302742435,9.1300803,39.2125947
302742437,9.1316037,39.2107464
302742438,9.1317996,39.210481
302742443,9.1329013,39.2086117
302742444,9.1334922,39.2081475
302742445,9.1341477,39.2075549
302742446,9.1284708,39.2138348
302742447,9.1288258,39.2137882
302742450,9.13079,39.2208873
302742451,9.1313399,39.2208718
302742454,9.1324135,39.221479
302742457,9.1328433,39.2217878
302742459,9.1332584,39.2221014
302742461,9.1313693,39.2214738
302742464,9.1303404,39.2221726
302742466,9.1313826,39.2221536
302742468,9.1314956,39.2222593
302742470,9.1319281,39.2225564
302742471,9.1322696,39.2228059
302742475,9.1328133,39.2211413
302742477,9.1321416,39.2204593
302742479,9.133218,39.2208298
302742889,9.1281904,39.2127471
302742905,9.1280154,39.208964
302742910,9.1296959,39.2119508
302742911,9.1304347,39.2193372
302742917,9.1303103,39.2136796
302742918,9.1304148,39.2155096
302742919,9.1304148,39.2157149
302742923,9.1304757,39.217413
302742925,9.1305196,39.2185789
302742927,9.1305026,39.2198142
302742928,9.130415,39.2155872
302742931,9.1311541,39.2153222
302742932,9.1319193,39.2147308
302742935,9.1326977,39.2120042
302742938,9.1324703,39.2111242
302742940,9.1305246,39.2121259
302742941,9.1312968,39.2125103
302742942,9.131937,39.2128518
302742944,9.1318226,39.2136525
302742945,9.1310876,39.2136641
302742948,9.1301697,39.2136836
302742949,9.1322462,39.2193079
302742950,9.1328084,39.2188395
302742962,9.13607,39.2177753
302742984,9.1350254,39.2091453
302742985,9.1309253,39.2174159
302742987,9.1318396,39.2181128
302742988,9.1338086,39.2194146
302742989,9.1308367,39.2155033
302742990,9.1333498,39.2201012
302742991,9.1312588,39.2185797
302743001,9.136084,39.2228403
302743002,9.136495,39.2233293
302743003,9.1355787,39.2213962
302743004,9.1343805,39.22176
302743005,9.1353377,39.2210996
302743006,9.1356727,39.2215011
302743008,9.1376843,39.221286
302743009,9.1376037,39.2207533
302743010,9.1361893,39.2219521
302743012,9.1368538,39.2224397
302743015,9.1353165,39.2210276
302743020,9.1380942,39.2231529
302743027,9.1350176,39.224279
302743029,9.1338855,39.2259189
302743031,9.1356802,39.2254488
302743032,9.1365446,39.225546
302743034,9.1372283,39.2256373
302743037,9.1354465,39.2262208
302743045,9.1363937,39.2261141
302743046,9.1366204,39.224945
302743050,9.1348489,39.2232639
302743052,9.1350764,39.2226705
302743068,9.135306,39.2266205
302743069,9.1350657,39.2274395
302743070,9.1346482,39.2278407
302743071,9.1342705,39.2282322
302743072,9.1338352,39.2286317
302743073,9.1347845,39.2293294
302743074,9.1352434,39.2289742
302743075,9.1361339,39.2282425
302743076,9.13688,39.2268966
302743079,9.1359043,39.2284342
302743080,9.135695,39.2285984
302743084,9.1356929,39.2293533
302743085,9.1354629,39.2303083
302743087,9.1353125,39.2292975
302743396,9.1369807,39.2240482
302743404,9.1380667,39.2254954
302743416,9.1390955,39.2238581
302743431,9.1378762,39.2241825
302743433,9.1389568,39.2227255
302743440,9.1375333,39.2241534
302743441,9.1387279,39.2237255
302743447,9.1377246,39.2269813
302743452,9.138884,39.224931
302743457,9.1388712,39.2254838
302743545,9.1481143,39.2396151
302743548,9.149275,39.2409626
302964121,9.1433361,39.2144222
302964126,9.1425709,39.2117971
302964128,9.1365699,39.2209362
302964135,9.1399602,39.2190785
302964139,9.1406757,39.2177994
302964144,9.1425403,39.2146281
302964145,9.1425559,39.2143985
302964146,9.1425931,39.2140675
302964147,9.1426114,39.2138337
302964149,9.1421846,39.211988
302964151,9.141839,39.2117167
302964152,9.14104,39.2112952
302964154,9.1379619,39.2099944
302964155,9.1358203,39.2092969
302964157,9.1343607,39.2091327
302964160,9.1322999,39.2097111
302964172,9.1433513,39.214127
302964180,9.1419236,39.2114058
302964184,9.1421638,39.2117121
302964191,9.1383699,39.2096126
302964192,9.1389492,39.2090575
302964193,9.1394294,39.2086326
302964195,9.1366241,39.2085107
302964205,9.1383874,39.2067528
302964206,9.1386446,39.2065855
302964208,9.1410952,39.2065509
302964209,9.1416144,39.2065543
302964210,9.1380652,39.2071393
302964214,9.1411789,39.2108723
302964218,9.1389245,39.2073828
302964220,9.1402069,39.2073854
302964221,9.1410229,39.2077182
302964222,9.1420342,39.208233
302964223,9.1415484,39.2098288
302964227,9.1410686,39.2069234
302964228,9.1416148,39.2069264
302964229,9.1431801,39.2069453
302964236,9.1420873,39.2049955
302964237,9.1416268,39.2049977
302964244,9.1345305,39.2071882
302964245,9.1353206,39.2064479
302964248,9.1371616,39.2053071
302964249,9.1361447,39.2069611
302964250,9.137399,39.2077783
302964251,9.1353693,39.2076984
302964252,9.1365934,39.2058817
302964253,9.1355079,39.2091983
302964254,9.1298254,39.2055705
302964255,9.130351,39.2055167
302964256,9.1306378,39.2056938
302964257,9.1314676,39.2060548
302964259,9.1316739,39.2066736
302964260,9.1317917,39.2073728
302964261,9.1317664,39.2084479
302964262,9.1317089,39.2103216
302964263,9.1308421,39.2103272
302964265,9.1321703,39.2084602
302964267,9.1308757,39.2096591
302964268,9.1325858,39.2073051
302964269,9.1330498,39.2065678
302964270,9.1346318,39.2063927
302964272,9.1337671,39.2071955
302964273,9.1329599,39.2059081
302964274,9.1345442,39.2057569
302964275,9.13444,39.2050894
302964276,9.1299306,39.2062656
302964278,9.1295646,39.2068216
302964279,9.1300236,39.2067672
302964284,9.1270255,39.2080708
302964287,9.1269889,39.2069281
302964289,9.1261917,39.2069294
302964290,9.1265384,39.2069277
302964294,9.1279755,39.2080523
302964295,9.1289179,39.2089244
302964296,9.1288893,39.208032
302964301,9.1246705,39.2082534
302964305,9.1257385,39.2081015
302964309,9.1270412,39.2088705
302964310,9.1277546,39.2089605
302964314,9.1301133,39.2079934
302964315,9.127434,39.2095274
302964321,9.1298763,39.2030518
302964322,9.1248753,39.2061491
302964332,9.1295159,39.2029455
302964333,9.1292704,39.2030852
302964335,9.1282317,39.2041999
302964347,9.1233708,39.2132484
302964348,9.1233558,39.2125802
302964678,9.1190988,39.2391372
302964685,9.112134,39.2350373
302964719,9.1106834,39.2405038
302964720,9.1121394,39.2388141
302964721,9.1127913,39.2387638
302964730,9.1126037,39.2399721
302964732,9.111566,39.2408005
302964739,9.1094254,39.2386546
302964740,9.1086983,39.239478
302964746,9.1068949,39.2378116
302964748,9.1073861,39.2375424
302964753,9.1082615,39.2372664
302964757,9.1088422,39.2370857
302964759,9.1096744,39.2366205
302964761,9.105985,39.2376466
302964764,9.1070856,39.2371162
302964766,9.1083672,39.2366653
302964768,9.109399,39.2362219
302964773,9.1085883,39.2375804
302964776,9.1077494,39.2378266
302964778,9.1090827,39.2373865
302964784,9.1105098,39.2392053
302964786,9.1113939,39.2396346
302964794,9.1055165,39.2385435
302964798,9.1075323,39.2390597
302964799,9.1043244,39.2391883
302964800,9.1055716,39.2371145
302964805,9.1045352,39.2352416
302964806,9.1040102,39.2349364
302964807,9.1033713,39.234612
302964808,9.1040205,39.237161
302964810,9.1059407,39.2364286
302964811,9.1064519,39.2362118
302964812,9.1072561,39.2358707
302964813,9.1057046,39.2360947
302964814,9.1062147,39.2358783
302964815,9.10702,39.2355367
302964819,9.1033721,39.237084
302964820,9.1036847,39.236881
302964821,9.1044441,39.2363627
302964823,9.1025611,39.2369197
302964824,9.1031012,39.2364817
302964825,9.1038766,39.235864
302964826,9.1050852,39.2347226
302964830,9.1062599,39.2341335
302965974,9.1026902,39.2361959
302965975,9.1033893,39.2355454
302965976,9.1045835,39.2344184
302965979,9.101746,39.2363532
302965980,9.1022116,39.2358604
302965981,9.1025235,39.2355054
302965982,9.102839,39.2351893
302965983,9.1039292,39.2340548
302965985,9.1045523,39.2329173
302965986,9.102969,39.232699
302965989,9.1033068,39.2328901
302965999,9.1090184,39.2279313
302966001,9.1077207,39.2296891
302966005,9.1028591,39.2328091
302966006,9.1002842,39.2354447
302966007,9.0998539,39.2359532
302966008,9.0992496,39.2367092
302966009,9.0987597,39.2344771
302966010,9.0995799,39.2350079
302966011,9.100939,39.2357605
302966013,9.1013773,39.235275
302966014,9.1015508,39.2350899
302966015,9.10193,39.2346646
302966016,9.1006856,39.2339483
302966017,9.1014664,39.2343931
302966018,9.1042568,39.2375336
302966019,9.1008919,39.2349419
302966021,9.1009927,39.2336402
302966022,9.1000662,39.2345269
302966023,9.0990156,39.2355244
302966025,9.0995264,39.2357639
302966026,9.0979759,39.2349974
302966027,9.0990826,39.2341618
302966029,9.100324,39.2265155
302966030,9.1037242,39.2239723
302966031,9.1048597,39.2231178
302966033,9.1036232,39.2250448
302966034,9.1035032,39.2256921
302966035,9.1032888,39.2260722
302966037,9.1018013,39.227634
302966038,9.1037193,39.2257816
302966039,9.1042716,39.2254043
302966040,9.1051704,39.2248091
302966045,9.1055797,39.2250547
302966059,9.1078834,39.2247165
302966061,9.1084025,39.2244028
302966064,9.1092607,39.2247274
302966065,9.1099633,39.2252122
302966066,9.1103607,39.2254414
302966067,9.1082652,39.2263853
302966070,9.103846,39.2240514
302966071,9.1096082,39.2220729
302966074,9.1088611,39.223389
302966076,9.1079944,39.2244101
302966091,9.1098774,39.2302609
302966092,9.1109928,39.2291577
302966093,9.1105557,39.2295762
302966094,9.1094244,39.2307353
302966095,9.1090946,39.2311169
302966096,9.10863,39.2302993
302966097,9.1089634,39.2304615
302966098,9.108981,39.2292307
302966109,9.1135887,39.2219151
303202277,9.0875291,39.2413271
303202283,9.0899771,39.2433902
304576392,9.1129263,39.2425528
304576393,9.1128615,39.2425436
304576399,9.1125245,39.2425185
304576401,9.1131226,39.2428209
304576403,9.1097068,39.241911
304576404,9.1097557,39.2420471
304576406,9.1107294,39.2422217
304576459,9.1103237,39.2432414
304576473,9.1111997,39.2407696
304576490,9.1115662,39.2420214
304576503,9.1044916,39.2455831
304576506,9.104609,39.2451088
304576509,9.1048668,39.244132
304576513,9.1063632,39.2413479
304576514,9.1033262,39.2377727
304576535,9.103108,39.2410322
304576537,9.1027737,39.240625
304576538,9.1023574,39.2401178
304576540,9.1018974,39.2395574
304576541,9.1010904,39.2386649
304576545,9.1037227,39.2406981
304576546,9.1018241,39.2414788
304576549,9.1001781,39.2392669
304576551,9.1004839,39.2390125
304576553,9.1018908,39.2382163
304576554,9.1031722,39.2378105
304576555,9.1022212,39.2380795
304576556,9.1029926,39.2389889
304576557,9.1015067,39.2384271
304576558,9.1022781,39.2393512
304576563,9.1000226,39.2387691
304576564,9.1007995,39.2410821
304576571,9.0994253,39.2406022
304576577,9.0996313,39.2406549
304576578,9.0982325,39.2397752
304576579,9.0985816,39.2400217
304576580,9.0994198,39.2390129
304576582,9.0979724,39.2383728
304576583,9.0986236,39.2386625
304576584,9.0989664,39.2388137
304576587,9.0982624,39.2369301
304576588,9.0988081,39.2372758
304578760,9.1016325,39.2430552
304578764,9.1042512,39.2458534
304578772,9.104083,39.2459608
304578781,9.1022075,39.2435212
304578788,9.1039105,39.2456791
304578792,9.1043367,39.246078
304578796,9.1032116,39.2491898
304578798,9.1029801,39.2494125
304578799,9.1029238,39.249439
304578800,9.1026073,39.2495194
304578805,9.1033157,39.2492231
304578807,9.1032667,39.2494541
304578809,9.1028466,39.2496699
304578813,9.1033315,39.2495395
304578814,9.1034933,39.249634
304578816,9.1031782,39.2497798
304578819,9.096613,39.2498145
304578823,9.1011037,39.2495627
304578827,9.1001299,39.2510855
304578830,9.1000469,39.2521792
304578832,9.1022235,39.2505352
304578833,9.1005172,39.250485
304578840,9.1030456,39.249966
304579940,9.0992659,39.2523462
304579967,9.1145416,39.2497042
304579989,9.1001704,39.2522695
304579993,9.0992705,39.2524606
304579996,9.0967681,39.2532255
304580002,9.0961291,39.253335
304580003,9.0963322,39.2533252
304580011,9.0947514,39.2532197
304580019,9.0932624,39.2533679
304580021,9.092115,39.2536014
304580027,9.0994972,39.2538349
304580034,9.0983344,39.255311
304580036,9.097829,39.2551812
304580037,9.0971796,39.2540431
304580041,9.1005222,39.2538328
304580043,9.1012676,39.253839
304580055,9.1004998,39.25301
304580059,9.0947472,39.2538211
304580062,9.0955525,39.2541276
304580064,9.0933223,39.2538542
304580068,9.0955666,39.2547865
304580074,9.09757,39.2551247
304580076,9.0985993,39.2553743
304580086,9.1002993,39.2574455
304580092,9.0956035,39.2560839
304580240,9.0942729,39.2415432
304580241,9.0945052,39.2409328
304580242,9.0950352,39.2394856
304580244,9.0967661,39.2409527
304587520,9.1207364,39.2418418
304587524,9.1192347,39.2430553
304587527,9.1210715,39.2433129
304587529,9.1215205,39.2430111
304587531,9.1219344,39.2427323
304587532,9.1223965,39.2439026
304587534,9.1220687,39.2435114
304587535,9.122499,39.2432464
304587536,9.1214929,39.2424046
304587538,9.1205498,39.2425191
304587540,9.1209819,39.242831
304587544,9.1225731,39.2398792
304587547,9.1229802,39.2402647
304587548,9.1235522,39.2408219
304587550,9.1241177,39.2413368
304587552,9.1246609,39.241859
304587554,9.1252021,39.2423932
304587555,9.125643,39.2428497
304587558,9.1260241,39.2432604
304587561,9.1260712,39.2426037
304587568,9.1258189,39.2420388
304587571,9.1256875,39.2440122
304587597,9.1272942,39.2436686
304587598,9.1276726,39.2434766
304587613,9.1168242,39.2425218
304587617,9.1167129,39.2422942
304587624,9.117158,39.2423332
304587634,9.1165252,39.2426174
304587639,9.1171358,39.2418123
304587648,9.1178124,39.2422441
304587650,9.1175857,39.2413394
304587653,9.1179828,39.2407711
304587676,9.1156457,39.2425161
304587680,9.1154371,39.242498
304587682,9.1146319,39.2473816
304587684,9.1094378,39.2418604
304587744,9.111727,39.2446496
304587748,9.1140835,39.2447726
304588010,9.1120899,39.2517908
304590273,9.0908863,39.2581311
304590285,9.088527,39.2581196
304591533,9.0901696,39.2611799
304591541,9.0886855,39.2613756
304591546,9.0874431,39.2624751
304591579,9.0840131,39.2609682
304591582,9.0872337,39.2598202
304591593,9.0859255,39.2604466
304591608,9.0852576,39.2621929
304591626,9.0832222,39.2582228
304594768,9.1154295,39.2612358
304594769,9.1166608,39.2636588
304594774,9.118529,39.2633382
304594776,9.1197614,39.2629429
304594777,9.1205922,39.262713
304594781,9.1183197,39.2603033
304594783,9.1178155,39.2594157
304594785,9.1193972,39.2597144
304594786,9.1186503,39.2587893
304594787,9.1195271,39.2599373
304594793,9.1204095,39.2618742
304594795,9.1201646,39.2622285
304594796,9.1197211,39.2628512
304594797,9.1207458,39.2613588
304594799,9.1214567,39.2608164
304594800,9.1222216,39.2605373
304594801,9.1229459,39.2602644
304594804,9.1239282,39.2590996
304594805,9.1250379,39.2575667
304594806,9.1252267,39.2573384
304594807,9.1255248,39.2569809
304594808,9.1258741,39.2565751
304594810,9.1212554,39.2604558
304594811,9.1210657,39.260057
304594813,9.1205977,39.2594085
304594814,9.1204394,39.2591996
304594815,9.1201485,39.2588706
304594818,9.1195512,39.258359
304594819,9.1201993,39.2577637
304594820,9.1211633,39.2584654
304594822,9.1221593,39.2593496
304594823,9.1217431,39.2597385
304594826,9.1158179,39.2607942
304594829,9.1172795,39.2596923
304594830,9.118002,39.2592871
304594832,9.1193997,39.2584096
304594833,9.1199726,39.2579875
304594834,9.120339,39.2576298
304594835,9.1206883,39.2573401
304594836,9.1210327,39.2570367
304594838,9.1215686,39.2562579
304594839,9.1221557,39.2552675
304594840,9.1227864,39.2545149
304594841,9.121921,39.25643
304594842,9.1221658,39.2565321
304594848,9.1218241,39.2577428
304594851,9.121471,39.258207
304594852,9.1225277,39.2589992
304594853,9.1214406,39.257831
304594854,9.1219225,39.2569212
304594858,9.1226333,39.2569402
304594870,9.1241317,39.2577241
304594879,9.1236125,39.2560258
304594880,9.123766,39.2562971
304594889,9.1225058,39.2557914
304594890,9.1228878,39.2554297
304594901,9.1224827,39.2541675
304594911,9.1281204,39.256311
304594912,9.1281872,39.254536
304594913,9.1262539,39.2561942
304594914,9.1265655,39.2558659
304594915,9.126934,39.2555351
304594917,9.1283032,39.2531595
304594918,9.128359,39.2525386
304594919,9.1213792,39.2519816
304594924,9.124047,39.2533412
304594925,9.1242386,39.2534855
304594926,9.1244828,39.2536081
304594927,9.124925,39.2538492
304594929,9.1253697,39.2541351
304594930,9.1256504,39.2544339
304594931,9.1260323,39.2548122
304594937,9.1276409,39.2568684
304594940,9.1261071,39.2578354
304594941,9.1272682,39.2581543
304594943,9.1275413,39.2577134
304594944,9.1251481,39.2592004
304594945,9.1254112,39.2588548
304594946,9.1256094,39.2585928
304594947,9.1256557,39.2585173
304594949,9.124745,39.2579598
304594950,9.1262946,39.2596914
304596642,9.1234299,39.2619977
304596655,9.1203006,39.2607651
304596661,9.116419,39.2602611
304596662,9.1148053,39.2574168
304596663,9.1156572,39.2581107
304596664,9.1159849,39.2578635
304596678,9.1151336,39.2571709
304596681,9.1162873,39.2563838
304596685,9.1166345,39.2561989
304596686,9.1171114,39.255933
304596688,9.1176751,39.2553329
304596689,9.1178229,39.2550555
304596690,9.1187552,39.2541521
304596691,9.119286,39.2536333
304596693,9.1184294,39.2576649
304596709,9.1180652,39.2557754
304596714,9.1186035,39.2567701
304596718,9.1186067,39.2552632
304596723,9.1230957,39.2543046
304596725,9.1243072,39.2552112
304596726,9.1248383,39.2548945
304596727,9.124248,39.2544466
304596729,9.1253017,39.2546316
304596730,9.1246197,39.2541293
304596731,9.1260565,39.2535619
304596732,9.1270853,39.2526718
304596733,9.1270901,39.2525697
304596734,9.1266929,39.2539956
304596735,9.1275005,39.2530436
304596736,9.1256261,39.2532196
304596737,9.1264537,39.2525232
304596739,9.1262955,39.2537337
304596740,9.1256059,39.2519834
304617226,9.1537951,39.2442652
304617227,9.1534414,39.2441138
304617229,9.1531295,39.2438794
304617231,9.1529996,39.2435331
304617236,9.1540766,39.2433715
304618135,9.1500531,39.2413685
304618139,9.1509856,39.2419398
304618717,9.1547393,39.243543
304618740,9.1529443,39.2441604
304620860,9.1376795,39.2515672
304620862,9.1363322,39.2501101
304620873,9.1357697,39.2497677
304620884,9.1361798,39.2496227
304620897,9.1354872,39.2500869
304620899,9.1343778,39.2514406
304620900,9.1352379,39.2503937
304621467,9.1346042,39.2517034
304695931,9.1352373,39.2524353
304695992,9.132914,39.2537792
304695998,9.1340102,39.252719
304696617,9.1338673,39.2499863
304696618,9.1343362,39.24965
304696619,9.1344147,39.2495939
304696620,9.1346236,39.2494529
304696621,9.1325729,39.2499727
304696622,9.1332494,39.2494668
304696623,9.1337069,39.2491204
304696624,9.1341013,39.2487976
304696625,9.1329034,39.2491834
304696629,9.1383699,39.2433872
304696631,9.1382071,39.2433681
304696632,9.1381896,39.2433167
304696635,9.1383438,39.2432435
304696639,9.1382681,39.2438188
304696641,9.1379784,39.2462787
304696656,9.1376558,39.2428394
304696662,9.1379401,39.2429135
304696667,9.1385348,39.2432686
304696681,9.1347248,39.2406148
304696682,9.1343427,39.240381
304696684,9.133718,39.2401698
304696686,9.1327915,39.239743
304696692,9.1316584,39.2390342
304697326,9.1315021,39.2499656
304697327,9.1308779,39.2503095
304697328,9.1283474,39.2510546
304697329,9.1291971,39.2506182
304697330,9.1299205,39.2502399
304697331,9.1305581,39.2499158
304697332,9.1311953,39.2495856
304697333,9.1318434,39.2492502
304697334,9.1296325,39.2511238
304697335,9.1310429,39.25051
304697336,9.1299055,39.251459
304697337,9.1313274,39.2508407
304697339,9.1291017,39.2522109
304697340,9.1301542,39.2517596
304697341,9.1315249,39.2511789
304697342,9.1290056,39.2483315
304697343,9.1293013,39.2486184
304697344,9.1297273,39.2490549
304697345,9.1301573,39.2494809
304697346,9.1317855,39.2516933
304697348,9.1320715,39.2523643
304697349,9.1322024,39.2527737
304697350,9.1323494,39.2532807
304697351,9.132366,39.2533324
304697352,9.1324694,39.253674
304697361,9.1297366,39.252824
304697362,9.1301866,39.253242
304697363,9.1306112,39.2536709
304697365,9.1310356,39.2540875
304697367,9.1314524,39.254485
304697368,9.1315881,39.2542895
304697369,9.1303539,39.2544752
304697370,9.1298787,39.2540925
304697371,9.1311805,39.2533604
304697373,9.1332772,39.2521756
304697383,9.1329618,39.2529538
304697385,9.130182,39.2525313
304697386,9.1306867,39.2528919
304697387,9.1300251,39.2525948
304697392,9.1287583,39.2534413
304697393,9.1285007,39.2545941
304697394,9.1293056,39.2537755
304697395,9.1293358,39.2549423
304697396,9.1300818,39.2542757
304697398,9.1297177,39.2540125
304697399,9.1308367,39.2548466
304697400,9.1289416,39.2547829
304698874,9.1214938,39.2518797
304698876,9.1233758,39.2502833
304698877,9.1235881,39.2501617
304698878,9.1241586,39.2498512
304698879,9.1243171,39.2497716
304698880,9.1246693,39.2495878
304698881,9.1251524,39.24933
304698882,9.1255501,39.2491245
304698883,9.1261238,39.2487359
304698884,9.1265935,39.2482632
304698886,9.1269569,39.2478691
304698887,9.1272182,39.2475762
304698888,9.1277653,39.246923
304698890,9.1281734,39.2465109
304698893,9.1283725,39.2514113
304698894,9.1283582,39.2512264
304698895,9.1283367,39.2505757
304698897,9.1284423,39.2501437
304698898,9.1285374,39.2498786
304698899,9.1286121,39.2496391
304698900,9.1288355,39.2488725
304698901,9.1289356,39.2485148
304698903,9.1292108,39.2473715
304698908,9.1300578,39.2482295
304698909,9.1304314,39.2486734
304698910,9.1308221,39.249143
304698911,9.1288069,39.2501693
304698912,9.1295829,39.2497781
304698913,9.1315055,39.2487873
304698915,9.1311234,39.2483252
304698916,9.1307172,39.2478797
304698917,9.1290293,39.250416
304698918,9.1294737,39.2509435
304698919,9.1293412,39.2507772
304698920,9.1307503,39.250157
304698922,9.1248855,39.2512578
304698923,9.1258516,39.2522349
304698925,9.1264993,39.2516676
304698926,9.1268476,39.2513664
304698927,9.1273557,39.2509213
304698928,9.1275643,39.2507388
304698932,9.1263966,39.2502593
304698933,9.1268007,39.2505405
304698934,9.1254204,39.2509413
304698935,9.1262874,39.2509787
304698936,9.1266352,39.2500602
304698937,9.1262473,39.2492777
304698938,9.1269837,39.2497376
304698941,9.127343,39.2494182
304698945,9.1285849,39.2483608
304698946,9.1280298,39.2477297
304698947,9.1286663,39.2480941
304698948,9.1281606,39.2474759
304698950,9.1258494,39.2506689
304698951,9.127518,39.2492506
304698952,9.1260016,39.2495136
304698953,9.1300377,39.2470414
304698954,9.1309501,39.2465807
304698955,9.1314488,39.247122
304698957,9.1323679,39.2467322
304698958,9.1326014,39.2465709
304698961,9.1353603,39.2436156
304698965,9.130493,39.2460009
304698966,9.1317874,39.2453792
304698967,9.1326596,39.2447594
304698968,9.133601,39.2441268
304698974,9.1361047,39.2446841
304698979,9.1339007,39.2477579
304698981,9.1347235,39.2465848
304698986,9.1357391,39.2446409
304698987,9.1354989,39.2445803
304698988,9.1350085,39.2467773
304698989,9.1331514,39.243724
304698991,9.1338223,39.2457314
304698998,9.1319656,39.244526
304698999,9.1325189,39.2441934
304699002,9.1348585,39.2431315
304699003,9.1355261,39.2430348
304699005,9.1361667,39.2427918
304699007,9.1212103,39.2483034
304699008,9.1216444,39.248683
304699009,9.1218975,39.2489244
304699010,9.123058,39.2499623
304699012,9.1238135,39.2493719
304699013,9.1241651,39.2490874
304699014,9.1248406,39.2485794
304699015,9.1253661,39.2481587
304699016,9.1237191,39.2469099
304699017,9.1240935,39.2471845
304699018,9.124299,39.2473402
304699019,9.1244973,39.2474946
304699020,9.124769,39.2477064
304699021,9.1231265,39.2472391
304699022,9.1237288,39.2477117
304699023,9.1242171,39.2480811
304699024,9.1224956,39.247597
304699025,9.1228026,39.2478719
304699026,9.1231051,39.2481274
304699027,9.1235551,39.2485175
304699028,9.1230768,39.2488451
304699029,9.1233646,39.2490655
304699030,9.1218733,39.2502887
304699031,9.1226823,39.2496301
304699033,9.1202124,39.2509979
304699034,9.1211079,39.2501975
304699036,9.1223521,39.2493292
304699038,9.1259984,39.246829
304699039,9.1260706,39.2467681
304699040,9.1265134,39.2463479
304699041,9.1270063,39.2459015
304699042,9.119123,39.2502322
304699043,9.1196377,39.2505992
304699044,9.1207042,39.2513539
304699046,9.1192777,39.2509392
304699047,9.1205639,39.2498214
304699048,9.1224377,39.2485696
304699049,9.1202913,39.2496329
304699050,9.1200483,39.249465
304699051,9.1186399,39.25051
304699052,9.1195227,39.2511109
304699053,9.1255977,39.2465577
304699054,9.1252832,39.2463556
304699055,9.1249667,39.2461491
304699056,9.1265716,39.2471637
304699057,9.1264187,39.2473258
304699058,9.1269823,39.246704
304699059,9.1274852,39.2461569
304699060,9.126549,39.2457157
304699061,9.1259046,39.245911
304699063,9.1244992,39.2462689
304699064,9.1233829,39.2464031
304699066,9.1220668,39.2463498
304699067,9.1206526,39.2465378
304699068,9.1226933,39.2474821
304699069,9.1222144,39.2477503
304699070,9.1217443,39.2480163
304699071,9.1208994,39.2483956
304699072,9.1204538,39.2485529
304699073,9.1190444,39.249073
304699076,9.117914,39.2508685
304699078,9.1197131,39.2498122
304699079,9.1218718,39.2473733
304699080,9.1221776,39.2470346
304699081,9.1225362,39.2466639
304699083,9.1215213,39.2477284
304699084,9.1221579,39.2460044
304699085,9.1222774,39.2455354
304699086,9.1224361,39.2449121
304699087,9.1235477,39.2457331
304699088,9.1237258,39.2451185
304699089,9.1230864,39.2450163
304699090,9.1220985,39.2448631
304699092,9.124787,39.245923
304699094,9.1209551,39.2453334
304699095,9.1208356,39.2458025
304699096,9.1210394,39.2450024
304734556,9.1289432,39.2449819
304734557,9.1292815,39.2444321
304734560,9.1301838,39.2439561
304734561,9.1307368,39.2437244
304734563,9.1310736,39.2435911
304734564,9.1313566,39.2434689
304734566,9.1318931,39.2432523
304734567,9.130094,39.2438074
304734568,9.1304738,39.2433225
304734570,9.130908,39.2427887
304734571,9.1313201,39.2423001
304734572,9.1318058,39.2416941
304734577,9.1321728,39.2412324
304734581,9.1325569,39.2407612
304734585,9.1328783,39.2403313
304734586,9.1315407,39.240715
304734589,9.1326173,39.242096
304734591,9.13197,39.2403289
304734592,9.1332258,39.2418515
304734593,9.1310962,39.2411148
304734595,9.1321246,39.242303
304734596,9.1315048,39.2426151
304734597,9.1330042,39.2438381
304734600,9.1345402,39.2426612
304734601,9.1345873,39.2427307
304734603,9.1351876,39.2424852
304734604,9.1358085,39.2422307
304734608,9.133831,39.2416131
304734610,9.1345023,39.2413486
304734612,9.1350567,39.2411327
304734614,9.1299341,39.2424944
304734616,9.1303366,39.2419777
304734617,9.1296242,39.2415288
304734618,9.1293395,39.2413526
304734621,9.1284454,39.2406628
304734623,9.1281381,39.240274
304734624,9.1280548,39.2409454
304734628,9.1286753,39.2420424
304734630,9.1282726,39.2423325
304734632,9.1285127,39.2425894
304734634,9.131249,39.2397872
304734635,9.1293266,39.2399822
304734638,9.1305626,39.2396631
304734639,9.1308154,39.2394613
304734640,9.1309961,39.239989
304734642,9.1276594,39.2412325
304734643,9.1297544,39.2396516
304734644,9.1304027,39.2391511
304734646,9.1292565,39.2392863
304734647,9.1307477,39.2414282
304734648,9.1310009,39.2396007
304734650,9.1289877,39.2440031
304734652,9.1289249,39.2436463
304734655,9.129274,39.2424934
304734657,9.1271653,39.2408416
304734661,9.1280582,39.2415535
304734664,9.1270507,39.2418526
304734667,9.1307672,39.2382049
304734668,9.1312627,39.2385752
304734669,9.1262333,39.2397427
304734671,9.1266538,39.2395768
304734673,9.1288376,39.2384415
304734675,9.1298895,39.2377972
304734676,9.1274597,39.2400787
304734677,9.1290815,39.2389137
304734679,9.1269409,39.2400471
304734680,9.1282599,39.2401659
304734684,9.1276702,39.2360601
304734688,9.128632,39.2380006
304734690,9.1266658,39.2386554
304734692,9.126289,39.2374317
304734699,9.1285339,39.2365988
304734701,9.1290458,39.2364487
304734702,9.1287376,39.2370172
304734703,9.1292794,39.2368229
304734706,9.1292885,39.2381405
304734711,9.1264369,39.2358666
304734713,9.1266194,39.2363859
304734715,9.1331674,39.2334039
304734726,9.1369273,39.2360715
304734729,9.1355715,39.234448
304734730,9.1366233,39.2352548
304734732,9.1367935,39.2357008
304734734,9.1369227,39.2365609
304734740,9.1353658,39.2387045
304734743,9.1342727,39.2389566
304734744,9.1340467,39.2390816
304734748,9.1331291,39.2394552
304734752,9.1354132,39.2375423
304734767,9.1363811,39.2400596
304734775,9.1368124,39.2388481
304734776,9.1368148,39.2383661
304734779,9.1351249,39.2341257
304734780,9.1347956,39.2343745
304734788,9.1373359,39.2346459
304734790,9.1370962,39.2348508
304734792,9.1353841,39.2329665
304734794,9.1344407,39.2328814
304734795,9.1349762,39.2332911
304734796,9.135405,39.2335958
304734798,9.1346182,39.23349
304734800,9.1367242,39.233506
304734802,9.1365053,39.2336841
304734803,9.136039,39.2340663
304734806,9.1371865,39.2335602
304734809,9.1369424,39.2320351
304734813,9.1398689,39.2355155
304734814,9.1387857,39.2363897
304734819,9.1391373,39.2379933
304734821,9.1390248,39.2380771
304734823,9.1411336,39.236294
304734827,9.1392804,39.2367556
304734829,9.1430376,39.2374177
304734841,9.1401279,39.2424653
304740408,9.1329036,39.2364191
304740409,9.1324586,39.2369504
304740412,9.1331712,39.2373639
304740427,9.1309207,39.2359419
304740430,9.130759,39.2349885
304740443,9.1321551,39.2355679
304740448,9.1312723,39.2351877
304742283,9.1074543,39.2228759
304742287,9.1065034,39.2228358
304742292,9.1052871,39.2228153
304742299,9.1079562,39.2263079
304742302,9.105932,39.2262073
304742303,9.1074415,39.2269745
304742308,9.1035979,39.2224211
304742309,9.1040203,39.2220566
304742310,9.1052487,39.2210314
304742315,9.1017032,39.2234205
304742316,9.1034076,39.2242149
304742317,9.1008711,39.223182
304742319,9.1006631,39.2256573
304742320,9.0997221,39.2263677
304742334,9.0977379,39.2288281
304742336,9.0970814,39.2293978
304742339,9.0954877,39.2304795
304742340,9.0950741,39.2312705
304742341,9.0955063,39.2325942
304742342,9.0960508,39.2315755
304742343,9.0964403,39.2308168
304742344,9.0968058,39.2309312
304742345,9.0973405,39.2310967
304742346,9.0981358,39.2313396
304742347,9.0966408,39.2324772
304742348,9.096976,39.2305935
304742349,9.0975144,39.2295923
304742350,9.0958535,39.2302284
304742351,9.0982939,39.2309903
304742352,9.0969547,39.2318579
304742353,9.0989959,39.2294421
304742356,9.0986678,39.2275777
304742357,9.0997078,39.2278439
304743219,9.0985496,39.2229924
304743226,9.0991083,39.222708
304743248,9.0997049,39.2164124
304743266,9.0972716,39.2194992
304743311,9.0993534,39.215426
304743315,9.1000361,39.21549
304743319,9.0994834,39.2158001
304743335,9.0995873,39.2171249
304762046,9.109056,39.2390771
304762050,9.1110329,39.2400621
304762063,9.1059817,39.2314263
304762066,9.1061508,39.2316214
304762071,9.1067849,39.2337854
304762072,9.1061725,39.2330921
304762073,9.1012595,39.2333633
304762075,9.101703,39.2318207
304762076,9.1021428,39.2336214
304762079,9.0980827,39.2332002
304762080,9.0975658,39.2331187
304762082,9.0979305,39.231811
304763196,9.0969265,39.2364716
304763199,9.0968647,39.2382283
304763200,9.099778,39.237999
304763201,9.0947072,39.2373142
304763206,9.0968797,39.237851
304763207,9.0939002,39.23467
304763209,9.0947266,39.2351271
304763210,9.0958935,39.2357738
304763211,9.0952757,39.233104
304763213,9.0933328,39.2353156
304763215,9.0938319,39.2320297
304763220,9.0921572,39.2344172
304763228,9.0934777,39.2318653
304763230,9.0938476,39.2318711
304763463,9.1121748,39.2412779
304763464,9.1125283,39.2414566
304763465,9.1119803,39.2415248
304763467,9.1121587,39.2417909
304763470,9.1116309,39.2415349
304763471,9.1116848,39.2410447
304763473,9.1112388,39.2411739
304763476,9.1137752,39.2477803
304763477,9.1136221,39.2478353
304763486,9.1111436,39.2469492
304763503,9.1037951,39.2477926
304763504,9.1056581,39.2473016
304763673,9.1176039,39.2492537
304763683,9.1174268,39.2477916
304763685,9.1187495,39.2486444
304763689,9.1207259,39.2470647
304763690,9.1201582,39.2481358
304763692,9.1203921,39.2465859
304763704,9.1188624,39.250385
304763705,9.1172429,39.2511317
304763706,9.1169582,39.2512356
304763707,9.116324,39.2514793
304763709,9.1157259,39.2518866
304763710,9.1152714,39.2523672
304764036,9.114572,39.2529952
304764041,9.1138902,39.2523132
304764043,9.1141054,39.251856
304764048,9.1150658,39.2552274
304764051,9.1157521,39.2535479
304764054,9.1180503,39.2536856
304764080,9.1179545,39.2519684
304764087,9.1189169,39.2526834
304764098,9.1181942,39.2517972
304764101,9.118747,39.2517582
304764107,9.1193341,39.2523097
304764119,9.1176243,39.2524907
304764125,9.117208,39.2535974
304764129,9.1185731,39.2543249
304764131,9.1165389,39.2542817
306145817,9.1567609,39.1940461
306145821,9.1570317,39.19412
306145825,9.15705,39.1941621
306145832,9.1568771,39.1943352
306145848,9.1590685,39.1953032
306145852,9.1593565,39.1965784
306145861,9.1614829,39.2015765
306145863,9.1619327,39.2021809
306145867,9.1635816,39.2043776
306145869,9.1639463,39.2048871
306146619,9.1648992,39.2097361
306146624,9.1646097,39.2097137
306146634,9.1647299,39.2095259
306146647,9.1648509,39.209542
306146929,9.1651735,39.2093987
306146932,9.1668218,39.2084168
306221921,9.1790587,39.2168268
306221954,9.1798313,39.2166184
306221957,9.1799597,39.2172302
306222209,9.1575472,39.1950951
306222210,9.1576636,39.1954984
306222211,9.158037,39.1967472
306222212,9.1585954,39.1985726
306222213,9.1591876,39.2004235
306222215,9.1597745,39.2013874
306222216,9.1607969,39.2027046
306222219,9.1627456,39.2066348
306222224,9.1638799,39.2070741
306222275,9.1585586,39.1946702
306222283,9.1584536,39.19539
306222328,9.1587365,39.1966618
306222351,9.1591559,39.1985065
306222384,9.1597632,39.2001909
306222386,9.1604138,39.2011
306222423,9.1609758,39.2026214
306222424,9.1616518,39.2035108
306222425,9.1626243,39.2030987
306222441,9.1619457,39.2041259
306222463,9.1621333,39.2043434
306222464,9.162619,39.2048178
306222465,9.163162,39.2052781
306222467,9.1640746,39.2060554
306222473,9.1633441,39.2063654
306222601,9.1641821,39.2073025
306222616,9.1646109,39.2082744
306222617,9.1655646,39.2091714
306222658,9.1650004,39.2080394
306222663,9.1663473,39.2080438
306223497,9.1559526,39.1923917
306223506,9.1523,39.1923063
306223514,9.1500569,39.1899821
306223770,9.1475914,39.1845556
306223776,9.1491464,39.1877289
306223777,9.1501746,39.1897054
306223906,9.1564647,39.1835642
306223919,9.1535306,39.1863273
306223928,9.1520132,39.1867131
306223940,9.1477583,39.1942926
306223945,9.145095,39.1967579
306223952,9.1440225,39.1981687
306223989,9.14604,39.1966231
306223991,9.1482117,39.1981469
306224015,9.1399364,39.2029649
306224098,9.1398539,39.2037633
306294338,9.1436739,39.2006767
306294339,9.1436067,39.2017448
306294341,9.1434006,39.2040295
306294342,9.1432417,39.2046365
306294344,9.1431485,39.2048598
306294350,9.1446202,39.2036887
306294351,9.1451,39.2034862
306294352,9.145276,39.2037053
306294353,9.1470764,39.2028875
306294354,9.146547,39.2022118
306294355,9.1457404,39.201553
306294358,9.1464789,39.2009012
306294359,9.1472605,39.2002011
306294360,9.1478323,39.1996846
306294361,9.148672,39.199191
306294362,9.1453738,39.1997204
306294363,9.1458385,39.2002196
306294366,9.144946,39.2007027
306294369,9.1481422,39.2011332
306294370,9.1482806,39.2010425
306294371,9.1487783,39.200671
306294372,9.1491551,39.2003966
306294373,9.1499438,39.1999312
306294377,9.1530851,39.1981437
306294379,9.1524149,39.1975187
306294380,9.1493175,39.1992848
306294383,9.1485041,39.1988024
306294384,9.1482606,39.1982432
306294385,9.1503644,39.196985
306294387,9.151422,39.1973189
306294388,9.1513777,39.1964029
306294389,9.1519614,39.1970212
306294392,9.1528405,39.1964262
306294393,9.1534896,39.1951857
306294410,9.1495209,39.2025868
306296872,9.1288657,39.2037332
306296874,9.1260386,39.2051505
306296888,9.1263521,39.203685
306296891,9.1269789,39.2040225
306296893,9.1273405,39.2045421
306296919,9.1395956,39.2017395
306296936,9.1410618,39.2021663
306296943,9.1391294,39.2013448
306296948,9.1415856,39.2012699
306296954,9.141774,39.2014479
306296961,9.1408311,39.1983443
306296996,9.138616,39.1984228
306297010,9.1348564,39.1975246
306297012,9.1386345,39.1985778
306297015,9.1384365,39.1994702
306297075,9.1320785,39.2000282
306297086,9.1318387,39.1987121
306297100,9.1298124,39.1992394
306297135,9.1303401,39.2003925
306297145,9.1326909,39.2009139
306297175,9.1381766,39.1982085
306297203,9.1322171,39.2000445
306299123,9.1402596,39.1981419
306299125,9.1379291,39.1964792
306299165,9.1390943,39.1928472
306299169,9.1391856,39.1924001
306299174,9.1397398,39.191392
306299177,9.1398974,39.1911202
306299182,9.1413145,39.1892956
306299195,9.1353089,39.1932609
306299206,9.1351441,39.1948238
306299208,9.1407117,39.1924987
306299216,9.1437556,39.1977919
306299219,9.143828,39.1982827
306299221,9.1411201,39.1917978
306299222,9.1418732,39.1906691
306299224,9.1423651,39.1899314
306299225,9.1419384,39.1926912
306299235,9.1425191,39.1906714
306299244,9.1416437,39.1923093
306299258,9.1413987,39.1904831
306299279,9.1417624,39.1933894
306299295,9.1434061,39.1990697
306299305,9.1426954,39.1985899
306299313,9.1419332,39.2012054
306299317,9.1436399,39.2005887
306299328,9.1578865,39.1967677
306299344,9.1596445,39.2014489
309847327,9.0770146,39.2699151
309848275,9.1197246,39.2384501
309848278,9.1211194,39.2373871
309848281,9.123907,39.2366456
309848285,9.1246559,39.2370561
309848286,9.1264777,39.2360341
309848290,9.1246244,39.2364578
309848291,9.1244212,39.2365147
309848495,9.1232159,39.2392887
309848499,9.1246523,39.2386153
309848502,9.1251222,39.2381622
309849377,9.1179515,39.2097889
309849493,9.1184809,39.2109549
309849495,9.1169104,39.2108456
309850457,9.1481372,39.1980965
309850461,9.1521733,39.195834
309850466,9.1544982,39.1946465
309850467,9.1552778,39.1943922
309850469,9.1411882,39.2019799
309851187,9.1359002,39.2019792
309853032,9.0546042,39.2192823
309853059,9.0557456,39.2186171
309853132,9.0558679,39.2202076
309853145,9.0557061,39.2207873
309853207,9.0547552,39.2206578
309853231,9.0515288,39.2196563
309853235,9.0494522,39.2202564
309853238,9.0513656,39.2196951
309853278,9.0533123,39.2193726
313332533,9.1116103,39.2273061
313332538,9.114924,39.2243424
313332539,9.1152212,39.2240703
313332540,9.1153549,39.2240346
313332543,9.1116936,39.227163
313332544,9.1114584,39.227015
313482285,9.1134869,39.2207052
313482293,9.1124949,39.2207577
313606738,9.1109254,39.230355
313606740,9.1110418,39.2302856
313607055,9.1112028,39.2330795
313609084,9.1097784,39.2296209
313677521,9.1054052,39.2138915
313677525,9.1052857,39.2139252
313680513,9.1111526,39.2334598
313719195,9.1258908,39.2217558
313720148,9.1088069,39.2152045
313736984,9.0938477,39.2315703
313736993,9.0940198,39.2315721
314898763,9.1153918,39.223731
314898764,9.1160834,39.2220747
314898794,9.1169473,39.2145246
314898800,9.1157848,39.2130066
314898801,9.1166537,39.2120534
314898825,9.1054882,39.2137497
314899302,9.1161037,39.213411
314899326,9.1158109,39.2130432
314906568,9.1134953,39.2172119
314907192,9.1134265,39.217102
314938636,9.1084256,39.2307076
314939162,9.1092468,39.2301676
314939164,9.1101776,39.2308781
314939361,9.1113038,39.2321571
314941252,9.1140443,39.2123227
314953318,9.1166282,39.2216966
314953713,9.1024316,39.2217997
314961217,9.1293807,39.2339305
314961291,9.1308871,39.2338679
314961602,9.1240506,39.2355365
314962745,9.1181313,39.2417413
314985030,9.1233676,39.2232239
314985782,9.1227579,39.2225774
315238586,9.1144324,39.2493935
315238589,9.1148751,39.2490344
315238591,9.1153042,39.2491187
315238595,9.1154774,39.2495921
315238738,9.1147119,39.249816
315238895,9.1157866,39.2493413
315239049,9.1151016,39.2487156
315240564,9.1020718,39.2435045
315365643,9.0968188,39.2400321
315378644,9.1182238,39.2104481
315379812,9.1553428,39.2197393
315379821,9.1501567,39.2142776
315379825,9.1447834,39.2133982
315380470,9.1454217,39.2056499
315381089,9.1580061,39.2140544
315381090,9.1599213,39.2152539
315381094,9.1644493,39.2191843
315381272,9.1621411,39.2224174
315381281,9.1609046,39.2236267
315381334,9.164553,39.2192013
315381457,9.1611658,39.2181878
315381466,9.1592936,39.2158076
315381523,9.1587279,39.2165311
315381754,9.1583663,39.2171437
315382073,9.1572311,39.2169617
364333752,9.1251542,39.2223956
364333753,9.1251782,39.2233231
364333754,9.1252316,39.2245116
364333755,9.1252918,39.2256036
364333954,9.1249025,39.2181289
364333955,9.1248975,39.2175642
364333958,9.1248403,39.216422
364333977,9.1249231,39.2185726
364333979,9.1249524,39.2196084
364335199,9.1142392,39.2196689
364335200,9.1144559,39.2188846
364335217,9.1141305,39.2201085
366503492,9.1103345,39.2433854
366517466,9.1316116,39.2244003
366517475,9.1319889,39.2242854
366517476,9.1323616,39.2243291
366517478,9.1324435,39.224899
366517480,9.1326755,39.2251727
366517483,9.1334565,39.2253413
366517485,9.1338355,39.2252378
366517574,9.1343108,39.2252708
366517601,9.1345399,39.2249436
366517610,9.1323502,39.2244058
366517660,9.1322843,39.2239082
366517662,9.1320801,39.2236597
366517664,9.1324713,39.224079
366517699,9.1328857,39.2240648
366517701,9.1332211,39.2239532
366517704,9.134033,39.2243534
366517706,9.1338354,39.2240813
366517772,9.1346902,39.2247291
366517845,9.1318933,39.2235136
366517847,9.1322989,39.2231609
366517884,9.1337085,39.2239924
367928510,9.1434314,39.1867801
367928610,9.1413212,39.1891728
368031742,9.1150465,39.2196575
368031745,9.1151049,39.2188348
368031746,9.1153654,39.218681
368031750,9.1151191,39.2179976
368031751,9.1148903,39.2178251
368031754,9.1153726,39.2200107
368031755,9.1153954,39.2196363
368031839,9.1157568,39.2196087
368031842,9.1157506,39.2187227
368031843,9.1156084,39.2180466
368032107,9.1167374,39.2211365
368032108,9.1168202,39.2206637
368032111,9.1168676,39.2200426
368032114,9.1166727,39.2186087
368032117,9.1165383,39.2178953
368032197,9.1161033,39.2201903
368032199,9.1160708,39.2194739
368032202,9.1159556,39.2179931
368032212,9.1164475,39.2200834
368032215,9.116436,39.2193842
368032216,9.1164678,39.2188425
368032218,9.1163117,39.2178906
368033056,9.1160576,39.2165801
368036227,9.1152379,39.2166153
368042707,9.1068242,39.2492033
371068191,9.121301,39.21047
371068282,9.1208221,39.210621
408256572,9.0984802,39.2305729
409554693,9.1021653,39.2398838
410194997,9.0978845,39.2297518
410194998,9.0981672,39.2293462
410198037,9.0974626,39.2307465
410202496,9.0945622,39.2310947
410204620,9.102031,39.2252265
410204621,9.1024938,39.2255771
410204625,9.1024513,39.2261684
410204626,9.1022176,39.2259364
411398017,9.1279067,39.2274395
411494023,9.1062944,39.2217968
431637707,9.1369955,39.2423168
431637713,9.1380185,39.2389674
433172516,9.1041687,39.2385754
433172524,9.1047612,39.2389427
436369226,9.1088233,39.2296937
460370990,9.0881617,39.258013
460371031,9.0835504,39.2516369
460374187,9.0870613,39.2468393
460374190,9.0873316,39.2468597
460708293,9.1215687,39.2550467
460708556,9.1203645,39.2541692
460708649,9.1211011,39.2540119
460815738,9.1507208,39.2386841
460831777,9.1506343,39.2391259
460903948,9.156587,39.215143
460904136,9.1566346,39.2126552
460904225,9.1551232,39.2139804
460904308,9.1538349,39.2119495
460904362,9.1545542,39.2113992
460904419,9.1534364,39.2126999
460904712,9.1540185,39.2157118
460913804,9.157336,39.2145822
460913916,9.1557457,39.2133922
460913982,9.1533504,39.2115686
460913994,9.1525046,39.2109313
460914161,9.15055,39.2094468
460914545,9.1543842,39.2094509
460916483,9.1564371,39.2128298
460916533,9.1540223,39.2109971
460916562,9.1532136,39.2103772
460916574,9.151354,39.2089933
460927066,9.1561404,39.2158511
460927105,9.1543571,39.2151814
460927233,9.1523659,39.214448
460927421,9.1521844,39.2147725
460927539,9.1527868,39.2137672
460927572,9.1541056,39.2121485
460973243,9.1547877,39.2144969
460984493,9.1538849,39.2098363
460984556,9.152153,39.2085278
460984574,9.1532298,39.2077951
460984623,9.1498029,39.2099537
460984641,9.1495433,39.2100827
460984659,9.1490677,39.2104411
460984713,9.1503645,39.2143031
460985008,9.1461804,39.2134054
460985089,9.1503711,39.2114091
461001294,9.1579815,39.2161729
461001585,9.161571,39.2174965
461001783,9.1585324,39.2154313
461001893,9.1569462,39.2168174
461002074,9.1564827,39.2178193
474421668,9.1099966,39.2479959
599933558,9.1099366,39.2210001
599933560,9.1102599,39.2211915
599933564,9.1104461,39.2213675
599933567,9.1106048,39.2215176
599933572,9.1106458,39.2215564
599933575,9.1108071,39.2217088
599933583,9.1114588,39.2219118
607971300,9.0970102,39.2431857
701435273,9.1026202,39.2379593
739313673,9.1187456,39.2117216
803609277,9.1110597,39.24144
1072794774,9.1105553,39.2169637
1072794775,9.1098207,39.2181537
1075548258,9.1480412,39.1869128
1075548263,9.147662,39.184632
1075548306,9.1515525,39.1867751
1075548330,9.1479824,39.1868316
1075548334,9.1616654,39.1911599
1212993863,9.1338617,39.22361
1280720801,9.1199107,39.2249375
1282795882,9.1193637,39.2388647
1288172154,9.1041773,39.2142284
1288172158,9.1041207,39.2148435
1309637796,9.0990047,39.2112559
1309638225,9.0988604,39.2115357
1309638377,9.0845904,39.2177192
1309638458,9.1314913,39.1989542
1309638472,9.0840632,39.2187292
1309638506,9.0830188,39.2177982
1309638510,9.0879907,39.2164041
1309638543,9.0852666,39.2185768
1309638776,9.0988416,39.2124695
1309638831,9.1352117,39.1950074
1309638838,9.1147859,39.2105506
1309638865,9.0989407,39.2113849
1309638941,9.0838923,39.2172574
1309638951,9.0814041,39.2159237
1309639202,9.0773729,39.2131441
1309639208,9.0988704,39.213256
1309639233,9.0877834,39.2164876
1309639332,9.0827218,39.217091
1309639342,9.0779336,39.2126818
1309639471,9.0829708,39.216974
1309639495,9.1353561,39.1947334
1309639553,9.0872021,39.2178182
1309639721,9.0848869,39.2188872
1315493867,9.0860967,39.2615341
1315493871,9.0857995,39.2612986
1317790871,9.0911035,39.2140182
1317790873,9.0913052,39.2142233
1317790874,9.0915348,39.2138456
1317790877,9.0905784,39.2142431
1317790887,9.0910689,39.214298
1317790888,9.0903631,39.2145213
1317790893,9.08985,39.2159388
1320036073,9.1167446,39.2178705
1320082628,9.1161001,39.2186349
1320082632,9.1157269,39.2186322
1320082642,9.1164598,39.2187326
1320082650,9.1169219,39.2170037
1320090762,9.1166396,39.2169413
1327981903,9.1129537,39.220563
1327985937,9.113075,39.2199465
1328857478,9.1131243,39.2171583
1329785484,9.1246083,39.208216
1329785498,9.1253191,39.2078329
1329845643,9.1233785,39.2071721
1329870453,9.1231835,39.2072175
1329870502,9.1232927,39.2073217
1329875497,9.1226686,39.2075428
1329890085,9.1204711,39.2046779
1329890105,9.1220466,39.2044044
1329890126,9.1225736,39.2037759
1332634017,9.1048723,39.2143442
1332634020,9.1049986,39.2146512
1332634055,9.1049297,39.214472
1332634058,9.10496,39.2145267
1332634061,9.1041483,39.2145093
1332634064,9.1053651,39.2144078
1332634067,9.105332,39.2143475
1332634071,9.1048908,39.2144022
1332634100,9.1041375,39.2146139
1332634106,9.1043066,39.2146262
1332634117,9.1052666,39.2142279
1332641273,9.1002236,39.2131007
1332645340,9.0993429,39.2210182
1332662027,9.09964,39.2210273
1332668605,9.0952751,39.2240382
1332668613,9.0969394,39.2253108
1332668631,9.0955452,39.2248772
1332668667,9.0928414,39.2284437
1332688735,9.0949996,39.2282324
1332688740,9.0946863,39.2286784
1332699836,9.0922327,39.2300215
1332726235,9.0953868,39.2327209
1332736340,9.0961912,39.2313022
1332736342,9.0952157,39.2309997
1332736345,9.0970941,39.2315829
1332755542,9.0973931,39.2304976
1332755558,9.0981657,39.2304686
1332757721,9.0993424,39.2267061
1332760158,9.1008014,39.2253436
1332761769,9.100017,39.2272057
1332761772,9.0992197,39.2268122
1332765156,9.1005723,39.2259069
1332765166,9.1007649,39.2261553
1332765195,9.1004871,39.2261156
1332769850,9.1012694,39.2249471
1332769851,9.1012489,39.2243871
1332769852,9.1018223,39.2253796
1332769856,9.1013141,39.224246
1332769863,9.1013928,39.2250409
1332769864,9.1010106,39.2254853
1332769866,9.1007704,39.2254201
1332769867,9.1019536,39.2245894
1332769868,9.1014924,39.2244635
1332770281,9.1028521,39.2246231
1332772993,9.1093894,39.2259224
1332773674,9.1103865,39.2263545
1332775380,9.1109262,39.2233453
1332785523,9.1026582,39.2213307
1332793012,9.1086683,39.2195916
1332793354,9.113197,39.2172493
1332797937,9.1121216,39.2169879
1333240147,9.1157788,39.220802
1333240902,9.1136805,39.2219883
1333240911,9.1148938,39.2241855
1333248864,9.1128897,39.2240361
1333254596,9.1135896,39.2228612
1333254610,9.1136658,39.2228036
1333254617,9.1130679,39.2228056
1333254630,9.113497,39.2229033
1333254631,9.1135383,39.2230985
1333254643,9.11343,39.2230874
1333269449,9.1157408,39.2203612
1333324444,9.1124325,39.2199208
1333324471,9.1130112,39.2196437
1333359519,9.1090291,39.2227981
1333381597,9.1062932,39.2232669
1333381613,9.1081859,39.2245087
1333397931,9.1078642,39.2274113
1333404041,9.1066253,39.2292613
1333422447,9.1097208,39.2289213
1333422448,9.109505,39.2271986
1333422451,9.1095954,39.2290912
1333422472,9.1104215,39.2285501
1333422478,9.1100669,39.2284012
1333422479,9.1107048,39.2284957
1333422487,9.1091625,39.2287591
1333432231,9.1101521,39.2267123
1333432404,9.1148044,39.2239209
1333438940,9.1115507,39.2270891
1333438964,9.1139931,39.2249685
1333438976,9.1123268,39.2241148
1333456291,9.111524,39.2270774
1333468619,9.1180916,39.2232758
1333468623,9.1177451,39.2231311
1333468657,9.1176094,39.2227557
1333468668,9.1179723,39.2232357
1333481510,9.1182485,39.2178246
1333481520,9.1180473,39.2174643
1333481527,9.1168419,39.2150325
1333481557,9.1179992,39.219001
1333481578,9.1173674,39.2162003
1333484982,9.118472,39.2153874
1333488139,9.1169617,39.2156351
1333502736,9.1195743,39.2162759
1333520924,9.1322434,39.2288672
1333520933,9.1322681,39.2288976
1333520978,9.1334601,39.2302774
1333538903,9.1343512,39.2296649
1333538951,9.1362638,39.2328609
1333538956,9.1351947,39.2322193
1333579139,9.1320723,39.2259158
1333579155,9.1318783,39.2256004
1333579156,9.1352202,39.2268899
1333579158,9.13343,39.2264706
1333579161,9.131336,39.2244367
1333579170,9.1340831,39.2267329
1333579171,9.1324789,39.2264944
1333579208,9.1339604,39.2265769
1333579216,9.1338078,39.2267354
1333581907,9.1340676,39.2271027
1333581909,9.1341474,39.2267308
1333582987,9.1357545,39.2290732
1333582989,9.134938,39.2292139
1333582990,9.1363396,39.229148
1333585763,9.1365866,39.2278771
1333585783,9.1350982,39.2274599
1333588074,9.1363534,39.2268042
1333588088,9.1368035,39.2268832
1333599102,9.1369262,39.2262008
1333599104,9.1361347,39.226072
1333602815,9.1368538,39.2249604
1333602817,9.1363817,39.2249293
1333604593,9.1373447,39.2245062
1333604603,9.1364998,39.2243641
1333604608,9.1368634,39.2240319
1333604610,9.1367573,39.2244057
1333611743,9.1332218,39.2316736
1333617490,9.1286342,39.2312694
1333620486,9.1307196,39.2321391
1333620491,9.1303903,39.2324132
1333620497,9.1306944,39.2326909
1333620510,9.1299658,39.2323521
1333620514,9.1305328,39.2324777
1333620523,9.1294345,39.2325361
1333620528,9.1309405,39.232549
1333624822,9.1280263,39.2367538
1333624833,9.1282755,39.2366708
1333625644,9.1268047,39.234368
1333638252,9.127367,39.233603
1333638287,9.1273971,39.2336447
1333638292,9.1278896,39.2338234
1333638303,9.127321,39.2336584
1333638337,9.1271542,39.233799
1333640201,9.1275183,39.2336671
1333652525,9.124819,39.2285577
1333652535,9.1249417,39.2285513
1333652562,9.1249852,39.229734
1333660370,9.1264891,39.229874
1333667986,9.1237108,39.2256151
1333668001,9.1234242,39.2256104
1333670647,9.120034,39.2267731
1333679578,9.1255275,39.2245127
1333679579,9.1263514,39.2255896
1333679580,9.1255551,39.2253682
1333679581,9.1263111,39.2244968
1333679582,9.1263371,39.2253519
1333679583,9.1255602,39.2256015
1333682832,9.1187383,39.2243068
1333682835,9.1188674,39.2243298
1333682837,9.119085,39.2243361
1333682844,9.1188895,39.224488
1333684519,9.1186996,39.2220353
1333686335,9.1214661,39.2228452
1333686339,9.1212644,39.2224853
1333686347,9.1196732,39.2236774
1333686354,9.1192376,39.2232681
1333686356,9.1199352,39.2236753
1333686367,9.1185699,39.2229241
1333686368,9.1196922,39.2240362
1333687436,9.1215228,39.2228336
1333699090,9.122931,39.2286067
1333703552,9.118187,39.2285572
1333703582,9.1183964,39.2284693
1333727948,9.1104146,39.2346314
1333730749,9.1138593,39.2327381
1333738464,9.1112682,39.2288826
1333738467,9.1124403,39.2282863
1333738828,9.1125526,39.228348
1333738829,9.1116638,39.2293471
1333738831,9.1128353,39.2285546
1333744103,9.1147629,39.2255195
1333745642,9.1155704,39.2241626
1333745650,9.116692,39.2242126
1333750252,9.1181013,39.2273745
1333750271,9.1180846,39.2273325
1333750276,9.1181092,39.2271048
1333750277,9.1182259,39.2272798
1333750283,9.1180349,39.2273508
1333751050,9.1149806,39.2316041
1333751052,9.1168269,39.2302094
1333751060,9.1176877,39.2291653
1333751062,9.1150287,39.2315592
1333751069,9.1140989,39.2323249
1333753569,9.1186888,39.2307113
1333753578,9.1181165,39.2313826
1333758045,9.1200318,39.2296011
1333759863,9.1228622,39.2293296
1333759865,9.1217395,39.2293542
1333761790,9.1205501,39.2310426
1333769321,9.1202739,39.2336137
1333784661,9.1282186,39.2445759
1333784683,9.128928,39.243716
1333784686,9.1280478,39.2455442
1333791629,9.1275514,39.2461873
1333799008,9.127239,39.2475567
1333799022,9.1258832,39.245918
1333799027,9.124974,39.245302
1333804001,9.1204899,39.242041
1333804004,9.1212134,39.2426411
1333804007,9.1204604,39.2424562
1333806741,9.1201266,39.2429958
1333843240,9.1166365,39.2382544
1333843246,9.1168006,39.2380635
1333843251,9.1164208,39.2377898
1333843261,9.1161331,39.2380017
1333852986,9.1157348,39.2407791
1333852987,9.1161741,39.2407515
1333854086,9.1151468,39.2430663
1333854088,9.1156682,39.2416451
1333856919,9.1157179,39.2444337
1333862656,9.1152184,39.24573
1333862658,9.1154011,39.245192
1333862685,9.1149167,39.2465667
1333866786,9.1105393,39.2490225
1333873303,9.1070289,39.2484126
1333873306,9.1069156,39.2487136
1333879146,9.1091474,39.2497299
1333879177,9.1089938,39.2489052
1333888864,9.1113824,39.2505681
1333888873,9.1113637,39.2505278
1333895297,9.1140412,39.2513333
1333895305,9.111542,39.2519448
1333923060,9.102062,39.2510366
1333923080,9.1022105,39.2509968
1333925912,9.1002545,39.2508496
1333925913,9.1002842,39.2521483
1333928079,9.0992824,39.2526443
1333941096,9.1037231,39.2490113
1333943681,9.1050886,39.2503139
1333945894,9.1049331,39.2499088
1333959783,9.1175509,39.2510163
1333978302,9.1331536,39.2520315
1333978303,9.1336473,39.2525946
1333988594,9.1339199,39.2510474
1333988603,9.1333153,39.2512609
1333989892,9.1359947,39.249983
1333989906,9.1362688,39.2498619
1333989920,9.1358907,39.2496155
1334347783,9.0941151,39.2317318
1334347785,9.0952374,39.2329552
1334347788,9.0942221,39.2314682
1334351927,9.0952854,39.2328987
1334351928,9.095234,39.2329158
1334502910,9.0921932,39.2318695
1334502911,9.0902984,39.2324135
1334502930,9.0898424,39.2318774
1334502975,9.0903177,39.2322657
1334511669,9.0928498,39.2314044
1334511677,9.0927117,39.2312416
1334511679,9.0927285,39.2311708
1334511689,9.0926238,39.2311811
1334519520,9.0957713,39.220771
1334519553,9.0967369,39.22082
1334519581,9.0885689,39.2308446
1334519635,9.0883007,39.2309361
1334538457,9.0952778,39.2325988
1334538460,9.0954914,39.2326087
1334538463,9.0955607,39.2327938
1335370836,9.1031433,39.2298806
1335370858,9.102339,39.2307283
1335409829,9.1085431,39.2348907
1335434809,9.1067833,39.2352019
1335434849,9.1073603,39.2353923
1335434895,9.1059769,39.235544
1335434948,9.106582,39.2349173
1335555439,9.1024785,39.2341639
1335555471,9.1022668,39.2343977
1335555476,9.1029239,39.2343933
1335555485,9.1023773,39.2344915
1335555505,9.1026877,39.2342737
1335555510,9.1025553,39.2350202
1335625646,9.1039708,39.2325052
1335625675,9.103136,39.2333966
1335625681,9.1054122,39.2338626
1335716047,9.0837005,39.2430911
1335716053,9.0838239,39.242738
1335716130,9.0873724,39.2429394
1335716244,9.0883015,39.241616
1335716338,9.086388,39.2417929
1335716452,9.0845615,39.2433736
1335748369,9.0921069,39.2406524
1335812081,9.1042236,39.2458577
1335812083,9.1043279,39.2459668
1335812095,9.1041953,39.2459777
1335812127,9.1043463,39.2459261
1335824293,9.1042154,39.2461328
1335830253,9.1044399,39.2457798
1335830257,9.1043923,39.2457136
1335858523,9.1016898,39.243292
1335861244,9.1018334,39.243633
1335861251,9.1008841,39.2435302
1335861253,9.1013629,39.2439365
1335874950,9.1012284,39.2440285
1335930557,9.1016254,39.2401497
1335936890,9.1035889,39.2395286
1335936895,9.102154,39.2394188
1335936905,9.1029222,39.2393192
1335936920,9.103114,39.2389269
1335936921,9.1032374,39.2396967
1335936922,9.1026352,39.2399846
1335936925,9.1030604,39.2394847
1335936926,9.102749,39.2391117
1335949327,9.1062077,39.2409023
1335949339,9.1068848,39.2408637
1335950213,9.1059431,39.2399566
1335950214,9.1062447,39.2397367
1335950531,9.1057304,39.2401583
1335950533,9.1061092,39.2405374
1335958533,9.1070431,39.2389761
1335962661,9.1009073,39.2360867
1335962692,9.1007273,39.2357856
1335962698,9.1011583,39.2360814
1335962748,9.1007876,39.2360241
1335962753,9.1007102,39.2365841
1335962761,9.1009867,39.236274
1335962762,9.1009228,39.2363456
1335962777,9.1005858,39.236015
1335962780,9.100721,39.2359858
1335962783,9.1012473,39.2359875
1335962785,9.1009838,39.236125
1335969344,9.0986778,39.2374424
1336425681,9.1018338,39.2435619
1336433500,9.1042019,39.2424781
1336436471,9.1053716,39.2430363
1336438455,9.1067111,39.241635
1336438461,9.1062795,39.2414362
1336438465,9.106315,39.2420998
1336444500,9.1074154,39.2408303
1336444506,9.1084491,39.2423267
1336444511,9.1082654,39.2425713
1336444514,9.1075106,39.242396
1336444516,9.1077856,39.2420262
1336444518,9.1063895,39.2411417
1336444521,9.108225,39.2414347
1336450126,9.1077572,39.2467836
1336461448,9.1103367,39.2445439
1336461452,9.1096002,39.2438616
1336461475,9.1092605,39.2440718
1336461497,9.1092486,39.2450355
1336461539,9.1128383,39.2426855
1336461548,9.1127069,39.2438525
1336461571,9.1098197,39.2445141
1336461589,9.1106747,39.2439568
1336461606,9.1095834,39.2439587
1336461641,9.1090443,39.2433807
1336461665,9.1099647,39.245559
1336461669,9.1097442,39.2451847
1336461688,9.1096261,39.2438126
1336461695,9.109557,39.2445266
1336463195,9.1101443,39.2417514
1336463205,9.1107412,39.2417637
1336464006,9.1108663,39.2416111
1336464008,9.1111987,39.2417749
1336467225,9.108991,39.2434194
1336467333,9.1081542,39.2458269
1336473121,9.1115528,39.2441486
1336476141,9.1145545,39.2429201
1336476146,9.1145419,39.2431279
1336476175,9.1142857,39.2433135
1336488534,9.1167523,39.2422439
1336488545,9.1169397,39.2425408
1336510982,9.1235289,39.2434131
1336510994,9.1229707,39.2437061
1336536539,9.1227788,39.2464273
1336626036,9.1217955,39.2437201
1336655104,9.1189987,39.2471797
1336662465,9.1182044,39.2476383
1336662476,9.1182621,39.2474988
1336662493,9.1182988,39.247585
1336662495,9.1182259,39.2474616
1336662498,9.1182033,39.2471965
1336669353,9.1177083,39.247605
1336672458,9.1207528,39.2486171
1336672463,9.1206481,39.2484877
1336673054,9.1228868,39.248972
1336678702,9.1213111,39.2512564
1336678717,9.1218702,39.2510718
1336678720,9.1211745,39.2516721
1336678721,9.1216408,39.25127
1336678727,9.1215415,39.2510591
1336678728,9.1217772,39.2508681
1336678730,9.1214082,39.2514678
1336684245,9.1200887,39.2518711
1336684247,9.1195901,39.2515358
1336684248,9.1203692,39.2520685
1336688196,9.1181945,39.2494824
1336688200,9.1184217,39.2502678
1336688206,9.1194309,39.2495869
1336688213,9.1180708,39.2499045
1336688217,9.118598,39.2501511
1336688224,9.1193425,39.2493054
1336688226,9.1182299,39.2496483
1336688260,9.1182159,39.2498132
1336688270,9.1188229,39.2495578
1336688283,9.1187829,39.2494127
1336691517,9.119045,39.2511478
1336698871,9.1156907,39.2506383
1336703180,9.1181236,39.2496988
1336703183,9.1176657,39.2496177
1336711074,9.1208365,39.2518146
1336711078,9.1194458,39.2522304
1336711082,9.1212475,39.2520939
1336712657,9.1197381,39.2525837
1336716407,9.1191949,39.254893
1336721018,9.1179487,39.258183
1336721024,9.1176251,39.2588103
1336721025,9.1174606,39.2555967
1336721034,9.1194337,39.2597841
1336737674,9.1176715,39.2549615
1336737685,9.1172146,39.2597344
1336737694,9.1192016,39.2546041
1336737696,9.1165657,39.2598238
1336737702,9.1196225,39.2542502
1336737711,9.1169909,39.2554773
1336737717,9.1161977,39.260095
1336737718,9.1159107,39.2536374
1336744358,9.1178181,39.2539177
1336750552,9.1155629,39.2536837
1336806530,9.1183155,39.2506882
1336839877,9.1236106,39.247386
1336839880,9.1234574,39.2474987
1336852773,9.1262413,39.2475175
1336852774,9.1268675,39.2479661
1336852775,9.1259785,39.2473264
1336852779,9.1261142,39.2471959
1336868667,9.1272922,39.2454114
1336880384,9.1286772,39.2457834
1336880393,9.1287972,39.2456416
1336880401,9.1289981,39.2458734
1336880404,9.1289473,39.2458228
1336880413,9.1291116,39.2459929
1336883332,9.1305388,39.246059
1336904845,9.1306297,39.2360535
1336904869,9.1304573,39.2349066
1336904927,9.1338948,39.2365046
1336904942,9.1341253,39.2360885
1336911652,9.1342927,39.2352384
1336966282,9.1348748,39.25197
1336970903,9.134798,39.2520219
1336990152,9.1333429,39.2488244
1336990154,9.1341191,39.2498057
1336990156,9.133943,39.2489321
1336990158,9.1341434,39.250328
1336990160,9.1335816,39.2486312
1336990161,9.1338049,39.2500319
1336990163,9.1345819,39.2501984
1336995925,9.133278,39.2478219
1336995959,9.1356823,39.2448773
1337013104,9.1327468,39.2433871
1337032067,9.1372162,39.2411514
1337032153,9.1351626,39.2408894
1337032187,9.136373,39.2417992
1337032252,9.1374744,39.239686
1337079408,9.1384282,39.2415935
1337079455,9.137114,39.2417345
1337086013,9.1398061,39.2420886
1337086028,9.1396953,39.2421993
1337086030,9.1393651,39.2416161
1337086032,9.1392608,39.2414902
1337086034,9.1400412,39.2406898
1337086055,9.1395961,39.2417547
1337086057,9.1394642,39.241887
1337086063,9.1393589,39.2419926
1337092022,9.1392438,39.2437028
1337092039,9.1386314,39.2434329
1337092055,9.1383877,39.2433727
1337092084,9.1383756,39.24326
1337092118,9.1398077,39.2440475
1337092141,9.1383756,39.2441704
1337093473,9.1394542,39.2438315
1337093483,9.1395546,39.243731
1337093485,9.1395934,39.2436947
1337093489,9.1392795,39.243568
1337093491,9.1397892,39.2438754
1337104636,9.1406893,39.2442878
1349101247,9.1120823,39.2420851
1349101267,9.1097186,39.244615
1371344415,9.0962006,39.2272484
1371351942,9.1190183,39.2106415
1371351943,9.1192701,39.2111055
1391432174,9.1415668,39.211418
1415847632,9.1040391,39.249856
1415847645,9.1042583,39.2510777
1416167210,9.0966312,39.2461112
1431866136,9.108043,39.2478244
1431866137,9.1068378,39.248937
1431866141,9.110243,39.2485164
1431866143,9.1096026,39.2478306
1431866145,9.1080255,39.2481564
1452516060,9.1051005,39.2136393
1452759793,9.1037464,39.211474
1452759817,9.0981253,39.2283186
1452759846,9.1076149,39.2104551
1456184426,9.096889,39.2344771
1456208757,9.0974292,39.2335774
1456242999,9.1015328,39.2377876
1456243002,9.1016802,39.237814
1456243004,9.1017158,39.2378421
1456244974,9.1020358,39.2378366
1456244975,9.1024015,39.2378407
1456244976,9.1026066,39.2378396
1456253977,9.1013946,39.2432297
1456253983,9.1012819,39.2429938
1456253993,9.0983655,39.2378345
1456253996,9.1014469,39.2432345
1456255188,9.1014262,39.2427865
1456255193,9.1013099,39.2425559
1479192787,9.1458554,39.2433549
1479193174,9.1484946,39.2407439
1481581462,9.1413263,39.2393106
1482300049,9.1403269,39.2494443
1482323183,9.1026052,39.2246067
1482323186,9.1093941,39.2147604
1496417383,9.1094004,39.215523
1499300917,9.151051,39.2013408
1515277185,9.0732854,39.2020026
1515277189,9.0605545,39.193806
1515277195,9.0604235,39.1937767
1515277197,9.061493,39.1943253
1515277200,9.0601786,39.1935778
1515277215,9.0598538,39.1947926
1515283080,9.0336465,39.1680238
1517562330,9.0977168,39.2338802
1517586475,9.0970227,39.2429476
1517776305,9.085881,39.218769
1517776309,9.0885952,39.2169248
1517780057,9.0816521,39.2070819
1517780065,9.088808,39.211141
1517780327,9.0810597,39.2073975
1517799541,9.1074197,39.2149957
1517799547,9.1076207,39.2154467
1517799563,9.1070577,39.2157783
1517799595,9.1075296,39.2148829
1517799598,9.1068407,39.2149422
1517799601,9.1070465,39.2154275
1517799603,9.107265,39.2151601
1517799605,9.1073554,39.2150562
1517799609,9.1069661,39.2148331
1517799702,9.1068346,39.2156578
1517799705,9.1072219,39.2152185
1517799709,9.1084582,39.215237
1517799755,9.1074847,39.2155286
1517799773,9.1069202,39.2158576
1517799797,9.1071325,39.2153298
1517799799,9.1080086,39.2151671
1517799802,9.107312,39.2151119
1517799817,9.1071607,39.2152765
1517799819,9.1073435,39.2155994
1517799835,9.1069275,39.2155517
1517799846,9.1072054,39.2156837
1517799865,9.1067451,39.2157557
1517854296,9.1065939,39.2157045
1517854310,9.1057397,39.2161088
1517854342,9.1080557,39.2151959
1517854366,9.1083473,39.2151253
1517894275,9.0998396,39.2181614
1517894282,9.0995223,39.2181601
1517894306,9.1018482,39.2171785
1517894327,9.1011808,39.2176862
1517894329,9.1001691,39.2198125
1517894353,9.099959,39.2197526
1517894389,9.1020226,39.2172679
1517949796,9.0931346,39.2313334
1518523572,9.1095479,39.2154412
1518523579,9.1099104,39.214656
1518593530,9.1032413,39.2147598
1518593565,9.1029197,39.2147214
1518593571,9.1032704,39.2144653
1518657285,9.0977463,39.2278093
1518676078,9.1001768,39.2249624
1518676083,9.0995722,39.225495
1518676086,9.1002789,39.2259127
1518680306,9.0987097,39.2236063
1518680309,9.0988224,39.2229295
1518697186,9.0901347,39.2315994
1518697192,9.0902485,39.2315089
1518697195,9.091097,39.2308344
1518697200,9.0903597,39.2314205
1518697206,9.091469,39.2305387
1518697208,9.0898792,39.2318025
1518697215,9.0913499,39.2306334
1518697219,9.0900075,39.2317004
1518697258,9.0906125,39.2312195
1518697274,9.0904868,39.2313195
1518697278,9.0915908,39.2304419
1518697306,9.0918343,39.2302483
1518697324,9.0909752,39.2309312
1518697328,9.090741,39.2311174
1518697330,9.0924988,39.2305927
1518697331,9.0912215,39.2307355
1518697332,9.0904391,39.2322237
1518697355,9.0908587,39.2310238
1518697362,9.0917117,39.2303455
1519301956,9.0930889,39.228865
1519301963,9.0929878,39.228986
1519301967,9.0929289,39.22914
1519301975,9.0928658,39.2293083
1519301981,9.0928482,39.2294508
1519301983,9.093959,39.2294972
1519301987,9.0938548,39.2296215
1519301988,9.0937283,39.2297203
1519301990,9.0935802,39.2298361
1519301998,9.0973398,39.2429707
1520083014,9.1385116,39.2046084
1520083019,9.1381588,39.2047919
1520083055,9.1360927,39.2048869
1520083057,9.1366221,39.2048858
1520083104,9.1381694,39.2051522
1520083127,9.1287937,39.2055894
1520083172,9.1253779,39.206623
1520083186,9.1254501,39.2066892
1520083234,9.1237055,39.2078286
1520083241,9.1228725,39.2082972
1520083245,9.1226898,39.2084049
1520083281,9.1208968,39.2097175
1520083284,9.1207933,39.2097765
1520083287,9.1204056,39.2098552
1520083290,9.1206451,39.209861
1520083298,9.1204845,39.2099525
1520083313,9.1212173,39.2103328
1520083321,9.1210998,39.210371
1520083329,9.1209435,39.2104205
1520083331,9.1207708,39.2104784
1520083338,9.1157608,39.2106129
1520083393,9.1157496,39.2111147
1520083430,9.1159929,39.2112993
1520083433,9.118588,39.2113412
1520083575,9.1166307,39.2118677
1520083759,9.1144487,39.2124877
1520083803,9.1107922,39.2145444
1520328135,9.1193766,39.2135387
1520328153,9.1121711,39.2140597
1520328220,9.1080626,39.216474
1520328236,9.1126395,39.2166119
1520328241,9.1219469,39.2189225
1520339535,9.115988,39.2117265
1521099741,9.1346781,39.2318232
1521099798,9.1352198,39.2321698
1521099817,9.1334994,39.2327095
1523287580,9.1451052,39.1966763
1523287605,9.1434502,39.1989692
1523287607,9.1434812,39.1992321
1524427431,9.1150697,39.2244409
1524444298,9.1023847,39.2501682
1524480782,9.0859965,39.2485801
1524484561,9.0939236,39.2513283
1524484564,9.0961106,39.2515809
1528047727,9.1085148,39.2386904
1528047745,9.1063408,39.2381104
1528050865,9.1099062,39.2350225
1528066181,9.1122907,39.2341617
1528069359,9.1114661,39.2333918
1528069361,9.1135806,39.2322093
1528074188,9.1175972,39.2273847
1528074190,9.1171233,39.2269377
1528079561,9.1193562,39.2286702
1528079563,9.1199217,39.2283498
1539616231,9.1156315,39.2163633
1539616251,9.1156626,39.2165878
1539616293,9.1159739,39.2168755
1539616295,9.1159248,39.2168899
1539616341,9.1133198,39.2174382
1539616443,9.1147229,39.2185716
1539616446,9.1146023,39.2185795
1540472093,9.1019923,39.2145985
1554372181,9.1354923,39.2036988
1554372237,9.1359191,39.2038349
1554372580,9.1351789,39.2044151
1554372740,9.1357255,39.204696
1554372803,9.1357318,39.2048881
1554372915,9.1454318,39.2059736
1554373693,9.1444496,39.2080561
1554374375,9.0831107,39.2178781
1554374396,9.0817166,39.2188979
1554374555,9.078755,39.220645
1554374565,9.0747609,39.2210555
1554374588,9.0764707,39.2224176
1554374594,9.0783126,39.2239003
1554374604,9.0747515,39.2246055
1554374606,9.0748471,39.2244347
1554374615,9.075402,39.2246033
1554374623,9.0752836,39.224808
1554374631,9.0750301,39.2248628
1554374648,9.0706212,39.2241514
1557304443,9.0968886,39.2255041
1557304446,9.0954671,39.2277179
1557304461,9.096021,39.2272134
1557304481,9.0981083,39.2281279
1557304498,9.0979563,39.2279796
1557304503,9.0982969,39.2280684
1557304519,9.0961165,39.2271375
1557304523,9.1009683,39.2260061
1557304532,9.100566,39.2260517
1557304556,9.0975041,39.2279642
1557304570,9.098019,39.2280938
1557304575,9.0983303,39.2279772
1557304597,9.0980818,39.2278484
1571727219,9.1005014,39.2260806
1571727232,9.0981843,39.2282423
1571727234,9.0977691,39.237489
1573786275,9.0923958,39.2306719
1573786276,9.092267,39.230771
1573786277,9.0921383,39.2308709
1573786278,9.0920283,39.23096
1573786279,9.0919017,39.2310626
1573786280,9.0917844,39.2311576
1573786281,9.0916661,39.2312526
1573786282,9.0915371,39.2313559
1573786283,9.0914204,39.2314494
1573786284,9.0913039,39.2315427
1573786285,9.09117,39.23165
1573786286,9.0910489,39.231747
1573786287,9.0909268,39.2318447
1573786288,9.0908051,39.2319401
1573786289,9.0906868,39.2320318
1573786290,9.0905692,39.2321229
1576994345,9.1000702,39.2270777
1577002087,9.0881176,39.2458631
1577002117,9.0910325,39.2434783
1577002120,9.0901522,39.2458836
1577002125,9.0901994,39.2430878
1577002128,9.0892623,39.2464155
1577002131,9.0888208,39.2449201
1577003433,9.0879227,39.2461223
1577003436,9.0895291,39.2496405
1577006126,9.0868081,39.2576714
1577006131,9.0904431,39.2582197
1577007778,9.1004077,39.2586609
1577010594,9.0978381,39.2388484
1577013713,9.0989376,39.2382583
1577792794,9.1101457,39.2172149
1577794284,9.1082886,39.2173379
1577795061,9.1106379,39.2163174
1577796448,9.1121282,39.2160832
1577804308,9.1124251,39.2197398
1577804315,9.1147282,39.22223
1577804316,9.1147392,39.2222326
1579385320,9.0939069,39.2322292
1580688869,9.0936944,39.2321622
1580691283,9.0950549,39.2329613
1582397330,9.0995966,39.2335783
1582403418,9.1026035,39.2342339
1582408931,9.100216,39.2364401
1582408932,9.0999593,39.2367414
1582408935,9.0997573,39.2360738
1582408975,9.100421,39.2361995
1582411336,9.1003579,39.2379272
1582411342,9.101603,39.2381077
1582411346,9.1010407,39.2384352
1582411347,9.1011981,39.238598
1582411348,9.101547,39.2380148
1582411349,9.1001797,39.2377439
1582412231,9.0989255,39.241093
1582412232,9.0989227,39.2416768
1582420930,9.1041874,39.2254618
1582427138,9.1065618,39.2191021
1582427139,9.1061122,39.2186731
1582427140,9.1070816,39.219548
1582427370,9.1055604,39.2196945
1582427371,9.1051365,39.2192356
1583782879,9.1517466,39.2007355
1583782881,9.1523515,39.2001587
1583782882,9.1500826,39.2017006
1583785569,9.1494705,39.2009596
1583881155,9.1504579,39.2007621
1583884537,9.1501787,39.200907
1583902094,9.1450242,39.2021523
1600248995,9.120618,39.231902
1600802587,9.1348662,39.2063752
1600807910,9.134168,39.2042212
1600807916,9.1354487,39.206324
1600807919,9.1351968,39.2063905
1600807928,9.133828,39.2044015
1600807932,9.1340788,39.2043725
1600807938,9.1340331,39.2050358
1600807939,9.1338421,39.2044904
1600807941,9.1339305,39.2050477
1600807944,9.1340419,39.2044696
1600835496,9.107018,39.2418034
1600835498,9.1076489,39.2410046
1600839742,9.1302087,39.2124465
1601530424,9.1147529,39.212268
1601555830,9.1444506,39.2026148
1601555846,9.1366734,39.2042244
1601555873,9.1372619,39.2041931
1601555875,9.1435325,39.202591
1601555876,9.1363331,39.2031643
1601555877,9.1366302,39.2046819
1601555881,9.1379759,39.2041815
1602371202,9.1306012,39.2054904
1602581836,9.102999,39.2161093
1602581841,9.1040303,39.2148349
1602581921,9.1080788,39.2185095
1607732821,9.0815697,39.2675805
1607732827,9.0813565,39.2677573
1607732966,9.0830965,39.2702381
1607864912,9.0971957,39.2416513
1607864921,9.0967347,39.2420348
1607864926,9.0967199,39.2425009
1607864927,9.0967213,39.242607
1607865016,9.0965416,39.2430352
1607865061,9.101711,39.2430819
1607865120,9.0966934,39.2436241
1607870512,9.0812999,39.2070645
1607875750,9.1031784,39.2145354
1618714267,9.1160892,39.2147682
1618719007,9.1145667,39.2143314
1626617191,9.1501467,39.2011754
1626617199,9.1497904,39.2013689
1626617204,9.1117594,39.2142895
1626617208,9.1235966,39.2202438
1634571197,9.1404003,39.2464824
1634571202,9.1403118,39.246418
1634571224,9.1404352,39.2474462
1634571240,9.138323,39.2491787
1634571241,9.138673,39.2442188
1634571242,9.1382349,39.2489023
1634571270,9.1384332,39.2466506
1634571352,9.142125,39.2459777
1634571367,9.1403494,39.2476768
1634571461,9.1396439,39.247897
1639208211,9.0812088,39.2687811
1639764213,9.1367749,39.2504419
1639764272,9.1393569,39.248416
1639764289,9.1396557,39.2480185
1639764303,9.1368084,39.2503954
1644840350,9.1495406,39.2394434
1644840399,9.148781,39.2405867
1644840408,9.1441898,39.2139046
1646137327,9.1381207,39.2440882
1646145157,9.1398665,39.2471887
1646145163,9.13901,39.2475349
1646145179,9.1414141,39.2455269
1646145181,9.1396781,39.2471668
1646145207,9.139419,39.2441755
1647239851,9.1104639,39.2145892
1654944019,9.1012811,39.2554062
1654944054,9.1011554,39.2554913
1655958384,9.0984057,39.2527357
1655958389,9.0988264,39.2527687
1655958390,9.0987177,39.2528011
1655958396,9.0984729,39.2528747
1655958426,9.0982092,39.2532321
1655958429,9.0981028,39.2532614
1655958548,9.0980857,39.2537536
1655958567,9.0980702,39.2538671
1655958578,9.0979447,39.2539078
1655958584,9.0974819,39.2539433
1655958593,9.098168,39.2540584
1655958611,9.0990992,39.2545835
1656879027,9.0543227,39.2179431
1667574972,9.1197332,39.2285371
1667603734,9.1261876,39.2268388
1667603762,9.1263106,39.2269469
1667603765,9.1266733,39.2269009
1667603787,9.1263268,39.2276133
1667603838,9.1263301,39.2278288
1667603839,9.1213538,39.2278785
1667626733,9.1187542,39.2282544
1667665161,9.1198449,39.2266472
1667665174,9.1196669,39.227129
1667665188,9.1162499,39.2275409
1667681603,9.1180137,39.2231194
1667681633,9.1180612,39.2232331
1667696748,9.1196907,39.2240972
1667696767,9.1190699,39.2252116
1667696791,9.118877,39.2255335
1667696794,9.1189832,39.2255064
1667837824,9.1154283,39.2492249
1667842536,9.1169511,39.2443321
1667842538,9.1165404,39.2453755
1667842558,9.1139066,39.252207
1667876404,9.1218882,39.2188787
1667876429,9.121732,39.2189588
1667876438,9.1219078,39.2190101
1667883189,9.1173278,39.2167393
1667889525,9.1064091,39.2304647
1667934176,9.118036,39.2146635
1667934202,9.1179678,39.2159393
1667934213,9.1194408,39.216611
1667934217,9.1197764,39.2177708
1667934248,9.1196085,39.2194832
1667934253,9.1194343,39.2195637
1667934256,9.1199064,39.2199481
1667934273,9.1191235,39.2204435
1667934279,9.1207239,39.2206598
1667934281,9.1215583,39.222463
1667953602,9.1196145,39.2216546
1667958014,9.1150752,39.2164548
1669281976,9.094737,39.2283174
1669281986,9.0943691,39.2283423
1669307377,9.0978706,39.2278575
1669385003,9.1022809,39.2310062
1669385014,9.102787,39.2310376
1669385090,9.1032443,39.2320028
1670020236,9.1190232,39.2133162
1670020248,9.1180781,39.2150145
1670025023,9.1171938,39.2159674
1670058765,9.117108,39.2144999
1670070652,9.1156012,39.2126685
1670096720,9.1147974,39.2088504
1670096733,9.11493,39.20894
1670096766,9.1152455,39.2097363
1670286551,9.1143018,39.2153421
1670286555,9.1142302,39.215484
1670325040,9.1138352,39.2152623
1670325042,9.1129329,39.2155206
1670325044,9.1136019,39.2155523
1670325062,9.1134577,39.2159728
1670325065,9.1135765,39.2160797
1670326725,9.113164,39.2169138
1670370414,9.1153087,39.2133529
1670370415,9.1152775,39.2133667
1670370417,9.1131587,39.2135232
1670375727,9.1137968,39.2147825
1670467879,9.1201274,39.2114003
1670467892,9.1195006,39.211605
1670467942,9.1188577,39.211736
1670467946,9.1189028,39.2118368
1670467947,9.1207748,39.2130707
1670467957,9.1210688,39.2131422
1670467984,9.1211035,39.2131512
1670468013,9.1210065,39.2132182
1670468027,9.1211161,39.2132282
1670468035,9.1210776,39.2132451
1670485116,9.1199889,39.2114456
1670485118,9.1198327,39.2114966
1670485120,9.1196945,39.2115417
1670485122,9.1195456,39.2115903
1670485138,9.1202312,39.2120263
1670485139,9.1200605,39.2120615
1670485140,9.1199144,39.2120977
1670485143,9.1204204,39.2121162
1670485144,9.1197617,39.2121357
1670485147,9.1202761,39.2121509
1670485153,9.1204778,39.2122621
1670485156,9.1194683,39.2122659
1670485168,9.1193826,39.2122845
1670485169,9.1203352,39.2122969
1670485171,9.1192608,39.212311
1670485173,9.1195503,39.2123256
1670485174,9.1190962,39.2123467
1670485176,9.1203693,39.2123893
1670485177,9.1196095,39.2124682
1670485178,9.1196454,39.2125547
1670485180,9.1195082,39.2125861
1670485202,9.1193695,39.2126178
1670506989,9.1227975,39.2099996
1671052617,9.1177074,39.2168527
1671052676,9.1189755,39.2191458
1671059699,9.1195151,39.2182838
1671059704,9.1191771,39.2183289
1671059707,9.1184304,39.218423
1671059709,9.1195722,39.218639
1671059712,9.1192551,39.2186825
1671059739,9.1188751,39.2187494
1671059744,9.1196705,39.21903
1671059747,9.1193423,39.2190782
1671059755,9.118594,39.2191993
1671067158,9.1194319,39.2174317
1671067165,9.1191537,39.2175421
1671070931,9.1204179,39.2182787
1671070935,9.1198368,39.2185549
1671083111,9.1175482,39.2166246
1671083114,9.1171497,39.2166961
1671083115,9.1175068,39.2167424
1671083118,9.1173944,39.2167686
1671107668,9.1181407,39.2200969
1671721062,9.1180303,39.2199078
1671721064,9.1181592,39.2222129
1671722050,9.1147109,39.2161993
1671739088,9.1162581,39.2121025
1672351463,9.1092776,39.2157102
1673201087,9.1244236,39.2141947
1673201147,9.1254175,39.2163734
1673201163,9.1262986,39.2169777
1673201169,9.1250735,39.220878
1673201177,9.1251061,39.2210745
1673201181,9.1249144,39.2211054
1673201184,9.1248787,39.2211275
1673201186,9.1252687,39.2211508
1673201205,9.1252808,39.2213873
1673201218,9.1248616,39.22141
1673201221,9.1247363,39.2214377
1673201233,9.1251249,39.2214735
1673201236,9.1250223,39.2214777
1673365933,9.1231566,39.214926
1673365940,9.123889,39.2151623
1673365943,9.1230456,39.2155229
1673365947,9.1238127,39.2155899
1673386904,9.1211866,39.2128054
1673386905,9.1224823,39.2128118
1673396146,9.1259638,39.2195619
1673422345,9.1291556,39.2134886
1673422347,9.1298475,39.2139193
1673422349,9.1286501,39.2139645
1673422351,9.1273205,39.2151883
1673422357,9.1273454,39.2157339
1673422368,9.1261303,39.2160273
1673422374,9.1257802,39.2161921
1673422376,9.1262827,39.2165098
1673422378,9.1257898,39.2165234
1673422379,9.1262873,39.2166122
1673422380,9.1257928,39.2166244
1673422381,9.1258005,39.2168891
1673422392,9.1274355,39.2173123
1673422397,9.1266629,39.2173781
1673422399,9.127459,39.2173846
1673430088,9.1274342,39.2158268
1673430092,9.127446,39.2160927
1673430093,9.1274849,39.2170185
1673433342,9.1253474,39.2166976
1673449317,9.1274814,39.217954
1673668913,9.1200138,39.2150581
1673791786,9.1278264,39.210319
1673791845,9.1282915,39.2135746
1673791867,9.1282351,39.2138732
1673960241,9.1252513,39.2079407
1674352599,9.1232995,39.2094551
1674352613,9.1234687,39.2095538
1674375351,9.1307634,39.205697
1674375354,9.1308403,39.2057589
1674375358,9.1271951,39.206948
1674375365,9.1278837,39.2073729
1674375369,9.1256522,39.2081888
1674375378,9.1317289,39.20967
1674550416,9.1356612,39.2017261
1674550417,9.136112,39.2017704
1674550441,9.132674,39.2018622
1674550472,9.1323799,39.2020302
1674550487,9.1385651,39.2022353
1674550490,9.1391701,39.2024962
1674550516,9.1352866,39.2037281
1674550524,9.1366033,39.2038339
1674550549,9.1369349,39.2040894
1674550551,9.1366645,39.2041097
1674550559,9.1373222,39.2041923
1674550587,9.1376844,39.2045832
1674550590,9.1380717,39.2045981
1674560778,9.1305868,39.2054027
1674798741,9.1423566,39.2046263
1674798787,9.1425268,39.2049668
1674798831,9.1354255,39.2067069
1674798836,9.1352786,39.2070005
1674798859,9.1357196,39.2070733
1674798860,9.1354761,39.2071253
1674798861,9.1355799,39.2071908
1674798862,9.134894,39.2072158
1674798864,9.1353164,39.2072543
1674798868,9.1357741,39.2073134
1674798882,9.1382903,39.2079464
1674798904,9.1421018,39.2080212
1674798907,9.141755,39.2080601
1674798919,9.135191,39.2091402
1674798926,9.1334794,39.2092722
1674798988,9.1412114,39.2109525
1674798994,9.1412155,39.2110505
1674799032,9.1418468,39.2114388
1674799051,9.1418805,39.21174
1674799065,9.1419321,39.2118186
1674799213,9.1310656,39.2200296
1674799232,9.133013,39.2204598
1674799240,9.1342379,39.2209236
1674810055,9.133801,39.2207391
1674810066,9.1337311,39.2207491
1674810076,9.1339114,39.2207915
1674810101,9.1336612,39.2208915
1674810106,9.1339122,39.2209039
1674810108,9.134102,39.220923
1674810117,9.1338972,39.22092
1674810120,9.1337032,39.2209339
1674810141,9.1339092,39.2210123
1674822346,9.1389399,39.2201756
1674822359,9.1370169,39.2226455
1674822361,9.1378852,39.2228847
1674822362,9.137555,39.2229295
1674822363,9.1369247,39.2229365
1674822377,9.1347355,39.2232117
1674822380,9.135173,39.2234265
1675626870,9.1307531,39.2200122
1675626907,9.1301853,39.2202101
1675626909,9.1302968,39.2202342
1675626915,9.1302437,39.2204644
1675626933,9.1302356,39.2242218
1675755026,9.1341617,39.2214544
1675755071,9.132724,39.2262673
1675755078,9.1326415,39.2265257
1675779139,9.1351989,39.2241696
1675779142,9.1356558,39.2243608
1675779149,9.1330187,39.227292
1675787958,9.1375597,39.2283201
1675787959,9.1374986,39.2284471
1675787963,9.1381637,39.2298217
1675787966,9.1370017,39.2301012
1675787983,9.1362193,39.231156
1675787986,9.1359015,39.2315405
1675787988,9.1370707,39.2318068
1675819901,9.1318691,39.2272977
1675819916,9.1320686,39.22754
1675819917,9.132306,39.2278483
1675819919,9.1324301,39.2279102
1675819921,9.1323707,39.2279324
1675819935,9.1319663,39.2281303
1675819942,9.1317484,39.2282369
1675819943,9.1317936,39.2282961
1675819956,9.1330097,39.2288999
1675819957,9.133201,39.2291484
1675855844,9.1400496,39.2333407
1675855846,9.1404021,39.2336516
1675855870,9.1417865,39.2351727
1675990962,9.1375879,39.2236552
1675990965,9.1382009,39.2237984
1675990967,9.1381795,39.2248872
1676722924,9.1339821,39.2149648
1676722927,9.1369219,39.2150008
1676722953,9.1364463,39.2151586
1676723000,9.1343651,39.2157879
1676723003,9.1347847,39.2157895
1676723047,9.1365245,39.2165275
1676723074,9.136717,39.2166701
1676834997,9.1228264,39.2198181
1676834998,9.1224333,39.220192
1676834999,9.1222368,39.22086
1676835000,9.1223953,39.2213839
1676835003,9.1243437,39.2220438
1676835004,9.123575,39.2220597
1676835005,9.1243597,39.2224159
1676835007,9.1221991,39.2234544
1676835014,9.1270287,39.2244792
1676835015,9.12515,39.2250323
1676835016,9.1244373,39.2250503
1676842196,9.1263166,39.2246714
1676842198,9.1255351,39.2246912
1676853942,9.1293874,39.2261574
1676853944,9.1302512,39.2271948
1676857165,9.130437,39.2282093
1676857166,9.1298503,39.2286705
1676861592,9.1270906,39.2254273
1676861600,9.1266403,39.2254358
1676874925,9.1274,39.2284934
1676874927,9.1260198,39.2287996
1676874928,9.1252523,39.2288129
1676874931,9.1260259,39.2291241
1676874933,9.125266,39.229149
1676874935,9.1249633,39.2291543
1676874938,9.1260377,39.229449
1676874939,9.1252776,39.2294657
1676874941,9.1247162,39.2296451
1676874952,9.1248662,39.2297661
1676874956,9.124304,39.2300428
1676917328,9.1301737,39.2295007
1676917329,9.129304,39.2295835
1676917330,9.1297871,39.2296043
1676930705,9.126172,39.2313634
1676930706,9.124596,39.2315407
1676930736,9.1244174,39.2318108
1676930753,9.126929,39.2344359
1676930759,9.1271131,39.2349072
1676932920,9.1283148,39.2339585
1676935949,9.1275489,39.2283171
1677391268,9.1189353,39.2105676
1677395629,9.1168347,39.2113754
1677395642,9.1170902,39.2116009
1678129441,9.1169487,39.226361
1678129447,9.1171123,39.2263933
1678129451,9.1183492,39.2272054
1678129457,9.1167729,39.2302556
1678129461,9.1149884,39.2307336
1678129465,9.1158226,39.230916
1678129467,9.1147049,39.230918
1678129468,9.1148565,39.2310355
1678144312,9.109824,39.2256504
1678144321,9.1107841,39.225961
1678144324,9.1104607,39.2260014
1678144337,9.1109721,39.2261697
1678144339,9.1107327,39.2270715
1678144347,9.1094169,39.2273596
1678144366,9.1095113,39.2273628
1678144371,9.1093872,39.2274124
1678144382,9.1094481,39.227463
1678144389,9.1094713,39.2274635
1678144410,9.1103577,39.2278083
1678144427,9.1113855,39.2278964
1678144431,9.1114464,39.2281307
1678151019,9.1154687,39.2240575
1678151023,9.1151293,39.2241602
1678151044,9.1153571,39.2241404
1678288900,9.1097805,39.2145461
1678304045,9.1127493,39.2165536
1678304054,9.1060839,39.220355
1678318337,9.1022836,39.2209545
1678318338,9.1071817,39.2226633
1678318341,9.1070671,39.2228371
1678328949,9.0993052,39.2287544
1678893817,9.1013047,39.2332409
1679571341,9.0986157,39.2392977
1679571344,9.0990076,39.239468
1679571347,9.0981348,39.2395159
1679595412,9.096753,39.2411439
1679595415,9.0970235,39.2411517
1679595416,9.0971116,39.2411519
1679595417,9.0971094,39.2414642
1679627336,9.1024053,39.2382853
1679627339,9.1025503,39.2384591
1679627341,9.1026718,39.2386046
1679627343,9.1016881,39.2386444
1679627345,9.1028222,39.2387847
1679627347,9.1018332,39.2388182
1679627349,9.1019546,39.2389637
1679627351,9.102105,39.2391439
1679627353,9.1033569,39.2392346
1679627359,9.1029905,39.239401
1680813061,9.1123315,39.2374943
1680813073,9.1081549,39.2415291
1680813089,9.1019435,39.2429512
1680813091,9.1042942,39.2434108
1680813093,9.1045913,39.2438018
1680813095,9.1037193,39.2443046
1680813097,9.103377,39.2444794
1680817590,9.1091702,39.2397357
1680817599,9.1098263,39.2400749
1680817616,9.1101774,39.2402527
1680817620,9.1080461,39.2403507
1680817652,9.1092228,39.2408159
1680817653,9.1074766,39.240876
1680817662,9.1078617,39.241165
1680817693,9.108312,39.2414914
1681986909,9.1153481,39.2186354
1683133733,9.1412171,39.20184
1683133764,9.1305321,39.2028319
1683133876,9.1167608,39.2117345
1683149270,9.156255,39.1943535
1683149289,9.147173,39.201777
1683149295,9.1448534,39.2022933
1683149298,9.146923,39.2026883
1683149301,9.1469447,39.2029664
1683149304,9.1441342,39.2039217
1683149308,9.1439023,39.204052
1683149320,9.1443088,39.2042428
1683149330,9.1446496,39.2045297
1683419375,9.1526703,39.1962331
1683419380,9.1533906,39.1969858
1683419382,9.1530615,39.1971825
1683419388,9.1515752,39.1980047
1683419394,9.1521643,39.1986788
1683419429,9.152277,39.1997713
1683419433,9.151769,39.1997986
1683419437,9.1520685,39.1999838
1683419445,9.151567,39.1999947
1683419461,9.1516432,39.2002698
1683419468,9.1514114,39.2004981
1683419476,9.1468585,39.2012232
1683419498,9.1434971,39.2029791
1683419503,9.1437647,39.2030137
1683419518,9.1434825,39.2031362
1683475828,9.1656335,39.1887733
1683475844,9.1459607,39.1958749
1683475847,9.1456709,39.1961773
1683475937,9.1435371,39.1984068
1683475959,9.1438679,39.1985321
1683529898,9.1389568,39.1925023
1683529920,9.1388152,39.1925788
1683529922,9.1390823,39.1925757
1683529923,9.138809,39.1926143
1683529926,9.1390785,39.1926539
1683529947,9.138957,39.1927198
1683529968,9.1387398,39.1927981
1683530041,9.1357357,39.1947448
1683530057,9.1355191,39.1948667
1683530080,9.1355129,39.1949243
1683530084,9.1351691,39.1949757
1683530088,9.1364415,39.1949714
1683530112,9.1355519,39.1953416
1683530163,9.1375318,39.1964245
1683530166,9.1382745,39.196528
1683530188,9.1378285,39.1966401
1683530189,9.1379772,39.1966563
1683530190,9.1378909,39.1968292
1683530191,9.1378829,39.1970936
1683530196,9.137878,39.1972568
1683530211,9.1377646,39.1974396
1683530214,9.1377476,39.1974582
1683530217,9.1379197,39.1974677
1683530225,9.1379233,39.1975008
1683530248,9.137816,39.1975614
1683569157,9.133414,39.1967169
1683569172,9.1333868,39.1971699
1683569182,9.133653,39.1971689
1683569184,9.133679,39.1971998
1683569209,9.1334991,39.1973937
1683569236,9.1330376,39.1975623
1683569264,9.132527,39.1979911
1683569290,9.1319132,39.1983986
1683569294,9.1318851,39.1984138
1683569320,9.1321805,39.1985713
1683569337,9.1319095,39.1986477
1683569344,9.1315075,39.1986595
1683569362,9.1303335,39.1986918
1683569367,9.1302911,39.1987094
1683569378,9.1302582,39.1987366
1683569406,9.1304924,39.1988722
1683569408,9.1304486,39.1988997
1683569488,9.1299133,39.2002216
1683572765,9.1347924,39.1950497
1683584086,9.1380822,39.2012219
1683584087,9.138183,39.201229
1683584092,9.1418893,39.2012667
1683584103,9.1416529,39.2013013
1683584104,9.1382247,39.2012946
1683584115,9.1380735,39.2013587
1683584124,9.140524,39.2014062
1683616587,9.1399621,39.1987458
1683616592,9.1407179,39.1989838
1683616595,9.1403297,39.1992195
1683616617,9.1383188,39.1994606
1683616634,9.1393865,39.1995712
1683616641,9.1389407,39.1996417
1683616651,9.1417066,39.1998427
1683616659,9.1419041,39.1998569
1683752066,9.1315393,39.1987844
1683752070,9.1317097,39.1988154
1683752076,9.1307881,39.198894
1683752099,9.1303516,39.1990736
1683752156,9.1304017,39.2003135
1683775560,9.1345864,39.2008476
1683775567,9.1362107,39.2009947
1684722603,9.1409726,39.2030685
1684722606,9.1411387,39.2032271
1684735818,9.1597364,39.1927991
1684735831,9.1568973,39.19394
1684735837,9.1568081,39.1940336
1684735864,9.1565479,39.1940579
1684735885,9.1567569,39.1943216
1684747483,9.1571577,39.1938838
1684754778,9.1577995,39.1967803
1684754782,9.1584443,39.1985903
1684754783,9.1583549,39.1986019
1684754793,9.1595644,39.2014839
1684764176,9.1594124,39.1930616
1684764191,9.1583156,39.1933552
1684764193,9.1583493,39.1934242
1684764194,9.1583648,39.1934559
1684764205,9.1584131,39.1935638
1684764213,9.156859,39.1936828
1684764214,9.1569213,39.1938087
1684764221,9.1569749,39.193922
1684874414,9.0954237,39.2493815
1684874429,9.0958429,39.2495574
1684917859,9.0959332,39.2494445
1684917861,9.0959007,39.2494822
1684917863,9.0958718,39.2495182
1684917878,9.096139,39.2495817
1684917881,9.0961089,39.2496219
1686004905,9.1326212,39.2335973
1686004939,9.131729,39.2345725
1686004955,9.1334797,39.2348278
1686005013,9.1337633,39.2357312
1686005015,9.1344263,39.2357362
1686005032,9.1331398,39.235761
1686005037,9.1337672,39.2358022
1686005042,9.1341053,39.2358781
1686005047,9.1345777,39.2359871
1686023334,9.1369335,39.2365239
1686023336,9.13739,39.2368516
1686023337,9.1366672,39.2374602
1686023340,9.1371643,39.2375424
1686023349,9.1362431,39.2379282
1686023362,9.1362671,39.237998
1686023363,9.1361394,39.2379982
1686023364,9.1361543,39.2380139
1686041728,9.1184885,39.2395216
1686041738,9.1158854,39.2407489
1686041739,9.1168081,39.2408602
1686041740,9.1178041,39.2408676
1686041758,9.1177733,39.2408715
1686041768,9.1178991,39.2409405
1686041778,9.1177449,39.2409997
1686041782,9.1178618,39.2410001
1686042945,9.1145234,39.2434317
1686069360,9.1147626,39.2088981
1686069361,9.1149231,39.2088634
1686077448,9.1154773,39.2101812
1686078441,9.1158709,39.2106181
1687283514,9.1097115,39.2141565
1687283525,9.1097788,39.2141718
1687283549,9.109643,39.2141684
1687283557,9.1098361,39.214223
1687283604,9.1098429,39.2142906
1687283645,9.1097153,39.2143731
1687283654,9.1094243,39.2143334
1687418135,9.172822,39.2125501
1687418137,9.1722824,39.2122445
1687418165,9.1703668,39.2107228
1687418196,9.1674107,39.208353
1687418199,9.1731298,39.2127238
1687418211,9.1751121,39.213802
1687418218,9.1798791,39.216424
1687425098,9.1648155,39.2065118
1687425102,9.1647084,39.2065683
1687425119,9.1650951,39.2061993
1687425135,9.1670086,39.2080361
1687425159,9.1671968,39.2081829
1687463219,9.1440475,39.245648
1687463223,9.1466632,39.2434312
1687477552,9.1439734,39.2138946
1687477554,9.1430283,39.2127095
1687566712,9.1611651,39.2017121
1687566716,9.1613368,39.2016354
1687566720,9.1610758,39.2017521
1687566722,9.1615551,39.2022251
1687566724,9.1606647,39.2011077
1687566731,9.1611126,39.2017356
1687566733,9.1609348,39.2018151
1687566736,9.1617146,39.2021535
1687566737,9.1613854,39.2024335
1687702105,9.1396832,39.2493237
1687702106,9.1390156,39.2497787
1687702108,9.1389279,39.2497046
1687702113,9.1406216,39.2499216
1687702118,9.1393294,39.2495648
1687702121,9.1385054,39.2501521
1687702125,9.1402575,39.2493934
1687702133,9.1384217,39.2500787
1687702140,9.1377799,39.2506709
1687702142,9.1407509,39.2498229
1687702147,9.1392353,39.2494774
1687702151,9.1395799,39.2492228
1687702155,9.1401801,39.249547
1687704190,9.14197,39.2453963
1687704193,9.1424008,39.2456659
1687704194,9.142543,39.2457597
1687705213,9.1412658,39.23836
1687705214,9.141403,39.2384852
1687705219,9.1409702,39.2387931
1687705220,9.1408249,39.238668
1687712643,9.137595,39.2511878
1687802801,9.1136021,39.2247776
1687802838,9.1125321,39.2260538
1688374152,9.1615489,39.2035649
1688374231,9.1618744,39.2044215
1688374259,9.1637371,39.2061986
1688374260,9.1636334,39.2062426
1688374290,9.1630846,39.2064822
1688374295,9.1630079,39.2065167
1688374324,9.1636867,39.2072215
1688374342,9.1644753,39.2074501
1688374343,9.1649996,39.2074923
1688374355,9.1643396,39.2075783
1688374370,9.1639355,39.207778
1688374469,9.1649286,39.2096897
1688385746,9.1708121,39.2149534
1688401729,9.180384,39.2174204
1690187075,9.1204594,39.2377611
1690187078,9.1200943,39.2381066
1690192560,9.1246918,39.2371366
1690192561,9.1243373,39.2373858
1690192562,9.1243742,39.2375616
1690192564,9.1232055,39.2383646
1690193463,9.122422,39.2423599
1690206281,9.1258427,39.241829
1690492523,9.1520402,39.1911012
1690492528,9.1515641,39.1915429
1691714094,9.1259185,39.2037022
1691714106,9.1274375,39.2046312
1691714111,9.1280201,39.2051952
1691714113,9.1279917,39.2052292
1691714118,9.1278315,39.2056898
1691714736,9.1270771,39.2050507
1691714741,9.1278938,39.205174
1691714746,9.1260689,39.2053839
1691714747,9.1261724,39.2054074
1691734859,9.1255599,39.2041172
1691734861,9.1247767,39.2049838
1691734862,9.1243949,39.2054063
1691892247,9.1765415,39.2149035
1691892255,9.1749879,39.2155422
1691892302,9.1766961,39.2146786
1692157062,9.1123593,39.2298675
1692157065,9.1110326,39.2288885
1692157081,9.1112055,39.2290134
1692157092,9.1119725,39.2295575
1692181698,9.1156798,39.2146816
1692370545,9.1392905,39.2359825
1692370556,9.1395939,39.2357345
1693050683,9.0964384,39.2589455
1693307316,9.1385619,39.2373387
1693312911,9.142536,39.2378938
1693318051,9.1388514,39.2434797
1693738316,9.1359941,39.2471262
1693738428,9.135309,39.2479591
1693738482,9.13574,39.2492363
1693747747,9.1366193,39.2477479
1693747756,9.1351941,39.2480714
1693747760,9.1351357,39.2482063
1693747764,9.1359585,39.2483695
1693747765,9.1360952,39.2484558
1693747767,9.1353741,39.2485436
1693747769,9.1359691,39.248571
1693747770,9.1355065,39.2486283
1693747783,9.1358601,39.2486706
1693747787,9.1356486,39.2487193
1693747789,9.1357416,39.2487789
1693747800,9.1352019,39.2489152
1693747801,9.1353312,39.2489997
1695185671,9.1195211,39.2174302
1695229347,9.129298,39.2462238
1695229400,9.131822,39.2492161
1695229422,9.1118745,39.2284869
1695229429,9.1308125,39.2466513
1695229489,9.1311808,39.2469269
1695229490,9.1300675,39.2470813
1695229506,9.1311546,39.2483629
1695229582,9.1133233,39.2288529
1695229608,9.112462,39.2282991
1695235289,9.121707,39.2285381
1695235317,9.1242039,39.2285751
1695235321,9.1202742,39.226341
1695235332,9.1233261,39.2285964
1695235349,9.1220839,39.2285456
1696297092,9.1423606,39.2456995
1696297137,9.1372738,39.2426002
1696297294,9.1399392,39.2441295
1696300628,9.1198786,39.2277169
1696300631,9.1200187,39.2281185
1696300638,9.1200885,39.2280827
1696300643,9.1199321,39.2277475
1697838873,9.1398739,39.2408613
1698382505,9.1321345,39.2469667
1698382506,9.1315771,39.2472868
1698382511,9.1314336,39.2474261
1698416576,9.1269659,39.2444809
1698421798,9.1304418,39.2475453
1698427745,9.1325373,39.2474385
1698427759,9.1325941,39.2474087
1698427776,9.1319913,39.2477263
1698427778,9.1322906,39.2475548
1698427780,9.1333527,39.2484064
1698427782,9.1331507,39.2485186
1698427786,9.132708,39.247349
1706079801,9.1378648,39.2340675
1706079804,9.1370363,39.2340569
1706079805,9.1374364,39.2337471
1706079806,9.1373924,39.2338897
1722803148,9.1076317,39.2488563
1727521111,9.1291663,39.2461426
1733233970,9.0777216,39.2288031
1733233979,9.0838963,39.2104016
1733233982,9.0842,39.2080678
1733233984,9.0825901,39.2093437
1733234001,9.0798703,39.2265856
1733234012,9.0766584,39.2297989
1733234027,9.0815842,39.212247
1733234069,9.0823364,39.2183923
1733234080,9.0794642,39.2264198
1733259476,9.0717779,39.2274902
1733259517,9.0731383,39.2281369
1733259587,9.0709939,39.2265947
1733933051,9.1105641,39.2441984
1733964851,9.110645,39.2434461
1735346746,9.1347587,39.2450842
1735346750,9.1345051,39.2467775
1735346764,9.1322194,39.2427503
1735346767,9.1321994,39.2422716
1735346771,9.1321431,39.2436298
1735346774,9.13259,39.2432402
1735346778,9.1324623,39.2430296
1735346786,9.134242,39.2466077
1735346798,9.1354019,39.2456279
1738709233,9.1296225,39.2465131
1739324841,9.085999,39.2580232
1748744661,9.115985,39.2565768
1748744679,9.1162566,39.2569061
1748744690,9.1155188,39.257411
1748744698,9.1144375,39.257612
1748744702,9.1157469,39.2576484
1748744752,9.1146202,39.2584932
1748744760,9.115126,39.2585248
1748744783,9.1148908,39.2587442
1748744790,9.1147852,39.2588427
1748744795,9.1165608,39.2592344
1748752393,9.1201124,39.2529951
1748752407,9.1214709,39.254544
1748752445,9.1204492,39.2555839
1748752536,9.1219132,39.2585284
1748752551,9.1241403,39.2587882
1748752560,9.123134,39.2600944
1748752562,9.1166384,39.2601086
1748752596,9.118193,39.2614658
1748752599,9.1175761,39.2615078
1748752603,9.117707,39.2616887
1748752610,9.1189172,39.2628442
1748752617,9.1183516,39.2629927
1748752620,9.1183679,39.2630327
1748752623,9.1171486,39.2633348
1748752625,9.1172734,39.2636109
1748770251,9.120416,39.2586302
1748781096,9.1200588,39.2612316
1752677525,9.1130434,39.2543384
1752677527,9.1143744,39.2545274
1752677532,9.1163472,39.2553047
1752677708,9.1168634,39.2544861
1752677710,9.116899,39.2550203
1752939220,9.1153273,39.2524942
1752939252,9.1135177,39.2536977
1752939254,9.1135143,39.2537159
1752939284,9.1159591,39.2560733
1752939285,9.1153097,39.2565495
1752979696,9.1187314,39.2510606
1752979699,9.1188807,39.2510478
1752979702,9.1187845,39.2511096
1752979743,9.1208215,39.2524915
1752979752,9.1204616,39.2524841
1752979785,9.1209632,39.2527191
1752979809,9.1197539,39.2532508
1752979810,9.1184139,39.2532738
1752979821,9.1180151,39.2537208
1753738380,9.1256068,39.2526209
1753738382,9.1220732,39.2528978
1753738383,9.1259947,39.2529094
1753738386,9.1236469,39.2535426
1753738387,9.1282024,39.2536106
1753738388,9.1230702,39.2538522
1753738390,9.1239396,39.2554245
1753738394,9.1277206,39.2566621
1753738395,9.1280761,39.2568051
1753738396,9.1275847,39.2571881
1753738398,9.1274874,39.2574974
1753738402,9.1244874,39.2583126
1753739585,9.1269747,39.2586705
1753739586,9.1266174,39.2591786
1753953615,9.1283661,39.2526895
1753953616,9.1287407,39.2529863
1754665831,9.1338625,39.2528466
1755878003,9.1283794,39.2515786
1755878005,9.1283959,39.2519809
1756912919,9.0718861,39.2265574
1758172071,9.1279816,39.2466835
1758172072,9.1283063,39.2468023
1758172074,9.1282595,39.2472307
1758172075,9.1273054,39.2474774
1758172076,9.1276311,39.2475142
1758174741,9.1244286,39.248886
1758174742,9.1247447,39.2492042
1758204899,9.1167147,39.2493581
1761987595,9.1205126,39.2457531
1761990142,9.1258053,39.2454404
1761990144,9.1256883,39.2455981
1761990145,9.1262193,39.2458156
1761990146,9.126094,39.2458536
1762006321,9.1290863,39.2349786
1762006322,9.1273971,39.2354935
1762006323,9.1274895,39.2356608
1762006325,9.1277021,39.2361306
1762006327,9.1300872,39.2373065
1762006337,9.1287127,39.2427759
1762006338,9.1291387,39.2429249
1762006341,9.1285069,39.2434244
1762006346,9.1293044,39.2437142
1762006347,9.1279218,39.2438712
1762006353,9.1268887,39.2444337
1762018479,9.1299016,39.2450308
1762018487,9.1302316,39.2453626
1762045125,9.1366452,39.242399
1762154122,9.1361371,39.2444792
1762154126,9.1301552,39.2469883
1762158631,9.1336096,39.2475706
1762158632,9.1338413,39.2478174
1762166879,9.1350713,39.2442019
1762166881,9.1355234,39.2442061
1762166889,9.1349016,39.2446393
1762166893,9.1351242,39.2448307
1762166899,9.1342548,39.2450757
1762166901,9.1337816,39.2450843
1762166903,9.1331984,39.2452098
1762166907,9.1344804,39.2452765
1762166909,9.1341245,39.2455226
1762166916,9.1343354,39.2457083
1762166922,9.1334746,39.2459772
1762166926,9.133682,39.2461583
1762166928,9.1341326,39.2461722
1762166937,9.1328054,39.2464421
1762166948,9.1330315,39.246621
1762177602,9.1344401,39.2486273
1762177616,9.1350725,39.2498665
1762177617,9.1353468,39.2499119
1762177619,9.1356064,39.2499772
1762177621,9.135277,39.250338
1764256106,9.1162071,39.2293755
1764256109,9.1170083,39.2298931
1765097597,9.1165563,39.2103291
1765097598,9.1167561,39.2108919
1767838635,9.1552073,39.1942462
1770781704,9.1328226,39.2472961
1771266363,9.1222171,39.2194293
1771291881,9.1116491,39.2345959
1771418915,9.1361772,39.2237915
1772678099,9.0967052,39.2431165
1794887793,9.1287374,39.2465415
1794887796,9.1290819,39.2460674
1821516827,9.1396906,39.2507149
1821516843,9.1383589,39.2513345
1821516854,9.1377101,39.2516255
1821516862,9.137943,39.2515059
1833995997,9.0946354,39.2481364
1833996003,9.0956772,39.248836
1833996006,9.0957771,39.2488914
1833996018,9.095265,39.2496016
1849046995,9.1074901,39.2103001
1849047004,9.1038561,39.2113243
1849047009,9.1051237,39.2137313
1857442291,9.1113737,39.2303578
1857442292,9.1122196,39.2299512
1857442295,9.1113898,39.2301916
1857442296,9.1121095,39.2298895
1857442297,9.1120071,39.2297995
1861715043,9.1432886,39.2052654
1878252140,9.1275677,39.2020088
1878252186,9.1291084,39.201748
1912111921,9.1472074,39.1856162
1912111925,9.1445813,39.1865206
1912111946,9.1464993,39.1870507
1912111954,9.1465569,39.1879379
1912111956,9.1461969,39.1877751
1912111961,9.1466146,39.1900194
1912111976,9.1466296,39.1860899
1912112024,9.1468585,39.1862898
1912112053,9.1448873,39.1913904
1912112055,9.1471423,39.1860026
1959410511,9.1461424,39.2056517
1959410512,9.1496422,39.2063455
1959410514,9.1518495,39.2065299
1959410515,9.1492601,39.2065792
1959410518,9.1516527,39.207136
1959410580,9.1495666,39.2081875
1959410582,9.1495793,39.20826
1959410587,9.1513918,39.208316
1959410609,9.1490645,39.2089589
1959410611,9.1492134,39.2090149
1959410633,9.1500132,39.2092734
1959410644,9.149073,39.2096545
1959410649,9.1491964,39.2097863
1959410657,9.1493935,39.2099833
1959410704,9.107322,39.2195834
1959410718,9.1150646,39.2258286
1976182207,9.1100937,39.2205487
1976182208,9.1101605,39.2205841
1976182209,9.1104998,39.2208158
1976182215,9.1102952,39.2217163
1976182216,9.1098413,39.2217615
1976182218,9.1111461,39.2219613
1976182221,9.1107627,39.2221389
1976182223,9.110083,39.2223743
1976182224,9.1103954,39.2223861
1976182225,9.1115651,39.2223756
1976182226,9.1112155,39.2224825
1976182228,9.1113051,39.2225651
1976182229,9.111789,39.2225726
1976182231,9.1115045,39.2227877
1976182232,9.1120871,39.2228348
1976182235,9.1112533,39.2230347
1976182236,9.1122548,39.2229824
1976182241,9.112235,39.2231071
1976182242,9.1124027,39.2231071
1976182243,9.1115842,39.223202
1976182246,9.1122653,39.2233171
1986475485,9.1084065,39.214797
2048787756,9.0990653,39.2132775
2048787821,9.0984256,39.2139054
2048787886,9.0991385,39.2130074
2048938337,9.1157312,39.2203032
2048938340,9.1100166,39.2141456
2048938346,9.1138541,39.2123104
2048938355,9.1116589,39.2133846
2048938358,9.1133202,39.2109959
2048938370,9.1138981,39.2121097
2048938422,9.1111019,39.2135849
2077277728,9.1328349,39.1979984
2077277781,9.132924,39.1994148
2077277785,9.1327201,39.199474
2077277801,9.1328607,39.1996155
2077277802,9.1328828,39.1997045
2085949196,9.1148058,39.2195065
2085949213,9.1150498,39.2179935
2085950253,9.1151991,39.220313
2085952625,9.1248369,39.2080002
2102247812,9.1282719,39.2184727
2140190728,9.1328748,39.1997657
2140190730,9.1328513,39.199912
2140190732,9.1328277,39.2000598
2140190736,9.132804,39.2002075
2140190739,9.1328944,39.2002672
2140190743,9.1327796,39.2003598
2140190747,9.1327556,39.2005096
2140190749,9.1327303,39.2006677
2140234830,9.1418243,39.1989024
2140234845,9.1416491,39.1991384
2140234865,9.1410947,39.1993212
2140234883,9.1402373,39.1996872
2140234901,9.1416552,39.2001625
2140234918,9.1361861,39.2011583
2140331516,9.1450326,39.2385783
2140331522,9.1454904,39.2388423
2161325695,9.1355424,39.2469179
2161354265,9.1374063,39.2459589
2161354277,9.1379442,39.2456256
2161354285,9.1375204,39.2460753
2161358975,9.1362516,39.2468417
2161358976,9.136552,39.2462393
2161358978,9.1367085,39.2463043
2161358979,9.1356224,39.2468962
2161358980,9.1369124,39.2457291
2161358988,9.1367601,39.2456572
2161358990,9.1370696,39.2458019
2161358992,9.1363999,39.2461739
2161358996,9.135723,39.2469591
2161358997,9.1366144,39.2455891
2161359000,9.1366821,39.2463411
2161359001,9.1362501,39.2460971
2161359003,9.1358613,39.2470395
2161361272,9.1363781,39.247244
2161361280,9.1375941,39.2463411
2161361282,9.137109,39.2468447
2161361284,9.137455,39.2464127
2161361291,9.1372547,39.2458881
2161361295,9.1368159,39.2467017
2161361299,9.1365265,39.2473163
2161361303,9.1366664,39.2466287
2161361305,9.1366785,39.247389
2161361309,9.1368283,39.2474596
2161361312,9.1372601,39.2469185
2161361314,9.1369632,39.2467736
2161367099,9.1373859,39.246242
2161370077,9.136115,39.2467636
2161371274,9.1357377,39.2470062
2161371297,9.1355935,39.2469444
2161371300,9.1345475,39.2481056
2161371308,9.1347057,39.2482115
2161371310,9.1350059,39.2479291
2161371315,9.1357622,39.2469812
2161388720,9.1355824,39.2473287
2161388722,9.1358339,39.247067
2161389996,9.1372419,39.2477028
2161389997,9.1368313,39.2481296
2161390003,9.1367486,39.247422
2161394958,9.1357336,39.249598
2225728432,9.1114932,39.2184257
2304179173,9.0979968,39.2339376
2304179174,9.0978093,39.2345494
2304179175,9.0980481,39.2346025
2304199864,9.0986046,39.2340676
2328804375,9.1282973,39.2317155
2332029254,9.1129509,39.2193177
2335285118,9.1191692,39.2389975
2335285127,9.1194634,39.2390741
2358432752,9.1278578,39.2448671
2358432755,9.1273742,39.2448153
2360687773,9.11394,39.2201529
2360687802,9.1125752,39.2207404
2400325953,9.1480942,39.1980663
2400325958,9.1184001,39.2108656
2400325979,9.1298026,39.212907
2400325981,9.1291794,39.2135034
2400325985,9.1286807,39.2139832
2400325987,9.1280712,39.2145765
2400325990,9.1274996,39.2151226
2400325992,9.1273232,39.2152479
2400325995,9.1266852,39.2156753
2400325997,9.1257822,39.216262
2400325999,9.125641,39.2163927
2400326006,9.1216711,39.2228031
2400326010,9.1217159,39.223623
2400326012,9.1217734,39.2237648
2400326014,9.1205573,39.2259328
2400326017,9.1205249,39.2261267
2400326019,9.120311,39.226353
2400326023,9.0959238,39.2270978
2400326025,9.1199175,39.2274987
2402958202,9.1436557,39.2005159
2402958204,9.1410704,39.2020667
2402958205,9.1380788,39.2047319
2402958207,9.1357296,39.2048435
2402958208,9.1340274,39.2050027
2402958209,9.1339251,39.2050134
2402958213,9.1218541,39.2200987
2402958214,9.1216766,39.2207643
2402958215,9.1214993,39.2215646
2402958216,9.1215655,39.2220869
2402958218,9.1409244,39.2453211
2402958219,9.1288837,39.2459283
2402958220,9.1359658,39.2471513
2407755219,9.116592,39.2181444
2409034913,9.1515749,39.1919191
2409034923,9.1447079,39.1973053
2414549152,9.1218836,39.2189176
2414549154,9.1218954,39.2189595
2414564715,9.1215063,39.2179453
2414564726,9.1219384,39.2189372
2414564729,9.1220001,39.2189507
2414578601,9.1201347,39.2149284
2414578603,9.1204985,39.2157423
2414578606,9.1249268,39.216417
2414578609,9.1219866,39.2195374
2414581875,9.1116415,39.2337729
2414581885,9.1111215,39.2335741
2414581888,9.1115154,39.2344604
2414581890,9.1111528,39.2339992
2414581902,9.1111314,39.2336946
2414581910,9.1113391,39.2339065
2414581918,9.1111048,39.2339692
2422262656,9.1190984,39.2409354
2422262660,9.1188588,39.2409661
2422262662,9.118702,39.2413384
2422262678,9.1188856,39.2409101
2422262680,9.1191203,39.2404031
2422262689,9.1189525,39.2407841
2422262696,9.1186837,39.2407154
2422262702,9.1188584,39.2403352
2422262710,9.1188318,39.241025
2422267067,9.1196163,39.2404963
2422267072,9.1197709,39.2404202
2422267083,9.1191403,39.240969
2422267092,9.1192056,39.2409832
2433711117,9.1120731,39.2516568
2433722238,9.1425634,39.2132276
2433722239,9.1410592,39.2172986
2433780807,9.1302758,39.2130744
2433780810,9.1301395,39.2131205
2433800913,9.1299749,39.2114743
2446933339,9.1198868,39.2142887
2453110397,9.1126843,39.2208686
2453110410,9.1139473,39.2194036
2455192425,9.1135525,39.2180548
2542811131,9.1157293,39.220583
2542811133,9.1109469,39.2185511
2543656195,9.1029327,39.2497552
2543656197,9.1186095,39.2397363
2543656199,9.1190187,39.2400355
2550866375,9.0879765,39.2539139
2550866380,9.0922016,39.2299007
2550866385,9.0918693,39.2298603
2550866388,9.0918871,39.2295576
2550989529,9.1328894,39.2104722
2550989532,9.1333752,39.210394
2550989582,9.1366124,39.2138199
2551007678,9.1536653,39.186134
2551007741,9.1585716,39.1873565
2551007815,9.1558806,39.1860261
2551007843,9.1602097,39.1895877
2551007866,9.1625459,39.1886854
2551007871,9.1630131,39.1888229
2551007882,9.1650328,39.1887141
2551007885,9.1654928,39.1886905
2551031952,9.1411044,39.1931171
2551031955,9.1409811,39.1931706
2551031963,9.1407609,39.1929958
2551031967,9.1405204,39.193079
2551031979,9.1402839,39.1926844
2551031990,9.1408599,39.1938791
2551031993,9.1410448,39.1933914
2551031999,9.139809,39.1940576
2551032006,9.1408437,39.19431
2551032014,9.1419813,39.194625
2551032020,9.1414158,39.1942739
2552400215,9.1064688,39.2142578
2552400217,9.1069248,39.2137405
2552400219,9.1157591,39.2223061
2552400221,9.1155713,39.222264
2624681266,9.0916065,39.212372
2624681270,9.0913561,39.2127129
2624681275,9.0915812,39.2137815
2624681276,9.091143,39.2138147
2624681348,9.0687683,39.2262205
2624681371,9.0710833,39.2270267
2624681409,9.0730838,39.2282014
2624824674,9.0787653,39.2132794
2624824682,9.078557,39.2135352
2624824703,9.0558567,39.2170446
2624824723,9.0558608,39.2171431
2624824730,9.05587,39.2175492
2634805107,9.1267225,39.2590291
2653449929,9.1304485,39.2241256
2653449930,9.1304592,39.2243788
2655580323,9.102799,39.2278655
2657295319,9.1095353,39.2273963
2680669633,9.1151879,39.2267692
2691478796,9.0871798,39.2470523
2691478798,9.0868942,39.2474182
2716878347,9.1376835,39.2257679
2817117992,9.1420681,39.1907653
2817118351,9.1408216,39.1915358
2817143822,9.1233494,39.2124835
2817150179,9.1110702,39.2148784
2817159303,9.1090103,39.2179879
2817160384,9.1127006,39.2183418
2817161169,9.1208386,39.2185299
2817163458,9.1132575,39.2192856
2817164859,9.115753,39.2196535
2817165852,9.113376,39.219922
2817165888,9.1137514,39.2199412
2817210912,9.1335513,39.236978
2817215135,9.1093831,39.2385964
2817217996,9.1257436,39.2396259
2817226661,9.1171147,39.2422536
2817245934,9.1329368,39.2480411
2817659493,9.1371141,39.214762
2817664401,9.1378144,39.2152393
2822821808,9.1220919,39.2508793
2826993775,9.0894891,39.2454012
2832287409,9.1628082,39.1888989
2833044501,9.1656181,39.1878537
2833044704,9.1637677,39.188237
2833058301,9.1432983,39.1867842
2833058306,9.1469789,39.1888498
2833058307,9.1476713,39.1875139
2833058310,9.1486496,39.1874756
2833058311,9.1487486,39.1874146
2833058403,9.1423917,39.1869427
2833065202,9.1314801,39.2023156
2842383201,9.1477584,39.1978304
2842383202,9.1464819,39.1969335
2842383203,9.1470839,39.1964948
2842383205,9.1475379,39.1960887
2844479881,9.1496915,39.1875827
2844479889,9.1438039,39.1981054
2844479892,9.151873,39.1955118
2844479893,9.1470649,39.1989474
2844479894,9.1475906,39.198486
2844479897,9.1514718,39.1881276
2844479899,9.1510618,39.1880001
2844479900,9.1452437,39.1981909
2844481702,9.1498974,39.197128
2844481716,9.1444006,39.1982602
2844481725,9.1477328,39.1985816
2853237869,9.1476291,39.1942431
2853237870,9.1469053,39.193903
2853237873,9.1466235,39.1936797
2853237874,9.1472875,39.1936614
2853237875,9.147089,39.1933392
2853237877,9.1463675,39.1932955
2853246657,9.1484248,39.1945407
2853246658,9.1487169,39.1941906
2853246659,9.1463929,39.1954869
2868746961,9.1163906,39.225365
2868746962,9.1160666,39.2254233
2868746965,9.1162784,39.2255039
2868746966,9.1164623,39.2255886
2868746971,9.1160186,39.225854
2868746976,9.1161761,39.2260745
2868746980,9.1162592,39.2262003
2882761593,9.1158929,39.2105753
2939669838,9.1128702,39.2240291
2939669840,9.1129917,39.2239998
2948574614,9.0713377,39.2269455
2948681436,9.1164958,39.2495803
2948685835,9.116276,39.2493542
2948688870,9.1158578,39.2499291
2948688873,9.115706,39.2496813
2948688881,9.1160609,39.2497048
2948688882,9.1158858,39.2496669
2948688884,9.1161692,39.2497728
2948688885,9.1160784,39.2495751
2948688886,9.1161917,39.2495331
2948688887,9.1159675,39.2495214
2948688888,9.1159794,39.2494078
2948688889,9.1155209,39.2496306
2948694579,9.1149019,39.2501127
2948694581,9.1146215,39.2500451
2948694582,9.1145455,39.2500285
2971775874,9.1483881,39.1985393
2971775875,9.1473153,39.2001449
2971775877,9.1468387,39.1988968
2971775881,9.1472564,39.1992437
2971775882,9.1482122,39.1987041
3001574289,9.1146587,39.2185147
3023818341,9.1207135,39.2362564
3023818342,9.1205825,39.2362512
3026165286,9.1075175,39.2136959
3042070152,9.1150381,39.2211206
3042308445,9.116658,39.2219508
3065557454,9.1267617,39.2041552
3069833826,9.0705437,39.2265618
3069833827,9.0705132,39.226801
3072718457,9.1155053,39.2516406
3077600976,9.1238773,39.2099334
3077600979,9.1239842,39.2112812
3077600986,9.1261507,39.2116582
3077600989,9.1245059,39.2117683
3077600990,9.1241121,39.2117785
3077600991,9.1239326,39.2117786
3077600992,9.1234131,39.2117879
3077600999,9.1240744,39.2122296
3078426928,9.126256,39.2093935
3078426932,9.1262599,39.2094635
3078449636,9.1262635,39.2095277
3078449637,9.1255937,39.20956
3078449645,9.1244965,39.2097684
3078449652,9.1244046,39.2098319
3078449661,9.1241435,39.2099002
3078449664,9.1235935,39.2099164
3078449670,9.1238796,39.2099575
3078449671,9.1236135,39.2099591
3078449680,9.1249228,39.2100587
3078449681,9.1253035,39.2100714
3078449684,9.1232343,39.2100811
3078449689,9.1248834,39.2101083
3078449695,9.1253068,39.2102811
3078449698,9.1250806,39.2102907
3078449700,9.1245338,39.2103139
3078449702,9.1244056,39.2103192
3078449704,9.1254251,39.2103365
3078449705,9.1253499,39.2103394
3078449706,9.1250575,39.2103503
3078449707,9.1249761,39.2103534
3078449708,9.1246813,39.2103644
3078449709,9.1245376,39.2103698
3078449710,9.1233535,39.210379
3078449711,9.1245414,39.210425
3078449712,9.1244617,39.210431
3078449714,9.1233613,39.2104806
3078449718,9.1258162,39.2106303
3078449720,9.1253729,39.2106492
3078449721,9.1250805,39.2106617
3078449722,9.1249973,39.2106652
3078449723,9.1247649,39.2106723
3078449724,9.1246979,39.2106741
3078449725,9.1245587,39.2106786
3078449726,9.1260356,39.2106951
3078449727,9.126156,39.2107112
3078449728,9.1245654,39.2107768
3078449729,9.1244828,39.2107793
3078449731,9.1239533,39.2108034
3078449732,9.1258302,39.2108123
3078449733,9.123388,39.2108293
3078449734,9.1253845,39.2108327
3078449736,9.1250905,39.2108461
3078449737,9.1250098,39.2108498
3078449738,9.1247751,39.2108611
3078449739,9.1247156,39.210864
3078449740,9.1245724,39.2108708
3078449742,9.1259897,39.2109755
3078449743,9.1258447,39.2110347
3078449744,9.1259114,39.211038
3078449745,9.1260933,39.2110487
3078449746,9.1261082,39.21105
3078449747,9.1262458,39.2110627
3078449748,9.1259174,39.2111113
3078449749,9.1258499,39.211115
3078449750,9.1257536,39.2111196
3078449751,9.1256622,39.211124
3078449752,9.1245911,39.2111252
3078449753,9.1245083,39.2111271
3078449754,9.125572,39.2111283
3078449755,9.1254927,39.2111321
3078449756,9.1254175,39.2111357
3078449757,9.1254039,39.2111364
3078449758,9.1253349,39.2111397
3078449759,9.1251095,39.2111505
3078449760,9.1250245,39.2111531
3078449761,9.1258526,39.2111626
3078449762,9.124737,39.211168
3078449763,9.1246283,39.2111736
3078449764,9.1234088,39.2111746
3078449769,9.1234159,39.2113014
3078449770,9.1260124,39.2113158
3078449771,9.1258629,39.2113211
3078449772,9.1257702,39.2113244
3078449773,9.1256843,39.2113275
3078449774,9.1256705,39.211328
3078449775,9.1255904,39.2113309
3078449776,9.1255055,39.2113339
3078449777,9.1254302,39.2113366
3078449778,9.12535,39.2113395
3078449779,9.1251225,39.2113476
3078449780,9.1250374,39.2113514
3078449781,9.1246442,39.21137
3078449783,9.1260423,39.2114172
3078449786,9.1259947,39.2116542
3078449787,9.1260236,39.2116549
3078449788,9.1259002,39.211656
3078449789,9.1258792,39.2116572
3078449790,9.1257974,39.2116618
3078449791,9.1257078,39.2116669
3078449792,9.125611,39.2116724
3078449793,9.1255298,39.2116771
3078449794,9.1254551,39.2116813
3078449795,9.1253759,39.2116869
3078449796,9.1251462,39.2117058
3078449797,9.1250641,39.211714
3078449798,9.1246751,39.2117516
3078449800,9.126013,39.2118451
3078449802,9.125813,39.2119129
3078449803,9.1257194,39.2119161
3078449804,9.1256275,39.2119224
3078449805,9.1255496,39.2119269
3078449806,9.1254732,39.2119307
3078449808,9.1251756,39.21203
3078449809,9.1250908,39.2120458
3093675494,9.1357735,39.2444447
3093675511,9.132792,39.2481165
3093675524,9.1336269,39.2482567
3093677149,9.1326359,39.2487354
3093677150,9.1326795,39.2487727
3093677152,9.131975,39.2490986
3093677153,9.1319955,39.2491222
3093831744,9.1356946,39.2490507
3093831751,9.1355643,39.2492839
3093855102,9.1330989,39.2359848
3093855109,9.1316156,39.2372449
3093865711,9.1328427,39.2356578
3093865712,9.1337546,39.2356536
3093865719,9.1323214,39.2362171
3093865720,9.1300021,39.2362781
3093865721,9.1299136,39.2362988
3093865722,9.1314252,39.2363399
3093865727,9.1308943,39.2364641
3093865728,9.131107,39.2365268
3093866829,9.1312404,39.2365661
3093866836,9.1312093,39.2368357
3093866837,9.1303209,39.236961
3093866839,9.1318831,39.2374007
3093998101,9.1055693,39.2138452
3093998103,9.1055304,39.2138562
3093998107,9.1054348,39.2139504
3093998109,9.1053188,39.2139908
3094014067,9.1060229,39.2147287
3094014071,9.1056125,39.2148537
3094049868,9.1465215,39.2050543
3094049875,9.1465739,39.2052527
3094049876,9.146313,39.2052553
3094049881,9.1496169,39.2053409
3094049889,9.1463018,39.205551
3094049894,9.1496397,39.2057378
3094276307,9.1648928,39.2192846
3129277331,9.1228248,39.2065872
3149619578,9.0337251,39.1681118
3188719451,9.1231598,39.2100233
3189017173,9.1162051,39.2116799
3189017175,9.1169809,39.2118411
3189017177,9.1168604,39.2119129
3189017178,9.1168131,39.2119481
3306235966,9.141514,39.2018865
3306235970,9.1412626,39.201648
3306235971,9.1411972,39.2018075
3306235974,9.1415842,39.2018012
3306235976,9.1415029,39.2016397
3306235977,9.1413968,39.20192
3306235984,9.1415345,39.2016581
3334502596,9.1434403,39.2008037
3334502599,9.1436732,39.2009193
3340334002,9.1115853,39.2243739
3340334009,9.1117776,39.2248472
3358252570,9.1438409,39.2004136
3358252576,9.1439723,39.2004054
3363528669,9.1429741,39.2012208
3363528671,9.1436031,39.2017861
3373443342,9.1184014,39.2401918
3375251398,9.1100115,39.2144638
3375251406,9.1087251,39.2151253
3375251421,9.1126693,39.2164833
3375251424,9.1125671,39.2165389
3375251425,9.1124882,39.2166944
3375251432,9.1120785,39.2170346
3375251447,9.1134056,39.2175862
3375251452,9.1115838,39.2180448
3375251455,9.1134515,39.2180819
3378357264,9.116517,39.2159127
3378357265,9.1164491,39.2159731
3378357291,9.1166482,39.2158411
3378357292,9.1165859,39.2158907
3378550088,9.1162303,39.2166204
3497595457,9.1320739,39.2261261
3497595458,9.1318719,39.2257742
3497595461,9.1367699,39.2324235
3497595462,9.1364798,39.2321821
3529181730,9.1133364,39.2418938
3529181750,9.1147567,39.2418181
3529194402,9.1138241,39.2409851
3596002368,9.1383458,39.2101343
3596002369,9.1392895,39.2099131
3613235610,9.1379505,39.204857
3613235613,9.1380983,39.2048349
3613235615,9.1381877,39.2048886
3613235622,9.1380173,39.2050748
3613235623,9.1379604,39.2050558
3613235625,9.137891,39.2049548
3613235627,9.1381564,39.2050485
3613235628,9.1376576,39.2051491
3633046493,9.0991746,39.2334196
3633046496,9.0991131,39.232248
3651272626,9.1049533,39.2381457
3655679902,9.1364478,39.2496543
3655679904,9.1364283,39.2498433
3732874884,9.1093195,39.2275231
3732874891,9.1095904,39.2274795
3758451421,9.1239167,39.210347
3758451422,9.1239262,39.2104551
3758451423,9.1239757,39.2111501
3763287836,9.0899452,39.2161772
3763302834,9.0792924,39.2265507
3763305365,9.0842794,39.2209994
3763305382,9.083869,39.2228695
3763305389,9.0824045,39.2253837
3763305401,9.0811512,39.2251499
3763309268,9.0617488,39.2266013
3763309297,9.0732555,39.2300254
3763309300,9.0731612,39.2301804
3763309329,9.0392403,39.2342309
3763309353,9.0302388,39.2414604
3764970990,9.1183823,39.2173358
3764970991,9.1185894,39.2177383
3797090699,9.1411326,39.2014162
3797090701,9.1412389,39.2013156
3797090703,9.1413299,39.2012806
3799583889,9.126485,39.2178726
3799583890,9.1269264,39.2176032
3799583891,9.1267675,39.2180571
3799583892,9.1271795,39.2177631
3806824100,9.1264228,39.2028969
3806824101,9.1253404,39.2023006
3807170491,9.1103536,39.2127526
3807170498,9.112107,39.2133075
3809925636,9.1246752,39.2073955
3809925646,9.1249174,39.2074433
3809925647,9.1249312,39.2074831
3809925962,9.124879,39.2073517
3809925969,9.1243384,39.207567
3809925976,9.1246009,39.2074577
3809965894,9.1015617,39.2133708
3816218875,9.1136828,39.2129638
3816218880,9.1152652,39.2120667
3816218888,9.1095199,39.2148771
3816218889,9.1095933,39.215416
3913453487,9.1155374,39.250293
3933128976,9.1205195,39.2183391
3961529296,9.1773259,39.2162131
3961529297,9.1772948,39.2162832
3961529298,9.1787079,39.2157795
3961529300,9.1805895,39.2168227
3977789802,9.1213893,39.2243974
3977789805,9.1226101,39.2247221
3977789808,9.1219808,39.2250466
3977791340,9.123817,39.2268145
3977791361,9.1239251,39.2272937
3977791416,9.1184458,39.2277042
3977791419,9.123482,39.2277471
3977791427,9.1238913,39.2278143
3977791468,9.1178632,39.2281527
3977791596,9.120393,39.230515
3984233315,9.1246923,39.2079073
4018475357,9.1375665,39.2263303
4018475358,9.1376826,39.2263549
4027726060,9.1183825,39.213801
4028002591,9.1188781,39.2140132
4028348292,9.1148502,39.210413
4028348295,9.1142717,39.2098808
4028348296,9.1151772,39.2095917
4028348297,9.1136919,39.2100602
4034163556,9.115664,39.2110628
4034163560,9.1154401,39.2110898
4038324227,9.0809319,39.2073145
4038324228,9.092119,39.2095758
4038324234,9.0912171,39.2126526
4038324237,9.0915025,39.2127764
4038324326,9.1243567,39.2562748
4038324330,9.1240177,39.2568722
4038324333,9.12366,39.2569328
4038324336,9.1253797,39.2571549
4038324337,9.1244943,39.2573272
4040156237,9.0910718,39.214499
4040156238,9.0903175,39.2155203
4040733653,9.1014104,39.2433015
4040733661,9.1011682,39.2433371
4040733668,9.1015352,39.2434241
4040733672,9.10146,39.2434823
4040733674,9.1013827,39.2435263
4040733679,9.1017437,39.2436888
4040733680,9.1016438,39.2437567
4043685818,9.1060125,39.2432593
4043685832,9.1052782,39.2449588
4043685840,9.1051843,39.2453211
4044375176,9.1148273,39.2467718
4044375728,9.1102483,39.2479212
4044375742,9.1103189,39.2480639
4044375745,9.1100647,39.2481394
4044375747,9.1103804,39.2481882
4044375749,9.1101238,39.2482644
4044375750,9.1104562,39.2483413
4044375751,9.1101965,39.2484183
4044375752,9.1077661,39.2484426
4044375755,9.1105241,39.2484785
4044375758,9.1102618,39.2485563
4044375759,9.1105867,39.2486049
4044375765,9.1100615,39.2486741
4044375766,9.1103238,39.2486829
4044375769,9.1106568,39.2487466
4044375772,9.1095173,39.2488044
4044375774,9.1100537,39.2488214
4044375775,9.1103875,39.2488323
4044375777,9.107433,39.2488505
4044375781,9.1094448,39.2488581
4044375786,9.1090799,39.2489213
4044375789,9.1094391,39.2489652
4044375790,9.1100451,39.2489843
4044375796,9.109275,39.2490163
4044375809,9.107105,39.2491309
4044375820,9.1080821,39.2491979
4044375822,9.1069762,39.2492086
4044375833,9.1104352,39.2493202
4044375853,9.1089991,39.2494846
4044375861,9.1093961,39.2496547
4044375874,9.109464,39.2497519
4044375953,9.1097969,39.2503157
4044375956,9.1102289,39.2503329
4044375961,9.1098588,39.2504303
4044375963,9.1099782,39.2506746
4044544669,9.1150013,39.2273287
4044544820,9.1149101,39.228741
4044544821,9.1134724,39.2288215
4046518502,9.1479716,39.1982779
4046518504,9.1438313,39.1995941
4046518506,9.1436671,39.1996125
4047786850,9.0992525,39.236904
4047872654,9.1073406,39.2347162
4047872669,9.1077228,39.2352386
4047872671,9.1086636,39.2352508
4047872672,9.1051548,39.2353753
4047872679,9.1050688,39.2359622
4047872682,9.1078953,39.2361556
4047872686,9.10553,39.2366028
4047872687,9.1067565,39.2366384
4047874789,9.105839,39.2370293
4047987028,9.1044303,39.2393558
4047987031,9.1043983,39.2397918
4050345394,9.1066807,39.2245298
4050345396,9.1078564,39.2246403
4050345651,9.1014236,39.2280332
4050345684,9.1016458,39.2291933
4050345796,9.1016351,39.2294997
4050345811,9.106372,39.2299478
4050345815,9.1067876,39.2302473
4050345837,9.1067528,39.2302686
4050345849,9.1014983,39.2302654
4050345855,9.1070587,39.2305287
4050345928,9.106557,39.230871
4053992850,9.11142,39.2134422
4053992853,9.1107343,39.2137744
4053992854,9.111782,39.2138502
4053992857,9.1109426,39.2140166
4053992862,9.1092072,39.2156302
4054004905,9.1149708,39.2188082
4069942195,9.1152921,39.2121243
4069942196,9.1153201,39.2121844
4069942233,9.1146317,39.2126901
4069942238,9.1125543,39.2129493
4069942239,9.113733,39.2130036
4069942240,9.1126158,39.2130152
4069942241,9.1126518,39.2130538
4069942242,9.1126787,39.2130827
4069942244,9.1127236,39.2131309
4069942252,9.1129985,39.2133054
4069942262,9.1130345,39.2133433
4069942269,9.1130775,39.2133902
4069942277,9.1119873,39.2134326
4069942278,9.112052,39.2134349
4069942279,9.1121821,39.2134389
4069942280,9.1109847,39.2134621
4069942809,9.1106929,39.213724
4069942885,9.1103369,39.214404
4069942903,9.1094733,39.2154236
4071708549,9.1109165,39.2194718
4071708553,9.1108382,39.219689
4071708559,9.1112049,39.2199373
4071708585,9.110592,39.2203716
4071708907,9.1105571,39.2205274
4071708918,9.1125465,39.2206719
4071708947,9.1113323,39.2211799
4071708960,9.1129084,39.2216216
4071708963,9.1125828,39.2216957
4071708968,9.1136212,39.221799
4071708975,9.1132812,39.2218345
4071708982,9.1123676,39.2220038
4071709153,9.1096372,39.2261932
4120467601,9.1394662,39.1931603
4120467603,9.1394955,39.1932102
4120467604,9.1398167,39.1932719
4120467605,9.1386964,39.1934347
4120467607,9.1389271,39.1936468
4120467608,9.1388465,39.193679
4120467609,9.1386205,39.1937676
4120467610,9.1399591,39.1940011
4120467614,9.1390014,39.1943808
4120467615,9.1403916,39.1946342
4120467617,9.1405069,39.1948462
4120467620,9.1406786,39.1949148
4120467621,9.1403159,39.194916
4120467622,9.1409039,39.19537
4120467623,9.1399043,39.1994695
4138094673,9.1330547,39.2290907
4138115991,9.1329034,39.2291939
4138116000,9.1328054,39.2292643
4138116003,9.1328729,39.2292777
4138116005,9.1327217,39.229319
4138116024,9.1329506,39.2296007
4152014224,9.1187314,39.2173178
4152031567,9.1199368,39.2186984
4228895432,9.1242259,39.2302147
4229026795,9.1050408,39.2312615
4229597696,9.1102356,39.2248852
4229891091,9.1441628,39.2019029
4229891093,9.144203,39.2052839
4229891094,9.1439492,39.2055237
4229891190,9.1462502,39.2024143
4229891196,9.1443074,39.2057164
4229891199,9.1410835,39.2179657
4229918491,9.1439883,39.2022737
4229918493,9.1378847,39.2073144
4229925790,9.1436001,39.2018204
4229925891,9.1442469,39.2026291
4229927690,9.1454328,39.2018956
4229927694,9.137448,39.2071381
4229940889,9.1439366,39.2015973
4229941091,9.144075,39.2023928
4229941290,9.1457989,39.2046275
4230313517,9.1414207,39.1920005
4230313519,9.1397358,39.1925124
4230313527,9.1418982,39.1946575
4230313531,9.1357385,39.1957443
4230313532,9.1385371,39.196565
4230313533,9.1394152,39.1965782
4230313534,9.1389303,39.1966134
4230313535,9.1396608,39.1966226
4230313538,9.1354417,39.1972179
4230313542,9.1493679,39.1981641
4230313556,9.1464706,39.2031763
4230313557,9.1619764,39.2033746
4230313558,9.1458461,39.2034528
4230313559,9.1386393,39.2035024
4230313560,9.135201,39.2040595
4230313562,9.1456927,39.2041628
4230313566,9.13588,39.2043996
4230347825,9.141121,39.190102
4230347828,9.1406909,39.1915891
4230347830,9.1407236,39.1918706
4230347831,9.1435985,39.19244
4230347841,9.1412555,39.1946624
4230347844,9.1354611,39.1958513
4230347857,9.1359986,39.1967649
4230347859,9.136139,39.1969188
4230347869,9.1463386,39.1998477
4230347875,9.1353575,39.2033668
4230347877,9.1462548,39.2037905
4230348024,9.1421053,39.1902998
4230348027,9.1416768,39.1914816
4230348032,9.1407361,39.191819
4230348033,9.1409112,39.1918379
4230348049,9.1355034,39.1958454
4230348055,9.136563,39.1964762
4230348058,9.1353738,39.1966576
4230348059,9.136303,39.1967167
4230348065,9.1367315,39.1970759
4230348067,9.1389624,39.1971585
4230348069,9.1520909,39.1971632
4230348071,9.138381,39.1972991
4230348078,9.1486522,39.1979103
4230348086,9.1462512,39.1997772
4230348326,9.1412944,39.1898295
4230348327,9.141825,39.189988
4230348328,9.164951,39.1899935
4230348331,9.1416148,39.1901521
4230348339,9.1404246,39.1920418
4230348349,9.1397897,39.1932668
4230348355,9.1409866,39.1937056
4230348359,9.1404291,39.1939528
4230348361,9.1404683,39.19417
4230348375,9.136408,39.1965076
4230348382,9.1396197,39.1973439
4230348388,9.1478102,39.1990016
4230348603,9.1416388,39.1899141
4230348607,9.1420143,39.1900753
4230348612,9.1414327,39.1914835
4230348614,9.1394728,39.1926236
4230348626,9.1370955,39.1973681
4230348631,9.1397776,39.1979121
4230348640,9.1512041,39.2003502
4230348646,9.1350658,39.2040232
4230348647,9.1361812,39.2041275
4230348648,9.1361629,39.2043289
4230348649,9.1341654,39.2046553
4230348650,9.1636689,39.205725
4230353709,9.14099,39.1896799
4230353720,9.143145,39.1933378
4230353735,9.1370066,39.1963521
4230353738,9.1381088,39.1967224
4230353744,9.1384201,39.1971156
4230353755,9.1509909,39.2008049
4230353757,9.1331177,39.2016869
4230353759,9.1352034,39.2031975
4230353763,9.1359287,39.2042636
4230353764,9.1360424,39.204613
4230353765,9.1359896,39.2047198
4230353794,9.1419126,39.1902269
4230353807,9.1459496,39.199522
4230353812,9.1335535,39.2015721
4230353813,9.1358234,39.2041029
4230353893,9.1355185,39.1949
4230353903,9.1649897,39.2071448
4230354209,9.13933,39.1932464
4230354211,9.1400774,39.193802
4230354217,9.136607,39.1966831
4230354226,9.139113,39.1976779
4230354232,9.1325323,39.2019319
4230354233,9.1334909,39.2019946
4230354235,9.1461269,39.2038454
4230354237,9.1643762,39.2067733
4230354238,9.1647165,39.2069381
4230354592,9.141383,39.1914272
4230354724,9.1417468,39.1897977
4230354725,9.1407768,39.1899166
4230354735,9.1405536,39.1917844
4230354737,9.1414852,39.1921121
4230354739,9.1406751,39.1926031
4230354745,9.1395652,39.1933418
4230354755,9.1364132,39.1962255
4230354766,9.135303,39.1966664
4230354768,9.1384935,39.1967704
4230354771,9.1395543,39.196848
4230354773,9.1360318,39.1969321
4230354774,9.1384545,39.1969538
4230354775,9.1380592,39.1970675
4230356126,9.1416789,39.1905929
4230356127,9.1406982,39.1907665
4230356129,9.1410772,39.1918753
4230356131,9.1396507,39.1926828
4230356132,9.1444737,39.193061
4230356139,9.1357035,39.1966187
4230356146,9.1378892,39.196887
4230356151,9.1516745,39.1973983
4230357595,9.1403363,39.1916488
4230357601,9.1370565,39.1965357
4230357606,9.1404364,39.2027756
4230357609,9.1645822,39.207458
4230357708,9.1421856,39.1898228
4230357723,9.1381131,39.1972645
4230357724,9.1387953,39.1974813
4230357733,9.1351092,39.2042692
4230389390,9.1396137,39.1965256
4230394389,9.1420863,39.1949825
4230394889,9.1399366,39.1979203
4230394897,9.1509612,39.2005363
4230394899,9.1328242,39.201795
4230394900,9.1328663,39.2022764
4230394902,9.1463189,39.203505
4230394903,9.1468952,39.2037509
4230394908,9.135839,39.2045523
4230394909,9.1346395,39.204974
4230395290,9.1473502,39.1992873
4230395291,9.1516079,39.1996995
4230395293,9.1331349,39.2021198
4230395294,9.1401611,39.2026023
4230395296,9.1405071,39.2026731
4230395298,9.1347468,39.2036374
4230395302,9.1459515,39.2039208
4230395305,9.1345279,39.2056526
4230396294,9.1507168,39.2010149
4230396296,9.1332932,39.2016401
4230396297,9.1329783,39.2017347
4230396300,9.1330059,39.202195
4230396303,9.145973,39.2033966
4230396310,9.1459257,39.2040627
4230396311,9.1345575,39.2044637
4230396312,9.136109,39.2044689
4230396313,9.1643536,39.2054334
4230396314,9.1350304,39.2055996
4231978389,9.1178753,39.2126192
4231978390,9.1177462,39.2131098
4231978391,9.1182251,39.2128427
4231978393,9.117974,39.2130768
4232104637,9.1229807,39.2158683
4232104638,9.1235926,39.2159592
4233184792,9.113312,39.2136818
4233184795,9.1156116,39.2173457
4233189990,9.1152601,39.2180255
4233201789,9.1130247,39.2138282
4233201790,9.1180036,39.2142211
4233201791,9.1185493,39.2143959
4233202391,9.1150562,39.2195139
4235104690,9.11237,39.2355091
4235104992,9.1122075,39.2362292
4235104993,9.1163752,39.2402708
4235105093,9.1161204,39.2399384
4235105094,9.116394,39.2405716
4235105291,9.1157287,39.2400381
4235105490,9.1128257,39.2355318
4235105691,9.1126031,39.2358805
4235120507,9.1079567,39.2341421
4235120509,9.1003603,39.2397805
4235120608,9.1088972,39.2339994
4235120611,9.1005841,39.2396155
4235120797,9.1079687,39.2339911
4235120900,9.1083285,39.2342113
4235120903,9.0996171,39.238933
4235124492,9.1087027,39.2337324
4235124493,9.0991324,39.237646
4235124494,9.0986674,39.2381486
4235124495,9.0996868,39.238484
4235124496,9.1042097,39.2387279
4235124592,9.100504,39.2393893
4235127890,9.1081008,39.2402262
4235130791,9.0987667,39.2311617
4235130792,9.1023019,39.2334507
4235130793,9.1031116,39.2338148
4235130794,9.1022328,39.2341056
4235130990,9.1086157,39.240317
4235131091,9.1102563,39.2405897
4235131092,9.1071605,39.2422289
4235131191,9.1080178,39.2402025
4235131193,9.1080887,39.2413335
4235131194,9.1104476,39.2408589
4235131289,9.108244,39.2402216
4235131491,9.1121387,39.23909
4235131790,9.1082033,39.2403218
4235131889,9.1087306,39.2404272
4235132089,9.1082483,39.2404109
4235132192,9.1108248,39.240585
4235132391,9.1071392,39.2418871
4235132393,9.1073751,39.2419879
4235132490,9.11045,39.240387
4235135590,9.1079751,39.2417711
4235151895,9.1025198,39.2337846
4235152091,9.1006391,39.2328281
4235152092,9.1020365,39.2343221
4235166589,9.1093598,39.2335184
4235166591,9.0990773,39.2377558
4235166991,9.099073,39.2369338
4235166994,9.098303,39.2379327
4235167089,9.0994215,39.2369239
4235167196,9.0989186,39.2296173
4235167390,9.0982928,39.2385154
4235167391,9.1043635,39.2386626
4235171191,9.0990379,39.2309939
4235171193,9.1019251,39.234447
4235171194,9.1019706,39.2346877
4235171295,9.0949842,39.2314515
4235178592,9.1026716,39.2348882
4235180094,9.1002977,39.2275585
4235185389,9.0982754,39.231034
4235185393,9.0989586,39.2346059
4235185589,9.0987059,39.2316462
4235185590,9.1004579,39.2328859
4235185592,9.1024398,39.2342091
4235185689,9.1002771,39.232964
4235185692,9.102108,39.2345481
4235185693,9.0984439,39.2352346
4235193790,9.0998694,39.2275093
4235211393,9.1139505,39.2179321
4235224891,9.1135767,39.2170366
4235249989,9.1128115,39.2187135
4235250089,9.1124943,39.2187655
4235271610,9.1067133,39.2205785
4235272002,9.0976278,39.2371761
4235272311,9.0979586,39.2367372
4235272815,9.1093669,39.2198387
4235273217,9.108603,39.2202872
4235294215,9.1063824,39.2216711
4235296391,9.1029569,39.2365988
4235296394,9.1167146,39.2438045
4235296395,9.1162977,39.2438389
4235296490,9.1169477,39.2427153
4235296492,9.1161825,39.2432995
4235296493,9.1163463,39.2437136
4235296494,9.1166658,39.2439282
4235321194,9.1164609,39.2430165
4235321195,9.1164686,39.2434584
4235347990,9.1166463,39.2430365
4235350091,9.1031782,39.2369724
4235350094,9.1162477,39.2439676
4235352691,9.1037735,39.2368204
4235352692,9.1159413,39.2425452
4235352695,9.1163483,39.2434299
4235352696,9.1167964,39.243536
4235353893,9.116636,39.243498
4235353894,9.1169974,39.2435202
4235355692,9.1159084,39.2444809
4235355889,9.1033521,39.2362818
4235355989,9.1153876,39.2426158
4235356089,9.1156797,39.2426311
4235356190,9.116404,39.2428318
4235356191,9.116375,39.2428922
4235356193,9.1166148,39.2440569
4235356292,9.1159996,39.2441901
4235356293,9.1161491,39.2442286
4235356389,9.1167901,39.2426954
4235356489,9.1171181,39.2427365
4235356490,9.1165628,39.2441886
4235357189,9.1161959,39.2441009
4235357289,9.116481,39.2443142
4237460193,9.1191566,39.210453
4237473789,9.1187545,39.2097677
4237611596,9.1165766,39.2241656
4237617295,9.1163437,39.2240693
4237617297,9.1161535,39.2248264
4237620293,9.1163975,39.2239056
4238873098,9.1044416,39.2321627
4238873099,9.1111694,39.2322541
4238888696,9.111175,39.2323704
4238900792,9.1138851,39.2320154
4238905589,9.111007,39.2322642
4238918522,9.1214544,39.2304737
4238922919,9.1243371,39.2313256
4238922921,9.1236402,39.2320847
4238926821,9.1206947,39.2306215
4238926822,9.121012,39.2312792
4238926826,9.1243286,39.2323714
4238927009,9.1262557,39.2127185
4238927219,9.1236977,39.2316899
4238927917,9.1273097,39.2352826
4238928011,9.1277331,39.2123833
4238928012,9.1262718,39.2134422
4238934045,9.1219301,39.2306332
4238934046,9.1218474,39.2306784
4238934050,9.1240142,39.2325838
4238962991,9.1266916,39.2133399
4238963792,9.1282271,39.2126169
4240860491,9.1197221,39.2166801
4240860494,9.1196383,39.2230102
4240860497,9.1234565,39.2225709
4240860498,9.1233744,39.2230599
4240860591,9.1251883,39.2156541
4240860592,9.1251548,39.2157443
4240860593,9.1251258,39.2162088
4240860892,9.1204455,39.2210457
4240885392,9.1251829,39.2149114
4240885393,9.1251626,39.2151473
4240885399,9.119901,39.2172526
4240885400,9.1294816,39.2175372
4240885990,9.1188213,39.225195
4240900089,9.1253713,39.2147359
4240900091,9.1284872,39.2182051
4240900095,9.1242253,39.2307028
4240900189,9.1254022,39.215628
4240900191,9.1232419,39.2226232
4240900290,9.1186282,39.2226129
4240900291,9.1199115,39.2229905
4240900292,9.1201209,39.2237764
4240900394,9.1233719,39.2230948
4240900590,9.1208719,39.222578
4240900591,9.1192753,39.2227029
4240900703,9.12774,39.2263734
4240900790,9.1284653,39.2182924
4240900791,9.120551,39.2208994
4240900795,9.1218925,39.2227571
4240900797,9.1221369,39.2233439
4240900889,9.128105,39.2183617
4240900901,9.1278921,39.226366
4240900989,9.1276774,39.2186453
4240901003,9.1273096,39.2267105
4240901089,9.1213062,39.2225277
4240901190,9.1179812,39.2252854
4240901489,9.123819,39.2302867
4240919793,9.1273052,39.2264763
4240920191,9.127335,39.2261822
4240920284,9.1338347,39.2292718
4240920285,9.1330531,39.2298441
4240932089,9.1266548,39.2261947
4240967589,9.1263629,39.2223763
4240995094,9.1287218,39.2134195
4241000192,9.128276,39.2133103
4241728252,9.1085935,39.2223693
4241770493,9.1529323,39.2080848
4241770494,9.1537612,39.2087299
4241778004,9.1529107,39.2151312
4241778012,9.1523757,39.2159151
4241778014,9.1587441,39.2172199
4241778017,9.158022,39.2179926
4241782004,9.156229,39.2190023
4241796070,9.1422161,39.1919726
4241796079,9.1422214,39.1907279
4242550534,9.1672646,39.2084009
4242550535,9.167565,39.2090337
4242550536,9.1678306,39.2092696
4242571114,9.162829,39.2050126
4242571115,9.1673049,39.2087906
4242571116,9.1678322,39.2088403
4242574194,9.1501511,39.1988122
4242574702,9.1634448,39.2062023
4242582398,9.166924,39.2085272
4242582494,9.1671667,39.20867
4242582697,9.1677032,39.2091543
4242593928,9.1679774,39.2089564
4242594402,9.1666504,39.2087033
4242594791,9.1675504,39.2086149
4242594792,9.1676896,39.2087263
4242595991,9.1674296,39.208908
4242596202,9.1674078,39.2085009
4242596805,9.1670366,39.2085495
4242596901,9.1635125,39.2062939
4242619089,9.1500221,39.1986772
4242619795,9.1364321,39.2280018
4242702791,9.1361014,39.2291203
4242817927,9.130621,39.2459418
4242831481,9.133373,39.237168
4242831482,9.1329579,39.2375633
4242832153,9.1327311,39.2377678
4242833053,9.1337227,39.234094
4242833055,9.1337056,39.2353707
4242833452,9.1330099,39.2340876
4242833807,9.1338868,39.2343616
4242833808,9.1328879,39.235266
4242834129,9.1323212,39.2337098
4242834130,9.1345636,39.2364441
4242840503,9.1328276,39.2338633
4242840504,9.1330881,39.2352869
4242861187,9.1337295,39.2367352
4242861188,9.1439729,39.2366987
4242862252,9.1336731,39.2376573
4242862255,9.129981,39.2515503
4242862588,9.1334424,39.2378775
4242863364,9.1341103,39.2371919
4242863366,9.130546,39.2390268
4242863367,9.1301362,39.2444575
4242863368,9.1304172,39.2447416
4242863733,9.1335653,39.2369592
4242863734,9.1363979,39.2447078
4242863735,9.1286768,39.2471906
4242863737,9.1292024,39.2474108
4242864833,9.1307874,39.2445338
4242865420,9.1342739,39.2369468
4242865421,9.1338823,39.2374433
4242865423,9.1292002,39.2409526
4242865424,9.1290092,39.2411338
4242865425,9.1295922,39.2510781
4242868965,9.1314267,39.2342362
4242869068,9.1350857,39.2333744
4242871928,9.135274,39.233208
4242871931,9.1331921,39.2343264
4242871935,9.1344268,39.2366892
4242872412,9.1336024,39.2350945
4242872816,9.1333446,39.2335981
4242878101,9.1335489,39.2338469
4242878102,9.1343696,39.2355679
4242878104,9.1346267,39.2360475
4242878105,9.1340226,39.2362611
4242878529,9.1333434,39.2345788
4242878530,9.1340436,39.2346373
4242880212,9.1341867,39.2349201
4242887489,9.1347802,39.2439538
4242960190,9.1285078,39.2431491
4242960195,9.1252924,39.2501586
4242960289,9.1286184,39.2432171
4242960301,9.1279747,39.2431044
4242960389,9.1285728,39.2432384
4242960497,9.1275586,39.2432993
4242960692,9.1257827,39.2498008
4242960802,9.127769,39.24361
4242960890,9.1279275,39.2448271
4242960891,9.1266508,39.2449594
4242960989,9.12867,39.244754
4242961007,9.1275898,39.2432779
4242961189,9.128969,39.2449349
4242961211,9.1308897,39.2413005
4242961212,9.1310398,39.2414997
4242961312,9.1308855,39.2415402
4242961489,9.1256006,39.2449901
4242961690,9.1253622,39.2452285
4242961989,9.1253838,39.2454082
4242980792,9.1278888,39.2435271
4242981091,9.1309808,39.2414664
4242987870,9.1213559,39.2589746
4242987873,9.1219919,39.259506
4242987878,9.1240691,39.2614489
4242987883,9.1202554,39.2625245
4243013835,9.1208917,39.2624222
4243015714,9.1226549,39.2621841
4243016495,9.1213184,39.2580961
4243016496,9.1214297,39.2594527
4243017325,9.1218368,39.2573316
4243017326,9.1220397,39.2575204
4243019571,9.1229999,39.2613663
4243024231,9.1221256,39.2616641
4243025116,9.1204494,39.2626787
4243025118,9.120416,39.2627659
4243025608,9.1231518,39.2615962
4243026510,9.1215963,39.2575698
4243027389,9.1223819,39.2438224
4243037499,9.1219786,39.2555267
4243059692,9.1204233,39.2532427
4243059693,9.1214917,39.2557172
4243099290,9.1201738,39.2534608
4244291692,9.1210066,39.2533202
4244291794,9.1173103,39.2577764
4244292012,9.1314082,39.2455613
4244292013,9.1309308,39.2461888
4244292014,9.1307114,39.2462779
4244294020,9.1311652,39.2449934
4244294396,9.132689,39.2436873
4244320189,9.1322859,39.2438439
4244320289,9.1308966,39.2447878
4244320393,9.1171329,39.2579116
4244320489,9.1307102,39.2458965
4244320500,9.0976073,39.2563085
4244327092,9.1184233,39.2585931
4244330794,9.1181556,39.2587591
4244335596,9.1016148,39.2524933
4244369490,9.096743,39.2550013
4244383291,9.1016066,39.2530189
4244683532,9.1170087,39.250768
4244683533,9.1168629,39.2505569
4244683534,9.1163137,39.2497549
4244683536,9.1168144,39.249694
4244683537,9.1160055,39.2500653
4244683538,9.1162128,39.2503363
4244683543,9.1164096,39.2498798
4244683544,9.1160666,39.2503996
4244683545,9.1158664,39.2501343
4244683546,9.1162815,39.2497699
4244683548,9.1160965,39.2504391
4244683552,9.1161156,39.2500147
4244683553,9.1163649,39.2503347
4245974591,9.1165369,39.2270563
4245975001,9.1252602,39.2478127
4245976092,9.1251033,39.2474794
4246006589,9.1182356,39.2263251
4246112094,9.1164697,39.2254228
4246112796,9.1179158,39.2233116
4246141893,9.1174058,39.2167513
4246141901,9.1181431,39.2225059
4246141907,9.1181728,39.223173
4246159891,9.1175617,39.2237572
4246159992,9.1177039,39.2232122
4246159997,9.1170423,39.224991
4246160092,9.1159291,39.2255906
4246160389,9.117935,39.220391
4246160397,9.1169719,39.224817
4246160492,9.1172951,39.2243162
4246160589,9.117973,39.2208209
4246160591,9.1171923,39.2242604
4246160594,9.1161297,39.2256981
4246161189,9.1163425,39.2257906
4246239631,9.1064171,39.24198
4246239632,9.1066901,39.242097
4254877258,9.1142991,39.2183078
4255935589,9.1184274,39.2206406
4259955019,9.101557,39.2243129
4259955459,9.1306863,39.2088947
4259961867,9.1328597,39.2068698
4259972636,9.1313542,39.2074815
4259972675,9.1266283,39.20566
4259972865,9.1333566,39.2068338
4259975828,9.1262564,39.2054774
4259975829,9.1276776,39.2055508
4259976420,9.128121,39.204579
4259976421,9.1284005,39.2049944
4259976424,9.1273314,39.2055804
4259977003,9.1274168,39.2051257
4259977004,9.1270514,39.2051345
4259977006,9.1267154,39.2052624
4260001901,9.1276261,39.2051667
4260004492,9.1269686,39.2056158
4260015991,9.1275181,39.2055645
4260015992,9.1271621,39.2055949
4260029194,9.1265175,39.2053526
4260029195,9.1267856,39.2056355
4260050889,9.1272292,39.2051183
4260050890,9.1268515,39.2052033
4406270890,9.0924553,39.259719
4406270910,9.0915773,39.2603141
4406270916,9.0922862,39.2604104
4406270917,9.0923622,39.2605311
4406270919,9.0922706,39.2605729
4425354703,9.0982059,39.2575574
4425354705,9.0980515,39.2575769
4425354716,9.0980506,39.2584579
4425354720,9.0984375,39.2586004
4425354721,9.097491,39.2586212
4437908125,9.1170422,39.226058
4437908128,9.1158398,39.2264956
4439093547,9.1014461,39.2282139
4439093550,9.1012522,39.2282836
4439093556,9.1021398,39.2292305
4439093559,9.101859,39.229629
4439093560,9.1018226,39.2297007
4439093562,9.1015352,39.2298702
4439093564,9.1018098,39.2301416
4440019603,9.1241036,39.209153
4440019614,9.124237,39.2089262
4440019621,9.1236314,39.2095151
4440019622,9.1235505,39.209477
4440019623,9.1235166,39.2094584
4440019626,9.1235649,39.2095798
4440019627,9.1235921,39.2096222
4440019630,9.1233745,39.2098278
4440019631,9.1233331,39.2098052
4440019644,9.1233978,39.2095128
4440019648,9.1233686,39.2095628
4440019650,9.1232834,39.209672
4440019651,9.1231893,39.2096397
4440019654,9.1229805,39.2096418
4440523614,9.1019213,39.2270201
4440523619,9.1018239,39.2276135
4442582184,9.12296,39.2098507
4442584489,9.1222875,39.2100712
4442584491,9.1229465,39.2100532
4442584500,9.1223292,39.2101492
4449216142,9.1166582,39.2223137
4449240593,9.1093482,39.2177033
4449240595,9.1080649,39.2205169
4449256164,9.1197607,39.2275506
4549661261,9.1440888,39.2062638
4557252942,9.1138857,39.2122205
4557252956,9.1110488,39.21353
4561542335,9.1143151,39.212299
4561542340,9.1141031,39.2122331
4561548637,9.111278,39.213303
4561548639,9.1113356,39.2132718
4561548648,9.1104185,39.2128642
4561567129,9.1114582,39.2133246
4561593503,9.1248995,39.208043
4561593513,9.1238189,39.2079509
4561593514,9.1236727,39.2077941
4561636818,9.1099652,39.2140908
4561656419,9.1109671,39.2140482
4570122056,9.1319186,39.2193695
4570122060,9.1320608,39.2194634
4579109204,9.1053013,39.2142913
4579109205,9.1055621,39.2142047
4579109206,9.1054582,39.2142382
4592425124,9.1391112,39.1914884
4592425126,9.1397241,39.1914882
4668278614,9.0791446,39.2116404
4668278616,9.0762505,39.2138422
4668278621,9.0831838,39.2179306
4668278650,9.0639677,39.2205894
4668278682,9.060289,39.2224523
4668279590,9.0611249,39.2226938
4668279593,9.0653517,39.2228065
4668279594,9.0798049,39.2228139
4668279600,9.0799774,39.222957
4668279607,9.0604269,39.2231855
4668279621,9.0699028,39.223602
4668279628,9.0783878,39.2239687
4668279633,9.0670039,39.224207
4668279646,9.0717672,39.224988
4668279658,9.0708878,39.2258319
4677483289,9.0973622,39.2338554
4677483292,9.0972057,39.234425
4677483293,9.0971755,39.2340246
4677483296,9.0972222,39.2337824
4677483298,9.0971795,39.2337872
4677483300,9.0970798,39.2338616
4677483301,9.0970747,39.2339461
4677483306,9.0973756,39.2339047
4747926415,9.1205298,39.236351
4845703291,9.1170974,39.2156443
4870702126,9.124919,39.2173467
4886320668,9.0973992,39.23462
4886320669,9.0974472,39.2347452
4886320670,9.0976263,39.2352119
4886320672,9.0980676,39.235704
4886320673,9.0984883,39.2360527
4886320674,9.0988679,39.2363728
4889652338,9.1236085,39.2203535
4889652354,9.1200081,39.2149023
4899932460,9.0849266,39.2084506
4899932465,9.0871944,39.2072664
4902687900,9.1157959,39.2325042
4902687914,9.1148764,39.2328594
4902687915,9.1155739,39.2329344
4902689734,9.1165752,39.233568
4902689738,9.1167234,39.2336695
4902689740,9.1147937,39.2337201
4902689742,9.1131848,39.2338365
4902689761,9.1138178,39.2342021
4902689762,9.1167507,39.2342843
4902689764,9.1127834,39.2342083
4902689767,9.1140928,39.2343856
4902689768,9.1145183,39.234084
4902689770,9.1157801,39.2343647
4902689773,9.1143312,39.2343942
4902689779,9.1141046,39.2345223
4902689781,9.1166143,39.2344166
4902689791,9.1153445,39.2345647
4902689806,9.1157044,39.2347879
4902690023,9.1135535,39.2351488
4902690032,9.1164559,39.2352669
4902690041,9.1148872,39.2353956
4902690058,9.1134604,39.2355883
4902690061,9.1158243,39.235667
4902690066,9.1161885,39.2356708
4902690069,9.1157309,39.2357917
4902690081,9.1169504,39.2363222
5030135091,9.1156184,39.212824
5030135098,9.1118442,39.2143853
5030135099,9.1122609,39.2141543
5030135100,9.112582,39.2139803
5030135101,9.1132384,39.2136052
5030135102,9.1136115,39.2134023
5030135103,9.1140155,39.2131757
5030135104,9.1147183,39.2127851
5030139733,9.1136628,39.2129306
5030139734,9.1136251,39.2128932
5053168282,9.1195256,39.2392093
5064175496,9.1417589,39.2012675
5205085835,9.1215318,39.2364383
5205085836,9.121287,39.2366636
5205085837,9.122209,39.2364493
5205085841,9.1222653,39.2365896
5205085842,9.1215951,39.236592
5205085843,9.1221796,39.2363575
5205085844,9.1210651,39.2364326
5205085846,9.1210456,39.2359681
5205085847,9.1209413,39.2360027
5205085849,9.1211014,39.2361556
5205085850,9.1211184,39.2362126
5205085852,9.1211343,39.2363687
5205085858,9.1221448,39.2358125
5205085860,9.1213809,39.2364048
5205085861,9.1211736,39.2359156
5205085877,9.1220842,39.2356956
5205085878,9.1214542,39.2360069
5205085879,9.121506,39.2361333
5205085880,9.1221355,39.2359825
5226535700,9.1143137,39.2122693
5228412858,9.136097,39.2049724
5243063753,9.1154715,39.2167085
5243063757,9.1168021,39.2168193
5258145681,9.1234744,39.2268825
5282877080,9.1066163,39.218798
5282893234,9.1111228,39.2248711
5284962974,9.0946738,39.2525236
5297887986,9.1162942,39.2117919
5334829958,9.1333222,39.253326
5334829974,9.1168156,39.2626599
5334829975,9.1171299,39.2625845
5334829976,9.1172796,39.2629015
5334829977,9.1169845,39.2629731
5334829978,9.1169499,39.262625
5334829979,9.1171014,39.2629456
5334879474,9.1166081,39.2635506
5334879489,9.1192849,39.2630974
5335239770,9.1256611,39.2402032
5335239771,9.1258724,39.2401804
5335239772,9.1251956,39.2386077
5335239773,9.1254109,39.2385648
5335239774,9.1247607,39.2372913
5335239776,9.1248908,39.2371654
5335239779,9.1248326,39.2369491
5335239780,9.1247319,39.2369449
5335239791,9.1247876,39.2375648
5335239807,9.1191517,39.2451535
5335239808,9.1191948,39.245076
5336798774,9.1297517,39.2256987
5336798776,9.1295675,39.2250181
5338115312,9.1406438,39.2445691
5338115317,9.1416426,39.2444385
5338115318,9.1389229,39.2477091
5359322271,9.1095675,39.2142559
5359336663,9.1133204,39.2170228
5364017441,9.1181325,39.2391819
5364017468,9.1413546,39.2388615
5364017469,9.1411286,39.2386795
5364017470,9.1414902,39.2387678
5364017471,9.1412629,39.2385844
5364034363,9.131838,39.2342255
5364034366,9.1324157,39.234778
5364034378,9.1317834,39.2326782
5364034379,9.1273549,39.2307738
5364034382,9.1279318,39.2313941
5365725205,9.1140731,39.2513365
5365725206,9.1139271,39.2513282
5365725213,9.1130856,39.2515657
5365725227,9.1131748,39.25015
5365725254,9.1120257,39.2507856
5365725256,9.1123074,39.2504278
5365725260,9.1122485,39.2507268
5365725261,9.112994,39.2502396
5365725268,9.1126604,39.2504304
5365725271,9.1126192,39.25034
5365725284,9.1124258,39.2503953
5365725286,9.1124716,39.2502406
5365725309,9.1192058,39.256213
5365725312,9.1202661,39.2556158
5365725313,9.1190122,39.2559304
5365725315,9.1194336,39.2559909
5365725423,9.1195359,39.2566492
5365725426,9.1199986,39.2563127
5365725427,9.1216783,39.2568654
5365799715,9.1291894,39.244581
5365799716,9.129136,39.2445664
5365812138,9.1318632,39.2490498
5412363649,9.0922668,39.2412559
5412363650,9.0913093,39.2416448
5412363653,9.0911083,39.2419005
5412363656,9.0913599,39.2418618
5412363657,9.0917797,39.2420791
5412363660,9.0919885,39.2411292
5412363661,9.0918049,39.2410379
5412363668,9.1153792,39.2487818
5412363681,9.1163287,39.2502861
5471236050,9.1256585,39.2299761
5471236051,9.1257837,39.2300474
5471236053,9.1252101,39.2300912
5471236054,9.1244514,39.2303464
5471236056,9.1251683,39.2303193
5471236066,9.125438,39.2307102
5471236074,9.1251301,39.2306516
5471236084,9.1256516,39.2307961
5486110814,9.1143985,39.2329879
5522718106,9.0973344,39.2430532
5522746565,9.1013376,39.2428026
5522768165,9.1130037,39.2500781
5545134736,9.1182021,39.2353571
5545134742,9.116443,39.2367962
5545134743,9.1170085,39.2363744
5545134748,9.1155489,39.2373453
5545134750,9.1154434,39.2372962
5545134754,9.115265,39.2372526
5545134774,9.1156916,39.2374523
5545134775,9.1155899,39.2374968
5545134779,9.1161803,39.2374884
5545134780,9.1159448,39.2371087
5545134784,9.1160249,39.2372444
5545134785,9.116731,39.2369868
5545134786,9.1156365,39.2373861
5545134789,9.1165638,39.2368733
5545134790,9.1157141,39.2374765
5545134791,9.1160869,39.2373419
5545134792,9.1168427,39.2370743
5545134793,9.1165893,39.2368825
5545191077,9.1169601,39.2365244
5545191079,9.1180612,39.2365829
5545191084,9.1182848,39.2354332
5545191101,9.113551,39.2357237
5546710640,9.1209932,39.2372025
5546710645,9.1204416,39.2373707
5546710655,9.1205326,39.2363582
5562015349,9.1020715,39.257372
5562015352,9.1018552,39.2573344
5562015353,9.1016621,39.2573573
5562015361,9.1018606,39.2570769
5562015362,9.1018577,39.25711
5562015368,9.1018547,39.2572548
5562015369,9.1018954,39.2570769
5563840582,9.1039253,39.2503284
5563840584,9.1048147,39.2503278
5563840591,9.1036981,39.2497546
5563840595,9.1040162,39.2499576
5563841431,9.1013615,39.2507744
5563841433,9.1014317,39.2508699
5563841436,9.1015855,39.2506909
5563841438,9.1021772,39.2506643
5563841439,9.1019267,39.2506642
5563841443,9.1015846,39.2507841
5563841444,9.1016729,39.250782
5563841446,9.1017963,39.250875
5563872853,9.1023111,39.2602341
5563872857,9.1022231,39.2607769
5563872874,9.1005664,39.2606293
5563872892,9.0953819,39.2589632
5563872896,9.0952552,39.2588293
5563872927,9.093339,39.2619489
5563872929,9.0924363,39.2622196
5563872936,9.0939167,39.26067
5563872938,9.0935187,39.2604294
5563872939,9.0946521,39.259878
5563872954,9.0987597,39.2603878
5563872955,9.0988563,39.2603878
5563872960,9.0988431,39.2596923
5563872965,9.0995568,39.2604594
5563872968,9.09972,39.2603505
5563872971,9.0996158,39.2600481
5563872972,9.100471,39.2606291
5563872977,9.0997884,39.2603982
5563872980,9.0999097,39.2601775
5563872990,9.101386,39.2588643
5563872991,9.101517,39.2588602
5567777355,9.0973468,39.233983
5578156038,9.1353135,39.2364067
5578156044,9.1350762,39.2372259
5578156045,9.1343992,39.236944
5578156052,9.135136,39.2366724
5578156055,9.1350602,39.2369601
5578156060,9.1352793,39.2364767
5587001287,9.0957486,39.2339639
5587001292,9.0967123,39.2338608
5599022643,9.1401487,39.2472223
5599022645,9.1401559,39.2471264
5599022651,9.1401452,39.2469353
5599022656,9.140194,39.2466728
5612651987,9.0699614,39.2275652
5613084538,9.1174743,39.231901
5613084540,9.1174096,39.2322125
5613084542,9.1172445,39.2314281
5613084545,9.1179897,39.2305039
5613084546,9.1182319,39.2302509
5613084547,9.1188358,39.2303784
5613084548,9.1170409,39.2300021
5613084549,9.1167399,39.2320645
5620380902,9.1314445,39.2023351
5620388256,9.131921,39.2021597
5686165360,9.1099237,39.250558
5686165361,9.1106714,39.2503668
5718628900,9.1278231,39.2100709
5718628905,9.1276474,39.2102322
5754238727,9.1114327,39.2246649
5754238728,9.1112976,39.2247321
5763920442,9.1357371,39.2049761
5763920443,9.1344271,39.2049956
5763920444,9.1328539,39.2051632
5763920445,9.1376758,39.2051266
5763920451,9.1375208,39.2049675
5974229346,9.0206203,39.1624461
6008063538,9.1061348,39.2253828
6034073764,9.1027913,39.2516487
6034073774,9.1026783,39.2517447
6034073778,9.1027174,39.2518711
6036411606,9.121781,39.2236019
6036411607,9.1217342,39.223928
6036411610,9.1200837,39.226786
6046658694,9.1109881,39.233826
6046658696,9.111213,39.2338014
6049100032,9.139579,39.2095919
6049100034,9.139856,39.2098795
6049100035,9.1399236,39.210082
6049100039,9.1399392,39.2101557
6049100041,9.1398797,39.2101311
6049100043,9.1399932,39.2103154
6049100045,9.1399614,39.2105748
6049100046,9.1399407,39.2106518
6049100047,9.1398911,39.2105579
6049100048,9.1398309,39.2103478
6049100052,9.1398576,39.2101428
6049100060,9.1397958,39.2105987
6049100331,9.1395681,39.2092229
6049100340,9.1395436,39.2091464
6049100344,9.1396592,39.209147
6049100351,9.1397168,39.2091174
6049100364,9.1397744,39.2100265
6049100370,9.139,39.2090977
6064379403,9.131817,39.2374492
6073781088,9.1090823,39.2184651
6086061198,9.0991952,39.241686
6086061208,9.0974107,39.2421433
6086089233,9.1570338,39.1838445
6086089234,9.1569525,39.1839273
6086089241,9.1578974,39.1836431
6086089242,9.1581393,39.183305
6086089249,9.1586093,39.1827572
6086089283,9.1567158,39.1857536
6086089284,9.1570981,39.1843953
6086089290,9.1568171,39.1840983
6086089295,9.1563559,39.1845123
6086092263,9.1560482,39.184464
6086124573,9.1524227,39.1867476
6086124577,9.1533797,39.187482
6086124580,9.1538587,39.1867849
6086124582,9.1540599,39.1866069
6086124584,9.1542736,39.1865584
6086126700,9.1540495,39.1864497
6086126703,9.1537886,39.1861843
6086126711,9.1531447,39.1884424
6086126721,9.152161,39.1902886
6086126727,9.1523913,39.1907688
6086126730,9.1529702,39.1904282
6086126745,9.1538951,39.1891439
6086126746,9.1541611,39.1890947
6086126750,9.1543047,39.1887915
6086126751,9.1541779,39.1886356
6086126756,9.1538403,39.1890753
6086126779,9.154593,39.1883744
6086126781,9.154379,39.1884149
6086148087,9.1092022,39.232684
6086166521,9.1029523,39.2281577
6086217563,9.1115957,39.2262062
6086217564,9.1295329,39.2088889
6086217580,9.1299102,39.2096815
6086217591,9.1303936,39.2096278
6086217602,9.1301323,39.2099516
6086217607,9.1296044,39.2098841
6086275908,9.125184,39.2234533
6086275911,9.1252842,39.2233212
6086275913,9.1225757,39.2227642
6093047832,9.1495271,39.1909398
6093047833,9.1492297,39.1907779
6093047836,9.1485638,39.1911074
6093047837,9.1488925,39.1908824
6093047840,9.1482229,39.1912957
6093047848,9.1481668,39.189609
6093047849,9.1484188,39.1897359
6093047867,9.1476812,39.1922403
6093047872,9.1488253,39.1914223
6093047876,9.1490363,39.1908314
6093049086,9.1473671,39.1920214
6093049089,9.1468951,39.1915974
6093049090,9.1475269,39.1908895
6093049093,9.1467974,39.19073
6093049097,9.1480149,39.1884696
6093049100,9.1476397,39.1881487
6093049101,9.1475616,39.1881541
6093049102,9.1485861,39.1898187
6093049107,9.1491545,39.1884203
6093049112,9.1482939,39.1896732
6093049120,9.1478096,39.1877635
6093049121,9.1490015,39.1887925
6093049123,9.1493418,39.1887898
6093049126,9.1496619,39.1887306
6093049134,9.1489691,39.1890451
6093049154,9.1463796,39.1906037
6093049168,9.1470529,39.1891111
6093049170,9.1469587,39.1889616
6093049180,9.147634,39.1880401
6093049187,9.1477099,39.1882248
6093049195,9.1470488,39.187539
6093049197,9.1469254,39.1874641
6093049205,9.1467313,39.1868538
6093049220,9.1465858,39.1880658
6093049227,9.1474645,39.1864813
6093049228,9.1471062,39.1862171
6093049232,9.1478527,39.1868204
6093049236,9.1480866,39.1872951
6093049237,9.1447668,39.185822
6093049239,9.1456218,39.186239
6093049241,9.1459506,39.1860612
6093049247,9.148188,39.1866035
6093049249,9.1484343,39.1864903
6093049250,9.1487642,39.1863886
6093049251,9.1487379,39.1872577
6093049253,9.1489461,39.185931
6093049254,9.1489852,39.1851524
6093049257,9.1488731,39.1846348
6093049272,9.1549954,39.1907475
6093049309,9.1607633,39.191286
6093049315,9.1525709,39.1903407
6093049317,9.1529871,39.1904806
6093049319,9.1534281,39.1906176
6093049326,9.1530594,39.1912021
6093049327,9.1544952,39.1874361
6093049336,9.1545477,39.1916059
6093054720,9.1437172,39.1906703
6093054733,9.1463863,39.1897872
6093054736,9.1468226,39.189378
6093054739,9.1464755,39.1903231
6093054745,9.1463996,39.1902315
6093054747,9.1466567,39.1895984
6093054748,9.1466632,39.1899197
6093054749,9.1471479,39.1890193
6106885956,9.1086491,39.2337301
6106885964,9.1073584,39.2331124
6106890849,9.1141928,39.2325907
6106890852,9.1148042,39.2320466
6106890878,9.1176163,39.2338882
6116598722,9.1192858,39.2430682
6116598723,9.1192348,39.243185
6116598725,9.1198867,39.2434396
6121721947,9.1186603,39.2112947
6122075126,9.1015218,39.2429454
6122191889,9.0972297,39.2340303
6122292653,9.1169006,39.2119934
6123588547,9.1304707,39.2172044
6126245029,9.1155552,39.2347848
6126245032,9.1141851,39.2345561
6131673063,9.1198741,39.2362064
6131677225,9.119985,39.2362419
6131677228,9.1205632,39.2362626
6133420816,9.138553,39.1984059
6147044713,9.0938315,39.2584759
6147044719,9.0943859,39.2585294
6147044732,9.0952999,39.2586457
6149496208,9.0970389,39.227373
6149496209,9.0971487,39.2273398
6149496215,9.09841,39.2257359
6149496216,9.0984148,39.2256188
6149519769,9.137765,39.2013119
6149519774,9.1380294,39.2012685
6149519779,9.1435072,39.1992837
6149519781,9.1432713,39.1992594
6149519782,9.1434512,39.1992553
6149519790,9.1436762,39.1987461
6149519797,9.1479842,39.1982712
6149519798,9.148144,39.1982975
6149519801,9.1483658,39.1984871
6149519837,9.1512567,39.1981853
6149519838,9.1514358,39.1983688
6149519846,9.151264,39.1992009
6149519855,9.1520228,39.1977456
6149519857,9.1522668,39.1978011
6149519863,9.15221,39.1984308
6149519866,9.1519401,39.1984222
6149519870,9.1524784,39.1974868
6149567921,9.1596612,39.1931763
6152004240,9.1107824,39.2148424
6152004243,9.1106731,39.2147889
6152004259,9.1153654,39.2239395
6152004267,9.1021344,39.2381185
6153151776,9.1029162,39.2407985
6153151777,9.1034932,39.2423346
6153151783,9.1034502,39.2422145
6153151786,9.1036113,39.2420878
6153151787,9.1035696,39.2421144
6153151805,9.1048152,39.2427301
6153199966,9.1033304,39.242166
6153199968,9.1037781,39.2419526
6153200000,9.1024937,39.2400524
6153200010,9.1026501,39.2399775
6157186845,9.1003542,39.2375687
6158826148,9.1387156,39.1995059
6158826150,9.1389261,39.199436
6158826156,9.1399348,39.1996548
6158826160,9.1396433,39.1996191
6167688896,9.1222365,39.2176259
6167688897,9.1231456,39.2172062
6167688901,9.1248688,39.2166146
6167688902,9.1214963,39.2179232
6167688903,9.1249203,39.2165962
6167884600,9.107348,39.2404055
6168445900,9.104474,39.2414351
6168445901,9.1044409,39.2413908
6168445907,9.1035615,39.2414653
6168445908,9.1034407,39.2412731
6168445909,9.1034939,39.2413577
6168445921,9.1006623,39.2406628
6168977397,9.1064975,39.2328856
6170252996,9.1443194,39.2032904
6170252997,9.1448053,39.2030814
6170253028,9.1430372,39.2045016
6170253031,9.1433236,39.2044275
6170397566,9.1532663,39.1973303
6170421286,9.1529048,39.1982796
6170668965,9.1498779,39.1999709
6179491339,9.1226337,39.2135831
6179491340,9.1227231,39.2138099
6179491341,9.1221104,39.2140173
6179491344,9.1224051,39.2141278
6179491345,9.122464,39.2141649
6179491364,9.1221786,39.213995
6179491367,9.1223402,39.2143183
6179491369,9.1229699,39.2142327
6179491370,9.1225234,39.2141029
6179491371,9.1227983,39.2140394
6188234330,9.1019632,39.2591868
6188234332,9.101391,39.2591927
6188306584,9.0920348,39.2606695
6188306586,9.0930037,39.2618541
6188306587,9.0921755,39.2606117
6191982062,9.1005596,39.2259381
6191982065,9.1003961,39.225814
6221665820,9.1029507,39.2510982
6221665821,9.1030188,39.2514835
6224678738,9.123117,39.2271899
6224678740,9.1234801,39.2271189
6229927403,9.1476073,39.1846911
6229927406,9.1470207,39.1842772
6229927409,9.1474201,39.1835591
6247994288,9.1051955,39.2213152
6247994367,9.1098921,39.2181161
6263721433,9.1161272,39.2105006
6263721434,9.1160722,39.2104111
6263721435,9.119354,39.2092299
6263721436,9.119282,39.2091267
6263721437,9.1203258,39.2088426
6263721438,9.1202606,39.2087436
6263721439,9.1207702,39.2085441
6263721440,9.1208395,39.2086452
6263721441,9.1246819,39.2061141
6263721442,9.1247865,39.2062054
6263721443,9.1271166,39.2058573
6263721444,9.1270999,39.2057788
6263721445,9.127646,39.2057982
6263721446,9.127638,39.2057134
6263721447,9.1288558,39.2056713
6263721450,9.1302699,39.2055246
6263721451,9.1302564,39.2054383
6263721452,9.1309925,39.205361
6263721453,9.1337741,39.2050638
6263721454,9.1337885,39.2051594
6263721457,9.1217412,39.2089641
6263721459,9.1202537,39.209836
6263721460,9.1203252,39.2099084
6263721461,9.1175377,39.2113722
6263721462,9.1176154,39.2114574
6266966064,9.170628,39.215198
6266966072,9.1709703,39.2152145
6267835191,9.1652738,39.2064702
6268682038,9.0998084,39.2592027
6268682039,9.0997784,39.2584972
6269171837,9.1064948,39.221518
6269670677,9.1271365,39.2325465
6283327643,9.1405133,39.1903317
6283327647,9.1403791,39.1904689
6283327659,9.14056,39.1904429
6283327663,9.1409141,39.1903728
6283327668,9.1410384,39.1906322
6283434914,9.1325655,39.234181
6283456788,9.1324623,39.2395711
6283456789,9.132506,39.2395168
6283456790,9.1343953,39.2403212
6283456792,9.1352159,39.2408368
6283456793,9.1363057,39.2418357
6283938617,9.1332775,39.2357875
6283938618,9.1332776,39.2357352
6283938619,9.133713,39.2358018
6283938620,9.1337094,39.2357306
6283938623,9.1341585,39.2357516
6283938630,9.1344871,39.2359479
6284162877,9.1167683,39.21577
6284167041,9.1186409,39.2283847
6284167066,9.1189158,39.2398305
6284167068,9.1299211,39.2362076
6284546934,9.1063647,39.2493073
6284683039,9.1445048,39.2002118
6293681655,9.1585274,39.1985806
6293681658,9.1597304,39.2014082
6293681665,9.1618033,39.2042396
6293681667,9.1578992,39.1968055
6299444785,9.1308132,39.2164458
6299444786,9.1309277,39.2164449
6299444787,9.1308803,39.2164453
6299444788,9.1305284,39.2164523
6299444789,9.1307968,39.2173483
6299444795,9.1307324,39.2167689
6299444800,9.130663,39.2162573
6299444804,9.1306919,39.2156957
6299444805,9.1307504,39.2155729
6299444806,9.1306703,39.2164489
6310991557,9.0808966,39.2106743
6310991558,9.080709,39.2105087
6310991560,9.0820163,39.2094819
6310991561,9.0822027,39.209639
6324278626,9.121438,39.2244508
6324278628,9.1201413,39.2266547
6324278629,9.1199533,39.2281433
6326784553,9.1107568,39.215048
6326784554,9.1110083,39.2152924
6326784557,9.1107128,39.2150051
6326812684,9.1312731,39.2378484
6327776696,9.1177174,39.240973
6328984328,9.0740126,39.2305159
6328984339,9.0764572,39.2314988
6331412210,9.1124684,39.2380309
6331412216,9.1113316,39.239643
6331412227,9.1108515,39.2387124
6331412240,9.1121602,39.236951
6331412611,9.1096839,39.2382671
6331412613,9.1086825,39.2394131
6331412614,9.109323,39.2386794
6332218984,9.1193919,39.2392167
6334159910,9.0975427,39.2339337
6336284035,9.0945079,39.2326051
6336284036,9.0945747,39.2325461
6336284037,9.094664,39.2324642
6339277371,9.1386917,39.1928383
6339287737,9.1410798,39.2019416
6339861204,9.1352788,39.2063106
6339861210,9.1325748,39.2121411
6339861212,9.1374443,39.2175678
6339861223,9.1349784,39.2227369
6339861224,9.1362509,39.2235029
6340221630,9.1267771,39.2301949
6340225734,9.126667,39.2301923
6340231919,9.1285793,39.2321362
6340231920,9.1284971,39.2321655
6340231921,9.1289684,39.232848
6340231922,9.1288794,39.2328745
6342114154,9.1242513,39.2300693
6342118412,9.1241269,39.2297313
6357708627,9.1006805,39.2407254
6357708633,9.0999406,39.237255
6357708634,9.099868,39.2373121
6357708637,9.0991797,39.2367955
6358895988,9.1425584,39.200292
6358895989,9.142669,39.2003406
6358895991,9.1431611,39.2005744
6358895995,9.1437255,39.2000234
6358895996,9.1428073,39.2001205
6358895997,9.1432975,39.2003039
6358895998,9.1427059,39.2000784
6358895999,9.1427266,39.2002489
6358896000,9.1432045,39.2004385
6358896003,9.1433907,39.2001851
6358896014,9.1431665,39.2007859
6358896015,9.1431668,39.2008439
6358896016,9.1435677,39.2004033
6358896017,9.1434583,39.2005341
6369822476,9.1115015,39.2163993
6369822477,9.1119452,39.2161368
6369822479,9.1111025,39.2153627
6369822483,9.1114839,39.2164101
6372602402,9.0319595,39.1689827
6372602421,9.0305077,39.1683497
6372602424,9.0310941,39.1681275
6376248598,9.1041883,39.2459702
6378089803,9.1624716,39.2031652
6378089804,9.1617889,39.2022513
6378142295,9.1605993,39.201016
6378171871,9.1614173,39.2035421
6378171875,9.1617896,39.2042046
6418891170,9.1011747,39.2283682
6418891173,9.1006905,39.2287804
6418907289,9.0999068,39.2298482
6418907309,9.1015427,39.2300385
6439401004,9.1039912,39.2260784
6439731047,9.1033143,39.2496836
6440467753,9.1008137,39.2290469
6440467756,9.1004797,39.2292285
6440467757,9.1003599,39.2291651
6440467766,9.1008813,39.2290719
6440467774,9.1010933,39.2295141
6440467776,9.1000616,39.2295421
6440467783,9.1001908,39.2296153
6447810261,9.1026716,39.2525233
6447810273,9.1025599,39.2519872
6447810284,9.102144,39.251965
6449074441,9.1431822,39.212715
6449074447,9.1435133,39.2135385
6449074451,9.1438672,39.2137423
6449074466,9.1436496,39.2144195
6449074473,9.1435313,39.2137802
6491655636,9.1193249,39.2280332
6491703562,9.1182382,39.2233097
6491703576,9.1187898,39.2254282
6491704088,9.1183595,39.2271588
6508777477,9.1174254,39.2172315
6508777483,9.1181531,39.2222312
6513273984,9.1141304,39.2351319
6513294105,9.1141508,39.2348958
6513294106,9.114039,39.2359078
6513326893,9.1136951,39.2349221
6520660056,9.1199469,39.2285955
6524156222,9.139681,39.203826
6524156230,9.1384816,39.2045738
6524156241,9.1366242,39.2048328
6524156242,9.1360902,39.2048364
6524156245,9.1346328,39.2049325
6524156253,9.1302495,39.2053939
6524156255,9.1286861,39.205558
6524156257,9.1278964,39.2056376
6524156264,9.1254149,39.2065983
6527717910,9.1166427,39.2141314
6533862324,9.0833704,39.2439539
6533862325,9.0840948,39.2434113
6533862339,9.0811625,39.2475386
6535742399,9.0996475,39.2264342
6535742400,9.0995205,39.2264455
6535742405,9.0983946,39.2277607
6535742406,9.0984553,39.2278293
6535742414,9.0982587,39.2277871
6535742427,9.0984418,39.2257727
6535742440,9.0978413,39.2263232
6535742444,9.0976418,39.2264818
6535742445,9.0979533,39.2266257
6535742447,9.0976966,39.2265088
6535742448,9.0975786,39.2266639
6535742461,9.0983035,39.2277192
6537764603,9.0970706,39.2257288
6537764604,9.0971444,39.2257662
6537764608,9.0970551,39.2258693
6537764609,9.0974932,39.2260898
6537764610,9.0968977,39.2259441
6537764611,9.0969685,39.2259694
6537764612,9.0975289,39.2260478
6537764615,9.0975885,39.2262333
6541717367,9.1768945,39.2147861
6586410099,9.1054371,39.2310308
6586410102,9.1042108,39.2317399
6586410104,9.1041007,39.2316127
6586410105,9.104149,39.231669
6625079980,9.1204086,39.2328964
6625079981,9.1194495,39.232757
6625107786,9.1184728,39.2309622
6641911135,9.0973592,39.2416595
6643065708,9.0854834,39.2079472
6643065710,9.0867325,39.2087654
6643065716,9.0868889,39.2090439
6643065731,9.0881446,39.2096755
6643065732,9.0894656,39.2105313
6643065739,9.0877298,39.2095971
6643065747,9.0899069,39.2090132
6643065748,9.0905878,39.2094608
6643065756,9.0896927,39.2088201
6643065768,9.0892039,39.2103618
6643065772,9.0890645,39.2104953
6646364175,9.1250039,39.2267939
6646364177,9.1252414,39.2267863
6650020652,9.1570008,39.1833698
6667967517,9.1712508,39.2114357
6667967527,9.1670866,39.2080971
6667967530,9.1670182,39.2082968
6667967531,9.1673401,39.2082969
6667967545,9.1704496,39.210664
6681106753,9.0899287,39.2539409
6684820695,9.1100071,39.2508742
6705645352,9.1405267,39.2450986
6705645353,9.1400198,39.2465194
6705645359,9.1398285,39.2480947
6705645366,9.1398632,39.2480593
6706097472,9.1413215,39.2458669
6706097474,9.1417473,39.2455025
6706097476,9.1412438,39.2452645
6706097477,9.1419133,39.245361
6706097478,9.1408695,39.2448442
6706097480,9.14071,39.2449696
6706097481,9.1403448,39.2445737
6706097482,9.1403843,39.2445315
6706097483,9.1409568,39.2449716
6706097484,9.1408219,39.2448857
6706198285,9.1407422,39.2448366
6736371179,9.1301289,39.2080925
6736383186,9.1309455,39.2076899
6768690812,9.1034145,39.2144302
6768690815,9.1049407,39.2139127
6775487560,9.0703638,39.2240733
6775487566,9.070401,39.2237696
6775487569,9.0705311,39.2238809
6775487571,9.0701379,39.2238778
6775487574,9.0702692,39.223769
6775487575,9.0705358,39.2239327
6775526323,9.0564269,39.2211539
6784969302,9.1007961,39.2356912
6789185274,9.1032795,39.2222509
6789185275,9.1030679,39.2224796
6789225097,9.080024,39.2147132
6789225098,9.0802262,39.2146317
6789225115,9.0803852,39.2149577
6789225142,9.0820106,39.2164982
6789225157,9.080788,39.2162818
6789225158,9.0821175,39.2164078
6789225160,9.084404,39.2145585
6789225176,9.0834911,39.2152992
6789225178,9.0820816,39.21425
6789233492,9.0829363,39.2157471
6795332148,9.1089461,39.2173184
6795332150,9.1097434,39.2168459
6795332151,9.1101726,39.2165916
6795332156,9.1086988,39.2170823
6795332158,9.1097476,39.21617
6804919431,9.1079904,39.229401
6804919436,9.1080593,39.229509
6804919438,9.1078663,39.2297124
6804919439,9.1077538,39.2296602
6804919444,9.1082715,39.2297831
6804919457,9.1081296,39.2295329
6804919463,9.1086571,39.2292363
6804919467,9.1090581,39.2287992
6811604700,9.1226586,39.243649
6811604701,9.1227552,39.2437445
6811622048,9.1297771,39.2354959
6811657585,9.1195731,39.2427819
6811657586,9.1199362,39.2429759
6812721192,9.0115932,39.2456591
6814696923,9.1333971,39.2258244
6814696924,9.1331502,39.2266184
6814696925,9.1333356,39.2260186
6814696926,9.1338534,39.2261137
6814696928,9.134319,39.2262879
6814696929,9.1344098,39.22602
6814696930,9.1342932,39.2263719
6841174076,9.1298843,39.236217
6868060585,9.1311216,39.2396914
6868060586,9.1310227,39.239759
6868060595,9.1300886,39.2406857
6868060596,9.1302329,39.2407871
6882358381,9.1260216,39.2370743
6882358382,9.1252291,39.2373737
6882358383,9.1251883,39.2372703
6948757553,9.1570453,39.1836127
6948757555,9.1560663,39.1839554
6948798811,9.161572,39.1840235
6948798816,9.1610333,39.1838426
6948798820,9.1613578,39.1836745
6948798825,9.1608405,39.183604
6949653283,9.1227747,39.2233342
6975211089,9.1542039,39.1877552
6975211090,9.154129,39.1878757
6989876492,9.1612087,39.1890347
6989876496,9.1657858,39.1881922
6989876506,9.1652493,39.1886558
6989876508,9.1610073,39.1897116
6989876510,9.1609946,39.1895797
7006289334,9.159729,39.1834388
7006289336,9.1596478,39.1834487
7007083454,9.1589327,39.1818683
7007083480,9.1600304,39.1817275
7007088085,9.1602966,39.1817969
7007088088,9.1602089,39.1820218
7007088098,9.1588671,39.1821584
7068087914,9.1231342,39.2132182
7068087916,9.1231289,39.2128913
7072447182,9.1022513,39.2592002
7072447509,9.1021021,39.2576169
7072447522,9.1020418,39.2576049
7072474189,9.1022344,39.2591066
7072474191,9.1022078,39.2591283
7072474193,9.1022224,39.2591883
7114103159,9.1117288,39.2286842
7114103161,9.1118712,39.228801
7119508327,9.106377,39.249371
7119508328,9.1063005,39.2493167
7148545437,9.1136511,39.2332208
7148545449,9.1155142,39.2330019
7148545457,9.1140733,39.2336259
7148545470,9.1159759,39.2357201
7174870327,9.1094534,39.2353739
7174870337,9.1093309,39.2352496
7174870339,9.1094824,39.2346229
7174870340,9.1093692,39.2346503
7174870341,9.1092418,39.2344556
7174870353,9.109344,39.2348796
7174870354,9.1093915,39.2349462
7176091066,9.1220959,39.2293212
7176091069,9.1220714,39.2287183
7176091079,9.1227825,39.2289557
7176091083,9.1217786,39.2290367
7176091084,9.1220825,39.2290283
7176206086,9.1224202,39.2293114
7176206089,9.1223483,39.2287399
7176206100,9.1219428,39.2304365
7176206105,9.1227203,39.2293989
7176206106,9.122717,39.229303
7176206109,9.1209652,39.2280013
7176206112,9.1216251,39.2287235
7176206113,9.121621,39.2285649
7176206123,9.1228892,39.2286968
7176206128,9.1233282,39.2286908
7176206134,9.1228531,39.2285169
7176206135,9.1235165,39.2284999
7176206137,9.1240653,39.2284824
7176206138,9.1242081,39.2286707
7176206140,9.1233238,39.2285032
7176206142,9.1226398,39.2285226
7176218400,9.1216021,39.2298578
7176218401,9.1216019,39.2297515
7176218402,9.1227499,39.229833
7176218403,9.1227475,39.2297137
7176218404,9.1219641,39.2304264
7176218405,9.1219305,39.2302904
7176218407,9.1227685,39.2301432
7176218420,9.1207502,39.2287607
7176218421,9.1208948,39.2287576
7176830790,9.1199276,39.2240307
7176830791,9.1189375,39.2272681
7176830792,9.1197003,39.2256179
7176830793,9.1198806,39.2249239
7176830795,9.1207891,39.2256348
7176830806,9.1214565,39.2244711
7176905783,9.1157106,39.2115809
7177787602,9.1091467,39.2356004
7177787603,9.1088425,39.2351699
7177787606,9.1091813,39.2347252
7177787608,9.1094066,39.2343917
7179046320,9.1183765,39.2296987
7179046321,9.1176129,39.2293183
7179046332,9.1036099,39.2377756
7179046355,9.1124047,39.233235
7179046380,9.1139723,39.2316911
7179048287,9.1196197,39.2288159
7182642404,9.1097419,39.2331348
7182642409,9.122887,39.2286259
7182642410,9.1228854,39.2285726
7182678997,9.1324412,39.2395599
7182679010,9.131892,39.2389631
7182679014,9.1337707,39.2341685
7182679040,9.1340914,39.2347296
7182679042,9.1304439,39.2321625
7182679043,9.1307039,39.2321074
7190872704,9.1066234,39.243416
7190872706,9.1063675,39.2434968
7190872712,9.106354,39.2434028
7190872713,9.1063601,39.2434452
7190872716,9.1070129,39.2435074
7190872718,9.1068387,39.2431402
7190872727,9.1076009,39.2433964
7353994443,9.1351731,39.2179068
7353994451,9.1335927,39.2184747
7353994452,9.1336571,39.2185566
7353994473,9.1352434,39.2179614
7353994477,9.135397,39.2181977
7354011786,9.1356249,39.2188442
7354564203,9.1342137,39.2159236
7354564230,9.1479875,39.2133171
7358194451,9.1350188,39.218081
7358194474,9.1363743,39.2185212
7389770053,9.1354467,39.2169033
7389770061,9.1364645,39.2173598
7396465473,9.1134747,39.2537417
7463621727,9.1182963,39.2284718
7463621728,9.1181599,39.2285117
7463621731,9.1178055,39.2284183
7463621732,9.1185673,39.2279306
7463621742,9.1183488,39.2275241
7463621749,9.1182866,39.227507
7463621752,9.1185217,39.227945
7463621753,9.118079,39.2275394
7466695647,9.110693,39.2356382
7466695648,9.1102353,39.2359655
7466695649,9.1103405,39.2358902
7466695652,9.1103737,39.2353938
7466695654,9.1104937,39.2360915
7466695655,9.1102734,39.2359382
7466695657,9.1110862,39.2359328
7466695659,9.1101271,39.2351976
7466695663,9.1098391,39.2355821
7466695664,9.1100384,39.2356601
7466695667,9.1103332,39.2353609
7466695668,9.110603,39.2351321
7466695672,9.1106111,39.2355768
7466695673,9.1109001,39.2353541
7466695674,9.111178,39.2355513
7466695676,9.1115137,39.2357656
7466695682,9.1126039,39.235399
7522366427,9.1166398,39.2168455
7522475146,9.1180393,39.2192212
7522475148,9.1179139,39.2191347
7522475150,9.1179522,39.2191001
7522989594,9.1141518,39.216168
7522989600,9.1146461,39.2177692
7522989603,9.1145064,39.2177279
7522989607,9.1145547,39.2175315
7522989609,9.1143642,39.2170785
7522989615,9.1145435,39.2175755
7522989616,9.1145386,39.2174577
7522989627,9.1144615,39.2174859
7522989642,9.1146834,39.2171575
7528921055,9.1163584,39.2186592
7528921060,9.1166975,39.2188331
7537825090,9.1248055,39.2126098
7537825093,9.1238967,39.2124737
7537825095,9.123505,39.2125676
7537825097,9.1239483,39.2131018
7545772389,9.1101314,39.2327656
7545772394,9.1109741,39.2333693
7545772396,9.1104683,39.2330725
7545772401,9.1114502,39.2310911
7545772404,9.1107715,39.2327173
7545772405,9.1108796,39.2321219
7548873351,9.1141507,39.2326441
7548873356,9.1158241,39.2324695
7548883000,9.1141917,39.2335766
7548883012,9.1142795,39.2331797
7548883014,9.1143696,39.2331828
7548883046,9.1125712,39.234575
7548883095,9.1142856,39.2343585
7548883096,9.1149215,39.232829
7548883102,9.1142031,39.2326333
7548883115,9.1138487,39.2336171
7548883123,9.1142176,39.233785
7548883142,9.1154285,39.2347049
7548883151,9.1155146,39.2347339
7548883152,9.1155325,39.234662
7549130439,9.1158914,39.2342782
7549130441,9.1164471,39.2349507
7549130450,9.1163547,39.2349393
7549130452,9.1158407,39.2348994
7549130458,9.1170499,39.2354634
7549190979,9.110083,39.2352328
7549190980,9.1103311,39.2354238
7549190981,9.1106479,39.2356705
7549190982,9.1108442,39.2358199
7549190983,9.1110465,39.2359739
7549193486,9.1099425,39.2351319
7549193498,9.1093887,39.2354241
7549193500,9.1094951,39.235482
7549193509,9.1093581,39.2361541
7549193510,9.1098046,39.2359305
7549193513,9.109406,39.2361303
7549193514,9.1096421,39.2360144
7549193515,9.1094297,39.2357529
7549193519,9.1095792,39.2359369
7549193521,9.1094729,39.2355009
7549193525,9.1102711,39.2348609
7549193530,9.1105625,39.2346583
7549193531,9.1106183,39.2346133
7549193533,9.1111544,39.2342497
7549541179,9.1151237,39.2373828
7549572786,9.1157011,39.2377598
7549572795,9.1160811,39.2379724
7549572854,9.115937,39.2358471
7549572898,9.113178,39.2343986
7549572941,9.1192813,39.2343088
7549572947,9.11787,39.2384482
7551640347,9.1139766,39.2361656
7560784682,9.056083,39.221042
7560824888,9.0558447,39.220651
7560824890,9.0560727,39.2206386
7560824896,9.0562521,39.2208777
7580324946,9.1422972,39.2457491
7580324952,9.1419378,39.2454303
7580324953,9.1418805,39.2453887
7580324955,9.1398118,39.2440992
7580324956,9.1399058,39.2441578
7580324959,9.1406715,39.2445418
7580324960,9.1424033,39.2457267
7580324961,9.1419513,39.2454389
7580324962,9.141919,39.2454167
7580324963,9.1419908,39.2453512
7580324964,9.141953,39.2453857
7603690603,9.0973465,39.2344503
7603690604,9.0979845,39.2348588
7603690607,9.0976771,39.23478
7603690608,9.0976815,39.2353427
7620412398,9.1462137,39.2052952
7620412412,9.1477873,39.2049101
7620412413,9.1475781,39.2049101
7620412420,9.147621,39.2046108
7620412426,9.1477731,39.205476
7620412463,9.1600815,39.2192638
7620412466,9.1612277,39.2182309
7620412467,9.1614175,39.2180679
7620412481,9.1615618,39.217527
7620415506,9.1518684,39.2064874
7620415570,9.1628262,39.2216527
7620415573,9.1622411,39.221328
7620415574,9.1621799,39.221363
7620415576,9.1608809,39.2202963
7620415604,9.1521378,39.1958015
7620415605,9.1498623,39.1970827
7635731056,9.1209311,39.2318433
7641068135,9.1261886,39.226778
7667059798,9.0904264,39.2148232
7692187314,9.0993522,39.2165373
7692187326,9.1126402,39.2296146
7692187327,9.1119312,39.2288576
7692187328,9.1128483,39.2285981
7704697609,9.1127744,39.2243773
7704697622,9.1149527,39.2241904
7704697637,9.1127072,39.2244307
7704697641,9.1126387,39.2246842
7724159258,9.1339584,39.2232307
7724159263,9.1345024,39.2235248
7724159266,9.1353366,39.223991
7724159268,9.1353957,39.2237486
7724159269,9.1353836,39.2235976
7724159270,9.1354359,39.2233289
7724159274,9.1354028,39.2235028
7724159275,9.1357581,39.2238124
7724159276,9.1355591,39.223679
7724159279,9.134949,39.2237975
7728100370,9.1126694,39.2406676
7728100374,9.1124767,39.2414305
7728119686,9.1125395,39.2387569
7728119687,9.1122583,39.2380457
7728119691,9.1121933,39.2381877
7728119694,9.1122724,39.2382666
7728119699,9.1122141,39.2384629
7728144616,9.1070769,39.2314693
7728144625,9.1127887,39.2296529
7728144629,9.1130459,39.2293536
7728144630,9.1130177,39.2293262
7728144632,9.1127046,39.2290755
7728153012,9.1123887,39.2284295
7728153056,9.1124947,39.2288513
7728153058,9.1126517,39.2289992
7728441860,9.1086031,39.235856
7728441864,9.1075487,39.2363025
7728441866,9.1065606,39.2363655
7728491260,9.1113801,39.2338878
7728491261,9.1113476,39.2338467
7728491263,9.1113105,39.2337751
7728491277,9.1112638,39.2336983
7728499327,9.0964676,39.2549592
7728499328,9.0966193,39.254385
7728503172,9.0917456,39.2521947
7728503179,9.0919493,39.2515925
7728503180,9.091945,39.2521125
7728503181,9.0912637,39.2519247
7728503182,9.0919999,39.2519755
7728503183,9.0913188,39.2517835
7728503184,9.0918876,39.2517748
7728507389,9.1116999,39.2337415
7728507393,9.1115778,39.2336146
7728529785,9.0913676,39.2516583
7728529790,9.0908925,39.2526009
7728529791,9.0917748,39.252398
7728529811,9.0933025,39.2516205
7728529816,9.091788,39.2520692
7728529818,9.0918354,39.2519291
7728529819,9.0918735,39.2518165
7728529820,9.0920406,39.2518613
7728529821,9.0919291,39.2516522
7728529822,9.0921015,39.2516761
7728529823,9.0917396,39.2522125
7728529834,9.0930674,39.2519488
7728529840,9.0932073,39.2516248
7728529848,9.0931722,39.2516553
7728529855,9.09271,39.2512716
7750030751,9.1159311,39.2240039
7750030752,9.1155742,39.2237535
7750061191,9.1434165,39.1969835
7750061193,9.1430725,39.1968202
7750061195,9.1427642,39.1966787
7750061199,9.1423643,39.1961822
7750061205,9.1424244,39.1956035
7750061206,9.142509,39.1963713
7750061212,9.1427356,39.1966536
7750061214,9.1432921,39.1967749
7750061218,9.1427456,39.1960817
7804547512,9.1164938,39.2217061
7804547539,9.1167335,39.2219552
7804547543,9.1169265,39.2219966
7804547551,9.1166914,39.2221168
7804547557,9.116664,39.2222945
7804547561,9.1168553,39.221932
7804547562,9.1167449,39.2220718
7804547577,9.1167374,39.2225543
7804558590,9.1168095,39.2223959
7804558594,9.1168429,39.2224042
7804558621,9.116945,39.2223557
7804558635,9.1168234,39.2220892
7804558640,9.1169207,39.2221217
7804558669,9.1169339,39.2222853
7804558673,9.1169646,39.2222196
7804558681,9.1170459,39.2222712
7804558687,9.1169627,39.2222595
7804558693,9.1170414,39.2223506
7804558719,9.1171093,39.2227149
7804558720,9.1171324,39.2227257
7804558742,9.1173647,39.2230992
7804558756,9.1168303,39.2225918
7804596712,9.1166176,39.2197956
7804596713,9.1164389,39.2193579
7804596716,9.1167435,39.2193465
7804596718,9.1165156,39.2196811
7804596720,9.1165175,39.2195542
7804596722,9.1165199,39.2194539
7804596727,9.1174875,39.2225479
7804596728,9.1175354,39.2225535
7804596738,9.1176122,39.2216131
7804596749,9.1177931,39.2234648
7804648174,9.1150947,39.2259391
7804648181,9.114995,39.2258445
7804656498,9.114884,39.2253069
7806121157,9.0970223,39.2223929
7806121160,9.09782,39.2230608
7806356888,9.1099813,39.2449162
7806356893,9.1098272,39.2448021
7806356902,9.1128637,39.2424069
7806356905,9.1129607,39.2422488
7806356923,9.1130095,39.2424556
7806356934,9.112826,39.2424325
7806356935,9.1129957,39.2424317
7806356969,9.1095794,39.2419906
7806356973,9.109499,39.2418719
7806356977,9.1096053,39.2418919
7806356979,9.1092899,39.2419602
7806356984,9.1093322,39.2418395
7806356987,9.1103807,39.242004
7806356988,9.1107892,39.2420548
7806356995,9.1106768,39.2419698
7806357049,9.1117635,39.2432481
7806357068,9.110991,39.2442052
7825879706,9.1187285,39.2283112
7825879707,9.1188564,39.2284036
7825879716,9.1182467,39.2283651
7825879734,9.1187429,39.2275373
7825879745,9.1189829,39.2275616
7825879766,9.1192429,39.2280815
7825879779,9.1191619,39.2280838
7825880587,9.1195893,39.2279563
7825880590,9.1190739,39.2281704
7825880591,9.1190398,39.2280437
7825880592,9.1193481,39.2279289
7825880612,9.1196945,39.227551
7825880627,9.1197133,39.2272535
7825880632,9.1197261,39.2272716
7826114891,9.1154156,39.2127132
7826114897,9.1156986,39.2131094
7826114917,9.1153806,39.2123828
7826114925,9.116496,39.2120481
7826114930,9.1157259,39.2127012
7826114961,9.1181713,39.2111404
7826114962,9.1168568,39.2117944
7826114974,9.1167754,39.2118666
7826114979,9.1167297,39.2118975
7826117686,9.1163908,39.2119773
7826168488,9.1383872,39.2047986
7826168497,9.1381895,39.2050145
7826168507,9.1374613,39.2053945
7826168529,9.1376127,39.2051638
7843321013,9.1094811,39.2456418
7843321046,9.1108433,39.2437695
7843321070,9.1089422,39.2438251
7892964560,9.1387001,39.1976475
7892964561,9.1291664,39.2445747
7892977052,9.1328157,39.234657
7892988190,9.1122605,39.2370824
7892988192,9.1123286,39.2372172
7893007381,9.1323705,39.2338048
7893025018,9.1061757,39.2393948
7893027062,9.1088028,39.2395345
7893027063,9.108744,39.2394267
7893027064,9.1090914,39.2390366
7904510457,9.1122608,39.2401788
7904510458,9.1118724,39.2399573
7904510465,9.1116781,39.2401637
7904510466,9.1116913,39.2401527
7904510467,9.1119515,39.2403554
7904510468,9.1116651,39.2404719
7904510470,9.1118777,39.2402979
7904510473,9.1118411,39.2403285
7904510474,9.1122499,39.2401693
7904510477,9.1121417,39.2401939
7904665469,9.09488,39.2324913
7904665475,9.092027,39.2301028
7904665479,9.0922759,39.2301328
7904665480,9.0922038,39.2299502
7904665484,9.0925246,39.2306446
7904666889,9.0924497,39.2300914
7904666898,9.0921539,39.2309454
7904666916,9.0929225,39.2313249
7904666917,9.0923081,39.2310757
7904666918,9.0925272,39.2309041
7904666919,9.0921543,39.2312146
7904666992,9.0924211,39.2320387
7904666994,9.091813,39.2321675
7904666995,9.0922806,39.2321442
7904666996,9.0920634,39.2319712
7904666997,9.0921466,39.2322449
7904666998,9.0919315,39.2320746
7904666999,9.0920971,39.2318116
7904667000,9.0920431,39.2319871
7904667005,9.0908744,39.2328488
7904667006,9.0919173,39.2320858
7904667007,9.0917258,39.2319246
7904667008,9.0917974,39.2321797
7904667009,9.0916009,39.2320206
7904667010,9.0916636,39.2322846
7904667011,9.0914722,39.2321196
7904667012,9.0915393,39.232382
7904667013,9.091348,39.2322151
7904667014,9.0914258,39.232471
7904667015,9.0912264,39.2323086
7904667016,9.0912647,39.2325973
7904667017,9.0910611,39.2324356
7904667064,9.0917727,39.2312413
7904667065,9.0918306,39.2312852
7920410932,9.1245498,39.20889
7920410944,9.1247664,39.2082452
7922355321,9.1251238,39.2261605
7922355323,9.1240983,39.226188
7922355324,9.1243586,39.2264579
7922355325,9.1251333,39.2264421
7922355326,9.1248231,39.2264486
7922355327,9.1248144,39.2261692
7922355330,9.1244501,39.2264563
7922355331,9.1244497,39.2261794
7922355332,9.1244474,39.2256914
7923014482,9.1357367,39.2235809
7923032785,9.1354878,39.2232826
7923032786,9.1357367,39.223441
7923032787,9.1356564,39.2237883
7923032788,9.1352151,39.2234631
7923032840,9.1352019,39.2242408
7923032841,9.1350952,39.224144
7923032842,9.1351522,39.2241957
7927970857,9.1310541,39.2327541
7927970858,9.1310539,39.2327676
7927970860,9.1311166,39.2328625
7927970861,9.1310811,39.2328088
7927970863,9.1307191,39.2322671
7927970864,9.1307592,39.2329255
7927970868,9.1307378,39.2328884
7928005191,9.1295061,39.2325184
7928005192,9.13069,39.2320757
7928005193,9.1308607,39.2320272
7928005194,9.1307713,39.2320526
7928005195,9.1311834,39.2327087
7928005196,9.1311208,39.2327306
7928450175,9.1171773,39.2313256
7928450180,9.11745,39.2322649
7928451520,9.1172006,39.2314666
7928451528,9.117819,39.2329823
7928451529,9.1179504,39.2315896
7928451540,9.1184932,39.2322696
7928451541,9.1173567,39.2311447
7947892331,9.1395595,39.220466
7947892332,9.1393539,39.221108
7947892333,9.1391619,39.2216236
7947979935,9.1106213,39.21489
7948420151,9.1232353,39.2070322
7948420152,9.1233348,39.2071248
7951767459,9.1008582,39.2151268
7951830108,9.0995047,39.2162113
7951830121,9.09532,39.216973
7951866256,9.1458377,39.2056517
7951866258,9.1454246,39.2057389
7959292838,9.1166522,39.21562
7959292839,9.1168604,39.2156467
7959292850,9.1167686,39.2158811
7959292881,9.1167708,39.2154789
7959292882,9.1166775,39.2154926
7984588026,9.1264435,39.2291205
7984588027,9.1264921,39.2296793
7984588029,9.1263176,39.2291204
7984588076,9.124506,39.2267176
7984593293,9.1231669,39.2286006
7984593294,9.1231649,39.2283933
7984593295,9.123166,39.2285066
7984593308,9.1229981,39.228605
7984593310,9.1231629,39.227913
7984593314,9.122997,39.2285149
7984593316,9.1235115,39.2283998
7984593321,9.124064,39.2284225
7984593328,9.1235061,39.227706
7984593333,9.1227446,39.2272666
7984593334,9.1234837,39.2272782
7984593341,9.123105,39.2268635
7985177562,9.1244639,39.2285677
7985177564,9.1244539,39.228303
7985177570,9.1246903,39.2285613
7998676125,9.1227186,39.2293359
7998676126,9.121602,39.2297834
7998676127,9.1227786,39.230216
7998676129,9.1227485,39.2297611
8000380434,9.1355092,39.2210261
8006297989,9.1359252,39.2237337
8006297992,9.1358524,39.2236746
8006297994,9.1360127,39.2235825
8006297997,9.1358589,39.223619
8006297999,9.1359442,39.223571
8006298000,9.1360644,39.2236488
8006298001,9.1360609,39.2236754
8006298003,9.1359933,39.2237325
8018211278,9.0983523,39.2142406
8018280448,9.1078382,39.2133765
8018280466,9.1095907,39.2142046
8018280469,9.1075625,39.2135003
8018280471,9.1076068,39.2135974
8018280477,9.1069879,39.2133149
8018280482,9.1075427,39.2136488
8018280483,9.107429,39.2136145
8018283606,9.0960584,39.214563
8018283607,9.0968259,39.2146045
8018283610,9.096606,39.2144938
8018283613,9.0971119,39.2148302
8018283619,9.096952,39.2151339
8018283642,9.0961184,39.2145865
8018283647,9.0962988,39.2142273
8018325690,9.1063939,39.2132372
8018325691,9.1064084,39.2131257
8018325693,9.1066036,39.212556
8018325696,9.1076375,39.2134715
8018325701,9.1088049,39.2141343
8018325702,9.1088412,39.2140667
8018325707,9.1095583,39.2140454
8018325709,9.1095028,39.2141595
8018325710,9.1095328,39.2141012
8018325715,9.1076137,39.213516
8022340230,9.1337866,39.2179682
8022340234,9.1332327,39.2179469
8022340239,9.1330183,39.2184422
8022340240,9.1330737,39.2184681
8022340252,9.132842,39.2179202
8022340266,9.1325676,39.2180973
8041749847,9.1111815,39.2340644
8041749848,9.1111737,39.2340991
8047520853,9.1014642,39.2470051
8047520854,9.1010321,39.2434241
8047520859,9.1009325,39.2431396
8059242629,9.0914879,39.2137736
8059242637,9.0919501,39.2127747
8059242643,9.0914141,39.212738
8059242644,9.0912534,39.2129697
8059242647,9.0911501,39.212926
8059242650,9.0913126,39.212694
8059295525,9.0877958,39.2104685
8059295528,9.0877563,39.2106238
8059295533,9.0879373,39.2107573
8059295534,9.0876858,39.2111731
8059295536,9.0878565,39.2107047
8074933318,9.1307617,39.1980622
8078862351,9.1213838,39.2499909
8078862352,9.1216169,39.2505622
8078862354,9.1224054,39.2510809
8078862355,9.1212207,39.250283
8078862358,9.1216963,39.2504774
8078862362,9.1220565,39.2508557
8084750579,9.0788017,39.227068
8084750581,9.0784884,39.2274303
8084750583,9.0788978,39.227241
8084750592,9.080494,39.2255764
8084750595,9.0799157,39.2252703
8084750600,9.0807147,39.2256763
8084750615,9.0802816,39.2260689
8084757239,9.0808882,39.2254671
8084757242,9.0812012,39.2256482
8105005041,9.1319723,39.2195376
8105005042,9.1317481,39.2193793
8105005045,9.1316381,39.2194616
8105005046,9.1314069,39.2194657
8105005049,9.1317431,39.2193331
8105005055,9.1311499,39.2199737
8105005063,9.1318133,39.2195915
8105005074,9.1306418,39.2193685
8105005079,9.1306583,39.2196814
8105005080,9.1306456,39.2197394
8105005082,9.1319217,39.2195016
8105005083,9.1320092,39.219429
8105005084,9.1315112,39.219924
8105005091,9.1314921,39.2201442
8105005094,9.1303969,39.219674
8105005096,9.1300615,39.2196059
8142656627,9.0933963,39.2535793
8147083691,9.1354403,39.2095626
8147083693,9.1354512,39.2096255
8147083703,9.1350275,39.2097786
8147083714,9.1369921,39.2098723
8147088818,9.1376627,39.2103801
8147088819,9.1372753,39.2101718
8147088827,9.1375186,39.2105694
8147088828,9.1374525,39.2102671
8147088833,9.1375267,39.210307
8147088834,9.137708,39.2100839
8147088839,9.1358245,39.2096578
8147088844,9.1357208,39.2096548
8147088860,9.135716,39.2099657
8147088861,9.1357726,39.2099323
8147088863,9.1362049,39.2102736
8147088866,9.135846,39.2105428
8147088870,9.1356233,39.2102187
8147088875,9.1356858,39.210802
8147088879,9.1366363,39.2100151
8147088883,9.1364526,39.2105736
8147088888,9.1359512,39.2106992
8147088890,9.1364459,39.2107685
8147088904,9.1363405,39.2094633
8147088906,9.1365353,39.209532
8147088912,9.1377693,39.2103694
8147088914,9.1377867,39.2101029
8147088919,9.1382022,39.2102402
8147088929,9.1361927,39.2099174
8147088931,9.1361828,39.2099951
8147088954,9.1361349,39.2102402
8147104654,9.1334044,39.2513464
8147104665,9.1337137,39.2519401
8147104677,9.1342515,39.2513236
8147104679,9.1340788,39.2514104
8147104686,9.1338674,39.2511795
8147104687,9.1339862,39.2511014
8147104689,9.1339831,39.251479
8147104694,9.1337062,39.2512743
8147104695,9.1336508,39.2512183
8147104697,9.1337675,39.2516064
8147219616,9.1326556,39.2139507
8147226025,9.1327602,39.2134996
8147226033,9.132792,39.2136716
8147226034,9.1328372,39.2136716
8147226035,9.1327921,39.213689
8147226040,9.1328767,39.2137091
8147226046,9.1330053,39.2136459
8158643460,9.1164779,39.2169431
8158643461,9.1164824,39.2169592
8158643466,9.1163397,39.2169733
8158643467,9.1163136,39.2167888
8168293420,9.1368866,39.2183797
8168293435,9.1347715,39.2172334
8198398078,9.1028959,39.2145675
8198418454,9.1031539,39.2147282
8230856810,9.1198347,39.2192001
8230856811,9.1199578,39.2191721
8241311661,9.1240733,39.2138456
8241311662,9.1242324,39.2137553
8241311663,9.1248798,39.2142465
8241311676,9.125125,39.2138821
8241311677,9.124823,39.2139462
8241311678,9.1245097,39.2132138
8241311695,9.1231885,39.2139554
8241331338,9.1260423,39.2160206
8241331355,9.1263165,39.217035
8241331356,9.1264561,39.2165431
8241331358,9.1262844,39.2165481
8246023460,9.1342436,39.231931
8246023461,9.1349524,39.2316677
8256935899,9.1246785,39.2510718
8256935902,9.1255571,39.2519342
8256935904,9.1227656,39.2512407
8256999271,9.1064503,39.2380514
8256999277,9.1063851,39.2388707
8256999280,9.1067208,39.2383353
8256999281,9.1058896,39.2383475
8256999283,9.1059867,39.2384425
8256999284,9.1065191,39.2381494
8256999289,9.1064596,39.2387372
8256999290,9.1066345,39.2384612
8256999293,9.1062184,39.238315
8256999296,9.106539,39.2386111
8256999297,9.1071277,39.2385193
8257012427,9.1059201,39.2383816
8257012428,9.106471,39.2380811
8262082167,9.1114903,39.2304356
8262082182,9.1120364,39.2305458
8262082213,9.1199633,39.2346159
8297117099,9.1409619,39.2167369
8305267977,9.1485773,39.2087488
8387257517,9.1476235,39.2400616
8432645215,9.1173342,39.2218106
8443711104,9.1424697,39.2110791
8443711105,9.1425267,39.2110781
8458881305,9.1195166,39.2402449
8458881308,9.1204078,39.2402852
8467708159,9.1598002,39.1926464
8467708176,9.1614933,39.1915094
8467708185,9.1681085,39.1892827
8467801118,9.1660187,39.189743
8486384675,9.1260176,39.2084301
8486384680,9.1260066,39.2087742
8486384709,9.1259111,39.2089053
8486417218,9.1255292,39.2090259
8486417221,9.1247932,39.2092546
8486417224,9.1246174,39.2091127
8486417232,9.124377,39.2094891
8486417234,9.124445,39.2096677
8486417244,9.1245196,39.2092055
8486417252,9.1243825,39.2097218
8486417253,9.1243846,39.2094664
8486417257,9.1243828,39.2092825
8486417264,9.1244295,39.2096317
8486417265,9.1247025,39.2095399
8486417281,9.125623,39.2091293
8486417282,9.1250248,39.2093629
8486417285,9.1250219,39.2095169
8486417286,9.1248645,39.2093261
8486417295,9.1249666,39.2093657
8486417321,9.1239264,39.2095644
8486417327,9.1236766,39.2095434
8486417329,9.1237539,39.2096759
8486417331,9.1236931,39.2095281
8486417333,9.1237308,39.209631
8522652430,9.1256239,39.2396438
8522652431,9.1255624,39.2396508
8522652432,9.1257441,39.240195
8522652433,9.1248671,39.2375432
8522652436,9.1216697,39.2287462
8522652437,9.1217708,39.2287435
8522652438,9.1217168,39.2287449
8522652440,9.1198286,39.2288976
8522652441,9.1198269,39.2289373
8522652443,9.120058,39.2287847
8522652444,9.1217062,39.2297283
8522652445,9.1218297,39.2297233
8522652446,9.121755,39.2297263
8522652447,9.1218893,39.2294151
8522652448,9.121885,39.2293228
8522652451,9.1247506,39.2286239
8522652452,9.1247526,39.228412
8522652453,9.1247512,39.2285596
8522652455,9.1250651,39.2286379
8522652457,9.1250641,39.228548
8522652461,9.1262172,39.228516
8522652464,9.1265128,39.2286055
8522652465,9.1262199,39.2286083
8522652466,9.1263523,39.228607
8522652467,9.1263375,39.2284033
8522652470,9.1265113,39.2285095
8522652471,9.1218863,39.229351
8522653626,9.1364644,39.2303387
8522653628,9.1362952,39.2302915
8522653629,9.1363196,39.2302168
8522653634,9.1362909,39.2297874
8522653641,9.1365627,39.2300534
8522653644,9.1364183,39.2299327
8522653646,9.1362827,39.2296795
8522653657,9.1371151,39.2283202
8522653658,9.1370615,39.2283119
8522653664,9.1368737,39.2278384
8522653667,9.1366917,39.2281439
8522653681,9.1372935,39.2269557
8533367002,9.1012225,39.2145039
8533367003,9.1013641,39.213791
8533367005,9.1019706,39.2142728
8533367006,9.10016,39.2140181
8533367010,9.1004285,39.214055
8540772572,9.1357754,39.2498227
8540772579,9.1356986,39.2495686
8540772584,9.1354475,39.2496568
8543242984,9.1155898,39.2126752
8543242985,9.1162519,39.2120865
8543242986,9.1156919,39.2126761
8543245718,9.1139486,39.2132136
8567956254,9.1495896,39.2049929
8628807576,9.1403156,39.1911048
8628807578,9.1413158,39.1907396
8628807579,9.1412445,39.1907103
8628807584,9.1413371,39.1905832
8628807588,9.1414926,39.1905732
8628807668,9.1406992,39.1915577
8628807696,9.1399918,39.1908863
8628807702,9.1403082,39.1916633
8628807725,9.1427356,39.1958066
8628807728,9.1420448,39.1946033
8628807731,9.1415334,39.193816
8628807732,9.1410754,39.1930666
8628807736,9.1407474,39.1924379
8628807738,9.1404718,39.1920213
8628807741,9.1399597,39.191239
8628807742,9.1400227,39.1913989
8628807757,9.1393249,39.1908748
8651664319,9.1224469,39.2613911
8651664320,9.1222284,39.2614862
8651664327,9.1222351,39.2616035
8651664335,9.1209096,39.2626238
8662440941,9.1223055,39.2143262
8662440971,9.1224379,39.2140747
8662440981,9.1226607,39.2136509
8662440993,9.1234575,39.2134509
8662440994,9.1222409,39.2141577
8662440995,9.1229915,39.2142776
8662490829,9.1243374,39.209231
8662490832,9.1243837,39.209234
8734583969,9.1046289,39.2511049
8734583972,9.1011631,39.2576201
8760845777,9.0996673,39.2385112
8778951933,9.1153039,39.2098616
8778951934,9.1148334,39.2100159
8778951935,9.1147713,39.209893
8778951941,9.1146997,39.2097441
8778951946,9.1147888,39.2102271
8778951956,9.1148746,39.2101249
8778951961,9.1149648,39.2101305
8778951962,9.11537,39.209984
8778951963,9.1154146,39.2100679
8778951964,9.1150328,39.2101972
8778951969,9.114712,39.2103103
8786343072,9.1181029,39.242797
8796312257,9.1077462,39.2141772
8831406593,9.1090897,39.2150966
8831406598,9.1094822,39.2154776
8842999473,9.1116708,39.2137268
8842999474,9.1116025,39.2136493
8842999493,9.1593938,39.1964795
8844588991,9.1411319,39.2150869
8844589004,9.1411393,39.2163236
8844592452,9.1344734,39.2209042
8844712041,9.1374915,39.204824
8844712042,9.1374922,39.204881
8844712043,9.1374934,39.2049685
8844712045,9.1360991,39.2050145
8844712046,9.1352823,39.2048708
8844712047,9.1352897,39.2049229
8844712048,9.1353023,39.2050114
8844712049,9.13531,39.2050656
8844712050,9.1337682,39.2050241
8844712051,9.1337946,39.2052006
8844712052,9.130989,39.2053127
8844712053,9.131003,39.205503
8844712055,9.1288453,39.20554
8844712056,9.1288488,39.2055836
8844712057,9.1288601,39.2057254
8844712058,9.1228266,39.2085395
8844712060,9.122665,39.2083809
8844712062,9.1217146,39.2089399
8844712063,9.1252312,39.2066579
8844712064,9.1252727,39.2066946
8844712065,9.1253467,39.2067601
8844712066,9.1253922,39.2068003
8844712067,9.1258446,39.2062576
8844712068,9.1258797,39.2062887
8844712069,9.1259532,39.206354
8844712070,9.1259915,39.206388
8844712071,9.1276331,39.2056609
8844712072,9.1276517,39.2058592
8844712073,9.127087,39.2057183
8844712074,9.1271286,39.2059134
8844722220,9.1307469,39.2058294
8844722234,9.1306509,39.2057655
8844770565,9.1177364,39.2116683
8851957016,9.1116249,39.2136747
8866203678,9.1273091,39.2133205
8866203682,9.1276998,39.2132441
8874680087,9.0752268,39.2243897
8874730033,9.1120515,39.2272908
8889634566,9.1097745,39.2478497
8889634573,9.1089923,39.2476062
8891159746,9.1159565,39.2224244
8891159755,9.1143805,39.2231837
8892245253,9.1114574,39.218087
8892245255,9.112321,39.2177827
8922664846,9.1515634,39.2007968
8922664847,9.1515124,39.2007637
8922664853,9.1517286,39.2008064
8922664856,9.1516959,39.2007835
8922670647,9.1504864,39.2014634
9044999955,9.1300448,39.2323309
9044999963,9.1302391,39.2320699
9044999964,9.1301261,39.2319351
9044999965,9.1305465,39.2317313
9094656191,9.1299405,39.2408176
9094656192,9.1300144,39.2408664
9094656201,9.1306646,39.2397398
9094656202,9.1307628,39.2396936
9094656210,9.1285145,39.2406095
9094656213,9.1287945,39.2403932
9094677321,9.1309375,39.237371
9095858313,9.1474871,39.1945912
9095905548,9.1487106,39.2084885
9095905573,9.1493701,39.2067456
9095905593,9.1489655,39.208476
9095905606,9.147652,39.2124888
9095905615,9.1481799,39.2130979
9096837424,9.1459861,39.1910302
9099754179,9.1368897,39.2053104
9105051013,9.1248103,39.207982
9116833403,9.1241986,39.2074576
9116833404,9.1239517,39.2072201
9116833406,9.1240669,39.2073273
9116833407,9.1245182,39.207029
9116833410,9.1235631,39.2071865
9116833414,9.1233866,39.2070927
9116833415,9.1239789,39.2069316
9117855369,9.1093921,39.2154687
9117855371,9.1093238,39.2155064
9117855373,9.1092525,39.2155475
9117855380,9.1091159,39.215235
9117855407,9.1095588,39.2149169
9117855408,9.1094863,39.2148427
9146969321,9.1241949,39.2055239
9146969328,9.1242985,39.2055149
9146969336,9.1242423,39.2056044
9152297333,9.133092,39.2185978
9152297334,9.1326658,39.212637
9169168756,9.1593467,39.198484
9169168760,9.1596226,39.1986257
9169168761,9.1593849,39.1986577
9171348339,9.1447512,39.1855099
9171427482,9.1488603,39.1864103
9171427488,9.1476981,39.1860264
9171427499,9.1491502,39.1873899
9171427505,9.1489753,39.1852951
9171427507,9.1487178,39.1864934
9171427510,9.1490046,39.1864428
9171427512,9.1515608,39.1866007
9171480564,9.1469704,39.1888817
9171480571,9.1490172,39.1878476
9171480574,9.1480087,39.1878982
9186902417,9.146268,39.1992176
9204568080,9.12423,39.2280064
9207616776,9.1342066,39.2209006
9207623051,9.1394325,39.2179389
9207623066,9.1342028,39.2190128
9211860228,9.0950069,39.2324269
9211860229,9.0952012,39.23204
9216894511,9.1352169,39.2319076
9248007110,9.0635454,39.226378
9248011819,9.0646749,39.2246824
9248011823,9.0641665,39.2247152
9248011826,9.0639483,39.2251719
9248011830,9.0635592,39.2245601
9248011831,9.064052,39.2249306
9248011838,9.0630472,39.2243397
9248011839,9.0640926,39.22482
9248011854,9.0635931,39.2246992
9248011855,9.0674631,39.2279987
9248011874,9.0680144,39.2272477
9248011875,9.0682171,39.2273361
9248011882,9.0693176,39.2267011
9248011883,9.0692175,39.2271759
9248011884,9.0695068,39.2267843
9248011885,9.0691428,39.2266242
9248011887,9.0683297,39.2271833
9248011888,9.0684543,39.2272376
9248011889,9.0689551,39.2265416
9248011890,9.0689176,39.2265937
9248011891,9.0698747,39.2275273
9248011892,9.0690613,39.2267329
9248011893,9.0691967,39.2268639
9248011894,9.0693432,39.2270058
9248011895,9.0694772,39.2271355
9248011913,9.0712947,39.228401
9248011914,9.0682015,39.2273573
9248011916,9.0682795,39.2273901
9248011917,9.0682074,39.2279019
9248011920,9.0679342,39.2277202
9248011921,9.0680843,39.2277946
9248011934,9.071113,39.2286613
9248011935,9.0707099,39.228475
9248011936,9.0686759,39.2275569
9248011943,9.0681692,39.2274011
9248011944,9.0679664,39.227313
9248011945,9.0726845,39.2287557
9248011946,9.0725482,39.2287034
9248011948,9.0721625,39.22947
9248011967,9.0721749,39.229609
9255971530,9.1461781,39.2392401
9255971533,9.1369985,39.2229601
9256257494,9.0934545,39.2312017
9256257498,9.0938097,39.231687
9257313083,9.1007482,39.2436318
9257313085,9.1010943,39.2437098
9257313086,9.1010465,39.2437436
9259904427,9.1211308,39.2271078
9259904429,9.1212069,39.2269534
9293504961,9.1375441,39.2051873
9293504962,9.1374562,39.2049701
9293504969,9.1371416,39.2049718
9315848866,9.1058029,39.2215156
9315848867,9.1053228,39.2212655
9315848881,9.1066105,39.2212486
9315848885,9.1064773,39.2211655
9315848886,9.1064702,39.2215053
9352584939,9.1094615,39.2350451
9352584940,9.1093979,39.2350763
9352584947,9.1094946,39.2350918
9352584949,9.1095611,39.2350897
9352584952,9.1092332,39.2350256
9352584953,9.1091957,39.2349711
9352584954,9.1096882,39.2348252
9352584955,9.1096073,39.2348454
9357771987,9.1260616,39.2035264
9357771989,9.1241796,39.2053774
9357771990,9.1257275,39.2036704
9357771994,9.1262144,39.2038585
9357771995,9.1258771,39.20375
9357771996,9.1253304,39.2043662
9357771997,9.1250419,39.2046892
9357771999,9.1276549,39.2020332
9357775628,9.1256438,39.2041596
9357775629,9.125388,39.204031
9357775630,9.1251587,39.204283
9357775632,9.1254171,39.2044132
9357775633,9.1248601,39.2046163
9357775635,9.1251249,39.2047271
9357775636,9.1246075,39.204898
9357775638,9.1248564,39.2050309
9357775639,9.1242264,39.2053214
9357775640,9.1244836,39.2054517
9357775656,9.1291624,39.2012819
9357775657,9.1282437,39.2012026
9357775658,9.1288097,39.2012515
9357775659,9.1288548,39.2008915
9357775660,9.1299552,39.201345
9357775661,9.13117,39.2014373
9357775662,9.1297973,39.2013324
9357775664,9.1295491,39.2015915
9357775665,9.1305116,39.2013876
9357775667,9.1306614,39.2013991
9357775673,9.1302341,39.2009913
9357775674,9.1301969,39.2013635
9357775675,9.1300025,39.2009746
9357775692,9.1309654,39.2008009
9360708413,9.1134617,39.2536596
9360708415,9.1134139,39.2536873
9372899177,9.126114,39.233792
9372899182,9.1261812,39.2337666
9372899189,9.1259206,39.2334902
9372899191,9.1265158,39.2338424
9372899194,9.1262346,39.2339747
9372899199,9.125989,39.2341869
9372925126,9.1260954,39.2341028
9372925134,9.1280977,39.2321257
9372925138,9.1281846,39.2319246
9372925142,9.1283788,39.2321381
9372925148,9.1272289,39.2337593
9372925161,9.127254,39.2337351
9373083123,9.124076,39.2356164
9373083126,9.1241242,39.2361745
9373263622,9.1112898,39.228072
9373263624,9.1112345,39.2282132
9373263629,9.1110944,39.2288922
9373263630,9.1122419,39.2285546
9373263633,9.1119576,39.2287435
9373263667,9.1117795,39.2287257
9373263673,9.1121285,39.2284786
9373263704,9.1115292,39.2289146
9396648000,9.0963351,39.247989
9396648006,9.0935671,39.2517597
9396648007,9.0929547,39.2525128
9396648009,9.0922007,39.2534923
9396648012,9.0928567,39.2524918
9396649421,9.0871556,39.2597928
9396649422,9.0873935,39.2595576
9425723739,9.1158818,39.2114556
9425723743,9.1113572,39.2133806
9425723744,9.1112546,39.2132801
9425723745,9.1141055,39.2123125
9425723750,9.1141454,39.2123082
9433347868,9.1156674,39.2115024
9433347888,9.1140942,39.2076768
9433347893,9.115824,39.2105183
9433347898,9.1157995,39.2105202
9433347910,9.1156779,39.2115215
9433347912,9.1159376,39.2114376
9463118875,9.1357986,39.2041712
9463118891,9.1356686,39.2042875
9463118901,9.1356358,39.2042388
9463118906,9.1354493,39.2042342
9463118907,9.1355755,39.2042638
9463118908,9.1357924,39.2043148
9463118909,9.1355737,39.2044007
9463118910,9.1356099,39.204312
9463118912,9.1356729,39.2041443
9465900040,9.1023004,39.2380489
9465900041,9.1022092,39.2378417
9465900042,9.1024418,39.2380036
9465908776,9.1046477,39.237409
9465908780,9.105315,39.2378367
9466093214,9.1200009,39.2361944
9466093215,9.1199919,39.236223
9466191021,9.0993062,39.237765
9466191022,9.0994967,39.2370673
9466191023,9.099676,39.236938
9466191024,9.0996204,39.236978
9466191025,9.0995457,39.2370318
9466191026,9.0993399,39.2367941
9466191027,9.1000867,39.2374387
9466191028,9.0995804,39.237007
9466191029,9.0998196,39.2373506
9466191030,9.0999928,39.2372139
9466191031,9.0999046,39.2372835
9466191056,9.0998158,39.2384599
9466191057,9.0996515,39.2379942
9466191058,9.0996496,39.23798
9466191065,9.0999017,39.2387365
9466191069,9.1000897,39.237801
9466191072,9.0999777,39.2377661
9466191073,9.1004007,39.2376053
9466191074,9.10045,39.237644
9466248168,9.113863,39.2326005
9466248170,9.113777,39.2325183
9466272372,9.1137674,39.2221156
9466272375,9.114072,39.2222316
9466272376,9.113848,39.2223308
9466272378,9.1140613,39.2222583
9466272379,9.1141243,39.2220877
9466272397,9.1138944,39.2223181
9466272398,9.1139976,39.2222816
9466272399,9.1140435,39.222346
9466602046,9.1593419,39.1964852
9492822950,9.1382071,39.1981691
9492822951,9.1373349,39.1981469
9492822953,9.1377607,39.1982013
9492822955,9.1382948,39.1982428
9492822956,9.1329109,39.1994871
9492822959,9.1376526,39.1981402
9492822965,9.1381004,39.1982345
9532416519,9.1298787,39.2248916
9532416520,9.130539,39.2257123
9532725777,9.1271363,39.2415828
9532725801,9.1279443,39.2446383
9532835476,9.1318711,39.2390536
9532835477,9.1324821,39.2380318
9532835482,9.1320656,39.2392164
9532835483,9.131967,39.2388258
9532835487,9.1317193,39.2388994
9532835512,9.1311123,39.2380722
9532841535,9.1319963,39.2399684
9532841567,9.1358239,39.2411832
9532841570,9.136344,39.241018
9532841575,9.1368977,39.2418158
9532841580,9.136757,39.242105
9532841583,9.1368089,39.2421624
9532841595,9.1373698,39.2425122
9532841601,9.1390084,39.243567
9532841610,9.136269,39.2491589
9532841612,9.1367274,39.2492528
9532841616,9.1363012,39.2493218
9532841617,9.1363893,39.2495425
9532841618,9.1366076,39.2492136
9532841629,9.1367886,39.250192
9532841652,9.1383152,39.2492724
9532841659,9.1363006,39.2491113
9549302142,9.131582,39.2322985
9549302149,9.1324984,39.2320914
9549302161,9.1304776,39.2305215
9549302164,9.1298693,39.2301944
9549302165,9.1300117,39.2300932
9549302172,9.129418,39.2305374
9549302174,9.1297287,39.2308437
9549302192,9.128097,39.2290889
9549314122,9.1280411,39.229051
9549314126,9.1281661,39.2291332
9554097631,9.1409089,39.236167
9554097632,9.1408865,39.2360784
9554097640,9.1405064,39.23593
9554097642,9.1395429,39.2335156
9554097643,9.1395445,39.2339451
9554097645,9.1394199,39.2338522
9554097648,9.1397009,39.2336333
9554097650,9.1384888,39.2345265
9554097651,9.1386419,39.2344133
9554097652,9.1391434,39.2349956
9554097653,9.1392847,39.2348846
9554097654,9.1388026,39.2342849
9554097661,9.1391841,39.2348099
9554097662,9.1393493,39.234672
9554097663,9.13905,39.2347118
9554097664,9.1392102,39.2345735
9554097665,9.1389112,39.2346103
9554097666,9.1390825,39.2344831
9554097667,9.1387885,39.2345206
9554097668,9.1389482,39.234388
9554097669,9.1400579,39.2343381
9554097674,9.1394182,39.2351925
9554097676,9.1395553,39.235091
9554097679,9.1396929,39.2349893
9560262239,9.1075899,39.2135604
9568979374,9.1077313,39.2265279
9570321759,9.1145702,39.2576865
9580594865,9.0976154,39.2339285
9580594872,9.0973809,39.2345614
9580748330,9.0940258,39.2586764
9580748333,9.093964,39.2585214
9580748335,9.0941338,39.2585787
9580748344,9.094209,39.2584706
9582699541,9.1248709,39.2175674
9582699542,9.1248875,39.2181316
9582699543,9.1249008,39.2185823
9582699544,9.1249313,39.2196176
9582699591,9.1186836,39.2113453
9582699599,9.1242498,39.214187
9582699600,9.1248134,39.2164218
9582699601,9.1248308,39.2166161
9582699602,9.1248377,39.2166928
9583973258,9.1001592,39.251023
9589513601,9.1438691,39.1985644
9589537017,9.1439264,39.1984691
9594480771,9.1073363,39.2498246
9594480814,9.1090731,39.2504002
9594480815,9.1095826,39.2502584
9595553063,9.1033188,39.2413318
9595553064,9.1034484,39.2415121
9595553065,9.1033586,39.2413872
9599752223,9.1073656,39.24993
9599752226,9.1073432,39.2498896
9599752229,9.107312,39.2501575
9599752279,9.11734,39.2436196
9599752286,9.1171532,39.2440845
9599752307,9.1157168,39.2507053
9602552064,9.0559027,39.2183395
9602633504,9.0724864,39.2223868
9602633506,9.0744436,39.2250145
9602633507,9.0749461,39.2241305
9602633509,9.0720656,39.2218652
9602657023,9.0567572,39.2159619
9602657026,9.0558238,39.2166913
9602657027,9.0559207,39.2166861
9602657044,9.0558854,39.2166678
9602657052,9.0564126,39.2162298
9602657054,9.0564747,39.2162065
9602657055,9.0563636,39.2162022
9602693155,9.0791177,39.2157278
9602693156,9.0797712,39.2151877
9602693157,9.0800576,39.214955
9602719626,9.0793253,39.2165905
9602777520,9.0801389,39.2143648
9602777524,9.0808734,39.2142988
9602777525,9.0805216,39.2140456
9602777526,9.0804023,39.2146972
9602777527,9.0804936,39.21462
9602777530,9.0809739,39.2142138
9602777531,9.0814577,39.2145589
9602777532,9.0805959,39.2146936
9602777533,9.0800324,39.2144554
9602777565,9.0810801,39.2142895
9603183368,9.1413049,39.2106364
9603183372,9.141154,39.2107379
9603355733,9.1448565,39.1968166
9603355737,9.1449858,39.1969586
9605879816,9.1206318,39.2140876
9612717278,9.1473991,39.2049613
9612883035,9.1358864,39.2010504
9613118941,9.0920624,39.2407092
9613118945,9.092609,39.2406894
9613118946,9.0924696,39.2407796
9613118947,9.092389,39.2408852
9620424194,9.1211579,39.2373701
9620424195,9.1211179,39.2374658
9626084242,9.1139721,39.2364385
9626133220,9.1361364,39.1934353
9626133227,9.1371095,39.193048
9626133242,9.1375444,39.1917985
9626133256,9.1382691,39.1912578
9626133260,9.1356393,39.1934831
9626133293,9.1384007,39.1931386
9628737768,9.1194929,39.2392779
9628737770,9.1194,39.2397687
9628737771,9.1193086,39.2397136
9628737772,9.1193119,39.2400544
9628975659,9.0591844,39.1934938
9633343748,9.1207157,39.2625137
9633343751,9.1208783,39.262542
9635285877,9.1342825,39.2392114
9635553144,9.1062991,39.2404057
9635553145,9.1063367,39.2391101
9635553146,9.1066245,39.2391954
9635553147,9.1066577,39.2390923
9635553148,9.1064668,39.2394322
9635553149,9.1064171,39.2391339
9635553152,9.1064775,39.239416
9635553153,9.1065158,39.2393585
9635553154,9.1069436,39.2395657
9635553174,9.1069347,39.2397371
9635553175,9.1067774,39.2398671
9635553178,9.1060922,39.2401956
9635553179,9.1054948,39.2402686
9641095452,9.1356723,39.2238778
9642842651,9.1384423,39.2066488
9642842654,9.1385612,39.2063633
9642842655,9.1387056,39.2067714
9642842658,9.1384608,39.2067319
9642842664,9.1393234,39.2086949
9642842667,9.1392623,39.2083893
9651930107,9.1203382,39.2478814
9651930110,9.120577,39.2475666
9656031140,9.116788,39.2167567
9660889891,9.1025758,39.25195
9666773081,9.1654686,39.2066479
9666773082,9.1655683,39.2065942
9666773083,9.1661613,39.2072977
9666773084,9.1662533,39.2072468
9666773085,9.1671044,39.2079791
9666773087,9.1682341,39.2090092
9666773088,9.1683158,39.2089436
9666773089,9.1713292,39.2113727
9666773090,9.1723611,39.2121879
9666773091,9.1740075,39.2131918
9666773093,9.1756119,39.2140787
9666773095,9.1773976,39.2150564
9683257668,9.110347,39.2405021
9683257677,9.1099143,39.2418441
9683257678,9.1116265,39.2418383
9683257683,9.1115948,39.2409831
9683257688,9.1088363,39.2405215
9683257689,9.1090809,39.2406633
9683257699,9.1087634,39.2457029
9708772562,9.1478888,39.2402235
9737745245,9.1366866,39.2418313
9737745249,9.1367203,39.2421468
9751620889,9.1492084,39.209013
9751620892,9.1483018,39.2136747
9751650222,9.0991696,39.2163877
9751650236,9.0915046,39.2302205
9754226703,9.0559854,39.2210573
9754291531,9.1284601,39.2289737
9754291532,9.1288773,39.2286014
9754291534,9.1291856,39.2290106
9754291535,9.1287338,39.2287295
9754291548,9.1287176,39.2291598
9754291549,9.1291219,39.2287925
9754291550,9.1290053,39.2288984
9754291551,9.1287815,39.2286869
9754291552,9.1285271,39.228541
9784719946,9.1132927,39.2168249
9784719947,9.1133251,39.2172975
9784719948,9.1132583,39.2173407
9796640407,9.13241,39.2038566
9796640416,9.1320529,39.2042372
9796684617,9.13186,39.2041246
9796684618,9.1317814,39.2040792
9796684619,9.1314462,39.2044473
9796684621,9.1310653,39.2048561
9796684622,9.1308126,39.2048868
9796684624,9.1305416,39.2052383
9796684626,9.1285588,39.2052297
9796684631,9.1322212,39.2046223
9796684633,9.1323608,39.2044148
9796684637,9.1318116,39.2040966
9796684640,9.1323506,39.2039199
9796699437,9.1144043,39.2126484
9798355978,9.1343557,39.2071385
9798355983,9.1342068,39.2064397
9806799335,9.111482,39.2134301
9806799336,9.1115498,39.2133593
9806799338,9.1115511,39.2135053
9806799354,9.1116178,39.2136407
9806823047,9.1096308,39.2143558
9806823048,9.1094076,39.2141269
9806823056,9.1097163,39.214016
9806823065,9.110085,39.2141028
9806823073,9.1115227,39.2134941
9806823076,9.1102119,39.2144149
9806823077,9.1100476,39.214344
9806823082,9.110089,39.2144437
9806823086,9.1102506,39.2143969
9817050852,9.1238516,39.206798
9820770256,9.0967327,39.2420972
9830589980,9.1150385,39.2096373
9857311506,9.1115014,39.2135346
9860535827,9.1108581,39.2139182
9868808518,9.1319942,39.2330826
9868808534,9.1311928,39.2313666
9920312253,9.1149331,39.2135893
9921439442,9.1651468,39.2061657
9921455694,9.1732633,39.2127863
9921455695,9.1736593,39.2130018
9921455696,9.1746097,39.2135231
9921455697,9.1760135,39.2143045
9921455698,9.1764579,39.2145473
9921455699,9.1791896,39.2160496
9921455703,9.1728654,39.2124977
9922081167,9.1025352,39.2520203
9922081171,9.1114761,39.2510285
9922114723,9.1105999,39.2346281
9922114736,9.1085787,39.2382006
9949070584,9.1459348,39.1965909
9949070585,9.1479861,39.197692
9949070586,9.1467237,39.1967573
9949070587,9.1477032,39.1974825
9949070588,9.1480341,39.1972175
9949070591,9.1469119,39.1961483
9949070593,9.1471712,39.1963644
9949070597,9.1478792,39.1963452
9949070600,9.1471239,39.196435
9949070601,9.1486035,39.1973168
9949070602,9.1478904,39.196702
9949070603,9.1485635,39.1973411
9949070604,9.1487186,39.1975301
9966846104,9.0822667,39.211444
9966846105,9.0817015,39.2118733
9966846106,9.0824311,39.211571
9966846109,9.0818762,39.2120139
9995183772,9.1223637,39.2615275
9995183774,9.1226305,39.2615039
10017886812,9.1029096,39.2440239
10017910631,9.1032631,39.2448777
10092095606,9.0837519,39.258533
10092095607,9.0828737,39.2576681
10092095609,9.0844755,39.2596239
10092095610,9.0843995,39.2596516
10092095611,9.0845995,39.2595915
10092095612,9.0840613,39.2589995
10092095613,9.0841884,39.2589649
10125574081,9.1056749,39.2148347
10125574082,9.1055951,39.2149163
10147108261,9.0935549,39.2533225
10147108266,9.0968346,39.2535373
10147108267,9.0967601,39.2534926
10147108277,9.1029901,39.2506355
10147108298,9.1006293,39.2375758
10159726472,9.1308607,39.2099583
10159726487,9.1305246,39.2107562
10159726488,9.1304295,39.2107015
10159726489,9.1301525,39.2105142
10159726494,9.1295854,39.2103408
10159726505,9.1289262,39.2100717
10159726508,9.1305681,39.2104581
10174676162,9.0323923,39.1693965
10174676173,9.0382436,39.1734306
10174676211,9.0286934,39.1762324
10174676212,9.029404,39.1763808
10174708551,9.0393755,39.2340444
10174708554,9.0350582,39.2335835
10174708555,9.0350842,39.2337573
10174708590,9.0118094,39.2454238
10174708595,9.0351255,39.2337534
10174708598,9.0367794,39.2362241
10174708688,9.0594046,39.2238757
10174708720,9.0519855,39.2313187
10174708817,9.0591015,39.2238202
10174708852,9.0672866,39.2219007
10182472798,9.1350818,39.2408393
10182472801,9.13493,39.2409349
10185849487,9.1666629,39.1889215
10185849501,9.166621,39.188668
10185849503,9.166629,39.1888551
10185849513,9.1659898,39.1898671
10185849515,9.16565,39.1898696
10185850426,9.1631703,39.1900047
10185850483,9.1591835,39.1853855
10185850487,9.161278,39.1833957
10185850489,9.1656542,39.1878841
10185925533,9.1513515,39.1917404
10185925547,9.1495149,39.1909793
10185954621,9.1473037,39.184586
10185954624,9.146888,39.1845371
10185954635,9.1468263,39.1849363
10185954640,9.146778,39.1859176
10185954643,9.1415302,39.1889873
10185954652,9.1424014,39.1898935
10185954728,9.146322,39.1906648
10199321467,9.1600913,39.1818967
10199321468,9.1600712,39.1819136
10200274220,9.1166286,39.2167932
10200274228,9.1168178,39.2158636
10201645736,9.1176318,39.2234425
10221157060,9.1163429,39.2119943
10221157061,9.1162358,39.211834
10224241301,9.1364517,39.2233607
10224247903,9.1056333,39.2160491
10224247904,9.1048643,39.2169903
10224266055,9.1354957,39.2301751
10224297331,9.1362062,39.2227805
10246589962,9.132507,39.2009091
10246589966,9.1312014,39.2007482
10246589972,9.1304547,39.2005823
10246589975,9.1305142,39.2005011
10246589998,9.1295961,39.2028986
10246590001,9.1298968,39.2027229
10246590002,9.1294733,39.2027459
10261026426,9.1175104,39.2182746
10261026433,9.1167971,39.2167549
10261026439,9.1168073,39.2168003
10261026441,9.1168315,39.216892
10262658192,9.1167234,39.2336081
10262658193,9.1171054,39.2337587
10262658202,9.1142024,39.2346057
10282430430,9.1203228,39.2157442
10282430431,9.1199787,39.2149727
10282430432,9.1201975,39.2149112
10282430434,9.1198461,39.2143648
10282430435,9.1197988,39.2142524
10282430436,9.1212447,39.2133066
10282430438,9.1196,39.2137642
10282459022,9.1411888,39.2012652
10282459024,9.1416471,39.2005415
10282459027,9.1427126,39.1997184
10289600885,9.1043203,39.2145115
10290012444,9.1016324,39.2290872
10290012493,9.1030773,39.2291641
10290049030,9.1044707,39.2294636
10290049045,9.1051926,39.2281591
10300204680,9.1074614,39.213881
10300204688,9.108185,39.2141024
10300204692,9.1090436,39.215266
10300204694,9.1093844,39.2156517
10300204697,9.1093108,39.2155727
10300286335,9.1476759,39.2400358
10300286336,9.1430725,39.2373825
10300286337,9.1406039,39.2359237
10300286339,9.139453,39.2351667
10300286342,9.139175,39.2349708
10300286343,9.1385382,39.23449
10300286347,9.1363012,39.232828
10300286352,9.1462187,39.2391959
10310697830,9.130136,39.2226303
10310697831,9.1302157,39.2226173
10310697834,9.1303636,39.2226865
10537173527,9.1413546,39.234549
10537173536,9.1411604,39.235614
10537173546,9.1423736,39.2353322
10537173547,9.1417688,39.235103
10537173548,9.1407537,39.2359067
10537173551,9.140887,39.2359689
10538932536,9.1090211,39.2499523
10538932537,9.1094767,39.2507395
10538932538,9.1092516,39.2503505
10538932539,9.1096789,39.2506815
10538932540,9.1092157,39.2498904
10538932541,9.1094479,39.2502973
10538932542,9.1089625,39.2502023
10538946247,9.1226065,39.2387757
10538946248,9.1225069,39.2386864
10538946249,9.1229713,39.238352
10538946250,9.1230775,39.2384524
10538946251,9.1237608,39.237983
10538946254,9.1234726,39.238181
10554761716,9.115725,39.2471819
10554761719,9.1148798,39.2471502
10554761720,9.1147087,39.24714
10554761724,9.115639,39.247183
10554761726,9.115345,39.2451738
10554761731,9.1160223,39.2435101
10554761732,9.1161039,39.2434743
10554763506,9.1183918,39.2402046
10554766912,9.1188933,39.2402592
10554766914,9.1160855,39.2435226
10562084214,9.1095215,39.2146811
10596688005,9.1054892,39.2142933
10690128983,9.1239225,39.2352154
10690128984,9.1242368,39.235093
10690154811,9.1245467,39.2349626
10690154812,9.1247684,39.2348724
10712852245,9.1351045,39.1939242
10720924140,9.1318422,39.2259605
10720924147,9.1315973,39.2268712
10720924158,9.1312369,39.2264242
10732456923,9.1072186,39.2327655
10732456925,9.1070457,39.2336626
10742398463,9.1252912,39.2306884
10742398464,9.1252955,39.2304828
10750927890,9.1264969,39.230498
10750927892,9.1265424,39.2306898
10750927894,9.1264195,39.230637
10750978605,9.1263567,39.2310341
10750978607,9.1262323,39.2309733
10750978608,9.1263066,39.2308399
10750978620,9.1240472,39.2301719
10761130853,9.1187785,39.2305226
10761130854,9.1191144,39.2306934
10761130855,9.1206687,39.2315575
10762109647,9.1297468,39.2297903
10762109655,9.129561,39.2296755
10762109656,9.1295029,39.2297246
10762109658,9.1296806,39.2298513
10762109661,9.1298124,39.2297484
10762109668,9.1304464,39.2300741
10762109671,9.1304819,39.2301618
10762109674,9.1302783,39.2301971
10762109677,9.1306627,39.2305819
10762109679,9.130988,39.230419
10762109681,9.1311023,39.230421
10762109682,9.1307962,39.230578
10762148008,9.1316696,39.2322719
10762148011,9.1308835,39.2298693
10764575127,9.0710146,39.2006285
10764575130,9.0714783,39.2003691
10764575152,9.0623763,39.1948422
10764575161,9.0640122,39.1926221
10764575169,9.0649852,39.1926254
10764575294,9.1025457,39.2518017
10764575295,9.1025677,39.2518895
10764575298,9.1407034,39.2498597
10765498066,9.114042,39.2123787
10765498070,9.1148786,39.210473
10765498072,9.1304617,39.2018141
10765498074,9.1072575,39.213704
10765498077,9.107489,39.2137652
10765498078,9.1087676,39.2142037
10765498079,9.1093947,39.214411
10765498080,9.1096936,39.2144635
10765498081,9.1096856,39.2143708
10765498084,9.1140527,39.2122472
10765498085,9.1152335,39.2110527
10765498086,9.1240532,39.2054503
10770595183,9.081526,39.2067169
10770607425,9.0898651,39.2042451
10770607435,9.0907371,39.204177
10770607436,9.0903659,39.2045429
10770607437,9.0925021,39.2059184
10770619912,9.0902922,39.2118144
10770619913,9.0903846,39.2116421
10770619929,9.0911862,39.2090874
10781466793,9.128952,39.2252408
10781466798,9.1291875,39.2249654
10782114190,9.0769079,39.2299564
10782114200,9.0757062,39.2307572
10782165708,9.0741625,39.2303656
10795362517,9.1177222,39.2116134
10795362525,9.1093476,39.2156122
10795362526,9.1094373,39.2155626
10795362527,9.1095217,39.2155158
10795362528,9.109586,39.2154803
10795362531,9.1162895,39.2119144
10795362533,9.1105201,39.2149681
10803807383,9.1359456,39.2499764
10803963459,9.1211246,39.2257803
10803963461,9.121271,39.2257902
10803963469,9.1221591,39.2260743
10803963472,9.122716,39.2257658
10803963473,9.123062,39.2254045
10804010592,9.1128713,39.2294641
10804010594,9.1131268,39.229244
10804025256,9.1210917,39.2260895
10804025262,9.1209042,39.225681
10804177103,9.1222734,39.2309204
10804182606,9.1226023,39.2307707
10804182609,9.1219526,39.2304601
10804182610,9.1227765,39.2306871
10804182611,9.1227818,39.2302796
10804182614,9.1229437,39.2305807
10804182616,9.1227779,39.2305794
10804182617,9.1222633,39.2305867
10804182618,9.1222616,39.2303729
10804182621,9.1230999,39.2305004
10804182622,9.1230281,39.2305373
10804182623,9.1226619,39.2307421
10804182624,9.1227744,39.230883
10804182625,9.1227249,39.230821
10804182627,9.1218159,39.2304599
10804182629,9.12195,39.2303693
10807135386,9.1204624,39.2306976
10807135387,9.1203015,39.2307623
10807135399,9.1212732,39.2314989
10807185784,9.1204036,39.2365807
10807185790,9.1201797,39.2362813
10807185792,9.1205989,39.2366147
10807185793,9.1204827,39.2365941
10807185794,9.1205786,39.2366807
10807185844,9.1206453,39.2360766
10807185849,9.1207888,39.2360923
10807185851,9.120818,39.2354515
10807185891,9.1203339,39.2328866
10807185892,9.1206341,39.2315532
10820325058,9.1152893,39.2284876
10823978195,9.1189245,39.228276
10823978196,9.1188318,39.2284496
10824082848,9.1189014,39.2283193
10827080659,9.0906033,39.21515
10829470834,9.108505,39.2394812
10829470835,9.1085025,39.2395389
10842781401,9.1047887,39.2450018
10843102923,9.1038378,39.2419335
10843102930,9.1038725,39.2421634
10843102931,9.1046873,39.2426715
10843102933,9.1055062,39.2424867
10843102935,9.1052441,39.2430634
10843102939,9.1052692,39.2431497
10843102940,9.1053778,39.243176
10843102941,9.1053284,39.2431641
10843102942,9.1056,39.2425113
10843102943,9.1055909,39.2419392
10846085692,9.1570223,39.1941104
10846407477,9.1129107,39.2425526
10852743368,9.0969067,39.2531999
10852743369,9.0967884,39.2533082
10862286277,9.0807182,39.2074833
10862286279,9.0805877,39.2073385
10862286281,9.0819568,39.207184
10862286282,9.0822085,39.206802
10862625720,9.0877914,39.211987
10862625729,9.0873329,39.2124659
10862625752,9.0906113,39.2139637
10862625819,9.0900793,39.2128634
10862625913,9.0839465,39.2172924
10862626055,9.0834529,39.2216336
10862626074,9.0817861,39.2227363
10862626075,9.0838525,39.2237249
10864590109,9.0632017,39.2129062
10864590169,9.0857098,39.2154101
10864590181,9.0860129,39.2140382
10864590291,9.0779189,39.2290674
10864590321,9.0765076,39.2304384
10864590322,9.0771901,39.2296599
10864590324,9.077457,39.2310159
10870814923,9.1128786,39.2425484
10874960621,9.129712,39.2000078
10874960623,9.1292303,39.1998159
10875049649,9.1626663,39.2031623
10886191808,9.1106728,39.2279565
10918107883,9.1095843,39.2351809
10918107887,9.1097188,39.235307
10918107891,9.1098423,39.2349826
10918107892,9.109395,39.2353147
10918107893,9.109573,39.2351898
10931628765,9.0873008,39.2466095
10931628766,9.0874658,39.2466922
10940164262,9.1453392,39.1972083
10943638424,9.1399965,39.1907882
10943638428,9.1398497,39.1906799
10943638429,9.1393099,39.1902984
10943638430,9.1396052,39.1899865
10943638431,9.1397698,39.1900524
10943638432,9.1394487,39.1903965
10943638433,9.1395828,39.1904912
10943638434,9.1399358,39.190119
10943638435,9.1400988,39.1901844
10943638436,9.1397162,39.1905856
10948663195,9.1346286,39.2341203
10948663202,9.1348937,39.2341354
10948663203,9.1346594,39.2342021
10948700597,9.1346479,39.234139
10948798558,9.1051569,39.2154892
10948798559,9.1051344,39.2155041
10948798562,9.1047352,39.2153337
10948798567,9.1046172,39.2153113
10948798574,9.1039429,39.2162166
10948798578,9.1043738,39.2166736
10948807016,9.1054655,39.2158156
10948807019,9.104092,39.2166008
10948807020,9.1041251,39.2165548
10951336886,9.0958819,39.2443649
10951336887,9.09639,39.244377
10951336888,9.0958886,39.2442116
10951336889,9.0963921,39.2442153
10959368177,9.0953579,39.2036007
10965183585,9.1426904,39.2419663
10965183586,9.144612,39.2421529
10965183588,9.1440785,39.2429474
10965191123,9.1421965,39.239118
10965191125,9.1424247,39.238858
10965191201,9.1507986,39.2423986
10965191204,9.1511012,39.2422688
10965206605,9.1517919,39.2426211
10969235802,9.0953291,39.2286677
10969235803,9.0956072,39.2283052
10969235808,9.0950921,39.2286224
10969345508,9.0929649,39.2357667
10969345573,9.0944195,39.2297394
10969345584,9.0944472,39.2286012
10969345593,9.0971805,39.234717
10969345596,9.0971368,39.2349035
10969396919,9.1551174,39.2110109
10969869014,9.0936407,39.2584609
10969869017,9.0942807,39.2573555
10969869018,9.0937653,39.2582529
10969869020,9.0947382,39.2584297
10969869129,9.1011547,39.2591939
10969869132,9.10038,39.2591995
10969869178,9.098746,39.2565853
10969869193,9.1020256,39.2574637
10969885650,9.0892957,39.2596885
10969885664,9.0928688,39.2584045
10969885667,9.093597,39.2585441
10969885668,9.0937005,39.2586928
10970830586,9.0987952,39.223366
10970830589,9.0987563,39.2231097
10970830592,9.0989157,39.2231285
10970830597,9.0990946,39.2238834
10970847410,9.0993951,39.2201864
10970847413,9.0987876,39.2199949
10970847423,9.0987572,39.2196578
10970847424,9.0989273,39.219733
10970847426,9.0994144,39.2198789
10974835596,9.0824934,39.2184056
10974835601,9.0824796,39.2188118
10974835605,9.0732165,39.2255788
10974835606,9.0730923,39.225308
10974835607,9.0706158,39.2237188
10974835608,9.070172,39.2233555
10974835618,9.0806747,39.2220943
10974835619,9.0805953,39.2220376
10974835639,9.0824075,39.2183342
10974835724,9.0727488,39.2222331
10974835747,9.0802527,39.2247557
10983772530,9.1303096,39.2556587
10983772634,9.1284394,39.2545839
10983772635,9.1282066,39.2546294
10983910037,9.123618,39.2589416
10984439991,9.1152775,39.2446627
10984439993,9.114893,39.2445824
10984451408,9.1155155,39.2447101
10984451414,9.1150566,39.2446072
10984451417,9.1152287,39.244653
10984451419,9.1154802,39.2439971
10984451421,9.1153702,39.2438876
10984451425,9.1153449,39.2439225
10984451428,9.1156258,39.2438495
10984451451,9.1151259,39.2457042
10984451455,9.1148924,39.2464515
10984454952,9.1206247,39.2526009
10984454956,9.1207579,39.2525855
10984454957,9.1207538,39.2525694
10984454963,9.1206928,39.2526399
10984454966,9.1206609,39.2525402
10984454967,9.1206834,39.2525353
10984454973,9.1205218,39.2525428
10984454974,9.1208728,39.2524253
10984454975,9.1207848,39.2524655
10984795464,9.1533652,39.1932476
10984913559,9.1432333,39.19569
10984913560,9.1431024,39.1957388
10984913570,9.1439622,39.1971268
10984913571,9.1445875,39.1966247
10985165282,9.1368556,39.2482759
10985165290,9.1371034,39.248713
10989110041,9.1434587,39.1867676
10989110044,9.1432012,39.1864003
10989110045,9.1437423,39.1866378
10989110078,9.141319,39.1892137
10989110080,9.1409357,39.1889735
10989110085,9.1444215,39.1892149
10989110086,9.1433522,39.1894171
10989110097,9.1421631,39.1884205
10989630784,9.1438796,39.185789
10989630793,9.1560925,39.1839295
10989630803,9.1564646,39.1831351
10989630804,9.140751,39.1905199
10992692552,9.123903,39.2080888
10992692562,9.1242685,39.2076663
10992692563,9.1241858,39.2077809
10992692584,9.1249788,39.20783
10992692585,9.1249463,39.208075
10992692590,9.1260183,39.2080391
10992692591,9.1256795,39.2079518
10992692599,9.1253398,39.2079148
10992692600,9.1255313,39.2080405
10992697605,9.1255566,39.2082412
10992697612,9.1259319,39.2085195
10992697613,9.1256917,39.2083545
10992697615,9.1257781,39.2082719
10992697616,9.1255949,39.2079032
10992697617,9.1253986,39.2080994
10992697618,9.1254408,39.2080558
10992697619,9.1254862,39.2080109
10992697620,9.1255315,39.207966
10992697630,9.125233,39.2082628
11002003335,9.1597057,39.1929238
11002003337,9.1602827,39.1933493
11002003339,9.1599944,39.1930939
11002003340,9.1599691,39.1935658
11002003350,9.1615697,39.1923996
11002003351,9.1615337,39.1927034
11002003352,9.1602333,39.1933055
11013707587,9.043068,39.1775727
11013707589,9.0425897,39.1776447
11049207231,9.1418422,39.2015735
11049207236,9.1409119,39.2012766
11049207242,9.1400467,39.2013122
11053698444,9.0867575,39.2070228
11053698445,9.0870414,39.2067778
11053698477,9.0891144,39.2084681
11053698494,9.093593,39.2066531
11061413880,9.0561922,39.2171589
11061419908,9.064678,39.2146608
11061419910,9.0887783,39.2075515
11066912186,9.1343486,39.2072246
11066912187,9.1344803,39.2073092
11066912189,9.1344353,39.2072803
11074262938,9.1646261,39.2097346
11082228878,9.1434418,39.1986697
11090473088,9.127523,39.2158133
11090473089,9.1275305,39.2156515
11099668331,9.0334078,39.168093
11099668333,9.0335098,39.1682538
11100270442,9.1275702,39.2172466
11104492421,9.1206523,39.2258677
11104492433,9.1223518,39.2262434
11104492439,9.1222299,39.2261557
11104510522,9.1212458,39.2248363
11104510523,9.1213908,39.2250166
11104510525,9.1217936,39.2248411
11104510526,9.121542,39.2249746
11105625819,9.1333549,39.1972176
11105681341,9.1421434,39.211725
11107400679,9.0960911,39.2146975
11107400698,9.1009741,39.2145598
11107409614,9.0996965,39.2146593
11107409616,9.1004756,39.2145286
11107559032,9.1164271,39.2215992
11107559034,9.1163829,39.2214489
11107559058,9.115828,39.2221847
11107559059,9.1159128,39.2222074
11107559061,9.1160052,39.2222906
11113942091,9.0950537,39.2042816
11113942095,9.0937434,39.2047171
11113942097,9.0938954,39.2067893
11118993632,9.0917285,39.2124715
11118993633,9.0919704,39.2125818
11118993636,9.0916368,39.212433
11118993638,9.0914291,39.2123548
11118993643,9.090979,39.2128777
11118993670,9.0823938,39.207318
11118993672,9.08237,39.2073468
11118993680,9.0857438,39.2081185
11118993686,9.0856274,39.2082234
11118993687,9.0888749,39.2106769
11118993688,9.0889607,39.2107327
11119517182,9.1351357,39.194855
11138895840,9.1192379,39.2398721
11138923999,9.1195237,39.2134232
11165605567,9.1742807,39.2133478
11165605573,9.1747496,39.2138438
11165605590,9.1734288,39.2137073
11165605591,9.1749303,39.2137025
11165605594,9.1736046,39.2129746
11165605595,9.173536,39.213075
11165605600,9.1733908,39.2135904
11165605604,9.1730624,39.2132508
11165629006,9.1734064,39.2129975
11165629012,9.1732045,39.2140093
11167419136,9.09614,39.2267958
11167419138,9.0960787,39.226718
11167419139,9.0956139,39.2273531
11176102243,9.123021,39.2119426
11176102246,9.1225966,39.2122403
11176102247,9.1230432,39.212217
11176102250,9.1216075,39.2121677
11176102252,9.1225898,39.2121173
11176102254,9.121192,39.2121884
11180649864,9.1125409,39.225186
11180649876,9.1110431,39.2249614
11180649878,9.1116516,39.2250269
11180651049,9.1110254,39.2219477
11180651050,9.1110333,39.2218658
11180651110,9.1119345,39.2221528
11180651119,9.111981,39.2221917
11186580205,9.1145586,39.2146671
11186580206,9.1147641,39.2146355
11188114097,9.1120357,39.223829
11190566301,9.1438529,39.1970769
11190566306,9.1440206,39.1970799
11190566307,9.1444404,39.1973268
11190566308,9.1442145,39.1971931
11190566310,9.144144,39.197488
11190566311,9.1443456,39.1972697
11190566315,9.1446647,39.1969934
11190566329,9.1440723,39.1962628
11190566330,9.1436361,39.1966985
11190599164,9.1431763,39.1958681
11190599165,9.1428433,39.1959943
11192728794,9.1612683,39.2024872
11192728796,9.1617249,39.2030647
11192728797,9.1615107,39.202797
11192728800,9.1630925,39.2037264
11192728801,9.162969,39.2035703
11193065865,9.098579,39.2123841
11193065867,9.097919,39.2121417
11193065878,9.0976618,39.2125667
11193065879,9.099231,39.2114671
11193065905,9.1108621,39.2013333
11194701312,9.1610231,39.2009706
11194701313,9.1615324,39.2016391
11194701314,9.1614398,39.2015128
11195909128,9.1230763,39.2257213
11195951037,9.1231296,39.2254804
11195951038,9.1228251,39.2258372
11195951068,9.1232652,39.2256327
11195951069,9.1232261,39.2255887
11195951071,9.1234601,39.2255297
11195951072,9.1233876,39.225568
11195951141,9.1208054,39.2254001
11195951142,9.1208526,39.2254205
11195951143,9.1208873,39.2254355
11197341226,9.122009,39.2254981
11197341227,9.1220671,39.2256637
11197341231,9.121699,39.2259868
11197341234,9.121506,39.2262716
11197388838,9.1227658,39.2267428
11208426199,9.1249918,39.2083862
11208426200,9.1253037,39.2080957
11208426201,9.1251699,39.2082203
11208426202,9.1253819,39.2081446
11208426204,9.1250625,39.2084308
11208426206,9.1254149,39.2081103
11212295814,9.1315906,39.2023535
11212295815,9.1316529,39.2023196
11212295829,9.1302492,39.2031285
11212295830,9.1314833,39.2024385
11212295831,9.1318486,39.2028181
11212295834,9.132008,39.2027916
11212301743,9.1267432,39.2041452
11212301744,9.1268942,39.2039693
11212301749,9.1269276,39.2039903
11212301753,9.1267806,39.2041655
11212301755,9.1266747,39.2042487
11215222920,9.1088201,39.2404531
11215222921,9.1087391,39.2404919
11215222923,9.1076895,39.2410352
11215222927,9.1083074,39.240472
11215617859,9.0933901,39.2620096
11215617869,9.0950495,39.2627999
11215617877,9.0941562,39.2632228
11215617886,9.0944538,39.263218
11215617891,9.0960259,39.263922
11215617909,9.0991925,39.264052
11215617910,9.0944574,39.2626405
11215617913,9.0948283,39.2615751
11215617914,9.0939275,39.2623521
11215617919,9.0940782,39.2623025
11215617920,9.0945611,39.2620382
11215617921,9.0945997,39.2620985
11215617922,9.0950496,39.261926
11215617932,9.0948318,39.2620095
11215617933,9.0948704,39.2616418
11215617935,9.0948127,39.2615504
11215617951,9.0951422,39.261444
11215617952,9.0963127,39.2622512
11215617953,9.0961788,39.2620081
11215617954,9.0967889,39.2614846
11215617955,9.0964416,39.261611
11215617956,9.095707,39.2612319
11215617957,9.0958063,39.2613996
11215617958,9.0952677,39.2620485
11215617959,9.0956123,39.2619172
11220157026,9.1209238,39.2188336
11220157028,9.121168,39.21938
11220157031,9.121288,39.2196485
11232503111,9.1374588,39.1917323
11232503120,9.1451709,39.1917614
11232503123,9.1450644,39.1919148
11232503133,9.1423819,39.1869924
11232539837,9.1422235,39.1869085
11235844627,9.1199889,39.2277713
11235844628,9.1198719,39.2275955
11235844629,9.1199241,39.2275904
11235844630,9.1199686,39.2275127
11235844631,9.1202417,39.2266855
11235844632,9.1198644,39.2267446
11235844633,9.1198162,39.2267403
11235844635,9.1198547,39.2287156
11235844636,9.1198538,39.2286471
11235845840,9.1204119,39.2260876
11235845842,9.1204588,39.2261037
11235845843,9.120385,39.2263715
11235845846,9.1262301,39.2296991
11235845847,9.1263478,39.2295756
11235845848,9.1264601,39.2295758
11235845850,9.1268518,39.2301507
11243787778,9.1513659,39.191727
11245254250,9.1327383,39.2142838
11245254256,9.1329804,39.2146986
11245254259,9.1332747,39.2146335
11245254262,9.1334495,39.2152749
11246239419,9.1001627,39.2130676
11246239421,9.0999064,39.2137366
11246239423,9.0997091,39.2137976
11246239424,9.0998287,39.2137197
11246239426,9.0998916,39.2133014
11252928500,9.1373899,39.23595
11252928503,9.1374119,39.2382561
11277029418,9.1510656,39.1920474
11277029419,9.1511268,39.1920907
11277029421,9.1508554,39.1921505
11277029422,9.1506719,39.1921322
11277029424,9.1500451,39.1924908
11277029435,9.1502263,39.1964164
11277029437,9.1496471,39.1921863
11277029439,9.1501013,39.1916068
11277029452,9.1514361,39.1927449
11277029453,9.1496254,39.1968098
11277029464,9.1488999,39.1959348
11277029465,9.1494647,39.1956145
11277029466,9.1492033,39.1953393
11277029467,9.1500169,39.1948681
11277029468,9.149729,39.1958928
11277036969,9.1505211,39.195448
11287016358,9.1138694,39.2158982
11288867279,9.1524492,39.1924022
11288867280,9.1523198,39.1925387
11288867281,9.152174,39.1923961
11288867311,9.1541635,39.1942499
11288867312,9.1540466,39.1947409
11288867314,9.1540815,39.1947917
11288867315,9.1540586,39.1947584
11288867316,9.1541322,39.1948658
11314068395,9.1362087,39.2235585
11327531144,9.1189873,39.228124
11327571894,9.1270191,39.2315456
11331168281,9.116947,39.2146221
11343184419,9.1168286,39.2151082
11343184420,9.1169228,39.2151372
11358365869,9.1131824,39.2173832
11358365880,9.1102512,39.2185799
11358365893,9.1102752,39.2185539
11358365897,9.1132485,39.2175239
11358365898,9.1131941,39.2174213
11358365900,9.1125716,39.2176005
11358365904,9.1115242,39.2179631
11358365906,9.1132224,39.2174747
11381233440,9.1622673,39.2054196
11381233443,9.1625044,39.2051881
11381233445,9.1624617,39.2059136
11382184305,9.1013215,39.2577053
11382184306,9.1013232,39.2576312
11382184423,9.1265692,39.2043624
11382486256,9.1231036,39.2152215
11382486257,9.122455,39.2151491
11382486263,9.1203436,39.2157935
11382486264,9.1202883,39.2156886
11382486265,9.120066,39.2151467
11382486267,9.1201364,39.21513
11382486268,9.1202164,39.2151111
11387842815,9.1164619,39.2187512
11387842818,9.1167385,39.2187331
11387842819,9.1166869,39.2187362
11387842820,9.1178667,39.2191393
11392398985,9.1289529,39.1999528
11392399005,9.1310702,39.1988528
11392399006,9.1319312,39.1992607
11392399007,9.1314343,39.1990253
11392399008,9.1313578,39.1988109
11392399009,9.1315152,39.1988922
11392399010,9.1315569,39.1989103
11392399011,9.1319367,39.1990899
11392399012,9.1319003,39.199445
11392399013,9.131326,39.1991605
11392399014,9.1305798,39.1989639
11392399015,9.1318755,39.1995928
11392399016,9.1303942,39.1990531
11392399017,9.1318482,39.1997558
11392399018,9.1311278,39.1994077
11392399019,9.1302232,39.1991504
11392399020,9.1318215,39.1999151
11392399021,9.1310261,39.1995345
11392399022,9.130067,39.1992438
11392399023,9.1317938,39.2000801
11392399024,9.1309258,39.1996597
11392399025,9.1299359,39.1993595
11392399026,9.1317456,39.2002354
11392399027,9.1308224,39.1997886
11392399028,9.1298443,39.1994914
11392399029,9.1316438,39.2003583
11392399030,9.1307218,39.1999142
11392399031,9.1298012,39.1996374
11392399032,9.1314938,39.200462
11392399033,9.1306228,39.2000377
11392399034,9.1298193,39.1998314
11392399035,9.1312938,39.2005348
11392399036,9.1305201,39.2001657
11392399054,9.1312304,39.1992797
11396458568,9.1087805,39.217064
11396500469,9.1098512,39.2164091
11396500470,9.1094314,39.2166721
11396500471,9.1092333,39.2167906
11396500472,9.1095004,39.2169096
11396500473,9.1091633,39.2165587
11396500474,9.1092561,39.2166572
11396500475,9.1094064,39.2168108
11396503831,9.1157211,39.220887
11396503835,9.1157155,39.2206364
11396503836,9.1156061,39.2207626
11404169066,9.1083669,39.2174123
11404169067,9.10823,39.2175251
11404169068,9.1082103,39.2175065
11418018205,9.1359649,39.2009762
11425682911,9.1146497,39.2087369
11425682912,9.1152309,39.2085347
11425682922,9.1149215,39.2086427
11425682924,9.1149698,39.2087544
11429965612,9.1151668,39.208894
11429965625,9.1151219,39.2090454
11429965627,9.1149651,39.2090472
11429965668,9.1160287,39.2104288
11429972469,9.1159868,39.2103608
11429972551,9.1147129,39.2088368
11445036744,9.1279103,39.2067016
11505686894,9.135033,39.2506431
11505686897,9.1350315,39.2508121
11505686900,9.1348419,39.2508756
11505686902,9.1355504,39.2507157
11505686905,9.1344523,39.2513499
11505686910,9.135484,39.2522774
11506917479,9.1261473,39.2222677
11508269436,9.1211953,39.2117062
11508269437,9.1220253,39.2117109
11508269438,9.1211948,39.2108503
11508269440,9.1219265,39.2105896
11508269442,9.1215543,39.2108495
11508269444,9.1220744,39.2111444
11508269445,9.1220119,39.2102482
11508269446,9.1220804,39.2103859
11508269448,9.1220365,39.2102976
11513795818,9.1132699,39.253887
11514003605,9.0976862,39.2652084
11514003609,9.0969139,39.2646275
11514003610,9.096856,39.2648423
11514003619,9.0965525,39.2653056
11514061698,9.1164071,39.2455486
11514061700,9.1164179,39.2452834
11514061701,9.1163847,39.245377
11514061702,9.1159238,39.2452489
11514082200,9.1177018,39.2430882
11514082201,9.1178239,39.2427227
11514082202,9.1190712,39.2430176
11514082204,9.1183075,39.2427389
11514082205,9.1184662,39.2423565
11514082206,9.1182635,39.2428311
11515987042,9.0851955,39.2626908
11515987048,9.085192,39.263415
11515987069,9.0861646,39.2672693
11515987070,9.0862663,39.2653906
11515987075,9.0849247,39.2664124
11515987076,9.0853168,39.2658419
11515987079,9.0846968,39.2664318
11515987080,9.0849701,39.2637523
11527564843,9.1486015,39.2445663
11527564844,9.1481224,39.2442986
11527564847,9.1483152,39.2441354
11527565273,9.1523434,39.2429949
11532139729,9.0839359,39.2560422
11532484365,9.1493906,39.2095942
11532523970,9.1491081,39.2091824
11532523971,9.1492744,39.2096403
11532523974,9.1513096,39.2084638
11532523987,9.1516068,39.2073212
11532523988,9.1516179,39.2072766
11532523996,9.1508229,39.2077655
11532524003,9.1513704,39.2083575
11532524004,9.1508749,39.2077475
11532524005,9.1510614,39.2082296
11532524006,9.1514563,39.2080019
11532524007,9.1514644,39.2079627
11532524008,9.1511111,39.207593
11532524009,9.1509979,39.2074674
11532524010,9.1510524,39.2079427
11532524011,9.151524,39.2076728
11532524012,9.1515301,39.2076428
11532524013,9.1512222,39.2073332
11532524015,9.1462178,39.2131842
11532524016,9.1512266,39.2081343
11532524017,9.1513064,39.2077973
11532524018,9.1513502,39.2074619
11573383949,9.0301161,39.1673248
11573383955,9.0300345,39.1678524
11573383958,9.03019,39.1680145
11573383966,9.0299427,39.1674105
11573383972,9.0317243,39.1660112
11573383973,9.0302825,39.1666441
11573383978,9.0317805,39.1659792
11573383983,9.0327085,39.1659742
11573383985,9.0312481,39.1676007
11573384000,9.0314326,39.1684038
11573384005,9.0312402,39.1653157
11573384008,9.0304935,39.1650632
11727195716,9.1631348,39.1884603
11745572862,9.1233761,39.2130742
11745576677,9.1229995,39.2099085
11745576679,9.1230182,39.2099686
11745576682,9.1231326,39.2098709
11745576685,9.1231244,39.2099833
11745576687,9.1231624,39.2099503
11745576688,9.1231687,39.2099283
11745576690,9.1231079,39.2098616
11745576693,9.1230297,39.2098732
11745576699,9.123059,39.2097677
11751675413,9.1299497,39.2107065
11752575525,9.1230559,39.2096994
11755500851,9.1272428,39.2169953
11755500854,9.1272906,39.2172876
11755500857,9.1272029,39.21737
11763762358,9.1325401,39.2394745
11763762360,9.1308171,39.2382422
11763762361,9.1310043,39.2381344
11763762362,9.1310657,39.2380991
11783501645,9.1478182,39.2439512
11783501656,9.1509682,39.2422849
11783501658,9.1491629,39.2410744
11783509343,9.14758,39.2387586
11783509344,9.1478251,39.2385368
11791992902,9.1176716,39.223331
11791992903,9.1180126,39.2234665
11791992904,9.1178448,39.2233999
11795154378,9.1503528,39.1986986
11795154392,9.1503063,39.1992039
11795154400,9.1501074,39.2001392
11795154402,9.150178,39.2004519
11795154404,9.1503317,39.2004252
11795154415,9.1502013,39.2005533
11795154416,9.1499938,39.2005046
11795154419,9.1499373,39.2002486
11795154422,9.150118,39.2002152
11795154427,9.1498795,39.2013205
11795154439,9.1516358,39.200657
11795154445,9.1529059,39.1996096
11795154451,9.1534253,39.1998393
11795154460,9.1523132,39.1979869
11795154461,9.1524791,39.1978934
11795188429,9.1433757,39.2047166
11795188432,9.1436204,39.2044647
11795188433,9.1437875,39.2044008
11795188435,9.143608,39.2044759
11795188437,9.1436804,39.2043302
11795188459,9.1461894,39.2056521
11795188462,9.1468455,39.2057574
11795218773,9.1386126,39.2049824
11795218774,9.1386116,39.2050321
11795218777,9.138612,39.2050062
11795218780,9.138528,39.2047936
11795218785,9.1384489,39.205012
11795218788,9.1419062,39.2054525
11795218789,9.1419086,39.2053521
11795218793,9.1419012,39.2052666
11795218795,9.1419652,39.2053027
11795218798,9.1418528,39.2052964
11795218799,9.1416244,39.2052973
11795218802,9.1419017,39.205036
11795218807,9.1424417,39.2052463
11795218808,9.1419014,39.2050453
11795218813,9.1424137,39.205257
11795218815,9.1423186,39.2050695
11795218822,9.1431625,39.20657
11795218829,9.1377464,39.2052922
11795218830,9.1377126,39.2052575
11795218834,9.1536429,39.1951894
11795218835,9.1534844,39.1950371
11795218836,9.1535169,39.1950684
11795218837,9.153583,39.1951319
11795218841,9.1532078,39.197755
11795252633,9.1312834,39.2377663
11795252634,9.1316563,39.2374851
11795252693,9.1363387,39.2491249
11795252699,9.1362463,39.2490919
11795252706,9.1369915,39.2477513
11795252725,9.1380597,39.2440324
11795252727,9.1381076,39.2440344
11795252728,9.138142,39.2440358
11795252729,9.138242,39.2440399
11795252744,9.1376056,39.2473913
11795252747,9.1374041,39.2475997
11795252748,9.1374692,39.2474986
11795252755,9.1369031,39.248299
11795252757,9.1364863,39.2486211
11795252762,9.1363284,39.2483964
11795253878,9.1374974,39.2459611
11795253909,9.1373436,39.2425369
11795253923,9.1351391,39.2409107
11795260379,9.1324383,39.2396009
11795260380,9.1343204,39.2404086
11795260382,9.1344169,39.2402821
11795260384,9.1352534,39.2407949
11795260386,9.1364193,39.2417706
11795260387,9.136267,39.2418555
11795260388,9.1372346,39.2426339
11795260410,9.1366143,39.2423339
11795260411,9.1366867,39.2423595
11795260419,9.1311249,39.2380629
11795260422,9.1310781,39.2379916
11795260437,9.1308677,39.2374056
11795264483,9.1289145,39.2292323
11795264486,9.1288184,39.2293039
11795264487,9.128867,39.2292677
11795264504,9.1312407,39.2316531
11795264505,9.1311513,39.2316815
11795264506,9.1313259,39.2316267
11795264511,9.1315852,39.2325053
11795264512,9.1317672,39.2324596
11795264513,9.1316798,39.2324819
11795264518,9.13245,39.2337764
11795264520,9.1323097,39.2338265
11795264526,9.1332103,39.235651
11795264529,9.1331486,39.2359879
11795264531,9.1329844,39.2364384
11795420518,9.1488479,39.20161
11795420520,9.1481685,39.2020376
11795420525,9.148197,39.2026274
11795420526,9.1489004,39.2023211
11795420527,9.1483373,39.2025619
11795420536,9.1510641,39.2072507
11795420550,9.1514423,39.206731
11795420553,9.1517087,39.20691
11795420555,9.1517983,39.2066407
11795423197,9.1578313,39.1968845
11795423198,9.1580669,39.196845
11795423199,9.1579176,39.1968674
11795423200,9.1580143,39.1968538
11802276854,9.1281031,39.2369119
11803456658,9.1506479,39.1972879
11803456666,9.1496099,39.1982902
11803456667,9.1498872,39.1980504
11803457973,9.1504043,39.1975786
11803457977,9.1510304,39.1976712
11803457983,9.151434,39.1980848
11803457992,9.1530586,39.1954406
11803457999,9.1526145,39.1957033
11803458012,9.1349236,39.2024183
11803458030,9.1307943,39.2018455
11803458039,9.1284299,39.202423
11803458042,9.123029,39.2093359
11803458052,9.1506555,39.2162226
11803458060,9.1523619,39.2148663
11803458073,9.1328938,39.2054552
11803458076,9.1337037,39.2055434
11803458080,9.1342236,39.2054118
11803458082,9.1344857,39.2053824
11803458087,9.1369424,39.2054054
11803458088,9.1369274,39.2053796
11803466091,9.141529,39.2098931
11803466100,9.1424686,39.2102192
11803466101,9.1424535,39.2102701
11803466103,9.1421153,39.2101457
11803466104,9.1423398,39.2101946
11803466116,9.1415667,39.2097686
11803466117,9.1417129,39.2099016
11803466118,9.1416599,39.2099144
11803466119,9.1415841,39.2097115
11803466123,9.141917,39.2098642
11803466124,9.1419913,39.2099915
11803466128,9.1420039,39.2099021
11803466129,9.1420514,39.2099095
11803466138,9.1423766,39.210089
11803466139,9.1420409,39.2098253
11803466140,9.1421019,39.2098845
11803466148,9.133984,39.221084
11804795975,9.1177392,39.2229892
11804795978,9.1179667,39.2230333
11804795993,9.1173529,39.2217605
11804796014,9.1179512,39.2227505
11804796022,9.1182104,39.2230017
11804796026,9.1182507,39.2232038
11804796027,9.1182502,39.2231445
11804796028,9.118355,39.2231476
11804796029,9.1182919,39.2231457
11805208690,9.1184369,39.2239803
11805208697,9.1182416,39.2242264
11805208700,9.1184979,39.2246715
11805208701,9.1188442,39.2244967
11805208702,9.1184235,39.2240138
11810274660,9.1238744,39.2268678
11810274664,9.1324158,39.2430489
11810296248,9.1335362,39.2483094
11810296268,9.1326961,39.2473336
11810296276,9.1320799,39.2469958
11810296277,9.1316162,39.2472526
11811197851,9.1198304,39.226505
11811197853,9.1190674,39.2263645
11811197854,9.1197848,39.2265046
11818999910,9.1517987,39.1968489
11818999914,9.1519324,39.1967939
11818999915,9.1519531,39.1968108
11818999916,9.1519943,39.1968104
11818999923,9.1522362,39.1968644
11818999924,9.1520776,39.1969549
11818999963,9.1469317,39.2056116
11818999965,9.1465964,39.2049861
11818999966,9.1468347,39.2050166
11818999967,9.1469124,39.205014
11818999968,9.1466833,39.2052518
11819306970,9.146666,39.2052519
11819306971,9.1466601,39.204985
11819306972,9.1468469,39.2054868
11819306973,9.1468495,39.2054221
11819306974,9.1469255,39.2054201
11819306975,9.146845,39.2052982
11819306976,9.1469215,39.2052954
11819306987,9.1416217,39.2056376
11819306989,9.1422121,39.2057527
11819306990,9.1421521,39.2056345
11819306991,9.1421511,39.2057536
11819306992,9.142608,39.2069384
11819306993,9.1426091,39.2067708
11819306996,9.1426073,39.2066316
11819306997,9.1428592,39.2066303
11819306998,9.1428558,39.2067705
11819307000,9.1426044,39.2064586
11819307001,9.1428589,39.2065668
11819307002,9.143168,39.206366
11819307018,9.1620568,39.2029233
11819307019,9.1620252,39.2028377
11819307024,9.1619454,39.2027889
11819307036,9.1618094,39.2028299
11819307041,9.1615956,39.2027611
11819307042,9.1618629,39.2029297
11819307044,9.161792,39.2027847
11819307046,9.1619255,39.2027542
11819307051,9.1620189,39.2027527
11819307052,9.1621416,39.2027029
11819307054,9.1622403,39.2028411
11819307055,9.1621855,39.202867
11819307056,9.1620934,39.202723
11819307058,9.1616057,39.2030354
11819307061,9.1614803,39.2030877
11819307062,9.1617223,39.2034812
11819307065,9.1614861,39.2028796
11819307066,9.1615537,39.2028507
11819307067,9.1613757,39.2027357
11819307068,9.161441,39.2027065
11819307069,9.161118,39.2028085
11819307071,9.1612282,39.2027621
11819307072,9.1613033,39.2030523
11819307073,9.1614155,39.2030041
11819307075,9.1611932,39.2029075
11819307077,9.1613062,39.2028629
11821233242,9.1275252,39.216977
11821233243,9.1276495,39.2169755
11821233246,9.1275722,39.2169755
11821233247,9.1275008,39.2161575
11821233248,9.1276143,39.2161554
11821233249,9.1275393,39.2161563
11821233250,9.1273983,39.2158713
11821233251,9.1276019,39.2158681
11821233252,9.1274378,39.2158706
11821233253,9.1275271,39.215869
11821233257,9.1269185,39.2158238
11821233258,9.1269183,39.2157615
11821233259,9.1269184,39.2157881
11821233260,9.1272412,39.2158181
11821233261,9.1272415,39.2157523
11821233262,9.1272414,39.2157822
11822489162,9.1446021,39.2047618
11822489166,9.146019,39.2047885
11822489167,9.1459588,39.2047266
11822495270,9.1458855,39.2046522
11822495282,9.1401254,39.2020593
11822495315,9.1483241,39.1981363
11822495323,9.1435071,39.2008078
11822495324,9.1436643,39.2007249
11822495325,9.1445291,39.2002397
11822495326,9.1454011,39.1997497
11822495327,9.146297,39.1992469
11822495328,9.1468813,39.1989228
11822495329,9.1469805,39.1988687
11822495330,9.1476355,39.1985113
11822495331,9.148,39.1983128
11822495332,9.148055,39.1982828
11822495333,9.1482321,39.1981864
11822495334,9.1486794,39.1979381
11822495335,9.1503796,39.1970012
11822495336,9.1514001,39.1964267
11822495337,9.1523459,39.1958875
11822495338,9.152664,39.1957062
11822495339,9.1530624,39.1954769
11834625949,9.1254946,39.2161844
11834625951,9.1257626,39.2162039
11834625952,9.1254978,39.2163421
11834625953,9.1254987,39.2162592
11847825831,9.1503886,39.1986775
11847828078,9.1473947,39.1991553
11847828079,9.1475929,39.1991771
11847828082,9.1490825,39.2004445
11847828084,9.149016,39.2004083
11847828086,9.1489916,39.2002553
11847828095,9.1489442,39.2001935
11847828098,9.1488822,39.2002664
11847828106,9.1490624,39.2001651
11847828108,9.1488101,39.2003507
11847828112,9.1485532,39.2004406
11847828131,9.148791,39.2008327
11847828136,9.1488816,39.2007215
11847828139,9.148723,39.2007154
11847828141,9.1489912,39.2006683
11847828148,9.149042,39.2006499
11847828152,9.1492796,39.2006161
11865664322,9.1157785,39.2424494
11865824304,9.1175946,39.2409094
11865824336,9.1184297,39.2395327
11865824365,9.1183058,39.2391897
11865824367,9.118424,39.2392778
11865830275,9.119031,39.2390052
11868804442,9.110026,39.2509191
11868804448,9.1095864,39.2509524
11868804449,9.1095659,39.2508169
11868804451,9.1095708,39.2509232
11868804453,9.1099621,39.250764
11868804459,9.1090589,39.2506235
11874536553,9.124745,39.2071724
11898597223,9.0986437,39.2584287
11898597267,9.1013282,39.2578266
11898597274,9.1010875,39.2575992
11898597478,9.127285,39.2568269
11898597522,9.1248878,39.2614053
11898597526,9.1244941,39.2610485
11898597708,9.1174487,39.261358
11916044187,9.1393047,39.2469021
11916044196,9.1399662,39.2469026
11916044200,9.1385277,39.2490846
11941854612,9.1253361,39.2255188
11941854613,9.125338,39.2256033
11941854614,9.1252856,39.2245517
11941854615,9.1250677,39.2245581
11941854618,9.1252339,39.2245532
11941854623,9.125022,39.2250356
11941854625,9.1251024,39.2255192
11941854626,9.1251061,39.2256821
11941854627,9.1251052,39.2256048
11941854628,9.1251417,39.2266922
11941854631,9.1253228,39.2266841
11941854638,9.1249579,39.2216387
11941854639,9.125029,39.2216378
11941854641,9.1251255,39.2216364
11941854647,9.1251912,39.2223379
11941854648,9.1249818,39.2223416
11941854649,9.1249877,39.222464
11941854650,9.1252091,39.2224603
11941854656,9.1251559,39.2224612
11941909370,9.1250141,39.2232319
11941909371,9.1250152,39.2234504
11941909372,9.1252322,39.2232285
11941909373,9.1252388,39.2234547
11941909375,9.1250104,39.2233206
11941909380,9.1251758,39.2232294
11941909383,9.1250686,39.2244786
11941909384,9.1252861,39.2244683
11941909386,9.1250685,39.2245136
11941909388,9.1252298,39.2244711
11941909389,9.1252857,39.2245102
11941918553,9.1276776,39.2286995
11941918556,9.1265305,39.228597
11941918564,9.1228145,39.2285179
11955634820,9.1171465,39.2624991
11955634822,9.1171827,39.2624475
11955634823,9.1171772,39.2625715
11955634824,9.1175861,39.2624687
11955634825,9.1168622,39.2618376
11955634826,9.1173199,39.2628909
11955634827,9.1173496,39.2629575
11955680689,9.1156794,39.2471825
11955680703,9.1117337,39.2504771
11955680704,9.1116719,39.2503238
11955680706,9.1117186,39.2504396
11955680709,9.1131721,39.2500728
11955680710,9.1125462,39.250261
11955680711,9.1129694,39.2501344
11955680712,9.1131196,39.2500888
11955680714,9.1130938,39.2499121
11955680739,9.1088713,39.2501189
11955680740,9.1089065,39.2502368
11955680741,9.1088421,39.2501279
11955680742,9.1088982,39.2502237
11955680744,9.1089254,39.2501398
11955680745,9.108862,39.250161
11955680749,9.1089705,39.2502171
11955680750,9.1091448,39.2501661
11955680751,9.1093403,39.2501088
11955680752,9.109476,39.2500691
11955680754,9.1096757,39.2501104
11955680755,9.1101439,39.2501045
11955680756,9.1095986,39.2507045
11955680758,9.1091504,39.2499112
11955680759,9.1092732,39.2501285
11955680760,9.1093791,39.2503159
11955680761,9.1090718,39.2497585
11955680764,9.1097323,39.2506662
11955680765,9.1094787,39.2497767
11955680767,9.1098435,39.24959
11955680768,9.1109938,39.249852
11955687173,9.1103538,39.2492295
12009238276,9.1029642,39.2512053
12009238277,9.1029342,39.2514771
12009238278,9.1029574,39.2516672
12009238285,9.1027622,39.2518995
12009238307,9.1012652,39.2558502
12009238308,9.1012707,39.2541158
12027917962,9.1000748,39.2405404
12027917965,9.1003482,39.2406159
12027917968,9.1002353,39.240688
12029777312,9.1077787,39.2265616
12044060296,9.123571,39.213331
12061039416,9.0326357,39.1667974
12077416329,9.1246052,39.2369384
12077416330,9.1245742,39.2368666
12077416331,9.1245843,39.23689
12077416341,9.1248962,39.236795
12079937644,9.1236913,39.2346286
12079937647,9.1229634,39.234875
12080789214,9.119203,39.2104272
12080789215,9.1192724,39.2104994
12135935006,9.1249984,39.2267062
12135935009,9.1252384,39.2286334
12135935010,9.126013,39.2286136
12135935013,9.1248226,39.2286507
12135935014,9.1249451,39.2286476
12135935937,9.1180115,39.2199858
12135935940,9.1180052,39.2199543
12140293154,9.0911006,39.2089853
12140293157,9.0873621,39.2093552
12140293163,9.0896583,39.2044588
12146326622,9.1030494,39.2200041
12146492126,9.0986013,39.2199477
12147623879,9.0995333,39.2210227
12147623880,9.0995915,39.220132
12147623881,9.1007069,39.2174439
12147623883,9.1046322,39.2169338
12147623889,9.1040702,39.2176721
12147623890,9.1037769,39.2175716
12147623891,9.1043654,39.217279
12147623892,9.103473,39.2168435
12147623893,9.1041015,39.2171502
12147623895,9.1041229,39.2166881
12147623896,9.1039402,39.2170715
12147623897,9.1041022,39.2168748
12147636302,9.1043514,39.2176887
12147636305,9.1047073,39.2170646
12147636326,9.0989617,39.2237991
12147636333,9.0994837,39.2219509
12148193582,9.141189,39.1973319
12148193591,9.1429457,39.1967691
12148193595,9.1428981,39.1970975
12148193596,9.1428565,39.1968901
12154200070,9.1124949,39.2138841
12207219304,9.1160848,39.2185714
12207219305,9.1159503,39.2186072
12207219310,9.1168137,39.2196674
12207219311,9.116826,39.2197717
12207219312,9.116785,39.2195436
12207219313,9.1167645,39.2194464
12248947752,9.1144407,39.2243415
12263494713,9.1137355,39.2205502
12263494722,9.1138039,39.2188482
12263494726,9.1139272,39.219483
12263494731,9.1138977,39.2192509
12263494735,9.1145925,39.2187302
12289848814,9.1047221,39.2440093
12289848815,9.1047861,39.2443112
12289866246,9.104918,39.2401849
12289866247,9.1042432,39.2396872
12289866248,9.104091,39.2398292
12289866249,9.1045466,39.2399402
12289866251,9.1045146,39.2403202
12289866254,9.1043619,39.2401226
12400772111,9.1116935,39.2406317
12400772121,9.1114456,39.2396729
12400772125,9.1124406,39.2400367
12400772126,9.1119572,39.2404229
12400772131,9.1114699,39.239645
12400772132,9.1113788,39.2395893
12400772133,9.1114147,39.2396112
12400772134,9.1107982,39.2404446
12400772136,9.1107505,39.240419
12400772137,9.1108149,39.2405209
12400772139,9.1107794,39.2405589
12400772145,9.1124169,39.2400554
12400772146,9.1125069,39.2401259
12400772149,9.1116644,39.239252
12400772150,9.1117665,39.2393034
12400772151,9.1117128,39.2392764
12400772152,9.1116609,39.2392353
12400772153,9.1117129,39.2391758
12424652945,9.1522795,39.2430813
12424652946,9.1519187,39.2436628
12424652961,9.1531507,39.2445615
12424652963,9.1496866,39.2415795
12424652966,9.1484308,39.2417541
12430358985,9.1261198,39.2038085
12430358987,9.129339,39.2027784
12430715194,9.0912796,39.2125655
12430718920,9.0835488,39.2069793
12430718958,9.0844375,39.2053163
12430718962,9.0823315,39.2073316
12430718969,9.0825839,39.2064888
12430718972,9.0826854,39.206253
12430718981,9.0846982,39.2047939
12430718987,9.0824548,39.206071
12430718992,9.0821011,39.2072108
12430718993,9.0823506,39.2073022
12430718994,9.083214,39.2076793
12430718997,9.0837793,39.2071359
12430719000,9.0855224,39.2054848
12485105626,9.1285979,39.217449
12485105627,9.128396,39.2181121
12485105628,9.1286513,39.2174574
12485105635,9.1287079,39.2174663
12485105647,9.1294208,39.2175763
12485105653,9.1284345,39.2185809
12485105659,9.1286897,39.2184604
12485105660,9.1284789,39.2185384
12485105663,9.1286241,39.218707
12485105666,9.1287972,39.2188238
12485105668,9.1288561,39.2187792
12485105673,9.1288937,39.2183544
12485105674,9.1284593,39.2185572
12485105675,9.1288261,39.2188019
12485105682,9.1282981,39.2184483
12497805327,9.1223168,39.2213687
12497805328,9.1223264,39.2213978
12522995823,9.116798,39.2449885
12522995824,9.1168779,39.2450442
12522995828,9.1166307,39.2454224
12522995831,9.1169838,39.245378
12522995832,9.1167711,39.2453789
12522995839,9.1172731,39.2453791
12526261846,9.1163627,39.2455253
12526261862,9.1174452,39.242683
12529525369,9.1331314,39.2287528
12529525370,9.1332102,39.2287658
12529525371,9.1334801,39.2287821
12529525376,9.1328345,39.2283493
12529525377,9.1328977,39.2283183
12529525380,9.1324555,39.2279671
12529525385,9.1320088,39.2281854
12529525386,9.1319794,39.2282005
12529525387,9.132313,39.2286031
12529525388,9.1318466,39.2283656
12529525391,9.1321141,39.2287082
12529585111,9.1332545,39.2279344
12529585113,9.1330807,39.2297608
12529585122,9.1335658,39.2288538
12529585128,9.1320009,39.2282265
12529585129,9.1317881,39.2281881
12529585144,9.1334676,39.2287126
12529585150,9.1298055,39.2256742
12529585153,9.1318059,39.2282088
12529585154,9.1318542,39.2282649
12529585155,9.1319299,39.228353
12529585156,9.1321687,39.2286405
12529585157,9.1318795,39.2282944
12529585158,9.1327231,39.2294573
12529585159,9.1328054,39.2294221
12529585160,9.1326437,39.2294912
12529585161,9.1323225,39.2288279
12529585162,9.1323473,39.2288583
12531893286,9.1596457,39.2015916
12531893287,9.1597271,39.2015573
12531893289,9.1598569,39.201496
12533950143,9.138148,39.2247688
12533950146,9.1378223,39.2246819
12533950147,9.1385425,39.2240148
12533950150,9.1386566,39.2236597
12533950151,9.1385274,39.224365
12533950154,9.1384369,39.2246465
12533953086,9.1339933,39.2275957
12533953087,9.1341892,39.22728
12533953088,9.1340933,39.227577
12533953089,9.1339785,39.2275928
12533953090,9.1341308,39.2276226
12533953091,9.1341698,39.2275921
12533953106,9.1326327,39.2269023
12533953109,9.1339078,39.2271349
12533953111,9.1341639,39.2273582
12533953113,9.1340894,39.226864
12533953117,9.1342082,39.2268865
12533953131,9.1341302,39.2268717
12538819120,9.1190089,39.2403752
12547072362,9.1163116,39.2119474
12547072363,9.1153473,39.2122294
12547323523,9.1138306,39.2130895
12549478474,9.1136277,39.2228346
12549478482,9.1134114,39.2218664
12549478484,9.1133805,39.2221369
12549478485,9.1130288,39.2217564
12549584118,9.1130357,39.2223921
12549584120,9.1110533,39.2195734
12549584123,9.1128374,39.2216298
12549584124,9.1130053,39.221814
12549584125,9.1133915,39.2219174
12549584126,9.112817,39.2216322
12549584136,9.1122584,39.2203593
12549584137,9.1125474,39.2209281
12549584138,9.1125209,39.2209357
12549584139,9.1125137,39.2208511
12549584140,9.1126064,39.2208261
12549808149,9.1172865,39.2312114
12549808151,9.1159312,39.2310117
12549808154,9.1157291,39.2315858
12549808168,9.1171744,39.2300733
12549808170,9.1174848,39.229698
12549808171,9.1180801,39.2301611
12549808172,9.1172438,39.2299906
12549808178,9.1182019,39.2300219
12549808179,9.1176968,39.2308005
12549808180,9.1183423,39.2311162
12549808181,9.1182327,39.2310626
12549808182,9.1180556,39.2312871
12549808183,9.1180819,39.2304075
12549808196,9.1190913,39.2299516
12549808197,9.1201806,39.2303177
12549808198,9.1198177,39.2303766
12549820318,9.1201811,39.2318713
12549820323,9.1200249,39.2313688
12549820324,9.1199609,39.2328318
12549820329,9.1193471,39.233437
12549820332,9.119514,39.2336145
12549820335,9.1193804,39.2341126
12549820339,9.1202112,39.2329964
12549820340,9.1202699,39.2337684
12549820341,9.1196259,39.2338519
12549820342,9.1201987,39.2337776
12549820344,9.1201045,39.2335391
12549820345,9.1202035,39.2336166
12549820352,9.1205503,39.2318828
12549820362,9.1162643,39.230843
12549820363,9.1160649,39.2310792
12549925707,9.1175624,39.2340753
12549925708,9.1175023,39.2341601
12549925718,9.1176096,39.2341077
12549925726,9.1175311,39.2341724
12549925727,9.1174557,39.2343522
12549925746,9.1179101,39.233916
12549925748,9.1172363,39.2340991
12549925753,9.1175999,39.2339452
12549925760,9.1178717,39.2342022
12549925761,9.1177537,39.2340227
12549925764,9.1173188,39.2343817
12549925767,9.1173825,39.2341327
12549925787,9.1177244,39.2337292
12549925788,9.1181441,39.2341515
12549925792,9.117854,39.2339543
12551295505,9.1141363,39.2360916
12551295508,9.1135013,39.2357709
12551295513,9.1156515,39.2346201
12551295514,9.1157434,39.2346755
12551295531,9.1186925,39.2356168
12551295532,9.1186505,39.235656
12551295534,9.1189793,39.2358781
12551295535,9.1187968,39.2356897
12551295537,9.1192145,39.2352175
12551295539,9.1151112,39.2370941
12551295584,9.1161339,39.2379124
12551295588,9.1161846,39.2379381
12551295589,9.1166902,39.2381945
12551295597,9.1151552,39.2373157
12551303105,9.1140931,39.2363059
12551303110,9.1133645,39.2357748
12551303117,9.1154706,39.2374093
12551303124,9.1121894,39.2349519
12551303126,9.1120735,39.2349843
12551342077,9.1125768,39.2356043
12551342086,9.1124844,39.2353253
12551342091,9.1132447,39.2358912
12551342096,9.1139179,39.2363716
12551342100,9.1129424,39.2357171
12551342103,9.1127682,39.2365963
12551342105,9.1130376,39.235772
12553903672,9.1308949,39.2167601
12553903674,9.1314666,39.2166876
12553930512,9.1328475,39.2146338
12553930515,9.1312745,39.2161042
12553930516,9.1319036,39.2155769
12553930518,9.131556,39.21534
12553930520,9.1321658,39.214901
12553930522,9.1323893,39.2151169
12553930524,9.132529,39.2149817
12553930529,9.1335477,39.214363
12553930541,9.1330621,39.2143081
12553930552,9.1322158,39.2160345
12553930559,9.1366912,39.216468
12553930561,9.1371647,39.2150681
12553930567,9.1357181,39.2142194
12553930570,9.1359735,39.2143209
12553994749,9.1390797,39.2184047
12553994750,9.1384911,39.2181438
12558808282,9.1238065,39.2257005
12558808284,9.1238065,39.2256359
12559288354,9.1198883,39.2193452
12559288355,9.1197811,39.2190541
12560050722,9.1355977,39.2313126
12560050802,9.1387289,39.2244099
12560050809,9.1374788,39.2241447
12560050815,9.1377429,39.2242071
12560069671,9.1337583,39.2425139
12560069672,9.1329728,39.2430728
12560069673,9.1327177,39.2426724
12560069674,9.1328484,39.2428759
12560069677,9.1330045,39.2425563
12560069679,9.1325447,39.2429968
12560069680,9.1331372,39.242761
12560069681,9.1333572,39.2429003
12560069682,9.1331045,39.2425121
12560069686,9.1332399,39.2427202
12560069687,9.133636,39.2427867
12560069688,9.1333866,39.2423986
12560069689,9.1335213,39.2426082
12560069691,9.1332588,39.2429486
12560069695,9.1323193,39.2428063
12560069700,9.1322622,39.2426115
12560106802,9.1325335,39.2424703
12560106816,9.1322909,39.2435704
12560106818,9.1318549,39.242834
12560106819,9.1319406,39.2429373
12560106821,9.1319734,39.243221
12560106825,9.1322356,39.2423276
12560106827,9.1330928,39.2419858
12565051322,9.1159194,39.2259556
12565104416,9.1306269,39.2173505
12565104419,9.1307048,39.2166965
12565104420,9.1308221,39.2167766
12565104421,9.1305515,39.2170692
12565104422,9.130619,39.2170657
12565104426,9.1306228,39.2155755
12565104427,9.1307812,39.2156926
12565104433,9.1304717,39.2172645
12565104453,9.1285568,39.2158421
12565104455,9.1285782,39.2171539
12565104459,9.1286187,39.2158402
12565104461,9.1285243,39.2156331
12565104462,9.1285473,39.2157808
12565104463,9.1285869,39.2174357
12565104464,9.12858,39.2172123
12565104465,9.1285838,39.2173343
12565104466,9.1278156,39.2174204
12565104467,9.1278122,39.2171727
12565104468,9.1278131,39.217239
12565104469,9.1278147,39.2173578
12565104470,9.1287597,39.2171492
12565104471,9.1286881,39.217151
12571303292,9.1005565,39.2329349
12571339827,9.1000867,39.2337257
12571339828,9.1000479,39.2337109
12571366011,9.0998915,39.2296754
12571488477,9.1195927,39.2555832
12592938950,9.1184526,39.2224788
12592938953,9.1179916,39.2211417
12595189637,9.1206861,39.2191199
12595189638,9.1208489,39.2197662
12595189639,9.1207641,39.2195742
12595228348,9.1153803,39.223822
12595228351,9.1155434,39.2241347
12595228359,9.1161675,39.2233803
12595228367,9.1169789,39.2236484
12595228368,9.1147369,39.2243989
12595228370,9.1147416,39.2243938
12595228384,9.1147982,39.2245689
12595228387,9.1136952,39.2248538
12595228390,9.1137811,39.2250549
12595228391,9.1136069,39.2248162
12595228394,9.1138773,39.2249666
12595228397,9.1139669,39.2248746
12595228400,9.1125243,39.2260002
12595239014,9.1147639,39.2244258
12595241665,9.1217868,39.2195852
12595241667,9.1208418,39.2197501
12595241671,9.121258,39.2188626
12595241672,9.1210932,39.2187916
12595241673,9.1209435,39.2185904
12595241674,9.1209071,39.2197352
12598050211,9.1217231,39.2195271
12598050212,9.121426,39.2193123
12598050213,9.1197137,39.2193678
12598050215,9.1199897,39.2193207
12598050216,9.1199649,39.2192699
12598050217,9.1198817,39.2190335
12598050218,9.1199325,39.2191778
12600444057,9.1195865,39.2187258
12600444058,9.1199085,39.2186581
12600444062,9.1204008,39.2182918
12604059173,9.1103244,39.2334605
12604059175,9.1109555,39.2334579
12604059176,9.1109817,39.2330658
12604059189,9.110944,39.2338228
12604059191,9.1110446,39.2334587
12604059196,9.1110721,39.2324556
12604059197,9.1110583,39.232261
12604066802,9.1109483,39.2304332
12604521716,9.1390196,39.2221957
12604521717,9.1388956,39.2222096
12604521724,9.138779,39.2222228
12604581609,9.1112736,39.2319239
12604581614,9.1118514,39.2313734
12604581622,9.1115321,39.232149
12604581623,9.1117851,39.231837
12604581626,9.1120843,39.2314865
12604581641,9.1118404,39.2321816
12604581643,9.1121848,39.2320977
12604581644,9.1119048,39.2320004
12604581645,9.1120568,39.2319587
12604638043,9.1392489,39.223475
12604638046,9.1391932,39.2237821
12604664526,9.1433299,39.2144777
12604664528,9.14348,39.2144707
12604664550,9.1414314,39.2181023
12607094314,9.1355043,39.2209767
12607094317,9.1365544,39.2208884
12607094339,9.1405863,39.2178326
12607094340,9.1406396,39.217852
12607094378,9.1417196,39.2116698
12607094387,9.1425217,39.2050732
12607094391,9.1338515,39.2211488
12607157104,9.096653,39.2532681
12607157105,9.0967047,39.2532506
12607157107,9.088373,39.2580771
12607157112,9.0892634,39.257218
12612521360,9.1017734,39.2345729
12612562202,9.0970297,39.2420985
12626226896,9.1089014,39.215366
12626226897,9.1093248,39.2151082
12626226898,9.1089379,39.2153437
12626226899,9.1090501,39.2152752
12626226900,9.1091906,39.2151904
12626277101,9.1092581,39.2151482
12626277105,9.1090063,39.2153036
12626277106,9.1090779,39.2152582
12626277107,9.1091497,39.2152144
12626277108,9.1092176,39.2151729
12626277141,9.1104713,39.2149623
12636319102,9.1112313,39.2337834
12636319107,9.1112831,39.2330033
12636319108,9.1112847,39.2330506
12636319109,9.1111074,39.2330053
12636319116,9.1111697,39.2311892
12636319122,9.1110654,39.2291578
12636319126,9.1110757,39.229001
12636319128,9.1111073,39.2288135
12636319129,9.1111516,39.2288352
12636319132,9.1112083,39.2284215
12636319145,9.1152143,39.2267983
12636319152,9.11654,39.2258972
12636319160,9.1176114,39.2243927
12636319165,9.117526,39.2250444
12636319176,9.1165065,39.2270461
12636319178,9.1112268,39.232154
12636319179,9.1110513,39.2321608
12636319181,9.1109971,39.2312
12636319190,9.1109059,39.2298034
12636319194,9.1108718,39.2293395
12636319200,9.1108352,39.2292311
12636319203,9.1108672,39.2291575
12636319206,9.1110262,39.2283988
12636319209,9.1109494,39.2283481
12636319218,9.1108542,39.2292875
12636319222,9.1110948,39.2297858
12636319234,9.1116294,39.233672
12636319235,9.1116906,39.2336357
12639533590,9.1089192,39.2291348
12639533595,9.1078266,39.2297752
12639533598,9.1082229,39.2298724
12639567715,9.1081136,39.2292305
12639567724,9.1081962,39.2300541
12639567725,9.1081288,39.2300512
12639567726,9.1081932,39.2300641
12639567728,9.1086066,39.2295857
12639567729,9.1086352,39.2294876
12639567732,9.1087157,39.2296042
12639567733,9.1087464,39.2295072
12639567738,9.1085727,39.2292274
12639567739,9.1082096,39.2290928
12639567749,9.1088579,39.2291635
12639567750,9.1088364,39.2291431
12639567754,9.1087536,39.229294
12639567755,9.1085601,39.23012
12639567757,9.10868,39.2301427
12639567758,9.1087312,39.2301596
12639567759,9.1085418,39.2301165
12639567764,9.1086136,39.2285126
12639567770,9.108905,39.2290006
12639567773,9.1089277,39.2286558
12639567775,9.108852,39.2287491
12639567776,9.1096737,39.2289852
12639567777,9.1098332,39.2287524
12639567778,9.1093131,39.2285487
12639567779,9.1105972,39.2286264
12639567783,9.109565,39.2286474
12639567784,9.109894,39.2281794
12639567795,9.1101469,39.2278616
12639567796,9.1100947,39.227839
12639567797,9.1101731,39.2277316
12639567798,9.110029,39.2279385
12639567804,9.1105799,39.2284372
12641784765,9.1441078,39.2080577
12641784768,9.1438084,39.2092994
12641784780,9.1456873,39.2100855
12644019235,9.0829968,39.2177032
12644019248,9.0699895,39.2236735
12644019252,9.0594256,39.2227036
12644019272,9.056357,39.2184337
12644019291,9.061979,39.2231628
12644019299,9.0657479,39.2231685
12647719177,9.0239173,39.2348314
12648436039,9.0496813,39.2206249
12648436250,9.0468853,39.2212156
12648436261,9.0391374,39.2233446
12655832960,9.1130845,39.2300132
12655832967,9.1115022,39.2304603
12655832969,9.112128,39.2300529
12655832970,9.112272,39.2301799
12655832973,9.1124821,39.2301248
12655832976,9.1137153,39.2309651
12655832981,9.1128249,39.2296319
12655848023,9.1130578,39.2285482
12655848024,9.112166,39.2289819
12655848027,9.1123807,39.2289143
12655848029,9.1130993,39.2292611
12655848030,9.1131324,39.2296948
12655848032,9.1133356,39.2295602
12655848040,9.1126017,39.2287876
12655848041,9.1126863,39.2288626
12655848048,9.1130104,39.2295887
12655848049,9.1132266,39.2294593
12655848058,9.1127788,39.229522
12655848059,9.1127099,39.229568
12655848060,9.1126969,39.229556
12655848074,9.1116137,39.2293813
12655848075,9.1123054,39.22983
12656761389,9.1548442,39.186781
12656782719,9.1587976,39.1875338
12673454346,9.1006241,39.2505535
12673454352,9.100347,39.2509835
12673454354,9.1014286,39.2509951
12673454355,9.1011941,39.2505545
12673454356,9.1015947,39.2505582
12673454357,9.1019305,39.2505616
12673454359,9.1017964,39.2509968
12673454362,9.1006949,39.2504522
12673454363,9.1006578,39.2505052
12673454364,9.1003483,39.2508917
12673454365,9.1001742,39.2508137
12673454366,9.1003119,39.2510518
12673454367,9.1003259,39.2510246
12673454389,9.1027601,39.2515788
12673523728,9.101255,39.2519569
12673523749,9.1014228,39.2517533
12673523750,9.1014417,39.2517871
12673523791,9.1038694,39.2496414
12673523792,9.1041454,39.2496561
12673523797,9.1043715,39.250474
12673523799,9.1039205,39.2508882
12673523800,9.1040922,39.2508228
12673523803,9.1043327,39.2503278
12684727363,9.1052474,39.2288492
12716460057,9.1135954,39.227314
12719177096,9.1309688,39.2034092
12726120358,9.0906706,39.2580366
12726120362,9.0906471,39.2578384
12726120363,9.0907795,39.2581443
12726120368,9.0891534,39.2573577
12726120371,9.1109085,39.2343787
12726120373,9.1106848,39.2342014
12726120382,9.1114436,39.228259
12726120385,9.111366,39.2280617
12726120386,9.1113854,39.2281545
12726120387,9.1114264,39.2280536
12726120390,9.1109586,39.2280935
12726449789,9.0948526,39.2501401
12726449792,9.0951406,39.2497742
12726482699,9.0967714,39.2419934
12726482700,9.0967347,39.2419933
12726512901,9.0966812,39.2419939
12726512911,9.0968928,39.2374696
12726512913,9.0965784,39.2374316
12726512914,9.0965559,39.2375383
12726512915,9.0965472,39.2375799
12726512916,9.0965843,39.2374036
12726512917,9.0960764,39.237464
12726512918,9.0961081,39.2373664
12726512923,9.0966041,39.2374386
12726512924,9.0960747,39.2373615
12726512925,9.096586,39.237543
12726512926,9.0960417,39.2374586
12726512927,9.0966096,39.2374071
12726512928,9.0965779,39.23759
12726512929,9.0968872,39.2376329
12726512932,9.0960602,39.2375139
12726512933,9.0960216,39.2375178
12726512937,9.0960819,39.2373402
12726512938,9.0961171,39.2373384
12726512940,9.0968938,39.2374384
12726512941,9.0953771,39.2368194
12726512944,9.0974425,39.2368353
12726512946,9.0969123,39.2369116
12726512953,9.0971987,39.2346391
12726512955,9.0974717,39.2337645
12726512956,9.097507,39.2337469
12726512960,9.0977493,39.2351377
12726512962,9.0975783,39.2347655
12726512963,9.0974591,39.2344658
12726512972,9.097323,39.233678
12726512973,9.0973895,39.2337087
12726512980,9.0974167,39.2341533
12726512982,9.097354,39.2341497
12726512983,9.0972698,39.234145
12726512984,9.0970554,39.2340973
12726512985,9.0970017,39.2340665
12726512986,9.0970206,39.2337254
12726512987,9.0969494,39.2337888
12726513003,9.0959165,39.2438971
12726513011,9.097338,39.2429164
12726513014,9.0962666,39.2456185
12726513018,9.0966429,39.2456156
12726513019,9.0962902,39.2453042
12726513023,9.09665,39.2453166
12726513025,9.0953495,39.2466808
12726513027,9.0966301,39.2461566
12726513028,9.0957827,39.2483392
12726513031,9.0955814,39.2485325
12726513037,9.0954373,39.2486676
12728221974,9.1144899,39.2125208
12728226809,9.107503,39.217967
12728226821,9.1042204,39.2209113
12728226822,9.1040579,39.2208435
12728226833,9.1038721,39.2207633
12728226834,9.103349,39.2204368
12728226849,9.1003753,39.2258315
12728226853,9.1005516,39.2259004
12728226854,9.100896,39.2260237
12728226855,9.1009142,39.2260458
12728226857,9.1003902,39.2264538
12728226858,9.1003537,39.2264425
12728379093,9.1212584,39.2105515
12728379094,9.12123,39.2104912
12728379095,9.1210723,39.2105409
12728379098,9.1327524,39.205133
12728379099,9.1482404,39.1980404
12728379100,9.1482945,39.1981024
12728428301,9.1482079,39.1980031
12728428303,9.148155,39.19829
12728428304,9.1480967,39.1982601
12728428307,9.147978,39.1981309
12728428308,9.1480079,39.1981682
12728428309,9.1480673,39.1982296
12728428310,9.1461685,39.1992735
12728428311,9.1461165,39.1992167
12728428312,9.1461961,39.1993037
12728428313,9.1460809,39.1991779
12728428316,9.143771,39.2003464
12728428317,9.1436931,39.200345
12728428318,9.1435694,39.2007335
12728428319,9.1435017,39.2006633
12728428320,9.1435959,39.200761
12728428321,9.143462,39.2006222
12728428323,9.1429562,39.2010985
12728428324,9.1429361,39.2010756
12728428325,9.1428688,39.2010047
12728428326,9.1428381,39.2009698
12728428327,9.1417165,39.2017437
12728428328,9.1416767,39.2016399
12728428329,9.1416236,39.2015793
12728428334,9.1414495,39.2020324
12728428335,9.1413165,39.2020253
12728428336,9.1411555,39.2019597
12728428337,9.1409084,39.2031162
12728428338,9.140938,39.2030924
12728428346,9.1407872,39.2049951
12728428358,9.1340193,39.2049559
12728428359,9.1339175,39.2049658
12728428363,9.1326657,39.2052786
12728428364,9.1326507,39.2051853
12728428365,9.130749,39.2057428
12728428367,9.1306119,39.205549
12728428368,9.1304163,39.2055716
12728428375,9.1247672,39.2072441
12728428377,9.1246316,39.2071334
12728428378,9.1228169,39.2085298
12728428379,9.1229565,39.208454
12728428383,9.119656,39.2102827
12728428384,9.1195887,39.2102112
12728428392,9.1188417,39.2117016
12728428395,9.1179335,39.2116675
12728428396,9.1187234,39.2116658
12728428401,9.1187313,39.2112743
12728428402,9.1187543,39.211324
12728428403,9.1186946,39.2113704
12728428404,9.1186116,39.2113896
12728428409,9.1184746,39.2108271
12728428410,9.1185548,39.2109158
12728428424,9.1328114,39.2001615
12728428433,9.1243377,39.2057102
12728428438,9.1246456,39.2061371
12728428441,9.118023,39.2097604
12728428442,9.1179487,39.2096505
12728428446,9.1161671,39.2110738
12728428447,9.115975,39.211425
12728428448,9.116049,39.2113974
12728428455,9.1119322,39.2140203
12728428456,9.1118673,39.2139464
12728459883,9.1585605,39.1986917
12728459884,9.1598127,39.2015169
12728459893,9.1373443,39.2336204
12728459894,9.1373061,39.2336496
12728459895,9.1401667,39.2356671
12728459896,9.1389973,39.2348366
12728459897,9.1389584,39.2348631
12728459898,9.1397555,39.2356058
12728459900,9.1401285,39.2357014
12728477203,9.1424936,39.2370372
12728477204,9.1424591,39.2370763
12728477207,9.1458854,39.2390038
12728477208,9.1458454,39.2390477
12728477219,9.1606397,39.2014101
12728477220,9.1600079,39.201695
12728477221,9.1598449,39.2013558
12728477233,9.1584773,39.1987054
12728477234,9.1586278,39.1986805
12728477235,9.1583854,39.1987206
12728477236,9.1586827,39.1985623
12728477240,9.1581315,39.1967357
12728477252,9.1540954,39.194933
12728477257,9.1522006,39.1959438
12728477258,9.1521222,39.1958635
12728477259,9.1522172,39.1959608
12728477260,9.1520886,39.1958291
12728477263,9.1503913,39.1968524
12728477264,9.1504664,39.1969264
12728477265,9.150483,39.1969429
12728477266,9.1503494,39.1968109
12728477269,9.1498045,39.1971148
12728477270,9.1499322,39.1972531
12728477271,9.1499102,39.1972305
12728477272,9.1498441,39.1971578
12728632112,9.1189803,39.2117058
12728632113,9.1190258,39.2118075
12728632120,9.1191085,39.212392
12728632121,9.1190223,39.2124099
12728632125,9.1189889,39.2124189
12728632129,9.1193254,39.2130764
12728632130,9.1192582,39.2130914
12728632154,9.1195508,39.2137728
12728632155,9.119676,39.2137446
12728632157,9.1198661,39.2142353
12728632160,9.1197404,39.2143265
12728632165,9.1199344,39.2142757
12728632167,9.1199107,39.2143503
12728632171,9.1206309,39.2157698
12728632173,9.1205401,39.2158306
12728632174,9.120422,39.2158272
12728632179,9.121044,39.2169201
12728632180,9.1209461,39.2169496
12728632195,9.1219963,39.2189883
12728632196,9.1219619,39.2189968
12728632197,9.1219427,39.2190015
12728632198,9.1220158,39.2189836
12728636602,9.1219737,39.2196165
12728636603,9.1219176,39.2196234
12728636607,9.122753,39.2198069
12728636608,9.1227758,39.2197858
12728636610,9.1236313,39.2203316
12728636615,9.1251177,39.2209066
12728636616,9.1250783,39.2209065
12728636617,9.1249681,39.2209065
12728636620,9.1247298,39.2209799
12728636621,9.1246688,39.2210387
12728636622,9.1246976,39.2210112
12728636634,9.1289921,39.2239261
12728636636,9.1287497,39.2243753
12728636639,9.1296871,39.2255105
12728636642,9.1293848,39.2250923
12728636643,9.1296216,39.2255312
12728636655,9.1406198,39.2339731
12728636656,9.1404621,39.2340635
12728636658,9.1398325,39.2336795
12728664251,9.1249803,39.2165561
12728664255,9.1216356,39.2285388
12728664257,9.1246842,39.2284101
12728664258,9.12446,39.2284147
12728664266,9.1266736,39.2269228
12728664269,9.1263434,39.2269229
12728664270,9.1262964,39.2269234
12728664274,9.1261898,39.2268787
12728664275,9.1262602,39.2269261
12728664283,9.1252871,39.2255189
12728719202,9.1249331,39.2223986
12728719203,9.1252777,39.2223933
12728719207,9.1250354,39.2195143
12728719208,9.1249498,39.2195159
12728719209,9.1249283,39.2195163
12728719210,9.1250684,39.2195137
12728719215,9.1250262,39.2180364
12728719216,9.124989,39.2180386
12728719217,9.1249017,39.2180424
12728719218,9.1248849,39.2180432
12728719225,9.1249775,39.2164138
12728719227,9.1248945,39.2167754
12728719230,9.1247547,39.2166189
12728719231,9.1247563,39.216694
12728719233,9.1248451,39.2167757
12728719235,9.1249906,39.2166956
12728719237,9.1248075,39.2163567
12728719238,9.1248369,39.2163579
12728719239,9.1249234,39.2163554
12728719242,9.1248603,39.2151005
12728719243,9.1247516,39.2151017
12728719244,9.1247802,39.2151009
12728719245,9.1241325,39.2140231
12728719246,9.1242096,39.2139814
12728719250,9.1245578,39.2143484
12728719251,9.1244867,39.2143856
12728719254,9.1233958,39.2133894
12728719259,9.1232508,39.2111811
12728719260,9.1232247,39.2108359
12728719264,9.1234057,39.2097346
12728719265,9.1233334,39.2096974
12728719268,9.1381942,39.2085788
12728726011,9.1208699,39.2297399
12728726012,9.1208126,39.2297392
12728726013,9.1199729,39.2275679
12728726016,9.1200567,39.2277997
12728726027,9.1199091,39.2281657
12728726028,9.1200394,39.2285943
12728726030,9.1207122,39.2278089
12728726031,9.1210392,39.2279738
12728726034,9.1200789,39.22877
12728726038,9.1198507,39.2286028
12728726042,9.1199909,39.2285943
12728731540,9.1216893,39.2292667
12728731541,9.121736,39.2292657
12728731542,9.1217856,39.2292666
12728731546,9.1220409,39.2227894
12728731551,9.1209236,39.231828
12728731552,9.1211217,39.2315659
12728731553,9.1208455,39.2316541
12728731562,9.1211044,39.2249979
12728731563,9.1210498,39.2249803
12728731564,9.1212069,39.2248298
12728731565,9.1211454,39.2248163
12728731584,9.1220213,39.2227304
12728731585,9.1217382,39.2227892
12728731586,9.1214591,39.2224705
12728731588,9.121603,39.2223419
12728731589,9.1215467,39.2223469
12728731590,9.1215563,39.2220241
12728731591,9.1215112,39.2220299
12728731596,9.1214933,39.2214136
12728731597,9.1213491,39.221439
12728731600,9.1218348,39.2201713
12728785701,9.1217889,39.2201655
12728785717,9.1219292,39.2297375
12728785718,9.1219328,39.2298404
12728785719,9.121932,39.2297749
12729041470,9.1025998,39.2377814
12729041471,9.1026254,39.2380054
12729041475,9.1034669,39.2376274
12729041479,9.1035858,39.237712
12729041490,9.1078518,39.2362688
12729041491,9.107761,39.2361432
12729041492,9.1078009,39.2361956
12729041493,9.108659,39.2359306
12729041494,9.1086725,39.2357658
12729041495,9.1087537,39.2358912
12729041497,9.1089643,39.2358036
12729041498,9.1087055,39.2358127
12729041499,9.1089078,39.2357271
12729057902,9.1111655,39.2342416
12729057903,9.111842,39.2336588
12729057904,9.1136619,39.232488
12729057905,9.1137762,39.2325966
12729057906,9.1137251,39.232549
12729057908,9.1149496,39.2315099
12729057910,9.1161096,39.2307652
12729057911,9.1157774,39.2309518
12729057912,9.1156975,39.2308937
12729057916,9.1167433,39.2301624
12729057922,9.1172411,39.2274204
12729057923,9.1175545,39.2273435
12729057924,9.1180908,39.2270796
12729057927,9.1180787,39.2273666
12729057930,9.118374,39.2275721
12729057931,9.1183292,39.227588
12729057937,9.1180689,39.227569
12729057939,9.1178078,39.2283835
12729291230,9.1288515,39.2459057
12729291272,9.1207398,39.2473521
12729291273,9.1215426,39.2477057
12729291274,9.1210243,39.2482579
12729291275,9.1210934,39.2483381
12729291292,9.1119612,39.2503805
12729291293,9.1119716,39.2504144
12729291605,9.0978651,39.2528169
12729291607,9.0979094,39.2528956
12729291609,9.0998621,39.2522021
12729291610,9.0998836,39.2523089
12729291611,9.1003114,39.2522477
12729291615,9.1013869,39.2519826
12729291616,9.1014107,39.2520781
12729291624,9.1028549,39.2514736
12729291631,9.1037542,39.2476687
12729291632,9.1038305,39.2476804
12729291633,9.1042187,39.2464515
12729291634,9.1041267,39.2464387
12729291635,9.1041349,39.2457801
12729291636,9.1041181,39.2458329
12729291638,9.1040687,39.2459474
12729291644,9.1021257,39.2435607
12729291660,9.1011821,39.2393746
12730458382,9.1175805,39.2409094
12730458383,9.1195321,39.2393016
12730458385,9.1183269,39.2401748
12730458390,9.1189866,39.239103
12730458394,9.1227437,39.2370466
12730458395,9.1226982,39.236953
12730458396,9.1232999,39.2369211
12730458399,9.1233239,39.2367939
12730466806,9.1249928,39.2375099
12730466809,9.123708,39.237708
12730466810,9.1235281,39.2375574
12730466811,9.12354,39.2378072
12730466812,9.1233085,39.2376209
12730466813,9.1231823,39.2382464
12730466817,9.1231661,39.2376833
12730466821,9.1242612,39.2372715
12730466822,9.124842,39.2372139
12730466834,9.1268033,39.2399879
12730466835,9.1268712,39.2399329
12730466847,9.1269262,39.2423168
12730466848,9.1267533,39.2420623
12730466849,9.126709,39.2419971
12730466850,9.1269798,39.2423957
12730466873,9.1276805,39.2430636
12730466878,9.1268872,39.2423472
12730466881,9.1266946,39.2420634
12730527646,9.1136632,39.2199367
12730527651,9.1136398,39.2181306
12730527653,9.1135375,39.2179731
12730527655,9.1136206,39.2180338
12730527656,9.1135725,39.2181411
12730527662,9.1095753,39.222218
12730527663,9.1095302,39.2222305
12730527666,9.1095464,39.222195
12730527683,9.1117811,39.223637
12730527686,9.1124002,39.2240478
12730527687,9.1130388,39.2246655
12730527688,9.1127513,39.224469
12730527689,9.1127037,39.2244365
12730527692,9.1131294,39.224548
12730527695,9.1151931,39.2244739
12730527700,9.1129019,39.2260314
12730528401,9.1126811,39.2258748
12730528403,9.1121243,39.2267862
12730528405,9.1116753,39.2269771
12730528406,9.1117868,39.2270562
12730528407,9.1117726,39.2270479
12730528418,9.1139664,39.2252104
12730599910,9.1157224,39.2208663
12730599911,9.1173151,39.2217894
12730599912,9.1173593,39.2217684
12730599913,9.1163686,39.2120509
12730599919,9.1157609,39.2131862
12730599921,9.1163736,39.213941
12730599922,9.1165562,39.2141793
12730599925,9.1168431,39.2146142
12730599929,9.1158805,39.2131306
12730599931,9.1159906,39.2134695
12730599932,9.1164693,39.2138997
12730599933,9.1170608,39.2144473
12730599936,9.1167377,39.215027
12730599950,9.1172157,39.2169542
12730599951,9.1179582,39.2191591
12730599957,9.1178575,39.2198323
12730599959,9.1181063,39.221117
12730599966,9.1159318,39.2222737
12730599967,9.1163523,39.2230397
12730599969,9.115931,39.2224834
12730599970,9.1158758,39.222406
12730599972,9.1148883,39.2246287
12730599974,9.1125668,39.2209726
12730599976,9.1137268,39.2206184
12730599980,9.1122923,39.2159982
12730599982,9.1118435,39.2155749
12730599984,9.1113532,39.2151265
12730599987,9.1124205,39.2166163
12730599988,9.1120006,39.2161581
12730639819,9.1201327,39.2268011
12730639828,9.1197822,39.2267343
12730639829,9.1199745,39.2275881
12730639839,9.1183889,39.227082
12730639846,9.117207,39.2267286
12730639851,9.1180402,39.2271031
12730639854,9.1172342,39.2273693
12730639857,9.1164565,39.2276133
12730639865,9.1169498,39.2273922
12730639867,9.1162679,39.2275106
12730639869,9.1164967,39.22766
12730639870,9.1163068,39.2274449
12730639871,9.11694,39.2263756
12730639874,9.1136199,39.2273496
12730639875,9.1158623,39.22652
12730724773,9.1266015,39.2246233
12730724774,9.1265865,39.224434
12730724775,9.1263123,39.2245349
12730724776,9.1264053,39.2244939
12730724791,9.1270447,39.2247462
12730724792,9.1268982,39.2244818
12730724800,9.1018385,39.2382431
12730738408,9.0998782,39.2388269
12730738409,9.1000029,39.2387133
12730738417,9.1010624,39.2349008
12730738418,9.1009814,39.2349946
12730738433,9.1026891,39.2330048
12730738438,9.1056234,39.2315359
12730738439,9.1052673,39.2328337
12730738440,9.1044312,39.2319698
12730738443,9.104656,39.2322043
12730738463,9.102823,39.2246445
12730738493,9.1098659,39.2181941
12730738494,9.1097912,39.2181681
12730738504,9.106648,39.2212026
12730738506,9.1063386,39.2216463
12730738508,9.1062356,39.2217632
12730765413,9.1265538,39.2592796
12730795928,9.1234253,39.2155561
12730825888,9.1157928,39.2619152
12730828723,9.1205446,39.2525063
12730828724,9.1208537,39.2526821
12730828725,9.1208866,39.2526536
12730828733,9.1219751,39.2514584
12730828736,9.1221337,39.2513193
12731322738,9.1358694,39.24963
12731322759,9.1301883,39.2470257
12731475214,9.1269198,39.2154491
12731475217,9.1267419,39.2154761
12731475218,9.1266264,39.2155394
12731475219,9.1268295,39.2155079
12731475220,9.1266281,39.2154347
12731475228,9.1303091,39.2136049
12731475229,9.1301679,39.2136062
12731475230,9.1303222,39.2138862
12731475231,9.1301796,39.2138907
12731475242,9.1304098,39.2154224
12731475243,9.1302582,39.2154261
12731475246,9.1301816,39.2157232
12731475247,9.1301716,39.2155929
12731475248,9.1304188,39.2158202
12731475249,9.1302774,39.2158223
12731475250,9.130466,39.2170611
12731475251,9.1303384,39.2170665
12731475253,9.1301765,39.2171739
12731475254,9.1301799,39.2172989
12731475257,9.1304797,39.2175182
12731475258,9.130356,39.2175183
12731475259,9.1305168,39.2185052
12731475260,9.1303978,39.2185094
12731475264,9.1305514,39.219306
12731475265,9.1304333,39.2193052
12731475267,9.1303437,39.2198129
12731475268,9.1304711,39.2198677
12731475269,9.1305343,39.2198946
12731475270,9.1305668,39.2198389
12731475272,9.1306466,39.2197476
12731475273,9.1305265,39.2197095
12731475276,9.1301176,39.219717
12731475287,9.1267261,39.2174765
12731475290,9.126908,39.2175915
12731475294,9.1221947,39.2309636
12731491601,9.1242748,39.2299067
12731491602,9.1248607,39.2296265
12731491615,9.130923,39.2379943
12731491616,9.1309834,39.2379455
12731491623,9.1316347,39.2388865
12731491624,9.1315649,39.2389235
12731491625,9.131684,39.2388604
12731491626,9.1315359,39.2389389
12731491645,9.1372066,39.2412032
12731491646,9.1375709,39.2426365
12731491647,9.1374383,39.2427684
12731491653,9.1375445,39.2426626
12731491654,9.1374793,39.2427281
12731491656,9.1391168,39.23955
12731491658,9.1375772,39.2395365
12731491659,9.1374942,39.2395228
12731491660,9.1383353,39.2390393
12731491664,9.13738,39.2411719
12731491668,9.1386533,39.2401237
12731491706,9.1362468,39.2471813
12731491720,9.1372849,39.2461116
12731491721,9.1371315,39.2460432
12731491722,9.1369552,39.245961
12731719273,9.0542737,39.2166427
12731728827,9.0558452,39.2099037
12731728965,9.0459381,39.2116077
12731729039,9.0395977,39.2220434
12731729040,9.0412731,39.2214942
12731729041,9.0410623,39.2211312
12731780257,9.0540587,39.2089593
12732464850,9.1335585,39.2082227
12732464853,9.1337225,39.2079504
12732464870,9.1296601,39.2130432
12732464871,9.1296275,39.2130252
12732464875,9.128617,39.2138986
12732464876,9.1287105,39.2138045
12732540039,9.1313349,39.2276267
12732540044,9.1384324,39.2095527
12732540055,9.119007,39.2133323
12732540056,9.1177309,39.2124624
12732540057,9.1176861,39.2124979
12732540066,9.1362103,39.223813
12732540071,9.135648,39.2234747
12732540072,9.1357281,39.2234302
12732540078,9.1298538,39.2249802
12732540079,9.1294374,39.2251651
12732540080,9.1299238,39.2249477
12732540081,9.1296191,39.2250892
12732540082,9.129815,39.2249175
12732693502,9.1307498,39.2200404
12732693504,9.1303791,39.2202424
12732693511,9.1275898,39.217448
12732693512,9.1274616,39.2174516
12732693514,9.1311202,39.2200476
12732693515,9.1310988,39.2201043
12732693516,9.1330352,39.2204187
12732693519,9.1342814,39.2209694
12732693520,9.1342885,39.2209295
12732693521,9.1342962,39.2208825
12732693529,9.1399076,39.2190521
12732693530,9.1376935,39.2206782
12732693531,9.1377114,39.2207252
12732693532,9.1387938,39.2202167
12732693533,9.1388351,39.2202533
12732693544,9.1353487,39.2090101
12732693557,9.1385704,39.2076374
12732693559,9.1382333,39.2069376
12732693574,9.1395001,39.208718
12732693596,9.1407865,39.2050379
12732693598,9.1398338,39.204995
12732693603,9.1401006,39.2056616
12732693605,9.1417912,39.2012095
12732693608,9.1386505,39.2047279
12732737438,9.1341484,39.2525936
12732737439,9.1340635,39.25267
12732737453,9.1298387,39.2362287
12736157378,9.1364767,39.2096874
12736157379,9.1362724,39.2096875
12736157380,9.1362709,39.2095695
12736157381,9.1362482,39.2096004
12736157384,9.1364213,39.2097205
12736157385,9.1363382,39.2097147
12736157388,9.1362336,39.2096514
12737084312,9.1181769,39.2104966
12737084314,9.1168021,39.2108994
12737084317,9.1160633,39.2113928
12739395154,9.107901,39.2141327
12757736010,9.1379472,39.2389098
12757736011,9.1380213,39.2387966
12757736012,9.1382177,39.2386678
12757736014,9.137519,39.2393947
12757736015,9.137659,39.2394513
12757736053,9.136795,39.2422996
12757736059,9.1366447,39.24219
12757736060,9.1366467,39.2423454
12768380980,9.12168,39.2544877
12768401618,9.1263996,39.2573791
12768401679,9.1208914,39.261875
12768401715,9.1160107,39.2587922
12768401722,9.1158453,39.2585792
12768401725,9.115656,39.2582971
12768401728,9.1166495,39.2591994
12768401729,9.1165914,39.2590941
12768438806,9.0980899,39.2582747
12768438809,9.113608,39.2522211
12768441232,9.0998372,39.2564946
12768441238,9.0992983,39.2556053
12768441245,9.0961144,39.2566218
12768441249,9.096202,39.2549179
12768441256,9.0955413,39.2563451
12768441257,9.0955308,39.2560871
12768441259,9.0953912,39.2554302
12768441261,9.0955555,39.2551166
12768717999,9.1172885,39.2498782
12768725209,9.1212425,39.2509287
12768725211,9.121008,39.2502868
12768725249,9.1157886,39.2536622
12769777219,9.133728,39.2417325
12769777220,9.1336874,39.2416697
12769777225,9.1338727,39.2416747
12769777271,9.1312644,39.2472662
12769777272,9.131156,39.2473184
12769824137,9.1340603,39.2488324
12769928858,9.1282811,39.2289239
12769928859,9.1286208,39.2291648
12769928863,9.1279336,39.2285933
12769928864,9.1279717,39.2285642
12769928865,9.1278958,39.2286223
12769928868,9.1295356,39.2298675
12769928870,9.1304071,39.230448
12769928871,9.1304625,39.230415
12769928872,9.1303532,39.2304802
12769928873,9.1308156,39.2310858
12769928874,9.1309949,39.2310222
12769928878,9.130905,39.2310543
12769928884,9.1328934,39.2346299
12769928885,9.1327609,39.2346777
12769928886,9.1326485,39.2341579
12769928887,9.1325065,39.2341946
12769928889,9.1330186,39.2359808
12769928890,9.1328331,39.2363918
12769928892,9.1341284,39.2359817
12769928893,9.1341936,39.2359986
12769998604,9.13194,39.2374513
12769998605,9.1318289,39.2373549
12769998606,9.1317635,39.2375779
12769998608,9.1317066,39.2375302
12769998609,9.1319113,39.2375245
12770065612,9.1368272,39.2365821
12770065614,9.1369053,39.2366221
12770065648,9.1340903,39.2391056
12770065649,9.1342338,39.2390586
12770065676,9.1279784,39.2366586
12770065677,9.1281652,39.2367075
12771693006,9.1464534,39.2393312
12771693017,9.1192537,39.2478171
12771693056,9.1220268,39.2427415
12771693057,9.1223549,39.2424126
12771693059,9.1219292,39.2426647
12771693061,9.1219792,39.2427731
12771693062,9.1218998,39.2427066
12771693070,9.1188219,39.2448657
12771693077,9.1180512,39.2422945
12771693079,9.1183412,39.2426576
12771693085,9.1196595,39.2411625
12771693087,9.1205404,39.2411756
12771693088,9.1199695,39.2407656
12771693089,9.1200998,39.2406528
12771694615,9.1213922,39.2397739
12771694616,9.1212852,39.2396825
12771694623,9.1207517,39.2400487
12771694626,9.120474,39.2402393
12771694630,9.1213691,39.2389495
12771694634,9.1219328,39.2392381
12771694635,9.1205087,39.2393675
12771694636,9.1197235,39.2387273
12771694637,9.1221235,39.2372188
12771694639,9.1226157,39.2369739
12771694640,9.1216975,39.2383231
12771694643,9.1213215,39.2385049
12771694645,9.1205964,39.2377444
12771694646,9.1201884,39.2380107
12771694651,9.1204115,39.2378031
12771694652,9.1200718,39.2381366
12771694671,9.1395902,39.2352629
12771694672,9.1397912,39.2354038
12771694673,9.139555,39.2352905
12771694677,9.139756,39.2354346
12771694678,9.1409465,39.2350008
12771694680,9.140096,39.2356176
12771694681,9.1402461,39.2355134
12771694684,9.1403983,39.235395
12771694685,9.1400531,39.2356474
12771694686,9.1404885,39.2341879
12771694688,9.1413359,39.2346315
12771694689,9.1415811,39.2352606
12771694693,9.1414252,39.2347103
12771694694,9.1410602,39.2355355
12771694695,9.1413343,39.2352759
12771694699,9.1403965,39.2356391
12771694700,9.1415406,39.2355148
12771694702,9.1411705,39.2362478
12771694703,9.141285,39.2361047
12771694706,9.1415494,39.2354234
12771694707,9.1413605,39.2363612
12771694708,9.1417551,39.2365966
12771694709,9.1417174,39.2366385
12771694712,9.1413188,39.2364033
12771694713,9.1419097,39.2365775
12771694714,9.1421835,39.2367264
12771694715,9.1418443,39.2366498
12771694716,9.1421064,39.2368062
12771694717,9.1420682,39.2368456
12771694722,9.1418068,39.2366913
12771694723,9.1422539,39.2368942
12771694724,9.1424909,39.2369296
12771694726,9.1422165,39.2369331
12771694727,9.1425775,39.2370873
12771694728,9.1433475,39.236293
12771694729,9.1425412,39.2371247
12771694730,9.1430186,39.2370899
12771694731,9.142806,39.2369643
12771694732,9.1428613,39.2372565
12771694733,9.1426429,39.2371263
12771694734,9.142606,39.237163
12771694737,9.1428266,39.2372932
12771694738,9.1441485,39.2369063
12771694740,9.1439479,39.2374372
12771694741,9.1441264,39.2377261
12771694742,9.1438299,39.2375624
12771694743,9.1439673,39.2378982
12771694744,9.1445613,39.2372557
12771694745,9.143929,39.2379397
12771694746,9.1436733,39.2377288
12771694747,9.1442161,39.2371523
12771694748,9.1436362,39.2377682
12771694751,9.14653,39.2392485
12771694752,9.1466547,39.2391137
12771694753,9.1474499,39.2395631
12771694757,9.1464137,39.239374
12771694759,9.1420277,39.2375565
12771694762,9.1421492,39.2368934
12771694763,9.1401401,39.235827
12771694764,9.1399781,39.2359669
12771694765,9.1402179,39.2357598
12771694766,9.1410716,39.236371
12771694768,9.1400486,39.2357735
12771694769,9.1396752,39.2362815
12771694772,9.1395078,39.2361514
12771694777,9.1376365,39.2340745
12771694779,9.137203,39.233993
12771694797,9.1354655,39.2374996
12771694798,9.1341215,39.2346751
12771694804,9.1321134,39.2358689
12771694806,9.1320345,39.2357043
12771694807,9.1322379,39.2351923
12771694814,9.1311163,39.2367346
12771733744,9.1227946,39.2275867
12771733749,9.1215703,39.236532
12771733750,9.122186,39.2363775
12771733759,9.1210891,39.2364104
12771733760,9.1257807,39.2334286
12771733762,9.125736,39.2333726
12771733763,9.1262037,39.2310248
12771733765,9.1200053,39.2361802
12771733768,9.1206802,39.2278468
12771733769,9.1209967,39.2280172
12771733770,9.1208788,39.2285582
12771733771,9.1208104,39.2285583
12771733774,9.1201123,39.2303288
12771733777,9.1199509,39.2296071
12771733778,9.1199025,39.2291387
12771733781,9.1324569,39.230654
12771733793,9.1230167,39.2314846
12771733796,9.1226375,39.2314925
12771753614,9.1264261,39.2336774
12771753621,9.1276832,39.2333986
12771753622,9.1278502,39.2337423
12771753623,9.1284009,39.233956
12771987297,9.1230334,39.2215412
12771987300,9.1230717,39.2217377
12772010301,9.1231245,39.2217267
12772010320,9.123462,39.2216566
12772010323,9.1235181,39.2215864
12772010332,9.1231398,39.2217759
12772010334,9.1230697,39.2216474
12772010336,9.1230883,39.2217858
12772010338,9.1229895,39.2213208
12772010339,9.1229338,39.2213319
12772010340,9.1233396,39.2212509
12772010341,9.1223436,39.2214497
12772010343,9.1229921,39.2214016
12772010345,9.1229741,39.2212721
12772010346,9.1228722,39.221572
12772010347,9.1229134,39.2212837
12772010349,9.1225485,39.2218464
12772010353,9.1234727,39.2211744
12772010354,9.123411,39.2212438
12772010355,9.1233231,39.2212044
12772010363,9.1234832,39.2217099
12772010366,9.1224155,39.2219162
12772010367,9.1235308,39.2225115
12772010368,9.1230693,39.2225888
12772010369,9.1225525,39.2226881
12772010370,9.122533,39.2226241
12772010372,9.1230891,39.2226555
12772010373,9.1230512,39.2225279
12772010375,9.1235317,39.2224467
12772010377,9.1235762,39.2225114
12772010390,9.1235897,39.2230748
12772010391,9.1232316,39.223123
12772010392,9.1227362,39.2232228
12772010393,9.1222171,39.2233275
12772010394,9.1222541,39.2234426
12772010397,9.1225185,39.2247701
12772010398,9.1227691,39.2250757
12772010399,9.1228848,39.2250149
12772010400,9.1226841,39.2248598
12772010402,9.1227226,39.2248416
12772010422,9.1241951,39.2265608
12772010424,9.124278,39.2265127
12772010425,9.1269026,39.2246003
12772010432,9.1264062,39.2245328
12772010435,9.125529,39.2245477
12772010466,9.1241267,39.2295124
12772010468,9.1249732,39.2294161
12772010469,9.1248526,39.2294191
12772010471,9.1247076,39.2296435
12772010473,9.1241834,39.2299487
12772010475,9.1241244,39.2295462
12772201854,9.1069282,39.237833
12772201855,9.1120274,39.2389159
12772201856,9.1119816,39.2388932
12772201857,9.1168144,39.2406588
12772201860,9.1033845,39.2421933
12772201873,9.1144151,39.2478676
12772201879,9.1131402,39.2472187
12772201889,9.1143393,39.2469884
12772201893,9.1142753,39.246497
12772201895,9.1149534,39.2464648
12772201896,9.1152468,39.2456463
12772201897,9.1151549,39.2456271
12772201900,9.1151851,39.2413715
12772205504,9.116178,39.2405669
12772205513,9.1025283,39.2400905
12772205514,9.1026829,39.2400179
12772205533,9.1005777,39.2393631
12772205535,9.1014119,39.239022
12772205542,9.1018647,39.2382678
12772205574,9.104195,39.2391508
12772205575,9.1039123,39.2392598
12772205576,9.1039734,39.2393507
12772205578,9.1031684,39.2389958
12772205588,9.1078021,39.2400716
12772205598,9.108597,39.2393775
12772205599,9.1075061,39.2391181
12772205600,9.1070364,39.2390224
12772205601,9.1064183,39.2389657
12772205602,9.1063729,39.2389549
12772205604,9.1063416,39.2388594
12772205614,9.1096976,39.2400089
12772205626,9.1116397,39.2410138
12772205627,9.1103955,39.2412976
12772205631,9.1108705,39.2412494
12772205633,9.1105194,39.2419991
12772205634,9.1105151,39.2420334
12772205660,9.1058736,39.241957
12772205662,9.1056944,39.2419326
12772205667,9.1047499,39.244193
12772205668,9.1048106,39.2440843
12772205670,9.1047703,39.2443554
12772295148,9.1122204,39.2365277
12772295149,9.1122519,39.2364846
12772295151,9.1175347,39.2387517
12772295152,9.117592,39.2387008
12772295154,9.116588,39.2382301
12772295155,9.1166363,39.2381672
12772295156,9.115097,39.23736
12772295157,9.1125179,39.2367548
12772295159,9.1123188,39.2367672
12772295161,9.1125084,39.2357018
12772295162,9.1125862,39.2356991
12772295166,9.1112917,39.2342171
12772295167,9.1111902,39.2342818
12772295172,9.1119554,39.2353195
12772295173,9.1119156,39.2352987
12772295176,9.1111911,39.2360231
12772295177,9.1111636,39.236063
12772295179,9.1112557,39.2361414
12772295180,9.111165,39.2361059
12772295182,9.1113478,39.2361372
12772295183,9.1113796,39.2360923
12772295186,9.1108056,39.2367801
12772295187,9.1107722,39.236826
12772295189,9.1107223,39.2368286
12772295190,9.1106238,39.2367914
12772295195,9.1101256,39.237867
12772295196,9.1100331,39.237827
12772295199,9.1093987,39.238737
12772295200,9.1093104,39.2386938
12772323402,9.1095102,39.2386772
12772323403,9.1094744,39.2387158
12772323404,9.1093623,39.2386252
12772323410,9.1091207,39.2390504
12772323411,9.1091456,39.2390883
12772323412,9.1091243,39.239112
12772323416,9.1103517,39.237174
12772323417,9.1103075,39.2372435
12772323419,9.1103235,39.2373023
12772323420,9.1104518,39.2373458
12772323424,9.1100606,39.2369073
12772323425,9.110016,39.2369405
12772323426,9.1100203,39.2370833
12772323427,9.1099782,39.2370488
12772323428,9.1096106,39.2375043
12772323429,9.109576,39.2374872
12772323431,9.1100435,39.2377142
12772323432,9.1099924,39.2377808
12772323434,9.1096053,39.2376098
12772323435,9.1096658,39.2375414
12772323440,9.1097635,39.2383008
12772323442,9.1096837,39.2381534
12772323443,9.1096311,39.2382184
12772323446,9.1087815,39.2384779
12772323447,9.1087295,39.2384517
12772323450,9.1090715,39.2379819
12772323454,9.1085527,39.2382365
12772323458,9.1079049,39.2387667
12772323459,9.1081283,39.2385001
12772323490,9.0989984,39.2408104
12772323502,9.098772,39.237322
12773100942,9.0496143,39.220342
12773100949,9.0391069,39.2231273
12773100950,9.0353976,39.2241726
12785384641,9.1126257,39.2400348
12785384659,9.1127464,39.2363945
12785384660,9.112574,39.2364061
12785384662,9.1125423,39.238783
12785384663,9.1117979,39.2391797
12785384664,9.1118508,39.2392057
12785384665,9.1117667,39.2391644
12785384666,9.1113526,39.2396145
12785384667,9.1113674,39.2395944
12785384671,9.110203,39.2396569
12785384672,9.110216,39.2396417
12785384673,9.110078,39.2395949
12785384674,9.110095,39.2395772
12785384676,9.1105627,39.2391789
12785384677,9.1104954,39.2391456
12785384679,9.1104852,39.2392689
12785384680,9.1104288,39.2392397
12785384683,9.1109341,39.2387529
12785384685,9.1108523,39.2388372
12785384686,9.1107862,39.2388052
12785384688,9.1107903,39.2387613
12785384689,9.1108338,39.2387041
12785384692,9.1112936,39.2383213
12785384693,9.1112301,39.2382899
12785384695,9.1111607,39.2382742
12785384696,9.111121,39.2383177
12785384699,9.1116745,39.2378641
12785384700,9.1116109,39.2378377
12785422102,9.1117599,39.2377779
12785422103,9.1116935,39.2377471
12785422105,9.1116424,39.237749
12785422106,9.1115923,39.2378129
12785422108,9.1117807,39.2378138
12785422109,9.1117408,39.2378591
12786327311,9.100154,39.2336991
12786327312,9.1001491,39.2337369
12786327314,9.095669,39.2328803
12786327315,9.0956094,39.2329391
12786327316,9.0955285,39.2325526
12786327318,9.0952616,39.2325886
12786327319,9.0955054,39.2326145
12786327321,9.0949699,39.2324029
12786327335,9.0944786,39.2311503
12786327336,9.0944977,39.2311698
12786327359,9.0976114,39.2280328
12786327360,9.0976416,39.2279921
12786327361,9.0979216,39.2278
12786327372,9.0996996,39.2263877
12786327374,9.0994455,39.2263911
12786327384,9.0965843,39.2335611
12786327385,9.0966579,39.2335002
12786327411,9.0910389,39.2327742
12786327412,9.0908329,39.2326184
12786327434,9.0907197,39.2320063
12786327435,9.0907602,39.2320368
12786327450,9.0917252,39.2312053
12786361545,9.1069033,39.2320932
12786361547,9.102492,39.233017
12786361548,9.102319,39.2330987
12786361551,9.1026007,39.2328941
12786361552,9.1022748,39.2328806
12786361553,9.1026127,39.2330928
12786361585,9.1031358,39.2341525
12786361588,9.1029067,39.2340369
12786361591,9.1026886,39.2339252
12787592422,9.1191371,39.2282746
12787592424,9.1090923,39.2355235
12787592427,9.119008,39.2281348
12787592433,9.1187694,39.2275195
12787592477,9.1132134,39.230099
12787592479,9.1132548,39.2299707
12787592480,9.1132623,39.2300701
12787592487,9.1137022,39.2329454
12787592488,9.1130442,39.2329484
12787592489,9.1130955,39.233001
12787592490,9.1129865,39.2328893
12787592491,9.1125126,39.2333472
12787592494,9.1118866,39.233709
12787592499,9.1111333,39.2304261
12787672083,9.1189576,39.2253846
12787672087,9.1204257,39.2237473
12787672088,9.1203438,39.22374
12787672089,9.1201564,39.2239088
12787672095,9.1188035,39.2242673
12787703002,9.118649,39.2242528
12787703008,9.1185955,39.2264856
12787703009,9.1186151,39.2264881
12787703010,9.1170999,39.2259529
12787703011,9.1177451,39.2243935
12787703013,9.1176604,39.2250559
12787703015,9.1146736,39.2239243
12787703017,9.1148636,39.2242623
12787703018,9.1149029,39.2242329
12787703019,9.1118247,39.2265761
12787703020,9.1120213,39.2267103
12787703022,9.1127955,39.2261134
12787703023,9.1128997,39.2261868
12787703033,9.1081023,39.2244657
12787703034,9.1078678,39.2246726
12787726770,9.1331966,39.2249153
12787726771,9.1330355,39.2253212
12787726775,9.1345912,39.2278998
12787737379,9.125977,39.2195294
12787737381,9.1261775,39.219524
12787737382,9.1257982,39.2194941
12787823742,9.1302133,39.2225879
12787864217,9.1430978,39.2076043
12787864230,9.1428003,39.207598
12787864231,9.1431357,39.2076051
12787864235,9.1320885,39.2145844
12787931794,9.0915748,39.2124152
12787931796,9.1062161,39.2123399
12787935004,9.1060018,39.2123913
12787935005,9.1060234,39.2124452
12787935007,9.1060817,39.212479
12787935020,9.107452,39.210672
12787935021,9.1071131,39.2105211
12787935023,9.1073246,39.2102481
12787935026,9.1057143,39.2123103
12787935027,9.1092479,39.2098593
12787935028,9.1090285,39.2101513
12787935029,9.109038,39.2101387
12787935030,9.1088021,39.2104527
12787935031,9.1081555,39.2101969
12787935034,9.1083634,39.2092388
12787935038,9.1087596,39.2099852
12787935039,9.1090854,39.2101704
12787935042,9.1081044,39.2098329
12787935050,9.1079161,39.2100712
12787935052,9.1042748,39.2103862
12787935061,9.1039077,39.2102798
12787935064,9.1032826,39.2112713
12787935065,9.1034315,39.21109
12787935068,9.1036085,39.210835
12787935071,9.1044696,39.2104838
12787935074,9.1039588,39.2103551
12787935076,9.1036645,39.2101086
12787935080,9.105161,39.2136118
12787935083,9.1055026,39.2128825
12787935084,9.1056495,39.2129468
12787935088,9.1054533,39.2126157
12787935091,9.105235,39.2124779
12787935092,9.1048651,39.2123138
12787935093,9.1044936,39.2121489
12787935094,9.1041101,39.2119786
12787935095,9.1037363,39.2118127
12787935096,9.1033661,39.2116484
12787935097,9.1029864,39.2114798
12787935100,9.1049798,39.2132713
12787935101,9.1055102,39.212537
12787935103,9.1052871,39.2124061
12787935104,9.104736,39.2131652
12787935106,9.1049185,39.2122407
12787935107,9.1043614,39.2130021
12787935109,9.1045485,39.2120747
12787935110,9.1039842,39.212838
12787935125,9.1024099,39.2130092
12787935126,9.102097,39.213486
12787935128,9.1027681,39.2131648
12787935129,9.1024915,39.2135727
12787935135,9.1036024,39.2126718
12787935138,9.1028918,39.2136252
12787935139,9.1041656,39.2119028
12787935140,9.1037889,39.211737
12787935141,9.1032475,39.2125173
12787935142,9.1034181,39.2115768
12787935143,9.102858,39.2123472
12787935145,9.1024758,39.2121799
12787935149,9.1020031,39.212828
12787935150,9.1030361,39.2114117
12787935152,9.1039732,39.2115742
12787935153,9.1038324,39.2117558
12787935154,9.1031271,39.2133208
12787935156,9.1016354,39.2126613
12787935162,9.1055659,39.2125707
12787935169,9.1051471,39.2133441
12787935170,9.1055414,39.212832
12787935171,9.1058115,39.2127394
12787935196,9.0916649,39.2123975
12787987768,9.1137525,39.2169082
12787987769,9.1099989,39.2140771
12787987770,9.1121525,39.2170299
12787987784,9.1133883,39.2171286
12787987789,9.1133746,39.2172572
12787987790,9.1127907,39.2164
12787987792,9.1114039,39.2151739
12787987795,9.1113151,39.2234879
12787987796,9.1109725,39.2233013
12787987798,9.1112753,39.223534
12787987800,9.1090413,39.2210057
12787997715,9.1088734,39.2171557
12787997721,9.1088139,39.2171922
12787997727,9.1071611,39.219634
12787997758,9.1107791,39.2138264
12787997760,9.1100098,39.2141493
12787997761,9.1100074,39.2141456
12787997762,9.1114496,39.2134759
12787997764,9.1094827,39.2142039
12787997765,9.1093551,39.2141688
12787997766,9.1075736,39.2135909
12787997767,9.1088721,39.2140092
12787997777,9.1055075,39.2149379
12787997779,9.1055067,39.2148841
12787997781,9.1054765,39.2150712
12787997782,9.1038836,39.21513
12787997783,9.1040291,39.2151974
12787997785,9.1042524,39.2151053
12787997786,9.1040679,39.2153396
12787997787,9.1042997,39.2153092
12787997789,9.1044421,39.2153332
12787997791,9.1044053,39.2151766
12787997794,9.1046773,39.2150349
12787997798,9.1041383,39.2150521
12787997799,9.1045224,39.2152313
12787997805,9.1047674,39.2149206
12788623017,9.1167802,39.2181071
12788623020,9.1137058,39.2205489
12788623022,9.1135967,39.2205284
12791177461,9.1232101,39.2171764
12791177462,9.123222,39.2172018
12791253856,9.116748,39.2120705
12791253860,9.1159038,39.212992
12791253864,9.1167448,39.2140825
12791253865,9.1165744,39.2138589
12791253866,9.1159678,39.2130842
12791253869,9.1152143,39.2124549
12791253870,9.1153122,39.2124113
12791253871,9.1154064,39.2123321
12791253872,9.1153772,39.2122781
12791253880,9.1151033,39.216076
12791253881,9.1144133,39.2164198
12791265003,9.1183534,39.2108491
12791265004,9.1183869,39.2108344
12791265005,9.1181655,39.2104657
12791265006,9.1173297,39.2107187
12791265007,9.1173394,39.2107409
12791265008,9.1168491,39.2114483
12791265009,9.1168184,39.2114548
12791265012,9.1167936,39.2108806
12791265014,9.1161746,39.2110894
12791265015,9.1199944,39.2108736
12791265016,9.1200262,39.2109341
12791265021,9.1211941,39.2106141
12791265056,9.1169445,39.2119636
12791265057,9.1168313,39.2154799
12791265058,9.116722,39.2154721
12791265059,9.1170787,39.214632
12791265064,9.1214397,39.2135564
12791265067,9.1212591,39.2136584
12791265068,9.1213386,39.2136896
12791265070,9.1214613,39.2136041
12791265073,9.1212759,39.2135343
12791265077,9.1211556,39.2133877
12791265082,9.1210764,39.2133938
12791265113,9.1219203,39.2137635
12791325248,9.1280032,39.2066988
12791335403,9.1274631,39.210264
12791335424,9.127402,39.2133023
12791335434,9.1289133,39.2137595
12791335435,9.1288763,39.2137423
12791335455,9.1269624,39.2154896
12791335456,9.1275016,39.215156
12791335457,9.1273249,39.2152855
12791335462,9.1273392,39.2155985
12791335463,9.1275272,39.2155948
12791335465,9.1276492,39.2158668
12791335466,9.1276425,39.215651
12791335467,9.1276491,39.215808
12791335471,9.1293288,39.2156132
12791335472,9.1293375,39.2157531
12791335475,9.1276764,39.2174573
12791335480,9.1293819,39.2171923
12791335481,9.129387,39.2173159
12791596834,9.1374858,39.2047891
12791596845,9.1280229,39.2050843
12791596846,9.1283672,39.2049449
12791596847,9.1279403,39.2051178
12791596852,9.1285329,39.2055114
12791596853,9.1278389,39.205252
12791596854,9.1278654,39.2053089
12791596855,9.1278197,39.2053175
12791596857,9.127999,39.2052525
12791596859,9.1277669,39.2052603
12791596861,9.1377973,39.2030005
12791596863,9.1381922,39.202508
12791596864,9.1382228,39.2022527
12791596876,9.1380197,39.2020221
12791596877,9.1379732,39.2021389
12791596884,9.1359057,39.2019971
12791596885,9.1358574,39.2020064
12791848834,9.1391298,39.1943305
12791848835,9.1387492,39.1937172
12791848844,9.1431399,39.2004129
12791848845,9.1433159,39.2002773
12791848847,9.143231,39.200279
12791848848,9.1430572,39.2005343
12791848858,9.1384798,39.1987637
12791848859,9.1385893,39.1987815
12791848862,9.1382662,39.1982442
12791848863,9.1382713,39.1982366
12791848864,9.1382859,39.1981952
12791848873,9.1360784,39.1980631
12791848874,9.1360853,39.1980301
12791848878,9.1362292,39.1979486
12791848879,9.1362173,39.1980424
12791848881,9.1359558,39.1979253
12791848883,9.1360238,39.1980243
12791848885,9.1358497,39.1979006
12791848886,9.1358326,39.1980064
12791848887,9.1356692,39.1978485
12791848888,9.1356467,39.197989
12791848889,9.1354789,39.1978101
12791848890,9.1354557,39.1979712
12791848892,9.1352922,39.1977731
12791848893,9.1352668,39.1979535
12791848895,9.1351055,39.1977141
12791848896,9.1350732,39.1979354
12791848898,9.1349197,39.1976688
12791848899,9.1348827,39.1979176
12791848900,9.1350437,39.1979675
12791882601,9.1350496,39.1979332
12791882603,9.1347038,39.1979008
12791882606,9.1345107,39.1978828
12791882608,9.1343226,39.1978652
12791882611,9.1341376,39.1978479
12791882613,9.1339387,39.1978293
12791882616,9.1337479,39.1978114
12791882617,9.1339134,39.1978269
12791882618,9.1339074,39.1978626
12791882619,9.1331242,39.1987758
12791882620,9.132952,39.2006407
12791882621,9.1327956,39.2002597
12791882622,9.1329084,39.2001693
12791882623,9.1330006,39.1995257
12791882625,9.132907,39.1995169
12791882626,9.1331206,39.1995371
12791882627,9.1332385,39.1980825
12791882628,9.1331712,39.1980763
12791882629,9.133344,39.1980924
12791882631,9.1330085,39.2002766
12791882636,9.1351989,39.1980746
12791882638,9.1329351,39.1980905
12791882639,9.1331638,39.1981051
12791882641,9.1331484,39.1982635
12791882644,9.1331218,39.1984137
12791882646,9.133098,39.198548
12791882649,9.1330715,39.1986974
12791882650,9.1330588,39.198769
12791882652,9.1330463,39.1988396
12791882655,9.1330175,39.1990021
12791882657,9.132993,39.1991401
12791882660,9.1329702,39.1992984
12791882662,9.1317432,39.1987886
12791882663,9.1315291,39.1987443
12791882664,9.1314285,39.1987293
12791882689,9.1305219,39.2003675
12791882692,9.130262,39.1990002
12791882693,9.1300927,39.1988515
12791882695,9.1307357,39.1989086
12791882696,9.1306853,39.1987826
12791882701,9.1314489,39.1987976
12791882702,9.1314092,39.1986648
12791882719,9.1325898,39.2124643
12791882721,9.1323739,39.212365
12791882722,9.1326663,39.2124994
12791882723,9.1326572,39.2137164
12791882724,9.1325967,39.214156
12792079640,9.1410973,39.1908268
12792079641,9.1412857,39.1905587
12792079643,9.1410819,39.1901485
12792079664,9.1137818,39.2122178
12792079666,9.1133999,39.2125699
12792079667,9.113444,39.2126147
12792079668,9.1133367,39.2125056
12792079678,9.1403389,39.1904031
12792079679,9.1401833,39.190321
12792079680,9.1399376,39.1908645
12792079699,9.1443488,39.1953902
12792117613,9.1429161,39.1969149
12792117615,9.142844,39.1969578
12792117617,9.1427317,39.1969337
12792117624,9.1347456,39.1956871
12792117633,9.13785,39.1967052
12792117634,9.1379517,39.1967074
12792117646,9.1421838,39.1949473
12792117647,9.1420222,39.1946901
12792117648,9.1420834,39.1946672
12798426582,9.1809067,39.2169393
12798426583,9.1808688,39.2169799
12798426584,9.1806264,39.2167835
12798426585,9.1792237,39.2160103
12798426586,9.1787402,39.2157447
12798426587,9.1774297,39.2150227
12798426588,9.1770376,39.2148077
12798426589,9.1770013,39.2148444
12798426591,9.1764925,39.2145088
12798426592,9.1760477,39.2142649
12798426594,9.1751431,39.2137679
12798426595,9.17464,39.2134914
12798426596,9.1740386,39.21316
12798426597,9.1736889,39.2129662
12798426599,9.1732989,39.2127501
12798455601,9.1691235,39.2095948
12798455602,9.1690462,39.2096526
12798455603,9.1674925,39.2082939
12798455605,9.1647161,39.2064145
12798455608,9.1640407,39.2049179
12798455610,9.1636755,39.2044344
12798455611,9.1635706,39.2042928
12798455613,9.163021,39.2035463
12798455616,9.1627399,39.2031294
12798455618,9.162041,39.202241
12798455619,9.1619126,39.2020678
12798455620,9.1615801,39.20162
12798455621,9.1614853,39.2014953
12798455622,9.1610739,39.2009473
12798455623,9.1609211,39.2007385
12798455624,9.16042,39.2000401
12798455625,9.1603636,39.2000647
12798455626,9.1602405,39.1998869
12798455628,9.1597879,39.1982537
12798455629,9.1597297,39.1982614
12798455634,9.1590874,39.1952104
12798455635,9.1586231,39.1947186
12798455648,9.1602953,39.1998651
12798455652,9.1598568,39.1985514
12798455660,9.1586689,39.1946789
12798455673,9.1645629,39.2064505
12798455675,9.1643195,39.2053759
12798455679,9.1638898,39.2048016
12798455680,9.1639882,39.2049391
12798455683,9.1636319,39.2044535
12798455684,9.1635333,39.2043084
12798455688,9.1629192,39.2036561
12798455689,9.1629495,39.2036954
12798455690,9.1630101,39.2036195
12798455693,9.1630351,39.2036585
12798455694,9.1628058,39.2037333
12798455695,9.162576,39.2030301
12798455699,9.1619938,39.2022618
12798455701,9.1618619,39.2020902
12798455714,9.1612385,39.2016793
12798455715,9.1607821,39.2010574
12798455716,9.1607297,39.2009854
12798455719,9.1608698,39.2007594
12798455720,9.1608389,39.2008837
12798455721,9.1608781,39.2009401
12798455722,9.160928,39.200832
12798455725,9.1609848,39.2009142
12798455726,9.1606651,39.2009972
12798455731,9.160195,39.1999872
12798455732,9.1602234,39.2000285
12798455733,9.1602754,39.1999516
12798455736,9.1603203,39.2000052
12798455737,9.1600435,39.2000727
12798455738,9.1597975,39.198558
12798455739,9.1596586,39.1984078
12798455740,9.1596676,39.198455
12798455741,9.1595685,39.1984575
12798455742,9.1597753,39.1984576
12798455744,9.1594831,39.1984594
12798455745,9.1597587,39.1983917
12798455749,9.1593715,39.1966517
12798455757,9.1590419,39.1952203
12799808110,9.1097557,39.214101
12800862460,9.1655909,39.2048941
12800871743,9.1773464,39.2145788
12800871745,9.1771992,39.2148963
12800871746,9.1775401,39.2140439
12800871748,9.1777611,39.2141875
12800871749,9.1775019,39.2144021
12800871753,9.1769629,39.2147667
12800871761,9.1766663,39.2134439
12800871762,9.1755375,39.2137507
12800871764,9.1756089,39.2132184
12800871765,9.1758906,39.2129535
12800871769,9.1750861,39.2137366
12800871772,9.1707333,39.209106
12800871777,9.1693745,39.2097972
12800871778,9.1698728,39.208372
12800871780,9.1695209,39.2083749
12800871781,9.1697086,39.2082368
12800871785,9.1684579,39.2090582
12800871799,9.1662318,39.2054728
12800871812,9.1643531,39.2046297
12800871815,9.1634845,39.2035062
12800871822,9.1600362,39.1966927
12800871825,9.1751152,39.2124573
12800871830,9.1743077,39.2133087
12800871837,9.1667398,39.2083533
12806317175,9.096567,39.2659301
12806317178,9.0992724,39.2650142
12810085494,9.1051778,39.2314071
12816776367,9.1152634,39.2259542
12855417872,9.1169313,39.213311
12864729367,9.1091877,39.2461256
12921693538,9.1272354,39.2020068
12921693539,9.1274008,39.2020248
12921693546,9.1274558,39.201963
12921693549,9.127441,39.2020803
12921693557,9.1275623,39.2020521
12921693561,9.1275119,39.2019621
12921693573,9.1265797,39.2027227
12921693576,9.1276109,39.2019402
12921693583,9.1291193,39.2016798
12921693586,9.1304758,39.2017747
12921693587,9.1307379,39.2018106
12921714119,9.12602,39.2034624
12921714120,9.1295705,39.2028791
12921714121,9.12988,39.202704
12921714130,9.1275412,39.2046409
12921714131,9.1270705,39.2040206
12921714132,9.127097,39.2040778
12969204717,9.1320332,39.2259306
12969235379,9.1370476,39.2418318
12969235380,9.1371133,39.2414503
12969235385,9.1370516,39.2418072
12969235386,9.1370985,39.2418132
12969235387,9.1369644,39.242259
12969235388,9.1371582,39.241197
12969235389,9.137458,39.2395175
12969235397,9.1382452,39.2389807
12969243003,9.1366639,39.2322471
12969243007,9.1368044,39.2323636
12969243008,9.1368177,39.2323539
12969360745,9.1341818,39.2526475
12984614272,9.12268,39.2285215
12984614289,9.1228837,39.2285168
12984620403,9.1000787,39.238696
12984620408,9.1001174,39.2392799
12984633905,9.121107,39.2260694
12984633906,9.1215191,39.2262509
12984633907,9.1227781,39.227265
13002349901,9.116182,39.2118147
13009412375,9.0837958,39.2171696
13009412382,9.0772914,39.2256206
13011475504,9.136797,39.2321331
13011475505,9.1367897,39.2320965
13011475507,9.1371834,39.2324781
13026015591,9.1574286,39.1947073
13026015596,9.1577494,39.194427
13026015598,9.1575871,39.1945022
13026042301,9.1577014,39.1945561
13026042309,9.157842,39.1944782
13026042322,9.157852,39.1942741
13026042372,9.1574079,39.1938323
13036810044,9.1366196,39.2344972
13036810049,9.136047,39.2348127
13038170988,9.1284505,39.251982
13038981969,9.1155141,39.2232824
13038981972,9.115047,39.2241094
13038981973,9.1149109,39.2236075
13038981975,9.1156175,39.2229449
13038981976,9.1156511,39.2229572
13038981979,9.1158569,39.222455
13042630996,9.1139368,39.2130902
13042635120,9.1135277,39.2133172
13042635123,9.1115991,39.2144242
13042635125,9.1109478,39.2147902
13042934351,9.1110803,39.2148121
13042934357,9.1110255,39.214768
13045277215,9.1576701,39.1941896
13045277217,9.1574773,39.1946803
13046637190,9.0992565,39.236882
13046637196,9.1003721,39.2379413
13048692783,9.1167477,39.2163942
13048692786,9.1158231,39.2162403
13048692787,9.116368,39.2158308
13048692788,9.11593,39.21616
13048692790,9.116217,39.2165353
13048692791,9.1160371,39.2163003
13048692792,9.1168544,39.2167096
13048692793,9.1166171,39.2160084
13048692794,9.1163378,39.2161142
13048692795,9.1162815,39.2161661
13048692796,9.1160178,39.216094
13048692797,9.1166927,39.2162318
13048692798,9.1162848,39.2165173
13052210599,9.1204705,39.2348128
13074266750,9.1303703,39.246648
13074266753,9.1302563,39.2461979
13074447613,9.1164589,39.2217104
13074447616,9.1257124,39.2154515
13074447617,9.1254594,39.2154771
13074447618,9.1259947,39.2072098
13074447625,9.1158598,39.2180298
13074447626,9.1156214,39.2181045
13074470731,9.1182822,39.2625318
13074470733,9.119348,39.2621939
13074470734,9.0896854,39.2450838
13075498287,9.1405338,39.1920661
13075498288,9.1226548,39.2543645
13075498289,9.121976,39.2546155
13075498290,9.1221377,39.2537997
13075498291,9.1216369,39.2540905
13075503704,9.1285709,39.2351988
13075503705,9.1287534,39.2354861
13075503711,9.1299566,39.2464483
13075503712,9.1303097,39.246909
13075574206,9.1495194,39.2009324
13075574216,9.143355,39.2002941
13075574217,9.1433373,39.2003186
13075574218,9.1432406,39.2004521
13075574219,9.1434247,39.200198
13075574221,9.1431852,39.2004807
13075574222,9.1431141,39.2004508
13075574227,9.142095,39.2007805
13075574228,9.1421925,39.200822
13075574253,9.1453337,39.2025522
13075574254,9.1448963,39.2022578
13075574281,9.1461995,39.2028574
13075574282,9.1462768,39.2029712
13075574504,9.1499262,39.2000143
13075574511,9.1520978,39.1986027
13075574534,9.123659,39.2609326
13075588559,9.1272344,39.2570915
13075588561,9.144525,39.2380647
13075588562,9.1444295,39.2381646
13075588564,9.1443887,39.2382073
13075588567,9.1285046,39.2567689
13075588569,9.128062,39.2569747
13075733941,9.11684,39.2198703
13075733945,9.1169726,39.2188821
13075733946,9.1167034,39.2188955
13075733950,9.1291499,39.2497632
13075733951,9.1294628,39.249625
13075755562,9.126037,39.2479437
13075755566,9.119097,39.2101292
13075755572,9.1189628,39.2101227
13075891026,9.0977081,39.2320956
13075891043,9.0966752,39.2443882
13075891044,9.0944854,39.244339
13075891051,9.1002078,39.2163652
13075891054,9.1000263,39.2167404
13075891055,9.0996117,39.2169952
13075891059,9.1003807,39.2161555
13075891064,9.0921111,39.239086
13075891066,9.0924161,39.2402335
13075891072,9.0934687,39.237761
13075891073,9.0940738,39.2381185
13075891074,9.1233646,39.215891
13075891079,9.156417,39.2178013
13100276605,9.1167513,39.215586
13123028109,9.1516115,39.1868371
13152930684,9.106013,39.215644
13152930686,9.1058284,39.2158662
13152930687,9.1062586,39.2160835
13152930691,9.1061675,39.2161943
13152930692,9.1063495,39.2159729
13152930695,9.1063933,39.2157533
13152930699,9.106563,39.2160866
13152930700,9.1059204,39.2157557
13152930701,9.1065023,39.2160501
13152930704,9.1078252,39.2150583
13152930718,9.1074682,39.2149377
13152930719,9.1071338,39.214746
13152930720,9.1072932,39.2146743
13152930721,9.1075397,39.2148044
13152930722,9.1075591,39.2148379
13152930726,9.1077906,39.2153693
13152930728,9.107887,39.2152524
13152930729,9.1079401,39.2153143
13152930734,9.1079711,39.2153051
13152930738,9.1087528,39.2151521
13174939108,9.1058126,39.2160162
13192135505,9.0419452,39.2223219
13192135506,9.0420195,39.2224943
13192135512,9.0468472,39.2210944
13192135516,9.0445171,39.2217943
13194399109,9.1304514,39.234969
13194399115,9.1297737,39.2350704
13194399116,9.1327484,39.235635
13194399118,9.1325773,39.2355401
13208903752,9.102306,39.2602645
13208903760,9.1009804,39.2601979
13208925273,9.0964799,39.2654399
13208925274,9.0961143,39.2646116
13208925276,9.0963858,39.2647092
13248789833,9.1652297,39.1903719
13248790172,9.1658861,39.1897133
13248790175,9.1665944,39.1889499
13248873080,9.1655635,39.1885995
13248873086,9.1659399,39.1885138
13248873087,9.1656596,39.1882924
13248873093,9.1658425,39.1882998
13248887914,9.1660862,39.1884595
13248902236,9.1680565,39.1878849
13248902237,9.1667077,39.1886448
13248902250,9.1668288,39.1881029
13248902275,9.1680613,39.1892304
13251409775,9.0895844,39.2343771
13251427859,9.0919234,39.2292842
13265764121,9.1518893,39.2425023
13266798295,9.0279825,39.1760856
13266833874,9.0854101,39.2493444
13266833878,9.0838978,39.2483704
13266897893,9.1106211,39.2149384
13277915446,9.0860217,39.2440066
13278094143,9.0888692,39.2551453
13283310085,9.0890257,39.2431854
13283345517,9.0876252,39.2433093
13296601307,9.1095608,39.2148049
13296601315,9.1091782,39.2156463
13296601316,9.1087166,39.2151708
13296601317,9.1087725,39.2152297
13296601319,9.1106619,39.214878
13296601322,9.1106866,39.214733
13305165220,9.030036,39.1742336
13305165223,9.0305501,39.1743022
13307995971,9.030151,39.1679733
13307995978,9.0312836,39.1664643
13307995979,9.0311842,39.1668082
13307995980,9.0310763,39.1666718
13307995981,9.0303556,39.167552
13307995984,9.0310672,39.1671937
13316351506,9.1159922,39.2217524
13316351509,9.116152,39.2217319
13333585773,9.0379324,39.1731389
13333585774,9.0380676,39.1734526
13333585777,9.0383768,39.1737483
13333594610,9.0366009,39.1754223
13347746202,9.1320561,39.2358966
13347746207,9.1327326,39.2354767
13347746211,9.1326196,39.2352642
13347746216,9.1328575,39.2348796
13347746219,9.1325231,39.2354448
13347746220,9.1325306,39.2355591
13348123810,9.1292163,39.2034295
13348123811,9.1246996,39.2061296
13348123817,9.1124859,39.212881
13348123818,9.1146136,39.2128448
13348123826,9.1133293,39.213557
13363313378,9.0946232,39.2429867
13363313386,9.0964424,39.2439129
13363313387,9.095917,39.2437343
13363313388,9.0964501,39.2437438
13363313389,9.0966867,39.24395
13367428591,9.1141791,39.2483144
13367428592,9.1144531,39.2478703
13367428596,9.1147426,39.2482282
13367428597,9.1145799,39.2479551
13367441805,9.11439,39.2492115
13367441810,9.1146235,39.2481985
13367441811,9.1145222,39.2485271
13367441813,9.1147855,39.248338
13367441822,9.1144542,39.2489447
13367441843,9.1122504,39.2465168
13367441844,9.1121003,39.2463162
13459242811,9.1604811,39.1896591
13464585722,9.1149332,39.2088763
13464585738,9.1151418,39.2096033
13464585741,9.1147142,39.2089259
13464585742,9.115218,39.2097461
13464585743,9.1152735,39.2098716
13464585744,9.1153389,39.2099952
13464585745,9.1153797,39.2100797
13464585746,9.1154488,39.2101908
13464585748,9.1156709,39.2104871
13476413451,9.0930975,39.2619886
13476413452,9.0933091,39.2619133
13476413454,9.0929256,39.2622013
13476413457,9.0918223,39.2607594
13476413459,9.0913564,39.2613975
13476413484,9.092943,39.2641032
13476413490,9.090095,39.265647
13476800532,9.0845309,39.2109017
13476800551,9.0862924,39.2111489
13479352079,9.0682774,39.2204471
13479352099,9.0687837,39.2208265
13479352100,9.0686646,39.2209229
13479352135,9.0778308,39.2154862
13479352265,9.0814034,39.2071205
13479352266,9.0813684,39.2070528
13479352280,9.0810881,39.2099387
13479352281,9.0805843,39.210329
13479352283,9.0813582,39.2089275
13479352284,9.0817307,39.2097087
13479352285,9.0819223,39.2098613
13479352286,9.0816969,39.2097352
13479352288,9.0797717,39.2082707
13479352295,9.0803635,39.2098669
13479352298,9.0790471,39.2088577
13479352301,9.0813806,39.2099827
13479352322,9.0833059,39.2099235
13479352324,9.0832515,39.2109163
13479352325,9.0829162,39.2111839
13479352326,9.082499,39.2108465
13479531087,9.1335462,39.2125314
13479573154,9.0496399,39.2202922
