{
"type": "FeatureCollection",
"name": "amenity_cafe",
"crs": { "type": "name", "properties": { "name": "urn:ogc:def:crs:OGC:1.3:CRS84" } },
"features": [
{ "type": "Feature", "properties": { "element": "node", "id": 994731124, "amenity": "cafe", "fixme": null, "name": null, "tobacco": null, "cuisine": null, "opening_hours": null, "wheelchair": null, "addr:city": null, "addr:street": null, "addr:housenumber": null, "addr:postcode": null, "phone": null, "wheelchair:description": null, "source": null, "wifi": null, "toilets:wheelchair": null, "website": null, "outdoor_seating": null, "bar": null, "check_date": null, "operator": null, "payment:bancomat": null, "payment:mastercard": null, "payment:visa": null, "payment:visa_debit": null, "toilets": null, "comment": null, "outdoor_seating:comfort": null, "payment:cash": null, "shop": null, "addr:country": null, "indoor_seating": null, "payment:credit_cards": null, "toilets:number": null, "internet_access": null, "addr:province": null, "addr:suburb": null, "internet_access:fee": null, "check_date:opening_hours": null, "opening_hours:signed": null, "air_conditioning": null, "alt_name": null, "contact:facebook": null, "delivery": null, "description": null, "diet:meat": null, "diet:vegetarian": null, "drive_through": null, "internet_access:ssid": null, "level": null, "payment:debit_cards": null, "smoking": null, "seamark:small_craft_facility:category": null, "seamark:type": null, "sport": null, "brewery": null, "website:menu": null, "contact:instagram": null, "facebook": null, "name:en": null, "theme": null, "ref:vatin": null, "name:ru": null, "branch": null, "changing_table": null, "diet:vegan": null, "highchair": null, "email": null, "contact:phone": null, "takeaway": null, "baby_feeding": null, "kids_area": null, "toilets:access": null, "building": null }, "geometry": { "type": "Point", "coordinates": [ 9.1276906, 39.2181472 ] } },
{ "type": "Feature", "properties": { "element": "node", "id": 994731131, "amenity": "cafe", "fixme": "Posizione, nome", "name": null, "tobacco": null, "cuisine": null, "opening_hours": null, "wheelchair": null, "addr:city": null, "addr:street": null, "addr:housenumber": null, "addr:postcode": null, "phone": null, "wheelchair:description": null, "source": null, "wifi": null, "toilets:wheelchair": null, "website": null, "outdoor_seating": null, "bar": null, "check_date": null, "operator": null, "payment:bancomat": null, "payment:mastercard": null, "payment:visa": null, "payment:visa_debit": null, "toilets": null, "comment": null, "outdoor_seating:comfort": null, "payment:cash": null, "shop": null, "addr:country": null, "indoor_seating": null, "payment:credit_cards": null, "toilets:number": null, "internet_access": null, "addr:province": null, "addr:suburb": null, "internet_access:fee": null, "check_date:opening_hours": null, "opening_hours:signed": null, "air_conditioning": null, "alt_name": null, "contact:facebook": null, "delivery": null, "description": null, "diet:meat": null, "diet:vegetarian": null, "drive_through": null, "internet_access:ssid": null, "level": null, "payment:debit_cards": null, "smoking": null, "seamark:small_craft_facility:category": null, "seamark:type": null, "sport": null, "brewery": null, "website:menu": null, "contact:instagram": null, "facebook": null, "name:en": null, "theme": null, "ref:vatin": null, "name:ru": null, "branch": null, "changing_table": null, "diet:vegan": null, "highchair": null, "email": null, "contact:phone": null, "takeaway": null, "baby_feeding": null, "kids_area": null, "toilets:access": null, "building": null }, "geometry": { "type": "Point", "coordinates": [ 9.129654, 39.2191613 ] } },
{ "type": "Feature", "properties": { "element": "node", "id": 994731145, "amenity": "cafe", "fixme": null, "name": null, "tobacco": null, "cuisine": null, "opening_hours": null, "wheelchair": null, "addr:city": null, "addr:street": null, "addr:housenumber": null, "addr:postcode": null, "phone": null, "wheelchair:description": null, "source": null, "wifi": null, "toilets:wheelchair": null, "website": null, "outdoor_seating": null, "bar": null, "check_date": null, "operator": null, "payment:bancomat": null, "payment:mastercard": null, "payment:visa": null, "payment:visa_debit": null, "toilets": null, "comment": null, "outdoor_seating:comfort": null, "payment:cash": null, "shop": null, "addr:country": null, "indoor_seating": null, "payment:credit_cards": null, "toilets:number": null, "internet_access": null, "addr:province": null, "addr:suburb": null, "internet_access:fee": null, "check_date:opening_hours": null, "opening_hours:signed": null, "air_conditioning": null, "alt_name": null, "contact:facebook": null, "delivery": null, "description": null, "diet:meat": null, "diet:vegetarian": null, "drive_through": null, "internet_access:ssid": null, "level": null, "payment:debit_cards": null, "smoking": null, "seamark:small_craft_facility:category": null, "seamark:type": null, "sport": null, "brewery": null, "website:menu": null, "contact:instagram": null, "facebook": null, "name:en": null, "theme": null, "ref:vatin": null, "name:ru": null, "branch": null, "changing_table": null, "diet:vegan": null, "highchair": null, "email": null, "contact:phone": null, "takeaway": null, "baby_feeding": null, "kids_area": null, "toilets:access": null, "building": null }, "geometry": { "type": "Point", "coordinates": [ 9.1303192, 39.2190615 ] } },
{ "type": "Feature", "properties": { "element": "node", "id": 1165439709, "amenity": "cafe", "fixme": null, "name": "Cafè déjà vu", "tobacco": "yes", "cuisine": null, "opening_hours": null, "wheelchair": null, "addr:city": null, "addr:street": null, "addr:housenumber": null, "addr:postcode": null, "phone": null, "wheelchair:description": null, "source": null, "wifi": null, "toilets:wheelchair": null, "website": null, "outdoor_seating": null, "bar": null, "check_date": null, "operator": null, "payment:bancomat": null, "payment:mastercard": null, "payment:visa": null, "payment:visa_debit": null, "toilets": null, "comment": null, "outdoor_seating:comfort": null, "payment:cash": null, "shop": null, "addr:country": null, "indoor_seating": null, "payment:credit_cards": null, "toilets:number": null, "internet_access": null, "addr:province": null, "addr:suburb": null, "internet_access:fee": null, "check_date:opening_hours": null, "opening_hours:signed": null, "air_conditioning": null, "alt_name": null, "contact:facebook": null, "delivery": null, "description": null, "diet:meat": null, "diet:vegetarian": null, "drive_through": null, "internet_access:ssid": null, "level": null, "payment:debit_cards": null, "smoking": null, "seamark:small_craft_facility:category": null, "seamark:type": null, "sport": null, "brewery": null, "website:menu": null, "contact:instagram": null, "facebook": null, "name:en": null, "theme": null, "ref:vatin": null, "name:ru": null, "branch": null, "changing_table": null, "diet:vegan": null, "highchair": null, "email": null, "contact:phone": null, "takeaway": null, "baby_feeding": null, "kids_area": null, "toilets:access": null, "building": null }, "geometry": { "type": "Point", "coordinates": [ 9.1205061, 39.2139869 ] } },
{ "type": "Feature", "properties": { "element": "node", "id": 1165439746, "amenity": "cafe", "fixme": null, "name": null, "tobacco": null, "cuisine": null, "opening_hours": null, "wheelchair": null, "addr:city": null, "addr:street": null, "addr:housenumber": null, "addr:postcode": null, "phone": null, "wheelchair:description": null, "source": null, "wifi": null, "toilets:wheelchair": null, "website": null, "outdoor_seating": null, "bar": null, "check_date": null, "operator": null, "payment:bancomat": null, "payment:mastercard": null, "payment:visa": null, "payment:visa_debit": null, "toilets": null, "comment": null, "outdoor_seating:comfort": null, "payment:cash": null, "shop": null, "addr:country": null, "indoor_seating": null, "payment:credit_cards": null, "toilets:number": null, "internet_access": null, "addr:province": null, "addr:suburb": null, "internet_access:fee": null, "check_date:opening_hours": null, "opening_hours:signed": null, "air_conditioning": null, "alt_name": null, "contact:facebook": null, "delivery": null, "description": null, "diet:meat": null, "diet:vegetarian": null, "drive_through": null, "internet_access:ssid": null, "level": null, "payment:debit_cards": null, "smoking": null, "seamark:small_craft_facility:category": null, "seamark:type": null, "sport": null, "brewery": null, "website:menu": null, "contact:instagram": null, "facebook": null, "name:en": null, "theme": null, "ref:vatin": null, "name:ru": null, "branch": null, "changing_table": null, "diet:vegan": null, "highchair": null, "email": null, "contact:phone": null, "takeaway": null, "baby_feeding": null, "kids_area": null, "toilets:access": null, "building": null }, "geometry": { "type": "Point", "coordinates": [ 9.1295584, 39.2128587 ] } },
{ "type": "Feature", "properties": { "element": "node", "id": 1336886728, "amenity": "cafe", "fixme": null, "name": "Bar Pasticceria Mariuccia", "tobacco": null, "cuisine": "italian", "opening_hours": null, "wheelchair": null, "addr:city": null, "addr:street": null, "addr:housenumber": null, "addr:postcode": null, "phone": null, "wheelchair:description": null, "source": null, "wifi": null, "toilets:wheelchair": null, "website": null, "outdoor_seating": null, "bar": null, "check_date": null, "operator": null, "payment:bancomat": null, "payment:mastercard": null, "payment:visa": null, "payment:visa_debit": null, "toilets": null, "comment": null, "outdoor_seating:comfort": null, "payment:cash": null, "shop": null, "addr:country": null, "indoor_seating": null, "payment:credit_cards": null, "toilets:number": null, "internet_access": null, "addr:province": null, "addr:suburb": null, "internet_access:fee": null, "check_date:opening_hours": null, "opening_hours:signed": null, "air_conditioning": null, "alt_name": null, "contact:facebook": null, "delivery": null, "description": null, "diet:meat": null, "diet:vegetarian": null, "drive_through": null, "internet_access:ssid": null, "level": null, "payment:debit_cards": null, "smoking": null, "seamark:small_craft_facility:category": null, "seamark:type": null, "sport": null, "brewery": null, "website:menu": null, "contact:instagram": null, "facebook": null, "name:en": null, "theme": null, "ref:vatin": null, "name:ru": null, "branch": null, "changing_table": null, "diet:vegan": null, "highchair": null, "email": null, "contact:phone": null, "takeaway": null, "baby_feeding": null, "kids_area": null, "toilets:access": null, "building": null }, "geometry": { "type": "Point", "coordinates": [ 9.1292576, 39.2463063 ] } },
{ "type": "Feature", "properties": { "element": "node", "id": 1406230421, "amenity": "cafe", "fixme": null, "name": "Caffe Zen Quartu", "tobacco": null, "cuisine": null, "opening_hours": null, "wheelchair": null, "addr:city": null, "addr:street": null, "addr:housenumber": null, "addr:postcode": null, "phone": null, "wheelchair:description": null, "source": null, "wifi": null, "toilets:wheelchair": null, "website": null, "outdoor_seating": null, "bar": null, "check_date": null, "operator": null, "payment:bancomat": null, "payment:mastercard": null, "payment:visa": null, "payment:visa_debit": null, "toilets": null, "comment": null, "outdoor_seating:comfort": null, "payment:cash": null, "shop": null, "addr:country": null, "indoor_seating": null, "payment:credit_cards": null, "toilets:number": null, "internet_access": null, "addr:province": null, "addr:suburb": null, "internet_access:fee": null, "check_date:opening_hours": null, "opening_hours:signed": null, "air_conditioning": null, "alt_name": null, "contact:facebook": null, "delivery": null, "description": null, "diet:meat": null, "diet:vegetarian": null, "drive_through": null, "internet_access:ssid": null, "level": null, "payment:debit_cards": null, "smoking": null, "seamark:small_craft_facility:category": null, "seamark:type": null, "sport": null, "brewery": null, "website:menu": null, "contact:instagram": null, "facebook": null, "name:en": null, "theme": null, "ref:vatin": null, "name:ru": null, "branch": null, "changing_table": null, "diet:vegan": null, "highchair": null, "email": null, "contact:phone": null, "takeaway": null, "baby_feeding": null, "kids_area": null, "toilets:access": null, "building": null }, "geometry": { "type": "Point", "coordinates": [ 9.1673434, 39.207981 ] } },
{ "type": "Feature", "properties": { "element": "node", "id": 1482298614, "amenity": "cafe", "fixme": null, "name": "Evergreen Cafe", "tobacco": null, "cuisine": null, "opening_hours": null, "wheelchair": null, "addr:city": null, "addr:street": null, "addr:housenumber": null, "addr:postcode": null, "phone": null, "wheelchair:description": null, "source": null, "wifi": null, "toilets:wheelchair": null, "website": null, "outdoor_seating": null, "bar": null, "check_date": null, "operator": null, "payment:bancomat": null, "payment:mastercard": null, "payment:visa": null, "payment:visa_debit": null, "toilets": null, "comment": null, "outdoor_seating:comfort": null, "payment:cash": null, "shop": null, "addr:country": null, "indoor_seating": null, "payment:credit_cards": null, "toilets:number": null, "internet_access": null, "addr:province": null, "addr:suburb": null, "internet_access:fee": null, "check_date:opening_hours": null, "opening_hours:signed": null, "air_conditioning": null, "alt_name": null, "contact:facebook": null, "delivery": null, "description": null, "diet:meat": null, "diet:vegetarian": null, "drive_through": null, "internet_access:ssid": null, "level": null, "payment:debit_cards": null, "smoking": null, "seamark:small_craft_facility:category": null, "seamark:type": null, "sport": null, "brewery": null, "website:menu": null, "contact:instagram": null, "facebook": null, "name:en": null, "theme": null, "ref:vatin": null, "name:ru": null, "branch": null, "changing_table": null, "diet:vegan": null, "highchair": null, "email": null, "contact:phone": null, "takeaway": null, "baby_feeding": null, "kids_area": null, "toilets:access": null, "building": null }, "geometry": { "type": "Point", "coordinates": [ 9.1133453, 39.2299487 ] } },
{ "type": "Feature", "properties": { "element": "node", "id": 1482298616, "amenity": "cafe", "fixme": null, "name": "Web Café", "tobacco": null, "cuisine": null, "opening_hours": "Mo-Sa 07:00-21:00", "wheelchair": "no", "addr:city": null, "addr:street": null, "addr:housenumber": null, "addr:postcode": null, "phone": null, "wheelchair:description": null, "source": null, "wifi": null, "toilets:wheelchair": null, "website": null, "outdoor_seating": null, "bar": null, "check_date": null, "operator": null, "payment:bancomat": null, "payment:mastercard": null, "payment:visa": null, "payment:visa_debit": null, "toilets": null, "comment": null, "outdoor_seating:comfort": null, "payment:cash": null, "shop": null, "addr:country": null, "indoor_seating": null, "payment:credit_cards": null, "toilets:number": null, "internet_access": null, "addr:province": null, "addr:suburb": null, "internet_access:fee": null, "check_date:opening_hours": null, "opening_hours:signed": null, "air_conditioning": null, "alt_name": null, "contact:facebook": null, "delivery": null, "description": null, "diet:meat": null, "diet:vegetarian": null, "drive_through": null, "internet_access:ssid": null, "level": null, "payment:debit_cards": null, "smoking": null, "seamark:small_craft_facility:category": null, "seamark:type": null, "sport": null, "brewery": null, "website:menu": null, "contact:instagram": null, "facebook": null, "name:en": null, "theme": null, "ref:vatin": null, "name:ru": null, "branch": null, "changing_table": null, "diet:vegan": null, "highchair": null, "email": null, "contact:phone": null, "takeaway": null, "baby_feeding": null, "kids_area": null, "toilets:access": null, "building": null }, "geometry": { "type": "Point", "coordinates": [ 9.1109795, 39.2283614 ] } },
{ "type": "Feature", "properties": { "element": "node", "id": 1482298620, "amenity": "cafe", "fixme": null, "name": "Bar Aurora", "tobacco": null, "cuisine": "italian", "opening_hours": null, "wheelchair": "limited", "addr:city": "Cagliari", "addr:street": "Via Domenico Alberto Azuni", "addr:housenumber": null, "addr:postcode": null, "phone": null, "wheelchair:description": null, "source": null, "wifi": null, "toilets:wheelchair": null, "website": null, "outdoor_seating": null, "bar": null, "check_date": null, "operator": null, "payment:bancomat": null, "payment:mastercard": null, "payment:visa": null, "payment:visa_debit": null, "toilets": null, "comment": null, "outdoor_seating:comfort": null, "payment:cash": null, "shop": null, "addr:country": null, "indoor_seating": null, "payment:credit_cards": null, "toilets:number": null, "internet_access": null, "addr:province": null, "addr:suburb": null, "internet_access:fee": null, "check_date:opening_hours": null, "opening_hours:signed": null, "air_conditioning": null, "alt_name": null, "contact:facebook": null, "delivery": null, "description": null, "diet:meat": null, "diet:vegetarian": null, "drive_through": null, "internet_access:ssid": null, "level": null, "payment:debit_cards": null, "smoking": null, "seamark:small_craft_facility:category": null, "seamark:type": null, "sport": null, "brewery": null, "website:menu": null, "contact:instagram": null, "facebook": null, "name:en": null, "theme": null, "ref:vatin": null, "name:ru": null, "branch": null, "changing_table": null, "diet:vegan": null, "highchair": null, "email": null, "contact:phone": null, "takeaway": null, "baby_feeding": null, "kids_area": null, "toilets:access": null, "building": null }, "geometry": { "type": "Point", "coordinates": [ 9.1130475, 39.2181611 ] } },
{ "type": "Feature", "properties": { "element": "node", "id": 1634583275, "amenity": "cafe", "fixme": null, "name": null, "tobacco": null, "cuisine": null, "opening_hours": null, "wheelchair": null, "addr:city": null, "addr:street": null, "addr:housenumber": null, "addr:postcode": null, "phone": null, "wheelchair:description": null, "source": null, "wifi": null, "toilets:wheelchair": null, "website": null, "outdoor_seating": null, "bar": null, "check_date": null, "operator": null, "payment:bancomat": null, "payment:mastercard": null, "payment:visa": null, "payment:visa_debit": null, "toilets": null, "comment": null, "outdoor_seating:comfort": null, "payment:cash": null, "shop": null, "addr:country": null, "indoor_seating": null, "payment:credit_cards": null, "toilets:number": null, "internet_access": null, "addr:province": null, "addr:suburb": null, "internet_access:fee": null, "check_date:opening_hours": null, "opening_hours:signed": null, "air_conditioning": null, "alt_name": null, "contact:facebook": null, "delivery": null, "description": null, "diet:meat": null, "diet:vegetarian": null, "drive_through": null, "internet_access:ssid": null, "level": null, "payment:debit_cards": null, "smoking": null, "seamark:small_craft_facility:category": null, "seamark:type": null, "sport": null, "brewery": null, "website:menu": null, "contact:instagram": null, "facebook": null, "name:en": null, "theme": null, "ref:vatin": null, "name:ru": null, "branch": null, "changing_table": null, "diet:vegan": null, "highchair": null, "email": null, "contact:phone": null, "takeaway": null, "baby_feeding": null, "kids_area": null, "toilets:access": null, "building": null }, "geometry": { "type": "Point", "coordinates": [ 9.1398076, 39.2468521 ] } },
{ "type": "Feature", "properties": { "element": "node", "id": 1684954954, "amenity": "cafe", "fixme": null, "name": "New Music Bar", "tobacco": null, "cuisine": null, "opening_hours": null, "wheelchair": null, "addr:city": null, "addr:street": null, "addr:housenumber": null, "addr:postcode": null, "phone": null, "wheelchair:description": null, "source": null, "wifi": null, "toilets:wheelchair": null, "website": null, "outdoor_seating": null, "bar": null, "check_date": null, "operator": null, "payment:bancomat": null, "payment:mastercard": null, "payment:visa": null, "payment:visa_debit": null, "toilets": null, "comment": null, "outdoor_seating:comfort": null, "payment:cash": null, "shop": null, "addr:country": null, "indoor_seating": null, "payment:credit_cards": null, "toilets:number": null, "internet_access": null, "addr:province": null, "addr:suburb": null, "internet_access:fee": null, "check_date:opening_hours": null, "opening_hours:signed": null, "air_conditioning": null, "alt_name": null, "contact:facebook": null, "delivery": null, "description": null, "diet:meat": null, "diet:vegetarian": null, "drive_through": null, "internet_access:ssid": null, "level": null, "payment:debit_cards": null, "smoking": null, "seamark:small_craft_facility:category": null, "seamark:type": null, "sport": null, "brewery": null, "website:menu": null, "contact:instagram": null, "facebook": null, "name:en": null, "theme": null, "ref:vatin": null, "name:ru": null, "branch": null, "changing_table": null, "diet:vegan": null, "highchair": null, "email": null, "contact:phone": null, "takeaway": null, "baby_feeding": null, "kids_area": null, "toilets:access": null, "building": null }, "geometry": { "type": "Point", "coordinates": [ 9.1485152, 39.1991287 ] } },
{ "type": "Feature", "properties": { "element": "node", "id": 1684955495, "amenity": "cafe", "fixme": null, "name": "De Curtis", "tobacco": null, "cuisine": null, "opening_hours": null, "wheelchair": null, "addr:city": null, "addr:street": null, "addr:housenumber": null, "addr:postcode": null, "phone": null, "wheelchair:description": null, "source": null, "wifi": null, "toilets:wheelchair": null, "website": null, "outdoor_seating": null, "bar": null, "check_date": null, "operator": null, "payment:bancomat": null, "payment:mastercard": null, "payment:visa": null, "payment:visa_debit": null, "toilets": null, "comment": null, "outdoor_seating:comfort": null, "payment:cash": null, "shop": null, "addr:country": null, "indoor_seating": null, "payment:credit_cards": null, "toilets:number": null, "internet_access": null, "addr:province": null, "addr:suburb": null, "internet_access:fee": null, "check_date:opening_hours": null, "opening_hours:signed": null, "air_conditioning": null, "alt_name": null, "contact:facebook": null, "delivery": null, "description": null, "diet:meat": null, "diet:vegetarian": null, "drive_through": null, "internet_access:ssid": null, "level": null, "payment:debit_cards": null, "smoking": null, "seamark:small_craft_facility:category": null, "seamark:type": null, "sport": null, "brewery": null, "website:menu": null, "contact:instagram": null, "facebook": null, "name:en": null, "theme": null, "ref:vatin": null, "name:ru": null, "branch": null, "changing_table": null, "diet:vegan": null, "highchair": null, "email": null, "contact:phone": null, "takeaway": null, "baby_feeding": null, "kids_area": null, "toilets:access": null, "building": null }, "geometry": { "type": "Point", "coordinates": [ 9.1485366, 39.2006751 ] } },
{ "type": "Feature", "properties": { "element": "node", "id": 1684957468, "amenity": "cafe", "fixme": null, "name": null, "tobacco": null, "cuisine": null, "opening_hours": null, "wheelchair": null, "addr:city": null, "addr:street": null, "addr:housenumber": null, "addr:postcode": null, "phone": null, "wheelchair:description": null, "source": null, "wifi": null, "toilets:wheelchair": null, "website": null, "outdoor_seating": null, "bar": null, "check_date": null, "operator": null, "payment:bancomat": null, "payment:mastercard": null, "payment:visa": null, "payment:visa_debit": null, "toilets": null, "comment": null, "outdoor_seating:comfort": null, "payment:cash": null, "shop": null, "addr:country": null, "indoor_seating": null, "payment:credit_cards": null, "toilets:number": null, "internet_access": null, "addr:province": null, "addr:suburb": null, "internet_access:fee": null, "check_date:opening_hours": null, "opening_hours:signed": null, "air_conditioning": null, "alt_name": null, "contact:facebook": null, "delivery": null, "description": null, "diet:meat": null, "diet:vegetarian": null, "drive_through": null, "internet_access:ssid": null, "level": null, "payment:debit_cards": null, "smoking": null, "seamark:small_craft_facility:category": null, "seamark:type": null, "sport": null, "brewery": null, "website:menu": null, "contact:instagram": null, "facebook": null, "name:en": null, "theme": null, "ref:vatin": null, "name:ru": null, "branch": null, "changing_table": null, "diet:vegan": null, "highchair": null, "email": null, "contact:phone": null, "takeaway": null, "baby_feeding": null, "kids_area": null, "toilets:access": null, "building": null }, "geometry": { "type": "Point", "coordinates": [ 9.151648, 39.1964348 ] } },
{ "type": "Feature", "properties": { "element": "node", "id": 1698403337, "amenity": "cafe", "fixme": null, "name": null, "tobacco": null, "cuisine": null, "opening_hours": null, "wheelchair": null, "addr:city": null, "addr:street": null, "addr:housenumber": null, "addr:postcode": null, "phone": null, "wheelchair:description": null, "source": null, "wifi": null, "toilets:wheelchair": null, "website": null, "outdoor_seating": null, "bar": null, "check_date": null, "operator": null, "payment:bancomat": null, "payment:mastercard": null, "payment:visa": null, "payment:visa_debit": null, "toilets": null, "comment": null, "outdoor_seating:comfort": null, "payment:cash": null, "shop": null, "addr:country": null, "indoor_seating": null, "payment:credit_cards": null, "toilets:number": null, "internet_access": null, "addr:province": null, "addr:suburb": null, "internet_access:fee": null, "check_date:opening_hours": null, "opening_hours:signed": null, "air_conditioning": null, "alt_name": null, "contact:facebook": null, "delivery": null, "description": null, "diet:meat": null, "diet:vegetarian": null, "drive_through": null, "internet_access:ssid": null, "level": null, "payment:debit_cards": null, "smoking": null, "seamark:small_craft_facility:category": null, "seamark:type": null, "sport": null, "brewery": null, "website:menu": null, "contact:instagram": null, "facebook": null, "name:en": null, "theme": null, "ref:vatin": null, "name:ru": null, "branch": null, "changing_table": null, "diet:vegan": null, "highchair": null, "email": null, "contact:phone": null, "takeaway": null, "baby_feeding": null, "kids_area": null, "toilets:access": null, "building": null }, "geometry": { "type": "Point", "coordinates": [ 9.1299383, 39.2470895 ] } },
{ "type": "Feature", "properties": { "element": "node", "id": 1819264251, "amenity": "cafe", "fixme": null, "name": "Aurora Caffè", "tobacco": null, "cuisine": null, "opening_hours": null, "wheelchair": "limited", "addr:city": "Cagliari", "addr:street": "Viale Trieste", "addr:housenumber": "176", "addr:postcode": "09123", "phone": "+39 070 2776187", "wheelchair:description": "Piccolo scalino all'ingresso di circa 3 cm", "source": null, "wifi": null, "toilets:wheelchair": null, "website": null, "outdoor_seating": null, "bar": null, "check_date": null, "operator": null, "payment:bancomat": null, "payment:mastercard": null, "payment:visa": null, "payment:visa_debit": null, "toilets": null, "comment": null, "outdoor_seating:comfort": null, "payment:cash": null, "shop": null, "addr:country": null, "indoor_seating": null, "payment:credit_cards": null, "toilets:number": null, "internet_access": null, "addr:province": null, "addr:suburb": null, "internet_access:fee": null, "check_date:opening_hours": null, "opening_hours:signed": null, "air_conditioning": null, "alt_name": null, "contact:facebook": null, "delivery": null, "description": null, "diet:meat": null, "diet:vegetarian": null, "drive_through": null, "internet_access:ssid": null, "level": null, "payment:debit_cards": null, "smoking": null, "seamark:small_craft_facility:category": null, "seamark:type": null, "sport": null, "brewery": null, "website:menu": null, "contact:instagram": null, "facebook": null, "name:en": null, "theme": null, "ref:vatin": null, "name:ru": null, "branch": null, "changing_table": null, "diet:vegan": null, "highchair": null, "email": null, "contact:phone": null, "takeaway": null, "baby_feeding": null, "kids_area": null, "toilets:access": null, "building": null }, "geometry": { "type": "Point", "coordinates": [ 9.1011568, 39.2242249 ] } },
{ "type": "Feature", "properties": { "element": "node", "id": 1996894860, "amenity": "cafe", "fixme": null, "name": "Caffè Parioli", "tobacco": null, "cuisine": "italian", "opening_hours": null, "wheelchair": "yes", "addr:city": "Cagliari", "addr:street": "Via della Pineta", "addr:housenumber": "132", "addr:postcode": "09126", "phone": null, "wheelchair:description": null, "source": null, "wifi": null, "toilets:wheelchair": null, "website": null, "outdoor_seating": null, "bar": null, "check_date": null, "operator": null, "payment:bancomat": null, "payment:mastercard": null, "payment:visa": null, "payment:visa_debit": null, "toilets": null, "comment": null, "outdoor_seating:comfort": null, "payment:cash": null, "shop": null, "addr:country": null, "indoor_seating": null, "payment:credit_cards": null, "toilets:number": null, "internet_access": null, "addr:province": null, "addr:suburb": null, "internet_access:fee": null, "check_date:opening_hours": null, "opening_hours:signed": null, "air_conditioning": null, "alt_name": null, "contact:facebook": null, "delivery": null, "description": null, "diet:meat": null, "diet:vegetarian": null, "drive_through": null, "internet_access:ssid": null, "level": null, "payment:debit_cards": null, "smoking": null, "seamark:small_craft_facility:category": null, "seamark:type": null, "sport": null, "brewery": null, "website:menu": null, "contact:instagram": null, "facebook": null, "name:en": null, "theme": null, "ref:vatin": null, "name:ru": null, "branch": null, "changing_table": null, "diet:vegan": null, "highchair": null, "email": null, "contact:phone": null, "takeaway": null, "baby_feeding": null, "kids_area": null, "toilets:access": null, "building": null }, "geometry": { "type": "Point", "coordinates": [ 9.1344307, 39.2074222 ] } },
{ "type": "Feature", "properties": { "element": "node", "id": 2095938580, "amenity": "cafe", "fixme": null, "name": null, "tobacco": null, "cuisine": null, "opening_hours": null, "wheelchair": null, "addr:city": null, "addr:street": null, "addr:housenumber": null, "addr:postcode": null, "phone": null, "wheelchair:description": null, "source": null, "wifi": null, "toilets:wheelchair": null, "website": null, "outdoor_seating": null, "bar": null, "check_date": null, "operator": null, "payment:bancomat": null, "payment:mastercard": null, "payment:visa": null, "payment:visa_debit": null, "toilets": null, "comment": null, "outdoor_seating:comfort": null, "payment:cash": null, "shop": null, "addr:country": null, "indoor_seating": null, "payment:credit_cards": null, "toilets:number": null, "internet_access": null, "addr:province": null, "addr:suburb": null, "internet_access:fee": null, "check_date:opening_hours": null, "opening_hours:signed": null, "air_conditioning": null, "alt_name": null, "contact:facebook": null, "delivery": null, "description": null, "diet:meat": null, "diet:vegetarian": null, "drive_through": null, "internet_access:ssid": null, "level": null, "payment:debit_cards": null, "smoking": null, "seamark:small_craft_facility:category": null, "seamark:type": null, "sport": null, "brewery": null, "website:menu": null, "contact:instagram": null, "facebook": null, "name:en": null, "theme": null, "ref:vatin": null, "name:ru": null, "branch": null, "changing_table": null, "diet:vegan": null, "highchair": null, "email": null, "contact:phone": null, "takeaway": null, "baby_feeding": null, "kids_area": null, "toilets:access": null, "building": null }, "geometry": { "type": "Point", "coordinates": [ 9.1085021, 39.217045 ] } },
{ "type": "Feature", "properties": { "element": "node", "id": 2292397733, "amenity": "cafe", "fixme": null, "name": "Minibar", "tobacco": null, "cuisine": null, "opening_hours": null, "wheelchair": null, "addr:city": null, "addr:street": null, "addr:housenumber": null, "addr:postcode": null, "phone": null, "wheelchair:description": null, "source": "Yahoo imagery", "wifi": "no", "toilets:wheelchair": null, "website": null, "outdoor_seating": null, "bar": null, "check_date": null, "operator": null, "payment:bancomat": null, "payment:mastercard": null, "payment:visa": null, "payment:visa_debit": null, "toilets": null, "comment": null, "outdoor_seating:comfort": null, "payment:cash": null, "shop": null, "addr:country": null, "indoor_seating": null, "payment:credit_cards": null, "toilets:number": null, "internet_access": null, "addr:province": null, "addr:suburb": null, "internet_access:fee": null, "check_date:opening_hours": null, "opening_hours:signed": null, "air_conditioning": null, "alt_name": null, "contact:facebook": null, "delivery": null, "description": null, "diet:meat": null, "diet:vegetarian": null, "drive_through": null, "internet_access:ssid": null, "level": null, "payment:debit_cards": null, "smoking": null, "seamark:small_craft_facility:category": null, "seamark:type": null, "sport": null, "brewery": null, "website:menu": null, "contact:instagram": null, "facebook": null, "name:en": null, "theme": null, "ref:vatin": null, "name:ru": null, "branch": null, "changing_table": null, "diet:vegan": null, "highchair": null, "email": null, "contact:phone": null, "takeaway": null, "baby_feeding": null, "kids_area": null, "toilets:access": null, "building": null }, "geometry": { "type": "Point", "coordinates": [ 9.1149898, 39.2302534 ] } },
{ "type": "Feature", "properties": { "element": "node", "id": 2328813865, "amenity": "cafe", "fixme": null, "name": "Bar Nobel", "tobacco": null, "cuisine": null, "opening_hours": null, "wheelchair": null, "addr:city": "Cagliari", "addr:street": "Via Giuseppe Biasi", "addr:housenumber": "25", "addr:postcode": "09131", "phone": null, "wheelchair:description": null, "source": null, "wifi": "yes", "toilets:wheelchair": null, "website": null, "outdoor_seating": null, "bar": null, "check_date": null, "operator": null, "payment:bancomat": null, "payment:mastercard": null, "payment:visa": null, "payment:visa_debit": null, "toilets": null, "comment": null, "outdoor_seating:comfort": null, "payment:cash": null, "shop": null, "addr:country": null, "indoor_seating": null, "payment:credit_cards": null, "toilets:number": null, "internet_access": null, "addr:province": null, "addr:suburb": null, "internet_access:fee": null, "check_date:opening_hours": null, "opening_hours:signed": null, "air_conditioning": null, "alt_name": null, "contact:facebook": null, "delivery": null, "description": null, "diet:meat": null, "diet:vegetarian": null, "drive_through": null, "internet_access:ssid": null, "level": null, "payment:debit_cards": null, "smoking": null, "seamark:small_craft_facility:category": null, "seamark:type": null, "sport": null, "brewery": null, "website:menu": null, "contact:instagram": null, "facebook": null, "name:en": null, "theme": null, "ref:vatin": null, "name:ru": null, "branch": null, "changing_table": null, "diet:vegan": null, "highchair": null, "email": null, "contact:phone": null, "takeaway": null, "baby_feeding": null, "kids_area": null, "toilets:access": null, "building": null }, "geometry": { "type": "Point", "coordinates": [ 9.1261706, 39.2328677 ] } },
{ "type": "Feature", "properties": { "element": "node", "id": 2338536552, "amenity": "cafe", "fixme": null, "name": "Caffè Pruner", "tobacco": null, "cuisine": null, "opening_hours": null, "wheelchair": null, "addr:city": "Cagliari", "addr:street": "Via Santa Margherita", "addr:housenumber": null, "addr:postcode": null, "phone": null, "wheelchair:description": null, "source": null, "wifi": null, "toilets:wheelchair": null, "website": null, "outdoor_seating": null, "bar": null, "check_date": null, "operator": null, "payment:bancomat": null, "payment:mastercard": null, "payment:visa": null, "payment:visa_debit": null, "toilets": null, "comment": null, "outdoor_seating:comfort": null, "payment:cash": null, "shop": null, "addr:country": null, "indoor_seating": null, "payment:credit_cards": null, "toilets:number": null, "internet_access": null, "addr:province": null, "addr:suburb": null, "internet_access:fee": null, "check_date:opening_hours": null, "opening_hours:signed": null, "air_conditioning": null, "alt_name": null, "contact:facebook": null, "delivery": null, "description": null, "diet:meat": null, "diet:vegetarian": null, "drive_through": null, "internet_access:ssid": null, "level": null, "payment:debit_cards": null, "smoking": null, "seamark:small_craft_facility:category": null, "seamark:type": null, "sport": null, "brewery": null, "website:menu": null, "contact:instagram": null, "facebook": null, "name:en": null, "theme": null, "ref:vatin": null, "name:ru": null, "branch": null, "changing_table": null, "diet:vegan": null, "highchair": null, "email": null, "contact:phone": null, "takeaway": null, "baby_feeding": null, "kids_area": null, "toilets:access": null, "building": null }, "geometry": { "type": "Point", "coordinates": [ 9.1137074, 39.2181926 ] } },
{ "type": "Feature", "properties": { "element": "node", "id": 2338536558, "amenity": "cafe", "fixme": null, "name": "Caffè Svizzero", "tobacco": null, "cuisine": null, "opening_hours": null, "wheelchair": "no", "addr:city": "Cagliari", "addr:street": "Largo Carlo Felice di Savoia", "addr:housenumber": "6", "addr:postcode": "09124", "phone": "+39 070653784", "wheelchair:description": null, "source": null, "wifi": null, "toilets:wheelchair": "no", "website": null, "outdoor_seating": null, "bar": null, "check_date": null, "operator": null, "payment:bancomat": null, "payment:mastercard": null, "payment:visa": null, "payment:visa_debit": null, "toilets": null, "comment": null, "outdoor_seating:comfort": null, "payment:cash": null, "shop": null, "addr:country": null, "indoor_seating": null, "payment:credit_cards": null, "toilets:number": null, "internet_access": null, "addr:province": null, "addr:suburb": null, "internet_access:fee": null, "check_date:opening_hours": null, "opening_hours:signed": null, "air_conditioning": null, "alt_name": null, "contact:facebook": null, "delivery": null, "description": null, "diet:meat": null, "diet:vegetarian": null, "drive_through": null, "internet_access:ssid": null, "level": null, "payment:debit_cards": null, "smoking": null, "seamark:small_craft_facility:category": null, "seamark:type": null, "sport": null, "brewery": null, "website:menu": null, "contact:instagram": null, "facebook": null, "name:en": null, "theme": null, "ref:vatin": null, "name:ru": null, "branch": null, "changing_table": null, "diet:vegan": null, "highchair": null, "email": null, "contact:phone": null, "takeaway": null, "baby_feeding": null, "kids_area": null, "toilets:access": null, "building": null }, "geometry": { "type": "Point", "coordinates": [ 9.1111162, 39.2154063 ] } },
{ "type": "Feature", "properties": { "element": "node", "id": 2353788394, "amenity": "cafe", "fixme": null, "name": null, "tobacco": null, "cuisine": null, "opening_hours": null, "wheelchair": "yes", "addr:city": null, "addr:street": null, "addr:housenumber": null, "addr:postcode": null, "phone": null, "wheelchair:description": null, "source": null, "wifi": null, "toilets:wheelchair": null, "website": null, "outdoor_seating": null, "bar": null, "check_date": null, "operator": null, "payment:bancomat": null, "payment:mastercard": null, "payment:visa": null, "payment:visa_debit": null, "toilets": null, "comment": null, "outdoor_seating:comfort": null, "payment:cash": null, "shop": null, "addr:country": null, "indoor_seating": null, "payment:credit_cards": null, "toilets:number": null, "internet_access": null, "addr:province": null, "addr:suburb": null, "internet_access:fee": null, "check_date:opening_hours": null, "opening_hours:signed": null, "air_conditioning": null, "alt_name": null, "contact:facebook": null, "delivery": null, "description": null, "diet:meat": null, "diet:vegetarian": null, "drive_through": null, "internet_access:ssid": null, "level": null, "payment:debit_cards": null, "smoking": null, "seamark:small_craft_facility:category": null, "seamark:type": null, "sport": null, "brewery": null, "website:menu": null, "contact:instagram": null, "facebook": null, "name:en": null, "theme": null, "ref:vatin": null, "name:ru": null, "branch": null, "changing_table": null, "diet:vegan": null, "highchair": null, "email": null, "contact:phone": null, "takeaway": null, "baby_feeding": null, "kids_area": null, "toilets:access": null, "building": null }, "geometry": { "type": "Point", "coordinates": [ 9.1648237, 39.2059936 ] } },
{ "type": "Feature", "properties": { "element": "node", "id": 2433590364, "amenity": "cafe", "fixme": null, "name": "Alex Bar", "tobacco": null, "cuisine": null, "opening_hours": null, "wheelchair": null, "addr:city": null, "addr:street": null, "addr:housenumber": null, "addr:postcode": null, "phone": null, "wheelchair:description": null, "source": "Conosco personalmente", "wifi": null, "toilets:wheelchair": null, "website": null, "outdoor_seating": null, "bar": null, "check_date": null, "operator": null, "payment:bancomat": null, "payment:mastercard": null, "payment:visa": null, "payment:visa_debit": null, "toilets": null, "comment": null, "outdoor_seating:comfort": null, "payment:cash": null, "shop": null, "addr:country": null, "indoor_seating": null, "payment:credit_cards": null, "toilets:number": null, "internet_access": null, "addr:province": null, "addr:suburb": null, "internet_access:fee": null, "check_date:opening_hours": null, "opening_hours:signed": null, "air_conditioning": null, "alt_name": null, "contact:facebook": null, "delivery": null, "description": null, "diet:meat": null, "diet:vegetarian": null, "drive_through": null, "internet_access:ssid": null, "level": null, "payment:debit_cards": null, "smoking": null, "seamark:small_craft_facility:category": null, "seamark:type": null, "sport": null, "brewery": null, "website:menu": null, "contact:instagram": null, "facebook": null, "name:en": null, "theme": null, "ref:vatin": null, "name:ru": null, "branch": null, "changing_table": null, "diet:vegan": null, "highchair": null, "email": null, "contact:phone": null, "takeaway": null, "baby_feeding": null, "kids_area": null, "toilets:access": null, "building": null }, "geometry": { "type": "Point", "coordinates": [ 9.1165559, 39.2302154 ] } },
{ "type": "Feature", "properties": { "element": "node", "id": 2455190712, "amenity": "cafe", "fixme": null, "name": null, "tobacco": null, "cuisine": null, "opening_hours": null, "wheelchair": null, "addr:city": null, "addr:street": null, "addr:housenumber": null, "addr:postcode": null, "phone": null, "wheelchair:description": null, "source": null, "wifi": null, "toilets:wheelchair": null, "website": null, "outdoor_seating": null, "bar": null, "check_date": null, "operator": null, "payment:bancomat": null, "payment:mastercard": null, "payment:visa": null, "payment:visa_debit": null, "toilets": null, "comment": null, "outdoor_seating:comfort": null, "payment:cash": null, "shop": null, "addr:country": null, "indoor_seating": null, "payment:credit_cards": null, "toilets:number": null, "internet_access": null, "addr:province": null, "addr:suburb": null, "internet_access:fee": null, "check_date:opening_hours": null, "opening_hours:signed": null, "air_conditioning": null, "alt_name": null, "contact:facebook": null, "delivery": null, "description": null, "diet:meat": null, "diet:vegetarian": null, "drive_through": null, "internet_access:ssid": null, "level": null, "payment:debit_cards": null, "smoking": null, "seamark:small_craft_facility:category": null, "seamark:type": null, "sport": null, "brewery": null, "website:menu": null, "contact:instagram": null, "facebook": null, "name:en": null, "theme": null, "ref:vatin": null, "name:ru": null, "branch": null, "changing_table": null, "diet:vegan": null, "highchair": null, "email": null, "contact:phone": null, "takeaway": null, "baby_feeding": null, "kids_area": null, "toilets:access": null, "building": null }, "geometry": { "type": "Point", "coordinates": [ 9.1137484, 39.2183566 ] } },
{ "type": "Feature", "properties": { "element": "node", "id": 2512686467, "amenity": "cafe", "fixme": null, "name": "Sax by Marcella", "tobacco": null, "cuisine": null, "opening_hours": null, "wheelchair": null, "addr:city": "Cagliari", "addr:street": "Via Sassari", "addr:housenumber": null, "addr:postcode": null, "phone": null, "wheelchair:description": null, "source": null, "wifi": null, "toilets:wheelchair": null, "website": null, "outdoor_seating": null, "bar": null, "check_date": null, "operator": null, "payment:bancomat": null, "payment:mastercard": null, "payment:visa": null, "payment:visa_debit": null, "toilets": null, "comment": null, "outdoor_seating:comfort": null, "payment:cash": null, "shop": null, "addr:country": null, "indoor_seating": null, "payment:credit_cards": null, "toilets:number": null, "internet_access": null, "addr:province": null, "addr:suburb": null, "internet_access:fee": null, "check_date:opening_hours": null, "opening_hours:signed": null, "air_conditioning": null, "alt_name": null, "contact:facebook": null, "delivery": null, "description": null, "diet:meat": null, "diet:vegetarian": null, "drive_through": null, "internet_access:ssid": null, "level": null, "payment:debit_cards": null, "smoking": null, "seamark:small_craft_facility:category": null, "seamark:type": null, "sport": null, "brewery": null, "website:menu": null, "contact:instagram": null, "facebook": null, "name:en": null, "theme": null, "ref:vatin": null, "name:ru": null, "branch": null, "changing_table": null, "diet:vegan": null, "highchair": null, "email": null, "contact:phone": null, "takeaway": null, "baby_feeding": null, "kids_area": null, "toilets:access": null, "building": null }, "geometry": { "type": "Point", "coordinates": [ 9.1109452, 39.2174792 ] } },
{ "type": "Feature", "properties": { "element": "node", "id": 2519763866, "amenity": "cafe", "fixme": null, "name": "inu sardinian wine bar", "tobacco": null, "cuisine": null, "opening_hours": null, "wheelchair": null, "addr:city": "Cagliari", "addr:street": "Via Sassari", "addr:housenumber": "50", "addr:postcode": "09124", "phone": "+39 070 6670414", "wheelchair:description": null, "source": null, "wifi": null, "toilets:wheelchair": null, "website": "https://www.facebook.com/InuSardinianWineBar", "outdoor_seating": null, "bar": null, "check_date": null, "operator": null, "payment:bancomat": null, "payment:mastercard": null, "payment:visa": null, "payment:visa_debit": null, "toilets": null, "comment": null, "outdoor_seating:comfort": null, "payment:cash": null, "shop": null, "addr:country": null, "indoor_seating": null, "payment:credit_cards": null, "toilets:number": null, "internet_access": null, "addr:province": null, "addr:suburb": null, "internet_access:fee": null, "check_date:opening_hours": null, "opening_hours:signed": null, "air_conditioning": null, "alt_name": null, "contact:facebook": null, "delivery": null, "description": null, "diet:meat": null, "diet:vegetarian": null, "drive_through": null, "internet_access:ssid": null, "level": null, "payment:debit_cards": null, "smoking": null, "seamark:small_craft_facility:category": null, "seamark:type": null, "sport": null, "brewery": null, "website:menu": null, "contact:instagram": null, "facebook": null, "name:en": null, "theme": null, "ref:vatin": null, "name:ru": null, "branch": null, "changing_table": null, "diet:vegan": null, "highchair": null, "email": null, "contact:phone": null, "takeaway": null, "baby_feeding": null, "kids_area": null, "toilets:access": null, "building": null }, "geometry": { "type": "Point", "coordinates": [ 9.1102881, 39.2168376 ] } },
{ "type": "Feature", "properties": { "element": "node", "id": 2582347490, "amenity": "cafe", "fixme": null, "name": "Caffè dell'elfo", "tobacco": null, "cuisine": null, "opening_hours": null, "wheelchair": null, "addr:city": null, "addr:street": null, "addr:housenumber": null, "addr:postcode": null, "phone": null, "wheelchair:description": null, "source": null, "wifi": null, "toilets:wheelchair": null, "website": null, "outdoor_seating": null, "bar": null, "check_date": null, "operator": null, "payment:bancomat": null, "payment:mastercard": null, "payment:visa": null, "payment:visa_debit": null, "toilets": null, "comment": null, "outdoor_seating:comfort": null, "payment:cash": null, "shop": null, "addr:country": null, "indoor_seating": null, "payment:credit_cards": null, "toilets:number": null, "internet_access": null, "addr:province": null, "addr:suburb": null, "internet_access:fee": null, "check_date:opening_hours": null, "opening_hours:signed": null, "air_conditioning": null, "alt_name": null, "contact:facebook": null, "delivery": null, "description": null, "diet:meat": null, "diet:vegetarian": null, "drive_through": null, "internet_access:ssid": null, "level": null, "payment:debit_cards": null, "smoking": null, "seamark:small_craft_facility:category": null, "seamark:type": null, "sport": null, "brewery": null, "website:menu": null, "contact:instagram": null, "facebook": null, "name:en": null, "theme": null, "ref:vatin": null, "name:ru": null, "branch": null, "changing_table": null, "diet:vegan": null, "highchair": null, "email": null, "contact:phone": null, "takeaway": null, "baby_feeding": null, "kids_area": null, "toilets:access": null, "building": null }, "geometry": { "type": "Point", "coordinates": [ 9.114119, 39.2181282 ] } },
{ "type": "Feature", "properties": { "element": "node", "id": 2582351083, "amenity": "cafe", "fixme": null, "name": "Mojito", "tobacco": null, "cuisine": null, "opening_hours": null, "wheelchair": null, "addr:city": "Cagliari", "addr:street": null, "addr:housenumber": null, "addr:postcode": null, "phone": null, "wheelchair:description": null, "source": null, "wifi": null, "toilets:wheelchair": null, "website": null, "outdoor_seating": null, "bar": null, "check_date": null, "operator": null, "payment:bancomat": null, "payment:mastercard": null, "payment:visa": null, "payment:visa_debit": null, "toilets": null, "comment": null, "outdoor_seating:comfort": null, "payment:cash": null, "shop": null, "addr:country": null, "indoor_seating": null, "payment:credit_cards": null, "toilets:number": null, "internet_access": null, "addr:province": null, "addr:suburb": null, "internet_access:fee": null, "check_date:opening_hours": null, "opening_hours:signed": null, "air_conditioning": null, "alt_name": null, "contact:facebook": null, "delivery": null, "description": null, "diet:meat": null, "diet:vegetarian": null, "drive_through": null, "internet_access:ssid": null, "level": null, "payment:debit_cards": null, "smoking": null, "seamark:small_craft_facility:category": null, "seamark:type": null, "sport": null, "brewery": null, "website:menu": null, "contact:instagram": null, "facebook": null, "name:en": null, "theme": null, "ref:vatin": null, "name:ru": null, "branch": null, "changing_table": null, "diet:vegan": null, "highchair": null, "email": null, "contact:phone": null, "takeaway": null, "baby_feeding": null, "kids_area": null, "toilets:access": null, "building": null }, "geometry": { "type": "Point", "coordinates": [ 9.114341, 39.2182123 ] } },
{ "type": "Feature", "properties": { "element": "node", "id": 2715480742, "amenity": "cafe", "fixme": null, "name": "Caffè Genovese", "tobacco": null, "cuisine": null, "opening_hours": null, "wheelchair": "limited", "addr:city": "Cagliari", "addr:street": "Via Logudoro", "addr:housenumber": "29", "addr:postcode": null, "phone": null, "wheelchair:description": null, "source": null, "wifi": null, "toilets:wheelchair": null, "website": null, "outdoor_seating": null, "bar": null, "check_date": null, "operator": null, "payment:bancomat": null, "payment:mastercard": null, "payment:visa": null, "payment:visa_debit": null, "toilets": null, "comment": null, "outdoor_seating:comfort": null, "payment:cash": null, "shop": null, "addr:country": null, "indoor_seating": null, "payment:credit_cards": null, "toilets:number": null, "internet_access": null, "addr:province": null, "addr:suburb": null, "internet_access:fee": null, "check_date:opening_hours": null, "opening_hours:signed": null, "air_conditioning": null, "alt_name": null, "contact:facebook": null, "delivery": null, "description": null, "diet:meat": null, "diet:vegetarian": null, "drive_through": null, "internet_access:ssid": null, "level": null, "payment:debit_cards": null, "smoking": null, "seamark:small_craft_facility:category": null, "seamark:type": null, "sport": null, "brewery": null, "website:menu": null, "contact:instagram": null, "facebook": null, "name:en": null, "theme": null, "ref:vatin": null, "name:ru": null, "branch": null, "changing_table": null, "diet:vegan": null, "highchair": null, "email": null, "contact:phone": null, "takeaway": null, "baby_feeding": null, "kids_area": null, "toilets:access": null, "building": null }, "geometry": { "type": "Point", "coordinates": [ 9.122794, 39.2134835 ] } },
{ "type": "Feature", "properties": { "element": "node", "id": 2721613071, "amenity": "cafe", "fixme": null, "name": "Delizia", "tobacco": null, "cuisine": null, "opening_hours": null, "wheelchair": "no", "addr:city": null, "addr:street": null, "addr:housenumber": null, "addr:postcode": null, "phone": null, "wheelchair:description": null, "source": null, "wifi": null, "toilets:wheelchair": "no", "website": null, "outdoor_seating": null, "bar": null, "check_date": null, "operator": null, "payment:bancomat": null, "payment:mastercard": null, "payment:visa": null, "payment:visa_debit": null, "toilets": null, "comment": null, "outdoor_seating:comfort": null, "payment:cash": null, "shop": null, "addr:country": null, "indoor_seating": null, "payment:credit_cards": null, "toilets:number": null, "internet_access": null, "addr:province": null, "addr:suburb": null, "internet_access:fee": null, "check_date:opening_hours": null, "opening_hours:signed": null, "air_conditioning": null, "alt_name": null, "contact:facebook": null, "delivery": null, "description": null, "diet:meat": null, "diet:vegetarian": null, "drive_through": null, "internet_access:ssid": null, "level": null, "payment:debit_cards": null, "smoking": null, "seamark:small_craft_facility:category": null, "seamark:type": null, "sport": null, "brewery": null, "website:menu": null, "contact:instagram": null, "facebook": null, "name:en": null, "theme": null, "ref:vatin": null, "name:ru": null, "branch": null, "changing_table": null, "diet:vegan": null, "highchair": null, "email": null, "contact:phone": null, "takeaway": null, "baby_feeding": null, "kids_area": null, "toilets:access": null, "building": null }, "geometry": { "type": "Point", "coordinates": [ 9.1105769, 39.2156544 ] } },
{ "type": "Feature", "properties": { "element": "node", "id": 2721614590, "amenity": "cafe", "fixme": null, "name": "City Bar", "tobacco": null, "cuisine": null, "opening_hours": null, "wheelchair": "yes", "addr:city": null, "addr:street": null, "addr:housenumber": null, "addr:postcode": null, "phone": null, "wheelchair:description": null, "source": null, "wifi": null, "toilets:wheelchair": null, "website": null, "outdoor_seating": null, "bar": null, "check_date": null, "operator": null, "payment:bancomat": null, "payment:mastercard": null, "payment:visa": null, "payment:visa_debit": null, "toilets": null, "comment": null, "outdoor_seating:comfort": null, "payment:cash": null, "shop": null, "addr:country": null, "indoor_seating": null, "payment:credit_cards": null, "toilets:number": null, "internet_access": null, "addr:province": null, "addr:suburb": null, "internet_access:fee": null, "check_date:opening_hours": null, "opening_hours:signed": null, "air_conditioning": null, "alt_name": null, "contact:facebook": null, "delivery": null, "description": null, "diet:meat": null, "diet:vegetarian": null, "drive_through": null, "internet_access:ssid": null, "level": null, "payment:debit_cards": null, "smoking": null, "seamark:small_craft_facility:category": null, "seamark:type": null, "sport": null, "brewery": null, "website:menu": null, "contact:instagram": null, "facebook": null, "name:en": null, "theme": null, "ref:vatin": null, "name:ru": null, "branch": null, "changing_table": null, "diet:vegan": null, "highchair": null, "email": null, "contact:phone": null, "takeaway": null, "baby_feeding": null, "kids_area": null, "toilets:access": null, "building": null }, "geometry": { "type": "Point", "coordinates": [ 9.1115262, 39.2152523 ] } },
{ "type": "Feature", "properties": { "element": "node", "id": 2721614591, "amenity": "cafe", "fixme": null, "name": "Caffè Dettori", "tobacco": null, "cuisine": null, "opening_hours": null, "wheelchair": "no", "addr:city": null, "addr:street": null, "addr:housenumber": null, "addr:postcode": null, "phone": null, "wheelchair:description": null, "source": null, "wifi": null, "toilets:wheelchair": null, "website": null, "outdoor_seating": "yes", "bar": null, "check_date": null, "operator": null, "payment:bancomat": null, "payment:mastercard": null, "payment:visa": null, "payment:visa_debit": null, "toilets": null, "comment": null, "outdoor_seating:comfort": null, "payment:cash": null, "shop": null, "addr:country": null, "indoor_seating": null, "payment:credit_cards": null, "toilets:number": null, "internet_access": null, "addr:province": null, "addr:suburb": null, "internet_access:fee": null, "check_date:opening_hours": null, "opening_hours:signed": null, "air_conditioning": null, "alt_name": null, "contact:facebook": null, "delivery": null, "description": null, "diet:meat": null, "diet:vegetarian": null, "drive_through": null, "internet_access:ssid": null, "level": null, "payment:debit_cards": null, "smoking": null, "seamark:small_craft_facility:category": null, "seamark:type": null, "sport": null, "brewery": null, "website:menu": null, "contact:instagram": null, "facebook": null, "name:en": null, "theme": null, "ref:vatin": null, "name:ru": null, "branch": null, "changing_table": null, "diet:vegan": null, "highchair": null, "email": null, "contact:phone": null, "takeaway": null, "baby_feeding": null, "kids_area": null, "toilets:access": null, "building": null }, "geometry": { "type": "Point", "coordinates": [ 9.1137924, 39.2157546 ] } },
{ "type": "Feature", "properties": { "element": "node", "id": 2721614593, "amenity": "cafe", "fixme": null, "name": "Cafè De Candia", "tobacco": null, "cuisine": null, "opening_hours": null, "wheelchair": "limited", "addr:city": "Cagliari", "addr:street": "Via Mario De Candia", "addr:housenumber": "3", "addr:postcode": "09124", "phone": null, "wheelchair:description": null, "source": null, "wifi": null, "toilets:wheelchair": null, "website": null, "outdoor_seating": "yes", "bar": "yes", "check_date": "2023-09-02", "operator": "Makena s.r.l.", "payment:bancomat": "yes", "payment:mastercard": "yes", "payment:visa": "yes", "payment:visa_debit": "yes", "toilets": "yes", "comment": null, "outdoor_seating:comfort": null, "payment:cash": null, "shop": null, "addr:country": null, "indoor_seating": null, "payment:credit_cards": null, "toilets:number": null, "internet_access": null, "addr:province": null, "addr:suburb": null, "internet_access:fee": null, "check_date:opening_hours": null, "opening_hours:signed": null, "air_conditioning": null, "alt_name": null, "contact:facebook": null, "delivery": null, "description": null, "diet:meat": null, "diet:vegetarian": null, "drive_through": null, "internet_access:ssid": null, "level": null, "payment:debit_cards": null, "smoking": null, "seamark:small_craft_facility:category": null, "seamark:type": null, "sport": null, "brewery": null, "website:menu": null, "contact:instagram": null, "facebook": null, "name:en": null, "theme": null, "ref:vatin": null, "name:ru": null, "branch": null, "changing_table": null, "diet:vegan": null, "highchair": null, "email": null, "contact:phone": null, "takeaway": null, "baby_feeding": null, "kids_area": null, "toilets:access": null, "building": null }, "geometry": { "type": "Point", "coordinates": [ 9.1161507, 39.2166415 ] } },
{ "type": "Feature", "properties": { "element": "node", "id": 2727074583, "amenity": "cafe", "fixme": null, "name": "Moka Domus", "tobacco": null, "cuisine": null, "opening_hours": null, "wheelchair": "no", "addr:city": "Cagliari", "addr:street": "Piazza Savoia", "addr:housenumber": null, "addr:postcode": null, "phone": null, "wheelchair:description": null, "source": null, "wifi": null, "toilets:wheelchair": null, "website": null, "outdoor_seating": null, "bar": null, "check_date": null, "operator": null, "payment:bancomat": null, "payment:mastercard": null, "payment:visa": null, "payment:visa_debit": null, "toilets": null, "comment": null, "outdoor_seating:comfort": null, "payment:cash": null, "shop": null, "addr:country": null, "indoor_seating": null, "payment:credit_cards": null, "toilets:number": null, "internet_access": null, "addr:province": null, "addr:suburb": null, "internet_access:fee": null, "check_date:opening_hours": null, "opening_hours:signed": null, "air_conditioning": null, "alt_name": null, "contact:facebook": null, "delivery": null, "description": null, "diet:meat": null, "diet:vegetarian": null, "drive_through": null, "internet_access:ssid": null, "level": null, "payment:debit_cards": null, "smoking": null, "seamark:small_craft_facility:category": null, "seamark:type": null, "sport": null, "brewery": null, "website:menu": null, "contact:instagram": null, "facebook": null, "name:en": null, "theme": null, "ref:vatin": null, "name:ru": null, "branch": null, "changing_table": null, "diet:vegan": null, "highchair": null, "email": null, "contact:phone": null, "takeaway": null, "baby_feeding": null, "kids_area": null, "toilets:access": null, "building": null }, "geometry": { "type": "Point", "coordinates": [ 9.1134955, 39.2160964 ] } },
{ "type": "Feature", "properties": { "element": "node", "id": 2817246201, "amenity": "cafe", "fixme": null, "name": null, "tobacco": null, "cuisine": null, "opening_hours": null, "wheelchair": null, "addr:city": null, "addr:street": null, "addr:housenumber": null, "addr:postcode": null, "phone": null, "wheelchair:description": null, "source": null, "wifi": null, "toilets:wheelchair": null, "website": null, "outdoor_seating": null, "bar": null, "check_date": null, "operator": null, "payment:bancomat": null, "payment:mastercard": null, "payment:visa": null, "payment:visa_debit": null, "toilets": null, "comment": null, "outdoor_seating:comfort": null, "payment:cash": null, "shop": null, "addr:country": null, "indoor_seating": null, "payment:credit_cards": null, "toilets:number": null, "internet_access": null, "addr:province": null, "addr:suburb": null, "internet_access:fee": null, "check_date:opening_hours": null, "opening_hours:signed": null, "air_conditioning": null, "alt_name": null, "contact:facebook": null, "delivery": null, "description": null, "diet:meat": null, "diet:vegetarian": null, "drive_through": null, "internet_access:ssid": null, "level": null, "payment:debit_cards": null, "smoking": null, "seamark:small_craft_facility:category": null, "seamark:type": null, "sport": null, "brewery": null, "website:menu": null, "contact:instagram": null, "facebook": null, "name:en": null, "theme": null, "ref:vatin": null, "name:ru": null, "branch": null, "changing_table": null, "diet:vegan": null, "highchair": null, "email": null, "contact:phone": null, "takeaway": null, "baby_feeding": null, "kids_area": null, "toilets:access": null, "building": null }, "geometry": { "type": "Point", "coordinates": [ 9.1311726, 39.2481471 ] } },
{ "type": "Feature", "properties": { "element": "node", "id": 2924599450, "amenity": "cafe", "fixme": null, "name": "Cafè Saint Remy", "tobacco": null, "cuisine": null, "opening_hours": null, "wheelchair": "no", "addr:city": "Cagliari", "addr:street": null, "addr:housenumber": null, "addr:postcode": null, "phone": null, "wheelchair:description": null, "source": null, "wifi": null, "toilets:wheelchair": null, "website": null, "outdoor_seating": null, "bar": null, "check_date": null, "operator": null, "payment:bancomat": null, "payment:mastercard": null, "payment:visa": null, "payment:visa_debit": null, "toilets": null, "comment": null, "outdoor_seating:comfort": null, "payment:cash": null, "shop": null, "addr:country": null, "indoor_seating": null, "payment:credit_cards": null, "toilets:number": null, "internet_access": null, "addr:province": null, "addr:suburb": null, "internet_access:fee": null, "check_date:opening_hours": null, "opening_hours:signed": null, "air_conditioning": null, "alt_name": null, "contact:facebook": null, "delivery": null, "description": null, "diet:meat": null, "diet:vegetarian": null, "drive_through": null, "internet_access:ssid": null, "level": null, "payment:debit_cards": null, "smoking": null, "seamark:small_craft_facility:category": null, "seamark:type": null, "sport": null, "brewery": null, "website:menu": null, "contact:instagram": null, "facebook": null, "name:en": null, "theme": null, "ref:vatin": null, "name:ru": null, "branch": null, "changing_table": null, "diet:vegan": null, "highchair": null, "email": null, "contact:phone": null, "takeaway": null, "baby_feeding": null, "kids_area": null, "toilets:access": null, "building": null }, "geometry": { "type": "Point", "coordinates": [ 9.1164178, 39.2156748 ] } },
{ "type": "Feature", "properties": { "element": "node", "id": 3024349679, "amenity": "cafe", "fixme": null, "name": "Caffe Europa", "tobacco": null, "cuisine": null, "opening_hours": null, "wheelchair": "yes", "addr:city": null, "addr:street": "Via Grazia Deledda", "addr:housenumber": "76", "addr:postcode": null, "phone": "+39 070 682391", "wheelchair:description": null, "source": null, "wifi": null, "toilets:wheelchair": null, "website": null, "outdoor_seating": null, "bar": null, "check_date": null, "operator": null, "payment:bancomat": null, "payment:mastercard": null, "payment:visa": null, "payment:visa_debit": null, "toilets": null, "comment": "good for breakfast", "outdoor_seating:comfort": null, "payment:cash": null, "shop": null, "addr:country": null, "indoor_seating": null, "payment:credit_cards": null, "toilets:number": null, "internet_access": null, "addr:province": null, "addr:suburb": null, "internet_access:fee": null, "check_date:opening_hours": null, "opening_hours:signed": null, "air_conditioning": null, "alt_name": null, "contact:facebook": null, "delivery": null, "description": null, "diet:meat": null, "diet:vegetarian": null, "drive_through": null, "internet_access:ssid": null, "level": null, "payment:debit_cards": null, "smoking": null, "seamark:small_craft_facility:category": null, "seamark:type": null, "sport": null, "brewery": null, "website:menu": null, "contact:instagram": null, "facebook": null, "name:en": null, "theme": null, "ref:vatin": null, "name:ru": null, "branch": null, "changing_table": null, "diet:vegan": null, "highchair": null, "email": null, "contact:phone": null, "takeaway": null, "baby_feeding": null, "kids_area": null, "toilets:access": null, "building": null }, "geometry": { "type": "Point", "coordinates": [ 9.1244521, 39.2164863 ] } },
{ "type": "Feature", "properties": { "element": "node", "id": 3093280826, "amenity": "cafe", "fixme": null, "name": "Caffè Barcellona", "tobacco": null, "cuisine": null, "opening_hours": null, "wheelchair": "no", "addr:city": "Cagliari", "addr:street": null, "addr:housenumber": null, "addr:postcode": null, "phone": null, "wheelchair:description": null, "source": null, "wifi": null, "toilets:wheelchair": "no", "website": null, "outdoor_seating": "street", "bar": null, "check_date": "2023-09-10", "operator": null, "payment:bancomat": null, "payment:mastercard": null, "payment:visa": null, "payment:visa_debit": null, "toilets": null, "comment": null, "outdoor_seating:comfort": null, "payment:cash": null, "shop": null, "addr:country": null, "indoor_seating": null, "payment:credit_cards": null, "toilets:number": null, "internet_access": null, "addr:province": null, "addr:suburb": null, "internet_access:fee": null, "check_date:opening_hours": null, "opening_hours:signed": null, "air_conditioning": null, "alt_name": null, "contact:facebook": null, "delivery": null, "description": null, "diet:meat": null, "diet:vegetarian": null, "drive_through": null, "internet_access:ssid": null, "level": null, "payment:debit_cards": null, "smoking": null, "seamark:small_craft_facility:category": null, "seamark:type": null, "sport": null, "brewery": null, "website:menu": null, "contact:instagram": null, "facebook": null, "name:en": null, "theme": null, "ref:vatin": null, "name:ru": null, "branch": null, "changing_table": null, "diet:vegan": null, "highchair": null, "email": null, "contact:phone": null, "takeaway": null, "baby_feeding": null, "kids_area": null, "toilets:access": null, "building": null }, "geometry": { "type": "Point", "coordinates": [ 9.114153, 39.2155091 ] } },
{ "type": "Feature", "properties": { "element": "node", "id": 3093285329, "amenity": "cafe", "fixme": null, "name": "Al caffè di Vale & Ale", "tobacco": null, "cuisine": "italian", "opening_hours": null, "wheelchair": "no", "addr:city": "Cagliari", "addr:street": "Portico Sant'Antonio", "addr:housenumber": "6", "addr:postcode": null, "phone": null, "wheelchair:description": null, "source": null, "wifi": null, "toilets:wheelchair": null, "website": null, "outdoor_seating": "yes", "bar": null, "check_date": "2023-09-12", "operator": null, "payment:bancomat": null, "payment:mastercard": null, "payment:visa": null, "payment:visa_debit": null, "toilets": null, "comment": null, "outdoor_seating:comfort": "weather_protection", "payment:cash": "yes", "shop": null, "addr:country": null, "indoor_seating": null, "payment:credit_cards": null, "toilets:number": null, "internet_access": null, "addr:province": null, "addr:suburb": null, "internet_access:fee": null, "check_date:opening_hours": null, "opening_hours:signed": null, "air_conditioning": null, "alt_name": null, "contact:facebook": null, "delivery": null, "description": null, "diet:meat": null, "diet:vegetarian": null, "drive_through": null, "internet_access:ssid": null, "level": null, "payment:debit_cards": null, "smoking": null, "seamark:small_craft_facility:category": null, "seamark:type": null, "sport": null, "brewery": null, "website:menu": null, "contact:instagram": null, "facebook": null, "name:en": null, "theme": null, "ref:vatin": null, "name:ru": null, "branch": null, "changing_table": null, "diet:vegan": null, "highchair": null, "email": null, "contact:phone": null, "takeaway": null, "baby_feeding": null, "kids_area": null, "toilets:access": null, "building": null }, "geometry": { "type": "Point", "coordinates": [ 9.1142787, 39.2163077 ] } },
{ "type": "Feature", "properties": { "element": "node", "id": 3093285330, "amenity": "cafe", "fixme": null, "name": "Tiffany", "tobacco": null, "cuisine": null, "opening_hours": null, "wheelchair": null, "addr:city": null, "addr:street": null, "addr:housenumber": null, "addr:postcode": null, "phone": null, "wheelchair:description": null, "source": null, "wifi": null, "toilets:wheelchair": null, "website": null, "outdoor_seating": "yes", "bar": null, "check_date": null, "operator": null, "payment:bancomat": null, "payment:mastercard": null, "payment:visa": null, "payment:visa_debit": null, "toilets": null, "comment": null, "outdoor_seating:comfort": null, "payment:cash": null, "shop": null, "addr:country": null, "indoor_seating": null, "payment:credit_cards": null, "toilets:number": null, "internet_access": null, "addr:province": null, "addr:suburb": null, "internet_access:fee": null, "check_date:opening_hours": null, "opening_hours:signed": null, "air_conditioning": null, "alt_name": null, "contact:facebook": null, "delivery": null, "description": null, "diet:meat": null, "diet:vegetarian": null, "drive_through": null, "internet_access:ssid": null, "level": null, "payment:debit_cards": null, "smoking": null, "seamark:small_craft_facility:category": null, "seamark:type": null, "sport": null, "brewery": null, "website:menu": null, "contact:instagram": null, "facebook": null, "name:en": null, "theme": null, "ref:vatin": null, "name:ru": null, "branch": null, "changing_table": null, "diet:vegan": null, "highchair": null, "email": null, "contact:phone": null, "takeaway": null, "baby_feeding": null, "kids_area": null, "toilets:access": null, "building": null }, "geometry": { "type": "Point", "coordinates": [ 9.1136264, 39.2166753 ] } },
{ "type": "Feature", "properties": { "element": "node", "id": 3139863456, "amenity": "cafe", "fixme": null, "name": "Ecuador", "tobacco": null, "cuisine": null, "opening_hours": null, "wheelchair": "no", "addr:city": null, "addr:street": "Corso Vittorio Emanuele II", "addr:housenumber": "387", "addr:postcode": null, "phone": null, "wheelchair:description": null, "source": null, "wifi": null, "toilets:wheelchair": null, "website": null, "outdoor_seating": null, "bar": null, "check_date": null, "operator": null, "payment:bancomat": null, "payment:mastercard": null, "payment:visa": null, "payment:visa_debit": null, "toilets": null, "comment": null, "outdoor_seating:comfort": null, "payment:cash": null, "shop": null, "addr:country": null, "indoor_seating": null, "payment:credit_cards": null, "toilets:number": null, "internet_access": null, "addr:province": null, "addr:suburb": null, "internet_access:fee": null, "check_date:opening_hours": null, "opening_hours:signed": null, "air_conditioning": null, "alt_name": null, "contact:facebook": null, "delivery": null, "description": null, "diet:meat": null, "diet:vegetarian": null, "drive_through": null, "internet_access:ssid": null, "level": null, "payment:debit_cards": null, "smoking": null, "seamark:small_craft_facility:category": null, "seamark:type": null, "sport": null, "brewery": null, "website:menu": null, "contact:instagram": null, "facebook": null, "name:en": null, "theme": null, "ref:vatin": null, "name:ru": null, "branch": null, "changing_table": null, "diet:vegan": null, "highchair": null, "email": null, "contact:phone": null, "takeaway": null, "baby_feeding": null, "kids_area": null, "toilets:access": null, "building": null }, "geometry": { "type": "Point", "coordinates": [ 9.1072794, 39.2205963 ] } },
{ "type": "Feature", "properties": { "element": "node", "id": 3240945602, "amenity": "cafe", "fixme": null, "name": "Caffetteria Trento", "tobacco": null, "cuisine": null, "opening_hours": null, "wheelchair": null, "addr:city": "Cagliari", "addr:street": "Viale Trento", "addr:housenumber": "2", "addr:postcode": "09123", "phone": null, "wheelchair:description": null, "source": null, "wifi": null, "toilets:wheelchair": null, "website": null, "outdoor_seating": null, "bar": null, "check_date": null, "operator": null, "payment:bancomat": null, "payment:mastercard": null, "payment:visa": null, "payment:visa_debit": null, "toilets": null, "comment": null, "outdoor_seating:comfort": null, "payment:cash": null, "shop": null, "addr:country": null, "indoor_seating": null, "payment:credit_cards": null, "toilets:number": null, "internet_access": null, "addr:province": null, "addr:suburb": null, "internet_access:fee": null, "check_date:opening_hours": null, "opening_hours:signed": null, "air_conditioning": null, "alt_name": null, "contact:facebook": null, "delivery": null, "description": null, "diet:meat": null, "diet:vegetarian": null, "drive_through": null, "internet_access:ssid": null, "level": null, "payment:debit_cards": null, "smoking": null, "seamark:small_craft_facility:category": null, "seamark:type": null, "sport": null, "brewery": null, "website:menu": null, "contact:instagram": null, "facebook": null, "name:en": null, "theme": null, "ref:vatin": null, "name:ru": null, "branch": null, "changing_table": null, "diet:vegan": null, "highchair": null, "email": null, "contact:phone": null, "takeaway": null, "baby_feeding": null, "kids_area": null, "toilets:access": null, "building": null }, "geometry": { "type": "Point", "coordinates": [ 9.106178, 39.2218167 ] } },
{ "type": "Feature", "properties": { "element": "node", "id": 3260236155, "amenity": "cafe", "fixme": null, "name": null, "tobacco": null, "cuisine": null, "opening_hours": null, "wheelchair": null, "addr:city": null, "addr:street": null, "addr:housenumber": null, "addr:postcode": null, "phone": null, "wheelchair:description": null, "source": null, "wifi": null, "toilets:wheelchair": null, "website": null, "outdoor_seating": null, "bar": null, "check_date": null, "operator": null, "payment:bancomat": null, "payment:mastercard": null, "payment:visa": null, "payment:visa_debit": null, "toilets": null, "comment": null, "outdoor_seating:comfort": null, "payment:cash": null, "shop": null, "addr:country": null, "indoor_seating": null, "payment:credit_cards": null, "toilets:number": null, "internet_access": null, "addr:province": null, "addr:suburb": null, "internet_access:fee": null, "check_date:opening_hours": null, "opening_hours:signed": null, "air_conditioning": null, "alt_name": null, "contact:facebook": null, "delivery": null, "description": null, "diet:meat": null, "diet:vegetarian": null, "drive_through": null, "internet_access:ssid": null, "level": null, "payment:debit_cards": null, "smoking": null, "seamark:small_craft_facility:category": null, "seamark:type": null, "sport": null, "brewery": null, "website:menu": null, "contact:instagram": null, "facebook": null, "name:en": null, "theme": null, "ref:vatin": null, "name:ru": null, "branch": null, "changing_table": null, "diet:vegan": null, "highchair": null, "email": null, "contact:phone": null, "takeaway": null, "baby_feeding": null, "kids_area": null, "toilets:access": null, "building": null }, "geometry": { "type": "Point", "coordinates": [ 9.1329994, 39.2482394 ] } },
{ "type": "Feature", "properties": { "element": "node", "id": 3354763462, "amenity": "cafe", "fixme": null, "name": "Bar Lobina", "tobacco": null, "cuisine": null, "opening_hours": null, "wheelchair": null, "addr:city": null, "addr:street": null, "addr:housenumber": null, "addr:postcode": null, "phone": null, "wheelchair:description": null, "source": null, "wifi": null, "toilets:wheelchair": null, "website": null, "outdoor_seating": null, "bar": null, "check_date": null, "operator": null, "payment:bancomat": null, "payment:mastercard": null, "payment:visa": null, "payment:visa_debit": null, "toilets": null, "comment": null, "outdoor_seating:comfort": null, "payment:cash": null, "shop": null, "addr:country": null, "indoor_seating": null, "payment:credit_cards": null, "toilets:number": null, "internet_access": null, "addr:province": null, "addr:suburb": null, "internet_access:fee": null, "check_date:opening_hours": null, "opening_hours:signed": null, "air_conditioning": null, "alt_name": null, "contact:facebook": null, "delivery": null, "description": null, "diet:meat": null, "diet:vegetarian": null, "drive_through": null, "internet_access:ssid": null, "level": null, "payment:debit_cards": null, "smoking": null, "seamark:small_craft_facility:category": null, "seamark:type": null, "sport": null, "brewery": null, "website:menu": null, "contact:instagram": null, "facebook": null, "name:en": null, "theme": null, "ref:vatin": null, "name:ru": null, "branch": null, "changing_table": null, "diet:vegan": null, "highchair": null, "email": null, "contact:phone": null, "takeaway": null, "baby_feeding": null, "kids_area": null, "toilets:access": null, "building": null }, "geometry": { "type": "Point", "coordinates": [ 9.1128351, 39.2394396 ] } },
{ "type": "Feature", "properties": { "element": "node", "id": 3749473734, "amenity": "cafe", "fixme": null, "name": "Café Plazuela", "tobacco": null, "cuisine": null, "opening_hours": null, "wheelchair": null, "addr:city": null, "addr:street": "Piazza Carlo Alberto di Savoia", "addr:housenumber": "1", "addr:postcode": null, "phone": null, "wheelchair:description": null, "source": null, "wifi": null, "toilets:wheelchair": null, "website": null, "outdoor_seating": null, "bar": null, "check_date": null, "operator": null, "payment:bancomat": null, "payment:mastercard": null, "payment:visa": null, "payment:visa_debit": null, "toilets": null, "comment": null, "outdoor_seating:comfort": null, "payment:cash": null, "shop": null, "addr:country": null, "indoor_seating": null, "payment:credit_cards": null, "toilets:number": null, "internet_access": null, "addr:province": null, "addr:suburb": null, "internet_access:fee": null, "check_date:opening_hours": null, "opening_hours:signed": null, "air_conditioning": null, "alt_name": null, "contact:facebook": null, "delivery": null, "description": null, "diet:meat": null, "diet:vegetarian": null, "drive_through": null, "internet_access:ssid": null, "level": null, "payment:debit_cards": null, "smoking": null, "seamark:small_craft_facility:category": null, "seamark:type": null, "sport": null, "brewery": null, "website:menu": null, "contact:instagram": null, "facebook": null, "name:en": null, "theme": null, "ref:vatin": null, "name:ru": null, "branch": null, "changing_table": null, "diet:vegan": null, "highchair": null, "email": null, "contact:phone": null, "takeaway": null, "baby_feeding": null, "kids_area": null, "toilets:access": null, "building": null }, "geometry": { "type": "Point", "coordinates": [ 9.1161716, 39.2188532 ] } },
{ "type": "Feature", "properties": { "element": "node", "id": 3753835372, "amenity": "cafe", "fixme": null, "name": null, "tobacco": null, "cuisine": null, "opening_hours": null, "wheelchair": "no", "addr:city": null, "addr:street": null, "addr:housenumber": null, "addr:postcode": null, "phone": null, "wheelchair:description": null, "source": null, "wifi": null, "toilets:wheelchair": null, "website": null, "outdoor_seating": null, "bar": null, "check_date": null, "operator": null, "payment:bancomat": null, "payment:mastercard": null, "payment:visa": null, "payment:visa_debit": null, "toilets": null, "comment": null, "outdoor_seating:comfort": null, "payment:cash": null, "shop": "ice_cream", "addr:country": null, "indoor_seating": null, "payment:credit_cards": null, "toilets:number": null, "internet_access": null, "addr:province": null, "addr:suburb": null, "internet_access:fee": null, "check_date:opening_hours": null, "opening_hours:signed": null, "air_conditioning": null, "alt_name": null, "contact:facebook": null, "delivery": null, "description": null, "diet:meat": null, "diet:vegetarian": null, "drive_through": null, "internet_access:ssid": null, "level": null, "payment:debit_cards": null, "smoking": null, "seamark:small_craft_facility:category": null, "seamark:type": null, "sport": null, "brewery": null, "website:menu": null, "contact:instagram": null, "facebook": null, "name:en": null, "theme": null, "ref:vatin": null, "name:ru": null, "branch": null, "changing_table": null, "diet:vegan": null, "highchair": null, "email": null, "contact:phone": null, "takeaway": null, "baby_feeding": null, "kids_area": null, "toilets:access": null, "building": null }, "geometry": { "type": "Point", "coordinates": [ 9.1151827, 39.2188816 ] } },
{ "type": "Feature", "properties": { "element": "node", "id": 3759536115, "amenity": "cafe", "fixme": null, "name": "Bar Florio", "tobacco": null, "cuisine": null, "opening_hours": null, "wheelchair": null, "addr:city": "Cagliari", "addr:street": "Via San Domenico", "addr:housenumber": "90", "addr:postcode": null, "phone": "+39 035 27460921", "wheelchair:description": null, "source": null, "wifi": null, "toilets:wheelchair": "no", "website": null, "outdoor_seating": "yes", "bar": null, "check_date": null, "operator": null, "payment:bancomat": null, "payment:mastercard": null, "payment:visa": null, "payment:visa_debit": null, "toilets": "yes", "comment": null, "outdoor_seating:comfort": null, "payment:cash": "yes", "shop": null, "addr:country": "IT", "indoor_seating": "yes", "payment:credit_cards": "yes", "toilets:number": "1", "internet_access": null, "addr:province": null, "addr:suburb": null, "internet_access:fee": null, "check_date:opening_hours": null, "opening_hours:signed": null, "air_conditioning": null, "alt_name": null, "contact:facebook": null, "delivery": null, "description": null, "diet:meat": null, "diet:vegetarian": null, "drive_through": null, "internet_access:ssid": null, "level": null, "payment:debit_cards": null, "smoking": null, "seamark:small_craft_facility:category": null, "seamark:type": null, "sport": null, "brewery": null, "website:menu": null, "contact:instagram": null, "facebook": null, "name:en": null, "theme": null, "ref:vatin": null, "name:ru": null, "branch": null, "changing_table": null, "diet:vegan": null, "highchair": null, "email": null, "contact:phone": null, "takeaway": null, "baby_feeding": null, "kids_area": null, "toilets:access": null, "building": null }, "geometry": { "type": "Point", "coordinates": [ 9.119472, 39.2184187 ] } },
{ "type": "Feature", "properties": { "element": "node", "id": 3799051799, "amenity": "cafe", "fixme": null, "name": "Originis", "tobacco": null, "cuisine": "italian", "opening_hours": null, "wheelchair": "no", "addr:city": null, "addr:street": null, "addr:housenumber": null, "addr:postcode": null, "phone": null, "wheelchair:description": null, "source": null, "wifi": null, "toilets:wheelchair": null, "website": null, "outdoor_seating": null, "bar": null, "check_date": null, "operator": null, "payment:bancomat": null, "payment:mastercard": null, "payment:visa": null, "payment:visa_debit": null, "toilets": null, "comment": null, "outdoor_seating:comfort": null, "payment:cash": null, "shop": null, "addr:country": null, "indoor_seating": null, "payment:credit_cards": null, "toilets:number": null, "internet_access": null, "addr:province": null, "addr:suburb": null, "internet_access:fee": null, "check_date:opening_hours": null, "opening_hours:signed": null, "air_conditioning": null, "alt_name": null, "contact:facebook": null, "delivery": null, "description": null, "diet:meat": null, "diet:vegetarian": null, "drive_through": null, "internet_access:ssid": null, "level": null, "payment:debit_cards": null, "smoking": null, "seamark:small_craft_facility:category": null, "seamark:type": null, "sport": null, "brewery": null, "website:menu": null, "contact:instagram": null, "facebook": null, "name:en": null, "theme": null, "ref:vatin": null, "name:ru": null, "branch": null, "changing_table": null, "diet:vegan": null, "highchair": null, "email": null, "contact:phone": null, "takeaway": null, "baby_feeding": null, "kids_area": null, "toilets:access": null, "building": null }, "geometry": { "type": "Point", "coordinates": [ 9.1113282, 39.2156373 ] } },
{ "type": "Feature", "properties": { "element": "node", "id": 3957217768, "amenity": "cafe", "fixme": null, "name": "Siddharta Bar Caffetteria", "tobacco": null, "cuisine": null, "opening_hours": null, "wheelchair": null, "addr:city": null, "addr:street": null, "addr:housenumber": null, "addr:postcode": null, "phone": null, "wheelchair:description": null, "source": null, "wifi": null, "toilets:wheelchair": null, "website": null, "outdoor_seating": null, "bar": null, "check_date": null, "operator": null, "payment:bancomat": null, "payment:mastercard": null, "payment:visa": null, "payment:visa_debit": null, "toilets": null, "comment": null, "outdoor_seating:comfort": null, "payment:cash": null, "shop": null, "addr:country": null, "indoor_seating": null, "payment:credit_cards": null, "toilets:number": null, "internet_access": null, "addr:province": null, "addr:suburb": null, "internet_access:fee": null, "check_date:opening_hours": null, "opening_hours:signed": null, "air_conditioning": null, "alt_name": null, "contact:facebook": null, "delivery": null, "description": null, "diet:meat": null, "diet:vegetarian": null, "drive_through": null, "internet_access:ssid": null, "level": null, "payment:debit_cards": null, "smoking": null, "seamark:small_craft_facility:category": null, "seamark:type": null, "sport": null, "brewery": null, "website:menu": null, "contact:instagram": null, "facebook": null, "name:en": null, "theme": null, "ref:vatin": null, "name:ru": null, "branch": null, "changing_table": null, "diet:vegan": null, "highchair": null, "email": null, "contact:phone": null, "takeaway": null, "baby_feeding": null, "kids_area": null, "toilets:access": null, "building": null }, "geometry": { "type": "Point", "coordinates": [ 9.1250673, 39.2257018 ] } },
{ "type": "Feature", "properties": { "element": "node", "id": 3957217770, "amenity": "cafe", "fixme": null, "name": "Pasticceria Deidda", "tobacco": null, "cuisine": null, "opening_hours": null, "wheelchair": null, "addr:city": null, "addr:street": "Via Guglielmo Marconi", "addr:housenumber": "56", "addr:postcode": null, "phone": null, "wheelchair:description": null, "source": null, "wifi": null, "toilets:wheelchair": null, "website": null, "outdoor_seating": null, "bar": null, "check_date": null, "operator": null, "payment:bancomat": null, "payment:mastercard": null, "payment:visa": null, "payment:visa_debit": null, "toilets": null, "comment": null, "outdoor_seating:comfort": null, "payment:cash": null, "shop": null, "addr:country": null, "indoor_seating": null, "payment:credit_cards": null, "toilets:number": null, "internet_access": null, "addr:province": null, "addr:suburb": null, "internet_access:fee": null, "check_date:opening_hours": null, "opening_hours:signed": null, "air_conditioning": null, "alt_name": null, "contact:facebook": null, "delivery": null, "description": null, "diet:meat": null, "diet:vegetarian": null, "drive_through": null, "internet_access:ssid": null, "level": null, "payment:debit_cards": null, "smoking": null, "seamark:small_craft_facility:category": null, "seamark:type": null, "sport": null, "brewery": null, "website:menu": null, "contact:instagram": null, "facebook": null, "name:en": null, "theme": null, "ref:vatin": null, "name:ru": null, "branch": null, "changing_table": null, "diet:vegan": null, "highchair": null, "email": null, "contact:phone": null, "takeaway": null, "baby_feeding": null, "kids_area": null, "toilets:access": null, "building": null }, "geometry": { "type": "Point", "coordinates": [ 9.1303476, 39.2266546 ] } },
{ "type": "Feature", "properties": { "element": "node", "id": 4027722428, "amenity": "cafe", "fixme": null, "name": "Dulcis", "tobacco": null, "cuisine": "dessert", "opening_hours": null, "wheelchair": "no", "addr:city": null, "addr:street": null, "addr:housenumber": null, "addr:postcode": null, "phone": null, "wheelchair:description": null, "source": null, "wifi": null, "toilets:wheelchair": null, "website": null, "outdoor_seating": null, "bar": null, "check_date": null, "operator": null, "payment:bancomat": null, "payment:mastercard": null, "payment:visa": null, "payment:visa_debit": null, "toilets": null, "comment": null, "outdoor_seating:comfort": null, "payment:cash": null, "shop": null, "addr:country": null, "indoor_seating": null, "payment:credit_cards": null, "toilets:number": null, "internet_access": null, "addr:province": null, "addr:suburb": null, "internet_access:fee": null, "check_date:opening_hours": null, "opening_hours:signed": null, "air_conditioning": null, "alt_name": null, "contact:facebook": null, "delivery": null, "description": null, "diet:meat": null, "diet:vegetarian": null, "drive_through": null, "internet_access:ssid": null, "level": null, "payment:debit_cards": null, "smoking": null, "seamark:small_craft_facility:category": null, "seamark:type": null, "sport": null, "brewery": null, "website:menu": null, "contact:instagram": null, "facebook": null, "name:en": null, "theme": null, "ref:vatin": null, "name:ru": null, "branch": null, "changing_table": null, "diet:vegan": null, "highchair": null, "email": null, "contact:phone": null, "takeaway": null, "baby_feeding": null, "kids_area": null, "toilets:access": null, "building": null }, "geometry": { "type": "Point", "coordinates": [ 9.1123383, 39.2148396 ] } },
{ "type": "Feature", "properties": { "element": "node", "id": 4028006691, "amenity": "cafe", "fixme": null, "name": "Caffetteria Alina", "tobacco": null, "cuisine": null, "opening_hours": "Mo-Su", "wheelchair": "limited", "addr:city": null, "addr:street": "Via Lanusei", "addr:housenumber": "77", "addr:postcode": null, "phone": null, "wheelchair:description": null, "source": null, "wifi": null, "toilets:wheelchair": "no", "website": null, "outdoor_seating": null, "bar": null, "check_date": null, "operator": null, "payment:bancomat": null, "payment:mastercard": null, "payment:visa": null, "payment:visa_debit": null, "toilets": null, "comment": null, "outdoor_seating:comfort": null, "payment:cash": null, "shop": null, "addr:country": null, "indoor_seating": null, "payment:credit_cards": null, "toilets:number": null, "internet_access": "no", "addr:province": null, "addr:suburb": null, "internet_access:fee": null, "check_date:opening_hours": null, "opening_hours:signed": null, "air_conditioning": null, "alt_name": null, "contact:facebook": null, "delivery": null, "description": null, "diet:meat": null, "diet:vegetarian": null, "drive_through": null, "internet_access:ssid": null, "level": null, "payment:debit_cards": null, "smoking": null, "seamark:small_craft_facility:category": null, "seamark:type": null, "sport": null, "brewery": null, "website:menu": null, "contact:instagram": null, "facebook": null, "name:en": null, "theme": null, "ref:vatin": null, "name:ru": null, "branch": null, "changing_table": null, "diet:vegan": null, "highchair": null, "email": null, "contact:phone": null, "takeaway": null, "baby_feeding": null, "kids_area": null, "toilets:access": null, "building": null }, "geometry": { "type": "Point", "coordinates": [ 9.1191454, 39.21355 ] } },
{ "type": "Feature", "properties": { "element": "node", "id": 4028007321, "amenity": "cafe", "fixme": null, "name": "Ic kone", "tobacco": null, "cuisine": null, "opening_hours": null, "wheelchair": null, "addr:city": null, "addr:street": null, "addr:housenumber": null, "addr:postcode": null, "phone": null, "wheelchair:description": null, "source": null, "wifi": null, "toilets:wheelchair": null, "website": null, "outdoor_seating": null, "bar": null, "check_date": null, "operator": null, "payment:bancomat": null, "payment:mastercard": null, "payment:visa": null, "payment:visa_debit": null, "toilets": null, "comment": null, "outdoor_seating:comfort": null, "payment:cash": null, "shop": null, "addr:country": null, "indoor_seating": null, "payment:credit_cards": null, "toilets:number": null, "internet_access": null, "addr:province": null, "addr:suburb": null, "internet_access:fee": null, "check_date:opening_hours": null, "opening_hours:signed": null, "air_conditioning": null, "alt_name": null, "contact:facebook": null, "delivery": null, "description": null, "diet:meat": null, "diet:vegetarian": null, "drive_through": null, "internet_access:ssid": null, "level": null, "payment:debit_cards": null, "smoking": null, "seamark:small_craft_facility:category": null, "seamark:type": null, "sport": null, "brewery": null, "website:menu": null, "contact:instagram": null, "facebook": null, "name:en": null, "theme": null, "ref:vatin": null, "name:ru": null, "branch": null, "changing_table": null, "diet:vegan": null, "highchair": null, "email": null, "contact:phone": null, "takeaway": null, "baby_feeding": null, "kids_area": null, "toilets:access": null, "building": null }, "geometry": { "type": "Point", "coordinates": [ 9.1172379, 39.2118641 ] } },
{ "type": "Feature", "properties": { "element": "node", "id": 4028059589, "amenity": "cafe", "fixme": null, "name": null, "tobacco": null, "cuisine": null, "opening_hours": null, "wheelchair": null, "addr:city": null, "addr:street": null, "addr:housenumber": null, "addr:postcode": null, "phone": null, "wheelchair:description": null, "source": null, "wifi": null, "toilets:wheelchair": null, "website": null, "outdoor_seating": null, "bar": null, "check_date": null, "operator": null, "payment:bancomat": null, "payment:mastercard": null, "payment:visa": null, "payment:visa_debit": null, "toilets": null, "comment": null, "outdoor_seating:comfort": null, "payment:cash": null, "shop": null, "addr:country": null, "indoor_seating": null, "payment:credit_cards": null, "toilets:number": null, "internet_access": null, "addr:province": null, "addr:suburb": null, "internet_access:fee": null, "check_date:opening_hours": null, "opening_hours:signed": null, "air_conditioning": null, "alt_name": null, "contact:facebook": null, "delivery": null, "description": null, "diet:meat": null, "diet:vegetarian": null, "drive_through": null, "internet_access:ssid": null, "level": null, "payment:debit_cards": null, "smoking": null, "seamark:small_craft_facility:category": null, "seamark:type": null, "sport": null, "brewery": null, "website:menu": null, "contact:instagram": null, "facebook": null, "name:en": null, "theme": null, "ref:vatin": null, "name:ru": null, "branch": null, "changing_table": null, "diet:vegan": null, "highchair": null, "email": null, "contact:phone": null, "takeaway": null, "baby_feeding": null, "kids_area": null, "toilets:access": null, "building": null }, "geometry": { "type": "Point", "coordinates": [ 9.1189433, 39.2113054 ] } },
{ "type": "Feature", "properties": { "element": "node", "id": 4054004906, "amenity": "cafe", "fixme": null, "name": null, "tobacco": null, "cuisine": null, "opening_hours": null, "wheelchair": "no", "addr:city": null, "addr:street": null, "addr:housenumber": null, "addr:postcode": null, "phone": null, "wheelchair:description": null, "source": null, "wifi": null, "toilets:wheelchair": null, "website": null, "outdoor_seating": "yes", "bar": null, "check_date": null, "operator": null, "payment:bancomat": null, "payment:mastercard": null, "payment:visa": null, "payment:visa_debit": null, "toilets": null, "comment": null, "outdoor_seating:comfort": null, "payment:cash": null, "shop": null, "addr:country": null, "indoor_seating": null, "payment:credit_cards": null, "toilets:number": null, "internet_access": null, "addr:province": null, "addr:suburb": null, "internet_access:fee": null, "check_date:opening_hours": null, "opening_hours:signed": null, "air_conditioning": null, "alt_name": null, "contact:facebook": null, "delivery": null, "description": null, "diet:meat": null, "diet:vegetarian": null, "drive_through": null, "internet_access:ssid": null, "level": null, "payment:debit_cards": null, "smoking": null, "seamark:small_craft_facility:category": null, "seamark:type": null, "sport": null, "brewery": null, "website:menu": null, "contact:instagram": null, "facebook": null, "name:en": null, "theme": null, "ref:vatin": null, "name:ru": null, "branch": null, "changing_table": null, "diet:vegan": null, "highchair": null, "email": null, "contact:phone": null, "takeaway": null, "baby_feeding": null, "kids_area": null, "toilets:access": null, "building": null }, "geometry": { "type": "Point", "coordinates": [ 9.1149878, 39.2188918 ] } },
{ "type": "Feature", "properties": { "element": "node", "id": 4121634284, "amenity": "cafe", "fixme": null, "name": "Twist", "tobacco": null, "cuisine": null, "opening_hours": null, "wheelchair": "yes", "addr:city": null, "addr:street": null, "addr:housenumber": null, "addr:postcode": null, "phone": null, "wheelchair:description": null, "source": null, "wifi": null, "toilets:wheelchair": "yes", "website": null, "outdoor_seating": null, "bar": null, "check_date": null, "operator": null, "payment:bancomat": null, "payment:mastercard": null, "payment:visa": null, "payment:visa_debit": null, "toilets": null, "comment": null, "outdoor_seating:comfort": null, "payment:cash": null, "shop": null, "addr:country": null, "indoor_seating": null, "payment:credit_cards": null, "toilets:number": null, "internet_access": null, "addr:province": null, "addr:suburb": null, "internet_access:fee": null, "check_date:opening_hours": null, "opening_hours:signed": null, "air_conditioning": null, "alt_name": null, "contact:facebook": null, "delivery": null, "description": null, "diet:meat": null, "diet:vegetarian": null, "drive_through": null, "internet_access:ssid": null, "level": null, "payment:debit_cards": null, "smoking": null, "seamark:small_craft_facility:category": null, "seamark:type": null, "sport": null, "brewery": null, "website:menu": null, "contact:instagram": null, "facebook": null, "name:en": null, "theme": null, "ref:vatin": null, "name:ru": null, "branch": null, "changing_table": null, "diet:vegan": null, "highchair": null, "email": null, "contact:phone": null, "takeaway": null, "baby_feeding": null, "kids_area": null, "toilets:access": null, "building": null }, "geometry": { "type": "Point", "coordinates": [ 9.1655414, 39.2063151 ] } },
{ "type": "Feature", "properties": { "element": "node", "id": 4139163082, "amenity": "cafe", "fixme": null, "name": "Le Streghe", "tobacco": null, "cuisine": null, "opening_hours": "Tu-Sa 12:00-24:00, Su 19:00-24:00", "wheelchair": null, "addr:city": "Cagliari", "addr:street": "Via Antonio Giovanni Piccioni", "addr:housenumber": "12", "addr:postcode": "09127", "phone": null, "wheelchair:description": null, "source": null, "wifi": null, "toilets:wheelchair": null, "website": null, "outdoor_seating": null, "bar": null, "check_date": null, "operator": null, "payment:bancomat": null, "payment:mastercard": null, "payment:visa": null, "payment:visa_debit": null, "toilets": null, "comment": null, "outdoor_seating:comfort": null, "payment:cash": null, "shop": null, "addr:country": "IT", "indoor_seating": null, "payment:credit_cards": null, "toilets:number": null, "internet_access": null, "addr:province": "Cagliari", "addr:suburb": "Villanova", "internet_access:fee": null, "check_date:opening_hours": null, "opening_hours:signed": null, "air_conditioning": null, "alt_name": null, "contact:facebook": null, "delivery": null, "description": null, "diet:meat": null, "diet:vegetarian": null, "drive_through": null, "internet_access:ssid": null, "level": null, "payment:debit_cards": null, "smoking": null, "seamark:small_craft_facility:category": null, "seamark:type": null, "sport": null, "brewery": null, "website:menu": null, "contact:instagram": null, "facebook": null, "name:en": null, "theme": null, "ref:vatin": null, "name:ru": null, "branch": null, "changing_table": null, "diet:vegan": null, "highchair": null, "email": null, "contact:phone": null, "takeaway": null, "baby_feeding": null, "kids_area": null, "toilets:access": null, "building": null }, "geometry": { "type": "Point", "coordinates": [ 9.1182683, 39.2172739 ] } },
{ "type": "Feature", "properties": { "element": "node", "id": 4228863349, "amenity": "cafe", "fixme": null, "name": "Moka Domns Cafe", "tobacco": null, "cuisine": null, "opening_hours": null, "wheelchair": null, "addr:city": "Cagliari", "addr:street": "Via Fontana Raminosa", "addr:housenumber": "1", "addr:postcode": null, "phone": null, "wheelchair:description": null, "source": "Regione Autonoma della Sardegna (www.sardegnageoportale.it)", "wifi": null, "toilets:wheelchair": null, "website": null, "outdoor_seating": null, "bar": null, "check_date": null, "operator": null, "payment:bancomat": null, "payment:mastercard": null, "payment:visa": null, "payment:visa_debit": null, "toilets": null, "comment": null, "outdoor_seating:comfort": null, "payment:cash": null, "shop": null, "addr:country": null, "indoor_seating": null, "payment:credit_cards": null, "toilets:number": null, "internet_access": null, "addr:province": null, "addr:suburb": null, "internet_access:fee": null, "check_date:opening_hours": null, "opening_hours:signed": null, "air_conditioning": null, "alt_name": null, "contact:facebook": null, "delivery": null, "description": null, "diet:meat": null, "diet:vegetarian": null, "drive_through": null, "internet_access:ssid": null, "level": null, "payment:debit_cards": null, "smoking": null, "seamark:small_craft_facility:category": null, "seamark:type": null, "sport": null, "brewery": null, "website:menu": null, "contact:instagram": null, "facebook": null, "name:en": null, "theme": null, "ref:vatin": null, "name:ru": null, "branch": null, "changing_table": null, "diet:vegan": null, "highchair": null, "email": null, "contact:phone": null, "takeaway": null, "baby_feeding": null, "kids_area": null, "toilets:access": null, "building": null }, "geometry": { "type": "Point", "coordinates": [ 9.1058273, 39.2373395 ] } },
{ "type": "Feature", "properties": { "element": "node", "id": 4228879586, "amenity": "cafe", "fixme": null, "name": "Caffe Colombia", "tobacco": null, "cuisine": null, "opening_hours": "Mo-Su 05:00-20:00", "wheelchair": null, "addr:city": "Cagliari", "addr:street": "Via Is Mirrionis", "addr:housenumber": "103c", "addr:postcode": null, "phone": null, "wheelchair:description": null, "source": "Regione Autonoma della Sardegna (www.sardegnageoportale.it)", "wifi": null, "toilets:wheelchair": null, "website": null, "outdoor_seating": null, "bar": null, "check_date": null, "operator": null, "payment:bancomat": null, "payment:mastercard": null, "payment:visa": null, "payment:visa_debit": null, "toilets": null, "comment": null, "outdoor_seating:comfort": null, "payment:cash": null, "shop": null, "addr:country": null, "indoor_seating": null, "payment:credit_cards": null, "toilets:number": null, "internet_access": null, "addr:province": null, "addr:suburb": null, "internet_access:fee": null, "check_date:opening_hours": null, "opening_hours:signed": null, "air_conditioning": null, "alt_name": null, "contact:facebook": null, "delivery": null, "description": null, "diet:meat": null, "diet:vegetarian": null, "drive_through": null, "internet_access:ssid": null, "level": null, "payment:debit_cards": null, "smoking": null, "seamark:small_craft_facility:category": null, "seamark:type": null, "sport": null, "brewery": null, "website:menu": null, "contact:instagram": null, "facebook": null, "name:en": null, "theme": null, "ref:vatin": null, "name:ru": null, "branch": null, "changing_table": null, "diet:vegan": null, "highchair": null, "email": null, "contact:phone": null, "takeaway": null, "baby_feeding": null, "kids_area": null, "toilets:access": null, "building": null }, "geometry": { "type": "Point", "coordinates": [ 9.1084654, 39.2360459 ] } },
{ "type": "Feature", "properties": { "element": "node", "id": 4228917345, "amenity": "cafe", "fixme": null, "name": "Bar sotto il mare", "tobacco": null, "cuisine": null, "opening_hours": null, "wheelchair": null, "addr:city": "Cagliari", "addr:street": "Via Campidano;Via Emilio Pirastu", "addr:housenumber": "12;5", "addr:postcode": "09125", "phone": null, "wheelchair:description": null, "source": "Regione Autonoma della Sardegna (www.sardegnageoportale.it)", "wifi": null, "toilets:wheelchair": null, "website": null, "outdoor_seating": "no", "bar": null, "check_date": null, "operator": null, "payment:bancomat": null, "payment:mastercard": null, "payment:visa": null, "payment:visa_debit": null, "toilets": null, "comment": null, "outdoor_seating:comfort": null, "payment:cash": null, "shop": null, "addr:country": null, "indoor_seating": null, "payment:credit_cards": null, "toilets:number": null, "internet_access": "yes", "addr:province": null, "addr:suburb": null, "internet_access:fee": "customers", "check_date:opening_hours": null, "opening_hours:signed": null, "air_conditioning": null, "alt_name": null, "contact:facebook": null, "delivery": null, "description": null, "diet:meat": null, "diet:vegetarian": null, "drive_through": null, "internet_access:ssid": null, "level": null, "payment:debit_cards": null, "smoking": null, "seamark:small_craft_facility:category": null, "seamark:type": null, "sport": null, "brewery": null, "website:menu": null, "contact:instagram": null, "facebook": null, "name:en": null, "theme": null, "ref:vatin": null, "name:ru": null, "branch": null, "changing_table": null, "diet:vegan": null, "highchair": null, "email": null, "contact:phone": null, "takeaway": null, "baby_feeding": null, "kids_area": null, "toilets:access": null, "building": null }, "geometry": { "type": "Point", "coordinates": [ 9.1167906, 39.2109252 ] } },
{ "type": "Feature", "properties": { "element": "node", "id": 4228944510, "amenity": "cafe", "fixme": null, "name": "Il miraggio", "tobacco": null, "cuisine": null, "opening_hours": null, "wheelchair": "yes", "addr:city": "Cagliari", "addr:street": "Viale Poetto", "addr:housenumber": "115", "addr:postcode": null, "phone": null, "wheelchair:description": null, "source": "Regione Autonoma della Sardegna (www.sardegnageoportale.it)", "wifi": null, "toilets:wheelchair": "yes", "website": null, "outdoor_seating": null, "bar": null, "check_date": null, "operator": null, "payment:bancomat": null, "payment:mastercard": null, "payment:visa": null, "payment:visa_debit": null, "toilets": null, "comment": null, "outdoor_seating:comfort": null, "payment:cash": null, "shop": null, "addr:country": null, "indoor_seating": null, "payment:credit_cards": null, "toilets:number": null, "internet_access": null, "addr:province": null, "addr:suburb": null, "internet_access:fee": null, "check_date:opening_hours": null, "opening_hours:signed": null, "air_conditioning": null, "alt_name": null, "contact:facebook": null, "delivery": null, "description": null, "diet:meat": null, "diet:vegetarian": null, "drive_through": null, "internet_access:ssid": null, "level": null, "payment:debit_cards": null, "smoking": null, "seamark:small_craft_facility:category": null, "seamark:type": null, "sport": null, "brewery": null, "website:menu": null, "contact:instagram": null, "facebook": null, "name:en": null, "theme": null, "ref:vatin": null, "name:ru": null, "branch": null, "changing_table": null, "diet:vegan": null, "highchair": null, "email": null, "contact:phone": null, "takeaway": null, "baby_feeding": null, "kids_area": null, "toilets:access": null, "building": null }, "geometry": { "type": "Point", "coordinates": [ 9.1680261, 39.2085935 ] } },
{ "type": "Feature", "properties": { "element": "node", "id": 4228950167, "amenity": "cafe", "fixme": null, "name": "Moka Domns", "tobacco": null, "cuisine": null, "opening_hours": null, "wheelchair": null, "addr:city": "Cagliari", "addr:street": "Via Buggerru", "addr:housenumber": "12", "addr:postcode": null, "phone": null, "wheelchair:description": null, "source": "Regione Autonoma della Sardegna (www.sardegnageoportale.it)", "wifi": null, "toilets:wheelchair": null, "website": null, "outdoor_seating": null, "bar": null, "check_date": null, "operator": null, "payment:bancomat": null, "payment:mastercard": null, "payment:visa": null, "payment:visa_debit": null, "toilets": null, "comment": null, "outdoor_seating:comfort": null, "payment:cash": null, "shop": null, "addr:country": null, "indoor_seating": null, "payment:credit_cards": null, "toilets:number": null, "internet_access": null, "addr:province": null, "addr:suburb": null, "internet_access:fee": null, "check_date:opening_hours": null, "opening_hours:signed": null, "air_conditioning": null, "alt_name": null, "contact:facebook": null, "delivery": null, "description": null, "diet:meat": null, "diet:vegetarian": null, "drive_through": null, "internet_access:ssid": null, "level": null, "payment:debit_cards": null, "smoking": null, "seamark:small_craft_facility:category": null, "seamark:type": null, "sport": null, "brewery": null, "website:menu": null, "contact:instagram": null, "facebook": null, "name:en": null, "theme": null, "ref:vatin": null, "name:ru": null, "branch": null, "changing_table": null, "diet:vegan": null, "highchair": null, "email": null, "contact:phone": null, "takeaway": null, "baby_feeding": null, "kids_area": null, "toilets:access": null, "building": null }, "geometry": { "type": "Point", "coordinates": [ 9.1069756, 39.2376692 ] } },
{ "type": "Feature", "properties": { "element": "node", "id": 4228955162, "amenity": "cafe", "fixme": null, "name": "IQOS PREMIUM PARTNER CAGLIARI", "tobacco": null, "cuisine": "breakfast;coffee_shop;sandwich", "opening_hours": "Mo-Sa 05:30-20:30", "wheelchair": null, "addr:city": "Cagliari", "addr:street": "Via Santa Maria Chiara", "addr:housenumber": "140", "addr:postcode": null, "phone": "+39 070 505608", "wheelchair:description": null, "source": "Regione Autonoma della Sardegna (www.sardegnageoportale.it)", "wifi": null, "toilets:wheelchair": null, "website": "https://it.iqos.com/it", "outdoor_seating": null, "bar": null, "check_date": null, "operator": null, "payment:bancomat": null, "payment:mastercard": null, "payment:visa": null, "payment:visa_debit": null, "toilets": null, "comment": null, "outdoor_seating:comfort": null, "payment:cash": null, "shop": null, "addr:country": null, "indoor_seating": null, "payment:credit_cards": null, "toilets:number": null, "internet_access": null, "addr:province": null, "addr:suburb": null, "internet_access:fee": null, "check_date:opening_hours": null, "opening_hours:signed": null, "air_conditioning": null, "alt_name": null, "contact:facebook": null, "delivery": null, "description": null, "diet:meat": null, "diet:vegetarian": null, "drive_through": null, "internet_access:ssid": null, "level": null, "payment:debit_cards": null, "smoking": null, "seamark:small_craft_facility:category": null, "seamark:type": null, "sport": null, "brewery": null, "website:menu": null, "contact:instagram": null, "facebook": null, "name:en": null, "theme": null, "ref:vatin": null, "name:ru": null, "branch": null, "changing_table": null, "diet:vegan": null, "highchair": null, "email": null, "contact:phone": null, "takeaway": null, "baby_feeding": null, "kids_area": null, "toilets:access": null, "building": null }, "geometry": { "type": "Point", "coordinates": [ 9.1210693, 39.2412479 ] } },
{ "type": "Feature", "properties": { "element": "node", "id": 4228971771, "amenity": "cafe", "fixme": null, "name": "diSiGio Winebar", "tobacco": null, "cuisine": "tapas;italian", "opening_hours": null, "wheelchair": null, "addr:city": "Cagliari", "addr:street": "Via Torino", "addr:housenumber": "13", "addr:postcode": "09124", "phone": null, "wheelchair:description": null, "source": "Regione Autonoma della Sardegna (www.sardegnageoportale.it)", "wifi": null, "toilets:wheelchair": null, "website": null, "outdoor_seating": null, "bar": null, "check_date": null, "operator": null, "payment:bancomat": null, "payment:mastercard": null, "payment:visa": null, "payment:visa_debit": null, "toilets": null, "comment": null, "outdoor_seating:comfort": null, "payment:cash": null, "shop": null, "addr:country": null, "indoor_seating": null, "payment:credit_cards": null, "toilets:number": null, "internet_access": null, "addr:province": null, "addr:suburb": null, "internet_access:fee": null, "check_date:opening_hours": null, "opening_hours:signed": null, "air_conditioning": null, "alt_name": null, "contact:facebook": null, "delivery": null, "description": null, "diet:meat": null, "diet:vegetarian": null, "drive_through": null, "internet_access:ssid": null, "level": null, "payment:debit_cards": null, "smoking": null, "seamark:small_craft_facility:category": null, "seamark:type": null, "sport": null, "brewery": null, "website:menu": null, "contact:instagram": null, "facebook": null, "name:en": null, "theme": null, "ref:vatin": null, "name:ru": null, "branch": null, "changing_table": null, "diet:vegan": null, "highchair": null, "email": null, "contact:phone": null, "takeaway": null, "baby_feeding": null, "kids_area": null, "toilets:access": null, "building": null }, "geometry": { "type": "Point", "coordinates": [ 9.116183, 39.2152079 ] } },
{ "type": "Feature", "properties": { "element": "node", "id": 4228978590, "amenity": "cafe", "fixme": null, "name": "Mamù", "tobacco": null, "cuisine": null, "opening_hours": null, "wheelchair": null, "addr:city": "Cagliari", "addr:street": "Via Is Mirrionis", "addr:housenumber": "136", "addr:postcode": null, "phone": null, "wheelchair:description": null, "source": "Regione Autonoma della Sardegna (www.sardegnageoportale.it)", "wifi": null, "toilets:wheelchair": null, "website": null, "outdoor_seating": null, "bar": null, "check_date": null, "operator": null, "payment:bancomat": null, "payment:mastercard": null, "payment:visa": null, "payment:visa_debit": null, "toilets": null, "comment": null, "outdoor_seating:comfort": null, "payment:cash": null, "shop": null, "addr:country": null, "indoor_seating": null, "payment:credit_cards": null, "toilets:number": null, "internet_access": null, "addr:province": null, "addr:suburb": null, "internet_access:fee": null, "check_date:opening_hours": null, "opening_hours:signed": null, "air_conditioning": null, "alt_name": null, "contact:facebook": null, "delivery": null, "description": null, "diet:meat": null, "diet:vegetarian": null, "drive_through": null, "internet_access:ssid": null, "level": null, "payment:debit_cards": null, "smoking": null, "seamark:small_craft_facility:category": null, "seamark:type": null, "sport": null, "brewery": null, "website:menu": null, "contact:instagram": null, "facebook": null, "name:en": null, "theme": null, "ref:vatin": null, "name:ru": null, "branch": null, "changing_table": null, "diet:vegan": null, "highchair": null, "email": null, "contact:phone": null, "takeaway": null, "baby_feeding": null, "kids_area": null, "toilets:access": null, "building": null }, "geometry": { "type": "Point", "coordinates": [ 9.1031792, 39.2376747 ] } },
{ "type": "Feature", "properties": { "element": "node", "id": 4228979569, "amenity": "cafe", "fixme": null, "name": "Capitol", "tobacco": null, "cuisine": null, "opening_hours": null, "wheelchair": "no", "addr:city": "Cagliari", "addr:street": "Via Roma", "addr:housenumber": "153", "addr:postcode": null, "phone": null, "wheelchair:description": null, "source": "Regione Autonoma della Sardegna (www.sardegnageoportale.it)", "wifi": null, "toilets:wheelchair": null, "website": null, "outdoor_seating": null, "bar": null, "check_date": null, "operator": null, "payment:bancomat": null, "payment:mastercard": null, "payment:visa": null, "payment:visa_debit": null, "toilets": null, "comment": null, "outdoor_seating:comfort": null, "payment:cash": null, "shop": null, "addr:country": null, "indoor_seating": null, "payment:credit_cards": null, "toilets:number": null, "internet_access": null, "addr:province": null, "addr:suburb": null, "internet_access:fee": null, "check_date:opening_hours": null, "opening_hours:signed": null, "air_conditioning": null, "alt_name": null, "contact:facebook": null, "delivery": null, "description": null, "diet:meat": null, "diet:vegetarian": null, "drive_through": null, "internet_access:ssid": null, "level": null, "payment:debit_cards": null, "smoking": null, "seamark:small_craft_facility:category": null, "seamark:type": null, "sport": null, "brewery": null, "website:menu": null, "contact:instagram": null, "facebook": null, "name:en": null, "theme": null, "ref:vatin": null, "name:ru": null, "branch": null, "changing_table": null, "diet:vegan": null, "highchair": null, "email": null, "contact:phone": null, "takeaway": null, "baby_feeding": null, "kids_area": null, "toilets:access": null, "building": null }, "geometry": { "type": "Point", "coordinates": [ 9.1098226, 39.2156001 ] } },
{ "type": "Feature", "properties": { "element": "node", "id": 4228989968, "amenity": "cafe", "fixme": null, "name": "Il Dolce Risvegilo", "tobacco": null, "cuisine": null, "opening_hours": null, "wheelchair": null, "addr:city": "Cagliari", "addr:street": "Via Is Mirrionis", "addr:housenumber": "147", "addr:postcode": null, "phone": null, "wheelchair:description": null, "source": "Regione Autonoma della Sardegna (www.sardegnageoportale.it)", "wifi": null, "toilets:wheelchair": null, "website": null, "outdoor_seating": "no", "bar": null, "check_date": null, "operator": null, "payment:bancomat": null, "payment:mastercard": null, "payment:visa": null, "payment:visa_debit": null, "toilets": null, "comment": null, "outdoor_seating:comfort": null, "payment:cash": null, "shop": null, "addr:country": null, "indoor_seating": "yes", "payment:credit_cards": null, "toilets:number": null, "internet_access": null, "addr:province": null, "addr:suburb": null, "internet_access:fee": null, "check_date:opening_hours": "2025-06-21", "opening_hours:signed": "no", "air_conditioning": null, "alt_name": null, "contact:facebook": null, "delivery": null, "description": null, "diet:meat": null, "diet:vegetarian": null, "drive_through": null, "internet_access:ssid": null, "level": null, "payment:debit_cards": null, "smoking": null, "seamark:small_craft_facility:category": null, "seamark:type": null, "sport": null, "brewery": null, "website:menu": null, "contact:instagram": null, "facebook": null, "name:en": null, "theme": null, "ref:vatin": null, "name:ru": null, "branch": null, "changing_table": null, "diet:vegan": null, "highchair": null, "email": null, "contact:phone": null, "takeaway": null, "baby_feeding": null, "kids_area": null, "toilets:access": null, "building": null }, "geometry": { "type": "Point", "coordinates": [ 9.107614, 39.2364089 ] } },
{ "type": "Feature", "properties": { "element": "node", "id": 4229004036, "amenity": "cafe", "fixme": null, "name": "ZeroNove", "tobacco": null, "cuisine": null, "opening_hours": null, "wheelchair": null, "addr:city": "Cagliari", "addr:street": "Via Is Mirrionis", "addr:housenumber": "152a", "addr:postcode": null, "phone": null, "wheelchair:description": null, "source": "Regione Autonoma della Sardegna (www.sardegnageoportale.it)", "wifi": null, "toilets:wheelchair": null, "website": null, "outdoor_seating": null, "bar": null, "check_date": null, "operator": null, "payment:bancomat": null, "payment:mastercard": null, "payment:visa": null, "payment:visa_debit": null, "toilets": null, "comment": null, "outdoor_seating:comfort": null, "payment:cash": null, "shop": null, "addr:country": null, "indoor_seating": null, "payment:credit_cards": null, "toilets:number": null, "internet_access": null, "addr:province": null, "addr:suburb": null, "internet_access:fee": null, "check_date:opening_hours": null, "opening_hours:signed": null, "air_conditioning": null, "alt_name": null, "contact:facebook": null, "delivery": null, "description": null, "diet:meat": null, "diet:vegetarian": null, "drive_through": null, "internet_access:ssid": null, "level": null, "payment:debit_cards": null, "smoking": null, "seamark:small_craft_facility:category": null, "seamark:type": null, "sport": null, "brewery": null, "website:menu": null, "contact:instagram": null, "facebook": null, "name:en": null, "theme": null, "ref:vatin": null, "name:ru": null, "branch": null, "changing_table": null, "diet:vegan": null, "highchair": null, "email": null, "contact:phone": null, "takeaway": null, "baby_feeding": null, "kids_area": null, "toilets:access": null, "building": null }, "geometry": { "type": "Point", "coordinates": [ 9.1023081, 39.2377554 ] } },
{ "type": "Feature", "properties": { "element": "node", "id": 4229019489, "amenity": "cafe", "fixme": null, "name": "Central Station lounge bar", "tobacco": null, "cuisine": null, "opening_hours": null, "wheelchair": "yes", "addr:city": "Cagliari", "addr:street": "Via Roma", "addr:housenumber": "163", "addr:postcode": "09124", "phone": null, "wheelchair:description": null, "source": "Regione Autonoma della Sardegna (www.sardegnageoportale.it)", "wifi": null, "toilets:wheelchair": null, "website": null, "outdoor_seating": "no", "bar": null, "check_date": null, "operator": null, "payment:bancomat": null, "payment:mastercard": null, "payment:visa": null, "payment:visa_debit": null, "toilets": null, "comment": null, "outdoor_seating:comfort": null, "payment:cash": null, "shop": null, "addr:country": null, "indoor_seating": "yes", "payment:credit_cards": null, "toilets:number": null, "internet_access": null, "addr:province": null, "addr:suburb": null, "internet_access:fee": null, "check_date:opening_hours": null, "opening_hours:signed": null, "air_conditioning": null, "alt_name": null, "contact:facebook": null, "delivery": null, "description": null, "diet:meat": null, "diet:vegetarian": null, "drive_through": null, "internet_access:ssid": null, "level": null, "payment:debit_cards": null, "smoking": null, "seamark:small_craft_facility:category": null, "seamark:type": null, "sport": null, "brewery": null, "website:menu": null, "contact:instagram": null, "facebook": null, "name:en": null, "theme": null, "ref:vatin": null, "name:ru": null, "branch": null, "changing_table": null, "diet:vegan": null, "highchair": null, "email": null, "contact:phone": null, "takeaway": null, "baby_feeding": null, "kids_area": null, "toilets:access": null, "building": null }, "geometry": { "type": "Point", "coordinates": [ 9.1092798, 39.215836 ] } },
{ "type": "Feature", "properties": { "element": "node", "id": 4229026813, "amenity": "cafe", "fixme": null, "name": "Caffetteria Ruiu", "tobacco": null, "cuisine": null, "opening_hours": null, "wheelchair": null, "addr:city": "Cagliari", "addr:street": "Via Is Mirrionis", "addr:housenumber": "178", "addr:postcode": null, "phone": null, "wheelchair:description": null, "source": "Regione Autonoma della Sardegna (www.sardegnageoportale.it)", "wifi": null, "toilets:wheelchair": null, "website": null, "outdoor_seating": null, "bar": null, "check_date": null, "operator": null, "payment:bancomat": null, "payment:mastercard": null, "payment:visa": null, "payment:visa_debit": null, "toilets": null, "comment": null, "outdoor_seating:comfort": null, "payment:cash": null, "shop": null, "addr:country": null, "indoor_seating": null, "payment:credit_cards": null, "toilets:number": null, "internet_access": null, "addr:province": null, "addr:suburb": null, "internet_access:fee": null, "check_date:opening_hours": null, "opening_hours:signed": null, "air_conditioning": null, "alt_name": null, "contact:facebook": null, "delivery": null, "description": null, "diet:meat": null, "diet:vegetarian": null, "drive_through": null, "internet_access:ssid": null, "level": null, "payment:debit_cards": null, "smoking": null, "seamark:small_craft_facility:category": null, "seamark:type": null, "sport": null, "brewery": null, "website:menu": null, "contact:instagram": null, "facebook": null, "name:en": null, "theme": null, "ref:vatin": null, "name:ru": null, "branch": null, "changing_table": null, "diet:vegan": null, "highchair": null, "email": null, "contact:phone": null, "takeaway": null, "baby_feeding": null, "kids_area": null, "toilets:access": null, "building": null }, "geometry": { "type": "Point", "coordinates": [ 9.1009898, 39.2375539 ] } },
{ "type": "Feature", "properties": { "element": "node", "id": 4229034856, "amenity": "cafe", "fixme": null, "name": "Fajn", "tobacco": null, "cuisine": "sandwich;pastry;regional;european;slovak", "opening_hours": null, "wheelchair": "limited", "addr:city": "Cagliari", "addr:street": "Via Santa Margherita", "addr:housenumber": "19", "addr:postcode": null, "phone": null, "wheelchair:description": null, "source": "Regione Autonoma della Sardegna (www.sardegnageoportale.it)", "wifi": null, "toilets:wheelchair": null, "website": null, "outdoor_seating": "yes", "bar": "yes", "check_date": null, "operator": null, "payment:bancomat": null, "payment:mastercard": null, "payment:visa": null, "payment:visa_debit": null, "toilets": "yes", "comment": null, "outdoor_seating:comfort": null, "payment:cash": "yes", "shop": null, "addr:country": null, "indoor_seating": null, "payment:credit_cards": "yes", "toilets:number": null, "internet_access": "wlan", "addr:province": null, "addr:suburb": null, "internet_access:fee": "customers", "check_date:opening_hours": null, "opening_hours:signed": null, "air_conditioning": "yes", "alt_name": "Fajn Bar", "contact:facebook": "https://www.facebook.com/people/Fajn-Fajn/100087449531243/", "delivery": "no", "description": "A Slovak cafe", "diet:meat": "yes", "diet:vegetarian": "yes", "drive_through": "no", "internet_access:ssid": "Fajn_WIFI", "level": "0", "payment:debit_cards": "yes", "smoking": "outside", "seamark:small_craft_facility:category": null, "seamark:type": null, "sport": null, "brewery": null, "website:menu": null, "contact:instagram": null, "facebook": null, "name:en": null, "theme": null, "ref:vatin": null, "name:ru": null, "branch": null, "changing_table": null, "diet:vegan": null, "highchair": null, "email": null, "contact:phone": null, "takeaway": null, "baby_feeding": null, "kids_area": null, "toilets:access": null, "building": null }, "geometry": { "type": "Point", "coordinates": [ 9.1137773, 39.2185674 ] } },
{ "type": "Feature", "properties": { "element": "node", "id": 4229055796, "amenity": "cafe", "fixme": null, "name": "Hublot", "tobacco": null, "cuisine": null, "opening_hours": null, "wheelchair": "yes", "addr:city": "Cagliari", "addr:street": "Via Roma", "addr:housenumber": "2", "addr:postcode": "09123", "phone": null, "wheelchair:description": null, "source": "Regione Autonoma della Sardegna (www.sardegnageoportale.it)", "wifi": null, "toilets:wheelchair": null, "website": null, "outdoor_seating": null, "bar": null, "check_date": null, "operator": null, "payment:bancomat": null, "payment:mastercard": null, "payment:visa": null, "payment:visa_debit": null, "toilets": null, "comment": null, "outdoor_seating:comfort": null, "payment:cash": null, "shop": null, "addr:country": null, "indoor_seating": null, "payment:credit_cards": null, "toilets:number": null, "internet_access": null, "addr:province": null, "addr:suburb": null, "internet_access:fee": null, "check_date:opening_hours": null, "opening_hours:signed": null, "air_conditioning": null, "alt_name": null, "contact:facebook": null, "delivery": null, "description": null, "diet:meat": null, "diet:vegetarian": null, "drive_through": null, "internet_access:ssid": null, "level": null, "payment:debit_cards": null, "smoking": null, "seamark:small_craft_facility:category": "restaurant", "seamark:type": "small_craft_facility", "sport": null, "brewery": null, "website:menu": null, "contact:instagram": null, "facebook": null, "name:en": null, "theme": null, "ref:vatin": null, "name:ru": null, "branch": null, "changing_table": null, "diet:vegan": null, "highchair": null, "email": null, "contact:phone": null, "takeaway": null, "baby_feeding": null, "kids_area": null, "toilets:access": null, "building": null }, "geometry": { "type": "Point", "coordinates": [ 9.1140988, 39.2119955 ] } },
{ "type": "Feature", "properties": { "element": "node", "id": 4229065898, "amenity": "cafe", "fixme": null, "name": "Bar Giardino", "tobacco": null, "cuisine": null, "opening_hours": null, "wheelchair": null, "addr:city": "Cagliari", "addr:street": "Via Campania", "addr:housenumber": "20b", "addr:postcode": null, "phone": null, "wheelchair:description": null, "source": "Regione Autonoma della Sardegna (www.sardegnageoportale.it)", "wifi": null, "toilets:wheelchair": null, "website": null, "outdoor_seating": null, "bar": null, "check_date": null, "operator": null, "payment:bancomat": null, "payment:mastercard": null, "payment:visa": null, "payment:visa_debit": null, "toilets": null, "comment": null, "outdoor_seating:comfort": null, "payment:cash": null, "shop": null, "addr:country": null, "indoor_seating": null, "payment:credit_cards": null, "toilets:number": null, "internet_access": null, "addr:province": null, "addr:suburb": null, "internet_access:fee": null, "check_date:opening_hours": null, "opening_hours:signed": null, "air_conditioning": null, "alt_name": null, "contact:facebook": null, "delivery": null, "description": null, "diet:meat": null, "diet:vegetarian": null, "drive_through": null, "internet_access:ssid": null, "level": null, "payment:debit_cards": null, "smoking": null, "seamark:small_craft_facility:category": null, "seamark:type": null, "sport": null, "brewery": null, "website:menu": null, "contact:instagram": null, "facebook": null, "name:en": null, "theme": null, "ref:vatin": null, "name:ru": null, "branch": null, "changing_table": null, "diet:vegan": null, "highchair": null, "email": null, "contact:phone": null, "takeaway": null, "baby_feeding": null, "kids_area": null, "toilets:access": null, "building": null }, "geometry": { "type": "Point", "coordinates": [ 9.1122235, 39.2332868 ] } },
{ "type": "Feature", "properties": { "element": "node", "id": 4229095974, "amenity": "cafe", "fixme": null, "name": "Verde Bilardo", "tobacco": null, "cuisine": null, "opening_hours": "Mo-We 13:00-03:00, Th 14:00-03:00, Fr 13:00-03:00, Sa 14:00-04:00, Su 15:00-02:00", "wheelchair": null, "addr:city": "Cagliari", "addr:street": "Via Francesco Salaris", "addr:housenumber": "33", "addr:postcode": null, "phone": null, "wheelchair:description": null, "source": "Regione Autonoma della Sardegna (www.sardegnageoportale.it)", "wifi": null, "toilets:wheelchair": null, "website": null, "outdoor_seating": null, "bar": null, "check_date": null, "operator": null, "payment:bancomat": null, "payment:mastercard": null, "payment:visa": null, "payment:visa_debit": null, "toilets": null, "comment": null, "outdoor_seating:comfort": null, "payment:cash": null, "shop": null, "addr:country": null, "indoor_seating": null, "payment:credit_cards": null, "toilets:number": null, "internet_access": null, "addr:province": null, "addr:suburb": null, "internet_access:fee": null, "check_date:opening_hours": null, "opening_hours:signed": null, "air_conditioning": null, "alt_name": null, "contact:facebook": null, "delivery": null, "description": null, "diet:meat": null, "diet:vegetarian": null, "drive_through": null, "internet_access:ssid": null, "level": null, "payment:debit_cards": null, "smoking": null, "seamark:small_craft_facility:category": null, "seamark:type": null, "sport": "billiards", "brewery": null, "website:menu": null, "contact:instagram": null, "facebook": null, "name:en": null, "theme": null, "ref:vatin": null, "name:ru": null, "branch": null, "changing_table": null, "diet:vegan": null, "highchair": null, "email": null, "contact:phone": null, "takeaway": null, "baby_feeding": null, "kids_area": null, "toilets:access": null, "building": null }, "geometry": { "type": "Point", "coordinates": [ 9.1239947, 39.2257092 ] } },
{ "type": "Feature", "properties": { "element": "node", "id": 4229476692, "amenity": "cafe", "fixme": null, "name": "Grineat", "tobacco": null, "cuisine": null, "opening_hours": "Mo-Sa 10:00-20:00", "wheelchair": null, "addr:city": "Cagliari", "addr:street": "Via Iglesias", "addr:housenumber": "3a", "addr:postcode": "09127", "phone": "+39 340 665 0854", "wheelchair:description": null, "source": "Regione Autonoma della Sardegna (www.sardegnageoportale.it)", "wifi": null, "toilets:wheelchair": null, "website": null, "outdoor_seating": null, "bar": null, "check_date": null, "operator": null, "payment:bancomat": null, "payment:mastercard": null, "payment:visa": null, "payment:visa_debit": null, "toilets": null, "comment": null, "outdoor_seating:comfort": null, "payment:cash": null, "shop": null, "addr:country": null, "indoor_seating": null, "payment:credit_cards": null, "toilets:number": null, "internet_access": null, "addr:province": null, "addr:suburb": null, "internet_access:fee": null, "check_date:opening_hours": null, "opening_hours:signed": null, "air_conditioning": null, "alt_name": null, "contact:facebook": null, "delivery": null, "description": null, "diet:meat": null, "diet:vegetarian": null, "drive_through": null, "internet_access:ssid": null, "level": null, "payment:debit_cards": null, "smoking": null, "seamark:small_craft_facility:category": null, "seamark:type": null, "sport": null, "brewery": "Guinness", "website:menu": null, "contact:instagram": null, "facebook": null, "name:en": null, "theme": null, "ref:vatin": null, "name:ru": null, "branch": null, "changing_table": null, "diet:vegan": null, "highchair": null, "email": null, "contact:phone": null, "takeaway": null, "baby_feeding": null, "kids_area": null, "toilets:access": null, "building": null }, "geometry": { "type": "Point", "coordinates": [ 9.1182181, 39.2158427 ] } },
{ "type": "Feature", "properties": { "element": "node", "id": 4229518625, "amenity": "cafe", "fixme": null, "name": "il Mito", "tobacco": null, "cuisine": null, "opening_hours": null, "wheelchair": null, "addr:city": "Cagliari", "addr:street": "Via Trincea delle Frasche", "addr:housenumber": "42", "addr:postcode": null, "phone": null, "wheelchair:description": null, "source": "Regione Autonoma della Sardegna (www.sardegnageoportale.it)", "wifi": null, "toilets:wheelchair": null, "website": null, "outdoor_seating": null, "bar": null, "check_date": null, "operator": null, "payment:bancomat": null, "payment:mastercard": null, "payment:visa": null, "payment:visa_debit": null, "toilets": null, "comment": null, "outdoor_seating:comfort": null, "payment:cash": null, "shop": null, "addr:country": null, "indoor_seating": null, "payment:credit_cards": null, "toilets:number": null, "internet_access": null, "addr:province": null, "addr:suburb": null, "internet_access:fee": null, "check_date:opening_hours": null, "opening_hours:signed": null, "air_conditioning": null, "alt_name": null, "contact:facebook": null, "delivery": null, "description": null, "diet:meat": null, "diet:vegetarian": null, "drive_through": null, "internet_access:ssid": null, "level": null, "payment:debit_cards": null, "smoking": null, "seamark:small_craft_facility:category": null, "seamark:type": null, "sport": null, "brewery": null, "website:menu": null, "contact:instagram": null, "facebook": null, "name:en": null, "theme": null, "ref:vatin": null, "name:ru": null, "branch": null, "changing_table": null, "diet:vegan": null, "highchair": null, "email": null, "contact:phone": null, "takeaway": null, "baby_feeding": null, "kids_area": null, "toilets:access": null, "building": null }, "geometry": { "type": "Point", "coordinates": [ 9.1026212, 39.2370401 ] } },
{ "type": "Feature", "properties": { "element": "node", "id": 4229531605, "amenity": "cafe", "fixme": null, "name": "Il Baronetto", "tobacco": null, "cuisine": null, "opening_hours": null, "wheelchair": null, "addr:city": "Cagliari", "addr:street": "Via Giovanni Battista Tuveri", "addr:housenumber": "45", "addr:postcode": null, "phone": null, "wheelchair:description": null, "source": "Regione Autonoma della Sardegna (www.sardegnageoportale.it)", "wifi": null, "toilets:wheelchair": null, "website": null, "outdoor_seating": null, "bar": null, "check_date": null, "operator": null, "payment:bancomat": null, "payment:mastercard": null, "payment:visa": null, "payment:visa_debit": null, "toilets": null, "comment": null, "outdoor_seating:comfort": null, "payment:cash": null, "shop": null, "addr:country": null, "indoor_seating": null, "payment:credit_cards": null, "toilets:number": null, "internet_access": null, "addr:province": null, "addr:suburb": null, "internet_access:fee": null, "check_date:opening_hours": null, "opening_hours:signed": null, "air_conditioning": null, "alt_name": null, "contact:facebook": null, "delivery": null, "description": null, "diet:meat": null, "diet:vegetarian": null, "drive_through": null, "internet_access:ssid": null, "level": null, "payment:debit_cards": null, "smoking": null, "seamark:small_craft_facility:category": null, "seamark:type": null, "sport": null, "brewery": null, "website:menu": null, "contact:instagram": null, "facebook": null, "name:en": null, "theme": null, "ref:vatin": null, "name:ru": null, "branch": null, "changing_table": null, "diet:vegan": null, "highchair": null, "email": null, "contact:phone": null, "takeaway": null, "baby_feeding": null, "kids_area": null, "toilets:access": null, "building": null }, "geometry": { "type": "Point", "coordinates": [ 9.1297864, 39.2193514 ] } },
{ "type": "Feature", "properties": { "element": "node", "id": 4229551600, "amenity": "cafe", "fixme": null, "name": "Dolce e Salato", "tobacco": null, "cuisine": null, "opening_hours": null, "wheelchair": null, "addr:city": "Cagliari", "addr:street": "Via Trincea delle Frasche", "addr:housenumber": "53", "addr:postcode": null, "phone": null, "wheelchair:description": null, "source": "Regione Autonoma della Sardegna (www.sardegnageoportale.it)", "wifi": null, "toilets:wheelchair": null, "website": null, "outdoor_seating": null, "bar": null, "check_date": null, "operator": null, "payment:bancomat": null, "payment:mastercard": null, "payment:visa": null, "payment:visa_debit": null, "toilets": null, "comment": null, "outdoor_seating:comfort": null, "payment:cash": null, "shop": null, "addr:country": null, "indoor_seating": null, "payment:credit_cards": null, "toilets:number": null, "internet_access": null, "addr:province": null, "addr:suburb": null, "internet_access:fee": null, "check_date:opening_hours": null, "opening_hours:signed": null, "air_conditioning": null, "alt_name": null, "contact:facebook": null, "delivery": null, "description": null, "diet:meat": null, "diet:vegetarian": null, "drive_through": null, "internet_access:ssid": null, "level": null, "payment:debit_cards": null, "smoking": null, "seamark:small_craft_facility:category": null, "seamark:type": null, "sport": null, "brewery": null, "website:menu": null, "contact:instagram": null, "facebook": null, "name:en": null, "theme": null, "ref:vatin": null, "name:ru": null, "branch": null, "changing_table": null, "diet:vegan": null, "highchair": null, "email": null, "contact:phone": null, "takeaway": null, "baby_feeding": null, "kids_area": null, "toilets:access": null, "building": null }, "geometry": { "type": "Point", "coordinates": [ 9.1030677, 39.2372045 ] } },
{ "type": "Feature", "properties": { "element": "node", "id": 4229570698, "amenity": "cafe", "fixme": null, "name": "La Piccola Caffetteria", "tobacco": null, "cuisine": null, "opening_hours": null, "wheelchair": "no", "addr:city": "Cagliari", "addr:street": "Via Gaetano Cima", "addr:housenumber": "7", "addr:postcode": null, "phone": null, "wheelchair:description": null, "source": "Regione Autonoma della Sardegna (www.sardegnageoportale.it)", "wifi": null, "toilets:wheelchair": null, "website": null, "outdoor_seating": null, "bar": null, "check_date": null, "operator": null, "payment:bancomat": null, "payment:mastercard": null, "payment:visa": null, "payment:visa_debit": null, "toilets": null, "comment": null, "outdoor_seating:comfort": null, "payment:cash": null, "shop": null, "addr:country": null, "indoor_seating": null, "payment:credit_cards": null, "toilets:number": null, "internet_access": null, "addr:province": null, "addr:suburb": null, "internet_access:fee": null, "check_date:opening_hours": null, "opening_hours:signed": null, "air_conditioning": null, "alt_name": null, "contact:facebook": null, "delivery": null, "description": null, "diet:meat": null, "diet:vegetarian": null, "drive_through": null, "internet_access:ssid": null, "level": null, "payment:debit_cards": null, "smoking": null, "seamark:small_craft_facility:category": null, "seamark:type": null, "sport": null, "brewery": null, "website:menu": "https://dishcovery.menu/app/restaurants/ec587ee0be2695d58d7f767809773488", "contact:instagram": null, "facebook": null, "name:en": null, "theme": null, "ref:vatin": null, "name:ru": null, "branch": null, "changing_table": null, "diet:vegan": null, "highchair": null, "email": null, "contact:phone": null, "takeaway": null, "baby_feeding": null, "kids_area": null, "toilets:access": null, "building": null }, "geometry": { "type": "Point", "coordinates": [ 9.1154073, 39.216151 ] } },
{ "type": "Feature", "properties": { "element": "node", "id": 4229588036, "amenity": "cafe", "fixme": null, "name": "Al Baretto", "tobacco": null, "cuisine": null, "opening_hours": "Mo-Sa 06:00-21:00; Su 06:00-14:00, 16:00-21:00", "wheelchair": null, "addr:city": "Cagliari", "addr:street": "Via Campania", "addr:housenumber": "53", "addr:postcode": null, "phone": null, "wheelchair:description": null, "source": "Regione Autonoma della Sardegna (www.sardegnageoportale.it)", "wifi": null, "toilets:wheelchair": null, "website": null, "outdoor_seating": null, "bar": null, "check_date": null, "operator": null, "payment:bancomat": null, "payment:mastercard": null, "payment:visa": null, "payment:visa_debit": null, "toilets": null, "comment": null, "outdoor_seating:comfort": null, "payment:cash": null, "shop": null, "addr:country": null, "indoor_seating": null, "payment:credit_cards": null, "toilets:number": null, "internet_access": null, "addr:province": null, "addr:suburb": null, "internet_access:fee": null, "check_date:opening_hours": null, "opening_hours:signed": null, "air_conditioning": null, "alt_name": null, "contact:facebook": null, "delivery": null, "description": null, "diet:meat": null, "diet:vegetarian": null, "drive_through": null, "internet_access:ssid": null, "level": null, "payment:debit_cards": null, "smoking": null, "seamark:small_craft_facility:category": null, "seamark:type": null, "sport": null, "brewery": null, "website:menu": null, "contact:instagram": null, "facebook": null, "name:en": null, "theme": null, "ref:vatin": null, "name:ru": null, "branch": null, "changing_table": null, "diet:vegan": null, "highchair": null, "email": null, "contact:phone": null, "takeaway": null, "baby_feeding": null, "kids_area": null, "toilets:access": null, "building": null }, "geometry": { "type": "Point", "coordinates": [ 9.1122703, 39.2335704 ] } },
{ "type": "Feature", "properties": { "element": "node", "id": 4229592162, "amenity": "cafe", "fixme": null, "name": "Cin Cin Blues Cafe", "tobacco": null, "cuisine": null, "opening_hours": null, "wheelchair": null, "addr:city": "Cagliari", "addr:street": "Via Campania", "addr:housenumber": "57", "addr:postcode": null, "phone": "+39 333 133 6678", "wheelchair:description": null, "source": "Regione Autonoma della Sardegna (www.sardegnageoportale.it)", "wifi": null, "toilets:wheelchair": null, "website": null, "outdoor_seating": null, "bar": null, "check_date": null, "operator": null, "payment:bancomat": null, "payment:mastercard": null, "payment:visa": null, "payment:visa_debit": null, "toilets": null, "comment": null, "outdoor_seating:comfort": null, "payment:cash": null, "shop": null, "addr:country": null, "indoor_seating": null, "payment:credit_cards": null, "toilets:number": null, "internet_access": null, "addr:province": null, "addr:suburb": null, "internet_access:fee": null, "check_date:opening_hours": null, "opening_hours:signed": null, "air_conditioning": null, "alt_name": null, "contact:facebook": null, "delivery": null, "description": null, "diet:meat": null, "diet:vegetarian": null, "drive_through": null, "internet_access:ssid": null, "level": null, "payment:debit_cards": null, "smoking": null, "seamark:small_craft_facility:category": null, "seamark:type": null, "sport": null, "brewery": null, "website:menu": null, "contact:instagram": null, "facebook": null, "name:en": null, "theme": null, "ref:vatin": null, "name:ru": null, "branch": null, "changing_table": null, "diet:vegan": null, "highchair": null, "email": null, "contact:phone": null, "takeaway": null, "baby_feeding": null, "kids_area": null, "toilets:access": null, "building": null }, "geometry": { "type": "Point", "coordinates": [ 9.1121777, 39.2335844 ] } },
{ "type": "Feature", "properties": { "element": "node", "id": 4229594112, "amenity": "cafe", "fixme": null, "name": "Nuestro bar", "tobacco": null, "cuisine": null, "opening_hours": null, "wheelchair": null, "addr:city": "Cagliari", "addr:street": "Via Giovanni Battista Tuveri", "addr:housenumber": "56a", "addr:postcode": null, "phone": null, "wheelchair:description": null, "source": "Regione Autonoma della Sardegna (www.sardegnageoportale.it)", "wifi": null, "toilets:wheelchair": null, "website": null, "outdoor_seating": null, "bar": null, "check_date": null, "operator": null, "payment:bancomat": null, "payment:mastercard": null, "payment:visa": null, "payment:visa_debit": null, "toilets": null, "comment": null, "outdoor_seating:comfort": null, "payment:cash": null, "shop": null, "addr:country": null, "indoor_seating": null, "payment:credit_cards": null, "toilets:number": null, "internet_access": null, "addr:province": null, "addr:suburb": null, "internet_access:fee": null, "check_date:opening_hours": null, "opening_hours:signed": null, "air_conditioning": null, "alt_name": null, "contact:facebook": null, "delivery": null, "description": null, "diet:meat": null, "diet:vegetarian": null, "drive_through": null, "internet_access:ssid": null, "level": null, "payment:debit_cards": null, "smoking": null, "seamark:small_craft_facility:category": null, "seamark:type": null, "sport": null, "brewery": null, "website:menu": null, "contact:instagram": null, "facebook": null, "name:en": null, "theme": null, "ref:vatin": null, "name:ru": null, "branch": null, "changing_table": null, "diet:vegan": null, "highchair": null, "email": null, "contact:phone": null, "takeaway": null, "baby_feeding": null, "kids_area": null, "toilets:access": null, "building": null }, "geometry": { "type": "Point", "coordinates": [ 9.1277638, 39.2182445 ] } },
{ "type": "Feature", "properties": { "element": "node", "id": 4229597720, "amenity": "cafe", "fixme": null, "name": "Micibo Cat Cafè", "tobacco": null, "cuisine": "breakfast;cake;pancake;tea", "opening_hours": "Mo-Sa 16:00-21:00", "wheelchair": null, "addr:city": "Cagliari", "addr:street": "Piazza San Cosimo", "addr:housenumber": "6", "addr:postcode": "09127", "phone": "+39 338 568 7971", "wheelchair:description": null, "source": "Survey", "wifi": null, "toilets:wheelchair": null, "website": null, "outdoor_seating": null, "bar": null, "check_date": null, "operator": null, "payment:bancomat": null, "payment:mastercard": null, "payment:visa": null, "payment:visa_debit": null, "toilets": null, "comment": null, "outdoor_seating:comfort": null, "payment:cash": null, "shop": null, "addr:country": null, "indoor_seating": null, "payment:credit_cards": null, "toilets:number": null, "internet_access": null, "addr:province": null, "addr:suburb": null, "internet_access:fee": null, "check_date:opening_hours": null, "opening_hours:signed": null, "air_conditioning": null, "alt_name": null, "contact:facebook": null, "delivery": null, "description": null, "diet:meat": null, "diet:vegetarian": null, "drive_through": null, "internet_access:ssid": null, "level": null, "payment:debit_cards": null, "smoking": null, "seamark:small_craft_facility:category": null, "seamark:type": null, "sport": null, "brewery": null, "website:menu": null, "contact:instagram": "micibocatcafecagliari", "facebook": "https://www.facebook.com/micibocatcafecagliari", "name:en": "Micibo Cat Cafe", "theme": "cat", "ref:vatin": null, "name:ru": null, "branch": null, "changing_table": null, "diet:vegan": null, "highchair": null, "email": null, "contact:phone": null, "takeaway": null, "baby_feeding": null, "kids_area": null, "toilets:access": null, "building": null }, "geometry": { "type": "Point", "coordinates": [ 9.1220636, 39.2141064 ] } },
{ "type": "Feature", "properties": { "element": "node", "id": 4229608112, "amenity": "cafe", "fixme": null, "name": "Daisy Bar", "tobacco": null, "cuisine": null, "opening_hours": null, "wheelchair": null, "addr:city": "Cagliari", "addr:street": "Via Roma", "addr:housenumber": "61", "addr:postcode": null, "phone": null, "wheelchair:description": null, "source": "Regione Autonoma della Sardegna (www.sardegnageoportale.it)", "wifi": null, "toilets:wheelchair": null, "website": null, "outdoor_seating": null, "bar": null, "check_date": null, "operator": null, "payment:bancomat": null, "payment:mastercard": null, "payment:visa": null, "payment:visa_debit": null, "toilets": null, "comment": null, "outdoor_seating:comfort": null, "payment:cash": null, "shop": null, "addr:country": null, "indoor_seating": null, "payment:credit_cards": null, "toilets:number": null, "internet_access": null, "addr:province": null, "addr:suburb": null, "internet_access:fee": null, "check_date:opening_hours": null, "opening_hours:signed": null, "air_conditioning": null, "alt_name": null, "contact:facebook": null, "delivery": null, "description": null, "diet:meat": null, "diet:vegetarian": null, "drive_through": null, "internet_access:ssid": null, "level": null, "payment:debit_cards": null, "smoking": null, "seamark:small_craft_facility:category": null, "seamark:type": null, "sport": null, "brewery": null, "website:menu": null, "contact:instagram": null, "facebook": null, "name:en": null, "theme": null, "ref:vatin": null, "name:ru": null, "branch": null, "changing_table": null, "diet:vegan": null, "highchair": null, "email": null, "contact:phone": null, "takeaway": null, "baby_feeding": null, "kids_area": null, "toilets:access": null, "building": null }, "geometry": { "type": "Point", "coordinates": [ 9.113393, 39.2135609 ] } },
{ "type": "Feature", "properties": { "element": "node", "id": 4229608141, "amenity": "cafe", "fixme": null, "name": "Caffè Letterario", "tobacco": null, "cuisine": null, "opening_hours": null, "wheelchair": null, "addr:city": "Cagliari", "addr:street": "Via Roma", "addr:housenumber": "63", "addr:postcode": null, "phone": null, "wheelchair:description": null, "source": "Regione Autonoma della Sardegna (www.sardegnageoportale.it)", "wifi": null, "toilets:wheelchair": null, "website": null, "outdoor_seating": null, "bar": null, "check_date": null, "operator": null, "payment:bancomat": null, "payment:mastercard": null, "payment:visa": null, "payment:visa_debit": null, "toilets": null, "comment": null, "outdoor_seating:comfort": null, "payment:cash": null, "shop": null, "addr:country": null, "indoor_seating": null, "payment:credit_cards": null, "toilets:number": null, "internet_access": null, "addr:province": null, "addr:suburb": null, "internet_access:fee": null, "check_date:opening_hours": null, "opening_hours:signed": null, "air_conditioning": null, "alt_name": null, "contact:facebook": null, "delivery": null, "description": null, "diet:meat": null, "diet:vegetarian": null, "drive_through": null, "internet_access:ssid": null, "level": null, "payment:debit_cards": null, "smoking": null, "seamark:small_craft_facility:category": null, "seamark:type": null, "sport": null, "brewery": null, "website:menu": null, "contact:instagram": null, "facebook": null, "name:en": null, "theme": null, "ref:vatin": null, "name:ru": null, "branch": null, "changing_table": null, "diet:vegan": null, "highchair": null, "email": null, "contact:phone": null, "takeaway": null, "baby_feeding": null, "kids_area": null, "toilets:access": null, "building": null }, "geometry": { "type": "Point", "coordinates": [ 9.1133533, 39.2135806 ] } },
{ "type": "Feature", "properties": { "element": "node", "id": 4229619898, "amenity": "cafe", "fixme": null, "name": "Maya", "tobacco": null, "cuisine": null, "opening_hours": null, "wheelchair": null, "addr:city": "Cagliari", "addr:street": "Via Redipuglia", "addr:housenumber": "66", "addr:postcode": null, "phone": null, "wheelchair:description": null, "source": "Regione Autonoma della Sardegna (www.sardegnageoportale.it)", "wifi": null, "toilets:wheelchair": null, "website": null, "outdoor_seating": null, "bar": null, "check_date": null, "operator": null, "payment:bancomat": null, "payment:mastercard": null, "payment:visa": null, "payment:visa_debit": null, "toilets": null, "comment": null, "outdoor_seating:comfort": null, "payment:cash": null, "shop": null, "addr:country": null, "indoor_seating": null, "payment:credit_cards": null, "toilets:number": null, "internet_access": null, "addr:province": null, "addr:suburb": null, "internet_access:fee": null, "check_date:opening_hours": null, "opening_hours:signed": null, "air_conditioning": null, "alt_name": null, "contact:facebook": null, "delivery": null, "description": null, "diet:meat": null, "diet:vegetarian": null, "drive_through": null, "internet_access:ssid": null, "level": null, "payment:debit_cards": null, "smoking": null, "seamark:small_craft_facility:category": null, "seamark:type": null, "sport": null, "brewery": null, "website:menu": null, "contact:instagram": null, "facebook": null, "name:en": null, "theme": null, "ref:vatin": null, "name:ru": null, "branch": null, "changing_table": null, "diet:vegan": null, "highchair": null, "email": null, "contact:phone": null, "takeaway": null, "baby_feeding": null, "kids_area": null, "toilets:access": null, "building": null }, "geometry": { "type": "Point", "coordinates": [ 9.1023172, 39.2358296 ] } },
{ "type": "Feature", "properties": { "element": "node", "id": 4229623216, "amenity": "cafe", "fixme": null, "name": "Da Aimone", "tobacco": null, "cuisine": null, "opening_hours": null, "wheelchair": null, "addr:city": "Cagliari", "addr:street": "Via del Seminario", "addr:housenumber": "6b", "addr:postcode": null, "phone": null, "wheelchair:description": null, "source": "Regione Autonoma della Sardegna (www.sardegnageoportale.it)", "wifi": null, "toilets:wheelchair": null, "website": null, "outdoor_seating": null, "bar": null, "check_date": null, "operator": null, "payment:bancomat": null, "payment:mastercard": null, "payment:visa": null, "payment:visa_debit": null, "toilets": null, "comment": null, "outdoor_seating:comfort": null, "payment:cash": null, "shop": null, "addr:country": null, "indoor_seating": null, "payment:credit_cards": null, "toilets:number": null, "internet_access": null, "addr:province": null, "addr:suburb": null, "internet_access:fee": null, "check_date:opening_hours": null, "opening_hours:signed": null, "air_conditioning": null, "alt_name": null, "contact:facebook": null, "delivery": null, "description": null, "diet:meat": null, "diet:vegetarian": null, "drive_through": null, "internet_access:ssid": null, "level": null, "payment:debit_cards": null, "smoking": null, "seamark:small_craft_facility:category": null, "seamark:type": null, "sport": null, "brewery": null, "website:menu": null, "contact:instagram": null, "facebook": null, "name:en": null, "theme": null, "ref:vatin": null, "name:ru": null, "branch": null, "changing_table": null, "diet:vegan": null, "highchair": null, "email": null, "contact:phone": null, "takeaway": null, "baby_feeding": null, "kids_area": null, "toilets:access": null, "building": null }, "geometry": { "type": "Point", "coordinates": [ 9.1114352, 39.2363237 ] } },
{ "type": "Feature", "properties": { "element": "node", "id": 4229625320, "amenity": "cafe", "fixme": null, "name": "Su Baroni", "tobacco": null, "cuisine": "bakery", "opening_hours": null, "wheelchair": null, "addr:city": "Cagliari", "addr:street": "Via Giovanni Battista Tuveri", "addr:housenumber": "88", "addr:postcode": "09129", "phone": null, "wheelchair:description": null, "source": "Regione Autonoma della Sardegna (www.sardegnageoportale.it)", "wifi": null, "toilets:wheelchair": null, "website": null, "outdoor_seating": null, "bar": null, "check_date": null, "operator": null, "payment:bancomat": null, "payment:mastercard": null, "payment:visa": null, "payment:visa_debit": null, "toilets": null, "comment": null, "outdoor_seating:comfort": null, "payment:cash": null, "shop": null, "addr:country": null, "indoor_seating": null, "payment:credit_cards": null, "toilets:number": null, "internet_access": null, "addr:province": null, "addr:suburb": null, "internet_access:fee": null, "check_date:opening_hours": null, "opening_hours:signed": null, "air_conditioning": null, "alt_name": null, "contact:facebook": null, "delivery": null, "description": null, "diet:meat": null, "diet:vegetarian": null, "drive_through": null, "internet_access:ssid": null, "level": null, "payment:debit_cards": null, "smoking": null, "seamark:small_craft_facility:category": null, "seamark:type": null, "sport": null, "brewery": null, "website:menu": null, "contact:instagram": null, "facebook": null, "name:en": null, "theme": null, "ref:vatin": null, "name:ru": null, "branch": null, "changing_table": null, "diet:vegan": null, "highchair": null, "email": null, "contact:phone": null, "takeaway": null, "baby_feeding": null, "kids_area": null, "toilets:access": null, "building": null }, "geometry": { "type": "Point", "coordinates": [ 9.1288318, 39.2189285 ] } },
{ "type": "Feature", "properties": { "element": "node", "id": 4229634285, "amenity": "cafe", "fixme": null, "name": "Caffè Pasticceria D'Elite", "tobacco": null, "cuisine": "bakery", "opening_hours": null, "wheelchair": null, "addr:city": "Cagliari", "addr:street": "Via Giovanni Battista Tuveri", "addr:housenumber": "74", "addr:postcode": "09129", "phone": null, "wheelchair:description": null, "source": "Regione Autonoma della Sardegna (www.sardegnageoportale.it)", "wifi": null, "toilets:wheelchair": null, "website": null, "outdoor_seating": null, "bar": null, "check_date": null, "operator": null, "payment:bancomat": null, "payment:mastercard": null, "payment:visa": null, "payment:visa_debit": null, "toilets": null, "comment": null, "outdoor_seating:comfort": null, "payment:cash": null, "shop": null, "addr:country": null, "indoor_seating": null, "payment:credit_cards": null, "toilets:number": null, "internet_access": null, "addr:province": null, "addr:suburb": null, "internet_access:fee": null, "check_date:opening_hours": null, "opening_hours:signed": null, "air_conditioning": null, "alt_name": null, "contact:facebook": null, "delivery": null, "description": null, "diet:meat": null, "diet:vegetarian": null, "drive_through": null, "internet_access:ssid": null, "level": null, "payment:debit_cards": null, "smoking": null, "seamark:small_craft_facility:category": null, "seamark:type": null, "sport": null, "brewery": null, "website:menu": null, "contact:instagram": null, "facebook": null, "name:en": null, "theme": null, "ref:vatin": null, "name:ru": null, "branch": null, "changing_table": null, "diet:vegan": null, "highchair": null, "email": null, "contact:phone": null, "takeaway": null, "baby_feeding": null, "kids_area": null, "toilets:access": null, "building": null }, "geometry": { "type": "Point", "coordinates": [ 9.1283706, 39.218618 ] } },
{ "type": "Feature", "properties": { "element": "node", "id": 4229653629, "amenity": "cafe", "fixme": null, "name": "Bar Marius", "tobacco": null, "cuisine": null, "opening_hours": null, "wheelchair": null, "addr:city": "Cagliari", "addr:street": "Viale Trento", "addr:housenumber": "81a;81", "addr:postcode": null, "phone": null, "wheelchair:description": null, "source": "Regione Autonoma della Sardegna (www.sardegnageoportale.it)", "wifi": null, "toilets:wheelchair": null, "website": null, "outdoor_seating": null, "bar": null, "check_date": null, "operator": null, "payment:bancomat": null, "payment:mastercard": null, "payment:visa": null, "payment:visa_debit": null, "toilets": null, "comment": null, "outdoor_seating:comfort": null, "payment:cash": null, "shop": null, "addr:country": null, "indoor_seating": null, "payment:credit_cards": null, "toilets:number": null, "internet_access": null, "addr:province": null, "addr:suburb": null, "internet_access:fee": null, "check_date:opening_hours": null, "opening_hours:signed": null, "air_conditioning": null, "alt_name": null, "contact:facebook": null, "delivery": null, "description": null, "diet:meat": null, "diet:vegetarian": null, "drive_through": null, "internet_access:ssid": null, "level": null, "payment:debit_cards": null, "smoking": null, "seamark:small_craft_facility:category": null, "seamark:type": null, "sport": null, "brewery": null, "website:menu": null, "contact:instagram": null, "facebook": null, "name:en": null, "theme": null, "ref:vatin": null, "name:ru": null, "branch": null, "changing_table": null, "diet:vegan": null, "highchair": null, "email": null, "contact:phone": null, "takeaway": null, "baby_feeding": null, "kids_area": null, "toilets:access": null, "building": null }, "geometry": { "type": "Point", "coordinates": [ 9.1019723, 39.2253622 ] } },
{ "type": "Feature", "properties": { "element": "node", "id": 4257798965, "amenity": "cafe", "fixme": null, "name": "Punto Cagliari", "tobacco": null, "cuisine": null, "opening_hours": null, "wheelchair": "no", "addr:city": "Cagliari", "addr:street": "Piazza del Carmine", "addr:housenumber": null, "addr:postcode": "09123", "phone": null, "wheelchair:description": null, "source": null, "wifi": null, "toilets:wheelchair": "no", "website": null, "outdoor_seating": "yes", "bar": null, "check_date": null, "operator": null, "payment:bancomat": null, "payment:mastercard": null, "payment:visa": null, "payment:visa_debit": null, "toilets": null, "comment": null, "outdoor_seating:comfort": null, "payment:cash": null, "shop": null, "addr:country": null, "indoor_seating": null, "payment:credit_cards": null, "toilets:number": null, "internet_access": null, "addr:province": null, "addr:suburb": null, "internet_access:fee": null, "check_date:opening_hours": null, "opening_hours:signed": null, "air_conditioning": null, "alt_name": null, "contact:facebook": null, "delivery": null, "description": null, "diet:meat": null, "diet:vegetarian": null, "drive_through": null, "internet_access:ssid": null, "level": null, "payment:debit_cards": null, "smoking": null, "seamark:small_craft_facility:category": null, "seamark:type": null, "sport": null, "brewery": null, "website:menu": null, "contact:instagram": null, "facebook": null, "name:en": null, "theme": null, "ref:vatin": null, "name:ru": null, "branch": null, "changing_table": null, "diet:vegan": null, "highchair": null, "email": null, "contact:phone": null, "takeaway": null, "baby_feeding": null, "kids_area": null, "toilets:access": null, "building": null }, "geometry": { "type": "Point", "coordinates": [ 9.1090906, 39.2164107 ] } },
{ "type": "Feature", "properties": { "element": "node", "id": 4261118791, "amenity": "cafe", "fixme": null, "name": "Peek-a-Boo", "tobacco": null, "cuisine": null, "opening_hours": null, "wheelchair": "yes", "addr:city": "Cagliari", "addr:street": "Via Antonio Pacinotti", "addr:housenumber": "4", "addr:postcode": "09128", "phone": null, "wheelchair:description": null, "source": null, "wifi": null, "toilets:wheelchair": "yes", "website": null, "outdoor_seating": null, "bar": null, "check_date": null, "operator": null, "payment:bancomat": null, "payment:mastercard": null, "payment:visa": null, "payment:visa_debit": null, "toilets": null, "comment": null, "outdoor_seating:comfort": null, "payment:cash": null, "shop": null, "addr:country": null, "indoor_seating": null, "payment:credit_cards": null, "toilets:number": null, "internet_access": null, "addr:province": null, "addr:suburb": null, "internet_access:fee": null, "check_date:opening_hours": null, "opening_hours:signed": null, "air_conditioning": null, "alt_name": null, "contact:facebook": null, "delivery": null, "description": null, "diet:meat": null, "diet:vegetarian": null, "drive_through": null, "internet_access:ssid": null, "level": null, "payment:debit_cards": null, "smoking": null, "seamark:small_craft_facility:category": null, "seamark:type": null, "sport": null, "brewery": null, "website:menu": null, "contact:instagram": null, "facebook": null, "name:en": null, "theme": null, "ref:vatin": null, "name:ru": null, "branch": null, "changing_table": null, "diet:vegan": null, "highchair": null, "email": null, "contact:phone": null, "takeaway": null, "baby_feeding": null, "kids_area": null, "toilets:access": null, "building": null }, "geometry": { "type": "Point", "coordinates": [ 9.123228, 39.22286 ] } },
{ "type": "Feature", "properties": { "element": "node", "id": 4273924391, "amenity": "cafe", "fixme": null, "name": "Caffe' Parigino", "tobacco": null, "cuisine": null, "opening_hours": null, "wheelchair": "no", "addr:city": "Casteddu/Cagliari", "addr:street": "Via Roma", "addr:housenumber": "54", "addr:postcode": "09123", "phone": null, "wheelchair:description": "Ingresso con gradino alto", "source": null, "wifi": null, "toilets:wheelchair": null, "website": null, "outdoor_seating": null, "bar": null, "check_date": null, "operator": null, "payment:bancomat": null, "payment:mastercard": null, "payment:visa": null, "payment:visa_debit": null, "toilets": null, "comment": null, "outdoor_seating:comfort": null, "payment:cash": null, "shop": null, "addr:country": null, "indoor_seating": null, "payment:credit_cards": null, "toilets:number": null, "internet_access": null, "addr:province": null, "addr:suburb": null, "internet_access:fee": null, "check_date:opening_hours": null, "opening_hours:signed": null, "air_conditioning": null, "alt_name": null, "contact:facebook": null, "delivery": null, "description": null, "diet:meat": null, "diet:vegetarian": null, "drive_through": null, "internet_access:ssid": null, "level": null, "payment:debit_cards": null, "smoking": null, "seamark:small_craft_facility:category": null, "seamark:type": null, "sport": null, "brewery": null, "website:menu": null, "contact:instagram": null, "facebook": null, "name:en": null, "theme": null, "ref:vatin": null, "name:ru": null, "branch": null, "changing_table": null, "diet:vegan": null, "highchair": null, "email": null, "contact:phone": null, "takeaway": null, "baby_feeding": null, "kids_area": null, "toilets:access": null, "building": null }, "geometry": { "type": "Point", "coordinates": [ 9.1063839, 39.2177167 ] } },
{ "type": "Feature", "properties": { "element": "node", "id": 4335200895, "amenity": "cafe", "fixme": null, "name": "Banana cafè", "tobacco": null, "cuisine": null, "opening_hours": null, "wheelchair": "limited", "addr:city": "Cagliari", "addr:street": "Via Goffredo Mameli", "addr:housenumber": "144", "addr:postcode": "09123", "phone": null, "wheelchair:description": null, "source": null, "wifi": null, "toilets:wheelchair": null, "website": null, "outdoor_seating": "yes", "bar": null, "check_date": null, "operator": null, "payment:bancomat": null, "payment:mastercard": null, "payment:visa": null, "payment:visa_debit": null, "toilets": null, "comment": null, "outdoor_seating:comfort": null, "payment:cash": null, "shop": null, "addr:country": null, "indoor_seating": null, "payment:credit_cards": null, "toilets:number": null, "internet_access": null, "addr:province": null, "addr:suburb": null, "internet_access:fee": null, "check_date:opening_hours": null, "opening_hours:signed": null, "air_conditioning": null, "alt_name": null, "contact:facebook": null, "delivery": null, "description": null, "diet:meat": null, "diet:vegetarian": null, "drive_through": null, "internet_access:ssid": null, "level": null, "payment:debit_cards": null, "smoking": null, "seamark:small_craft_facility:category": null, "seamark:type": null, "sport": null, "brewery": null, "website:menu": null, "contact:instagram": null, "facebook": null, "name:en": null, "theme": null, "ref:vatin": null, "name:ru": null, "branch": null, "changing_table": null, "diet:vegan": null, "highchair": null, "email": null, "contact:phone": null, "takeaway": null, "baby_feeding": null, "kids_area": null, "toilets:access": null, "building": null }, "geometry": { "type": "Point", "coordinates": [ 9.1051968, 39.2209513 ] } },
{ "type": "Feature", "properties": { "element": "node", "id": 4438870386, "amenity": "cafe", "fixme": null, "name": "Oblomow", "tobacco": null, "cuisine": null, "opening_hours": null, "wheelchair": null, "addr:city": null, "addr:street": null, "addr:housenumber": null, "addr:postcode": null, "phone": null, "wheelchair:description": null, "source": null, "wifi": null, "toilets:wheelchair": null, "website": null, "outdoor_seating": null, "bar": null, "check_date": null, "operator": null, "payment:bancomat": null, "payment:mastercard": null, "payment:visa": null, "payment:visa_debit": null, "toilets": null, "comment": null, "outdoor_seating:comfort": null, "payment:cash": null, "shop": null, "addr:country": null, "indoor_seating": null, "payment:credit_cards": null, "toilets:number": null, "internet_access": null, "addr:province": null, "addr:suburb": null, "internet_access:fee": null, "check_date:opening_hours": null, "opening_hours:signed": null, "air_conditioning": null, "alt_name": null, "contact:facebook": null, "delivery": null, "description": null, "diet:meat": null, "diet:vegetarian": null, "drive_through": null, "internet_access:ssid": null, "level": null, "payment:debit_cards": null, "smoking": null, "seamark:small_craft_facility:category": null, "seamark:type": null, "sport": null, "brewery": "Guinness", "website:menu": null, "contact:instagram": null, "facebook": null, "name:en": null, "theme": null, "ref:vatin": null, "name:ru": null, "branch": null, "changing_table": null, "diet:vegan": null, "highchair": null, "email": null, "contact:phone": null, "takeaway": null, "baby_feeding": null, "kids_area": null, "toilets:access": null, "building": null }, "geometry": { "type": "Point", "coordinates": [ 9.1117663, 39.2180602 ] } },
{ "type": "Feature", "properties": { "element": "node", "id": 4438870896, "amenity": "cafe", "fixme": null, "name": "Kubrick", "tobacco": null, "cuisine": null, "opening_hours": null, "wheelchair": null, "addr:city": "Cagliari", "addr:street": "Corso Vittorio Emanuele II", "addr:housenumber": null, "addr:postcode": null, "phone": null, "wheelchair:description": null, "source": null, "wifi": null, "toilets:wheelchair": null, "website": null, "outdoor_seating": null, "bar": null, "check_date": null, "operator": null, "payment:bancomat": null, "payment:mastercard": null, "payment:visa": null, "payment:visa_debit": null, "toilets": null, "comment": null, "outdoor_seating:comfort": null, "payment:cash": null, "shop": null, "addr:country": null, "indoor_seating": null, "payment:credit_cards": null, "toilets:number": null, "internet_access": null, "addr:province": null, "addr:suburb": null, "internet_access:fee": null, "check_date:opening_hours": null, "opening_hours:signed": null, "air_conditioning": null, "alt_name": null, "contact:facebook": null, "delivery": null, "description": null, "diet:meat": null, "diet:vegetarian": null, "drive_through": null, "internet_access:ssid": null, "level": null, "payment:debit_cards": null, "smoking": null, "seamark:small_craft_facility:category": null, "seamark:type": null, "sport": null, "brewery": null, "website:menu": null, "contact:instagram": null, "facebook": null, "name:en": null, "theme": null, "ref:vatin": null, "name:ru": null, "branch": null, "changing_table": null, "diet:vegan": null, "highchair": null, "email": null, "contact:phone": null, "takeaway": null, "baby_feeding": null, "kids_area": null, "toilets:access": null, "building": null }, "geometry": { "type": "Point", "coordinates": [ 9.1117675, 39.2178027 ] } },
{ "type": "Feature", "properties": { "element": "node", "id": 4439109993, "amenity": "cafe", "fixme": null, "name": "Niu", "tobacco": null, "cuisine": null, "opening_hours": null, "wheelchair": null, "addr:city": "Cagliari", "addr:street": "Corso Vittorio Emanuele II", "addr:housenumber": null, "addr:postcode": null, "phone": null, "wheelchair:description": null, "source": null, "wifi": null, "toilets:wheelchair": null, "website": null, "outdoor_seating": null, "bar": null, "check_date": null, "operator": null, "payment:bancomat": null, "payment:mastercard": null, "payment:visa": null, "payment:visa_debit": null, "toilets": null, "comment": null, "outdoor_seating:comfort": null, "payment:cash": null, "shop": null, "addr:country": null, "indoor_seating": null, "payment:credit_cards": null, "toilets:number": null, "internet_access": null, "addr:province": null, "addr:suburb": null, "internet_access:fee": null, "check_date:opening_hours": null, "opening_hours:signed": null, "air_conditioning": null, "alt_name": null, "contact:facebook": null, "delivery": null, "description": null, "diet:meat": null, "diet:vegetarian": null, "drive_through": null, "internet_access:ssid": null, "level": null, "payment:debit_cards": null, "smoking": null, "seamark:small_craft_facility:category": null, "seamark:type": null, "sport": null, "brewery": null, "website:menu": null, "contact:instagram": null, "facebook": null, "name:en": null, "theme": null, "ref:vatin": null, "name:ru": null, "branch": null, "changing_table": null, "diet:vegan": null, "highchair": null, "email": null, "contact:phone": null, "takeaway": null, "baby_feeding": null, "kids_area": null, "toilets:access": null, "building": null }, "geometry": { "type": "Point", "coordinates": [ 9.1118944, 39.2177502 ] } },
{ "type": "Feature", "properties": { "element": "node", "id": 4445898487, "amenity": "cafe", "fixme": null, "name": "Pirani", "tobacco": null, "cuisine": null, "opening_hours": null, "wheelchair": null, "addr:city": null, "addr:street": null, "addr:housenumber": null, "addr:postcode": null, "phone": null, "wheelchair:description": null, "source": null, "wifi": null, "toilets:wheelchair": null, "website": null, "outdoor_seating": null, "bar": null, "check_date": null, "operator": null, "payment:bancomat": null, "payment:mastercard": null, "payment:visa": null, "payment:visa_debit": null, "toilets": null, "comment": null, "outdoor_seating:comfort": null, "payment:cash": null, "shop": null, "addr:country": null, "indoor_seating": null, "payment:credit_cards": null, "toilets:number": null, "internet_access": null, "addr:province": null, "addr:suburb": null, "internet_access:fee": null, "check_date:opening_hours": null, "opening_hours:signed": null, "air_conditioning": null, "alt_name": null, "contact:facebook": null, "delivery": null, "description": null, "diet:meat": null, "diet:vegetarian": null, "drive_through": null, "internet_access:ssid": null, "level": null, "payment:debit_cards": null, "smoking": null, "seamark:small_craft_facility:category": null, "seamark:type": null, "sport": null, "brewery": null, "website:menu": null, "contact:instagram": null, "facebook": null, "name:en": null, "theme": null, "ref:vatin": null, "name:ru": null, "branch": null, "changing_table": null, "diet:vegan": null, "highchair": null, "email": null, "contact:phone": null, "takeaway": null, "baby_feeding": null, "kids_area": null, "toilets:access": null, "building": null }, "geometry": { "type": "Point", "coordinates": [ 9.1237058, 39.2225874 ] } },
{ "type": "Feature", "properties": { "element": "node", "id": 4449240589, "amenity": "cafe", "fixme": null, "name": "Bar Rotondo", "tobacco": null, "cuisine": null, "opening_hours": null, "wheelchair": null, "addr:city": null, "addr:street": null, "addr:housenumber": null, "addr:postcode": null, "phone": null, "wheelchair:description": null, "source": null, "wifi": null, "toilets:wheelchair": null, "website": null, "outdoor_seating": null, "bar": null, "check_date": null, "operator": null, "payment:bancomat": null, "payment:mastercard": null, "payment:visa": null, "payment:visa_debit": null, "toilets": null, "comment": null, "outdoor_seating:comfort": null, "payment:cash": null, "shop": null, "addr:country": null, "indoor_seating": null, "payment:credit_cards": null, "toilets:number": null, "internet_access": null, "addr:province": null, "addr:suburb": null, "internet_access:fee": null, "check_date:opening_hours": "2025-03-11", "opening_hours:signed": "no", "air_conditioning": null, "alt_name": null, "contact:facebook": null, "delivery": null, "description": null, "diet:meat": null, "diet:vegetarian": null, "drive_through": null, "internet_access:ssid": null, "level": null, "payment:debit_cards": null, "smoking": null, "seamark:small_craft_facility:category": null, "seamark:type": null, "sport": null, "brewery": null, "website:menu": null, "contact:instagram": null, "facebook": null, "name:en": null, "theme": null, "ref:vatin": null, "name:ru": null, "branch": null, "changing_table": null, "diet:vegan": null, "highchair": null, "email": null, "contact:phone": null, "takeaway": null, "baby_feeding": null, "kids_area": null, "toilets:access": null, "building": null }, "geometry": { "type": "Point", "coordinates": [ 9.1129238, 39.2214647 ] } },
{ "type": "Feature", "properties": { "element": "node", "id": 4449240590, "amenity": "cafe", "fixme": null, "name": "Da Robertino Bar", "tobacco": null, "cuisine": null, "opening_hours": null, "wheelchair": null, "addr:city": null, "addr:street": null, "addr:housenumber": null, "addr:postcode": null, "phone": null, "wheelchair:description": null, "source": null, "wifi": null, "toilets:wheelchair": null, "website": null, "outdoor_seating": null, "bar": null, "check_date": null, "operator": null, "payment:bancomat": null, "payment:mastercard": null, "payment:visa": null, "payment:visa_debit": null, "toilets": null, "comment": null, "outdoor_seating:comfort": null, "payment:cash": null, "shop": null, "addr:country": null, "indoor_seating": null, "payment:credit_cards": null, "toilets:number": null, "internet_access": null, "addr:province": null, "addr:suburb": null, "internet_access:fee": null, "check_date:opening_hours": null, "opening_hours:signed": null, "air_conditioning": null, "alt_name": null, "contact:facebook": null, "delivery": null, "description": null, "diet:meat": null, "diet:vegetarian": null, "drive_through": null, "internet_access:ssid": null, "level": null, "payment:debit_cards": null, "smoking": null, "seamark:small_craft_facility:category": null, "seamark:type": null, "sport": null, "brewery": null, "website:menu": null, "contact:instagram": null, "facebook": null, "name:en": null, "theme": null, "ref:vatin": null, "name:ru": null, "branch": null, "changing_table": null, "diet:vegan": null, "highchair": null, "email": null, "contact:phone": null, "takeaway": null, "baby_feeding": null, "kids_area": null, "toilets:access": null, "building": null }, "geometry": { "type": "Point", "coordinates": [ 9.1121026, 39.2200045 ] } },
{ "type": "Feature", "properties": { "element": "node", "id": 4449256156, "amenity": "cafe", "fixme": null, "name": "Pablo Caffè", "tobacco": null, "cuisine": null, "opening_hours": null, "wheelchair": null, "addr:city": null, "addr:street": "Via Pietro Martini", "addr:housenumber": "20", "addr:postcode": "09124", "phone": null, "wheelchair:description": null, "source": null, "wifi": null, "toilets:wheelchair": null, "website": null, "outdoor_seating": null, "bar": null, "check_date": null, "operator": "Martha Perez Flores", "payment:bancomat": null, "payment:mastercard": null, "payment:visa": null, "payment:visa_debit": null, "toilets": null, "comment": null, "outdoor_seating:comfort": null, "payment:cash": null, "shop": null, "addr:country": null, "indoor_seating": null, "payment:credit_cards": null, "toilets:number": null, "internet_access": null, "addr:province": null, "addr:suburb": null, "internet_access:fee": null, "check_date:opening_hours": "2025-03-11", "opening_hours:signed": "no", "air_conditioning": null, "alt_name": null, "contact:facebook": null, "delivery": null, "description": null, "diet:meat": null, "diet:vegetarian": null, "drive_through": null, "internet_access:ssid": null, "level": null, "payment:debit_cards": null, "smoking": null, "seamark:small_craft_facility:category": null, "seamark:type": null, "sport": null, "brewery": null, "website:menu": null, "contact:instagram": null, "facebook": null, "name:en": null, "theme": null, "ref:vatin": "IT03616070920", "name:ru": null, "branch": null, "changing_table": null, "diet:vegan": null, "highchair": null, "email": null, "contact:phone": null, "takeaway": null, "baby_feeding": null, "kids_area": null, "toilets:access": null, "building": null }, "geometry": { "type": "Point", "coordinates": [ 9.1168781, 39.2202726 ] } },
{ "type": "Feature", "properties": { "element": "node", "id": 4748676825, "amenity": "cafe", "fixme": null, "name": "Caffè Kalaris", "tobacco": null, "cuisine": null, "opening_hours": null, "wheelchair": "no", "addr:city": "Cagliari", "addr:street": null, "addr:housenumber": null, "addr:postcode": null, "phone": null, "wheelchair:description": null, "source": null, "wifi": null, "toilets:wheelchair": null, "website": null, "outdoor_seating": null, "bar": null, "check_date": null, "operator": null, "payment:bancomat": null, "payment:mastercard": null, "payment:visa": null, "payment:visa_debit": null, "toilets": null, "comment": null, "outdoor_seating:comfort": null, "payment:cash": null, "shop": null, "addr:country": null, "indoor_seating": null, "payment:credit_cards": null, "toilets:number": null, "internet_access": null, "addr:province": null, "addr:suburb": null, "internet_access:fee": null, "check_date:opening_hours": null, "opening_hours:signed": null, "air_conditioning": null, "alt_name": null, "contact:facebook": null, "delivery": null, "description": null, "diet:meat": null, "diet:vegetarian": null, "drive_through": null, "internet_access:ssid": null, "level": null, "payment:debit_cards": null, "smoking": null, "seamark:small_craft_facility:category": null, "seamark:type": null, "sport": null, "brewery": null, "website:menu": null, "contact:instagram": null, "facebook": null, "name:en": null, "theme": null, "ref:vatin": null, "name:ru": null, "branch": null, "changing_table": null, "diet:vegan": null, "highchair": null, "email": null, "contact:phone": null, "takeaway": null, "baby_feeding": null, "kids_area": null, "toilets:access": null, "building": null }, "geometry": { "type": "Point", "coordinates": [ 9.11625, 39.21557 ] } },
{ "type": "Feature", "properties": { "element": "node", "id": 4748762524, "amenity": "cafe", "fixme": null, "name": "Caffè Tramer", "tobacco": null, "cuisine": null, "opening_hours": null, "wheelchair": "no", "addr:city": "Cagliari", "addr:street": null, "addr:housenumber": null, "addr:postcode": null, "phone": null, "wheelchair:description": null, "source": null, "wifi": null, "toilets:wheelchair": "no", "website": null, "outdoor_seating": null, "bar": null, "check_date": null, "operator": null, "payment:bancomat": null, "payment:mastercard": null, "payment:visa": null, "payment:visa_debit": null, "toilets": null, "comment": null, "outdoor_seating:comfort": null, "payment:cash": null, "shop": null, "addr:country": null, "indoor_seating": null, "payment:credit_cards": null, "toilets:number": null, "internet_access": null, "addr:province": null, "addr:suburb": null, "internet_access:fee": null, "check_date:opening_hours": null, "opening_hours:signed": null, "air_conditioning": null, "alt_name": null, "contact:facebook": null, "delivery": null, "description": null, "diet:meat": null, "diet:vegetarian": null, "drive_through": null, "internet_access:ssid": null, "level": null, "payment:debit_cards": null, "smoking": null, "seamark:small_craft_facility:category": null, "seamark:type": null, "sport": null, "brewery": null, "website:menu": null, "contact:instagram": null, "facebook": null, "name:en": null, "theme": null, "ref:vatin": null, "name:ru": null, "branch": null, "changing_table": null, "diet:vegan": null, "highchair": null, "email": null, "contact:phone": null, "takeaway": null, "baby_feeding": null, "kids_area": null, "toilets:access": null, "building": null }, "geometry": { "type": "Point", "coordinates": [ 9.1160033, 39.2157433 ] } },
{ "type": "Feature", "properties": { "element": "node", "id": 4748798821, "amenity": "cafe", "fixme": null, "name": "Caffè Scorretto", "tobacco": null, "cuisine": null, "opening_hours": null, "wheelchair": "no", "addr:city": null, "addr:street": null, "addr:housenumber": null, "addr:postcode": null, "phone": null, "wheelchair:description": null, "source": null, "wifi": null, "toilets:wheelchair": null, "website": null, "outdoor_seating": null, "bar": null, "check_date": null, "operator": null, "payment:bancomat": null, "payment:mastercard": null, "payment:visa": null, "payment:visa_debit": null, "toilets": null, "comment": null, "outdoor_seating:comfort": null, "payment:cash": null, "shop": null, "addr:country": null, "indoor_seating": null, "payment:credit_cards": null, "toilets:number": null, "internet_access": null, "addr:province": null, "addr:suburb": null, "internet_access:fee": null, "check_date:opening_hours": null, "opening_hours:signed": null, "air_conditioning": null, "alt_name": null, "contact:facebook": null, "delivery": null, "description": null, "diet:meat": null, "diet:vegetarian": null, "drive_through": null, "internet_access:ssid": null, "level": null, "payment:debit_cards": null, "smoking": null, "seamark:small_craft_facility:category": null, "seamark:type": null, "sport": null, "brewery": null, "website:menu": null, "contact:instagram": null, "facebook": null, "name:en": null, "theme": null, "ref:vatin": null, "name:ru": null, "branch": null, "changing_table": null, "diet:vegan": null, "highchair": null, "email": null, "contact:phone": null, "takeaway": null, "baby_feeding": null, "kids_area": null, "toilets:access": null, "building": null }, "geometry": { "type": "Point", "coordinates": [ 9.1147383, 39.2155933 ] } },
{ "type": "Feature", "properties": { "element": "node", "id": 4748799521, "amenity": "cafe", "fixme": null, "name": "Ohana Cafè", "tobacco": null, "cuisine": null, "opening_hours": null, "wheelchair": "no", "addr:city": null, "addr:street": null, "addr:housenumber": null, "addr:postcode": null, "phone": null, "wheelchair:description": null, "source": null, "wifi": null, "toilets:wheelchair": "no", "website": null, "outdoor_seating": null, "bar": null, "check_date": null, "operator": null, "payment:bancomat": null, "payment:mastercard": null, "payment:visa": null, "payment:visa_debit": null, "toilets": null, "comment": null, "outdoor_seating:comfort": null, "payment:cash": null, "shop": null, "addr:country": null, "indoor_seating": null, "payment:credit_cards": null, "toilets:number": null, "internet_access": null, "addr:province": null, "addr:suburb": null, "internet_access:fee": null, "check_date:opening_hours": null, "opening_hours:signed": null, "air_conditioning": null, "alt_name": null, "contact:facebook": null, "delivery": null, "description": null, "diet:meat": null, "diet:vegetarian": null, "drive_through": null, "internet_access:ssid": null, "level": null, "payment:debit_cards": null, "smoking": null, "seamark:small_craft_facility:category": null, "seamark:type": null, "sport": null, "brewery": null, "website:menu": null, "contact:instagram": null, "facebook": null, "name:en": null, "theme": null, "ref:vatin": null, "name:ru": null, "branch": null, "changing_table": null, "diet:vegan": null, "highchair": null, "email": null, "contact:phone": null, "takeaway": null, "baby_feeding": null, "kids_area": null, "toilets:access": null, "building": null }, "geometry": { "type": "Point", "coordinates": [ 9.1143017, 39.2152367 ] } },
{ "type": "Feature", "properties": { "element": "node", "id": 4748820122, "amenity": "cafe", "fixme": null, "name": "Sweet coffee", "tobacco": null, "cuisine": null, "opening_hours": null, "wheelchair": "no", "addr:city": null, "addr:street": null, "addr:housenumber": null, "addr:postcode": null, "phone": null, "wheelchair:description": null, "source": null, "wifi": null, "toilets:wheelchair": null, "website": null, "outdoor_seating": null, "bar": null, "check_date": null, "operator": null, "payment:bancomat": null, "payment:mastercard": null, "payment:visa": null, "payment:visa_debit": null, "toilets": null, "comment": null, "outdoor_seating:comfort": null, "payment:cash": null, "shop": null, "addr:country": null, "indoor_seating": null, "payment:credit_cards": null, "toilets:number": null, "internet_access": null, "addr:province": null, "addr:suburb": null, "internet_access:fee": null, "check_date:opening_hours": null, "opening_hours:signed": null, "air_conditioning": null, "alt_name": null, "contact:facebook": null, "delivery": null, "description": null, "diet:meat": null, "diet:vegetarian": null, "drive_through": null, "internet_access:ssid": null, "level": null, "payment:debit_cards": null, "smoking": null, "seamark:small_craft_facility:category": null, "seamark:type": null, "sport": null, "brewery": null, "website:menu": null, "contact:instagram": null, "facebook": null, "name:en": null, "theme": null, "ref:vatin": null, "name:ru": null, "branch": null, "changing_table": null, "diet:vegan": null, "highchair": null, "email": null, "contact:phone": null, "takeaway": null, "baby_feeding": null, "kids_area": null, "toilets:access": null, "building": null }, "geometry": { "type": "Point", "coordinates": [ 9.11308, 39.21536 ] } },
{ "type": "Feature", "properties": { "element": "node", "id": 4748830423, "amenity": "cafe", "fixme": null, "name": "Internet cafè", "tobacco": null, "cuisine": null, "opening_hours": null, "wheelchair": "no", "addr:city": null, "addr:street": null, "addr:housenumber": null, "addr:postcode": null, "phone": null, "wheelchair:description": null, "source": null, "wifi": null, "toilets:wheelchair": null, "website": null, "outdoor_seating": null, "bar": null, "check_date": null, "operator": null, "payment:bancomat": null, "payment:mastercard": null, "payment:visa": null, "payment:visa_debit": null, "toilets": null, "comment": null, "outdoor_seating:comfort": null, "payment:cash": null, "shop": null, "addr:country": null, "indoor_seating": null, "payment:credit_cards": null, "toilets:number": null, "internet_access": null, "addr:province": null, "addr:suburb": null, "internet_access:fee": null, "check_date:opening_hours": null, "opening_hours:signed": null, "air_conditioning": null, "alt_name": null, "contact:facebook": null, "delivery": null, "description": null, "diet:meat": null, "diet:vegetarian": null, "drive_through": null, "internet_access:ssid": null, "level": null, "payment:debit_cards": null, "smoking": null, "seamark:small_craft_facility:category": null, "seamark:type": null, "sport": null, "brewery": null, "website:menu": null, "contact:instagram": null, "facebook": null, "name:en": null, "theme": null, "ref:vatin": null, "name:ru": null, "branch": null, "changing_table": null, "diet:vegan": null, "highchair": null, "email": null, "contact:phone": null, "takeaway": null, "baby_feeding": null, "kids_area": null, "toilets:access": null, "building": null }, "geometry": { "type": "Point", "coordinates": [ 9.1131533, 39.21517 ] } },
{ "type": "Feature", "properties": { "element": "node", "id": 4750523023, "amenity": "cafe", "fixme": null, "name": "Nuovo posto", "tobacco": null, "cuisine": null, "opening_hours": null, "wheelchair": "yes", "addr:city": null, "addr:street": null, "addr:housenumber": null, "addr:postcode": null, "phone": null, "wheelchair:description": null, "source": null, "wifi": null, "toilets:wheelchair": null, "website": null, "outdoor_seating": null, "bar": null, "check_date": null, "operator": null, "payment:bancomat": null, "payment:mastercard": null, "payment:visa": null, "payment:visa_debit": null, "toilets": null, "comment": null, "outdoor_seating:comfort": null, "payment:cash": null, "shop": null, "addr:country": null, "indoor_seating": null, "payment:credit_cards": null, "toilets:number": null, "internet_access": null, "addr:province": null, "addr:suburb": null, "internet_access:fee": null, "check_date:opening_hours": null, "opening_hours:signed": null, "air_conditioning": null, "alt_name": null, "contact:facebook": null, "delivery": null, "description": null, "diet:meat": null, "diet:vegetarian": null, "drive_through": null, "internet_access:ssid": null, "level": null, "payment:debit_cards": null, "smoking": null, "seamark:small_craft_facility:category": null, "seamark:type": null, "sport": null, "brewery": null, "website:menu": null, "contact:instagram": null, "facebook": null, "name:en": null, "theme": null, "ref:vatin": null, "name:ru": null, "branch": null, "changing_table": null, "diet:vegan": null, "highchair": null, "email": null, "contact:phone": null, "takeaway": null, "baby_feeding": null, "kids_area": null, "toilets:access": null, "building": null }, "geometry": { "type": "Point", "coordinates": [ 9.1158527, 39.2222777 ] } },
{ "type": "Feature", "properties": { "element": "node", "id": 4803587126, "amenity": "cafe", "fixme": null, "name": "Lilliu barcafe", "tobacco": null, "cuisine": null, "opening_hours": null, "wheelchair": null, "addr:city": null, "addr:street": null, "addr:housenumber": null, "addr:postcode": null, "phone": null, "wheelchair:description": null, "source": null, "wifi": null, "toilets:wheelchair": null, "website": null, "outdoor_seating": null, "bar": null, "check_date": null, "operator": null, "payment:bancomat": null, "payment:mastercard": null, "payment:visa": null, "payment:visa_debit": null, "toilets": null, "comment": null, "outdoor_seating:comfort": null, "payment:cash": null, "shop": null, "addr:country": null, "indoor_seating": null, "payment:credit_cards": null, "toilets:number": null, "internet_access": null, "addr:province": null, "addr:suburb": null, "internet_access:fee": null, "check_date:opening_hours": null, "opening_hours:signed": null, "air_conditioning": null, "alt_name": null, "contact:facebook": null, "delivery": null, "description": null, "diet:meat": null, "diet:vegetarian": null, "drive_through": null, "internet_access:ssid": null, "level": null, "payment:debit_cards": null, "smoking": null, "seamark:small_craft_facility:category": null, "seamark:type": null, "sport": null, "brewery": null, "website:menu": null, "contact:instagram": null, "facebook": null, "name:en": null, "theme": null, "ref:vatin": null, "name:ru": null, "branch": null, "changing_table": null, "diet:vegan": null, "highchair": null, "email": null, "contact:phone": null, "takeaway": null, "baby_feeding": null, "kids_area": null, "toilets:access": null, "building": null }, "geometry": { "type": "Point", "coordinates": [ 9.1138995, 39.2133036 ] } },
{ "type": "Feature", "properties": { "element": "node", "id": 5122501622, "amenity": "cafe", "fixme": null, "name": "Matthew's Bar", "tobacco": null, "cuisine": null, "opening_hours": null, "wheelchair": null, "addr:city": null, "addr:street": "Via San Giovanni", "addr:housenumber": "388", "addr:postcode": null, "phone": null, "wheelchair:description": null, "source": null, "wifi": null, "toilets:wheelchair": null, "website": null, "outdoor_seating": null, "bar": null, "check_date": "2023-09-10", "operator": null, "payment:bancomat": null, "payment:mastercard": null, "payment:visa": null, "payment:visa_debit": null, "toilets": null, "comment": null, "outdoor_seating:comfort": null, "payment:cash": null, "shop": null, "addr:country": null, "indoor_seating": null, "payment:credit_cards": null, "toilets:number": null, "internet_access": null, "addr:province": null, "addr:suburb": null, "internet_access:fee": null, "check_date:opening_hours": null, "opening_hours:signed": null, "air_conditioning": null, "alt_name": null, "contact:facebook": null, "delivery": null, "description": null, "diet:meat": null, "diet:vegetarian": null, "drive_through": null, "internet_access:ssid": null, "level": null, "payment:debit_cards": null, "smoking": null, "seamark:small_craft_facility:category": null, "seamark:type": null, "sport": null, "brewery": null, "website:menu": null, "contact:instagram": null, "facebook": null, "name:en": null, "theme": null, "ref:vatin": null, "name:ru": null, "branch": null, "changing_table": null, "diet:vegan": null, "highchair": null, "email": null, "contact:phone": null, "takeaway": null, "baby_feeding": null, "kids_area": null, "toilets:access": null, "building": null }, "geometry": { "type": "Point", "coordinates": [ 9.1198922, 39.2238254 ] } },
{ "type": "Feature", "properties": { "element": "node", "id": 5626280721, "amenity": "cafe", "fixme": null, "name": "cafè Etnico", "tobacco": null, "cuisine": null, "opening_hours": null, "wheelchair": null, "addr:city": null, "addr:street": null, "addr:housenumber": null, "addr:postcode": null, "phone": null, "wheelchair:description": null, "source": null, "wifi": null, "toilets:wheelchair": null, "website": null, "outdoor_seating": null, "bar": null, "check_date": null, "operator": null, "payment:bancomat": null, "payment:mastercard": null, "payment:visa": null, "payment:visa_debit": null, "toilets": null, "comment": null, "outdoor_seating:comfort": null, "payment:cash": null, "shop": null, "addr:country": null, "indoor_seating": null, "payment:credit_cards": null, "toilets:number": null, "internet_access": null, "addr:province": null, "addr:suburb": null, "internet_access:fee": null, "check_date:opening_hours": null, "opening_hours:signed": null, "air_conditioning": null, "alt_name": null, "contact:facebook": null, "delivery": null, "description": null, "diet:meat": null, "diet:vegetarian": null, "drive_through": null, "internet_access:ssid": null, "level": null, "payment:debit_cards": null, "smoking": null, "seamark:small_craft_facility:category": null, "seamark:type": null, "sport": null, "brewery": null, "website:menu": null, "contact:instagram": null, "facebook": null, "name:en": null, "theme": null, "ref:vatin": null, "name:ru": null, "branch": null, "changing_table": null, "diet:vegan": null, "highchair": null, "email": null, "contact:phone": null, "takeaway": null, "baby_feeding": null, "kids_area": null, "toilets:access": null, "building": null }, "geometry": { "type": "Point", "coordinates": [ 9.136399, 39.2038119 ] } },
{ "type": "Feature", "properties": { "element": "node", "id": 5710857121, "amenity": "cafe", "fixme": null, "name": "Cafe", "tobacco": null, "cuisine": null, "opening_hours": null, "wheelchair": null, "addr:city": null, "addr:street": null, "addr:housenumber": null, "addr:postcode": null, "phone": null, "wheelchair:description": null, "source": null, "wifi": null, "toilets:wheelchair": null, "website": null, "outdoor_seating": null, "bar": null, "check_date": null, "operator": null, "payment:bancomat": null, "payment:mastercard": null, "payment:visa": null, "payment:visa_debit": null, "toilets": null, "comment": null, "outdoor_seating:comfort": null, "payment:cash": null, "shop": null, "addr:country": null, "indoor_seating": null, "payment:credit_cards": null, "toilets:number": null, "internet_access": null, "addr:province": null, "addr:suburb": null, "internet_access:fee": null, "check_date:opening_hours": null, "opening_hours:signed": null, "air_conditioning": null, "alt_name": null, "contact:facebook": null, "delivery": null, "description": null, "diet:meat": null, "diet:vegetarian": null, "drive_through": null, "internet_access:ssid": null, "level": null, "payment:debit_cards": null, "smoking": null, "seamark:small_craft_facility:category": null, "seamark:type": null, "sport": null, "brewery": null, "website:menu": null, "contact:instagram": null, "facebook": null, "name:en": null, "theme": null, "ref:vatin": null, "name:ru": "Кафе", "branch": null, "changing_table": null, "diet:vegan": null, "highchair": null, "email": null, "contact:phone": null, "takeaway": null, "baby_feeding": null, "kids_area": null, "toilets:access": null, "building": null }, "geometry": { "type": "Point", "coordinates": [ 9.1467622, 39.2054335 ] } },
{ "type": "Feature", "properties": { "element": "node", "id": 5800738655, "amenity": "cafe", "fixme": null, "name": "Avion's bat", "tobacco": null, "cuisine": null, "opening_hours": null, "wheelchair": "limited", "addr:city": null, "addr:street": null, "addr:housenumber": null, "addr:postcode": null, "phone": null, "wheelchair:description": null, "source": null, "wifi": null, "toilets:wheelchair": null, "website": null, "outdoor_seating": null, "bar": null, "check_date": null, "operator": null, "payment:bancomat": null, "payment:mastercard": null, "payment:visa": null, "payment:visa_debit": null, "toilets": null, "comment": null, "outdoor_seating:comfort": null, "payment:cash": null, "shop": null, "addr:country": null, "indoor_seating": null, "payment:credit_cards": null, "toilets:number": null, "internet_access": null, "addr:province": null, "addr:suburb": null, "internet_access:fee": null, "check_date:opening_hours": null, "opening_hours:signed": null, "air_conditioning": null, "alt_name": null, "contact:facebook": null, "delivery": null, "description": null, "diet:meat": null, "diet:vegetarian": null, "drive_through": null, "internet_access:ssid": null, "level": null, "payment:debit_cards": null, "smoking": null, "seamark:small_craft_facility:category": null, "seamark:type": null, "sport": null, "brewery": null, "website:menu": null, "contact:instagram": null, "facebook": null, "name:en": null, "theme": null, "ref:vatin": null, "name:ru": null, "branch": null, "changing_table": null, "diet:vegan": null, "highchair": null, "email": null, "contact:phone": null, "takeaway": null, "baby_feeding": null, "kids_area": null, "toilets:access": null, "building": null }, "geometry": { "type": "Point", "coordinates": [ 9.110125, 39.2154467 ] } },
{ "type": "Feature", "properties": { "element": "node", "id": 5827148999, "amenity": "cafe", "fixme": null, "name": "CUCINA.eat", "tobacco": null, "cuisine": null, "opening_hours": null, "wheelchair": null, "addr:city": "Cagliari", "addr:street": "Piazza Galileo Galilei", "addr:housenumber": "1", "addr:postcode": "09128", "phone": null, "wheelchair:description": null, "source": null, "wifi": null, "toilets:wheelchair": null, "website": "https://www.shopcucina.it/", "outdoor_seating": null, "bar": null, "check_date": null, "operator": null, "payment:bancomat": null, "payment:mastercard": null, "payment:visa": null, "payment:visa_debit": null, "toilets": null, "comment": null, "outdoor_seating:comfort": null, "payment:cash": null, "shop": null, "addr:country": null, "indoor_seating": null, "payment:credit_cards": null, "toilets:number": null, "internet_access": null, "addr:province": null, "addr:suburb": null, "internet_access:fee": null, "check_date:opening_hours": null, "opening_hours:signed": null, "air_conditioning": null, "alt_name": null, "contact:facebook": null, "delivery": null, "description": null, "diet:meat": null, "diet:vegetarian": null, "drive_through": null, "internet_access:ssid": null, "level": null, "payment:debit_cards": null, "smoking": null, "seamark:small_craft_facility:category": null, "seamark:type": null, "sport": null, "brewery": null, "website:menu": null, "contact:instagram": null, "facebook": null, "name:en": null, "theme": null, "ref:vatin": null, "name:ru": null, "branch": null, "changing_table": null, "diet:vegan": null, "highchair": null, "email": null, "contact:phone": null, "takeaway": null, "baby_feeding": null, "kids_area": null, "toilets:access": null, "building": null }, "geometry": { "type": "Point", "coordinates": [ 9.1222796, 39.2203314 ] } },
{ "type": "Feature", "properties": { "element": "node", "id": 5975170985, "amenity": "cafe", "fixme": null, "name": "Metzcal", "tobacco": null, "cuisine": null, "opening_hours": null, "wheelchair": null, "addr:city": "Cagliari", "addr:street": "Piazza Yenne", "addr:housenumber": null, "addr:postcode": null, "phone": null, "wheelchair:description": null, "source": null, "wifi": null, "toilets:wheelchair": null, "website": null, "outdoor_seating": null, "bar": null, "check_date": "2023-09-06", "operator": null, "payment:bancomat": null, "payment:mastercard": null, "payment:visa": null, "payment:visa_debit": null, "toilets": null, "comment": null, "outdoor_seating:comfort": null, "payment:cash": null, "shop": null, "addr:country": null, "indoor_seating": null, "payment:credit_cards": null, "toilets:number": null, "internet_access": null, "addr:province": null, "addr:suburb": null, "internet_access:fee": null, "check_date:opening_hours": null, "opening_hours:signed": null, "air_conditioning": null, "alt_name": null, "contact:facebook": null, "delivery": null, "description": null, "diet:meat": null, "diet:vegetarian": null, "drive_through": null, "internet_access:ssid": null, "level": null, "payment:debit_cards": null, "smoking": null, "seamark:small_craft_facility:category": null, "seamark:type": null, "sport": null, "brewery": null, "website:menu": null, "contact:instagram": null, "facebook": null, "name:en": null, "theme": null, "ref:vatin": null, "name:ru": null, "branch": null, "changing_table": null, "diet:vegan": null, "highchair": null, "email": null, "contact:phone": null, "takeaway": null, "baby_feeding": null, "kids_area": null, "toilets:access": null, "building": null }, "geometry": { "type": "Point", "coordinates": [ 9.1140264, 39.2178979 ] } },
{ "type": "Feature", "properties": { "element": "node", "id": 6086282099, "amenity": "cafe", "fixme": null, "name": "Bar Diamante", "tobacco": null, "cuisine": null, "opening_hours": null, "wheelchair": null, "addr:city": null, "addr:street": "Via dei Giudicati", "addr:housenumber": null, "addr:postcode": null, "phone": null, "wheelchair:description": null, "source": null, "wifi": null, "toilets:wheelchair": null, "website": null, "outdoor_seating": "no", "bar": null, "check_date": null, "operator": null, "payment:bancomat": null, "payment:mastercard": null, "payment:visa": null, "payment:visa_debit": null, "toilets": null, "comment": null, "outdoor_seating:comfort": null, "payment:cash": null, "shop": null, "addr:country": null, "indoor_seating": null, "payment:credit_cards": null, "toilets:number": null, "internet_access": null, "addr:province": null, "addr:suburb": null, "internet_access:fee": null, "check_date:opening_hours": null, "opening_hours:signed": null, "air_conditioning": null, "alt_name": null, "contact:facebook": null, "delivery": null, "description": null, "diet:meat": null, "diet:vegetarian": null, "drive_through": null, "internet_access:ssid": null, "level": null, "payment:debit_cards": null, "smoking": null, "seamark:small_craft_facility:category": null, "seamark:type": null, "sport": null, "brewery": null, "website:menu": null, "contact:instagram": null, "facebook": null, "name:en": null, "theme": null, "ref:vatin": null, "name:ru": null, "branch": null, "changing_table": null, "diet:vegan": null, "highchair": null, "email": null, "contact:phone": null, "takeaway": null, "baby_feeding": null, "kids_area": null, "toilets:access": null, "building": null }, "geometry": { "type": "Point", "coordinates": [ 9.1201395, 39.2288119 ] } },
{ "type": "Feature", "properties": { "element": "node", "id": 6342097579, "amenity": "cafe", "fixme": null, "name": "Red Rocks cafe", "tobacco": null, "cuisine": null, "opening_hours": null, "wheelchair": null, "addr:city": "Cagliari", "addr:street": "Via dei Donoratico", "addr:housenumber": "55", "addr:postcode": "09131", "phone": null, "wheelchair:description": null, "source": null, "wifi": null, "toilets:wheelchair": null, "website": null, "outdoor_seating": null, "bar": null, "check_date": null, "operator": null, "payment:bancomat": null, "payment:mastercard": null, "payment:visa": null, "payment:visa_debit": null, "toilets": null, "comment": null, "outdoor_seating:comfort": null, "payment:cash": null, "shop": null, "addr:country": null, "indoor_seating": null, "payment:credit_cards": null, "toilets:number": null, "internet_access": null, "addr:province": null, "addr:suburb": null, "internet_access:fee": null, "check_date:opening_hours": null, "opening_hours:signed": null, "air_conditioning": null, "alt_name": null, "contact:facebook": null, "delivery": null, "description": null, "diet:meat": null, "diet:vegetarian": null, "drive_through": null, "internet_access:ssid": null, "level": null, "payment:debit_cards": null, "smoking": null, "seamark:small_craft_facility:category": null, "seamark:type": null, "sport": null, "brewery": null, "website:menu": null, "contact:instagram": null, "facebook": null, "name:en": null, "theme": null, "ref:vatin": null, "name:ru": null, "branch": null, "changing_table": null, "diet:vegan": null, "highchair": null, "email": null, "contact:phone": null, "takeaway": null, "baby_feeding": null, "kids_area": null, "toilets:access": null, "building": null }, "geometry": { "type": "Point", "coordinates": [ 9.1233872, 39.2303641 ] } },
{ "type": "Feature", "properties": { "element": "node", "id": 7057630386, "amenity": "cafe", "fixme": null, "name": "Hop Corner", "tobacco": null, "cuisine": null, "opening_hours": null, "wheelchair": null, "addr:city": null, "addr:street": null, "addr:housenumber": null, "addr:postcode": null, "phone": null, "wheelchair:description": null, "source": null, "wifi": null, "toilets:wheelchair": null, "website": null, "outdoor_seating": null, "bar": null, "check_date": null, "operator": null, "payment:bancomat": null, "payment:mastercard": null, "payment:visa": null, "payment:visa_debit": null, "toilets": null, "comment": null, "outdoor_seating:comfort": null, "payment:cash": null, "shop": null, "addr:country": null, "indoor_seating": null, "payment:credit_cards": null, "toilets:number": null, "internet_access": null, "addr:province": null, "addr:suburb": null, "internet_access:fee": null, "check_date:opening_hours": null, "opening_hours:signed": null, "air_conditioning": null, "alt_name": null, "contact:facebook": null, "delivery": null, "description": null, "diet:meat": null, "diet:vegetarian": null, "drive_through": null, "internet_access:ssid": null, "level": null, "payment:debit_cards": null, "smoking": null, "seamark:small_craft_facility:category": null, "seamark:type": null, "sport": null, "brewery": null, "website:menu": null, "contact:instagram": null, "facebook": null, "name:en": null, "theme": null, "ref:vatin": null, "name:ru": null, "branch": null, "changing_table": null, "diet:vegan": null, "highchair": null, "email": null, "contact:phone": null, "takeaway": null, "baby_feeding": null, "kids_area": null, "toilets:access": null, "building": null }, "geometry": { "type": "Point", "coordinates": [ 9.11539, 39.2152857 ] } },
{ "type": "Feature", "properties": { "element": "node", "id": 7057664985, "amenity": "cafe", "fixme": null, "name": "Muzak", "tobacco": null, "cuisine": null, "opening_hours": null, "wheelchair": null, "addr:city": null, "addr:street": null, "addr:housenumber": null, "addr:postcode": null, "phone": null, "wheelchair:description": null, "source": null, "wifi": null, "toilets:wheelchair": null, "website": null, "outdoor_seating": null, "bar": null, "check_date": null, "operator": null, "payment:bancomat": null, "payment:mastercard": null, "payment:visa": null, "payment:visa_debit": null, "toilets": null, "comment": null, "outdoor_seating:comfort": null, "payment:cash": null, "shop": null, "addr:country": null, "indoor_seating": null, "payment:credit_cards": null, "toilets:number": null, "internet_access": null, "addr:province": null, "addr:suburb": null, "internet_access:fee": null, "check_date:opening_hours": null, "opening_hours:signed": null, "air_conditioning": null, "alt_name": null, "contact:facebook": null, "delivery": null, "description": null, "diet:meat": null, "diet:vegetarian": null, "drive_through": null, "internet_access:ssid": null, "level": null, "payment:debit_cards": null, "smoking": null, "seamark:small_craft_facility:category": null, "seamark:type": null, "sport": null, "brewery": null, "website:menu": null, "contact:instagram": null, "facebook": null, "name:en": null, "theme": null, "ref:vatin": null, "name:ru": null, "branch": null, "changing_table": null, "diet:vegan": null, "highchair": null, "email": null, "contact:phone": null, "takeaway": null, "baby_feeding": null, "kids_area": null, "toilets:access": null, "building": null }, "geometry": { "type": "Point", "coordinates": [ 9.1154113, 39.2188064 ] } },
{ "type": "Feature", "properties": { "element": "node", "id": 7080474585, "amenity": "cafe", "fixme": null, "name": "Plato", "tobacco": null, "cuisine": null, "opening_hours": "Mo-Su 07:00-01:00", "wheelchair": null, "addr:city": null, "addr:street": "Via della Pineta", "addr:housenumber": "88", "addr:postcode": null, "phone": "+39 370 1163167", "wheelchair:description": null, "source": null, "wifi": null, "toilets:wheelchair": null, "website": "https://facebook.com/platocafe", "outdoor_seating": null, "bar": null, "check_date": null, "operator": null, "payment:bancomat": null, "payment:mastercard": null, "payment:visa": null, "payment:visa_debit": null, "toilets": null, "comment": null, "outdoor_seating:comfort": null, "payment:cash": null, "shop": null, "addr:country": null, "indoor_seating": null, "payment:credit_cards": null, "toilets:number": null, "internet_access": "wlan", "addr:province": null, "addr:suburb": null, "internet_access:fee": null, "check_date:opening_hours": null, "opening_hours:signed": null, "air_conditioning": null, "alt_name": null, "contact:facebook": null, "delivery": null, "description": null, "diet:meat": null, "diet:vegetarian": null, "drive_through": null, "internet_access:ssid": null, "level": null, "payment:debit_cards": null, "smoking": null, "seamark:small_craft_facility:category": null, "seamark:type": null, "sport": null, "brewery": null, "website:menu": null, "contact:instagram": null, "facebook": null, "name:en": null, "theme": null, "ref:vatin": null, "name:ru": null, "branch": null, "changing_table": null, "diet:vegan": null, "highchair": null, "email": null, "contact:phone": null, "takeaway": null, "baby_feeding": null, "kids_area": null, "toilets:access": null, "building": null }, "geometry": { "type": "Point", "coordinates": [ 9.1327135, 39.2089254 ] } },
{ "type": "Feature", "properties": { "element": "node", "id": 7276576886, "amenity": "cafe", "fixme": null, "name": "Florio", "tobacco": null, "cuisine": null, "opening_hours": null, "wheelchair": null, "addr:city": null, "addr:street": null, "addr:housenumber": null, "addr:postcode": null, "phone": null, "wheelchair:description": null, "source": null, "wifi": null, "toilets:wheelchair": null, "website": null, "outdoor_seating": "yes", "bar": null, "check_date": null, "operator": null, "payment:bancomat": null, "payment:mastercard": null, "payment:visa": null, "payment:visa_debit": null, "toilets": null, "comment": null, "outdoor_seating:comfort": null, "payment:cash": null, "shop": null, "addr:country": null, "indoor_seating": "yes", "payment:credit_cards": null, "toilets:number": null, "internet_access": null, "addr:province": null, "addr:suburb": null, "internet_access:fee": null, "check_date:opening_hours": null, "opening_hours:signed": null, "air_conditioning": null, "alt_name": null, "contact:facebook": null, "delivery": null, "description": null, "diet:meat": null, "diet:vegetarian": null, "drive_through": null, "internet_access:ssid": null, "level": null, "payment:debit_cards": null, "smoking": null, "seamark:small_craft_facility:category": null, "seamark:type": null, "sport": null, "brewery": null, "website:menu": null, "contact:instagram": null, "facebook": null, "name:en": "Bar Florio", "theme": null, "ref:vatin": null, "name:ru": null, "branch": null, "changing_table": null, "diet:vegan": null, "highchair": null, "email": null, "contact:phone": null, "takeaway": null, "baby_feeding": null, "kids_area": null, "toilets:access": null, "building": null }, "geometry": { "type": "Point", "coordinates": [ 9.1195196, 39.2185927 ] } },
{ "type": "Feature", "properties": { "element": "node", "id": 7354564221, "amenity": "cafe", "fixme": null, "name": "Bar Monte Urpinu", "tobacco": null, "cuisine": null, "opening_hours": "07:00-21:30", "wheelchair": "yes", "addr:city": "Cagliari", "addr:street": "Via Vittorio Angius", "addr:housenumber": "33", "addr:postcode": "09129", "phone": null, "wheelchair:description": null, "source": null, "wifi": null, "toilets:wheelchair": null, "website": null, "outdoor_seating": null, "bar": null, "check_date": null, "operator": null, "payment:bancomat": null, "payment:mastercard": null, "payment:visa": null, "payment:visa_debit": null, "toilets": null, "comment": null, "outdoor_seating:comfort": null, "payment:cash": null, "shop": null, "addr:country": null, "indoor_seating": null, "payment:credit_cards": null, "toilets:number": null, "internet_access": null, "addr:province": null, "addr:suburb": null, "internet_access:fee": null, "check_date:opening_hours": null, "opening_hours:signed": null, "air_conditioning": null, "alt_name": null, "contact:facebook": null, "delivery": null, "description": null, "diet:meat": null, "diet:vegetarian": null, "drive_through": null, "internet_access:ssid": null, "level": null, "payment:debit_cards": null, "smoking": null, "seamark:small_craft_facility:category": null, "seamark:type": null, "sport": null, "brewery": null, "website:menu": null, "contact:instagram": null, "facebook": null, "name:en": null, "theme": null, "ref:vatin": null, "name:ru": null, "branch": null, "changing_table": null, "diet:vegan": null, "highchair": null, "email": null, "contact:phone": null, "takeaway": null, "baby_feeding": null, "kids_area": null, "toilets:access": null, "building": null }, "geometry": { "type": "Point", "coordinates": [ 9.1332647, 39.2199622 ] } },
{ "type": "Feature", "properties": { "element": "node", "id": 8241311696, "amenity": "cafe", "fixme": null, "name": "Bihò", "tobacco": null, "cuisine": null, "opening_hours": null, "wheelchair": null, "addr:city": null, "addr:street": null, "addr:housenumber": null, "addr:postcode": null, "phone": null, "wheelchair:description": null, "source": null, "wifi": null, "toilets:wheelchair": null, "website": null, "outdoor_seating": null, "bar": null, "check_date": null, "operator": null, "payment:bancomat": null, "payment:mastercard": null, "payment:visa": null, "payment:visa_debit": null, "toilets": null, "comment": null, "outdoor_seating:comfort": null, "payment:cash": null, "shop": null, "addr:country": null, "indoor_seating": null, "payment:credit_cards": null, "toilets:number": null, "internet_access": null, "addr:province": null, "addr:suburb": null, "internet_access:fee": null, "check_date:opening_hours": null, "opening_hours:signed": null, "air_conditioning": null, "alt_name": null, "contact:facebook": null, "delivery": null, "description": null, "diet:meat": null, "diet:vegetarian": null, "drive_through": null, "internet_access:ssid": null, "level": null, "payment:debit_cards": null, "smoking": null, "seamark:small_craft_facility:category": null, "seamark:type": null, "sport": null, "brewery": null, "website:menu": null, "contact:instagram": null, "facebook": null, "name:en": null, "theme": null, "ref:vatin": null, "name:ru": null, "branch": null, "changing_table": null, "diet:vegan": null, "highchair": null, "email": null, "contact:phone": null, "takeaway": null, "baby_feeding": null, "kids_area": null, "toilets:access": null, "building": null }, "geometry": { "type": "Point", "coordinates": [ 9.1243942, 39.2137791 ] } },
{ "type": "Feature", "properties": { "element": "node", "id": 8987194346, "amenity": "cafe", "fixme": null, "name": "Todde", "tobacco": null, "cuisine": null, "opening_hours": null, "wheelchair": null, "addr:city": null, "addr:street": null, "addr:housenumber": null, "addr:postcode": null, "phone": null, "wheelchair:description": null, "source": null, "wifi": null, "toilets:wheelchair": null, "website": null, "outdoor_seating": null, "bar": null, "check_date": null, "operator": null, "payment:bancomat": null, "payment:mastercard": null, "payment:visa": null, "payment:visa_debit": null, "toilets": null, "comment": null, "outdoor_seating:comfort": null, "payment:cash": null, "shop": "pastry", "addr:country": null, "indoor_seating": null, "payment:credit_cards": null, "toilets:number": null, "internet_access": null, "addr:province": null, "addr:suburb": null, "internet_access:fee": null, "check_date:opening_hours": null, "opening_hours:signed": null, "air_conditioning": null, "alt_name": null, "contact:facebook": null, "delivery": null, "description": null, "diet:meat": null, "diet:vegetarian": null, "drive_through": null, "internet_access:ssid": null, "level": null, "payment:debit_cards": null, "smoking": null, "seamark:small_craft_facility:category": null, "seamark:type": null, "sport": null, "brewery": null, "website:menu": null, "contact:instagram": null, "facebook": null, "name:en": null, "theme": null, "ref:vatin": null, "name:ru": null, "branch": null, "changing_table": null, "diet:vegan": null, "highchair": null, "email": null, "contact:phone": null, "takeaway": null, "baby_feeding": null, "kids_area": null, "toilets:access": null, "building": null }, "geometry": { "type": "Point", "coordinates": [ 9.1428123, 39.2385241 ] } },
{ "type": "Feature", "properties": { "element": "node", "id": 9554097682, "amenity": "cafe", "fixme": null, "name": "Loyal", "tobacco": null, "cuisine": null, "opening_hours": null, "wheelchair": null, "addr:city": "Cagliari", "addr:street": "Via Guglielmo Marconi", "addr:housenumber": "161", "addr:postcode": "09131", "phone": "+39 350 584 0431", "wheelchair:description": null, "source": null, "wifi": null, "toilets:wheelchair": null, "website": "https://www.loyalcagliari.it/", "outdoor_seating": null, "bar": null, "check_date": null, "operator": null, "payment:bancomat": null, "payment:mastercard": null, "payment:visa": null, "payment:visa_debit": null, "toilets": null, "comment": null, "outdoor_seating:comfort": null, "payment:cash": null, "shop": null, "addr:country": null, "indoor_seating": null, "payment:credit_cards": null, "toilets:number": null, "internet_access": null, "addr:province": null, "addr:suburb": null, "internet_access:fee": null, "check_date:opening_hours": null, "opening_hours:signed": null, "air_conditioning": null, "alt_name": null, "contact:facebook": null, "delivery": null, "description": null, "diet:meat": null, "diet:vegetarian": null, "drive_through": null, "internet_access:ssid": null, "level": null, "payment:debit_cards": null, "smoking": null, "seamark:small_craft_facility:category": null, "seamark:type": null, "sport": null, "brewery": null, "website:menu": null, "contact:instagram": null, "facebook": null, "name:en": null, "theme": null, "ref:vatin": null, "name:ru": null, "branch": "Cagliari", "changing_table": null, "diet:vegan": null, "highchair": null, "email": null, "contact:phone": null, "takeaway": null, "baby_feeding": null, "kids_area": null, "toilets:access": null, "building": null }, "geometry": { "type": "Point", "coordinates": [ 9.139365, 39.2346105 ] } },
{ "type": "Feature", "properties": { "element": "node", "id": 9554564986, "amenity": "cafe", "fixme": null, "name": "Bar Ghiani", "tobacco": null, "cuisine": null, "opening_hours": "06:00-18:00", "wheelchair": null, "addr:city": null, "addr:street": "Via Ospedale", "addr:housenumber": "101", "addr:postcode": null, "phone": null, "wheelchair:description": null, "source": null, "wifi": null, "toilets:wheelchair": null, "website": null, "outdoor_seating": null, "bar": null, "check_date": null, "operator": null, "payment:bancomat": null, "payment:mastercard": null, "payment:visa": null, "payment:visa_debit": null, "toilets": null, "comment": null, "outdoor_seating:comfort": null, "payment:cash": null, "shop": null, "addr:country": null, "indoor_seating": null, "payment:credit_cards": null, "toilets:number": null, "internet_access": null, "addr:province": null, "addr:suburb": null, "internet_access:fee": null, "check_date:opening_hours": null, "opening_hours:signed": null, "air_conditioning": null, "alt_name": null, "contact:facebook": null, "delivery": null, "description": null, "diet:meat": null, "diet:vegetarian": null, "drive_through": null, "internet_access:ssid": null, "level": null, "payment:debit_cards": null, "smoking": null, "seamark:small_craft_facility:category": null, "seamark:type": null, "sport": null, "brewery": null, "website:menu": null, "contact:instagram": null, "facebook": null, "name:en": null, "theme": null, "ref:vatin": null, "name:ru": null, "branch": null, "changing_table": null, "diet:vegan": null, "highchair": null, "email": null, "contact:phone": null, "takeaway": null, "baby_feeding": null, "kids_area": null, "toilets:access": null, "building": null }, "geometry": { "type": "Point", "coordinates": [ 9.1126664, 39.2209997 ] } },
{ "type": "Feature", "properties": { "element": "node", "id": 9597919039, "amenity": "cafe", "fixme": null, "name": "Pirani", "tobacco": null, "cuisine": null, "opening_hours": null, "wheelchair": null, "addr:city": null, "addr:street": null, "addr:housenumber": null, "addr:postcode": null, "phone": null, "wheelchair:description": null, "source": null, "wifi": null, "toilets:wheelchair": null, "website": null, "outdoor_seating": null, "bar": null, "check_date": null, "operator": null, "payment:bancomat": null, "payment:mastercard": null, "payment:visa": null, "payment:visa_debit": null, "toilets": null, "comment": null, "outdoor_seating:comfort": null, "payment:cash": null, "shop": null, "addr:country": null, "indoor_seating": null, "payment:credit_cards": null, "toilets:number": null, "internet_access": null, "addr:province": null, "addr:suburb": null, "internet_access:fee": null, "check_date:opening_hours": null, "opening_hours:signed": null, "air_conditioning": null, "alt_name": null, "contact:facebook": null, "delivery": null, "description": null, "diet:meat": null, "diet:vegetarian": null, "drive_through": null, "internet_access:ssid": null, "level": null, "payment:debit_cards": null, "smoking": null, "seamark:small_craft_facility:category": null, "seamark:type": null, "sport": null, "brewery": null, "website:menu": null, "contact:instagram": null, "facebook": null, "name:en": null, "theme": null, "ref:vatin": null, "name:ru": null, "branch": null, "changing_table": null, "diet:vegan": null, "highchair": null, "email": null, "contact:phone": null, "takeaway": null, "baby_feeding": null, "kids_area": null, "toilets:access": null, "building": null }, "geometry": { "type": "Point", "coordinates": [ 9.1041246, 39.2154744 ] } },
{ "type": "Feature", "properties": { "element": "node", "id": 10043334520, "amenity": "cafe", "fixme": null, "name": "Flavius", "tobacco": null, "cuisine": null, "opening_hours": null, "wheelchair": null, "addr:city": null, "addr:street": null, "addr:housenumber": null, "addr:postcode": null, "phone": null, "wheelchair:description": null, "source": null, "wifi": null, "toilets:wheelchair": null, "website": null, "outdoor_seating": null, "bar": null, "check_date": null, "operator": null, "payment:bancomat": null, "payment:mastercard": null, "payment:visa": null, "payment:visa_debit": null, "toilets": null, "comment": null, "outdoor_seating:comfort": null, "payment:cash": null, "shop": null, "addr:country": null, "indoor_seating": null, "payment:credit_cards": null, "toilets:number": null, "internet_access": null, "addr:province": null, "addr:suburb": null, "internet_access:fee": null, "check_date:opening_hours": null, "opening_hours:signed": null, "air_conditioning": null, "alt_name": null, "contact:facebook": null, "delivery": null, "description": null, "diet:meat": null, "diet:vegetarian": null, "drive_through": null, "internet_access:ssid": null, "level": null, "payment:debit_cards": null, "smoking": null, "seamark:small_craft_facility:category": null, "seamark:type": null, "sport": null, "brewery": null, "website:menu": null, "contact:instagram": null, "facebook": null, "name:en": null, "theme": null, "ref:vatin": null, "name:ru": null, "branch": null, "changing_table": null, "diet:vegan": null, "highchair": null, "email": null, "contact:phone": null, "takeaway": null, "baby_feeding": null, "kids_area": null, "toilets:access": null, "building": null }, "geometry": { "type": "Point", "coordinates": [ 9.1099572, 39.2208222 ] } },
{ "type": "Feature", "properties": { "element": "node", "id": 11155707940, "amenity": "cafe", "fixme": null, "name": "Rafè", "tobacco": null, "cuisine": "cafe;italian", "opening_hours": null, "wheelchair": "yes", "addr:city": "Cagliari", "addr:street": "Via Sardegna", "addr:housenumber": "58a", "addr:postcode": "09124", "phone": null, "wheelchair:description": null, "source": null, "wifi": null, "toilets:wheelchair": "no", "website": null, "outdoor_seating": "pedestrian_zone", "bar": "yes", "check_date": "2023-09-10", "operator": "Oyster and More s.r.l.", "payment:bancomat": "yes", "payment:mastercard": "yes", "payment:visa": "yes", "payment:visa_debit": "yes", "toilets": "yes", "comment": null, "outdoor_seating:comfort": null, "payment:cash": "yes", "shop": null, "addr:country": null, "indoor_seating": null, "payment:credit_cards": null, "toilets:number": null, "internet_access": null, "addr:province": null, "addr:suburb": null, "internet_access:fee": null, "check_date:opening_hours": null, "opening_hours:signed": null, "air_conditioning": null, "alt_name": null, "contact:facebook": null, "delivery": null, "description": null, "diet:meat": null, "diet:vegetarian": null, "drive_through": null, "internet_access:ssid": null, "level": null, "payment:debit_cards": null, "smoking": null, "seamark:small_craft_facility:category": null, "seamark:type": null, "sport": null, "brewery": null, "website:menu": null, "contact:instagram": null, "facebook": null, "name:en": null, "theme": null, "ref:vatin": null, "name:ru": null, "branch": null, "changing_table": "yes", "diet:vegan": "yes", "highchair": "yes", "email": null, "contact:phone": null, "takeaway": null, "baby_feeding": null, "kids_area": null, "toilets:access": null, "building": null }, "geometry": { "type": "Point", "coordinates": [ 9.1131098, 39.214438 ] } },
{ "type": "Feature", "properties": { "element": "node", "id": 11160232147, "amenity": "cafe", "fixme": null, "name": "Cat Cafè di Chry", "tobacco": null, "cuisine": null, "opening_hours": "Mo off; Tu-Su 17:00-21:00", "wheelchair": null, "addr:city": "Cagliari", "addr:street": "Via San Giacomo", "addr:housenumber": "42", "addr:postcode": "09124", "phone": "+393426085674", "wheelchair:description": null, "source": null, "wifi": null, "toilets:wheelchair": null, "website": "https://catcafedichry.webnode.it/", "outdoor_seating": null, "bar": null, "check_date": null, "operator": null, "payment:bancomat": null, "payment:mastercard": null, "payment:visa": null, "payment:visa_debit": null, "toilets": null, "comment": null, "outdoor_seating:comfort": null, "payment:cash": null, "shop": null, "addr:country": null, "indoor_seating": null, "payment:credit_cards": null, "toilets:number": null, "internet_access": null, "addr:province": null, "addr:suburb": null, "internet_access:fee": null, "check_date:opening_hours": "2025-12-29", "opening_hours:signed": null, "air_conditioning": null, "alt_name": null, "contact:facebook": null, "delivery": null, "description": null, "diet:meat": null, "diet:vegetarian": null, "drive_through": null, "internet_access:ssid": null, "level": null, "payment:debit_cards": null, "smoking": null, "seamark:small_craft_facility:category": null, "seamark:type": null, "sport": null, "brewery": null, "website:menu": null, "contact:instagram": null, "facebook": null, "name:en": null, "theme": "cat", "ref:vatin": null, "name:ru": null, "branch": null, "changing_table": null, "diet:vegan": null, "highchair": null, "email": "catcafechry@libero.it", "contact:phone": null, "takeaway": null, "baby_feeding": null, "kids_area": null, "toilets:access": null, "building": null }, "geometry": { "type": "Point", "coordinates": [ 9.1190127, 39.2179185 ] } },
{ "type": "Feature", "properties": { "element": "node", "id": 11164834471, "amenity": "cafe", "fixme": null, "name": "Caffè Roma", "tobacco": null, "cuisine": null, "opening_hours": null, "wheelchair": "yes", "addr:city": "Cagliari", "addr:street": "Via Roma", "addr:housenumber": "111", "addr:postcode": null, "phone": null, "wheelchair:description": null, "source": null, "wifi": null, "toilets:wheelchair": null, "website": null, "outdoor_seating": "yes", "bar": null, "check_date": "2023-09-03", "operator": "M.C. s.r.l.", "payment:bancomat": "yes", "payment:mastercard": "yes", "payment:visa": "yes", "payment:visa_debit": "yes", "toilets": null, "comment": null, "outdoor_seating:comfort": "weather_protection", "payment:cash": "yes", "shop": null, "addr:country": null, "indoor_seating": null, "payment:credit_cards": null, "toilets:number": null, "internet_access": null, "addr:province": null, "addr:suburb": null, "internet_access:fee": null, "check_date:opening_hours": null, "opening_hours:signed": null, "air_conditioning": null, "alt_name": null, "contact:facebook": null, "delivery": null, "description": null, "diet:meat": null, "diet:vegetarian": null, "drive_through": null, "internet_access:ssid": null, "level": null, "payment:debit_cards": null, "smoking": null, "seamark:small_craft_facility:category": null, "seamark:type": null, "sport": null, "brewery": null, "website:menu": null, "contact:instagram": null, "facebook": null, "name:en": null, "theme": null, "ref:vatin": null, "name:ru": null, "branch": null, "changing_table": null, "diet:vegan": null, "highchair": null, "email": null, "contact:phone": "+39 070653399", "takeaway": null, "baby_feeding": null, "kids_area": null, "toilets:access": null, "building": null }, "geometry": { "type": "Point", "coordinates": [ 9.1119498, 39.2143615 ] } },
{ "type": "Feature", "properties": { "element": "node", "id": 11171717654, "amenity": "cafe", "fixme": null, "name": "Emme", "tobacco": null, "cuisine": null, "opening_hours": null, "wheelchair": null, "addr:city": "Cagliari", "addr:street": "Piazza Yenne", "addr:housenumber": null, "addr:postcode": null, "phone": null, "wheelchair:description": null, "source": null, "wifi": null, "toilets:wheelchair": null, "website": null, "outdoor_seating": null, "bar": null, "check_date": "2023-09-06", "operator": null, "payment:bancomat": null, "payment:mastercard": null, "payment:visa": null, "payment:visa_debit": null, "toilets": null, "comment": null, "outdoor_seating:comfort": null, "payment:cash": null, "shop": null, "addr:country": null, "indoor_seating": null, "payment:credit_cards": null, "toilets:number": null, "internet_access": null, "addr:province": null, "addr:suburb": null, "internet_access:fee": null, "check_date:opening_hours": null, "opening_hours:signed": null, "air_conditioning": null, "alt_name": null, "contact:facebook": null, "delivery": null, "description": null, "diet:meat": null, "diet:vegetarian": null, "drive_through": null, "internet_access:ssid": null, "level": null, "payment:debit_cards": null, "smoking": null, "seamark:small_craft_facility:category": null, "seamark:type": null, "sport": null, "brewery": null, "website:menu": null, "contact:instagram": null, "facebook": null, "name:en": null, "theme": null, "ref:vatin": null, "name:ru": null, "branch": null, "changing_table": null, "diet:vegan": null, "highchair": null, "email": null, "contact:phone": null, "takeaway": null, "baby_feeding": null, "kids_area": null, "toilets:access": null, "building": null }, "geometry": { "type": "Point", "coordinates": [ 9.1138856, 39.2176736 ] } },
{ "type": "Feature", "properties": { "element": "node", "id": 11171717655, "amenity": "cafe", "fixme": null, "name": "Zighiri", "tobacco": null, "cuisine": null, "opening_hours": null, "wheelchair": null, "addr:city": "Cagliari", "addr:street": "Piazza Yenne", "addr:housenumber": null, "addr:postcode": null, "phone": null, "wheelchair:description": null, "source": null, "wifi": null, "toilets:wheelchair": null, "website": null, "outdoor_seating": null, "bar": null, "check_date": "2023-09-06", "operator": null, "payment:bancomat": null, "payment:mastercard": null, "payment:visa": null, "payment:visa_debit": null, "toilets": null, "comment": null, "outdoor_seating:comfort": null, "payment:cash": null, "shop": null, "addr:country": null, "indoor_seating": null, "payment:credit_cards": null, "toilets:number": null, "internet_access": null, "addr:province": null, "addr:suburb": null, "internet_access:fee": null, "check_date:opening_hours": null, "opening_hours:signed": null, "air_conditioning": null, "alt_name": null, "contact:facebook": null, "delivery": null, "description": null, "diet:meat": null, "diet:vegetarian": null, "drive_through": null, "internet_access:ssid": null, "level": null, "payment:debit_cards": null, "smoking": null, "seamark:small_craft_facility:category": null, "seamark:type": null, "sport": null, "brewery": null, "website:menu": null, "contact:instagram": null, "facebook": null, "name:en": null, "theme": null, "ref:vatin": null, "name:ru": null, "branch": null, "changing_table": null, "diet:vegan": null, "highchair": null, "email": null, "contact:phone": null, "takeaway": null, "baby_feeding": null, "kids_area": null, "toilets:access": null, "building": null }, "geometry": { "type": "Point", "coordinates": [ 9.113839, 39.2176158 ] } },
{ "type": "Feature", "properties": { "element": "node", "id": 11171717656, "amenity": "cafe", "fixme": null, "name": "Bar Koko House", "tobacco": null, "cuisine": null, "opening_hours": null, "wheelchair": null, "addr:city": "Cagliari", "addr:street": "Piazza Yenne", "addr:housenumber": null, "addr:postcode": null, "phone": null, "wheelchair:description": null, "source": null, "wifi": null, "toilets:wheelchair": null, "website": null, "outdoor_seating": "pedestrian_zone", "bar": null, "check_date": "2023-09-06", "operator": null, "payment:bancomat": null, "payment:mastercard": null, "payment:visa": null, "payment:visa_debit": null, "toilets": null, "comment": null, "outdoor_seating:comfort": null, "payment:cash": null, "shop": null, "addr:country": null, "indoor_seating": null, "payment:credit_cards": null, "toilets:number": null, "internet_access": null, "addr:province": null, "addr:suburb": null, "internet_access:fee": null, "check_date:opening_hours": null, "opening_hours:signed": null, "air_conditioning": null, "alt_name": null, "contact:facebook": null, "delivery": null, "description": null, "diet:meat": null, "diet:vegetarian": null, "drive_through": null, "internet_access:ssid": null, "level": null, "payment:debit_cards": null, "smoking": null, "seamark:small_craft_facility:category": null, "seamark:type": null, "sport": null, "brewery": null, "website:menu": null, "contact:instagram": null, "facebook": null, "name:en": null, "theme": null, "ref:vatin": null, "name:ru": null, "branch": null, "changing_table": null, "diet:vegan": null, "highchair": null, "email": null, "contact:phone": null, "takeaway": null, "baby_feeding": null, "kids_area": null, "toilets:access": null, "building": null }, "geometry": { "type": "Point", "coordinates": [ 9.1137402, 39.2173552 ] } },
{ "type": "Feature", "properties": { "element": "node", "id": 11171717659, "amenity": "cafe", "fixme": null, "name": "Ex Tipografia", "tobacco": null, "cuisine": null, "opening_hours": null, "wheelchair": null, "addr:city": null, "addr:street": null, "addr:housenumber": null, "addr:postcode": null, "phone": null, "wheelchair:description": null, "source": null, "wifi": null, "toilets:wheelchair": null, "website": null, "outdoor_seating": null, "bar": null, "check_date": "2023-09-06", "operator": null, "payment:bancomat": null, "payment:mastercard": null, "payment:visa": null, "payment:visa_debit": null, "toilets": null, "comment": null, "outdoor_seating:comfort": null, "payment:cash": null, "shop": null, "addr:country": null, "indoor_seating": null, "payment:credit_cards": null, "toilets:number": null, "internet_access": null, "addr:province": null, "addr:suburb": null, "internet_access:fee": null, "check_date:opening_hours": null, "opening_hours:signed": null, "air_conditioning": null, "alt_name": null, "contact:facebook": null, "delivery": null, "description": null, "diet:meat": null, "diet:vegetarian": null, "drive_through": null, "internet_access:ssid": null, "level": null, "payment:debit_cards": null, "smoking": null, "seamark:small_craft_facility:category": null, "seamark:type": null, "sport": null, "brewery": null, "website:menu": null, "contact:instagram": null, "facebook": null, "name:en": null, "theme": null, "ref:vatin": null, "name:ru": null, "branch": null, "changing_table": null, "diet:vegan": null, "highchair": null, "email": null, "contact:phone": null, "takeaway": "yes", "baby_feeding": null, "kids_area": null, "toilets:access": null, "building": null }, "geometry": { "type": "Point", "coordinates": [ 9.1130731, 39.2173735 ] } },
{ "type": "Feature", "properties": { "element": "node", "id": 11175320101, "amenity": "cafe", "fixme": null, "name": "Nuovo Caffè Torino", "tobacco": null, "cuisine": null, "opening_hours": "07:00-22:00", "wheelchair": "yes", "addr:city": "Cagliari", "addr:street": "Via Roma", "addr:housenumber": "123", "addr:postcode": null, "phone": null, "wheelchair:description": null, "source": null, "wifi": null, "toilets:wheelchair": null, "website": null, "outdoor_seating": null, "bar": null, "check_date": "2023-09-07", "operator": "OCS s.r.l.", "payment:bancomat": null, "payment:mastercard": "yes", "payment:visa": "yes", "payment:visa_debit": "yes", "toilets": "yes", "comment": null, "outdoor_seating:comfort": null, "payment:cash": "yes", "shop": null, "addr:country": null, "indoor_seating": null, "payment:credit_cards": null, "toilets:number": null, "internet_access": null, "addr:province": null, "addr:suburb": null, "internet_access:fee": null, "check_date:opening_hours": null, "opening_hours:signed": null, "air_conditioning": null, "alt_name": null, "contact:facebook": null, "delivery": null, "description": null, "diet:meat": null, "diet:vegetarian": null, "drive_through": null, "internet_access:ssid": null, "level": null, "payment:debit_cards": null, "smoking": null, "seamark:small_craft_facility:category": null, "seamark:type": null, "sport": null, "brewery": null, "website:menu": null, "contact:instagram": null, "facebook": null, "name:en": null, "theme": null, "ref:vatin": null, "name:ru": null, "branch": null, "changing_table": null, "diet:vegan": null, "highchair": null, "email": null, "contact:phone": null, "takeaway": null, "baby_feeding": null, "kids_area": null, "toilets:access": null, "building": null }, "geometry": { "type": "Point", "coordinates": [ 9.1117021, 39.2144788 ] } },
{ "type": "Feature", "properties": { "element": "node", "id": 11177439719, "amenity": "cafe", "fixme": null, "name": "Alcool", "tobacco": null, "cuisine": null, "opening_hours": "Mo-Th, Su 19:00-01:00; Fr, Sa 19:00-03:00", "wheelchair": null, "addr:city": "Cagliari", "addr:street": "Via Sicilia", "addr:housenumber": null, "addr:postcode": null, "phone": null, "wheelchair:description": null, "source": null, "wifi": null, "toilets:wheelchair": null, "website": null, "outdoor_seating": null, "bar": null, "check_date": "2023-09-10", "operator": null, "payment:bancomat": null, "payment:mastercard": null, "payment:visa": null, "payment:visa_debit": null, "toilets": null, "comment": null, "outdoor_seating:comfort": null, "payment:cash": null, "shop": null, "addr:country": null, "indoor_seating": null, "payment:credit_cards": null, "toilets:number": null, "internet_access": null, "addr:province": null, "addr:suburb": null, "internet_access:fee": null, "check_date:opening_hours": null, "opening_hours:signed": null, "air_conditioning": null, "alt_name": null, "contact:facebook": null, "delivery": null, "description": null, "diet:meat": null, "diet:vegetarian": null, "drive_through": null, "internet_access:ssid": null, "level": null, "payment:debit_cards": null, "smoking": null, "seamark:small_craft_facility:category": null, "seamark:type": null, "sport": null, "brewery": null, "website:menu": null, "contact:instagram": null, "facebook": null, "name:en": null, "theme": null, "ref:vatin": null, "name:ru": null, "branch": null, "changing_table": null, "diet:vegan": null, "highchair": null, "email": null, "contact:phone": null, "takeaway": null, "baby_feeding": null, "kids_area": null, "toilets:access": null, "building": null }, "geometry": { "type": "Point", "coordinates": [ 9.1136547, 39.2148537 ] } },
{ "type": "Feature", "properties": { "element": "node", "id": 11178571487, "amenity": "cafe", "fixme": null, "name": "Pasticceria Gelateria Casti", "tobacco": null, "cuisine": "ice_cream", "opening_hours": null, "wheelchair": "limited", "addr:city": "Cagliari", "addr:street": "Via Roma", "addr:housenumber": "123", "addr:postcode": null, "phone": null, "wheelchair:description": null, "source": null, "wifi": null, "toilets:wheelchair": "yes", "website": null, "outdoor_seating": "yes", "bar": "yes", "check_date": "2023-09-09", "operator": null, "payment:bancomat": null, "payment:mastercard": null, "payment:visa": null, "payment:visa_debit": null, "toilets": "yes", "comment": null, "outdoor_seating:comfort": null, "payment:cash": null, "shop": null, "addr:country": null, "indoor_seating": "yes", "payment:credit_cards": null, "toilets:number": null, "internet_access": null, "addr:province": null, "addr:suburb": null, "internet_access:fee": null, "check_date:opening_hours": null, "opening_hours:signed": null, "air_conditioning": "yes", "alt_name": null, "contact:facebook": null, "delivery": null, "description": null, "diet:meat": null, "diet:vegetarian": null, "drive_through": null, "internet_access:ssid": null, "level": "0", "payment:debit_cards": null, "smoking": "outside", "seamark:small_craft_facility:category": null, "seamark:type": null, "sport": null, "brewery": null, "website:menu": null, "contact:instagram": null, "facebook": null, "name:en": null, "theme": null, "ref:vatin": null, "name:ru": null, "branch": null, "changing_table": null, "diet:vegan": null, "highchair": null, "email": null, "contact:phone": null, "takeaway": "yes", "baby_feeding": "no", "kids_area": "no", "toilets:access": "customers", "building": null }, "geometry": { "type": "Point", "coordinates": [ 9.1115951, 39.2145432 ] } },
{ "type": "Feature", "properties": { "element": "node", "id": 11178887129, "amenity": "cafe", "fixme": null, "name": null, "tobacco": null, "cuisine": null, "opening_hours": null, "wheelchair": null, "addr:city": null, "addr:street": null, "addr:housenumber": null, "addr:postcode": null, "phone": null, "wheelchair:description": null, "source": null, "wifi": null, "toilets:wheelchair": null, "website": null, "outdoor_seating": null, "bar": null, "check_date": "2023-09-09", "operator": null, "payment:bancomat": "yes", "payment:mastercard": "yes", "payment:visa": "yes", "payment:visa_debit": "yes", "toilets": null, "comment": null, "outdoor_seating:comfort": null, "payment:cash": null, "shop": null, "addr:country": null, "indoor_seating": null, "payment:credit_cards": null, "toilets:number": null, "internet_access": null, "addr:province": null, "addr:suburb": null, "internet_access:fee": null, "check_date:opening_hours": null, "opening_hours:signed": null, "air_conditioning": null, "alt_name": null, "contact:facebook": null, "delivery": null, "description": null, "diet:meat": null, "diet:vegetarian": null, "drive_through": null, "internet_access:ssid": null, "level": null, "payment:debit_cards": null, "smoking": null, "seamark:small_craft_facility:category": null, "seamark:type": null, "sport": null, "brewery": null, "website:menu": null, "contact:instagram": null, "facebook": null, "name:en": null, "theme": null, "ref:vatin": null, "name:ru": null, "branch": null, "changing_table": null, "diet:vegan": null, "highchair": null, "email": null, "contact:phone": null, "takeaway": null, "baby_feeding": null, "kids_area": null, "toilets:access": null, "building": null }, "geometry": { "type": "Point", "coordinates": [ 9.1115165, 39.2184936 ] } },
{ "type": "Feature", "properties": { "element": "node", "id": 11181484707, "amenity": "cafe", "fixme": null, "name": "Arcobaleno", "tobacco": null, "cuisine": null, "opening_hours": null, "wheelchair": null, "addr:city": "Cagliari", "addr:street": "Via Sant'Eulalia", "addr:housenumber": "23", "addr:postcode": "09124", "phone": null, "wheelchair:description": null, "source": null, "wifi": null, "toilets:wheelchair": null, "website": null, "outdoor_seating": null, "bar": null, "check_date": null, "operator": null, "payment:bancomat": null, "payment:mastercard": null, "payment:visa": null, "payment:visa_debit": null, "toilets": null, "comment": null, "outdoor_seating:comfort": null, "payment:cash": null, "shop": null, "addr:country": null, "indoor_seating": null, "payment:credit_cards": null, "toilets:number": null, "internet_access": null, "addr:province": null, "addr:suburb": null, "internet_access:fee": null, "check_date:opening_hours": null, "opening_hours:signed": null, "air_conditioning": null, "alt_name": null, "contact:facebook": null, "delivery": null, "description": null, "diet:meat": null, "diet:vegetarian": null, "drive_through": null, "internet_access:ssid": null, "level": null, "payment:debit_cards": null, "smoking": null, "seamark:small_craft_facility:category": null, "seamark:type": null, "sport": null, "brewery": null, "website:menu": null, "contact:instagram": null, "facebook": null, "name:en": null, "theme": null, "ref:vatin": null, "name:ru": null, "branch": null, "changing_table": null, "diet:vegan": null, "highchair": null, "email": null, "contact:phone": null, "takeaway": null, "baby_feeding": null, "kids_area": null, "toilets:access": null, "building": null }, "geometry": { "type": "Point", "coordinates": [ 9.1137995, 39.2147131 ] } },
{ "type": "Feature", "properties": { "element": "node", "id": 11181983437, "amenity": "cafe", "fixme": null, "name": "Café Regio", "tobacco": null, "cuisine": null, "opening_hours": null, "wheelchair": "no", "addr:city": "Cagliari", "addr:street": "Corso Vittorio Emanuele II", "addr:housenumber": null, "addr:postcode": null, "phone": null, "wheelchair:description": null, "source": null, "wifi": null, "toilets:wheelchair": null, "website": null, "outdoor_seating": "sidewalk", "bar": null, "check_date": "2025-05-18", "operator": null, "payment:bancomat": null, "payment:mastercard": null, "payment:visa": null, "payment:visa_debit": null, "toilets": null, "comment": null, "outdoor_seating:comfort": null, "payment:cash": null, "shop": null, "addr:country": null, "indoor_seating": "yes", "payment:credit_cards": null, "toilets:number": null, "internet_access": null, "addr:province": null, "addr:suburb": null, "internet_access:fee": null, "check_date:opening_hours": null, "opening_hours:signed": null, "air_conditioning": null, "alt_name": null, "contact:facebook": null, "delivery": null, "description": null, "diet:meat": null, "diet:vegetarian": null, "drive_through": null, "internet_access:ssid": null, "level": null, "payment:debit_cards": null, "smoking": null, "seamark:small_craft_facility:category": null, "seamark:type": null, "sport": null, "brewery": null, "website:menu": null, "contact:instagram": null, "facebook": null, "name:en": null, "theme": null, "ref:vatin": null, "name:ru": null, "branch": null, "changing_table": null, "diet:vegan": null, "highchair": null, "email": null, "contact:phone": null, "takeaway": null, "baby_feeding": null, "kids_area": null, "toilets:access": null, "building": null }, "geometry": { "type": "Point", "coordinates": [ 9.1085326, 39.2197312 ] } },
{ "type": "Feature", "properties": { "element": "node", "id": 11181983446, "amenity": "cafe", "fixme": null, "name": "Spritz time", "tobacco": null, "cuisine": null, "opening_hours": null, "wheelchair": null, "addr:city": "Cagliari", "addr:street": "Corso Vittorio Emanuele II", "addr:housenumber": "137", "addr:postcode": null, "phone": null, "wheelchair:description": null, "source": null, "wifi": null, "toilets:wheelchair": null, "website": null, "outdoor_seating": "street", "bar": null, "check_date": "2023-09-10", "operator": null, "payment:bancomat": null, "payment:mastercard": null, "payment:visa": null, "payment:visa_debit": null, "toilets": null, "comment": null, "outdoor_seating:comfort": null, "payment:cash": null, "shop": null, "addr:country": null, "indoor_seating": null, "payment:credit_cards": null, "toilets:number": null, "internet_access": null, "addr:province": null, "addr:suburb": null, "internet_access:fee": null, "check_date:opening_hours": null, "opening_hours:signed": null, "air_conditioning": null, "alt_name": null, "contact:facebook": null, "delivery": null, "description": null, "diet:meat": null, "diet:vegetarian": null, "drive_through": null, "internet_access:ssid": null, "level": null, "payment:debit_cards": null, "smoking": null, "seamark:small_craft_facility:category": null, "seamark:type": null, "sport": null, "brewery": null, "website:menu": null, "contact:instagram": null, "facebook": null, "name:en": null, "theme": null, "ref:vatin": null, "name:ru": null, "branch": null, "changing_table": null, "diet:vegan": null, "highchair": null, "email": null, "contact:phone": null, "takeaway": null, "baby_feeding": null, "kids_area": null, "toilets:access": null, "building": null }, "geometry": { "type": "Point", "coordinates": [ 9.110463, 39.2184864 ] } },
{ "type": "Feature", "properties": { "element": "node", "id": 11186358336, "amenity": "cafe", "fixme": null, "name": "Lithium", "tobacco": null, "cuisine": null, "opening_hours": null, "wheelchair": null, "addr:city": null, "addr:street": null, "addr:housenumber": null, "addr:postcode": null, "phone": null, "wheelchair:description": null, "source": null, "wifi": null, "toilets:wheelchair": null, "website": null, "outdoor_seating": "yes", "bar": null, "check_date": "2023-09-12", "operator": null, "payment:bancomat": null, "payment:mastercard": null, "payment:visa": null, "payment:visa_debit": null, "toilets": null, "comment": null, "outdoor_seating:comfort": null, "payment:cash": null, "shop": null, "addr:country": null, "indoor_seating": "yes", "payment:credit_cards": null, "toilets:number": null, "internet_access": null, "addr:province": null, "addr:suburb": null, "internet_access:fee": null, "check_date:opening_hours": null, "opening_hours:signed": null, "air_conditioning": null, "alt_name": null, "contact:facebook": null, "delivery": null, "description": null, "diet:meat": null, "diet:vegetarian": null, "drive_through": null, "internet_access:ssid": null, "level": null, "payment:debit_cards": null, "smoking": null, "seamark:small_craft_facility:category": null, "seamark:type": null, "sport": null, "brewery": null, "website:menu": null, "contact:instagram": null, "facebook": null, "name:en": null, "theme": null, "ref:vatin": null, "name:ru": null, "branch": null, "changing_table": null, "diet:vegan": null, "highchair": null, "email": null, "contact:phone": null, "takeaway": null, "baby_feeding": null, "kids_area": null, "toilets:access": null, "building": null }, "geometry": { "type": "Point", "coordinates": [ 9.1152499, 39.2125573 ] } },
{ "type": "Feature", "properties": { "element": "node", "id": 11186770096, "amenity": "cafe", "fixme": null, "name": "Angel's Bar", "tobacco": null, "cuisine": null, "opening_hours": null, "wheelchair": null, "addr:city": "Cagliari", "addr:street": "Via Sardegna", "addr:housenumber": null, "addr:postcode": null, "phone": null, "wheelchair:description": null, "source": null, "wifi": null, "toilets:wheelchair": null, "website": null, "outdoor_seating": "street", "bar": null, "check_date": "2023-09-12", "operator": null, "payment:bancomat": null, "payment:mastercard": "yes", "payment:visa": "yes", "payment:visa_debit": "yes", "toilets": null, "comment": null, "outdoor_seating:comfort": null, "payment:cash": "yes", "shop": null, "addr:country": null, "indoor_seating": null, "payment:credit_cards": null, "toilets:number": null, "internet_access": null, "addr:province": null, "addr:suburb": null, "internet_access:fee": null, "check_date:opening_hours": null, "opening_hours:signed": null, "air_conditioning": null, "alt_name": null, "contact:facebook": null, "delivery": null, "description": null, "diet:meat": null, "diet:vegetarian": null, "drive_through": null, "internet_access:ssid": null, "level": null, "payment:debit_cards": null, "smoking": null, "seamark:small_craft_facility:category": null, "seamark:type": null, "sport": null, "brewery": null, "website:menu": null, "contact:instagram": null, "facebook": null, "name:en": null, "theme": null, "ref:vatin": null, "name:ru": null, "branch": null, "changing_table": null, "diet:vegan": null, "highchair": null, "email": null, "contact:phone": null, "takeaway": null, "baby_feeding": null, "kids_area": null, "toilets:access": null, "building": null }, "geometry": { "type": "Point", "coordinates": [ 9.1154432, 39.2128555 ] } },
{ "type": "Feature", "properties": { "element": "node", "id": 11191224472, "amenity": "cafe", "fixme": null, "name": "Caffè 86", "tobacco": null, "cuisine": null, "opening_hours": null, "wheelchair": null, "addr:city": null, "addr:street": "Viale Armando Diaz", "addr:housenumber": null, "addr:postcode": null, "phone": null, "wheelchair:description": null, "source": null, "wifi": null, "toilets:wheelchair": null, "website": null, "outdoor_seating": null, "bar": null, "check_date": "2023-09-14", "operator": null, "payment:bancomat": null, "payment:mastercard": null, "payment:visa": null, "payment:visa_debit": null, "toilets": null, "comment": null, "outdoor_seating:comfort": null, "payment:cash": null, "shop": null, "addr:country": null, "indoor_seating": null, "payment:credit_cards": null, "toilets:number": null, "internet_access": null, "addr:province": null, "addr:suburb": null, "internet_access:fee": null, "check_date:opening_hours": null, "opening_hours:signed": null, "air_conditioning": null, "alt_name": null, "contact:facebook": null, "delivery": null, "description": null, "diet:meat": null, "diet:vegetarian": null, "drive_through": null, "internet_access:ssid": null, "level": null, "payment:debit_cards": null, "smoking": null, "seamark:small_craft_facility:category": null, "seamark:type": null, "sport": null, "brewery": null, "website:menu": null, "contact:instagram": null, "facebook": null, "name:en": null, "theme": null, "ref:vatin": null, "name:ru": null, "branch": null, "changing_table": null, "diet:vegan": null, "highchair": null, "email": null, "contact:phone": null, "takeaway": null, "baby_feeding": null, "kids_area": null, "toilets:access": null, "building": null }, "geometry": { "type": "Point", "coordinates": [ 9.1252776, 39.2069339 ] } },
{ "type": "Feature", "properties": { "element": "node", "id": 11191239367, "amenity": "cafe", "fixme": null, "name": "Waikiki", "tobacco": null, "cuisine": null, "opening_hours": null, "wheelchair": "yes", "addr:city": null, "addr:street": "Viale Poetto", "addr:housenumber": null, "addr:postcode": null, "phone": null, "wheelchair:description": null, "source": null, "wifi": null, "toilets:wheelchair": null, "website": null, "outdoor_seating": null, "bar": null, "check_date": "2023-09-14", "operator": null, "payment:bancomat": null, "payment:mastercard": null, "payment:visa": null, "payment:visa_debit": null, "toilets": null, "comment": null, "outdoor_seating:comfort": null, "payment:cash": null, "shop": null, "addr:country": null, "indoor_seating": null, "payment:credit_cards": null, "toilets:number": null, "internet_access": null, "addr:province": null, "addr:suburb": null, "internet_access:fee": null, "check_date:opening_hours": null, "opening_hours:signed": null, "air_conditioning": null, "alt_name": null, "contact:facebook": null, "delivery": null, "description": null, "diet:meat": null, "diet:vegetarian": null, "drive_through": null, "internet_access:ssid": null, "level": null, "payment:debit_cards": null, "smoking": null, "seamark:small_craft_facility:category": null, "seamark:type": null, "sport": null, "brewery": null, "website:menu": null, "contact:instagram": null, "facebook": null, "name:en": null, "theme": null, "ref:vatin": null, "name:ru": null, "branch": null, "changing_table": null, "diet:vegan": null, "highchair": null, "email": null, "contact:phone": null, "takeaway": null, "baby_feeding": null, "kids_area": null, "toilets:access": null, "building": null }, "geometry": { "type": "Point", "coordinates": [ 9.1693389, 39.2094996 ] } },
{ "type": "Feature", "properties": { "element": "node", "id": 11191735194, "amenity": "cafe", "fixme": null, "name": "Puccini Beach", "tobacco": null, "cuisine": null, "opening_hours": null, "wheelchair": null, "addr:city": "Cagliari", "addr:street": "Via Vulcano", "addr:housenumber": null, "addr:postcode": "09126", "phone": null, "wheelchair:description": null, "source": null, "wifi": null, "toilets:wheelchair": null, "website": null, "outdoor_seating": null, "bar": null, "check_date": "2023-09-15", "operator": "Adriano Roccia s.r.l.", "payment:bancomat": null, "payment:mastercard": null, "payment:visa": null, "payment:visa_debit": null, "toilets": null, "comment": null, "outdoor_seating:comfort": null, "payment:cash": "yes", "shop": null, "addr:country": null, "indoor_seating": null, "payment:credit_cards": null, "toilets:number": null, "internet_access": null, "addr:province": null, "addr:suburb": null, "internet_access:fee": null, "check_date:opening_hours": null, "opening_hours:signed": null, "air_conditioning": null, "alt_name": null, "contact:facebook": null, "delivery": null, "description": null, "diet:meat": null, "diet:vegetarian": null, "drive_through": null, "internet_access:ssid": null, "level": null, "payment:debit_cards": null, "smoking": null, "seamark:small_craft_facility:category": null, "seamark:type": null, "sport": null, "brewery": null, "website:menu": null, "contact:instagram": null, "facebook": null, "name:en": null, "theme": null, "ref:vatin": null, "name:ru": null, "branch": null, "changing_table": null, "diet:vegan": null, "highchair": null, "email": null, "contact:phone": null, "takeaway": null, "baby_feeding": null, "kids_area": null, "toilets:access": null, "building": null }, "geometry": { "type": "Point", "coordinates": [ 9.1609643, 39.2021109 ] } },
{ "type": "Feature", "properties": { "element": "node", "id": 11193342441, "amenity": "cafe", "fixme": null, "name": "Vintage", "tobacco": null, "cuisine": null, "opening_hours": null, "wheelchair": null, "addr:city": "Cagliari", "addr:street": "Via Goffredo Mameli", "addr:housenumber": null, "addr:postcode": null, "phone": null, "wheelchair:description": null, "source": null, "wifi": null, "toilets:wheelchair": null, "website": null, "outdoor_seating": "pedestrian_zone", "bar": null, "check_date": "2023-09-15", "operator": null, "payment:bancomat": null, "payment:mastercard": null, "payment:visa": null, "payment:visa_debit": null, "toilets": null, "comment": null, "outdoor_seating:comfort": "weather_protection", "payment:cash": "yes", "shop": null, "addr:country": null, "indoor_seating": null, "payment:credit_cards": null, "toilets:number": null, "internet_access": null, "addr:province": null, "addr:suburb": null, "internet_access:fee": null, "check_date:opening_hours": null, "opening_hours:signed": null, "air_conditioning": null, "alt_name": null, "contact:facebook": null, "delivery": null, "description": null, "diet:meat": null, "diet:vegetarian": null, "drive_through": null, "internet_access:ssid": null, "level": null, "payment:debit_cards": null, "smoking": null, "seamark:small_craft_facility:category": null, "seamark:type": null, "sport": null, "brewery": null, "website:menu": null, "contact:instagram": null, "facebook": null, "name:en": null, "theme": null, "ref:vatin": null, "name:ru": null, "branch": null, "changing_table": null, "diet:vegan": null, "highchair": null, "email": null, "contact:phone": null, "takeaway": null, "baby_feeding": null, "kids_area": null, "toilets:access": null, "building": null }, "geometry": { "type": "Point", "coordinates": [ 9.1081653, 39.2188499 ] } },
{ "type": "Feature", "properties": { "element": "node", "id": 11309092745, "amenity": "cafe", "fixme": null, "name": null, "tobacco": null, "cuisine": null, "opening_hours": null, "wheelchair": null, "addr:city": null, "addr:street": null, "addr:housenumber": null, "addr:postcode": null, "phone": null, "wheelchair:description": null, "source": null, "wifi": null, "toilets:wheelchair": null, "website": null, "outdoor_seating": null, "bar": null, "check_date": null, "operator": null, "payment:bancomat": null, "payment:mastercard": null, "payment:visa": null, "payment:visa_debit": null, "toilets": null, "comment": null, "outdoor_seating:comfort": null, "payment:cash": null, "shop": null, "addr:country": null, "indoor_seating": null, "payment:credit_cards": null, "toilets:number": null, "internet_access": null, "addr:province": null, "addr:suburb": null, "internet_access:fee": null, "check_date:opening_hours": null, "opening_hours:signed": null, "air_conditioning": null, "alt_name": null, "contact:facebook": null, "delivery": null, "description": null, "diet:meat": null, "diet:vegetarian": null, "drive_through": null, "internet_access:ssid": null, "level": null, "payment:debit_cards": null, "smoking": null, "seamark:small_craft_facility:category": null, "seamark:type": null, "sport": null, "brewery": null, "website:menu": null, "contact:instagram": null, "facebook": null, "name:en": null, "theme": null, "ref:vatin": null, "name:ru": null, "branch": null, "changing_table": null, "diet:vegan": null, "highchair": null, "email": null, "contact:phone": null, "takeaway": null, "baby_feeding": null, "kids_area": null, "toilets:access": null, "building": null }, "geometry": { "type": "Point", "coordinates": [ 9.1134565, 39.2160385 ] } },
{ "type": "Feature", "properties": { "element": "node", "id": 11716405918, "amenity": "cafe", "fixme": null, "name": "Cafè Lily", "tobacco": null, "cuisine": null, "opening_hours": null, "wheelchair": null, "addr:city": "Cagliari", "addr:street": "Viale Trento", "addr:housenumber": "52", "addr:postcode": "09123", "phone": null, "wheelchair:description": null, "source": null, "wifi": null, "toilets:wheelchair": null, "website": null, "outdoor_seating": null, "bar": null, "check_date": null, "operator": null, "payment:bancomat": null, "payment:mastercard": null, "payment:visa": null, "payment:visa_debit": null, "toilets": null, "comment": null, "outdoor_seating:comfort": null, "payment:cash": null, "shop": null, "addr:country": null, "indoor_seating": null, "payment:credit_cards": null, "toilets:number": null, "internet_access": null, "addr:province": null, "addr:suburb": null, "internet_access:fee": null, "check_date:opening_hours": null, "opening_hours:signed": null, "air_conditioning": null, "alt_name": null, "contact:facebook": null, "delivery": null, "description": null, "diet:meat": null, "diet:vegetarian": null, "drive_through": null, "internet_access:ssid": null, "level": null, "payment:debit_cards": null, "smoking": null, "seamark:small_craft_facility:category": null, "seamark:type": null, "sport": null, "brewery": null, "website:menu": null, "contact:instagram": null, "facebook": null, "name:en": null, "theme": null, "ref:vatin": null, "name:ru": null, "branch": null, "changing_table": null, "diet:vegan": null, "highchair": null, "email": null, "contact:phone": null, "takeaway": null, "baby_feeding": null, "kids_area": null, "toilets:access": null, "building": null }, "geometry": { "type": "Point", "coordinates": [ 9.1054586, 39.2226425 ] } },
{ "type": "Feature", "properties": { "element": "node", "id": 12551295566, "amenity": "cafe", "fixme": null, "name": null, "tobacco": null, "cuisine": null, "opening_hours": null, "wheelchair": null, "addr:city": null, "addr:street": null, "addr:housenumber": null, "addr:postcode": null, "phone": null, "wheelchair:description": null, "source": null, "wifi": null, "toilets:wheelchair": null, "website": null, "outdoor_seating": null, "bar": null, "check_date": null, "operator": null, "payment:bancomat": null, "payment:mastercard": null, "payment:visa": null, "payment:visa_debit": null, "toilets": null, "comment": null, "outdoor_seating:comfort": null, "payment:cash": null, "shop": null, "addr:country": null, "indoor_seating": null, "payment:credit_cards": null, "toilets:number": null, "internet_access": null, "addr:province": null, "addr:suburb": null, "internet_access:fee": null, "check_date:opening_hours": null, "opening_hours:signed": null, "air_conditioning": null, "alt_name": null, "contact:facebook": null, "delivery": null, "description": null, "diet:meat": null, "diet:vegetarian": null, "drive_through": null, "internet_access:ssid": null, "level": null, "payment:debit_cards": null, "smoking": null, "seamark:small_craft_facility:category": null, "seamark:type": null, "sport": null, "brewery": null, "website:menu": null, "contact:instagram": null, "facebook": null, "name:en": null, "theme": null, "ref:vatin": null, "name:ru": null, "branch": null, "changing_table": null, "diet:vegan": null, "highchair": null, "email": null, "contact:phone": null, "takeaway": null, "baby_feeding": null, "kids_area": null, "toilets:access": null, "building": null }, "geometry": { "type": "Point", "coordinates": [ 9.1149341, 39.2370185 ] } },
{ "type": "Feature", "properties": { "element": "node", "id": 12599154536, "amenity": "cafe", "fixme": null, "name": "Manu Caffe", "tobacco": null, "cuisine": null, "opening_hours": null, "wheelchair": null, "addr:city": null, "addr:street": "Via Is Mirronis", "addr:housenumber": "150A", "addr:postcode": null, "phone": null, "wheelchair:description": null, "source": null, "wifi": null, "toilets:wheelchair": null, "website": null, "outdoor_seating": null, "bar": null, "check_date": null, "operator": null, "payment:bancomat": null, "payment:mastercard": null, "payment:visa": null, "payment:visa_debit": null, "toilets": null, "comment": null, "outdoor_seating:comfort": null, "payment:cash": null, "shop": null, "addr:country": null, "indoor_seating": null, "payment:credit_cards": null, "toilets:number": null, "internet_access": null, "addr:province": null, "addr:suburb": null, "internet_access:fee": null, "check_date:opening_hours": null, "opening_hours:signed": null, "air_conditioning": null, "alt_name": null, "contact:facebook": null, "delivery": null, "description": null, "diet:meat": null, "diet:vegetarian": null, "drive_through": null, "internet_access:ssid": null, "level": null, "payment:debit_cards": null, "smoking": null, "seamark:small_craft_facility:category": null, "seamark:type": null, "sport": null, "brewery": null, "website:menu": null, "contact:instagram": null, "facebook": null, "name:en": null, "theme": null, "ref:vatin": null, "name:ru": null, "branch": null, "changing_table": null, "diet:vegan": null, "highchair": null, "email": null, "contact:phone": null, "takeaway": null, "baby_feeding": null, "kids_area": null, "toilets:access": null, "building": null }, "geometry": { "type": "Point", "coordinates": [ 9.1025531, 39.2377531 ] } },
{ "type": "Feature", "properties": { "element": "node", "id": 12599319712, "amenity": "cafe", "fixme": null, "name": "Keralis", "tobacco": null, "cuisine": null, "opening_hours": null, "wheelchair": null, "addr:city": null, "addr:street": null, "addr:housenumber": "2", "addr:postcode": null, "phone": null, "wheelchair:description": null, "source": null, "wifi": null, "toilets:wheelchair": null, "website": null, "outdoor_seating": null, "bar": null, "check_date": null, "operator": null, "payment:bancomat": null, "payment:mastercard": null, "payment:visa": null, "payment:visa_debit": null, "toilets": null, "comment": null, "outdoor_seating:comfort": null, "payment:cash": null, "shop": null, "addr:country": null, "indoor_seating": null, "payment:credit_cards": null, "toilets:number": null, "internet_access": null, "addr:province": null, "addr:suburb": null, "internet_access:fee": null, "check_date:opening_hours": null, "opening_hours:signed": null, "air_conditioning": null, "alt_name": null, "contact:facebook": null, "delivery": null, "description": null, "diet:meat": null, "diet:vegetarian": null, "drive_through": null, "internet_access:ssid": null, "level": null, "payment:debit_cards": null, "smoking": null, "seamark:small_craft_facility:category": null, "seamark:type": null, "sport": null, "brewery": null, "website:menu": null, "contact:instagram": null, "facebook": null, "name:en": null, "theme": null, "ref:vatin": null, "name:ru": null, "branch": null, "changing_table": null, "diet:vegan": null, "highchair": null, "email": null, "contact:phone": null, "takeaway": null, "baby_feeding": null, "kids_area": null, "toilets:access": null, "building": null }, "geometry": { "type": "Point", "coordinates": [ 9.1014845, 39.2344803 ] } },
{ "type": "Feature", "properties": { "element": "node", "id": 12606878930, "amenity": "cafe", "fixme": null, "name": "Snack Bar Pasti Veloci", "tobacco": null, "cuisine": null, "opening_hours": null, "wheelchair": null, "addr:city": null, "addr:street": null, "addr:housenumber": null, "addr:postcode": null, "phone": null, "wheelchair:description": null, "source": null, "wifi": null, "toilets:wheelchair": null, "website": null, "outdoor_seating": null, "bar": null, "check_date": null, "operator": null, "payment:bancomat": null, "payment:mastercard": null, "payment:visa": null, "payment:visa_debit": null, "toilets": null, "comment": null, "outdoor_seating:comfort": null, "payment:cash": null, "shop": null, "addr:country": null, "indoor_seating": null, "payment:credit_cards": null, "toilets:number": null, "internet_access": null, "addr:province": null, "addr:suburb": null, "internet_access:fee": null, "check_date:opening_hours": null, "opening_hours:signed": null, "air_conditioning": null, "alt_name": null, "contact:facebook": null, "delivery": null, "description": null, "diet:meat": null, "diet:vegetarian": null, "drive_through": null, "internet_access:ssid": null, "level": null, "payment:debit_cards": null, "smoking": null, "seamark:small_craft_facility:category": null, "seamark:type": null, "sport": null, "brewery": null, "website:menu": null, "contact:instagram": null, "facebook": null, "name:en": null, "theme": null, "ref:vatin": null, "name:ru": null, "branch": null, "changing_table": null, "diet:vegan": null, "highchair": null, "email": null, "contact:phone": null, "takeaway": null, "baby_feeding": null, "kids_area": null, "toilets:access": null, "building": null }, "geometry": { "type": "Point", "coordinates": [ 9.139797, 39.236054 ] } },
{ "type": "Feature", "properties": { "element": "node", "id": 12606880294, "amenity": "cafe", "fixme": null, "name": "Fromaggi Aresu", "tobacco": null, "cuisine": "cheese", "opening_hours": null, "wheelchair": null, "addr:city": null, "addr:street": null, "addr:housenumber": null, "addr:postcode": null, "phone": null, "wheelchair:description": null, "source": null, "wifi": null, "toilets:wheelchair": null, "website": null, "outdoor_seating": null, "bar": null, "check_date": null, "operator": null, "payment:bancomat": null, "payment:mastercard": null, "payment:visa": null, "payment:visa_debit": null, "toilets": null, "comment": null, "outdoor_seating:comfort": null, "payment:cash": null, "shop": null, "addr:country": null, "indoor_seating": null, "payment:credit_cards": null, "toilets:number": null, "internet_access": null, "addr:province": null, "addr:suburb": null, "internet_access:fee": null, "check_date:opening_hours": null, "opening_hours:signed": null, "air_conditioning": null, "alt_name": null, "contact:facebook": null, "delivery": null, "description": null, "diet:meat": null, "diet:vegetarian": null, "drive_through": null, "internet_access:ssid": null, "level": null, "payment:debit_cards": null, "smoking": null, "seamark:small_craft_facility:category": null, "seamark:type": null, "sport": null, "brewery": null, "website:menu": null, "contact:instagram": null, "facebook": null, "name:en": null, "theme": null, "ref:vatin": null, "name:ru": null, "branch": null, "changing_table": null, "diet:vegan": null, "highchair": null, "email": null, "contact:phone": null, "takeaway": null, "baby_feeding": null, "kids_area": null, "toilets:access": null, "building": null }, "geometry": { "type": "Point", "coordinates": [ 9.1390401, 39.2351282 ] } },
{ "type": "Feature", "properties": { "element": "node", "id": 12610472758, "amenity": "cafe", "fixme": null, "name": "Bar Caraibi", "tobacco": null, "cuisine": null, "opening_hours": null, "wheelchair": null, "addr:city": null, "addr:street": null, "addr:housenumber": null, "addr:postcode": null, "phone": null, "wheelchair:description": null, "source": null, "wifi": null, "toilets:wheelchair": null, "website": null, "outdoor_seating": null, "bar": null, "check_date": null, "operator": null, "payment:bancomat": null, "payment:mastercard": null, "payment:visa": null, "payment:visa_debit": null, "toilets": null, "comment": null, "outdoor_seating:comfort": null, "payment:cash": null, "shop": null, "addr:country": null, "indoor_seating": null, "payment:credit_cards": null, "toilets:number": null, "internet_access": null, "addr:province": null, "addr:suburb": null, "internet_access:fee": null, "check_date:opening_hours": null, "opening_hours:signed": null, "air_conditioning": null, "alt_name": null, "contact:facebook": null, "delivery": null, "description": "Caffeteria, pasticceria, gelateria", "diet:meat": null, "diet:vegetarian": null, "drive_through": null, "internet_access:ssid": null, "level": null, "payment:debit_cards": null, "smoking": null, "seamark:small_craft_facility:category": null, "seamark:type": null, "sport": null, "brewery": null, "website:menu": null, "contact:instagram": null, "facebook": null, "name:en": null, "theme": null, "ref:vatin": null, "name:ru": null, "branch": null, "changing_table": null, "diet:vegan": null, "highchair": null, "email": null, "contact:phone": null, "takeaway": null, "baby_feeding": null, "kids_area": null, "toilets:access": null, "building": null }, "geometry": { "type": "Point", "coordinates": [ 9.1120191, 39.2354142 ] } },
{ "type": "Feature", "properties": { "element": "node", "id": 12652813944, "amenity": "cafe", "fixme": null, "name": "Nam", "tobacco": null, "cuisine": null, "opening_hours": null, "wheelchair": null, "addr:city": null, "addr:street": null, "addr:housenumber": "19/21", "addr:postcode": null, "phone": null, "wheelchair:description": null, "source": null, "wifi": null, "toilets:wheelchair": null, "website": null, "outdoor_seating": null, "bar": null, "check_date": null, "operator": null, "payment:bancomat": null, "payment:mastercard": null, "payment:visa": null, "payment:visa_debit": null, "toilets": null, "comment": null, "outdoor_seating:comfort": null, "payment:cash": null, "shop": null, "addr:country": null, "indoor_seating": null, "payment:credit_cards": null, "toilets:number": null, "internet_access": null, "addr:province": null, "addr:suburb": null, "internet_access:fee": null, "check_date:opening_hours": null, "opening_hours:signed": null, "air_conditioning": null, "alt_name": null, "contact:facebook": null, "delivery": null, "description": null, "diet:meat": null, "diet:vegetarian": null, "drive_through": null, "internet_access:ssid": null, "level": null, "payment:debit_cards": null, "smoking": null, "seamark:small_craft_facility:category": null, "seamark:type": null, "sport": null, "brewery": null, "website:menu": null, "contact:instagram": null, "facebook": null, "name:en": null, "theme": null, "ref:vatin": null, "name:ru": null, "branch": null, "changing_table": null, "diet:vegan": null, "highchair": null, "email": null, "contact:phone": null, "takeaway": null, "baby_feeding": null, "kids_area": null, "toilets:access": null, "building": null }, "geometry": { "type": "Point", "coordinates": [ 9.1236017, 39.2215747 ] } },
{ "type": "Feature", "properties": { "element": "node", "id": 12652835425, "amenity": "cafe", "fixme": null, "name": "Iflessi", "tobacco": null, "cuisine": null, "opening_hours": null, "wheelchair": null, "addr:city": null, "addr:street": null, "addr:housenumber": null, "addr:postcode": null, "phone": null, "wheelchair:description": null, "source": null, "wifi": null, "toilets:wheelchair": null, "website": null, "outdoor_seating": null, "bar": null, "check_date": null, "operator": null, "payment:bancomat": null, "payment:mastercard": null, "payment:visa": null, "payment:visa_debit": null, "toilets": null, "comment": null, "outdoor_seating:comfort": null, "payment:cash": null, "shop": null, "addr:country": null, "indoor_seating": null, "payment:credit_cards": null, "toilets:number": null, "internet_access": null, "addr:province": null, "addr:suburb": null, "internet_access:fee": null, "check_date:opening_hours": null, "opening_hours:signed": null, "air_conditioning": null, "alt_name": null, "contact:facebook": null, "delivery": null, "description": null, "diet:meat": null, "diet:vegetarian": null, "drive_through": null, "internet_access:ssid": null, "level": null, "payment:debit_cards": null, "smoking": null, "seamark:small_craft_facility:category": null, "seamark:type": null, "sport": null, "brewery": null, "website:menu": null, "contact:instagram": null, "facebook": null, "name:en": null, "theme": null, "ref:vatin": null, "name:ru": null, "branch": null, "changing_table": null, "diet:vegan": null, "highchair": null, "email": null, "contact:phone": null, "takeaway": null, "baby_feeding": null, "kids_area": null, "toilets:access": null, "building": null }, "geometry": { "type": "Point", "coordinates": [ 9.1252244, 39.2215811 ] } },
{ "type": "Feature", "properties": { "element": "node", "id": 12728719266, "amenity": "cafe", "fixme": null, "name": "Bar Pasteur", "tobacco": null, "cuisine": null, "opening_hours": null, "wheelchair": null, "addr:city": null, "addr:street": null, "addr:housenumber": null, "addr:postcode": null, "phone": null, "wheelchair:description": null, "source": null, "wifi": null, "toilets:wheelchair": null, "website": null, "outdoor_seating": null, "bar": null, "check_date": null, "operator": null, "payment:bancomat": null, "payment:mastercard": null, "payment:visa": null, "payment:visa_debit": null, "toilets": null, "comment": null, "outdoor_seating:comfort": null, "payment:cash": null, "shop": null, "addr:country": null, "indoor_seating": null, "payment:credit_cards": null, "toilets:number": null, "internet_access": null, "addr:province": null, "addr:suburb": null, "internet_access:fee": null, "check_date:opening_hours": null, "opening_hours:signed": null, "air_conditioning": null, "alt_name": null, "contact:facebook": null, "delivery": null, "description": null, "diet:meat": null, "diet:vegetarian": null, "drive_through": null, "internet_access:ssid": null, "level": null, "payment:debit_cards": null, "smoking": null, "seamark:small_craft_facility:category": null, "seamark:type": null, "sport": null, "brewery": null, "website:menu": null, "contact:instagram": null, "facebook": null, "name:en": null, "theme": null, "ref:vatin": null, "name:ru": null, "branch": null, "changing_table": null, "diet:vegan": null, "highchair": null, "email": null, "contact:phone": null, "takeaway": null, "baby_feeding": null, "kids_area": null, "toilets:access": null, "building": null }, "geometry": { "type": "Point", "coordinates": [ 9.1382691, 39.2081754 ] } },
{ "type": "Feature", "properties": { "element": "node", "id": 12791848856, "amenity": "cafe", "fixme": null, "name": null, "tobacco": null, "cuisine": null, "opening_hours": null, "wheelchair": null, "addr:city": null, "addr:street": null, "addr:housenumber": null, "addr:postcode": null, "phone": null, "wheelchair:description": null, "source": null, "wifi": null, "toilets:wheelchair": null, "website": null, "outdoor_seating": null, "bar": null, "check_date": null, "operator": null, "payment:bancomat": null, "payment:mastercard": null, "payment:visa": null, "payment:visa_debit": null, "toilets": null, "comment": null, "outdoor_seating:comfort": null, "payment:cash": null, "shop": null, "addr:country": null, "indoor_seating": null, "payment:credit_cards": null, "toilets:number": null, "internet_access": null, "addr:province": null, "addr:suburb": null, "internet_access:fee": null, "check_date:opening_hours": null, "opening_hours:signed": null, "air_conditioning": null, "alt_name": null, "contact:facebook": null, "delivery": null, "description": null, "diet:meat": null, "diet:vegetarian": null, "drive_through": null, "internet_access:ssid": null, "level": null, "payment:debit_cards": null, "smoking": null, "seamark:small_craft_facility:category": null, "seamark:type": null, "sport": null, "brewery": null, "website:menu": null, "contact:instagram": null, "facebook": null, "name:en": null, "theme": null, "ref:vatin": null, "name:ru": null, "branch": null, "changing_table": null, "diet:vegan": null, "highchair": null, "email": null, "contact:phone": null, "takeaway": null, "baby_feeding": null, "kids_area": null, "toilets:access": null, "building": null }, "geometry": { "type": "Point", "coordinates": [ 9.1385932, 39.1996624 ] } },
{ "type": "Feature", "properties": { "element": "node", "id": 12806703750, "amenity": "cafe", "fixme": null, "name": null, "tobacco": null, "cuisine": null, "opening_hours": null, "wheelchair": null, "addr:city": null, "addr:street": null, "addr:housenumber": null, "addr:postcode": null, "phone": null, "wheelchair:description": null, "source": null, "wifi": null, "toilets:wheelchair": null, "website": null, "outdoor_seating": "yes", "bar": null, "check_date": null, "operator": null, "payment:bancomat": null, "payment:mastercard": null, "payment:visa": null, "payment:visa_debit": null, "toilets": null, "comment": null, "outdoor_seating:comfort": null, "payment:cash": null, "shop": null, "addr:country": null, "indoor_seating": "yes", "payment:credit_cards": null, "toilets:number": null, "internet_access": null, "addr:province": null, "addr:suburb": null, "internet_access:fee": null, "check_date:opening_hours": null, "opening_hours:signed": null, "air_conditioning": null, "alt_name": null, "contact:facebook": null, "delivery": null, "description": null, "diet:meat": null, "diet:vegetarian": null, "drive_through": null, "internet_access:ssid": null, "level": null, "payment:debit_cards": null, "smoking": null, "seamark:small_craft_facility:category": null, "seamark:type": null, "sport": null, "brewery": null, "website:menu": null, "contact:instagram": null, "facebook": null, "name:en": null, "theme": null, "ref:vatin": null, "name:ru": null, "branch": null, "changing_table": null, "diet:vegan": null, "highchair": null, "email": null, "contact:phone": null, "takeaway": null, "baby_feeding": null, "kids_area": null, "toilets:access": null, "building": null }, "geometry": { "type": "Point", "coordinates": [ 9.1157344, 39.2158247 ] } },
{ "type": "Feature", "properties": { "element": "node", "id": 12855417879, "amenity": "cafe", "fixme": null, "name": null, "tobacco": null, "cuisine": null, "opening_hours": null, "wheelchair": null, "addr:city": null, "addr:street": null, "addr:housenumber": null, "addr:postcode": null, "phone": null, "wheelchair:description": null, "source": null, "wifi": null, "toilets:wheelchair": null, "website": null, "outdoor_seating": null, "bar": null, "check_date": null, "operator": null, "payment:bancomat": null, "payment:mastercard": null, "payment:visa": null, "payment:visa_debit": null, "toilets": null, "comment": null, "outdoor_seating:comfort": null, "payment:cash": null, "shop": null, "addr:country": null, "indoor_seating": null, "payment:credit_cards": null, "toilets:number": null, "internet_access": null, "addr:province": null, "addr:suburb": null, "internet_access:fee": null, "check_date:opening_hours": null, "opening_hours:signed": null, "air_conditioning": null, "alt_name": null, "contact:facebook": null, "delivery": null, "description": null, "diet:meat": null, "diet:vegetarian": null, "drive_through": null, "internet_access:ssid": null, "level": null, "payment:debit_cards": null, "smoking": null, "seamark:small_craft_facility:category": null, "seamark:type": null, "sport": null, "brewery": null, "website:menu": null, "contact:instagram": null, "facebook": null, "name:en": null, "theme": null, "ref:vatin": null, "name:ru": null, "branch": null, "changing_table": null, "diet:vegan": null, "highchair": null, "email": null, "contact:phone": null, "takeaway": null, "baby_feeding": null, "kids_area": null, "toilets:access": null, "building": null }, "geometry": { "type": "Point", "coordinates": [ 9.116807, 39.213361 ] } },
{ "type": "Feature", "properties": { "element": "node", "id": 13036748831, "amenity": "cafe", "fixme": null, "name": null, "tobacco": null, "cuisine": null, "opening_hours": null, "wheelchair": null, "addr:city": null, "addr:street": null, "addr:housenumber": null, "addr:postcode": null, "phone": null, "wheelchair:description": null, "source": null, "wifi": null, "toilets:wheelchair": null, "website": null, "outdoor_seating": null, "bar": null, "check_date": null, "operator": "CRAL Finanze e Tesoro", "payment:bancomat": null, "payment:mastercard": null, "payment:visa": null, "payment:visa_debit": null, "toilets": null, "comment": null, "outdoor_seating:comfort": null, "payment:cash": null, "shop": null, "addr:country": null, "indoor_seating": null, "payment:credit_cards": null, "toilets:number": null, "internet_access": null, "addr:province": null, "addr:suburb": null, "internet_access:fee": null, "check_date:opening_hours": null, "opening_hours:signed": null, "air_conditioning": null, "alt_name": null, "contact:facebook": null, "delivery": null, "description": null, "diet:meat": null, "diet:vegetarian": null, "drive_through": null, "internet_access:ssid": null, "level": null, "payment:debit_cards": null, "smoking": null, "seamark:small_craft_facility:category": null, "seamark:type": null, "sport": null, "brewery": null, "website:menu": null, "contact:instagram": null, "facebook": null, "name:en": null, "theme": null, "ref:vatin": null, "name:ru": null, "branch": null, "changing_table": null, "diet:vegan": null, "highchair": null, "email": null, "contact:phone": null, "takeaway": null, "baby_feeding": null, "kids_area": null, "toilets:access": null, "building": null }, "geometry": { "type": "Point", "coordinates": [ 9.1383211, 39.2397913 ] } },
{ "type": "Feature", "properties": { "element": "node", "id": 13196413438, "amenity": "cafe", "fixme": null, "name": "Café Terazza", "tobacco": null, "cuisine": null, "opening_hours": null, "wheelchair": null, "addr:city": null, "addr:street": null, "addr:housenumber": null, "addr:postcode": null, "phone": null, "wheelchair:description": null, "source": null, "wifi": null, "toilets:wheelchair": null, "website": null, "outdoor_seating": null, "bar": null, "check_date": null, "operator": null, "payment:bancomat": null, "payment:mastercard": null, "payment:visa": null, "payment:visa_debit": null, "toilets": null, "comment": null, "outdoor_seating:comfort": null, "payment:cash": null, "shop": null, "addr:country": null, "indoor_seating": null, "payment:credit_cards": null, "toilets:number": null, "internet_access": null, "addr:province": null, "addr:suburb": null, "internet_access:fee": null, "check_date:opening_hours": null, "opening_hours:signed": null, "air_conditioning": null, "alt_name": null, "contact:facebook": null, "delivery": null, "description": null, "diet:meat": null, "diet:vegetarian": null, "drive_through": null, "internet_access:ssid": null, "level": null, "payment:debit_cards": null, "smoking": null, "seamark:small_craft_facility:category": null, "seamark:type": null, "sport": null, "brewery": null, "website:menu": null, "contact:instagram": null, "facebook": null, "name:en": null, "theme": null, "ref:vatin": null, "name:ru": null, "branch": null, "changing_table": null, "diet:vegan": null, "highchair": null, "email": null, "contact:phone": null, "takeaway": null, "baby_feeding": null, "kids_area": null, "toilets:access": null, "building": null }, "geometry": { "type": "Point", "coordinates": [ 9.1129843, 39.2155932 ] } },
{ "type": "Feature", "properties": { "element": "way", "id": 277192461, "amenity": "cafe", "fixme": null, "name": null, "tobacco": null, "cuisine": null, "opening_hours": null, "wheelchair": null, "addr:city": null, "addr:street": null, "addr:housenumber": null, "addr:postcode": null, "phone": null, "wheelchair:description": null, "source": null, "wifi": null, "toilets:wheelchair": null, "website": null, "outdoor_seating": null, "bar": null, "check_date": null, "operator": null, "payment:bancomat": null, "payment:mastercard": null, "payment:visa": null, "payment:visa_debit": null, "toilets": null, "comment": null, "outdoor_seating:comfort": null, "payment:cash": null, "shop": null, "addr:country": null, "indoor_seating": null, "payment:credit_cards": null, "toilets:number": null, "internet_access": null, "addr:province": null, "addr:suburb": null, "internet_access:fee": null, "check_date:opening_hours": null, "opening_hours:signed": null, "air_conditioning": null, "alt_name": null, "contact:facebook": null, "delivery": null, "description": null, "diet:meat": null, "diet:vegetarian": null, "drive_through": null, "internet_access:ssid": null, "level": null, "payment:debit_cards": null, "smoking": null, "seamark:small_craft_facility:category": null, "seamark:type": null, "sport": null, "brewery": null, "website:menu": null, "contact:instagram": null, "facebook": null, "name:en": null, "theme": null, "ref:vatin": null, "name:ru": null, "branch": null, "changing_table": null, "diet:vegan": null, "highchair": null, "email": null, "contact:phone": null, "takeaway": null, "baby_feeding": null, "kids_area": null, "toilets:access": null, "building": "commercial" }, "geometry": { "type": "Polygon", "coordinates": [ [ [ 9.1599721, 39.1933173 ], [ 9.1598429, 39.1933103 ], [ 9.1598347, 39.1934073 ], [ 9.1599351, 39.1934554 ], [ 9.160016, 39.1933546 ], [ 9.159962, 39.1933285 ], [ 9.1599721, 39.1933173 ] ] ] } },
{ "type": "Feature", "properties": { "element": "way", "id": 277194897, "amenity": "cafe", "fixme": null, "name": "Giulietta e Romeo Lunch Bar", "tobacco": null, "cuisine": "italian", "opening_hours": null, "wheelchair": "yes", "addr:city": null, "addr:street": "Viale Elmas", "addr:housenumber": "147", "addr:postcode": null, "phone": "+39 070240008", "wheelchair:description": null, "source": null, "wifi": null, "toilets:wheelchair": null, "website": null, "outdoor_seating": null, "bar": null, "check_date": null, "operator": null, "payment:bancomat": null, "payment:mastercard": null, "payment:visa": null, "payment:visa_debit": null, "toilets": null, "comment": null, "outdoor_seating:comfort": null, "payment:cash": null, "shop": null, "addr:country": null, "indoor_seating": null, "payment:credit_cards": null, "toilets:number": null, "internet_access": null, "addr:province": null, "addr:suburb": null, "internet_access:fee": null, "check_date:opening_hours": null, "opening_hours:signed": null, "air_conditioning": null, "alt_name": null, "contact:facebook": null, "delivery": null, "description": null, "diet:meat": null, "diet:vegetarian": null, "drive_through": null, "internet_access:ssid": null, "level": null, "payment:debit_cards": null, "smoking": null, "seamark:small_craft_facility:category": null, "seamark:type": null, "sport": null, "brewery": null, "website:menu": null, "contact:instagram": null, "facebook": null, "name:en": null, "theme": null, "ref:vatin": null, "name:ru": null, "branch": null, "changing_table": null, "diet:vegan": null, "highchair": null, "email": null, "contact:phone": null, "takeaway": null, "baby_feeding": null, "kids_area": null, "toilets:access": null, "building": "yes" }, "geometry": { "type": "Polygon", "coordinates": [ [ [ 9.0877288, 39.2469677 ], [ 9.0878008, 39.2469718 ], [ 9.0878235, 39.2467327 ], [ 9.0877531, 39.2467287 ], [ 9.087743, 39.2468346 ], [ 9.0877011, 39.2468323 ], [ 9.0876884, 39.2469654 ], [ 9.0877288, 39.2469677 ] ] ] } },
{ "type": "Feature", "properties": { "element": "way", "id": 277195280, "amenity": "cafe", "fixme": null, "name": null, "tobacco": null, "cuisine": null, "opening_hours": null, "wheelchair": null, "addr:city": null, "addr:street": null, "addr:housenumber": null, "addr:postcode": null, "phone": null, "wheelchair:description": null, "source": null, "wifi": null, "toilets:wheelchair": null, "website": null, "outdoor_seating": null, "bar": null, "check_date": null, "operator": null, "payment:bancomat": null, "payment:mastercard": null, "payment:visa": null, "payment:visa_debit": null, "toilets": null, "comment": null, "outdoor_seating:comfort": null, "payment:cash": null, "shop": null, "addr:country": null, "indoor_seating": null, "payment:credit_cards": null, "toilets:number": null, "internet_access": null, "addr:province": null, "addr:suburb": null, "internet_access:fee": null, "check_date:opening_hours": null, "opening_hours:signed": null, "air_conditioning": null, "alt_name": null, "contact:facebook": null, "delivery": null, "description": null, "diet:meat": null, "diet:vegetarian": null, "drive_through": null, "internet_access:ssid": null, "level": null, "payment:debit_cards": null, "smoking": null, "seamark:small_craft_facility:category": null, "seamark:type": null, "sport": null, "brewery": null, "website:menu": null, "contact:instagram": null, "facebook": null, "name:en": null, "theme": null, "ref:vatin": null, "name:ru": null, "branch": null, "changing_table": null, "diet:vegan": null, "highchair": null, "email": null, "contact:phone": null, "takeaway": null, "baby_feeding": null, "kids_area": null, "toilets:access": null, "building": "yes" }, "geometry": { "type": "Polygon", "coordinates": [ [ [ 9.1324287, 39.204224 ], [ 9.1323541, 39.204123 ], [ 9.1322548, 39.2041361 ], [ 9.1322552, 39.2041486 ], [ 9.1321949, 39.2041448 ], [ 9.132184, 39.2042376 ], [ 9.132244, 39.2042408 ], [ 9.1322468, 39.2042157 ], [ 9.132366, 39.2042883 ], [ 9.1324287, 39.204224 ] ] ] } },
{ "type": "Feature", "properties": { "element": "way", "id": 556247599, "amenity": "cafe", "fixme": null, "name": null, "tobacco": null, "cuisine": null, "opening_hours": null, "wheelchair": null, "addr:city": null, "addr:street": null, "addr:housenumber": null, "addr:postcode": null, "phone": null, "wheelchair:description": null, "source": null, "wifi": null, "toilets:wheelchair": null, "website": null, "outdoor_seating": null, "bar": null, "check_date": null, "operator": null, "payment:bancomat": null, "payment:mastercard": null, "payment:visa": null, "payment:visa_debit": null, "toilets": null, "comment": null, "outdoor_seating:comfort": null, "payment:cash": null, "shop": null, "addr:country": null, "indoor_seating": null, "payment:credit_cards": null, "toilets:number": null, "internet_access": null, "addr:province": null, "addr:suburb": null, "internet_access:fee": null, "check_date:opening_hours": null, "opening_hours:signed": null, "air_conditioning": null, "alt_name": null, "contact:facebook": null, "delivery": null, "description": null, "diet:meat": null, "diet:vegetarian": null, "drive_through": null, "internet_access:ssid": null, "level": null, "payment:debit_cards": null, "smoking": null, "seamark:small_craft_facility:category": null, "seamark:type": null, "sport": null, "brewery": null, "website:menu": null, "contact:instagram": null, "facebook": null, "name:en": null, "theme": null, "ref:vatin": null, "name:ru": null, "branch": null, "changing_table": null, "diet:vegan": null, "highchair": null, "email": null, "contact:phone": null, "takeaway": null, "baby_feeding": null, "kids_area": null, "toilets:access": null, "building": "yes" }, "geometry": { "type": "Polygon", "coordinates": [ [ [ 9.1327853, 39.2481832 ], [ 9.1327525, 39.2481466 ], [ 9.1327864, 39.2481268 ], [ 9.1328243, 39.2481657 ], [ 9.1327853, 39.2481832 ] ] ] } },
{ "type": "Feature", "properties": { "element": "way", "id": 699446480, "amenity": "cafe", "fixme": null, "name": "La Sella del Diavolo", "tobacco": null, "cuisine": null, "opening_hours": null, "wheelchair": null, "addr:city": null, "addr:street": null, "addr:housenumber": null, "addr:postcode": null, "phone": null, "wheelchair:description": null, "source": null, "wifi": null, "toilets:wheelchair": null, "website": null, "outdoor_seating": null, "bar": null, "check_date": null, "operator": null, "payment:bancomat": null, "payment:mastercard": null, "payment:visa": null, "payment:visa_debit": null, "toilets": null, "comment": null, "outdoor_seating:comfort": null, "payment:cash": null, "shop": null, "addr:country": null, "indoor_seating": null, "payment:credit_cards": null, "toilets:number": null, "internet_access": null, "addr:province": null, "addr:suburb": null, "internet_access:fee": null, "check_date:opening_hours": null, "opening_hours:signed": null, "air_conditioning": null, "alt_name": null, "contact:facebook": null, "delivery": null, "description": null, "diet:meat": null, "diet:vegetarian": null, "drive_through": null, "internet_access:ssid": null, "level": null, "payment:debit_cards": null, "smoking": null, "seamark:small_craft_facility:category": null, "seamark:type": null, "sport": null, "brewery": null, "website:menu": null, "contact:instagram": null, "facebook": null, "name:en": null, "theme": null, "ref:vatin": null, "name:ru": null, "branch": null, "changing_table": null, "diet:vegan": null, "highchair": null, "email": null, "contact:phone": null, "takeaway": null, "baby_feeding": null, "kids_area": null, "toilets:access": null, "building": "yes" }, "geometry": { "type": "Polygon", "coordinates": [ [ [ 9.1595012, 39.1963867 ], [ 9.1597191, 39.1963575 ], [ 9.1596818, 39.1962 ], [ 9.1594665, 39.1962271 ], [ 9.1595012, 39.1963867 ] ] ] } },
{ "type": "Feature", "properties": { "element": "way", "id": 699446481, "amenity": "cafe", "fixme": null, "name": "Le Palmette Beach Club - Cagliari", "tobacco": null, "cuisine": null, "opening_hours": null, "wheelchair": null, "addr:city": null, "addr:street": null, "addr:housenumber": null, "addr:postcode": null, "phone": null, "wheelchair:description": null, "source": null, "wifi": null, "toilets:wheelchair": null, "website": null, "outdoor_seating": null, "bar": null, "check_date": null, "operator": null, "payment:bancomat": null, "payment:mastercard": null, "payment:visa": null, "payment:visa_debit": null, "toilets": null, "comment": null, "outdoor_seating:comfort": null, "payment:cash": null, "shop": null, "addr:country": null, "indoor_seating": null, "payment:credit_cards": null, "toilets:number": null, "internet_access": null, "addr:province": null, "addr:suburb": null, "internet_access:fee": null, "check_date:opening_hours": null, "opening_hours:signed": null, "air_conditioning": null, "alt_name": null, "contact:facebook": null, "delivery": null, "description": null, "diet:meat": null, "diet:vegetarian": null, "drive_through": null, "internet_access:ssid": null, "level": null, "payment:debit_cards": null, "smoking": null, "seamark:small_craft_facility:category": null, "seamark:type": null, "sport": null, "brewery": null, "website:menu": null, "contact:instagram": null, "facebook": null, "name:en": null, "theme": null, "ref:vatin": null, "name:ru": null, "branch": null, "changing_table": null, "diet:vegan": null, "highchair": null, "email": null, "contact:phone": null, "takeaway": null, "baby_feeding": null, "kids_area": null, "toilets:access": null, "building": "yes" }, "geometry": { "type": "Polygon", "coordinates": [ [ [ 9.1593146, 39.1956129 ], [ 9.1595184, 39.1955879 ], [ 9.1594889, 39.1954237 ], [ 9.159277, 39.1954538 ], [ 9.1593146, 39.1956129 ] ] ] } },
{ "type": "Feature", "properties": { "element": "way", "id": 738358772, "amenity": "cafe", "fixme": null, "name": null, "tobacco": null, "cuisine": null, "opening_hours": null, "wheelchair": null, "addr:city": null, "addr:street": null, "addr:housenumber": null, "addr:postcode": null, "phone": null, "wheelchair:description": null, "source": null, "wifi": null, "toilets:wheelchair": null, "website": null, "outdoor_seating": null, "bar": null, "check_date": null, "operator": null, "payment:bancomat": null, "payment:mastercard": null, "payment:visa": null, "payment:visa_debit": null, "toilets": null, "comment": null, "outdoor_seating:comfort": null, "payment:cash": null, "shop": null, "addr:country": null, "indoor_seating": null, "payment:credit_cards": null, "toilets:number": null, "internet_access": null, "addr:province": null, "addr:suburb": null, "internet_access:fee": null, "check_date:opening_hours": null, "opening_hours:signed": null, "air_conditioning": null, "alt_name": null, "contact:facebook": null, "delivery": null, "description": null, "diet:meat": null, "diet:vegetarian": null, "drive_through": null, "internet_access:ssid": null, "level": null, "payment:debit_cards": null, "smoking": null, "seamark:small_craft_facility:category": null, "seamark:type": null, "sport": null, "brewery": null, "website:menu": null, "contact:instagram": null, "facebook": null, "name:en": null, "theme": null, "ref:vatin": null, "name:ru": null, "branch": null, "changing_table": null, "diet:vegan": null, "highchair": null, "email": null, "contact:phone": null, "takeaway": null, "baby_feeding": null, "kids_area": null, "toilets:access": null, "building": "yes" }, "geometry": { "type": "Polygon", "coordinates": [ [ [ 9.1140645, 39.2211171 ], [ 9.1141108, 39.2210861 ], [ 9.1141886, 39.2211559 ], [ 9.1141423, 39.2211868 ], [ 9.1140645, 39.2211171 ] ] ] } },
{ "type": "Feature", "properties": { "element": "way", "id": 984186456, "amenity": "cafe", "fixme": null, "name": null, "tobacco": null, "cuisine": null, "opening_hours": null, "wheelchair": null, "addr:city": null, "addr:street": null, "addr:housenumber": null, "addr:postcode": null, "phone": null, "wheelchair:description": null, "source": null, "wifi": null, "toilets:wheelchair": null, "website": null, "outdoor_seating": null, "bar": null, "check_date": null, "operator": null, "payment:bancomat": null, "payment:mastercard": null, "payment:visa": null, "payment:visa_debit": null, "toilets": null, "comment": null, "outdoor_seating:comfort": null, "payment:cash": null, "shop": null, "addr:country": null, "indoor_seating": null, "payment:credit_cards": null, "toilets:number": null, "internet_access": null, "addr:province": null, "addr:suburb": null, "internet_access:fee": null, "check_date:opening_hours": null, "opening_hours:signed": null, "air_conditioning": null, "alt_name": null, "contact:facebook": null, "delivery": null, "description": null, "diet:meat": null, "diet:vegetarian": null, "drive_through": null, "internet_access:ssid": null, "level": null, "payment:debit_cards": null, "smoking": null, "seamark:small_craft_facility:category": null, "seamark:type": null, "sport": null, "brewery": null, "website:menu": null, "contact:instagram": null, "facebook": null, "name:en": null, "theme": null, "ref:vatin": null, "name:ru": null, "branch": null, "changing_table": null, "diet:vegan": null, "highchair": null, "email": null, "contact:phone": null, "takeaway": null, "baby_feeding": null, "kids_area": null, "toilets:access": null, "building": null }, "geometry": { "type": "Polygon", "coordinates": [ [ [ 9.1331818, 39.2169757 ], [ 9.1332339, 39.2170012 ], [ 9.1332907, 39.2169483 ], [ 9.1332368, 39.2169192 ], [ 9.1331818, 39.2169757 ] ] ] } },
{ "type": "Feature", "properties": { "element": "way", "id": 984186459, "amenity": "cafe", "fixme": null, "name": null, "tobacco": null, "cuisine": null, "opening_hours": null, "wheelchair": null, "addr:city": null, "addr:street": null, "addr:housenumber": null, "addr:postcode": null, "phone": null, "wheelchair:description": null, "source": null, "wifi": null, "toilets:wheelchair": null, "website": null, "outdoor_seating": null, "bar": null, "check_date": null, "operator": null, "payment:bancomat": null, "payment:mastercard": null, "payment:visa": null, "payment:visa_debit": null, "toilets": null, "comment": null, "outdoor_seating:comfort": null, "payment:cash": null, "shop": null, "addr:country": null, "indoor_seating": null, "payment:credit_cards": null, "toilets:number": null, "internet_access": null, "addr:province": null, "addr:suburb": null, "internet_access:fee": null, "check_date:opening_hours": null, "opening_hours:signed": null, "air_conditioning": null, "alt_name": null, "contact:facebook": null, "delivery": null, "description": null, "diet:meat": null, "diet:vegetarian": null, "drive_through": null, "internet_access:ssid": null, "level": null, "payment:debit_cards": null, "smoking": null, "seamark:small_craft_facility:category": null, "seamark:type": null, "sport": null, "brewery": null, "website:menu": null, "contact:instagram": null, "facebook": null, "name:en": null, "theme": null, "ref:vatin": null, "name:ru": null, "branch": null, "changing_table": null, "diet:vegan": null, "highchair": null, "email": null, "contact:phone": null, "takeaway": null, "baby_feeding": null, "kids_area": null, "toilets:access": null, "building": null }, "geometry": { "type": "Polygon", "coordinates": [ [ [ 9.1381728, 39.2160301 ], [ 9.1381537, 39.2160126 ], [ 9.1382152, 39.2159723 ], [ 9.1382343, 39.2159899 ], [ 9.1381728, 39.2160301 ] ] ] } }
]
}
