{
"type": "FeatureCollection",
"name": "amenity_restaurant",
"crs": { "type": "name", "properties": { "name": "urn:ogc:def:crs:OGC:1.3:CRS84" } },
"features": [
{ "type": "Feature", "properties": { "element": "node", "id": 956130315, "addr:city": "Cagliari", "addr:street": "Bastione di Saint Remy", "amenity": "restaurant", "cuisine": "regional", "name": "Cafe Degli Spiriti", "note": "Sardinian specialties, salads, pizza, ham etc. At night cocktails and loungebar. Great view over the city and the ocean.", "phone": "+39 070 311 0373", "price": "€7 drinks", "addr:postcode": null, "addr:housenumber": null, "website": null, "email": null, "outdoor_seating": null, "check_date": null, "payment:cash": null, "payment:mastercard": null, "payment:visa": null, "payment:visa_debit": null, "wheelchair": null, "addr:place": null, "internet_access": null, "toilets:wheelchair": null, "microbrewery": null, "opening_hours": null, "indoor_seating": null, "wheelchair:description": null, "brand": null, "brand:wikidata": null, "brand:wikipedia": null, "contact:mobile": null, "contact:phone": null, "contact:website": null, "diet:vegetarian": null, "facebook": null, "operator": null, "payment:bancomat": null, "reservation": null, "toilets": null, "addr:country": null, "diet:vegan": null, "capacity": null, "source": null, "source_1": null, "delivery": null, "smoking": null, "takeaway": null, "name:signed": null, "seamark:small_craft_facility:category": null, "seamark:type": null, "contact:facebook": null, "fixme": null, "toilets:access": null, "payment:credit_cards": null, "payment:debit_cards": null, "name:it": null, "contact:email": null, "payment:american_express": null, "start_date": null, "name:ru": null, "description": null, "bar": null, "diet:meat": null, "diet:mediterranean": null, "diet:non-vegetarian": null, "diet:seafood": null, "loc_name:pl": null, "payment:contactless": null, "check_date:opening_hours": null, "opening_hours:signed": null, "internet_access:fee": null, "name:pl": null, "diet:local": null, "outdoor_seating:comfort": null, "name:en": null, "air_conditioning": null, "highchair": null, "website:menu": null, "brewery": null, "toilets:handwashing": null, "toilets:num_chambers": null, "changing_table": null, "indoor": null, "short_name": null, "access": null, "contact:instagram": null, "contact:whatsapp": null, "addr:floor": null, "internet_access:ssid": null, "food": null, "building": null, "diet:fish": null, "type": null }, "geometry": { "type": "Point", "coordinates": [ 9.1166965, 39.2166701 ] } },
{ "type": "Feature", "properties": { "element": "node", "id": 1388391553, "addr:city": null, "addr:street": "Via Sassari", "amenity": "restaurant", "cuisine": "italian", "name": "Pomosardagna SRL", "note": null, "phone": null, "price": null, "addr:postcode": "09124", "addr:housenumber": null, "website": null, "email": null, "outdoor_seating": null, "check_date": null, "payment:cash": null, "payment:mastercard": null, "payment:visa": null, "payment:visa_debit": null, "wheelchair": null, "addr:place": null, "internet_access": null, "toilets:wheelchair": null, "microbrewery": null, "opening_hours": null, "indoor_seating": null, "wheelchair:description": null, "brand": null, "brand:wikidata": null, "brand:wikipedia": null, "contact:mobile": null, "contact:phone": null, "contact:website": null, "diet:vegetarian": null, "facebook": null, "operator": null, "payment:bancomat": null, "reservation": null, "toilets": null, "addr:country": null, "diet:vegan": null, "capacity": null, "source": null, "source_1": null, "delivery": null, "smoking": null, "takeaway": null, "name:signed": null, "seamark:small_craft_facility:category": null, "seamark:type": null, "contact:facebook": null, "fixme": null, "toilets:access": null, "payment:credit_cards": null, "payment:debit_cards": null, "name:it": null, "contact:email": null, "payment:american_express": null, "start_date": null, "name:ru": null, "description": null, "bar": null, "diet:meat": null, "diet:mediterranean": null, "diet:non-vegetarian": null, "diet:seafood": null, "loc_name:pl": null, "payment:contactless": null, "check_date:opening_hours": null, "opening_hours:signed": null, "internet_access:fee": null, "name:pl": null, "diet:local": null, "outdoor_seating:comfort": null, "name:en": null, "air_conditioning": null, "highchair": null, "website:menu": null, "brewery": null, "toilets:handwashing": null, "toilets:num_chambers": null, "changing_table": null, "indoor": null, "short_name": null, "access": null, "contact:instagram": null, "contact:whatsapp": null, "addr:floor": null, "internet_access:ssid": null, "food": null, "building": null, "diet:fish": null, "type": null }, "geometry": { "type": "Point", "coordinates": [ 9.1111441, 39.2176003 ] } },
{ "type": "Feature", "properties": { "element": "node", "id": 1388397471, "addr:city": "Cagliari", "addr:street": "Via Sassari", "amenity": "restaurant", "cuisine": null, "name": "Locanda Caddeo", "note": null, "phone": null, "price": null, "addr:postcode": null, "addr:housenumber": "75", "website": "https://www.locandacaddeo.it/", "email": null, "outdoor_seating": null, "check_date": null, "payment:cash": null, "payment:mastercard": null, "payment:visa": null, "payment:visa_debit": null, "wheelchair": null, "addr:place": null, "internet_access": null, "toilets:wheelchair": null, "microbrewery": null, "opening_hours": null, "indoor_seating": null, "wheelchair:description": null, "brand": null, "brand:wikidata": null, "brand:wikipedia": null, "contact:mobile": null, "contact:phone": null, "contact:website": null, "diet:vegetarian": null, "facebook": null, "operator": null, "payment:bancomat": null, "reservation": null, "toilets": null, "addr:country": null, "diet:vegan": null, "capacity": null, "source": null, "source_1": null, "delivery": null, "smoking": null, "takeaway": null, "name:signed": null, "seamark:small_craft_facility:category": null, "seamark:type": null, "contact:facebook": null, "fixme": null, "toilets:access": null, "payment:credit_cards": null, "payment:debit_cards": null, "name:it": null, "contact:email": null, "payment:american_express": null, "start_date": null, "name:ru": null, "description": null, "bar": null, "diet:meat": null, "diet:mediterranean": null, "diet:non-vegetarian": null, "diet:seafood": null, "loc_name:pl": null, "payment:contactless": null, "check_date:opening_hours": null, "opening_hours:signed": null, "internet_access:fee": null, "name:pl": null, "diet:local": null, "outdoor_seating:comfort": null, "name:en": null, "air_conditioning": null, "highchair": null, "website:menu": null, "brewery": null, "toilets:handwashing": null, "toilets:num_chambers": null, "changing_table": null, "indoor": null, "short_name": null, "access": null, "contact:instagram": null, "contact:whatsapp": null, "addr:floor": null, "internet_access:ssid": null, "food": null, "building": null, "diet:fish": null, "type": null }, "geometry": { "type": "Point", "coordinates": [ 9.1112514, 39.2174839 ] } },
{ "type": "Feature", "properties": { "element": "node", "id": 1714661797, "addr:city": "Cagliari", "addr:street": "Via Sardegna", "amenity": "restaurant", "cuisine": "regional;seafood", "name": "Trattoria Lillicu", "note": null, "phone": "+39 070 652970", "price": null, "addr:postcode": "09124", "addr:housenumber": "78", "website": "http://www.trattoria.cagliari.it", "email": "lillicu@live.it", "outdoor_seating": "yes", "check_date": null, "payment:cash": null, "payment:mastercard": null, "payment:visa": null, "payment:visa_debit": null, "wheelchair": null, "addr:place": null, "internet_access": null, "toilets:wheelchair": null, "microbrewery": null, "opening_hours": null, "indoor_seating": null, "wheelchair:description": null, "brand": null, "brand:wikidata": null, "brand:wikipedia": null, "contact:mobile": null, "contact:phone": null, "contact:website": null, "diet:vegetarian": null, "facebook": null, "operator": null, "payment:bancomat": null, "reservation": null, "toilets": null, "addr:country": null, "diet:vegan": null, "capacity": null, "source": null, "source_1": null, "delivery": null, "smoking": null, "takeaway": null, "name:signed": null, "seamark:small_craft_facility:category": null, "seamark:type": null, "contact:facebook": null, "fixme": null, "toilets:access": null, "payment:credit_cards": null, "payment:debit_cards": null, "name:it": null, "contact:email": null, "payment:american_express": null, "start_date": null, "name:ru": null, "description": null, "bar": null, "diet:meat": null, "diet:mediterranean": null, "diet:non-vegetarian": null, "diet:seafood": null, "loc_name:pl": null, "payment:contactless": null, "check_date:opening_hours": null, "opening_hours:signed": null, "internet_access:fee": null, "name:pl": null, "diet:local": null, "outdoor_seating:comfort": null, "name:en": null, "air_conditioning": null, "highchair": null, "website:menu": null, "brewery": null, "toilets:handwashing": null, "toilets:num_chambers": null, "changing_table": null, "indoor": null, "short_name": null, "access": null, "contact:instagram": null, "contact:whatsapp": null, "addr:floor": null, "internet_access:ssid": null, "food": null, "building": null, "diet:fish": null, "type": null }, "geometry": { "type": "Point", "coordinates": [ 9.1137841, 39.2139565 ] } },
{ "type": "Feature", "properties": { "element": "node", "id": 1758400529, "addr:city": null, "addr:street": null, "amenity": "restaurant", "cuisine": null, "name": "trattoria il buongustaio", "note": null, "phone": null, "price": null, "addr:postcode": null, "addr:housenumber": null, "website": null, "email": null, "outdoor_seating": null, "check_date": null, "payment:cash": null, "payment:mastercard": null, "payment:visa": null, "payment:visa_debit": null, "wheelchair": null, "addr:place": null, "internet_access": null, "toilets:wheelchair": null, "microbrewery": null, "opening_hours": null, "indoor_seating": null, "wheelchair:description": null, "brand": null, "brand:wikidata": null, "brand:wikipedia": null, "contact:mobile": null, "contact:phone": null, "contact:website": null, "diet:vegetarian": null, "facebook": null, "operator": null, "payment:bancomat": null, "reservation": null, "toilets": null, "addr:country": null, "diet:vegan": null, "capacity": null, "source": null, "source_1": null, "delivery": null, "smoking": null, "takeaway": null, "name:signed": null, "seamark:small_craft_facility:category": null, "seamark:type": null, "contact:facebook": null, "fixme": null, "toilets:access": null, "payment:credit_cards": null, "payment:debit_cards": null, "name:it": null, "contact:email": null, "payment:american_express": null, "start_date": null, "name:ru": null, "description": null, "bar": null, "diet:meat": null, "diet:mediterranean": null, "diet:non-vegetarian": null, "diet:seafood": null, "loc_name:pl": null, "payment:contactless": null, "check_date:opening_hours": null, "opening_hours:signed": null, "internet_access:fee": null, "name:pl": null, "diet:local": null, "outdoor_seating:comfort": null, "name:en": null, "air_conditioning": null, "highchair": null, "website:menu": null, "brewery": null, "toilets:handwashing": null, "toilets:num_chambers": null, "changing_table": null, "indoor": null, "short_name": null, "access": null, "contact:instagram": null, "contact:whatsapp": null, "addr:floor": null, "internet_access:ssid": null, "food": null, "building": null, "diet:fish": null, "type": null }, "geometry": { "type": "Point", "coordinates": [ 9.1139026, 39.2136195 ] } },
{ "type": "Feature", "properties": { "element": "node", "id": 1996946746, "addr:city": null, "addr:street": null, "amenity": "restaurant", "cuisine": "italian", "name": "Pepe Rosa", "note": null, "phone": null, "price": null, "addr:postcode": null, "addr:housenumber": null, "website": null, "email": null, "outdoor_seating": null, "check_date": null, "payment:cash": null, "payment:mastercard": null, "payment:visa": null, "payment:visa_debit": null, "wheelchair": null, "addr:place": null, "internet_access": null, "toilets:wheelchair": null, "microbrewery": null, "opening_hours": null, "indoor_seating": null, "wheelchair:description": null, "brand": null, "brand:wikidata": null, "brand:wikipedia": null, "contact:mobile": null, "contact:phone": null, "contact:website": null, "diet:vegetarian": null, "facebook": null, "operator": null, "payment:bancomat": null, "reservation": null, "toilets": null, "addr:country": null, "diet:vegan": null, "capacity": null, "source": null, "source_1": null, "delivery": null, "smoking": null, "takeaway": null, "name:signed": null, "seamark:small_craft_facility:category": null, "seamark:type": null, "contact:facebook": null, "fixme": null, "toilets:access": null, "payment:credit_cards": null, "payment:debit_cards": null, "name:it": null, "contact:email": null, "payment:american_express": null, "start_date": null, "name:ru": null, "description": null, "bar": null, "diet:meat": null, "diet:mediterranean": null, "diet:non-vegetarian": null, "diet:seafood": null, "loc_name:pl": null, "payment:contactless": null, "check_date:opening_hours": null, "opening_hours:signed": null, "internet_access:fee": null, "name:pl": null, "diet:local": null, "outdoor_seating:comfort": null, "name:en": null, "air_conditioning": null, "highchair": null, "website:menu": null, "brewery": null, "toilets:handwashing": null, "toilets:num_chambers": null, "changing_table": null, "indoor": null, "short_name": null, "access": null, "contact:instagram": null, "contact:whatsapp": null, "addr:floor": null, "internet_access:ssid": null, "food": null, "building": null, "diet:fish": null, "type": null }, "geometry": { "type": "Point", "coordinates": [ 9.1331669, 39.208505 ] } },
{ "type": "Feature", "properties": { "element": "node", "id": 1996965750, "addr:city": null, "addr:street": null, "amenity": "restaurant", "cuisine": "pizza", "name": "Pizzeria \"Chiaro di luna\"", "note": null, "phone": null, "price": null, "addr:postcode": null, "addr:housenumber": null, "website": null, "email": null, "outdoor_seating": null, "check_date": null, "payment:cash": null, "payment:mastercard": null, "payment:visa": null, "payment:visa_debit": null, "wheelchair": null, "addr:place": null, "internet_access": null, "toilets:wheelchair": null, "microbrewery": null, "opening_hours": null, "indoor_seating": null, "wheelchair:description": null, "brand": null, "brand:wikidata": null, "brand:wikipedia": null, "contact:mobile": null, "contact:phone": null, "contact:website": null, "diet:vegetarian": null, "facebook": null, "operator": null, "payment:bancomat": null, "reservation": null, "toilets": null, "addr:country": null, "diet:vegan": null, "capacity": null, "source": null, "source_1": null, "delivery": null, "smoking": null, "takeaway": null, "name:signed": null, "seamark:small_craft_facility:category": null, "seamark:type": null, "contact:facebook": null, "fixme": null, "toilets:access": null, "payment:credit_cards": null, "payment:debit_cards": null, "name:it": null, "contact:email": null, "payment:american_express": null, "start_date": null, "name:ru": null, "description": null, "bar": null, "diet:meat": null, "diet:mediterranean": null, "diet:non-vegetarian": null, "diet:seafood": null, "loc_name:pl": null, "payment:contactless": null, "check_date:opening_hours": null, "opening_hours:signed": null, "internet_access:fee": null, "name:pl": null, "diet:local": null, "outdoor_seating:comfort": null, "name:en": null, "air_conditioning": null, "highchair": null, "website:menu": null, "brewery": null, "toilets:handwashing": null, "toilets:num_chambers": null, "changing_table": null, "indoor": null, "short_name": null, "access": null, "contact:instagram": null, "contact:whatsapp": null, "addr:floor": null, "internet_access:ssid": null, "food": null, "building": null, "diet:fish": null, "type": null }, "geometry": { "type": "Point", "coordinates": [ 9.1283922, 39.2322616 ] } },
{ "type": "Feature", "properties": { "element": "node", "id": 1996967388, "addr:city": null, "addr:street": null, "amenity": "restaurant", "cuisine": "ice_cream", "name": "Gelateria \"Ice Mu\"", "note": null, "phone": null, "price": null, "addr:postcode": null, "addr:housenumber": null, "website": null, "email": null, "outdoor_seating": null, "check_date": null, "payment:cash": null, "payment:mastercard": null, "payment:visa": null, "payment:visa_debit": null, "wheelchair": null, "addr:place": null, "internet_access": null, "toilets:wheelchair": null, "microbrewery": null, "opening_hours": null, "indoor_seating": null, "wheelchair:description": null, "brand": null, "brand:wikidata": null, "brand:wikipedia": null, "contact:mobile": null, "contact:phone": null, "contact:website": null, "diet:vegetarian": null, "facebook": null, "operator": null, "payment:bancomat": null, "reservation": null, "toilets": null, "addr:country": null, "diet:vegan": null, "capacity": null, "source": null, "source_1": null, "delivery": null, "smoking": null, "takeaway": null, "name:signed": null, "seamark:small_craft_facility:category": null, "seamark:type": null, "contact:facebook": null, "fixme": null, "toilets:access": null, "payment:credit_cards": null, "payment:debit_cards": null, "name:it": null, "contact:email": null, "payment:american_express": null, "start_date": null, "name:ru": null, "description": null, "bar": null, "diet:meat": null, "diet:mediterranean": null, "diet:non-vegetarian": null, "diet:seafood": null, "loc_name:pl": null, "payment:contactless": null, "check_date:opening_hours": null, "opening_hours:signed": null, "internet_access:fee": null, "name:pl": null, "diet:local": null, "outdoor_seating:comfort": null, "name:en": null, "air_conditioning": null, "highchair": null, "website:menu": null, "brewery": null, "toilets:handwashing": null, "toilets:num_chambers": null, "changing_table": null, "indoor": null, "short_name": null, "access": null, "contact:instagram": null, "contact:whatsapp": null, "addr:floor": null, "internet_access:ssid": null, "food": null, "building": null, "diet:fish": null, "type": null }, "geometry": { "type": "Point", "coordinates": [ 9.1363423, 39.2082071 ] } },
{ "type": "Feature", "properties": { "element": "node", "id": 2001262808, "addr:city": null, "addr:street": null, "amenity": "restaurant", "cuisine": "pizza", "name": "Il bambù", "note": null, "phone": null, "price": null, "addr:postcode": null, "addr:housenumber": null, "website": null, "email": null, "outdoor_seating": null, "check_date": null, "payment:cash": null, "payment:mastercard": null, "payment:visa": null, "payment:visa_debit": null, "wheelchair": null, "addr:place": null, "internet_access": null, "toilets:wheelchair": null, "microbrewery": null, "opening_hours": null, "indoor_seating": null, "wheelchair:description": null, "brand": null, "brand:wikidata": null, "brand:wikipedia": null, "contact:mobile": null, "contact:phone": null, "contact:website": null, "diet:vegetarian": null, "facebook": null, "operator": null, "payment:bancomat": null, "reservation": null, "toilets": null, "addr:country": null, "diet:vegan": null, "capacity": null, "source": null, "source_1": null, "delivery": null, "smoking": null, "takeaway": null, "name:signed": null, "seamark:small_craft_facility:category": null, "seamark:type": null, "contact:facebook": null, "fixme": null, "toilets:access": null, "payment:credit_cards": null, "payment:debit_cards": null, "name:it": null, "contact:email": null, "payment:american_express": null, "start_date": null, "name:ru": null, "description": null, "bar": null, "diet:meat": null, "diet:mediterranean": null, "diet:non-vegetarian": null, "diet:seafood": null, "loc_name:pl": null, "payment:contactless": null, "check_date:opening_hours": null, "opening_hours:signed": null, "internet_access:fee": null, "name:pl": null, "diet:local": null, "outdoor_seating:comfort": null, "name:en": null, "air_conditioning": null, "highchair": null, "website:menu": null, "brewery": null, "toilets:handwashing": null, "toilets:num_chambers": null, "changing_table": null, "indoor": null, "short_name": null, "access": null, "contact:instagram": null, "contact:whatsapp": null, "addr:floor": null, "internet_access:ssid": null, "food": null, "building": null, "diet:fish": null, "type": null }, "geometry": { "type": "Point", "coordinates": [ 9.1362552, 39.2213594 ] } },
{ "type": "Feature", "properties": { "element": "node", "id": 2001269619, "addr:city": null, "addr:street": null, "amenity": "restaurant", "cuisine": "seafood", "name": "Vendita ricci di mare", "note": null, "phone": null, "price": null, "addr:postcode": null, "addr:housenumber": null, "website": null, "email": null, "outdoor_seating": null, "check_date": null, "payment:cash": null, "payment:mastercard": null, "payment:visa": null, "payment:visa_debit": null, "wheelchair": null, "addr:place": null, "internet_access": null, "toilets:wheelchair": null, "microbrewery": null, "opening_hours": null, "indoor_seating": null, "wheelchair:description": null, "brand": null, "brand:wikidata": null, "brand:wikipedia": null, "contact:mobile": null, "contact:phone": null, "contact:website": null, "diet:vegetarian": null, "facebook": null, "operator": null, "payment:bancomat": null, "reservation": null, "toilets": null, "addr:country": null, "diet:vegan": null, "capacity": null, "source": null, "source_1": null, "delivery": null, "smoking": null, "takeaway": null, "name:signed": null, "seamark:small_craft_facility:category": null, "seamark:type": null, "contact:facebook": null, "fixme": null, "toilets:access": null, "payment:credit_cards": null, "payment:debit_cards": null, "name:it": null, "contact:email": null, "payment:american_express": null, "start_date": null, "name:ru": null, "description": null, "bar": null, "diet:meat": null, "diet:mediterranean": null, "diet:non-vegetarian": null, "diet:seafood": null, "loc_name:pl": null, "payment:contactless": null, "check_date:opening_hours": null, "opening_hours:signed": null, "internet_access:fee": null, "name:pl": null, "diet:local": null, "outdoor_seating:comfort": null, "name:en": null, "air_conditioning": null, "highchair": null, "website:menu": null, "brewery": null, "toilets:handwashing": null, "toilets:num_chambers": null, "changing_table": null, "indoor": null, "short_name": null, "access": null, "contact:instagram": null, "contact:whatsapp": null, "addr:floor": null, "internet_access:ssid": null, "food": null, "building": null, "diet:fish": null, "type": null }, "geometry": { "type": "Point", "coordinates": [ 9.1238264, 39.2064632 ] } },
{ "type": "Feature", "properties": { "element": "node", "id": 2001271488, "addr:city": null, "addr:street": "Via Sebastiano Caboto", "amenity": "restaurant", "cuisine": "pizza", "name": "Pizzeria RariNantes", "note": null, "phone": null, "price": null, "addr:postcode": null, "addr:housenumber": null, "website": null, "email": null, "outdoor_seating": null, "check_date": "2023-08-29", "payment:cash": "yes", "payment:mastercard": "yes", "payment:visa": "yes", "payment:visa_debit": "yes", "wheelchair": "yes", "addr:place": null, "internet_access": null, "toilets:wheelchair": null, "microbrewery": null, "opening_hours": null, "indoor_seating": null, "wheelchair:description": null, "brand": null, "brand:wikidata": null, "brand:wikipedia": null, "contact:mobile": null, "contact:phone": null, "contact:website": null, "diet:vegetarian": null, "facebook": null, "operator": null, "payment:bancomat": null, "reservation": null, "toilets": null, "addr:country": null, "diet:vegan": null, "capacity": null, "source": null, "source_1": null, "delivery": null, "smoking": null, "takeaway": null, "name:signed": null, "seamark:small_craft_facility:category": null, "seamark:type": null, "contact:facebook": null, "fixme": null, "toilets:access": null, "payment:credit_cards": null, "payment:debit_cards": null, "name:it": null, "contact:email": null, "payment:american_express": null, "start_date": null, "name:ru": null, "description": null, "bar": null, "diet:meat": null, "diet:mediterranean": null, "diet:non-vegetarian": null, "diet:seafood": null, "loc_name:pl": null, "payment:contactless": null, "check_date:opening_hours": null, "opening_hours:signed": null, "internet_access:fee": null, "name:pl": null, "diet:local": null, "outdoor_seating:comfort": null, "name:en": null, "air_conditioning": null, "highchair": null, "website:menu": null, "brewery": null, "toilets:handwashing": null, "toilets:num_chambers": null, "changing_table": null, "indoor": null, "short_name": null, "access": null, "contact:instagram": null, "contact:whatsapp": null, "addr:floor": null, "internet_access:ssid": null, "food": null, "building": null, "diet:fish": null, "type": null }, "geometry": { "type": "Point", "coordinates": [ 9.1250495, 39.2050478 ] } },
{ "type": "Feature", "properties": { "element": "node", "id": 2179701239, "addr:city": null, "addr:street": "Via Sassari", "amenity": "restaurant", "cuisine": null, "name": "Ristorante Flora", "note": null, "phone": null, "price": null, "addr:postcode": null, "addr:housenumber": "45", "website": null, "email": null, "outdoor_seating": null, "check_date": null, "payment:cash": null, "payment:mastercard": null, "payment:visa": null, "payment:visa_debit": null, "wheelchair": null, "addr:place": null, "internet_access": null, "toilets:wheelchair": null, "microbrewery": null, "opening_hours": null, "indoor_seating": null, "wheelchair:description": null, "brand": null, "brand:wikidata": null, "brand:wikipedia": null, "contact:mobile": null, "contact:phone": null, "contact:website": null, "diet:vegetarian": null, "facebook": null, "operator": null, "payment:bancomat": null, "reservation": null, "toilets": null, "addr:country": null, "diet:vegan": null, "capacity": null, "source": null, "source_1": null, "delivery": null, "smoking": null, "takeaway": null, "name:signed": null, "seamark:small_craft_facility:category": null, "seamark:type": null, "contact:facebook": null, "fixme": null, "toilets:access": null, "payment:credit_cards": null, "payment:debit_cards": null, "name:it": null, "contact:email": null, "payment:american_express": null, "start_date": null, "name:ru": null, "description": null, "bar": null, "diet:meat": null, "diet:mediterranean": null, "diet:non-vegetarian": null, "diet:seafood": null, "loc_name:pl": null, "payment:contactless": null, "check_date:opening_hours": null, "opening_hours:signed": null, "internet_access:fee": null, "name:pl": null, "diet:local": null, "outdoor_seating:comfort": null, "name:en": null, "air_conditioning": null, "highchair": null, "website:menu": null, "brewery": null, "toilets:handwashing": null, "toilets:num_chambers": null, "changing_table": null, "indoor": null, "short_name": null, "access": null, "contact:instagram": null, "contact:whatsapp": null, "addr:floor": null, "internet_access:ssid": null, "food": null, "building": null, "diet:fish": null, "type": null }, "geometry": { "type": "Point", "coordinates": [ 9.110547, 39.2168374 ] } },
{ "type": "Feature", "properties": { "element": "node", "id": 2338536579, "addr:city": "Cagliari", "addr:street": null, "amenity": "restaurant", "cuisine": "regional", "name": "Manàmanà", "note": null, "phone": "+39 070 651759", "price": null, "addr:postcode": null, "addr:housenumber": null, "website": null, "email": null, "outdoor_seating": "pedestrian_zone", "check_date": null, "payment:cash": null, "payment:mastercard": null, "payment:visa": null, "payment:visa_debit": null, "wheelchair": "no", "addr:place": "Piazza Savoia", "internet_access": "wlan", "toilets:wheelchair": "no", "microbrewery": null, "opening_hours": null, "indoor_seating": null, "wheelchair:description": null, "brand": null, "brand:wikidata": null, "brand:wikipedia": null, "contact:mobile": null, "contact:phone": null, "contact:website": null, "diet:vegetarian": null, "facebook": null, "operator": null, "payment:bancomat": null, "reservation": null, "toilets": null, "addr:country": null, "diet:vegan": null, "capacity": null, "source": null, "source_1": null, "delivery": null, "smoking": null, "takeaway": null, "name:signed": null, "seamark:small_craft_facility:category": null, "seamark:type": null, "contact:facebook": null, "fixme": null, "toilets:access": null, "payment:credit_cards": null, "payment:debit_cards": null, "name:it": null, "contact:email": null, "payment:american_express": null, "start_date": null, "name:ru": null, "description": null, "bar": null, "diet:meat": null, "diet:mediterranean": null, "diet:non-vegetarian": null, "diet:seafood": null, "loc_name:pl": null, "payment:contactless": null, "check_date:opening_hours": null, "opening_hours:signed": null, "internet_access:fee": null, "name:pl": null, "diet:local": null, "outdoor_seating:comfort": null, "name:en": null, "air_conditioning": null, "highchair": null, "website:menu": null, "brewery": null, "toilets:handwashing": null, "toilets:num_chambers": null, "changing_table": null, "indoor": null, "short_name": null, "access": null, "contact:instagram": null, "contact:whatsapp": null, "addr:floor": null, "internet_access:ssid": null, "food": null, "building": null, "diet:fish": null, "type": null }, "geometry": { "type": "Point", "coordinates": [ 9.1136374, 39.2158702 ] } },
{ "type": "Feature", "properties": { "element": "node", "id": 2353788382, "addr:city": null, "addr:street": null, "amenity": "restaurant", "cuisine": null, "name": null, "note": null, "phone": null, "price": null, "addr:postcode": null, "addr:housenumber": null, "website": null, "email": null, "outdoor_seating": null, "check_date": null, "payment:cash": null, "payment:mastercard": null, "payment:visa": null, "payment:visa_debit": null, "wheelchair": "yes", "addr:place": null, "internet_access": null, "toilets:wheelchair": null, "microbrewery": null, "opening_hours": null, "indoor_seating": null, "wheelchair:description": null, "brand": null, "brand:wikidata": null, "brand:wikipedia": null, "contact:mobile": null, "contact:phone": null, "contact:website": null, "diet:vegetarian": null, "facebook": null, "operator": null, "payment:bancomat": null, "reservation": null, "toilets": null, "addr:country": null, "diet:vegan": null, "capacity": null, "source": null, "source_1": null, "delivery": null, "smoking": null, "takeaway": null, "name:signed": null, "seamark:small_craft_facility:category": null, "seamark:type": null, "contact:facebook": null, "fixme": null, "toilets:access": null, "payment:credit_cards": null, "payment:debit_cards": null, "name:it": null, "contact:email": null, "payment:american_express": null, "start_date": null, "name:ru": null, "description": null, "bar": null, "diet:meat": null, "diet:mediterranean": null, "diet:non-vegetarian": null, "diet:seafood": null, "loc_name:pl": null, "payment:contactless": null, "check_date:opening_hours": null, "opening_hours:signed": null, "internet_access:fee": null, "name:pl": null, "diet:local": null, "outdoor_seating:comfort": null, "name:en": null, "air_conditioning": null, "highchair": null, "website:menu": null, "brewery": null, "toilets:handwashing": null, "toilets:num_chambers": null, "changing_table": null, "indoor": null, "short_name": null, "access": null, "contact:instagram": null, "contact:whatsapp": null, "addr:floor": null, "internet_access:ssid": null, "food": null, "building": null, "diet:fish": null, "type": null }, "geometry": { "type": "Point", "coordinates": [ 9.1617874, 39.1922395 ] } },
{ "type": "Feature", "properties": { "element": "node", "id": 2433601604, "addr:city": "Cagliari", "addr:street": "Via Pasquale Paoli", "amenity": "restaurant", "cuisine": "italian", "name": "Bliss", "note": null, "phone": null, "price": null, "addr:postcode": "09128", "addr:housenumber": "13", "website": null, "email": null, "outdoor_seating": null, "check_date": null, "payment:cash": null, "payment:mastercard": null, "payment:visa": null, "payment:visa_debit": null, "wheelchair": null, "addr:place": null, "internet_access": null, "toilets:wheelchair": null, "microbrewery": null, "opening_hours": null, "indoor_seating": null, "wheelchair:description": null, "brand": null, "brand:wikidata": null, "brand:wikipedia": null, "contact:mobile": null, "contact:phone": null, "contact:website": null, "diet:vegetarian": null, "facebook": null, "operator": null, "payment:bancomat": null, "reservation": null, "toilets": null, "addr:country": null, "diet:vegan": null, "capacity": null, "source": null, "source_1": null, "delivery": null, "smoking": null, "takeaway": null, "name:signed": null, "seamark:small_craft_facility:category": null, "seamark:type": null, "contact:facebook": null, "fixme": null, "toilets:access": null, "payment:credit_cards": null, "payment:debit_cards": null, "name:it": null, "contact:email": null, "payment:american_express": null, "start_date": null, "name:ru": null, "description": null, "bar": null, "diet:meat": null, "diet:mediterranean": null, "diet:non-vegetarian": null, "diet:seafood": null, "loc_name:pl": null, "payment:contactless": null, "check_date:opening_hours": null, "opening_hours:signed": null, "internet_access:fee": null, "name:pl": null, "diet:local": null, "outdoor_seating:comfort": null, "name:en": null, "air_conditioning": null, "highchair": null, "website:menu": null, "brewery": null, "toilets:handwashing": null, "toilets:num_chambers": null, "changing_table": null, "indoor": null, "short_name": null, "access": null, "contact:instagram": null, "contact:whatsapp": null, "addr:floor": null, "internet_access:ssid": null, "food": null, "building": null, "diet:fish": null, "type": null }, "geometry": { "type": "Point", "coordinates": [ 9.1226777, 39.2196064 ] } },
{ "type": "Feature", "properties": { "element": "node", "id": 2444677125, "addr:city": null, "addr:street": null, "amenity": "restaurant", "cuisine": "pizza", "name": "Dar Burino", "note": null, "phone": null, "price": null, "addr:postcode": null, "addr:housenumber": null, "website": null, "email": null, "outdoor_seating": null, "check_date": null, "payment:cash": null, "payment:mastercard": null, "payment:visa": null, "payment:visa_debit": null, "wheelchair": null, "addr:place": null, "internet_access": null, "toilets:wheelchair": null, "microbrewery": "no", "opening_hours": "24/7", "indoor_seating": null, "wheelchair:description": null, "brand": null, "brand:wikidata": null, "brand:wikipedia": null, "contact:mobile": null, "contact:phone": null, "contact:website": null, "diet:vegetarian": null, "facebook": null, "operator": null, "payment:bancomat": null, "reservation": null, "toilets": null, "addr:country": null, "diet:vegan": null, "capacity": null, "source": null, "source_1": null, "delivery": null, "smoking": null, "takeaway": null, "name:signed": null, "seamark:small_craft_facility:category": null, "seamark:type": null, "contact:facebook": null, "fixme": null, "toilets:access": null, "payment:credit_cards": null, "payment:debit_cards": null, "name:it": null, "contact:email": null, "payment:american_express": null, "start_date": null, "name:ru": null, "description": null, "bar": null, "diet:meat": null, "diet:mediterranean": null, "diet:non-vegetarian": null, "diet:seafood": null, "loc_name:pl": null, "payment:contactless": null, "check_date:opening_hours": null, "opening_hours:signed": null, "internet_access:fee": null, "name:pl": null, "diet:local": null, "outdoor_seating:comfort": null, "name:en": null, "air_conditioning": null, "highchair": null, "website:menu": null, "brewery": null, "toilets:handwashing": null, "toilets:num_chambers": null, "changing_table": null, "indoor": null, "short_name": null, "access": null, "contact:instagram": null, "contact:whatsapp": null, "addr:floor": null, "internet_access:ssid": null, "food": null, "building": null, "diet:fish": null, "type": null }, "geometry": { "type": "Point", "coordinates": [ 9.1128879, 39.2209146 ] } },
{ "type": "Feature", "properties": { "element": "node", "id": 2455161204, "addr:city": "Cagliari", "addr:street": "Via Santa Margherita", "amenity": "restaurant", "cuisine": "kebab", "name": "La Kasbah", "note": null, "phone": null, "price": null, "addr:postcode": null, "addr:housenumber": "10", "website": null, "email": null, "outdoor_seating": "no", "check_date": "2023-08-30", "payment:cash": null, "payment:mastercard": null, "payment:visa": null, "payment:visa_debit": null, "wheelchair": null, "addr:place": null, "internet_access": null, "toilets:wheelchair": null, "microbrewery": null, "opening_hours": null, "indoor_seating": null, "wheelchair:description": null, "brand": null, "brand:wikidata": null, "brand:wikipedia": null, "contact:mobile": null, "contact:phone": null, "contact:website": null, "diet:vegetarian": null, "facebook": null, "operator": null, "payment:bancomat": null, "reservation": null, "toilets": null, "addr:country": null, "diet:vegan": null, "capacity": null, "source": null, "source_1": null, "delivery": null, "smoking": null, "takeaway": null, "name:signed": null, "seamark:small_craft_facility:category": null, "seamark:type": null, "contact:facebook": null, "fixme": null, "toilets:access": null, "payment:credit_cards": null, "payment:debit_cards": null, "name:it": null, "contact:email": null, "payment:american_express": null, "start_date": null, "name:ru": null, "description": null, "bar": null, "diet:meat": null, "diet:mediterranean": null, "diet:non-vegetarian": null, "diet:seafood": null, "loc_name:pl": null, "payment:contactless": null, "check_date:opening_hours": null, "opening_hours:signed": null, "internet_access:fee": null, "name:pl": null, "diet:local": null, "outdoor_seating:comfort": null, "name:en": null, "air_conditioning": null, "highchair": null, "website:menu": null, "brewery": null, "toilets:handwashing": null, "toilets:num_chambers": null, "changing_table": null, "indoor": null, "short_name": null, "access": null, "contact:instagram": null, "contact:whatsapp": null, "addr:floor": null, "internet_access:ssid": null, "food": null, "building": null, "diet:fish": null, "type": null }, "geometry": { "type": "Point", "coordinates": [ 9.1135289, 39.2185383 ] } },
{ "type": "Feature", "properties": { "element": "node", "id": 2461801781, "addr:city": null, "addr:street": "Via Domenico Alberto Azuni", "amenity": "restaurant", "cuisine": "burger", "name": "Retro Burger", "note": null, "phone": "+39 388 8506085", "price": null, "addr:postcode": null, "addr:housenumber": "98", "website": null, "email": null, "outdoor_seating": null, "check_date": null, "payment:cash": null, "payment:mastercard": null, "payment:visa": null, "payment:visa_debit": null, "wheelchair": "limited", "addr:place": null, "internet_access": null, "toilets:wheelchair": null, "microbrewery": null, "opening_hours": "Mo-Su 20:00-01:00", "indoor_seating": null, "wheelchair:description": null, "brand": null, "brand:wikidata": null, "brand:wikipedia": null, "contact:mobile": null, "contact:phone": null, "contact:website": null, "diet:vegetarian": null, "facebook": null, "operator": null, "payment:bancomat": null, "reservation": null, "toilets": null, "addr:country": null, "diet:vegan": null, "capacity": null, "source": null, "source_1": null, "delivery": null, "smoking": null, "takeaway": null, "name:signed": null, "seamark:small_craft_facility:category": null, "seamark:type": null, "contact:facebook": null, "fixme": null, "toilets:access": null, "payment:credit_cards": null, "payment:debit_cards": null, "name:it": null, "contact:email": null, "payment:american_express": null, "start_date": null, "name:ru": null, "description": null, "bar": null, "diet:meat": null, "diet:mediterranean": null, "diet:non-vegetarian": null, "diet:seafood": null, "loc_name:pl": null, "payment:contactless": null, "check_date:opening_hours": null, "opening_hours:signed": null, "internet_access:fee": null, "name:pl": null, "diet:local": null, "outdoor_seating:comfort": null, "name:en": null, "air_conditioning": null, "highchair": null, "website:menu": null, "brewery": null, "toilets:handwashing": null, "toilets:num_chambers": null, "changing_table": null, "indoor": null, "short_name": null, "access": null, "contact:instagram": null, "contact:whatsapp": null, "addr:floor": null, "internet_access:ssid": null, "food": null, "building": null, "diet:fish": null, "type": null }, "geometry": { "type": "Point", "coordinates": [ 9.1119895, 39.2185282 ] } },
{ "type": "Feature", "properties": { "element": "node", "id": 2468570745, "addr:city": "Cagliari", "addr:street": "Corso Vittorio Emanuele II", "amenity": "restaurant", "cuisine": "irish", "name": "Old Square", "note": null, "phone": null, "price": null, "addr:postcode": null, "addr:housenumber": "44", "website": null, "email": null, "outdoor_seating": null, "check_date": null, "payment:cash": null, "payment:mastercard": null, "payment:visa": null, "payment:visa_debit": null, "wheelchair": "yes", "addr:place": null, "internet_access": null, "toilets:wheelchair": null, "microbrewery": null, "opening_hours": null, "indoor_seating": null, "wheelchair:description": null, "brand": null, "brand:wikidata": null, "brand:wikipedia": null, "contact:mobile": null, "contact:phone": null, "contact:website": null, "diet:vegetarian": null, "facebook": null, "operator": null, "payment:bancomat": null, "reservation": null, "toilets": null, "addr:country": null, "diet:vegan": null, "capacity": null, "source": null, "source_1": null, "delivery": null, "smoking": null, "takeaway": null, "name:signed": null, "seamark:small_craft_facility:category": null, "seamark:type": null, "contact:facebook": null, "fixme": null, "toilets:access": null, "payment:credit_cards": null, "payment:debit_cards": null, "name:it": null, "contact:email": null, "payment:american_express": null, "start_date": null, "name:ru": null, "description": null, "bar": null, "diet:meat": null, "diet:mediterranean": null, "diet:non-vegetarian": null, "diet:seafood": null, "loc_name:pl": null, "payment:contactless": null, "check_date:opening_hours": null, "opening_hours:signed": null, "internet_access:fee": null, "name:pl": null, "diet:local": null, "outdoor_seating:comfort": null, "name:en": null, "air_conditioning": null, "highchair": null, "website:menu": null, "brewery": null, "toilets:handwashing": null, "toilets:num_chambers": null, "changing_table": null, "indoor": null, "short_name": null, "access": null, "contact:instagram": null, "contact:whatsapp": null, "addr:floor": null, "internet_access:ssid": null, "food": null, "building": null, "diet:fish": null, "type": null }, "geometry": { "type": "Point", "coordinates": [ 9.1120395, 39.2176852 ] } },
{ "type": "Feature", "properties": { "element": "node", "id": 2503803711, "addr:city": "Cagliari", "addr:street": "Via Giovanni Maria Angioy", "amenity": "restaurant", "cuisine": "indian", "name": "Tandoori", "note": null, "phone": "+39 070 3110221", "price": null, "addr:postcode": null, "addr:housenumber": "25", "website": "http://www.tandooricagliari.it/", "email": null, "outdoor_seating": null, "check_date": null, "payment:cash": null, "payment:mastercard": null, "payment:visa": null, "payment:visa_debit": null, "wheelchair": "no", "addr:place": null, "internet_access": null, "toilets:wheelchair": "no", "microbrewery": null, "opening_hours": null, "indoor_seating": null, "wheelchair:description": null, "brand": null, "brand:wikidata": null, "brand:wikipedia": null, "contact:mobile": null, "contact:phone": null, "contact:website": null, "diet:vegetarian": null, "facebook": null, "operator": null, "payment:bancomat": null, "reservation": null, "toilets": null, "addr:country": null, "diet:vegan": null, "capacity": null, "source": null, "source_1": null, "delivery": null, "smoking": null, "takeaway": null, "name:signed": null, "seamark:small_craft_facility:category": null, "seamark:type": null, "contact:facebook": null, "fixme": null, "toilets:access": null, "payment:credit_cards": null, "payment:debit_cards": null, "name:it": null, "contact:email": null, "payment:american_express": null, "start_date": null, "name:ru": null, "description": null, "bar": null, "diet:meat": null, "diet:mediterranean": null, "diet:non-vegetarian": null, "diet:seafood": null, "loc_name:pl": null, "payment:contactless": null, "check_date:opening_hours": null, "opening_hours:signed": null, "internet_access:fee": null, "name:pl": null, "diet:local": null, "outdoor_seating:comfort": null, "name:en": null, "air_conditioning": null, "highchair": null, "website:menu": null, "brewery": null, "toilets:handwashing": null, "toilets:num_chambers": null, "changing_table": null, "indoor": null, "short_name": null, "access": null, "contact:instagram": null, "contact:whatsapp": null, "addr:floor": null, "internet_access:ssid": null, "food": null, "building": null, "diet:fish": null, "type": null }, "geometry": { "type": "Point", "coordinates": [ 9.1112105, 39.2161217 ] } },
{ "type": "Feature", "properties": { "element": "node", "id": 2508491611, "addr:city": "Cagliari", "addr:street": "Via Sassari", "amenity": "restaurant", "cuisine": "regional;pizza", "name": "Lo Zodiaco", "note": null, "phone": "+39 070 670333", "price": null, "addr:postcode": null, "addr:housenumber": "59", "website": "http://www.ristorantepizzerialozodiaco.com", "email": null, "outdoor_seating": "no", "check_date": null, "payment:cash": null, "payment:mastercard": null, "payment:visa": null, "payment:visa_debit": null, "wheelchair": "no", "addr:place": null, "internet_access": null, "toilets:wheelchair": null, "microbrewery": null, "opening_hours": null, "indoor_seating": "yes", "wheelchair:description": "Impossibile entrare,gradini da ogni parte,persino per arrivare nella sala esterna.", "brand": null, "brand:wikidata": null, "brand:wikipedia": null, "contact:mobile": null, "contact:phone": null, "contact:website": null, "diet:vegetarian": null, "facebook": null, "operator": null, "payment:bancomat": null, "reservation": null, "toilets": null, "addr:country": null, "diet:vegan": null, "capacity": null, "source": null, "source_1": null, "delivery": null, "smoking": null, "takeaway": null, "name:signed": null, "seamark:small_craft_facility:category": null, "seamark:type": null, "contact:facebook": null, "fixme": null, "toilets:access": null, "payment:credit_cards": null, "payment:debit_cards": null, "name:it": null, "contact:email": null, "payment:american_express": null, "start_date": null, "name:ru": null, "description": null, "bar": null, "diet:meat": null, "diet:mediterranean": null, "diet:non-vegetarian": null, "diet:seafood": null, "loc_name:pl": null, "payment:contactless": null, "check_date:opening_hours": null, "opening_hours:signed": null, "internet_access:fee": null, "name:pl": null, "diet:local": null, "outdoor_seating:comfort": null, "name:en": null, "air_conditioning": null, "highchair": null, "website:menu": null, "brewery": null, "toilets:handwashing": null, "toilets:num_chambers": null, "changing_table": null, "indoor": null, "short_name": null, "access": null, "contact:instagram": null, "contact:whatsapp": null, "addr:floor": null, "internet_access:ssid": null, "food": null, "building": null, "diet:fish": null, "type": null }, "geometry": { "type": "Point", "coordinates": [ 9.1107885, 39.2170584 ] } },
{ "type": "Feature", "properties": { "element": "node", "id": 2511555786, "addr:city": "Cagliari", "addr:street": "Via Sassari", "amenity": "restaurant", "cuisine": "sardinian", "name": "MeC Puddu's", "note": null, "phone": null, "price": null, "addr:postcode": null, "addr:housenumber": "136", "website": "https://www.mecpuddus.it/", "email": null, "outdoor_seating": null, "check_date": null, "payment:cash": null, "payment:mastercard": null, "payment:visa": null, "payment:visa_debit": null, "wheelchair": null, "addr:place": null, "internet_access": null, "toilets:wheelchair": null, "microbrewery": null, "opening_hours": null, "indoor_seating": null, "wheelchair:description": null, "brand": null, "brand:wikidata": null, "brand:wikipedia": null, "contact:mobile": null, "contact:phone": null, "contact:website": null, "diet:vegetarian": null, "facebook": null, "operator": null, "payment:bancomat": null, "reservation": null, "toilets": null, "addr:country": null, "diet:vegan": null, "capacity": null, "source": null, "source_1": null, "delivery": null, "smoking": null, "takeaway": null, "name:signed": null, "seamark:small_craft_facility:category": null, "seamark:type": null, "contact:facebook": null, "fixme": null, "toilets:access": null, "payment:credit_cards": null, "payment:debit_cards": null, "name:it": null, "contact:email": null, "payment:american_express": null, "start_date": null, "name:ru": null, "description": null, "bar": null, "diet:meat": null, "diet:mediterranean": null, "diet:non-vegetarian": null, "diet:seafood": null, "loc_name:pl": null, "payment:contactless": null, "check_date:opening_hours": null, "opening_hours:signed": null, "internet_access:fee": null, "name:pl": null, "diet:local": null, "outdoor_seating:comfort": null, "name:en": null, "air_conditioning": null, "highchair": null, "website:menu": null, "brewery": null, "toilets:handwashing": null, "toilets:num_chambers": null, "changing_table": null, "indoor": null, "short_name": null, "access": null, "contact:instagram": null, "contact:whatsapp": null, "addr:floor": null, "internet_access:ssid": null, "food": null, "building": null, "diet:fish": null, "type": null }, "geometry": { "type": "Point", "coordinates": [ 9.1112724, 39.2177587 ] } },
{ "type": "Feature", "properties": { "element": "node", "id": 2512687184, "addr:city": "Cagliari", "addr:street": "Via Goffredo Mameli", "amenity": "restaurant", "cuisine": "australian", "name": "Wallabys", "note": null, "phone": null, "price": null, "addr:postcode": null, "addr:housenumber": "41", "website": null, "email": null, "outdoor_seating": null, "check_date": null, "payment:cash": null, "payment:mastercard": null, "payment:visa": null, "payment:visa_debit": null, "wheelchair": null, "addr:place": null, "internet_access": null, "toilets:wheelchair": null, "microbrewery": null, "opening_hours": null, "indoor_seating": null, "wheelchair:description": null, "brand": null, "brand:wikidata": null, "brand:wikipedia": null, "contact:mobile": null, "contact:phone": null, "contact:website": null, "diet:vegetarian": null, "facebook": null, "operator": null, "payment:bancomat": null, "reservation": null, "toilets": null, "addr:country": null, "diet:vegan": null, "capacity": null, "source": null, "source_1": null, "delivery": null, "smoking": null, "takeaway": null, "name:signed": null, "seamark:small_craft_facility:category": null, "seamark:type": null, "contact:facebook": null, "fixme": null, "toilets:access": null, "payment:credit_cards": null, "payment:debit_cards": null, "name:it": null, "contact:email": null, "payment:american_express": null, "start_date": null, "name:ru": null, "description": null, "bar": null, "diet:meat": null, "diet:mediterranean": null, "diet:non-vegetarian": null, "diet:seafood": null, "loc_name:pl": null, "payment:contactless": null, "check_date:opening_hours": null, "opening_hours:signed": null, "internet_access:fee": null, "name:pl": null, "diet:local": null, "outdoor_seating:comfort": null, "name:en": null, "air_conditioning": null, "highchair": null, "website:menu": null, "brewery": null, "toilets:handwashing": null, "toilets:num_chambers": null, "changing_table": null, "indoor": null, "short_name": null, "access": null, "contact:instagram": null, "contact:whatsapp": null, "addr:floor": null, "internet_access:ssid": null, "food": null, "building": null, "diet:fish": null, "type": null }, "geometry": { "type": "Point", "coordinates": [ 9.1106958, 39.2176286 ] } },
{ "type": "Feature", "properties": { "element": "node", "id": 2519768564, "addr:city": "Cagliari", "addr:street": "Via Sassari", "amenity": "restaurant", "cuisine": "traditional;regional;sardinian", "name": "Sa Domu Sarda", "note": null, "phone": "+39 070 653400", "price": null, "addr:postcode": null, "addr:housenumber": "51", "website": "https://www.osteriasadomusarda.it/", "email": null, "outdoor_seating": "no", "check_date": null, "payment:cash": null, "payment:mastercard": null, "payment:visa": null, "payment:visa_debit": null, "wheelchair": "limited", "addr:place": null, "internet_access": null, "toilets:wheelchair": null, "microbrewery": null, "opening_hours": "Mo-Sa 12:30-15:30,20:00-00:00; Su 12:30-15:30,20:00-24:00", "indoor_seating": "yes", "wheelchair:description": null, "brand": null, "brand:wikidata": null, "brand:wikipedia": null, "contact:mobile": null, "contact:phone": null, "contact:website": null, "diet:vegetarian": null, "facebook": null, "operator": null, "payment:bancomat": null, "reservation": null, "toilets": null, "addr:country": null, "diet:vegan": null, "capacity": null, "source": null, "source_1": null, "delivery": null, "smoking": null, "takeaway": null, "name:signed": null, "seamark:small_craft_facility:category": null, "seamark:type": null, "contact:facebook": null, "fixme": null, "toilets:access": null, "payment:credit_cards": null, "payment:debit_cards": null, "name:it": null, "contact:email": null, "payment:american_express": null, "start_date": null, "name:ru": null, "description": null, "bar": null, "diet:meat": null, "diet:mediterranean": null, "diet:non-vegetarian": null, "diet:seafood": null, "loc_name:pl": null, "payment:contactless": null, "check_date:opening_hours": null, "opening_hours:signed": null, "internet_access:fee": null, "name:pl": null, "diet:local": null, "outdoor_seating:comfort": null, "name:en": null, "air_conditioning": null, "highchair": null, "website:menu": null, "brewery": null, "toilets:handwashing": null, "toilets:num_chambers": null, "changing_table": null, "indoor": null, "short_name": null, "access": null, "contact:instagram": null, "contact:whatsapp": null, "addr:floor": null, "internet_access:ssid": null, "food": null, "building": null, "diet:fish": null, "type": null }, "geometry": { "type": "Point", "coordinates": [ 9.1106529, 39.2169581 ] } },
{ "type": "Feature", "properties": { "element": "node", "id": 2523233742, "addr:city": "Cagliari", "addr:street": "Via Porto Scalas", "amenity": "restaurant", "cuisine": "tapas", "name": "Tape Taperia", "note": null, "phone": null, "price": null, "addr:postcode": null, "addr:housenumber": null, "website": null, "email": null, "outdoor_seating": null, "check_date": null, "payment:cash": null, "payment:mastercard": null, "payment:visa": null, "payment:visa_debit": null, "wheelchair": null, "addr:place": null, "internet_access": null, "toilets:wheelchair": null, "microbrewery": null, "opening_hours": null, "indoor_seating": null, "wheelchair:description": null, "brand": null, "brand:wikidata": null, "brand:wikipedia": null, "contact:mobile": null, "contact:phone": null, "contact:website": null, "diet:vegetarian": null, "facebook": null, "operator": null, "payment:bancomat": null, "reservation": null, "toilets": null, "addr:country": null, "diet:vegan": null, "capacity": null, "source": null, "source_1": null, "delivery": null, "smoking": null, "takeaway": null, "name:signed": null, "seamark:small_craft_facility:category": null, "seamark:type": null, "contact:facebook": null, "fixme": null, "toilets:access": null, "payment:credit_cards": null, "payment:debit_cards": null, "name:it": null, "contact:email": null, "payment:american_express": null, "start_date": null, "name:ru": null, "description": null, "bar": null, "diet:meat": null, "diet:mediterranean": null, "diet:non-vegetarian": null, "diet:seafood": null, "loc_name:pl": null, "payment:contactless": null, "check_date:opening_hours": null, "opening_hours:signed": null, "internet_access:fee": null, "name:pl": null, "diet:local": null, "outdoor_seating:comfort": null, "name:en": null, "air_conditioning": null, "highchair": null, "website:menu": null, "brewery": null, "toilets:handwashing": null, "toilets:num_chambers": null, "changing_table": null, "indoor": null, "short_name": null, "access": null, "contact:instagram": null, "contact:whatsapp": null, "addr:floor": null, "internet_access:ssid": null, "food": null, "building": null, "diet:fish": null, "type": null }, "geometry": { "type": "Point", "coordinates": [ 9.1122077, 39.2180019 ] } },
{ "type": "Feature", "properties": { "element": "node", "id": 2524181594, "addr:city": "Cagliari", "addr:street": "Via Sassari", "amenity": "restaurant", "cuisine": "italian", "name": "Bataclan", "note": null, "phone": "+39 070 658513", "price": null, "addr:postcode": null, "addr:housenumber": "86", "website": null, "email": null, "outdoor_seating": "no", "check_date": null, "payment:cash": null, "payment:mastercard": null, "payment:visa": null, "payment:visa_debit": null, "wheelchair": null, "addr:place": null, "internet_access": null, "toilets:wheelchair": null, "microbrewery": null, "opening_hours": null, "indoor_seating": "yes", "wheelchair:description": null, "brand": null, "brand:wikidata": null, "brand:wikipedia": null, "contact:mobile": null, "contact:phone": null, "contact:website": null, "diet:vegetarian": null, "facebook": null, "operator": null, "payment:bancomat": null, "reservation": null, "toilets": null, "addr:country": null, "diet:vegan": null, "capacity": null, "source": null, "source_1": null, "delivery": null, "smoking": null, "takeaway": null, "name:signed": null, "seamark:small_craft_facility:category": null, "seamark:type": null, "contact:facebook": null, "fixme": null, "toilets:access": null, "payment:credit_cards": null, "payment:debit_cards": null, "name:it": null, "contact:email": null, "payment:american_express": null, "start_date": null, "name:ru": null, "description": null, "bar": null, "diet:meat": null, "diet:mediterranean": null, "diet:non-vegetarian": null, "diet:seafood": null, "loc_name:pl": null, "payment:contactless": null, "check_date:opening_hours": null, "opening_hours:signed": null, "internet_access:fee": null, "name:pl": null, "diet:local": null, "outdoor_seating:comfort": null, "name:en": null, "air_conditioning": null, "highchair": null, "website:menu": null, "brewery": null, "toilets:handwashing": null, "toilets:num_chambers": null, "changing_table": null, "indoor": null, "short_name": null, "access": null, "contact:instagram": null, "contact:whatsapp": null, "addr:floor": null, "internet_access:ssid": null, "food": null, "building": null, "diet:fish": null, "type": null }, "geometry": { "type": "Point", "coordinates": [ 9.1108808, 39.2173643 ] } },
{ "type": "Feature", "properties": { "element": "node", "id": 2524303838, "addr:city": "Cagliari", "addr:street": "Via Giovanni Maria Angioy", "amenity": "restaurant", "cuisine": "kebab", "name": "El Manar", "note": null, "phone": null, "price": null, "addr:postcode": null, "addr:housenumber": "66", "website": null, "email": null, "outdoor_seating": null, "check_date": null, "payment:cash": null, "payment:mastercard": null, "payment:visa": null, "payment:visa_debit": null, "wheelchair": null, "addr:place": null, "internet_access": null, "toilets:wheelchair": null, "microbrewery": null, "opening_hours": null, "indoor_seating": null, "wheelchair:description": null, "brand": null, "brand:wikidata": null, "brand:wikipedia": null, "contact:mobile": null, "contact:phone": null, "contact:website": null, "diet:vegetarian": null, "facebook": null, "operator": null, "payment:bancomat": null, "reservation": null, "toilets": null, "addr:country": null, "diet:vegan": null, "capacity": null, "source": null, "source_1": null, "delivery": null, "smoking": null, "takeaway": null, "name:signed": null, "seamark:small_craft_facility:category": null, "seamark:type": null, "contact:facebook": null, "fixme": null, "toilets:access": null, "payment:credit_cards": null, "payment:debit_cards": null, "name:it": null, "contact:email": null, "payment:american_express": null, "start_date": null, "name:ru": null, "description": null, "bar": null, "diet:meat": null, "diet:mediterranean": null, "diet:non-vegetarian": null, "diet:seafood": null, "loc_name:pl": null, "payment:contactless": null, "check_date:opening_hours": null, "opening_hours:signed": null, "internet_access:fee": null, "name:pl": null, "diet:local": null, "outdoor_seating:comfort": null, "name:en": null, "air_conditioning": null, "highchair": null, "website:menu": null, "brewery": null, "toilets:handwashing": null, "toilets:num_chambers": null, "changing_table": null, "indoor": null, "short_name": null, "access": null, "contact:instagram": null, "contact:whatsapp": null, "addr:floor": null, "internet_access:ssid": null, "food": null, "building": null, "diet:fish": null, "type": null }, "geometry": { "type": "Point", "coordinates": [ 9.1119703, 39.2169393 ] } },
{ "type": "Feature", "properties": { "element": "node", "id": 2527947576, "addr:city": "Cagliari", "addr:street": "Viale Trieste", "amenity": "restaurant", "cuisine": "german", "name": "Bierkeller", "note": null, "phone": "+39 070 666980", "price": null, "addr:postcode": null, "addr:housenumber": "14", "website": null, "email": null, "outdoor_seating": null, "check_date": null, "payment:cash": null, "payment:mastercard": null, "payment:visa": null, "payment:visa_debit": null, "wheelchair": null, "addr:place": null, "internet_access": null, "toilets:wheelchair": null, "microbrewery": null, "opening_hours": null, "indoor_seating": null, "wheelchair:description": null, "brand": null, "brand:wikidata": null, "brand:wikipedia": null, "contact:mobile": null, "contact:phone": null, "contact:website": null, "diet:vegetarian": null, "facebook": null, "operator": null, "payment:bancomat": null, "reservation": null, "toilets": null, "addr:country": null, "diet:vegan": null, "capacity": null, "source": null, "source_1": null, "delivery": null, "smoking": null, "takeaway": null, "name:signed": null, "seamark:small_craft_facility:category": null, "seamark:type": null, "contact:facebook": null, "fixme": null, "toilets:access": null, "payment:credit_cards": null, "payment:debit_cards": null, "name:it": null, "contact:email": null, "payment:american_express": null, "start_date": null, "name:ru": null, "description": null, "bar": null, "diet:meat": null, "diet:mediterranean": null, "diet:non-vegetarian": null, "diet:seafood": null, "loc_name:pl": null, "payment:contactless": null, "check_date:opening_hours": null, "opening_hours:signed": null, "internet_access:fee": null, "name:pl": null, "diet:local": null, "outdoor_seating:comfort": null, "name:en": null, "air_conditioning": null, "highchair": null, "website:menu": null, "brewery": null, "toilets:handwashing": null, "toilets:num_chambers": null, "changing_table": null, "indoor": null, "short_name": null, "access": null, "contact:instagram": null, "contact:whatsapp": null, "addr:floor": null, "internet_access:ssid": null, "food": null, "building": null, "diet:fish": null, "type": null }, "geometry": { "type": "Point", "coordinates": [ 9.1078174, 39.2174819 ] } },
{ "type": "Feature", "properties": { "element": "node", "id": 2530449480, "addr:city": "Cagliari", "addr:street": "Via Sassari", "amenity": "restaurant", "cuisine": "italian_pizza;italian", "name": "Rossopomodoro", "note": null, "phone": null, "price": null, "addr:postcode": null, "addr:housenumber": "11", "website": null, "email": null, "outdoor_seating": "no", "check_date": null, "payment:cash": null, "payment:mastercard": null, "payment:visa": null, "payment:visa_debit": null, "wheelchair": "no", "addr:place": null, "internet_access": null, "toilets:wheelchair": "no", "microbrewery": null, "opening_hours": null, "indoor_seating": "yes", "wheelchair:description": null, "brand": "Rossopomodoro", "brand:wikidata": "Q16598843", "brand:wikipedia": "it:Rossopomodoro", "contact:mobile": null, "contact:phone": null, "contact:website": null, "diet:vegetarian": null, "facebook": null, "operator": null, "payment:bancomat": null, "reservation": null, "toilets": null, "addr:country": null, "diet:vegan": null, "capacity": null, "source": null, "source_1": null, "delivery": null, "smoking": null, "takeaway": null, "name:signed": null, "seamark:small_craft_facility:category": null, "seamark:type": null, "contact:facebook": null, "fixme": null, "toilets:access": null, "payment:credit_cards": null, "payment:debit_cards": null, "name:it": null, "contact:email": null, "payment:american_express": null, "start_date": null, "name:ru": null, "description": null, "bar": null, "diet:meat": null, "diet:mediterranean": null, "diet:non-vegetarian": null, "diet:seafood": null, "loc_name:pl": null, "payment:contactless": null, "check_date:opening_hours": null, "opening_hours:signed": null, "internet_access:fee": null, "name:pl": null, "diet:local": null, "outdoor_seating:comfort": null, "name:en": null, "air_conditioning": null, "highchair": null, "website:menu": null, "brewery": null, "toilets:handwashing": null, "toilets:num_chambers": null, "changing_table": null, "indoor": null, "short_name": null, "access": null, "contact:instagram": null, "contact:whatsapp": null, "addr:floor": null, "internet_access:ssid": null, "food": null, "building": null, "diet:fish": null, "type": null }, "geometry": { "type": "Point", "coordinates": [ 9.1097099, 39.2160019 ] } },
{ "type": "Feature", "properties": { "element": "node", "id": 2726663881, "addr:city": "Cagliari", "addr:street": "Via Napoli", "amenity": "restaurant", "cuisine": "italian;pizza", "name": "L'Oca Bianca", "note": null, "phone": null, "price": null, "addr:postcode": null, "addr:housenumber": "38", "website": "http://www.locabiancacagliari.it", "email": null, "outdoor_seating": "no", "check_date": null, "payment:cash": null, "payment:mastercard": null, "payment:visa": null, "payment:visa_debit": null, "wheelchair": "no", "addr:place": null, "internet_access": null, "toilets:wheelchair": null, "microbrewery": null, "opening_hours": "Mo-We 19:00-23:30; Th-Sa 19:00-00:00", "indoor_seating": "yes", "wheelchair:description": null, "brand": null, "brand:wikidata": null, "brand:wikipedia": null, "contact:mobile": null, "contact:phone": null, "contact:website": null, "diet:vegetarian": null, "facebook": null, "operator": null, "payment:bancomat": null, "reservation": null, "toilets": null, "addr:country": null, "diet:vegan": null, "capacity": null, "source": null, "source_1": null, "delivery": null, "smoking": null, "takeaway": null, "name:signed": null, "seamark:small_craft_facility:category": null, "seamark:type": null, "contact:facebook": null, "fixme": null, "toilets:access": null, "payment:credit_cards": null, "payment:debit_cards": null, "name:it": null, "contact:email": null, "payment:american_express": null, "start_date": null, "name:ru": null, "description": null, "bar": null, "diet:meat": null, "diet:mediterranean": null, "diet:non-vegetarian": null, "diet:seafood": null, "loc_name:pl": null, "payment:contactless": null, "check_date:opening_hours": null, "opening_hours:signed": null, "internet_access:fee": null, "name:pl": null, "diet:local": null, "outdoor_seating:comfort": null, "name:en": null, "air_conditioning": null, "highchair": null, "website:menu": null, "brewery": null, "toilets:handwashing": null, "toilets:num_chambers": null, "changing_table": null, "indoor": null, "short_name": null, "access": null, "contact:instagram": null, "contact:whatsapp": null, "addr:floor": null, "internet_access:ssid": null, "food": null, "building": null, "diet:fish": null, "type": null }, "geometry": { "type": "Point", "coordinates": [ 9.1128597, 39.2148012 ] } },
{ "type": "Feature", "properties": { "element": "node", "id": 2726975489, "addr:city": "Cagliari", "addr:street": "Via Napoli", "amenity": "restaurant", "cuisine": "regional;sardinian", "name": "Su Cumbidu", "note": null, "phone": null, "price": null, "addr:postcode": "09124", "addr:housenumber": "13", "website": null, "email": "sucumbidu@hotmail.it", "outdoor_seating": "pedestrian_zone", "check_date": "2023-09-08", "payment:cash": null, "payment:mastercard": "yes", "payment:visa": "yes", "payment:visa_debit": "yes", "wheelchair": "limited", "addr:place": null, "internet_access": "no", "toilets:wheelchair": null, "microbrewery": null, "opening_hours": "Mo-Su 11:00-23:45", "indoor_seating": null, "wheelchair:description": null, "brand": null, "brand:wikidata": null, "brand:wikipedia": null, "contact:mobile": "+39 331 2791570", "contact:phone": "+39 070 670712", "contact:website": "https://www.sucumbidu.com/", "diet:vegetarian": "yes", "facebook": "https://www.facebook.com/su.cumbidu", "operator": "Giovanni Dedoni e C.", "payment:bancomat": "yes", "reservation": "required", "toilets": "yes", "addr:country": null, "diet:vegan": null, "capacity": null, "source": null, "source_1": null, "delivery": null, "smoking": null, "takeaway": null, "name:signed": null, "seamark:small_craft_facility:category": null, "seamark:type": null, "contact:facebook": null, "fixme": null, "toilets:access": null, "payment:credit_cards": null, "payment:debit_cards": null, "name:it": null, "contact:email": null, "payment:american_express": null, "start_date": null, "name:ru": null, "description": null, "bar": null, "diet:meat": null, "diet:mediterranean": null, "diet:non-vegetarian": null, "diet:seafood": null, "loc_name:pl": null, "payment:contactless": null, "check_date:opening_hours": null, "opening_hours:signed": null, "internet_access:fee": null, "name:pl": null, "diet:local": null, "outdoor_seating:comfort": null, "name:en": null, "air_conditioning": null, "highchair": null, "website:menu": null, "brewery": null, "toilets:handwashing": null, "toilets:num_chambers": null, "changing_table": null, "indoor": null, "short_name": null, "access": null, "contact:instagram": null, "contact:whatsapp": null, "addr:floor": null, "internet_access:ssid": null, "food": null, "building": null, "diet:fish": null, "type": null }, "geometry": { "type": "Point", "coordinates": [ 9.1125824, 39.2143918 ] } },
{ "type": "Feature", "properties": { "element": "node", "id": 2727000790, "addr:city": "Cagliari", "addr:street": "Via Vittorio Porcile", "amenity": "restaurant", "cuisine": "italian", "name": "Luigi Pomata Bistrot", "note": null, "phone": null, "price": null, "addr:postcode": null, "addr:housenumber": null, "website": "https://luigipomata.com/", "email": null, "outdoor_seating": null, "check_date": null, "payment:cash": null, "payment:mastercard": null, "payment:visa": null, "payment:visa_debit": null, "wheelchair": null, "addr:place": null, "internet_access": null, "toilets:wheelchair": null, "microbrewery": null, "opening_hours": null, "indoor_seating": null, "wheelchair:description": null, "brand": null, "brand:wikidata": null, "brand:wikipedia": null, "contact:mobile": null, "contact:phone": null, "contact:website": null, "diet:vegetarian": null, "facebook": null, "operator": null, "payment:bancomat": null, "reservation": null, "toilets": null, "addr:country": null, "diet:vegan": null, "capacity": null, "source": null, "source_1": null, "delivery": null, "smoking": null, "takeaway": null, "name:signed": null, "seamark:small_craft_facility:category": null, "seamark:type": null, "contact:facebook": null, "fixme": null, "toilets:access": null, "payment:credit_cards": null, "payment:debit_cards": null, "name:it": null, "contact:email": null, "payment:american_express": null, "start_date": null, "name:ru": null, "description": null, "bar": null, "diet:meat": null, "diet:mediterranean": null, "diet:non-vegetarian": null, "diet:seafood": null, "loc_name:pl": null, "payment:contactless": null, "check_date:opening_hours": null, "opening_hours:signed": null, "internet_access:fee": null, "name:pl": null, "diet:local": null, "outdoor_seating:comfort": null, "name:en": null, "air_conditioning": null, "highchair": null, "website:menu": null, "brewery": null, "toilets:handwashing": null, "toilets:num_chambers": null, "changing_table": null, "indoor": null, "short_name": null, "access": null, "contact:instagram": null, "contact:whatsapp": null, "addr:floor": null, "internet_access:ssid": null, "food": null, "building": null, "diet:fish": null, "type": null }, "geometry": { "type": "Point", "coordinates": [ 9.1152047, 39.2132159 ] } },
{ "type": "Feature", "properties": { "element": "node", "id": 2727014557, "addr:city": "Cagliari", "addr:street": "Via Sardegna", "amenity": "restaurant", "cuisine": "regional", "name": "Stella di Marina di Montecristo", "note": null, "phone": null, "price": null, "addr:postcode": null, "addr:housenumber": "140", "website": null, "email": null, "outdoor_seating": null, "check_date": null, "payment:cash": null, "payment:mastercard": null, "payment:visa": null, "payment:visa_debit": null, "wheelchair": null, "addr:place": null, "internet_access": null, "toilets:wheelchair": null, "microbrewery": null, "opening_hours": null, "indoor_seating": null, "wheelchair:description": null, "brand": null, "brand:wikidata": null, "brand:wikipedia": null, "contact:mobile": null, "contact:phone": null, "contact:website": null, "diet:vegetarian": null, "facebook": null, "operator": null, "payment:bancomat": null, "reservation": null, "toilets": null, "addr:country": null, "diet:vegan": null, "capacity": null, "source": null, "source_1": null, "delivery": null, "smoking": null, "takeaway": null, "name:signed": null, "seamark:small_craft_facility:category": null, "seamark:type": null, "contact:facebook": null, "fixme": null, "toilets:access": null, "payment:credit_cards": null, "payment:debit_cards": null, "name:it": null, "contact:email": null, "payment:american_express": null, "start_date": null, "name:ru": null, "description": null, "bar": null, "diet:meat": null, "diet:mediterranean": null, "diet:non-vegetarian": null, "diet:seafood": null, "loc_name:pl": null, "payment:contactless": null, "check_date:opening_hours": null, "opening_hours:signed": null, "internet_access:fee": null, "name:pl": null, "diet:local": null, "outdoor_seating:comfort": null, "name:en": null, "air_conditioning": null, "highchair": null, "website:menu": null, "brewery": null, "toilets:handwashing": null, "toilets:num_chambers": null, "changing_table": null, "indoor": null, "short_name": null, "access": null, "contact:instagram": null, "contact:whatsapp": null, "addr:floor": null, "internet_access:ssid": null, "food": null, "building": null, "diet:fish": null, "type": null }, "geometry": { "type": "Point", "coordinates": [ 9.1153541, 39.2129228 ] } },
{ "type": "Feature", "properties": { "element": "node", "id": 2739028654, "addr:city": "Cagliari", "addr:street": "Via Baldassarre Castiglione", "amenity": "restaurant", "cuisine": "pizza,_italian,_bisteccheria", "name": "Angolo Giusti", "note": null, "phone": null, "price": null, "addr:postcode": "09131", "addr:housenumber": "60", "website": null, "email": null, "outdoor_seating": null, "check_date": null, "payment:cash": null, "payment:mastercard": null, "payment:visa": null, "payment:visa_debit": null, "wheelchair": null, "addr:place": null, "internet_access": null, "toilets:wheelchair": null, "microbrewery": null, "opening_hours": null, "indoor_seating": null, "wheelchair:description": null, "brand": null, "brand:wikidata": null, "brand:wikipedia": null, "contact:mobile": null, "contact:phone": null, "contact:website": null, "diet:vegetarian": null, "facebook": null, "operator": null, "payment:bancomat": null, "reservation": null, "toilets": null, "addr:country": "IT", "diet:vegan": null, "capacity": null, "source": null, "source_1": null, "delivery": null, "smoking": null, "takeaway": null, "name:signed": null, "seamark:small_craft_facility:category": null, "seamark:type": null, "contact:facebook": null, "fixme": null, "toilets:access": null, "payment:credit_cards": null, "payment:debit_cards": null, "name:it": null, "contact:email": null, "payment:american_express": null, "start_date": null, "name:ru": null, "description": null, "bar": null, "diet:meat": null, "diet:mediterranean": null, "diet:non-vegetarian": null, "diet:seafood": null, "loc_name:pl": null, "payment:contactless": null, "check_date:opening_hours": null, "opening_hours:signed": null, "internet_access:fee": null, "name:pl": null, "diet:local": null, "outdoor_seating:comfort": null, "name:en": null, "air_conditioning": null, "highchair": null, "website:menu": null, "brewery": null, "toilets:handwashing": null, "toilets:num_chambers": null, "changing_table": null, "indoor": null, "short_name": null, "access": null, "contact:instagram": null, "contact:whatsapp": null, "addr:floor": null, "internet_access:ssid": null, "food": null, "building": null, "diet:fish": null, "type": null }, "geometry": { "type": "Point", "coordinates": [ 9.1280083, 39.2284978 ] } },
{ "type": "Feature", "properties": { "element": "node", "id": 2744533404, "addr:city": "Cagliari", "addr:street": "Piazza Yenne", "amenity": "restaurant", "cuisine": "regional;pizza", "name": "Downtown", "note": null, "phone": null, "price": null, "addr:postcode": null, "addr:housenumber": null, "website": null, "email": null, "outdoor_seating": "pedestrian_zone", "check_date": null, "payment:cash": null, "payment:mastercard": null, "payment:visa": null, "payment:visa_debit": null, "wheelchair": null, "addr:place": null, "internet_access": null, "toilets:wheelchair": null, "microbrewery": null, "opening_hours": null, "indoor_seating": null, "wheelchair:description": null, "brand": null, "brand:wikidata": null, "brand:wikipedia": null, "contact:mobile": null, "contact:phone": null, "contact:website": null, "diet:vegetarian": null, "facebook": null, "operator": null, "payment:bancomat": null, "reservation": null, "toilets": null, "addr:country": null, "diet:vegan": null, "capacity": null, "source": null, "source_1": null, "delivery": null, "smoking": null, "takeaway": null, "name:signed": null, "seamark:small_craft_facility:category": null, "seamark:type": null, "contact:facebook": null, "fixme": null, "toilets:access": null, "payment:credit_cards": null, "payment:debit_cards": null, "name:it": null, "contact:email": null, "payment:american_express": null, "start_date": null, "name:ru": null, "description": null, "bar": null, "diet:meat": null, "diet:mediterranean": null, "diet:non-vegetarian": null, "diet:seafood": null, "loc_name:pl": null, "payment:contactless": null, "check_date:opening_hours": null, "opening_hours:signed": null, "internet_access:fee": null, "name:pl": null, "diet:local": null, "outdoor_seating:comfort": null, "name:en": null, "air_conditioning": null, "highchair": null, "website:menu": null, "brewery": null, "toilets:handwashing": null, "toilets:num_chambers": null, "changing_table": null, "indoor": null, "short_name": null, "access": null, "contact:instagram": null, "contact:whatsapp": null, "addr:floor": null, "internet_access:ssid": null, "food": null, "building": null, "diet:fish": null, "type": null }, "geometry": { "type": "Point", "coordinates": [ 9.1139756, 39.2178081 ] } },
{ "type": "Feature", "properties": { "element": "node", "id": 2817243452, "addr:city": null, "addr:street": null, "amenity": "restaurant", "cuisine": null, "name": null, "note": null, "phone": null, "price": null, "addr:postcode": null, "addr:housenumber": null, "website": null, "email": null, "outdoor_seating": null, "check_date": null, "payment:cash": null, "payment:mastercard": null, "payment:visa": null, "payment:visa_debit": null, "wheelchair": null, "addr:place": null, "internet_access": null, "toilets:wheelchair": null, "microbrewery": null, "opening_hours": null, "indoor_seating": null, "wheelchair:description": null, "brand": null, "brand:wikidata": null, "brand:wikipedia": null, "contact:mobile": null, "contact:phone": null, "contact:website": null, "diet:vegetarian": null, "facebook": null, "operator": null, "payment:bancomat": null, "reservation": null, "toilets": null, "addr:country": null, "diet:vegan": null, "capacity": null, "source": null, "source_1": null, "delivery": null, "smoking": null, "takeaway": null, "name:signed": null, "seamark:small_craft_facility:category": null, "seamark:type": null, "contact:facebook": null, "fixme": null, "toilets:access": null, "payment:credit_cards": null, "payment:debit_cards": null, "name:it": null, "contact:email": null, "payment:american_express": null, "start_date": null, "name:ru": null, "description": null, "bar": null, "diet:meat": null, "diet:mediterranean": null, "diet:non-vegetarian": null, "diet:seafood": null, "loc_name:pl": null, "payment:contactless": null, "check_date:opening_hours": null, "opening_hours:signed": null, "internet_access:fee": null, "name:pl": null, "diet:local": null, "outdoor_seating:comfort": null, "name:en": null, "air_conditioning": null, "highchair": null, "website:menu": null, "brewery": null, "toilets:handwashing": null, "toilets:num_chambers": null, "changing_table": null, "indoor": null, "short_name": null, "access": null, "contact:instagram": null, "contact:whatsapp": null, "addr:floor": null, "internet_access:ssid": null, "food": null, "building": null, "diet:fish": null, "type": null }, "geometry": { "type": "Point", "coordinates": [ 9.1397276, 39.2469831 ] } },
{ "type": "Feature", "properties": { "element": "node", "id": 2835924880, "addr:city": "Cagliari", "addr:street": "Via Grazia Deledda", "amenity": "restaurant", "cuisine": "regional", "name": "Piadine & Co", "note": null, "phone": null, "price": null, "addr:postcode": null, "addr:housenumber": "8", "website": null, "email": null, "outdoor_seating": null, "check_date": null, "payment:cash": null, "payment:mastercard": null, "payment:visa": null, "payment:visa_debit": null, "wheelchair": "limited", "addr:place": null, "internet_access": null, "toilets:wheelchair": null, "microbrewery": null, "opening_hours": null, "indoor_seating": null, "wheelchair:description": null, "brand": null, "brand:wikidata": null, "brand:wikipedia": null, "contact:mobile": null, "contact:phone": null, "contact:website": null, "diet:vegetarian": null, "facebook": null, "operator": null, "payment:bancomat": null, "reservation": null, "toilets": null, "addr:country": null, "diet:vegan": null, "capacity": null, "source": null, "source_1": null, "delivery": null, "smoking": null, "takeaway": null, "name:signed": null, "seamark:small_craft_facility:category": null, "seamark:type": null, "contact:facebook": null, "fixme": null, "toilets:access": null, "payment:credit_cards": null, "payment:debit_cards": null, "name:it": null, "contact:email": null, "payment:american_express": null, "start_date": null, "name:ru": null, "description": null, "bar": null, "diet:meat": null, "diet:mediterranean": null, "diet:non-vegetarian": null, "diet:seafood": null, "loc_name:pl": null, "payment:contactless": null, "check_date:opening_hours": null, "opening_hours:signed": null, "internet_access:fee": null, "name:pl": null, "diet:local": null, "outdoor_seating:comfort": null, "name:en": null, "air_conditioning": null, "highchair": null, "website:menu": null, "brewery": null, "toilets:handwashing": null, "toilets:num_chambers": null, "changing_table": null, "indoor": null, "short_name": null, "access": null, "contact:instagram": null, "contact:whatsapp": null, "addr:floor": null, "internet_access:ssid": null, "food": null, "building": null, "diet:fish": null, "type": null }, "geometry": { "type": "Point", "coordinates": [ 9.1208662, 39.2158423 ] } },
{ "type": "Feature", "properties": { "element": "node", "id": 2849936763, "addr:city": "Cagliari", "addr:street": "Via Zagabria", "amenity": "restaurant", "cuisine": "pizza", "name": "Pizzagabria", "note": null, "phone": "+39 070 3110608", "price": null, "addr:postcode": null, "addr:housenumber": "20", "website": null, "email": null, "outdoor_seating": null, "check_date": null, "payment:cash": null, "payment:mastercard": null, "payment:visa": null, "payment:visa_debit": null, "wheelchair": null, "addr:place": null, "internet_access": null, "toilets:wheelchair": null, "microbrewery": null, "opening_hours": null, "indoor_seating": null, "wheelchair:description": null, "brand": null, "brand:wikidata": null, "brand:wikipedia": null, "contact:mobile": null, "contact:phone": null, "contact:website": null, "diet:vegetarian": null, "facebook": null, "operator": null, "payment:bancomat": null, "reservation": null, "toilets": null, "addr:country": null, "diet:vegan": null, "capacity": null, "source": null, "source_1": null, "delivery": null, "smoking": null, "takeaway": null, "name:signed": null, "seamark:small_craft_facility:category": null, "seamark:type": null, "contact:facebook": null, "fixme": null, "toilets:access": null, "payment:credit_cards": null, "payment:debit_cards": null, "name:it": null, "contact:email": null, "payment:american_express": null, "start_date": null, "name:ru": null, "description": null, "bar": null, "diet:meat": null, "diet:mediterranean": null, "diet:non-vegetarian": null, "diet:seafood": null, "loc_name:pl": null, "payment:contactless": null, "check_date:opening_hours": null, "opening_hours:signed": null, "internet_access:fee": null, "name:pl": null, "diet:local": null, "outdoor_seating:comfort": null, "name:en": null, "air_conditioning": null, "highchair": null, "website:menu": null, "brewery": null, "toilets:handwashing": null, "toilets:num_chambers": null, "changing_table": null, "indoor": null, "short_name": null, "access": null, "contact:instagram": null, "contact:whatsapp": null, "addr:floor": null, "internet_access:ssid": null, "food": null, "building": null, "diet:fish": null, "type": null }, "geometry": { "type": "Point", "coordinates": [ 9.1332023, 39.2268064 ] } },
{ "type": "Feature", "properties": { "element": "node", "id": 2849970389, "addr:city": "Cagliari", "addr:street": "Corso Vittorio Emanuele II", "amenity": "restaurant", "cuisine": "italian", "name": "Gintilla", "note": null, "phone": "+39 070 680665", "price": null, "addr:postcode": "09123", "addr:housenumber": "210", "website": "https://gintilla.com", "email": null, "outdoor_seating": "pedestrian_zone", "check_date": null, "payment:cash": null, "payment:mastercard": null, "payment:visa": null, "payment:visa_debit": null, "wheelchair": "limited", "addr:place": null, "internet_access": null, "toilets:wheelchair": null, "microbrewery": null, "opening_hours": "Mo-Su 12:30-15:00,20:00-23:00", "indoor_seating": "yes", "wheelchair:description": null, "brand": null, "brand:wikidata": null, "brand:wikipedia": null, "contact:mobile": null, "contact:phone": null, "contact:website": null, "diet:vegetarian": "yes", "facebook": null, "operator": null, "payment:bancomat": null, "reservation": null, "toilets": null, "addr:country": null, "diet:vegan": "only", "capacity": null, "source": null, "source_1": null, "delivery": null, "smoking": null, "takeaway": null, "name:signed": null, "seamark:small_craft_facility:category": null, "seamark:type": null, "contact:facebook": null, "fixme": null, "toilets:access": null, "payment:credit_cards": null, "payment:debit_cards": null, "name:it": null, "contact:email": null, "payment:american_express": null, "start_date": null, "name:ru": null, "description": null, "bar": null, "diet:meat": null, "diet:mediterranean": null, "diet:non-vegetarian": null, "diet:seafood": null, "loc_name:pl": null, "payment:contactless": null, "check_date:opening_hours": null, "opening_hours:signed": null, "internet_access:fee": null, "name:pl": null, "diet:local": null, "outdoor_seating:comfort": null, "name:en": null, "air_conditioning": null, "highchair": null, "website:menu": null, "brewery": null, "toilets:handwashing": null, "toilets:num_chambers": null, "changing_table": null, "indoor": null, "short_name": null, "access": null, "contact:instagram": null, "contact:whatsapp": null, "addr:floor": null, "internet_access:ssid": null, "food": null, "building": null, "diet:fish": null, "type": null }, "geometry": { "type": "Point", "coordinates": [ 9.1095838, 39.219129 ] } },
{ "type": "Feature", "properties": { "element": "node", "id": 3003087353, "addr:city": "Cagliari", "addr:street": "Via Sassari", "amenity": "restaurant", "cuisine": "regional;sardinian", "name": "Ristorante Ammentos", "note": null, "phone": "+39 070 651075", "price": null, "addr:postcode": "09124", "addr:housenumber": "120", "website": null, "email": "andreagraziella@yahoo.it", "outdoor_seating": null, "check_date": null, "payment:cash": null, "payment:mastercard": null, "payment:visa": null, "payment:visa_debit": null, "wheelchair": null, "addr:place": null, "internet_access": null, "toilets:wheelchair": null, "microbrewery": null, "opening_hours": "Mo-Sa 13:00-15:00,20:00-00:00; Tu off; Su 13:00-15:00,20:00-24:00", "indoor_seating": null, "wheelchair:description": null, "brand": null, "brand:wikidata": null, "brand:wikipedia": null, "contact:mobile": null, "contact:phone": null, "contact:website": null, "diet:vegetarian": null, "facebook": "https://www.facebook.com/Ristorante-Ammentos-384215218425205/", "operator": null, "payment:bancomat": null, "reservation": null, "toilets": null, "addr:country": null, "diet:vegan": null, "capacity": null, "source": null, "source_1": null, "delivery": null, "smoking": null, "takeaway": null, "name:signed": null, "seamark:small_craft_facility:category": null, "seamark:type": null, "contact:facebook": null, "fixme": null, "toilets:access": null, "payment:credit_cards": null, "payment:debit_cards": null, "name:it": null, "contact:email": null, "payment:american_express": null, "start_date": null, "name:ru": null, "description": null, "bar": null, "diet:meat": null, "diet:mediterranean": null, "diet:non-vegetarian": null, "diet:seafood": null, "loc_name:pl": null, "payment:contactless": null, "check_date:opening_hours": null, "opening_hours:signed": null, "internet_access:fee": null, "name:pl": null, "diet:local": null, "outdoor_seating:comfort": null, "name:en": null, "air_conditioning": null, "highchair": null, "website:menu": null, "brewery": null, "toilets:handwashing": null, "toilets:num_chambers": null, "changing_table": null, "indoor": null, "short_name": null, "access": null, "contact:instagram": null, "contact:whatsapp": null, "addr:floor": null, "internet_access:ssid": null, "food": null, "building": null, "diet:fish": null, "type": null }, "geometry": { "type": "Point", "coordinates": [ 9.1111877, 39.2176762 ] } },
{ "type": "Feature", "properties": { "element": "node", "id": 3025020909, "addr:city": "Cagliari", "addr:street": "Piazza Yenne", "amenity": "restaurant", "cuisine": null, "name": "Incognito", "note": null, "phone": null, "price": null, "addr:postcode": null, "addr:housenumber": null, "website": null, "email": null, "outdoor_seating": "pedestrian_zone", "check_date": "2023-09-06", "payment:cash": null, "payment:mastercard": null, "payment:visa": null, "payment:visa_debit": null, "wheelchair": null, "addr:place": null, "internet_access": null, "toilets:wheelchair": null, "microbrewery": null, "opening_hours": null, "indoor_seating": null, "wheelchair:description": null, "brand": null, "brand:wikidata": null, "brand:wikipedia": null, "contact:mobile": null, "contact:phone": null, "contact:website": null, "diet:vegetarian": null, "facebook": null, "operator": null, "payment:bancomat": null, "reservation": null, "toilets": null, "addr:country": null, "diet:vegan": null, "capacity": null, "source": null, "source_1": null, "delivery": null, "smoking": null, "takeaway": null, "name:signed": null, "seamark:small_craft_facility:category": null, "seamark:type": null, "contact:facebook": null, "fixme": null, "toilets:access": null, "payment:credit_cards": null, "payment:debit_cards": null, "name:it": null, "contact:email": null, "payment:american_express": null, "start_date": null, "name:ru": null, "description": null, "bar": null, "diet:meat": null, "diet:mediterranean": null, "diet:non-vegetarian": null, "diet:seafood": null, "loc_name:pl": null, "payment:contactless": null, "check_date:opening_hours": null, "opening_hours:signed": null, "internet_access:fee": null, "name:pl": null, "diet:local": null, "outdoor_seating:comfort": null, "name:en": null, "air_conditioning": null, "highchair": null, "website:menu": null, "brewery": null, "toilets:handwashing": null, "toilets:num_chambers": null, "changing_table": null, "indoor": null, "short_name": null, "access": null, "contact:instagram": null, "contact:whatsapp": null, "addr:floor": null, "internet_access:ssid": null, "food": null, "building": null, "diet:fish": null, "type": null }, "geometry": { "type": "Point", "coordinates": [ 9.1137478, 39.2174132 ] } },
{ "type": "Feature", "properties": { "element": "node", "id": 3026224484, "addr:city": "Cagliari", "addr:street": "Piazza Costituzione", "amenity": "restaurant", "cuisine": "regional", "name": "Antico Caffe dal 1855", "note": null, "phone": null, "price": null, "addr:postcode": "09124", "addr:housenumber": "10", "website": null, "email": null, "outdoor_seating": "yes", "check_date": null, "payment:cash": null, "payment:mastercard": null, "payment:visa": null, "payment:visa_debit": null, "wheelchair": "no", "addr:place": null, "internet_access": null, "toilets:wheelchair": "no", "microbrewery": null, "opening_hours": null, "indoor_seating": "yes", "wheelchair:description": null, "brand": null, "brand:wikidata": null, "brand:wikipedia": null, "contact:mobile": null, "contact:phone": null, "contact:website": "http://www.anticocaffe1855.it/", "diet:vegetarian": null, "facebook": null, "operator": null, "payment:bancomat": null, "reservation": null, "toilets": null, "addr:country": null, "diet:vegan": null, "capacity": null, "source": null, "source_1": null, "delivery": null, "smoking": null, "takeaway": null, "name:signed": null, "seamark:small_craft_facility:category": null, "seamark:type": null, "contact:facebook": null, "fixme": null, "toilets:access": null, "payment:credit_cards": null, "payment:debit_cards": null, "name:it": null, "contact:email": null, "payment:american_express": null, "start_date": null, "name:ru": null, "description": null, "bar": null, "diet:meat": null, "diet:mediterranean": null, "diet:non-vegetarian": null, "diet:seafood": null, "loc_name:pl": null, "payment:contactless": null, "check_date:opening_hours": null, "opening_hours:signed": null, "internet_access:fee": null, "name:pl": null, "diet:local": null, "outdoor_seating:comfort": null, "name:en": null, "air_conditioning": null, "highchair": null, "website:menu": null, "brewery": null, "toilets:handwashing": null, "toilets:num_chambers": null, "changing_table": null, "indoor": null, "short_name": null, "access": null, "contact:instagram": null, "contact:whatsapp": null, "addr:floor": null, "internet_access:ssid": null, "food": null, "building": null, "diet:fish": null, "type": null }, "geometry": { "type": "Point", "coordinates": [ 9.1170204, 39.2157331 ] } },
{ "type": "Feature", "properties": { "element": "node", "id": 3058874025, "addr:city": "Cagliari", "addr:street": "Via Sassari", "amenity": "restaurant", "cuisine": "fish", "name": "Fifò", "note": null, "phone": "+39 070 665649", "price": null, "addr:postcode": "09124", "addr:housenumber": "52", "website": "http://www.fifofish.it", "email": null, "outdoor_seating": null, "check_date": null, "payment:cash": null, "payment:mastercard": null, "payment:visa": null, "payment:visa_debit": null, "wheelchair": "yes", "addr:place": null, "internet_access": null, "toilets:wheelchair": null, "microbrewery": null, "opening_hours": null, "indoor_seating": null, "wheelchair:description": null, "brand": null, "brand:wikidata": null, "brand:wikipedia": null, "contact:mobile": null, "contact:phone": null, "contact:website": null, "diet:vegetarian": null, "facebook": null, "operator": null, "payment:bancomat": null, "reservation": null, "toilets": null, "addr:country": null, "diet:vegan": null, "capacity": "25", "source": null, "source_1": null, "delivery": null, "smoking": null, "takeaway": null, "name:signed": null, "seamark:small_craft_facility:category": null, "seamark:type": null, "contact:facebook": null, "fixme": null, "toilets:access": null, "payment:credit_cards": null, "payment:debit_cards": null, "name:it": null, "contact:email": null, "payment:american_express": null, "start_date": null, "name:ru": null, "description": null, "bar": null, "diet:meat": null, "diet:mediterranean": null, "diet:non-vegetarian": null, "diet:seafood": null, "loc_name:pl": null, "payment:contactless": null, "check_date:opening_hours": null, "opening_hours:signed": null, "internet_access:fee": null, "name:pl": null, "diet:local": null, "outdoor_seating:comfort": null, "name:en": null, "air_conditioning": null, "highchair": null, "website:menu": null, "brewery": null, "toilets:handwashing": null, "toilets:num_chambers": null, "changing_table": null, "indoor": null, "short_name": null, "access": null, "contact:instagram": null, "contact:whatsapp": null, "addr:floor": null, "internet_access:ssid": null, "food": null, "building": null, "diet:fish": null, "type": null }, "geometry": { "type": "Point", "coordinates": [ 9.1103329, 39.2168735 ] } },
{ "type": "Feature", "properties": { "element": "node", "id": 3093280827, "addr:city": "Cagliari", "addr:street": "Corso Vittorio Emanuele II", "amenity": "restaurant", "cuisine": null, "name": "Corso Dodici", "note": null, "phone": null, "price": null, "addr:postcode": null, "addr:housenumber": null, "website": null, "email": null, "outdoor_seating": null, "check_date": null, "payment:cash": null, "payment:mastercard": null, "payment:visa": null, "payment:visa_debit": null, "wheelchair": null, "addr:place": null, "internet_access": null, "toilets:wheelchair": null, "microbrewery": null, "opening_hours": null, "indoor_seating": null, "wheelchair:description": null, "brand": null, "brand:wikidata": null, "brand:wikipedia": null, "contact:mobile": null, "contact:phone": null, "contact:website": null, "diet:vegetarian": null, "facebook": null, "operator": null, "payment:bancomat": null, "reservation": null, "toilets": null, "addr:country": null, "diet:vegan": null, "capacity": null, "source": null, "source_1": null, "delivery": null, "smoking": null, "takeaway": null, "name:signed": null, "seamark:small_craft_facility:category": null, "seamark:type": null, "contact:facebook": null, "fixme": null, "toilets:access": null, "payment:credit_cards": null, "payment:debit_cards": null, "name:it": null, "contact:email": null, "payment:american_express": null, "start_date": null, "name:ru": null, "description": null, "bar": null, "diet:meat": null, "diet:mediterranean": null, "diet:non-vegetarian": null, "diet:seafood": null, "loc_name:pl": null, "payment:contactless": null, "check_date:opening_hours": null, "opening_hours:signed": null, "internet_access:fee": null, "name:pl": null, "diet:local": null, "outdoor_seating:comfort": null, "name:en": null, "air_conditioning": null, "highchair": null, "website:menu": null, "brewery": null, "toilets:handwashing": null, "toilets:num_chambers": null, "changing_table": null, "indoor": null, "short_name": null, "access": null, "contact:instagram": null, "contact:whatsapp": null, "addr:floor": null, "internet_access:ssid": null, "food": null, "building": null, "diet:fish": null, "type": null }, "geometry": { "type": "Point", "coordinates": [ 9.1129251, 39.2174486 ] } },
{ "type": "Feature", "properties": { "element": "node", "id": 3319195229, "addr:city": "Cagliari", "addr:street": "Via San Giacomo", "amenity": "restaurant", "cuisine": null, "name": "Dr. Ampex", "note": null, "phone": null, "price": null, "addr:postcode": null, "addr:housenumber": "35", "website": null, "email": null, "outdoor_seating": null, "check_date": null, "payment:cash": null, "payment:mastercard": null, "payment:visa": null, "payment:visa_debit": null, "wheelchair": null, "addr:place": null, "internet_access": null, "toilets:wheelchair": null, "microbrewery": null, "opening_hours": "Mo-We 09:30-18:00; Th,Fr 11:00-20:00; Sa 10:00-14:00", "indoor_seating": null, "wheelchair:description": null, "brand": null, "brand:wikidata": null, "brand:wikipedia": null, "contact:mobile": null, "contact:phone": null, "contact:website": null, "diet:vegetarian": null, "facebook": null, "operator": null, "payment:bancomat": null, "reservation": null, "toilets": null, "addr:country": null, "diet:vegan": null, "capacity": null, "source": "Note 68509", "source_1": "Note 68509", "delivery": null, "smoking": null, "takeaway": null, "name:signed": null, "seamark:small_craft_facility:category": null, "seamark:type": null, "contact:facebook": null, "fixme": null, "toilets:access": null, "payment:credit_cards": null, "payment:debit_cards": null, "name:it": null, "contact:email": null, "payment:american_express": null, "start_date": null, "name:ru": null, "description": null, "bar": null, "diet:meat": null, "diet:mediterranean": null, "diet:non-vegetarian": null, "diet:seafood": null, "loc_name:pl": null, "payment:contactless": null, "check_date:opening_hours": null, "opening_hours:signed": null, "internet_access:fee": null, "name:pl": null, "diet:local": null, "outdoor_seating:comfort": null, "name:en": null, "air_conditioning": null, "highchair": null, "website:menu": null, "brewery": null, "toilets:handwashing": null, "toilets:num_chambers": null, "changing_table": null, "indoor": null, "short_name": null, "access": null, "contact:instagram": null, "contact:whatsapp": null, "addr:floor": null, "internet_access:ssid": null, "food": null, "building": null, "diet:fish": null, "type": null }, "geometry": { "type": "Point", "coordinates": [ 9.1191723, 39.2180414 ] } },
{ "type": "Feature", "properties": { "element": "node", "id": 3375236371, "addr:city": "Cagliari", "addr:street": "Via Domenico Alberto Azuni", "amenity": "restaurant", "cuisine": "brazilian", "name": "Picanhito", "note": null, "phone": null, "price": null, "addr:postcode": "09124", "addr:housenumber": "31", "website": null, "email": null, "outdoor_seating": null, "check_date": null, "payment:cash": null, "payment:mastercard": null, "payment:visa": null, "payment:visa_debit": null, "wheelchair": null, "addr:place": null, "internet_access": null, "toilets:wheelchair": null, "microbrewery": null, "opening_hours": null, "indoor_seating": null, "wheelchair:description": null, "brand": null, "brand:wikidata": null, "brand:wikipedia": null, "contact:mobile": null, "contact:phone": null, "contact:website": null, "diet:vegetarian": null, "facebook": null, "operator": null, "payment:bancomat": null, "reservation": null, "toilets": null, "addr:country": null, "diet:vegan": null, "capacity": null, "source": null, "source_1": null, "delivery": "no", "smoking": "outside", "takeaway": "no", "name:signed": null, "seamark:small_craft_facility:category": null, "seamark:type": null, "contact:facebook": null, "fixme": null, "toilets:access": null, "payment:credit_cards": null, "payment:debit_cards": null, "name:it": null, "contact:email": null, "payment:american_express": null, "start_date": null, "name:ru": null, "description": null, "bar": null, "diet:meat": null, "diet:mediterranean": null, "diet:non-vegetarian": null, "diet:seafood": null, "loc_name:pl": null, "payment:contactless": null, "check_date:opening_hours": null, "opening_hours:signed": null, "internet_access:fee": null, "name:pl": null, "diet:local": null, "outdoor_seating:comfort": null, "name:en": null, "air_conditioning": null, "highchair": null, "website:menu": null, "brewery": null, "toilets:handwashing": null, "toilets:num_chambers": null, "changing_table": null, "indoor": null, "short_name": null, "access": null, "contact:instagram": null, "contact:whatsapp": null, "addr:floor": null, "internet_access:ssid": null, "food": null, "building": null, "diet:fish": null, "type": null }, "geometry": { "type": "Point", "coordinates": [ 9.1124557, 39.2184481 ] } },
{ "type": "Feature", "properties": { "element": "node", "id": 3759509045, "addr:city": "Cagliari", "addr:street": "Via Vincenzo Sulis", "amenity": "restaurant", "cuisine": null, "name": "Villanova Café Bistrot", "note": null, "phone": null, "price": null, "addr:postcode": null, "addr:housenumber": null, "website": null, "email": null, "outdoor_seating": null, "check_date": null, "payment:cash": null, "payment:mastercard": null, "payment:visa": null, "payment:visa_debit": null, "wheelchair": null, "addr:place": null, "internet_access": null, "toilets:wheelchair": null, "microbrewery": null, "opening_hours": null, "indoor_seating": null, "wheelchair:description": null, "brand": null, "brand:wikidata": null, "brand:wikipedia": null, "contact:mobile": null, "contact:phone": null, "contact:website": null, "diet:vegetarian": null, "facebook": null, "operator": null, "payment:bancomat": null, "reservation": null, "toilets": null, "addr:country": "IT", "diet:vegan": null, "capacity": null, "source": null, "source_1": null, "delivery": null, "smoking": null, "takeaway": null, "name:signed": null, "seamark:small_craft_facility:category": null, "seamark:type": null, "contact:facebook": null, "fixme": null, "toilets:access": null, "payment:credit_cards": null, "payment:debit_cards": null, "name:it": null, "contact:email": null, "payment:american_express": null, "start_date": null, "name:ru": null, "description": null, "bar": null, "diet:meat": null, "diet:mediterranean": null, "diet:non-vegetarian": null, "diet:seafood": null, "loc_name:pl": null, "payment:contactless": null, "check_date:opening_hours": null, "opening_hours:signed": null, "internet_access:fee": null, "name:pl": null, "diet:local": null, "outdoor_seating:comfort": null, "name:en": null, "air_conditioning": null, "highchair": null, "website:menu": null, "brewery": null, "toilets:handwashing": null, "toilets:num_chambers": null, "changing_table": null, "indoor": null, "short_name": null, "access": null, "contact:instagram": null, "contact:whatsapp": null, "addr:floor": null, "internet_access:ssid": null, "food": null, "building": null, "diet:fish": null, "type": null }, "geometry": { "type": "Point", "coordinates": [ 9.1176738, 39.2165798 ] } },
{ "type": "Feature", "properties": { "element": "node", "id": 3759515457, "addr:city": null, "addr:street": null, "amenity": "restaurant", "cuisine": "pizza", "name": null, "note": null, "phone": null, "price": null, "addr:postcode": null, "addr:housenumber": null, "website": null, "email": null, "outdoor_seating": null, "check_date": null, "payment:cash": null, "payment:mastercard": null, "payment:visa": null, "payment:visa_debit": null, "wheelchair": null, "addr:place": null, "internet_access": null, "toilets:wheelchair": null, "microbrewery": null, "opening_hours": null, "indoor_seating": null, "wheelchair:description": null, "brand": null, "brand:wikidata": null, "brand:wikipedia": null, "contact:mobile": null, "contact:phone": null, "contact:website": null, "diet:vegetarian": null, "facebook": null, "operator": null, "payment:bancomat": null, "reservation": null, "toilets": null, "addr:country": null, "diet:vegan": null, "capacity": null, "source": null, "source_1": null, "delivery": null, "smoking": null, "takeaway": null, "name:signed": "no", "seamark:small_craft_facility:category": null, "seamark:type": null, "contact:facebook": null, "fixme": null, "toilets:access": null, "payment:credit_cards": null, "payment:debit_cards": null, "name:it": null, "contact:email": null, "payment:american_express": null, "start_date": null, "name:ru": null, "description": null, "bar": null, "diet:meat": null, "diet:mediterranean": null, "diet:non-vegetarian": null, "diet:seafood": null, "loc_name:pl": null, "payment:contactless": null, "check_date:opening_hours": null, "opening_hours:signed": null, "internet_access:fee": null, "name:pl": null, "diet:local": null, "outdoor_seating:comfort": null, "name:en": null, "air_conditioning": null, "highchair": null, "website:menu": null, "brewery": null, "toilets:handwashing": null, "toilets:num_chambers": null, "changing_table": null, "indoor": null, "short_name": null, "access": null, "contact:instagram": null, "contact:whatsapp": null, "addr:floor": null, "internet_access:ssid": null, "food": null, "building": null, "diet:fish": null, "type": null }, "geometry": { "type": "Point", "coordinates": [ 9.118537, 39.2173256 ] } },
{ "type": "Feature", "properties": { "element": "node", "id": 3785787442, "addr:city": null, "addr:street": "Via Lodovico Baylle", "amenity": "restaurant", "cuisine": "local", "name": "Pasticceria Antico Forno Dolci Sardi", "note": null, "phone": null, "price": null, "addr:postcode": null, "addr:housenumber": null, "website": null, "email": null, "outdoor_seating": null, "check_date": null, "payment:cash": null, "payment:mastercard": null, "payment:visa": null, "payment:visa_debit": null, "wheelchair": "no", "addr:place": null, "internet_access": null, "toilets:wheelchair": null, "microbrewery": null, "opening_hours": "Mo-Su 07:30-18:30", "indoor_seating": null, "wheelchair:description": null, "brand": null, "brand:wikidata": null, "brand:wikipedia": null, "contact:mobile": null, "contact:phone": null, "contact:website": null, "diet:vegetarian": null, "facebook": null, "operator": null, "payment:bancomat": null, "reservation": null, "toilets": null, "addr:country": null, "diet:vegan": null, "capacity": null, "source": null, "source_1": null, "delivery": null, "smoking": null, "takeaway": null, "name:signed": null, "seamark:small_craft_facility:category": null, "seamark:type": null, "contact:facebook": null, "fixme": null, "toilets:access": null, "payment:credit_cards": null, "payment:debit_cards": null, "name:it": null, "contact:email": null, "payment:american_express": null, "start_date": null, "name:ru": null, "description": null, "bar": null, "diet:meat": null, "diet:mediterranean": null, "diet:non-vegetarian": null, "diet:seafood": null, "loc_name:pl": null, "payment:contactless": null, "check_date:opening_hours": null, "opening_hours:signed": null, "internet_access:fee": null, "name:pl": null, "diet:local": null, "outdoor_seating:comfort": null, "name:en": null, "air_conditioning": null, "highchair": null, "website:menu": null, "brewery": null, "toilets:handwashing": null, "toilets:num_chambers": null, "changing_table": null, "indoor": null, "short_name": null, "access": null, "contact:instagram": null, "contact:whatsapp": null, "addr:floor": null, "internet_access:ssid": null, "food": null, "building": null, "diet:fish": null, "type": null }, "geometry": { "type": "Point", "coordinates": [ 9.1129311, 39.2154674 ] } },
{ "type": "Feature", "properties": { "element": "node", "id": 3805643379, "addr:city": "Cagliari", "addr:street": "Via Ospedale", "amenity": "restaurant", "cuisine": "pizza", "name": "Da Massimo", "note": null, "phone": "+39 070 3111130", "price": null, "addr:postcode": null, "addr:housenumber": "20", "website": null, "email": null, "outdoor_seating": null, "check_date": null, "payment:cash": null, "payment:mastercard": null, "payment:visa": null, "payment:visa_debit": null, "wheelchair": null, "addr:place": null, "internet_access": null, "toilets:wheelchair": null, "microbrewery": null, "opening_hours": null, "indoor_seating": null, "wheelchair:description": null, "brand": null, "brand:wikidata": null, "brand:wikipedia": null, "contact:mobile": null, "contact:phone": null, "contact:website": null, "diet:vegetarian": null, "facebook": null, "operator": null, "payment:bancomat": null, "reservation": null, "toilets": null, "addr:country": null, "diet:vegan": null, "capacity": null, "source": null, "source_1": null, "delivery": "yes", "smoking": null, "takeaway": "yes", "name:signed": null, "seamark:small_craft_facility:category": null, "seamark:type": null, "contact:facebook": null, "fixme": null, "toilets:access": null, "payment:credit_cards": null, "payment:debit_cards": null, "name:it": null, "contact:email": null, "payment:american_express": null, "start_date": null, "name:ru": null, "description": null, "bar": null, "diet:meat": null, "diet:mediterranean": null, "diet:non-vegetarian": null, "diet:seafood": null, "loc_name:pl": null, "payment:contactless": null, "check_date:opening_hours": null, "opening_hours:signed": null, "internet_access:fee": null, "name:pl": null, "diet:local": null, "outdoor_seating:comfort": null, "name:en": null, "air_conditioning": null, "highchair": null, "website:menu": null, "brewery": null, "toilets:handwashing": null, "toilets:num_chambers": null, "changing_table": null, "indoor": null, "short_name": null, "access": null, "contact:instagram": null, "contact:whatsapp": null, "addr:floor": null, "internet_access:ssid": null, "food": null, "building": null, "diet:fish": null, "type": null }, "geometry": { "type": "Point", "coordinates": [ 9.1118686, 39.2195938 ] } },
{ "type": "Feature", "properties": { "element": "node", "id": 3824509668, "addr:city": "Cagliari", "addr:street": "Via Caprera", "amenity": "restaurant", "cuisine": null, "name": "Slot", "note": null, "phone": null, "price": null, "addr:postcode": "09123", "addr:housenumber": "14", "website": null, "email": null, "outdoor_seating": null, "check_date": null, "payment:cash": null, "payment:mastercard": null, "payment:visa": null, "payment:visa_debit": null, "wheelchair": null, "addr:place": null, "internet_access": null, "toilets:wheelchair": null, "microbrewery": null, "opening_hours": null, "indoor_seating": null, "wheelchair:description": null, "brand": null, "brand:wikidata": null, "brand:wikipedia": null, "contact:mobile": null, "contact:phone": null, "contact:website": null, "diet:vegetarian": null, "facebook": null, "operator": null, "payment:bancomat": null, "reservation": null, "toilets": null, "addr:country": null, "diet:vegan": null, "capacity": null, "source": null, "source_1": null, "delivery": null, "smoking": null, "takeaway": null, "name:signed": null, "seamark:small_craft_facility:category": null, "seamark:type": null, "contact:facebook": null, "fixme": null, "toilets:access": null, "payment:credit_cards": null, "payment:debit_cards": null, "name:it": null, "contact:email": null, "payment:american_express": null, "start_date": null, "name:ru": null, "description": null, "bar": null, "diet:meat": null, "diet:mediterranean": null, "diet:non-vegetarian": null, "diet:seafood": null, "loc_name:pl": null, "payment:contactless": null, "check_date:opening_hours": null, "opening_hours:signed": null, "internet_access:fee": null, "name:pl": null, "diet:local": null, "outdoor_seating:comfort": null, "name:en": null, "air_conditioning": null, "highchair": null, "website:menu": null, "brewery": null, "toilets:handwashing": null, "toilets:num_chambers": null, "changing_table": null, "indoor": null, "short_name": null, "access": null, "contact:instagram": null, "contact:whatsapp": null, "addr:floor": null, "internet_access:ssid": null, "food": null, "building": null, "diet:fish": null, "type": null }, "geometry": { "type": "Point", "coordinates": [ 9.107858, 39.2187849 ] } },
{ "type": "Feature", "properties": { "element": "node", "id": 3957252683, "addr:city": null, "addr:street": "Via San Domenico", "amenity": "restaurant", "cuisine": null, "name": "Il Fantasma 2", "note": null, "phone": null, "price": null, "addr:postcode": null, "addr:housenumber": "77", "website": null, "email": null, "outdoor_seating": null, "check_date": null, "payment:cash": null, "payment:mastercard": null, "payment:visa": null, "payment:visa_debit": null, "wheelchair": null, "addr:place": null, "internet_access": null, "toilets:wheelchair": null, "microbrewery": null, "opening_hours": null, "indoor_seating": null, "wheelchair:description": null, "brand": null, "brand:wikidata": null, "brand:wikipedia": null, "contact:mobile": null, "contact:phone": null, "contact:website": null, "diet:vegetarian": null, "facebook": null, "operator": null, "payment:bancomat": null, "reservation": null, "toilets": null, "addr:country": null, "diet:vegan": null, "capacity": null, "source": null, "source_1": null, "delivery": null, "smoking": null, "takeaway": null, "name:signed": null, "seamark:small_craft_facility:category": null, "seamark:type": null, "contact:facebook": null, "fixme": null, "toilets:access": null, "payment:credit_cards": null, "payment:debit_cards": null, "name:it": null, "contact:email": null, "payment:american_express": null, "start_date": null, "name:ru": null, "description": null, "bar": null, "diet:meat": null, "diet:mediterranean": null, "diet:non-vegetarian": null, "diet:seafood": null, "loc_name:pl": null, "payment:contactless": null, "check_date:opening_hours": null, "opening_hours:signed": null, "internet_access:fee": null, "name:pl": null, "diet:local": null, "outdoor_seating:comfort": null, "name:en": null, "air_conditioning": null, "highchair": null, "website:menu": null, "brewery": null, "toilets:handwashing": null, "toilets:num_chambers": null, "changing_table": null, "indoor": null, "short_name": null, "access": null, "contact:instagram": null, "contact:whatsapp": null, "addr:floor": null, "internet_access:ssid": null, "food": null, "building": null, "diet:fish": null, "type": null }, "geometry": { "type": "Point", "coordinates": [ 9.1197889, 39.2184136 ] } },
{ "type": "Feature", "properties": { "element": "node", "id": 3959616709, "addr:city": null, "addr:street": "Via Giovanni Maria Angioy", "amenity": "restaurant", "cuisine": null, "name": "La Contra", "note": null, "phone": null, "price": null, "addr:postcode": null, "addr:housenumber": "54", "website": null, "email": null, "outdoor_seating": null, "check_date": null, "payment:cash": null, "payment:mastercard": null, "payment:visa": null, "payment:visa_debit": null, "wheelchair": null, "addr:place": null, "internet_access": null, "toilets:wheelchair": null, "microbrewery": null, "opening_hours": null, "indoor_seating": null, "wheelchair:description": null, "brand": null, "brand:wikidata": null, "brand:wikipedia": null, "contact:mobile": null, "contact:phone": null, "contact:website": null, "diet:vegetarian": null, "facebook": null, "operator": null, "payment:bancomat": null, "reservation": null, "toilets": null, "addr:country": null, "diet:vegan": null, "capacity": null, "source": null, "source_1": null, "delivery": null, "smoking": null, "takeaway": null, "name:signed": null, "seamark:small_craft_facility:category": null, "seamark:type": null, "contact:facebook": null, "fixme": null, "toilets:access": null, "payment:credit_cards": null, "payment:debit_cards": null, "name:it": null, "contact:email": null, "payment:american_express": null, "start_date": null, "name:ru": null, "description": null, "bar": null, "diet:meat": null, "diet:mediterranean": null, "diet:non-vegetarian": null, "diet:seafood": null, "loc_name:pl": null, "payment:contactless": null, "check_date:opening_hours": null, "opening_hours:signed": null, "internet_access:fee": null, "name:pl": null, "diet:local": null, "outdoor_seating:comfort": null, "name:en": null, "air_conditioning": null, "highchair": null, "website:menu": null, "brewery": null, "toilets:handwashing": null, "toilets:num_chambers": null, "changing_table": null, "indoor": null, "short_name": null, "access": null, "contact:instagram": null, "contact:whatsapp": null, "addr:floor": null, "internet_access:ssid": null, "food": null, "building": null, "diet:fish": null, "type": null }, "geometry": { "type": "Point", "coordinates": [ 9.1117677, 39.2165681 ] } },
{ "type": "Feature", "properties": { "element": "node", "id": 3959628691, "addr:city": "Cagliari", "addr:street": "Via Barcellona", "amenity": "restaurant", "cuisine": null, "name": "Namastè", "note": null, "phone": null, "price": null, "addr:postcode": null, "addr:housenumber": "63", "website": null, "email": null, "outdoor_seating": "yes", "check_date": "2023-08-31", "payment:cash": null, "payment:mastercard": null, "payment:visa": null, "payment:visa_debit": null, "wheelchair": "limited", "addr:place": null, "internet_access": null, "toilets:wheelchair": "no", "microbrewery": null, "opening_hours": null, "indoor_seating": null, "wheelchair:description": null, "brand": null, "brand:wikidata": null, "brand:wikipedia": null, "contact:mobile": null, "contact:phone": null, "contact:website": null, "diet:vegetarian": null, "facebook": null, "operator": null, "payment:bancomat": null, "reservation": null, "toilets": null, "addr:country": null, "diet:vegan": null, "capacity": null, "source": null, "source_1": null, "delivery": null, "smoking": null, "takeaway": null, "name:signed": null, "seamark:small_craft_facility:category": null, "seamark:type": null, "contact:facebook": null, "fixme": null, "toilets:access": null, "payment:credit_cards": null, "payment:debit_cards": null, "name:it": null, "contact:email": null, "payment:american_express": null, "start_date": null, "name:ru": null, "description": null, "bar": null, "diet:meat": null, "diet:mediterranean": null, "diet:non-vegetarian": null, "diet:seafood": null, "loc_name:pl": null, "payment:contactless": null, "check_date:opening_hours": null, "opening_hours:signed": null, "internet_access:fee": null, "name:pl": null, "diet:local": null, "outdoor_seating:comfort": null, "name:en": null, "air_conditioning": null, "highchair": null, "website:menu": null, "brewery": null, "toilets:handwashing": null, "toilets:num_chambers": null, "changing_table": null, "indoor": null, "short_name": null, "access": null, "contact:instagram": null, "contact:whatsapp": null, "addr:floor": null, "internet_access:ssid": null, "food": null, "building": null, "diet:fish": null, "type": null }, "geometry": { "type": "Point", "coordinates": [ 9.1135125, 39.2148565 ] } },
{ "type": "Feature", "properties": { "element": "node", "id": 4028060108, "addr:city": null, "addr:street": null, "amenity": "restaurant", "cuisine": "asian", "name": "Mi Asian", "note": null, "phone": null, "price": null, "addr:postcode": null, "addr:housenumber": null, "website": null, "email": null, "outdoor_seating": null, "check_date": null, "payment:cash": null, "payment:mastercard": null, "payment:visa": null, "payment:visa_debit": null, "wheelchair": "no", "addr:place": null, "internet_access": null, "toilets:wheelchair": null, "microbrewery": null, "opening_hours": null, "indoor_seating": null, "wheelchair:description": null, "brand": null, "brand:wikidata": null, "brand:wikipedia": null, "contact:mobile": null, "contact:phone": null, "contact:website": null, "diet:vegetarian": null, "facebook": null, "operator": null, "payment:bancomat": null, "reservation": null, "toilets": null, "addr:country": null, "diet:vegan": null, "capacity": null, "source": null, "source_1": null, "delivery": null, "smoking": null, "takeaway": "yes", "name:signed": null, "seamark:small_craft_facility:category": null, "seamark:type": null, "contact:facebook": null, "fixme": null, "toilets:access": null, "payment:credit_cards": null, "payment:debit_cards": null, "name:it": null, "contact:email": null, "payment:american_express": null, "start_date": null, "name:ru": null, "description": null, "bar": null, "diet:meat": null, "diet:mediterranean": null, "diet:non-vegetarian": null, "diet:seafood": null, "loc_name:pl": null, "payment:contactless": null, "check_date:opening_hours": null, "opening_hours:signed": null, "internet_access:fee": null, "name:pl": null, "diet:local": null, "outdoor_seating:comfort": null, "name:en": null, "air_conditioning": null, "highchair": null, "website:menu": null, "brewery": null, "toilets:handwashing": null, "toilets:num_chambers": null, "changing_table": null, "indoor": null, "short_name": null, "access": null, "contact:instagram": null, "contact:whatsapp": null, "addr:floor": null, "internet_access:ssid": null, "food": null, "building": null, "diet:fish": null, "type": null }, "geometry": { "type": "Point", "coordinates": [ 9.1191428, 39.2112842 ] } },
{ "type": "Feature", "properties": { "element": "node", "id": 4036184660, "addr:city": "Cagliari", "addr:street": "Via Goffredo Mameli", "amenity": "restaurant", "cuisine": "mexican", "name": "Taqueria Mexicana El Burrito", "note": null, "phone": null, "price": null, "addr:postcode": null, "addr:housenumber": "124", "website": null, "email": null, "outdoor_seating": null, "check_date": "2023-06-23", "payment:cash": null, "payment:mastercard": "yes", "payment:visa": "yes", "payment:visa_debit": null, "wheelchair": null, "addr:place": null, "internet_access": null, "toilets:wheelchair": null, "microbrewery": null, "opening_hours": null, "indoor_seating": null, "wheelchair:description": null, "brand": null, "brand:wikidata": null, "brand:wikipedia": null, "contact:mobile": null, "contact:phone": null, "contact:website": null, "diet:vegetarian": "yes", "facebook": null, "operator": null, "payment:bancomat": null, "reservation": null, "toilets": null, "addr:country": null, "diet:vegan": "yes", "capacity": null, "source": null, "source_1": null, "delivery": null, "smoking": "outside", "takeaway": "yes", "name:signed": null, "seamark:small_craft_facility:category": null, "seamark:type": null, "contact:facebook": null, "fixme": null, "toilets:access": null, "payment:credit_cards": null, "payment:debit_cards": null, "name:it": null, "contact:email": null, "payment:american_express": null, "start_date": null, "name:ru": null, "description": null, "bar": null, "diet:meat": null, "diet:mediterranean": null, "diet:non-vegetarian": null, "diet:seafood": null, "loc_name:pl": null, "payment:contactless": null, "check_date:opening_hours": null, "opening_hours:signed": null, "internet_access:fee": null, "name:pl": null, "diet:local": null, "outdoor_seating:comfort": null, "name:en": null, "air_conditioning": null, "highchair": null, "website:menu": null, "brewery": null, "toilets:handwashing": null, "toilets:num_chambers": null, "changing_table": null, "indoor": null, "short_name": null, "access": null, "contact:instagram": null, "contact:whatsapp": null, "addr:floor": null, "internet_access:ssid": null, "food": null, "building": null, "diet:fish": null, "type": null }, "geometry": { "type": "Point", "coordinates": [ 9.106537, 39.2199478 ] } },
{ "type": "Feature", "properties": { "element": "node", "id": 4036528315, "addr:city": "Cagliari", "addr:street": "Via Carloforte", "amenity": "restaurant", "cuisine": "italian", "name": "Jazzino", "note": null, "phone": null, "price": null, "addr:postcode": null, "addr:housenumber": "76", "website": null, "email": null, "outdoor_seating": null, "check_date": null, "payment:cash": null, "payment:mastercard": null, "payment:visa": null, "payment:visa_debit": null, "wheelchair": null, "addr:place": null, "internet_access": null, "toilets:wheelchair": null, "microbrewery": null, "opening_hours": null, "indoor_seating": null, "wheelchair:description": null, "brand": null, "brand:wikidata": null, "brand:wikipedia": null, "contact:mobile": null, "contact:phone": null, "contact:website": null, "diet:vegetarian": null, "facebook": null, "operator": null, "payment:bancomat": null, "reservation": null, "toilets": null, "addr:country": null, "diet:vegan": null, "capacity": null, "source": null, "source_1": null, "delivery": null, "smoking": "outside", "takeaway": "no", "name:signed": null, "seamark:small_craft_facility:category": null, "seamark:type": null, "contact:facebook": null, "fixme": null, "toilets:access": null, "payment:credit_cards": null, "payment:debit_cards": null, "name:it": null, "contact:email": null, "payment:american_express": null, "start_date": null, "name:ru": null, "description": null, "bar": null, "diet:meat": null, "diet:mediterranean": null, "diet:non-vegetarian": null, "diet:seafood": null, "loc_name:pl": null, "payment:contactless": null, "check_date:opening_hours": null, "opening_hours:signed": null, "internet_access:fee": null, "name:pl": null, "diet:local": null, "outdoor_seating:comfort": null, "name:en": null, "air_conditioning": null, "highchair": null, "website:menu": null, "brewery": null, "toilets:handwashing": null, "toilets:num_chambers": null, "changing_table": null, "indoor": null, "short_name": null, "access": null, "contact:instagram": null, "contact:whatsapp": null, "addr:floor": null, "internet_access:ssid": null, "food": null, "building": null, "diet:fish": null, "type": null }, "geometry": { "type": "Point", "coordinates": [ 9.1058227, 39.2198929 ] } },
{ "type": "Feature", "properties": { "element": "node", "id": 4053992863, "addr:city": null, "addr:street": null, "amenity": "restaurant", "cuisine": null, "name": "Trattoria del Porto", "note": null, "phone": null, "price": null, "addr:postcode": null, "addr:housenumber": null, "website": null, "email": null, "outdoor_seating": null, "check_date": null, "payment:cash": null, "payment:mastercard": null, "payment:visa": null, "payment:visa_debit": null, "wheelchair": null, "addr:place": null, "internet_access": null, "toilets:wheelchair": null, "microbrewery": null, "opening_hours": null, "indoor_seating": null, "wheelchair:description": null, "brand": null, "brand:wikidata": null, "brand:wikipedia": null, "contact:mobile": null, "contact:phone": null, "contact:website": null, "diet:vegetarian": null, "facebook": null, "operator": null, "payment:bancomat": null, "reservation": null, "toilets": null, "addr:country": null, "diet:vegan": null, "capacity": null, "source": null, "source_1": null, "delivery": null, "smoking": null, "takeaway": null, "name:signed": null, "seamark:small_craft_facility:category": "restaurant", "seamark:type": "small_craft_facility", "contact:facebook": null, "fixme": null, "toilets:access": null, "payment:credit_cards": null, "payment:debit_cards": null, "name:it": null, "contact:email": null, "payment:american_express": null, "start_date": null, "name:ru": null, "description": null, "bar": null, "diet:meat": null, "diet:mediterranean": null, "diet:non-vegetarian": null, "diet:seafood": null, "loc_name:pl": null, "payment:contactless": null, "check_date:opening_hours": null, "opening_hours:signed": null, "internet_access:fee": null, "name:pl": null, "diet:local": null, "outdoor_seating:comfort": null, "name:en": null, "air_conditioning": null, "highchair": null, "website:menu": null, "brewery": null, "toilets:handwashing": null, "toilets:num_chambers": null, "changing_table": null, "indoor": null, "short_name": null, "access": null, "contact:instagram": null, "contact:whatsapp": null, "addr:floor": null, "internet_access:ssid": null, "food": null, "building": null, "diet:fish": null, "type": null }, "geometry": { "type": "Point", "coordinates": [ 9.1139463, 39.2118712 ] } },
{ "type": "Feature", "properties": { "element": "node", "id": 4059513673, "addr:city": "Cagliari", "addr:street": "Viale Regina Margherita", "amenity": "restaurant", "cuisine": null, "name": "Civico 8", "note": null, "phone": null, "price": null, "addr:postcode": null, "addr:housenumber": "8", "website": null, "email": null, "outdoor_seating": "yes", "check_date": "2023-09-12", "payment:cash": null, "payment:mastercard": null, "payment:visa": null, "payment:visa_debit": null, "wheelchair": null, "addr:place": null, "internet_access": null, "toilets:wheelchair": null, "microbrewery": null, "opening_hours": null, "indoor_seating": "yes", "wheelchair:description": null, "brand": null, "brand:wikidata": null, "brand:wikipedia": null, "contact:mobile": null, "contact:phone": null, "contact:website": null, "diet:vegetarian": null, "facebook": null, "operator": null, "payment:bancomat": null, "reservation": null, "toilets": null, "addr:country": null, "diet:vegan": null, "capacity": null, "source": null, "source_1": null, "delivery": null, "smoking": null, "takeaway": null, "name:signed": null, "seamark:small_craft_facility:category": null, "seamark:type": null, "contact:facebook": null, "fixme": null, "toilets:access": null, "payment:credit_cards": null, "payment:debit_cards": null, "name:it": null, "contact:email": null, "payment:american_express": null, "start_date": null, "name:ru": null, "description": null, "bar": null, "diet:meat": null, "diet:mediterranean": null, "diet:non-vegetarian": null, "diet:seafood": null, "loc_name:pl": null, "payment:contactless": null, "check_date:opening_hours": null, "opening_hours:signed": null, "internet_access:fee": null, "name:pl": null, "diet:local": null, "outdoor_seating:comfort": null, "name:en": null, "air_conditioning": null, "highchair": null, "website:menu": null, "brewery": null, "toilets:handwashing": null, "toilets:num_chambers": null, "changing_table": null, "indoor": null, "short_name": null, "access": null, "contact:instagram": null, "contact:whatsapp": null, "addr:floor": null, "internet_access:ssid": null, "food": null, "building": null, "diet:fish": null, "type": null }, "geometry": { "type": "Point", "coordinates": [ 9.1153529, 39.2127075 ] } },
{ "type": "Feature", "properties": { "element": "node", "id": 4121664990, "addr:city": "Casteddu/Cagliari", "addr:street": "Viale Poetto", "amenity": "restaurant", "cuisine": "mexican", "name": "Insomnia Cafè", "note": null, "phone": null, "price": null, "addr:postcode": null, "addr:housenumber": "170", "website": null, "email": null, "outdoor_seating": null, "check_date": null, "payment:cash": null, "payment:mastercard": null, "payment:visa": null, "payment:visa_debit": null, "wheelchair": "yes", "addr:place": null, "internet_access": null, "toilets:wheelchair": null, "microbrewery": null, "opening_hours": null, "indoor_seating": null, "wheelchair:description": null, "brand": null, "brand:wikidata": null, "brand:wikipedia": null, "contact:mobile": null, "contact:phone": null, "contact:website": null, "diet:vegetarian": null, "facebook": null, "operator": null, "payment:bancomat": null, "reservation": null, "toilets": null, "addr:country": null, "diet:vegan": null, "capacity": null, "source": null, "source_1": null, "delivery": null, "smoking": null, "takeaway": null, "name:signed": null, "seamark:small_craft_facility:category": null, "seamark:type": null, "contact:facebook": null, "fixme": null, "toilets:access": null, "payment:credit_cards": null, "payment:debit_cards": null, "name:it": null, "contact:email": null, "payment:american_express": null, "start_date": null, "name:ru": null, "description": null, "bar": null, "diet:meat": null, "diet:mediterranean": null, "diet:non-vegetarian": null, "diet:seafood": null, "loc_name:pl": null, "payment:contactless": null, "check_date:opening_hours": null, "opening_hours:signed": null, "internet_access:fee": null, "name:pl": null, "diet:local": null, "outdoor_seating:comfort": null, "name:en": null, "air_conditioning": null, "highchair": null, "website:menu": null, "brewery": null, "toilets:handwashing": null, "toilets:num_chambers": null, "changing_table": null, "indoor": null, "short_name": null, "access": null, "contact:instagram": null, "contact:whatsapp": null, "addr:floor": null, "internet_access:ssid": null, "food": null, "building": null, "diet:fish": null, "type": null }, "geometry": { "type": "Point", "coordinates": [ 9.1595563, 39.1979447 ] } },
{ "type": "Feature", "properties": { "element": "node", "id": 4139163083, "addr:city": null, "addr:street": null, "amenity": "restaurant", "cuisine": "italian", "name": "Royal Trattoria Toscana", "note": null, "phone": null, "price": null, "addr:postcode": null, "addr:housenumber": null, "website": null, "email": null, "outdoor_seating": null, "check_date": null, "payment:cash": null, "payment:mastercard": null, "payment:visa": null, "payment:visa_debit": null, "wheelchair": null, "addr:place": null, "internet_access": null, "toilets:wheelchair": null, "microbrewery": null, "opening_hours": null, "indoor_seating": null, "wheelchair:description": null, "brand": null, "brand:wikidata": null, "brand:wikipedia": null, "contact:mobile": null, "contact:phone": null, "contact:website": null, "diet:vegetarian": null, "facebook": null, "operator": null, "payment:bancomat": null, "reservation": null, "toilets": null, "addr:country": null, "diet:vegan": null, "capacity": null, "source": null, "source_1": null, "delivery": null, "smoking": null, "takeaway": null, "name:signed": null, "seamark:small_craft_facility:category": null, "seamark:type": null, "contact:facebook": null, "fixme": null, "toilets:access": null, "payment:credit_cards": null, "payment:debit_cards": null, "name:it": null, "contact:email": null, "payment:american_express": null, "start_date": null, "name:ru": null, "description": null, "bar": null, "diet:meat": null, "diet:mediterranean": null, "diet:non-vegetarian": null, "diet:seafood": null, "loc_name:pl": null, "payment:contactless": null, "check_date:opening_hours": null, "opening_hours:signed": null, "internet_access:fee": null, "name:pl": null, "diet:local": null, "outdoor_seating:comfort": null, "name:en": null, "air_conditioning": null, "highchair": null, "website:menu": null, "brewery": null, "toilets:handwashing": null, "toilets:num_chambers": null, "changing_table": null, "indoor": null, "short_name": null, "access": null, "contact:instagram": null, "contact:whatsapp": null, "addr:floor": null, "internet_access:ssid": null, "food": null, "building": null, "diet:fish": null, "type": null }, "geometry": { "type": "Point", "coordinates": [ 9.1182209, 39.2171571 ] } },
{ "type": "Feature", "properties": { "element": "node", "id": 4228895547, "addr:city": "Cagliari", "addr:street": "Via Is Mirrionis", "amenity": "restaurant", "cuisine": "hot_dog", "name": "Mordi: storie di carne", "note": null, "phone": null, "price": null, "addr:postcode": null, "addr:housenumber": "104", "website": null, "email": null, "outdoor_seating": null, "check_date": null, "payment:cash": null, "payment:mastercard": null, "payment:visa": null, "payment:visa_debit": null, "wheelchair": null, "addr:place": null, "internet_access": null, "toilets:wheelchair": null, "microbrewery": null, "opening_hours": null, "indoor_seating": null, "wheelchair:description": null, "brand": null, "brand:wikidata": null, "brand:wikipedia": null, "contact:mobile": null, "contact:phone": null, "contact:website": null, "diet:vegetarian": null, "facebook": null, "operator": null, "payment:bancomat": null, "reservation": null, "toilets": null, "addr:country": null, "diet:vegan": null, "capacity": null, "source": "Regione Autonoma della Sardegna (www.sardegnageoportale.it)", "source_1": null, "delivery": null, "smoking": null, "takeaway": null, "name:signed": null, "seamark:small_craft_facility:category": null, "seamark:type": null, "contact:facebook": null, "fixme": null, "toilets:access": null, "payment:credit_cards": null, "payment:debit_cards": null, "name:it": null, "contact:email": null, "payment:american_express": null, "start_date": null, "name:ru": null, "description": null, "bar": null, "diet:meat": null, "diet:mediterranean": null, "diet:non-vegetarian": null, "diet:seafood": null, "loc_name:pl": null, "payment:contactless": null, "check_date:opening_hours": null, "opening_hours:signed": null, "internet_access:fee": null, "name:pl": null, "diet:local": null, "outdoor_seating:comfort": null, "name:en": null, "air_conditioning": null, "highchair": null, "website:menu": null, "brewery": null, "toilets:handwashing": null, "toilets:num_chambers": null, "changing_table": null, "indoor": null, "short_name": null, "access": null, "contact:instagram": null, "contact:whatsapp": null, "addr:floor": null, "internet_access:ssid": null, "food": null, "building": null, "diet:fish": null, "type": null }, "geometry": { "type": "Point", "coordinates": [ 9.1048372, 39.2372423 ] } },
{ "type": "Feature", "properties": { "element": "node", "id": 4228895579, "addr:city": "Cagliari", "addr:street": "Via del Seminario", "amenity": "restaurant", "cuisine": null, "name": "Il picolo Drago", "note": null, "phone": null, "price": null, "addr:postcode": null, "addr:housenumber": "10a", "website": null, "email": null, "outdoor_seating": null, "check_date": null, "payment:cash": null, "payment:mastercard": null, "payment:visa": null, "payment:visa_debit": null, "wheelchair": null, "addr:place": null, "internet_access": null, "toilets:wheelchair": null, "microbrewery": null, "opening_hours": null, "indoor_seating": null, "wheelchair:description": null, "brand": null, "brand:wikidata": null, "brand:wikipedia": null, "contact:mobile": null, "contact:phone": null, "contact:website": null, "diet:vegetarian": null, "facebook": null, "operator": null, "payment:bancomat": null, "reservation": null, "toilets": null, "addr:country": null, "diet:vegan": null, "capacity": null, "source": "Regione Autonoma della Sardegna (www.sardegnageoportale.it)", "source_1": null, "delivery": null, "smoking": null, "takeaway": null, "name:signed": null, "seamark:small_craft_facility:category": null, "seamark:type": null, "contact:facebook": null, "fixme": null, "toilets:access": null, "payment:credit_cards": null, "payment:debit_cards": null, "name:it": null, "contact:email": null, "payment:american_express": null, "start_date": null, "name:ru": null, "description": null, "bar": null, "diet:meat": null, "diet:mediterranean": null, "diet:non-vegetarian": null, "diet:seafood": null, "loc_name:pl": null, "payment:contactless": null, "check_date:opening_hours": null, "opening_hours:signed": null, "internet_access:fee": null, "name:pl": null, "diet:local": null, "outdoor_seating:comfort": null, "name:en": null, "air_conditioning": null, "highchair": null, "website:menu": null, "brewery": null, "toilets:handwashing": null, "toilets:num_chambers": null, "changing_table": null, "indoor": null, "short_name": null, "access": null, "contact:instagram": null, "contact:whatsapp": null, "addr:floor": null, "internet_access:ssid": null, "food": null, "building": null, "diet:fish": null, "type": null }, "geometry": { "type": "Point", "coordinates": [ 9.1115839, 39.2363898 ] } },
{ "type": "Feature", "properties": { "element": "node", "id": 4228905898, "addr:city": "Cagliari", "addr:street": "Viale Regina Margherita", "amenity": "restaurant", "cuisine": "barbecue", "name": "PITH Smokehouse", "note": null, "phone": null, "price": null, "addr:postcode": null, "addr:housenumber": "10", "website": null, "email": null, "outdoor_seating": "yes", "check_date": "2023-09-12", "payment:cash": null, "payment:mastercard": null, "payment:visa": null, "payment:visa_debit": null, "wheelchair": null, "addr:place": null, "internet_access": null, "toilets:wheelchair": null, "microbrewery": null, "opening_hours": "Mo-Su 12:00-15:00,19:00-23:00; Fr,Sa 12:00-15:00,19:00-23:30", "indoor_seating": "yes", "wheelchair:description": null, "brand": null, "brand:wikidata": null, "brand:wikipedia": null, "contact:mobile": null, "contact:phone": "+39 070 640 7654", "contact:website": null, "diet:vegetarian": null, "facebook": null, "operator": null, "payment:bancomat": null, "reservation": null, "toilets": null, "addr:country": null, "diet:vegan": null, "capacity": null, "source": "Regione Autonoma della Sardegna (www.sardegnageoportale.it)", "source_1": null, "delivery": null, "smoking": null, "takeaway": null, "name:signed": null, "seamark:small_craft_facility:category": null, "seamark:type": null, "contact:facebook": "https://www.facebook.com/PITHSmokehouse/", "fixme": null, "toilets:access": null, "payment:credit_cards": null, "payment:debit_cards": null, "name:it": null, "contact:email": null, "payment:american_express": null, "start_date": null, "name:ru": null, "description": null, "bar": null, "diet:meat": null, "diet:mediterranean": null, "diet:non-vegetarian": null, "diet:seafood": null, "loc_name:pl": null, "payment:contactless": null, "check_date:opening_hours": null, "opening_hours:signed": null, "internet_access:fee": null, "name:pl": null, "diet:local": null, "outdoor_seating:comfort": null, "name:en": null, "air_conditioning": null, "highchair": null, "website:menu": null, "brewery": null, "toilets:handwashing": null, "toilets:num_chambers": null, "changing_table": null, "indoor": null, "short_name": null, "access": null, "contact:instagram": null, "contact:whatsapp": null, "addr:floor": null, "internet_access:ssid": null, "food": null, "building": null, "diet:fish": null, "type": null }, "geometry": { "type": "Point", "coordinates": [ 9.115382, 39.21275 ] } },
{ "type": "Feature", "properties": { "element": "node", "id": 4228923351, "addr:city": "Cagliari", "addr:street": "Corso Vittorio Emanuele Secondo", "amenity": "restaurant", "cuisine": "ramen", "name": "Tao Ramen Bar", "note": null, "phone": null, "price": null, "addr:postcode": null, "addr:housenumber": "106", "website": null, "email": null, "outdoor_seating": null, "check_date": null, "payment:cash": null, "payment:mastercard": null, "payment:visa": null, "payment:visa_debit": null, "wheelchair": null, "addr:place": null, "internet_access": null, "toilets:wheelchair": null, "microbrewery": null, "opening_hours": null, "indoor_seating": null, "wheelchair:description": null, "brand": null, "brand:wikidata": null, "brand:wikipedia": null, "contact:mobile": null, "contact:phone": null, "contact:website": null, "diet:vegetarian": null, "facebook": null, "operator": null, "payment:bancomat": null, "reservation": null, "toilets": null, "addr:country": null, "diet:vegan": null, "capacity": null, "source": null, "source_1": null, "delivery": null, "smoking": null, "takeaway": null, "name:signed": null, "seamark:small_craft_facility:category": null, "seamark:type": null, "contact:facebook": null, "fixme": "add bar tag in ID", "toilets:access": null, "payment:credit_cards": null, "payment:debit_cards": null, "name:it": null, "contact:email": null, "payment:american_express": null, "start_date": null, "name:ru": null, "description": null, "bar": null, "diet:meat": null, "diet:mediterranean": null, "diet:non-vegetarian": null, "diet:seafood": null, "loc_name:pl": null, "payment:contactless": null, "check_date:opening_hours": null, "opening_hours:signed": null, "internet_access:fee": null, "name:pl": null, "diet:local": null, "outdoor_seating:comfort": null, "name:en": null, "air_conditioning": null, "highchair": null, "website:menu": null, "brewery": null, "toilets:handwashing": null, "toilets:num_chambers": null, "changing_table": null, "indoor": null, "short_name": null, "access": null, "contact:instagram": null, "contact:whatsapp": null, "addr:floor": null, "internet_access:ssid": null, "food": null, "building": null, "diet:fish": null, "type": null }, "geometry": { "type": "Point", "coordinates": [ 9.1108199, 39.2182347 ] } },
{ "type": "Feature", "properties": { "element": "node", "id": 4228932505, "addr:city": "Cagliari", "addr:street": "Via Santa Gilla", "amenity": "restaurant", "cuisine": "seafood", "name": "La Balena", "note": null, "phone": "+39 070 288415", "price": null, "addr:postcode": null, "addr:housenumber": "123", "website": "https://www.facebook.com/La-Balena-165034936843731/", "email": null, "outdoor_seating": null, "check_date": null, "payment:cash": null, "payment:mastercard": null, "payment:visa": null, "payment:visa_debit": null, "wheelchair": "yes", "addr:place": null, "internet_access": null, "toilets:wheelchair": "yes", "microbrewery": null, "opening_hours": null, "indoor_seating": null, "wheelchair:description": null, "brand": null, "brand:wikidata": null, "brand:wikipedia": null, "contact:mobile": null, "contact:phone": null, "contact:website": null, "diet:vegetarian": null, "facebook": null, "operator": null, "payment:bancomat": null, "reservation": null, "toilets": "yes", "addr:country": null, "diet:vegan": null, "capacity": null, "source": "Regione Autonoma della Sardegna (www.sardegnageoportale.it)", "source_1": null, "delivery": null, "smoking": null, "takeaway": null, "name:signed": null, "seamark:small_craft_facility:category": null, "seamark:type": null, "contact:facebook": null, "fixme": null, "toilets:access": "customers", "payment:credit_cards": null, "payment:debit_cards": null, "name:it": null, "contact:email": null, "payment:american_express": null, "start_date": null, "name:ru": null, "description": null, "bar": null, "diet:meat": null, "diet:mediterranean": null, "diet:non-vegetarian": null, "diet:seafood": null, "loc_name:pl": null, "payment:contactless": null, "check_date:opening_hours": null, "opening_hours:signed": null, "internet_access:fee": null, "name:pl": null, "diet:local": null, "outdoor_seating:comfort": null, "name:en": null, "air_conditioning": null, "highchair": null, "website:menu": null, "brewery": null, "toilets:handwashing": null, "toilets:num_chambers": null, "changing_table": null, "indoor": null, "short_name": null, "access": null, "contact:instagram": null, "contact:whatsapp": null, "addr:floor": null, "internet_access:ssid": null, "food": null, "building": null, "diet:fish": null, "type": null }, "geometry": { "type": "Point", "coordinates": [ 9.0945547, 39.2312824 ] } },
{ "type": "Feature", "properties": { "element": "node", "id": 4228935802, "addr:city": "Cagliari", "addr:street": "Via 29 Novembre 1847", "amenity": "restaurant", "cuisine": "burger;american", "name": "Shout american diner", "note": null, "phone": "+39 070 733 5997", "price": null, "addr:postcode": null, "addr:housenumber": "12", "website": "https://shoutamericandiner.business.site/?m=true", "email": null, "outdoor_seating": null, "check_date": null, "payment:cash": null, "payment:mastercard": null, "payment:visa": null, "payment:visa_debit": null, "wheelchair": null, "addr:place": null, "internet_access": null, "toilets:wheelchair": null, "microbrewery": null, "opening_hours": null, "indoor_seating": null, "wheelchair:description": null, "brand": null, "brand:wikidata": null, "brand:wikipedia": null, "contact:mobile": null, "contact:phone": null, "contact:website": null, "diet:vegetarian": null, "facebook": null, "operator": null, "payment:bancomat": null, "reservation": null, "toilets": null, "addr:country": null, "diet:vegan": null, "capacity": null, "source": "Regione Autonoma della Sardegna (www.sardegnageoportale.it);survey", "source_1": null, "delivery": null, "smoking": null, "takeaway": null, "name:signed": null, "seamark:small_craft_facility:category": null, "seamark:type": null, "contact:facebook": null, "fixme": null, "toilets:access": null, "payment:credit_cards": null, "payment:debit_cards": null, "name:it": null, "contact:email": null, "payment:american_express": null, "start_date": null, "name:ru": null, "description": null, "bar": null, "diet:meat": null, "diet:mediterranean": null, "diet:non-vegetarian": null, "diet:seafood": null, "loc_name:pl": null, "payment:contactless": null, "check_date:opening_hours": null, "opening_hours:signed": null, "internet_access:fee": null, "name:pl": null, "diet:local": null, "outdoor_seating:comfort": null, "name:en": null, "air_conditioning": null, "highchair": null, "website:menu": null, "brewery": null, "toilets:handwashing": null, "toilets:num_chambers": null, "changing_table": null, "indoor": null, "short_name": null, "access": null, "contact:instagram": null, "contact:whatsapp": null, "addr:floor": null, "internet_access:ssid": null, "food": null, "building": null, "diet:fish": null, "type": null }, "geometry": { "type": "Point", "coordinates": [ 9.1063075, 39.2189741 ] } },
{ "type": "Feature", "properties": { "element": "node", "id": 4228937640, "addr:city": "Cagliari", "addr:street": "Viale Trento", "amenity": "restaurant", "cuisine": "pizza", "name": "Re Artù", "note": null, "phone": null, "price": null, "addr:postcode": null, "addr:housenumber": "110", "website": "070 73 31 917", "email": null, "outdoor_seating": null, "check_date": null, "payment:cash": null, "payment:mastercard": null, "payment:visa": null, "payment:visa_debit": null, "wheelchair": null, "addr:place": null, "internet_access": null, "toilets:wheelchair": null, "microbrewery": null, "opening_hours": null, "indoor_seating": null, "wheelchair:description": null, "brand": null, "brand:wikidata": null, "brand:wikipedia": null, "contact:mobile": null, "contact:phone": null, "contact:website": null, "diet:vegetarian": null, "facebook": null, "operator": null, "payment:bancomat": null, "reservation": null, "toilets": null, "addr:country": null, "diet:vegan": null, "capacity": null, "source": "Regione Autonoma della Sardegna (www.sardegnageoportale.it)", "source_1": null, "delivery": null, "smoking": null, "takeaway": null, "name:signed": null, "seamark:small_craft_facility:category": null, "seamark:type": null, "contact:facebook": null, "fixme": null, "toilets:access": null, "payment:credit_cards": null, "payment:debit_cards": null, "name:it": null, "contact:email": null, "payment:american_express": null, "start_date": null, "name:ru": null, "description": null, "bar": null, "diet:meat": null, "diet:mediterranean": null, "diet:non-vegetarian": null, "diet:seafood": null, "loc_name:pl": null, "payment:contactless": null, "check_date:opening_hours": null, "opening_hours:signed": null, "internet_access:fee": null, "name:pl": null, "diet:local": null, "outdoor_seating:comfort": null, "name:en": null, "air_conditioning": null, "highchair": null, "website:menu": null, "brewery": null, "toilets:handwashing": null, "toilets:num_chambers": null, "changing_table": null, "indoor": null, "short_name": null, "access": null, "contact:instagram": null, "contact:whatsapp": null, "addr:floor": null, "internet_access:ssid": null, "food": null, "building": null, "diet:fish": null, "type": null }, "geometry": { "type": "Point", "coordinates": [ 9.1016758, 39.2254037 ] } },
{ "type": "Feature", "properties": { "element": "node", "id": 4228972832, "addr:city": "Cagliari", "addr:street": "Via Iglesias", "amenity": "restaurant", "cuisine": "kebab", "name": "Inshalla  Kebabberia", "note": null, "phone": null, "price": null, "addr:postcode": null, "addr:housenumber": "13", "website": null, "email": null, "outdoor_seating": "no", "check_date": null, "payment:cash": null, "payment:mastercard": null, "payment:visa": null, "payment:visa_debit": null, "wheelchair": "no", "addr:place": null, "internet_access": null, "toilets:wheelchair": null, "microbrewery": null, "opening_hours": null, "indoor_seating": "yes", "wheelchair:description": null, "brand": null, "brand:wikidata": null, "brand:wikipedia": null, "contact:mobile": null, "contact:phone": null, "contact:website": null, "diet:vegetarian": null, "facebook": null, "operator": null, "payment:bancomat": null, "reservation": null, "toilets": null, "addr:country": null, "diet:vegan": null, "capacity": null, "source": "survey", "source_1": null, "delivery": null, "smoking": null, "takeaway": null, "name:signed": null, "seamark:small_craft_facility:category": null, "seamark:type": null, "contact:facebook": null, "fixme": null, "toilets:access": null, "payment:credit_cards": "yes", "payment:debit_cards": "yes", "name:it": null, "contact:email": null, "payment:american_express": null, "start_date": null, "name:ru": null, "description": null, "bar": null, "diet:meat": null, "diet:mediterranean": null, "diet:non-vegetarian": null, "diet:seafood": null, "loc_name:pl": null, "payment:contactless": null, "check_date:opening_hours": null, "opening_hours:signed": null, "internet_access:fee": null, "name:pl": null, "diet:local": null, "outdoor_seating:comfort": null, "name:en": null, "air_conditioning": null, "highchair": null, "website:menu": null, "brewery": null, "toilets:handwashing": null, "toilets:num_chambers": null, "changing_table": null, "indoor": null, "short_name": null, "access": null, "contact:instagram": null, "contact:whatsapp": null, "addr:floor": null, "internet_access:ssid": null, "food": null, "building": null, "diet:fish": null, "type": null }, "geometry": { "type": "Point", "coordinates": [ 9.1187471, 39.2158332 ] } },
{ "type": "Feature", "properties": { "element": "node", "id": 4228977913, "addr:city": "Cagliari", "addr:street": "Via Enrico Gianturco", "amenity": "restaurant", "cuisine": "japanese", "name": "Bentō", "note": null, "phone": null, "price": null, "addr:postcode": null, "addr:housenumber": "14", "website": null, "email": null, "outdoor_seating": null, "check_date": null, "payment:cash": null, "payment:mastercard": null, "payment:visa": null, "payment:visa_debit": null, "wheelchair": null, "addr:place": null, "internet_access": null, "toilets:wheelchair": null, "microbrewery": null, "opening_hours": null, "indoor_seating": null, "wheelchair:description": null, "brand": null, "brand:wikidata": null, "brand:wikipedia": null, "contact:mobile": null, "contact:phone": null, "contact:website": null, "diet:vegetarian": null, "facebook": null, "operator": null, "payment:bancomat": null, "reservation": null, "toilets": null, "addr:country": null, "diet:vegan": null, "capacity": null, "source": "Regione Autonoma della Sardegna (www.sardegnageoportale.it)", "source_1": null, "delivery": null, "smoking": null, "takeaway": "yes", "name:signed": null, "seamark:small_craft_facility:category": null, "seamark:type": null, "contact:facebook": null, "fixme": null, "toilets:access": null, "payment:credit_cards": null, "payment:debit_cards": null, "name:it": null, "contact:email": null, "payment:american_express": null, "start_date": null, "name:ru": null, "description": null, "bar": null, "diet:meat": null, "diet:mediterranean": null, "diet:non-vegetarian": null, "diet:seafood": null, "loc_name:pl": null, "payment:contactless": null, "check_date:opening_hours": null, "opening_hours:signed": null, "internet_access:fee": null, "name:pl": null, "diet:local": null, "outdoor_seating:comfort": null, "name:en": null, "air_conditioning": null, "highchair": null, "website:menu": null, "brewery": null, "toilets:handwashing": null, "toilets:num_chambers": null, "changing_table": null, "indoor": null, "short_name": null, "access": null, "contact:instagram": null, "contact:whatsapp": null, "addr:floor": null, "internet_access:ssid": null, "food": null, "building": null, "diet:fish": null, "type": null }, "geometry": { "type": "Point", "coordinates": [ 9.1266185, 39.2151342 ] } },
{ "type": "Feature", "properties": { "element": "node", "id": 4228981993, "addr:city": "Cagliari", "addr:street": "Viale Regina Margherita", "amenity": "restaurant", "cuisine": "italian", "name": "Next Food Lounge", "note": null, "phone": null, "price": null, "addr:postcode": null, "addr:housenumber": "14", "website": null, "email": null, "outdoor_seating": null, "check_date": null, "payment:cash": "yes", "payment:mastercard": "yes", "payment:visa": "yes", "payment:visa_debit": null, "wheelchair": null, "addr:place": null, "internet_access": null, "toilets:wheelchair": null, "microbrewery": null, "opening_hours": "Mo-Sa 12:00-15:00,16:00-23:00", "indoor_seating": null, "wheelchair:description": null, "brand": null, "brand:wikidata": null, "brand:wikipedia": null, "contact:mobile": null, "contact:phone": "+39 070 654 464", "contact:website": null, "diet:vegetarian": null, "facebook": null, "operator": null, "payment:bancomat": null, "reservation": null, "toilets": null, "addr:country": null, "diet:vegan": null, "capacity": null, "source": "Regione Autonoma della Sardegna (www.sardegnageoportale.it)", "source_1": null, "delivery": null, "smoking": null, "takeaway": null, "name:signed": null, "seamark:small_craft_facility:category": null, "seamark:type": null, "contact:facebook": "https://www.facebook.com/nextfoodandlounge/", "fixme": null, "toilets:access": null, "payment:credit_cards": null, "payment:debit_cards": null, "name:it": null, "contact:email": null, "payment:american_express": null, "start_date": null, "name:ru": null, "description": null, "bar": null, "diet:meat": null, "diet:mediterranean": null, "diet:non-vegetarian": null, "diet:seafood": null, "loc_name:pl": null, "payment:contactless": null, "check_date:opening_hours": null, "opening_hours:signed": null, "internet_access:fee": null, "name:pl": null, "diet:local": null, "outdoor_seating:comfort": null, "name:en": null, "air_conditioning": null, "highchair": null, "website:menu": null, "brewery": null, "toilets:handwashing": null, "toilets:num_chambers": null, "changing_table": null, "indoor": null, "short_name": null, "access": null, "contact:instagram": null, "contact:whatsapp": null, "addr:floor": null, "internet_access:ssid": null, "food": null, "building": null, "diet:fish": null, "type": null }, "geometry": { "type": "Point", "coordinates": [ 9.115524, 39.2129072 ] } },
{ "type": "Feature", "properties": { "element": "node", "id": 4229024417, "addr:city": "Cagliari", "addr:street": "Via Santa Croce", "amenity": "restaurant", "cuisine": null, "name": "Osteria Su Tzilleri 'e su Doge", "note": null, "phone": null, "price": null, "addr:postcode": null, "addr:housenumber": "17", "website": null, "email": null, "outdoor_seating": null, "check_date": null, "payment:cash": null, "payment:mastercard": null, "payment:visa": null, "payment:visa_debit": null, "wheelchair": null, "addr:place": null, "internet_access": null, "toilets:wheelchair": null, "microbrewery": null, "opening_hours": null, "indoor_seating": null, "wheelchair:description": null, "brand": null, "brand:wikidata": null, "brand:wikipedia": null, "contact:mobile": null, "contact:phone": null, "contact:website": null, "diet:vegetarian": null, "facebook": null, "operator": null, "payment:bancomat": null, "reservation": null, "toilets": null, "addr:country": null, "diet:vegan": null, "capacity": null, "source": "Regione Autonoma della Sardegna (www.sardegnageoportale.it)", "source_1": null, "delivery": null, "smoking": null, "takeaway": null, "name:signed": null, "seamark:small_craft_facility:category": null, "seamark:type": null, "contact:facebook": null, "fixme": null, "toilets:access": null, "payment:credit_cards": null, "payment:debit_cards": null, "name:it": "Osteria Su Tzilleri 'e su Doge di Claudio Ara", "contact:email": null, "payment:american_express": null, "start_date": null, "name:ru": null, "description": null, "bar": null, "diet:meat": null, "diet:mediterranean": null, "diet:non-vegetarian": null, "diet:seafood": null, "loc_name:pl": null, "payment:contactless": null, "check_date:opening_hours": null, "opening_hours:signed": null, "internet_access:fee": null, "name:pl": null, "diet:local": null, "outdoor_seating:comfort": null, "name:en": null, "air_conditioning": null, "highchair": null, "website:menu": null, "brewery": null, "toilets:handwashing": null, "toilets:num_chambers": null, "changing_table": null, "indoor": null, "short_name": null, "access": null, "contact:instagram": null, "contact:whatsapp": null, "addr:floor": null, "internet_access:ssid": null, "food": null, "building": null, "diet:fish": null, "type": null }, "geometry": { "type": "Point", "coordinates": [ 9.1151423, 39.2184033 ] } },
{ "type": "Feature", "properties": { "element": "node", "id": 4229028794, "addr:city": "Cagliari", "addr:street": "Via Dante Alighieri", "amenity": "restaurant", "cuisine": "kebab", "name": null, "note": null, "phone": null, "price": null, "addr:postcode": null, "addr:housenumber": "176", "website": null, "email": null, "outdoor_seating": null, "check_date": null, "payment:cash": null, "payment:mastercard": null, "payment:visa": null, "payment:visa_debit": null, "wheelchair": null, "addr:place": null, "internet_access": null, "toilets:wheelchair": null, "microbrewery": null, "opening_hours": null, "indoor_seating": null, "wheelchair:description": null, "brand": null, "brand:wikidata": null, "brand:wikipedia": null, "contact:mobile": null, "contact:phone": null, "contact:website": null, "diet:vegetarian": null, "facebook": null, "operator": null, "payment:bancomat": null, "reservation": null, "toilets": null, "addr:country": null, "diet:vegan": null, "capacity": null, "source": "Regione Autonoma della Sardegna (www.sardegnageoportale.it)", "source_1": null, "delivery": null, "smoking": null, "takeaway": null, "name:signed": null, "seamark:small_craft_facility:category": null, "seamark:type": null, "contact:facebook": null, "fixme": null, "toilets:access": null, "payment:credit_cards": null, "payment:debit_cards": null, "name:it": null, "contact:email": null, "payment:american_express": null, "start_date": null, "name:ru": null, "description": null, "bar": null, "diet:meat": null, "diet:mediterranean": null, "diet:non-vegetarian": null, "diet:seafood": null, "loc_name:pl": null, "payment:contactless": null, "check_date:opening_hours": null, "opening_hours:signed": null, "internet_access:fee": null, "name:pl": null, "diet:local": null, "outdoor_seating:comfort": null, "name:en": null, "air_conditioning": null, "highchair": null, "website:menu": null, "brewery": null, "toilets:handwashing": null, "toilets:num_chambers": null, "changing_table": null, "indoor": null, "short_name": null, "access": null, "contact:instagram": null, "contact:whatsapp": null, "addr:floor": null, "internet_access:ssid": null, "food": null, "building": null, "diet:fish": null, "type": null }, "geometry": { "type": "Point", "coordinates": [ 9.1250096, 39.2239315 ] } },
{ "type": "Feature", "properties": { "element": "node", "id": 4229032904, "addr:city": "Cagliari", "addr:street": "Viale Regina Margherita", "amenity": "restaurant", "cuisine": null, "name": "Luigi Pomata", "note": null, "phone": null, "price": null, "addr:postcode": null, "addr:housenumber": "18", "website": null, "email": null, "outdoor_seating": null, "check_date": null, "payment:cash": null, "payment:mastercard": null, "payment:visa": null, "payment:visa_debit": null, "wheelchair": null, "addr:place": null, "internet_access": null, "toilets:wheelchair": null, "microbrewery": null, "opening_hours": "Mo-Sa 13:00-15:00,20:00-23:15", "indoor_seating": null, "wheelchair:description": null, "brand": null, "brand:wikidata": null, "brand:wikipedia": null, "contact:mobile": null, "contact:phone": "+39 070 672 058", "contact:website": "http://www.luigipomata.com", "diet:vegetarian": null, "facebook": null, "operator": null, "payment:bancomat": null, "reservation": null, "toilets": null, "addr:country": null, "diet:vegan": null, "capacity": null, "source": "Regione Autonoma della Sardegna (www.sardegnageoportale.it)", "source_1": null, "delivery": null, "smoking": null, "takeaway": null, "name:signed": null, "seamark:small_craft_facility:category": null, "seamark:type": null, "contact:facebook": null, "fixme": null, "toilets:access": null, "payment:credit_cards": null, "payment:debit_cards": null, "name:it": null, "contact:email": "info@luigipomata.com", "payment:american_express": null, "start_date": null, "name:ru": null, "description": null, "bar": null, "diet:meat": null, "diet:mediterranean": null, "diet:non-vegetarian": null, "diet:seafood": null, "loc_name:pl": null, "payment:contactless": null, "check_date:opening_hours": null, "opening_hours:signed": null, "internet_access:fee": null, "name:pl": null, "diet:local": null, "outdoor_seating:comfort": null, "name:en": null, "air_conditioning": null, "highchair": null, "website:menu": null, "brewery": null, "toilets:handwashing": null, "toilets:num_chambers": null, "changing_table": null, "indoor": null, "short_name": null, "access": null, "contact:instagram": null, "contact:whatsapp": null, "addr:floor": null, "internet_access:ssid": null, "food": null, "building": null, "diet:fish": null, "type": null }, "geometry": { "type": "Point", "coordinates": [ 9.1156008, 39.2130102 ] } },
{ "type": "Feature", "properties": { "element": "node", "id": 4229034558, "addr:city": "Cagliari", "addr:street": "Via Timavo", "amenity": "restaurant", "cuisine": "pizza", "name": "La boutique della Pizza", "note": null, "phone": null, "price": null, "addr:postcode": null, "addr:housenumber": "19", "website": null, "email": null, "outdoor_seating": null, "check_date": null, "payment:cash": null, "payment:mastercard": null, "payment:visa": null, "payment:visa_debit": null, "wheelchair": null, "addr:place": null, "internet_access": null, "toilets:wheelchair": null, "microbrewery": null, "opening_hours": null, "indoor_seating": null, "wheelchair:description": null, "brand": null, "brand:wikidata": null, "brand:wikipedia": null, "contact:mobile": null, "contact:phone": null, "contact:website": null, "diet:vegetarian": null, "facebook": null, "operator": null, "payment:bancomat": null, "reservation": null, "toilets": null, "addr:country": null, "diet:vegan": null, "capacity": null, "source": "Regione Autonoma della Sardegna (www.sardegnageoportale.it)", "source_1": null, "delivery": null, "smoking": null, "takeaway": null, "name:signed": null, "seamark:small_craft_facility:category": null, "seamark:type": null, "contact:facebook": null, "fixme": null, "toilets:access": null, "payment:credit_cards": null, "payment:debit_cards": null, "name:it": null, "contact:email": null, "payment:american_express": null, "start_date": null, "name:ru": null, "description": null, "bar": null, "diet:meat": null, "diet:mediterranean": null, "diet:non-vegetarian": null, "diet:seafood": null, "loc_name:pl": null, "payment:contactless": null, "check_date:opening_hours": null, "opening_hours:signed": null, "internet_access:fee": null, "name:pl": null, "diet:local": null, "outdoor_seating:comfort": null, "name:en": null, "air_conditioning": null, "highchair": null, "website:menu": null, "brewery": null, "toilets:handwashing": null, "toilets:num_chambers": null, "changing_table": null, "indoor": null, "short_name": null, "access": null, "contact:instagram": null, "contact:whatsapp": null, "addr:floor": null, "internet_access:ssid": null, "food": null, "building": null, "diet:fish": null, "type": null }, "geometry": { "type": "Point", "coordinates": [ 9.1042375, 39.2349971 ] } },
{ "type": "Feature", "properties": { "element": "node", "id": 4229048109, "addr:city": "Cagliari", "addr:street": "Via Costituzione", "amenity": "restaurant", "cuisine": "regional;sardinian;pizza", "name": "Pizzeria Ristorante Sa Tracca", "note": null, "phone": "+39 070 658027", "price": null, "addr:postcode": null, "addr:housenumber": "20", "website": null, "email": null, "outdoor_seating": null, "check_date": null, "payment:cash": null, "payment:mastercard": null, "payment:visa": null, "payment:visa_debit": null, "wheelchair": "limited", "addr:place": null, "internet_access": null, "toilets:wheelchair": null, "microbrewery": null, "opening_hours": "Tu-Fr 12:30-15:00,20:00-23:30; Sa,Su 20:00-23:30", "indoor_seating": null, "wheelchair:description": null, "brand": null, "brand:wikidata": null, "brand:wikipedia": null, "contact:mobile": null, "contact:phone": null, "contact:website": null, "diet:vegetarian": null, "facebook": "https://www.facebook.com/Pizzeria-SA-TRACCA-165812735195/", "operator": null, "payment:bancomat": null, "reservation": null, "toilets": null, "addr:country": null, "diet:vegan": null, "capacity": null, "source": "Regione Autonoma della Sardegna (www.sardegnageoportale.it)", "source_1": null, "delivery": null, "smoking": null, "takeaway": "yes", "name:signed": null, "seamark:small_craft_facility:category": null, "seamark:type": null, "contact:facebook": null, "fixme": null, "toilets:access": null, "payment:credit_cards": null, "payment:debit_cards": null, "name:it": null, "contact:email": null, "payment:american_express": null, "start_date": null, "name:ru": null, "description": null, "bar": null, "diet:meat": null, "diet:mediterranean": null, "diet:non-vegetarian": null, "diet:seafood": null, "loc_name:pl": null, "payment:contactless": null, "check_date:opening_hours": null, "opening_hours:signed": null, "internet_access:fee": null, "name:pl": null, "diet:local": null, "outdoor_seating:comfort": null, "name:en": null, "air_conditioning": null, "highchair": null, "website:menu": null, "brewery": null, "toilets:handwashing": null, "toilets:num_chambers": null, "changing_table": null, "indoor": null, "short_name": null, "access": null, "contact:instagram": null, "contact:whatsapp": null, "addr:floor": null, "internet_access:ssid": null, "food": null, "building": null, "diet:fish": null, "type": null }, "geometry": { "type": "Point", "coordinates": [ 9.1177661, 39.215202 ] } },
{ "type": "Feature", "properties": { "element": "node", "id": 4229071019, "addr:city": "Cagliari", "addr:street": "Corso Vittorio Emanuele II", "amenity": "restaurant", "cuisine": null, "name": "ZioTom", "note": null, "phone": null, "price": null, "addr:postcode": "09124", "addr:housenumber": "219", "website": "http://ziotompasta.com", "email": null, "outdoor_seating": "yes", "check_date": null, "payment:cash": null, "payment:mastercard": null, "payment:visa": null, "payment:visa_debit": null, "wheelchair": null, "addr:place": null, "internet_access": null, "toilets:wheelchair": null, "microbrewery": null, "opening_hours": "Mo-Tu, Th 12:00-15:00, 19:00-22:30; Fr-Sa 12:00-15:00, 19:00-23:30; Su 12:00-15:00", "indoor_seating": "yes", "wheelchair:description": null, "brand": null, "brand:wikidata": null, "brand:wikipedia": null, "contact:mobile": null, "contact:phone": null, "contact:website": null, "diet:vegetarian": null, "facebook": null, "operator": null, "payment:bancomat": null, "reservation": null, "toilets": null, "addr:country": null, "diet:vegan": null, "capacity": null, "source": "Regione Autonoma della Sardegna (www.sardegnageoportale.it)", "source_1": null, "delivery": null, "smoking": null, "takeaway": null, "name:signed": null, "seamark:small_craft_facility:category": null, "seamark:type": null, "contact:facebook": null, "fixme": null, "toilets:access": null, "payment:credit_cards": null, "payment:debit_cards": null, "name:it": null, "contact:email": null, "payment:american_express": null, "start_date": null, "name:ru": null, "description": null, "bar": null, "diet:meat": null, "diet:mediterranean": null, "diet:non-vegetarian": null, "diet:seafood": null, "loc_name:pl": null, "payment:contactless": null, "check_date:opening_hours": null, "opening_hours:signed": null, "internet_access:fee": null, "name:pl": null, "diet:local": null, "outdoor_seating:comfort": null, "name:en": null, "air_conditioning": null, "highchair": null, "website:menu": null, "brewery": null, "toilets:handwashing": null, "toilets:num_chambers": null, "changing_table": null, "indoor": null, "short_name": null, "access": null, "contact:instagram": null, "contact:whatsapp": null, "addr:floor": null, "internet_access:ssid": null, "food": null, "building": null, "diet:fish": null, "type": null }, "geometry": { "type": "Point", "coordinates": [ 9.1094588, 39.219356 ] } },
{ "type": "Feature", "properties": { "element": "node", "id": 4229074583, "addr:city": "Cagliari", "addr:street": "Via Salvatore Farina", "amenity": "restaurant", "cuisine": "italian", "name": "Zupposofia", "note": "Lunedì (solo a cena) al Sabato", "phone": "+39 380 2634150", "price": null, "addr:postcode": "09127", "addr:housenumber": "22", "website": "http://www.zupposofia.it/", "email": null, "outdoor_seating": "no", "check_date": null, "payment:cash": null, "payment:mastercard": null, "payment:visa": null, "payment:visa_debit": null, "wheelchair": null, "addr:place": null, "internet_access": null, "toilets:wheelchair": null, "microbrewery": null, "opening_hours": null, "indoor_seating": "yes", "wheelchair:description": null, "brand": null, "brand:wikidata": null, "brand:wikipedia": null, "contact:mobile": null, "contact:phone": null, "contact:website": null, "diet:vegetarian": null, "facebook": null, "operator": null, "payment:bancomat": null, "reservation": null, "toilets": null, "addr:country": null, "diet:vegan": null, "capacity": "20", "source": "Regione Autonoma della Sardegna (www.sardegnageoportale.it)", "source_1": null, "delivery": null, "smoking": null, "takeaway": "yes", "name:signed": null, "seamark:small_craft_facility:category": null, "seamark:type": null, "contact:facebook": null, "fixme": null, "toilets:access": null, "payment:credit_cards": null, "payment:debit_cards": null, "name:it": null, "contact:email": null, "payment:american_express": null, "start_date": null, "name:ru": null, "description": null, "bar": null, "diet:meat": null, "diet:mediterranean": null, "diet:non-vegetarian": null, "diet:seafood": null, "loc_name:pl": null, "payment:contactless": null, "check_date:opening_hours": null, "opening_hours:signed": null, "internet_access:fee": null, "name:pl": null, "diet:local": null, "outdoor_seating:comfort": null, "name:en": null, "air_conditioning": null, "highchair": null, "website:menu": null, "brewery": null, "toilets:handwashing": null, "toilets:num_chambers": null, "changing_table": null, "indoor": null, "short_name": null, "access": null, "contact:instagram": null, "contact:whatsapp": null, "addr:floor": null, "internet_access:ssid": null, "food": null, "building": null, "diet:fish": null, "type": null }, "geometry": { "type": "Point", "coordinates": [ 9.122657, 39.2188099 ] } },
{ "type": "Feature", "properties": { "element": "node", "id": 4229075825, "addr:city": "Cagliari", "addr:street": "Viale Regina Margherita", "amenity": "restaurant", "cuisine": "italian", "name": "Dal Corsaro", "note": "Due ristoranti in sale separate, all'interno del medeismo locale", "phone": null, "price": null, "addr:postcode": null, "addr:housenumber": "28", "website": null, "email": null, "outdoor_seating": null, "check_date": null, "payment:cash": "yes", "payment:mastercard": "yes", "payment:visa": "yes", "payment:visa_debit": null, "wheelchair": null, "addr:place": null, "internet_access": null, "toilets:wheelchair": null, "microbrewery": null, "opening_hours": "Tu-Su 19:45-23:15", "indoor_seating": null, "wheelchair:description": null, "brand": null, "brand:wikidata": null, "brand:wikipedia": null, "contact:mobile": null, "contact:phone": "+39 070 664318", "contact:website": "https://www.stefanodeidda.it", "diet:vegetarian": null, "facebook": null, "operator": null, "payment:bancomat": null, "reservation": null, "toilets": null, "addr:country": null, "diet:vegan": null, "capacity": null, "source": "Regione Autonoma della Sardegna (www.sardegnageoportale.it)", "source_1": null, "delivery": null, "smoking": null, "takeaway": null, "name:signed": null, "seamark:small_craft_facility:category": null, "seamark:type": null, "contact:facebook": "https://www.facebook.com/Ristorante-Dal-Corsaro-297630203614168/", "fixme": null, "toilets:access": null, "payment:credit_cards": null, "payment:debit_cards": null, "name:it": null, "contact:email": "dalcorsaro@tiscali.it", "payment:american_express": "yes", "start_date": "2011-12-27", "name:ru": null, "description": null, "bar": null, "diet:meat": null, "diet:mediterranean": null, "diet:non-vegetarian": null, "diet:seafood": null, "loc_name:pl": null, "payment:contactless": null, "check_date:opening_hours": null, "opening_hours:signed": null, "internet_access:fee": null, "name:pl": null, "diet:local": null, "outdoor_seating:comfort": null, "name:en": null, "air_conditioning": null, "highchair": null, "website:menu": null, "brewery": null, "toilets:handwashing": null, "toilets:num_chambers": null, "changing_table": null, "indoor": null, "short_name": null, "access": null, "contact:instagram": null, "contact:whatsapp": null, "addr:floor": null, "internet_access:ssid": null, "food": null, "building": null, "diet:fish": null, "type": null }, "geometry": { "type": "Point", "coordinates": [ 9.1159145, 39.2134223 ] } },
{ "type": "Feature", "properties": { "element": "node", "id": 4229079624, "addr:city": "Cagliari", "addr:street": "Viale Regina Margherita", "amenity": "restaurant", "cuisine": "italian;fish", "name": "La Pirata", "note": null, "phone": null, "price": null, "addr:postcode": null, "addr:housenumber": "22", "website": null, "email": null, "outdoor_seating": null, "check_date": null, "payment:cash": null, "payment:mastercard": null, "payment:visa": null, "payment:visa_debit": null, "wheelchair": null, "addr:place": null, "internet_access": null, "toilets:wheelchair": null, "microbrewery": null, "opening_hours": null, "indoor_seating": null, "wheelchair:description": null, "brand": null, "brand:wikidata": null, "brand:wikipedia": null, "contact:mobile": null, "contact:phone": "+39 070 658474", "contact:website": null, "diet:vegetarian": null, "facebook": null, "operator": null, "payment:bancomat": null, "reservation": null, "toilets": null, "addr:country": null, "diet:vegan": null, "capacity": null, "source": "Regione Autonoma della Sardegna (www.sardegnageoportale.it)", "source_1": null, "delivery": null, "smoking": null, "takeaway": null, "name:signed": null, "seamark:small_craft_facility:category": null, "seamark:type": null, "contact:facebook": "https://www.facebook.com/La-Pirata-829234357204025/", "fixme": null, "toilets:access": null, "payment:credit_cards": null, "payment:debit_cards": null, "name:it": null, "contact:email": "lapiratacagliari@gmail.com", "payment:american_express": null, "start_date": null, "name:ru": null, "description": null, "bar": null, "diet:meat": null, "diet:mediterranean": null, "diet:non-vegetarian": null, "diet:seafood": null, "loc_name:pl": null, "payment:contactless": null, "check_date:opening_hours": null, "opening_hours:signed": null, "internet_access:fee": null, "name:pl": null, "diet:local": null, "outdoor_seating:comfort": null, "name:en": null, "air_conditioning": null, "highchair": null, "website:menu": null, "brewery": null, "toilets:handwashing": null, "toilets:num_chambers": null, "changing_table": null, "indoor": null, "short_name": null, "access": null, "contact:instagram": null, "contact:whatsapp": null, "addr:floor": null, "internet_access:ssid": null, "food": null, "building": null, "diet:fish": null, "type": null }, "geometry": { "type": "Point", "coordinates": [ 9.1157496, 39.2132026 ] } },
{ "type": "Feature", "properties": { "element": "node", "id": 4229080091, "addr:city": "Cagliari", "addr:street": "Via Santa Margherita", "amenity": "restaurant", "cuisine": "italian", "name": "Semino", "note": null, "phone": null, "price": null, "addr:postcode": "09124", "addr:housenumber": "22", "website": null, "email": null, "outdoor_seating": null, "check_date": null, "payment:cash": null, "payment:mastercard": null, "payment:visa": null, "payment:visa_debit": null, "wheelchair": null, "addr:place": null, "internet_access": null, "toilets:wheelchair": null, "microbrewery": null, "opening_hours": null, "indoor_seating": null, "wheelchair:description": null, "brand": null, "brand:wikidata": null, "brand:wikipedia": null, "contact:mobile": null, "contact:phone": null, "contact:website": null, "diet:vegetarian": null, "facebook": null, "operator": null, "payment:bancomat": null, "reservation": null, "toilets": null, "addr:country": null, "diet:vegan": null, "capacity": null, "source": "Regione Autonoma della Sardegna (www.sardegnageoportale.it)", "source_1": null, "delivery": null, "smoking": null, "takeaway": null, "name:signed": null, "seamark:small_craft_facility:category": null, "seamark:type": null, "contact:facebook": null, "fixme": null, "toilets:access": null, "payment:credit_cards": null, "payment:debit_cards": null, "name:it": null, "contact:email": null, "payment:american_express": null, "start_date": null, "name:ru": null, "description": null, "bar": null, "diet:meat": null, "diet:mediterranean": null, "diet:non-vegetarian": null, "diet:seafood": null, "loc_name:pl": null, "payment:contactless": null, "check_date:opening_hours": null, "opening_hours:signed": null, "internet_access:fee": null, "name:pl": null, "diet:local": null, "outdoor_seating:comfort": null, "name:en": null, "air_conditioning": null, "highchair": null, "website:menu": null, "brewery": null, "toilets:handwashing": null, "toilets:num_chambers": null, "changing_table": null, "indoor": null, "short_name": null, "access": null, "contact:instagram": null, "contact:whatsapp": null, "addr:floor": null, "internet_access:ssid": null, "food": null, "building": null, "diet:fish": null, "type": null }, "geometry": { "type": "Point", "coordinates": [ 9.1135878, 39.2187675 ] } },
{ "type": "Feature", "properties": { "element": "node", "id": 4229080111, "addr:city": "Cagliari", "addr:street": "Via San Giovanni", "amenity": "restaurant", "cuisine": null, "name": "Le Notre Rêve", "note": null, "phone": null, "price": null, "addr:postcode": null, "addr:housenumber": "222", "website": null, "email": null, "outdoor_seating": null, "check_date": null, "payment:cash": null, "payment:mastercard": null, "payment:visa": null, "payment:visa_debit": null, "wheelchair": null, "addr:place": null, "internet_access": null, "toilets:wheelchair": null, "microbrewery": null, "opening_hours": null, "indoor_seating": null, "wheelchair:description": null, "brand": null, "brand:wikidata": null, "brand:wikipedia": null, "contact:mobile": null, "contact:phone": null, "contact:website": null, "diet:vegetarian": null, "facebook": null, "operator": null, "payment:bancomat": null, "reservation": null, "toilets": null, "addr:country": null, "diet:vegan": null, "capacity": null, "source": "Regione Autonoma della Sardegna (www.sardegnageoportale.it)", "source_1": null, "delivery": null, "smoking": null, "takeaway": null, "name:signed": null, "seamark:small_craft_facility:category": null, "seamark:type": null, "contact:facebook": null, "fixme": null, "toilets:access": null, "payment:credit_cards": null, "payment:debit_cards": null, "name:it": "Le Notre Rêve", "contact:email": null, "payment:american_express": null, "start_date": null, "name:ru": null, "description": null, "bar": null, "diet:meat": null, "diet:mediterranean": null, "diet:non-vegetarian": null, "diet:seafood": null, "loc_name:pl": null, "payment:contactless": null, "check_date:opening_hours": null, "opening_hours:signed": null, "internet_access:fee": null, "name:pl": null, "diet:local": null, "outdoor_seating:comfort": null, "name:en": null, "air_conditioning": null, "highchair": null, "website:menu": null, "brewery": null, "toilets:handwashing": null, "toilets:num_chambers": null, "changing_table": null, "indoor": null, "short_name": null, "access": null, "contact:instagram": null, "contact:whatsapp": null, "addr:floor": null, "internet_access:ssid": null, "food": null, "building": null, "diet:fish": null, "type": null }, "geometry": { "type": "Point", "coordinates": [ 9.11892, 39.2204155 ] } },
{ "type": "Feature", "properties": { "element": "node", "id": 4229083489, "addr:city": "Cagliari", "addr:street": "Piazza Costituzione", "amenity": "restaurant", "cuisine": null, "name": "Pizza & Grill", "note": null, "phone": null, "price": null, "addr:postcode": null, "addr:housenumber": "23", "website": null, "email": null, "outdoor_seating": "yes", "check_date": null, "payment:cash": null, "payment:mastercard": null, "payment:visa": null, "payment:visa_debit": null, "wheelchair": null, "addr:place": null, "internet_access": null, "toilets:wheelchair": null, "microbrewery": null, "opening_hours": null, "indoor_seating": "yes", "wheelchair:description": null, "brand": null, "brand:wikidata": null, "brand:wikipedia": null, "contact:mobile": null, "contact:phone": null, "contact:website": null, "diet:vegetarian": null, "facebook": null, "operator": null, "payment:bancomat": null, "reservation": null, "toilets": null, "addr:country": null, "diet:vegan": null, "capacity": null, "source": null, "source_1": null, "delivery": null, "smoking": null, "takeaway": null, "name:signed": null, "seamark:small_craft_facility:category": null, "seamark:type": null, "contact:facebook": null, "fixme": null, "toilets:access": null, "payment:credit_cards": null, "payment:debit_cards": null, "name:it": null, "contact:email": null, "payment:american_express": null, "start_date": null, "name:ru": null, "description": null, "bar": null, "diet:meat": null, "diet:mediterranean": null, "diet:non-vegetarian": null, "diet:seafood": null, "loc_name:pl": null, "payment:contactless": null, "check_date:opening_hours": null, "opening_hours:signed": null, "internet_access:fee": null, "name:pl": null, "diet:local": null, "outdoor_seating:comfort": null, "name:en": null, "air_conditioning": null, "highchair": null, "website:menu": null, "brewery": null, "toilets:handwashing": null, "toilets:num_chambers": null, "changing_table": null, "indoor": null, "short_name": null, "access": null, "contact:instagram": null, "contact:whatsapp": null, "addr:floor": null, "internet_access:ssid": null, "food": null, "building": null, "diet:fish": null, "type": null }, "geometry": { "type": "Point", "coordinates": [ 9.1169753, 39.2151331 ] } },
{ "type": "Feature", "properties": { "element": "node", "id": 4229085853, "addr:city": "Cagliari", "addr:street": "Viale Regina Margherita", "amenity": "restaurant", "cuisine": null, "name": "Fritto Mania", "note": null, "phone": "+39 338 8373158", "price": null, "addr:postcode": null, "addr:housenumber": "29", "website": null, "email": null, "outdoor_seating": "no", "check_date": null, "payment:cash": null, "payment:mastercard": null, "payment:visa": null, "payment:visa_debit": null, "wheelchair": null, "addr:place": null, "internet_access": null, "toilets:wheelchair": null, "microbrewery": null, "opening_hours": "12:00-15:00, 19:00-23:00", "indoor_seating": "yes", "wheelchair:description": null, "brand": null, "brand:wikidata": null, "brand:wikipedia": null, "contact:mobile": null, "contact:phone": null, "contact:website": null, "diet:vegetarian": null, "facebook": null, "operator": null, "payment:bancomat": null, "reservation": null, "toilets": null, "addr:country": null, "diet:vegan": null, "capacity": null, "source": "Regione Autonoma della Sardegna (www.sardegnageoportale.it)", "source_1": null, "delivery": null, "smoking": null, "takeaway": null, "name:signed": null, "seamark:small_craft_facility:category": null, "seamark:type": null, "contact:facebook": null, "fixme": null, "toilets:access": null, "payment:credit_cards": null, "payment:debit_cards": null, "name:it": null, "contact:email": null, "payment:american_express": null, "start_date": null, "name:ru": null, "description": null, "bar": null, "diet:meat": null, "diet:mediterranean": null, "diet:non-vegetarian": null, "diet:seafood": null, "loc_name:pl": null, "payment:contactless": null, "check_date:opening_hours": null, "opening_hours:signed": null, "internet_access:fee": null, "name:pl": null, "diet:local": null, "outdoor_seating:comfort": null, "name:en": null, "air_conditioning": null, "highchair": null, "website:menu": null, "brewery": null, "toilets:handwashing": null, "toilets:num_chambers": null, "changing_table": null, "indoor": null, "short_name": null, "access": null, "contact:instagram": null, "contact:whatsapp": null, "addr:floor": null, "internet_access:ssid": null, "food": null, "building": null, "diet:fish": null, "type": null }, "geometry": { "type": "Point", "coordinates": [ 9.1160355, 39.2127472 ] } },
{ "type": "Feature", "properties": { "element": "node", "id": 4229089478, "addr:city": "Cagliari", "addr:street": "Via Dante Alighieri", "amenity": "restaurant", "cuisine": "asian", "name": "Ginza", "note": null, "phone": "+39 070 451 5045", "price": null, "addr:postcode": null, "addr:housenumber": "240", "website": null, "email": null, "outdoor_seating": null, "check_date": null, "payment:cash": null, "payment:mastercard": null, "payment:visa": null, "payment:visa_debit": null, "wheelchair": "no", "addr:place": null, "internet_access": null, "toilets:wheelchair": null, "microbrewery": null, "opening_hours": null, "indoor_seating": null, "wheelchair:description": null, "brand": null, "brand:wikidata": null, "brand:wikipedia": null, "contact:mobile": null, "contact:phone": null, "contact:website": null, "diet:vegetarian": null, "facebook": null, "operator": null, "payment:bancomat": null, "reservation": null, "toilets": null, "addr:country": null, "diet:vegan": null, "capacity": null, "source": "Regione Autonoma della Sardegna (www.sardegnageoportale.it)", "source_1": null, "delivery": null, "smoking": null, "takeaway": "yes", "name:signed": null, "seamark:small_craft_facility:category": null, "seamark:type": null, "contact:facebook": null, "fixme": null, "toilets:access": null, "payment:credit_cards": null, "payment:debit_cards": null, "name:it": null, "contact:email": null, "payment:american_express": null, "start_date": null, "name:ru": null, "description": null, "bar": null, "diet:meat": null, "diet:mediterranean": null, "diet:non-vegetarian": null, "diet:seafood": null, "loc_name:pl": null, "payment:contactless": null, "check_date:opening_hours": null, "opening_hours:signed": null, "internet_access:fee": null, "name:pl": null, "diet:local": null, "outdoor_seating:comfort": null, "name:en": null, "air_conditioning": null, "highchair": null, "website:menu": null, "brewery": null, "toilets:handwashing": null, "toilets:num_chambers": null, "changing_table": null, "indoor": null, "short_name": null, "access": null, "contact:instagram": null, "contact:whatsapp": null, "addr:floor": null, "internet_access:ssid": null, "food": null, "building": null, "diet:fish": null, "type": null }, "geometry": { "type": "Point", "coordinates": [ 9.1250991, 39.2261328 ] } },
{ "type": "Feature", "properties": { "element": "node", "id": 4229094999, "addr:city": "Cagliari", "addr:street": "Via Pietro Cavaro", "amenity": "restaurant", "cuisine": "pizza;italian", "name": "My Flower", "note": null, "phone": null, "price": null, "addr:postcode": null, "addr:housenumber": "35", "website": null, "email": null, "outdoor_seating": null, "check_date": null, "payment:cash": null, "payment:mastercard": null, "payment:visa": null, "payment:visa_debit": null, "wheelchair": null, "addr:place": null, "internet_access": null, "toilets:wheelchair": null, "microbrewery": null, "opening_hours": "Fr-We 19:30-24:00; Th off", "indoor_seating": null, "wheelchair:description": null, "brand": null, "brand:wikidata": null, "brand:wikipedia": null, "contact:mobile": null, "contact:phone": null, "contact:website": null, "diet:vegetarian": null, "facebook": null, "operator": null, "payment:bancomat": null, "reservation": null, "toilets": null, "addr:country": null, "diet:vegan": null, "capacity": null, "source": "Regione Autonoma della Sardegna (www.sardegnageoportale.it)", "source_1": null, "delivery": null, "smoking": null, "takeaway": null, "name:signed": null, "seamark:small_craft_facility:category": null, "seamark:type": null, "contact:facebook": null, "fixme": null, "toilets:access": null, "payment:credit_cards": null, "payment:debit_cards": null, "name:it": null, "contact:email": null, "payment:american_express": null, "start_date": null, "name:ru": null, "description": null, "bar": null, "diet:meat": null, "diet:mediterranean": null, "diet:non-vegetarian": null, "diet:seafood": null, "loc_name:pl": null, "payment:contactless": null, "check_date:opening_hours": null, "opening_hours:signed": null, "internet_access:fee": null, "name:pl": null, "diet:local": null, "outdoor_seating:comfort": null, "name:en": null, "air_conditioning": null, "highchair": null, "website:menu": null, "brewery": null, "toilets:handwashing": null, "toilets:num_chambers": null, "changing_table": null, "indoor": null, "short_name": null, "access": null, "contact:instagram": null, "contact:whatsapp": null, "addr:floor": null, "internet_access:ssid": null, "food": null, "building": null, "diet:fish": null, "type": null }, "geometry": { "type": "Point", "coordinates": [ 9.127685, 39.2256354 ] } },
{ "type": "Feature", "properties": { "element": "node", "id": 4229095790, "addr:city": "Cagliari", "addr:street": "Via Giovanni Maria Dettori", "amenity": "restaurant", "cuisine": "poke;sushi_burrito", "name": "Makito Casteddu", "note": null, "phone": "+390706497860", "price": null, "addr:postcode": null, "addr:housenumber": "26", "website": "https://makito.io/", "email": null, "outdoor_seating": null, "check_date": null, "payment:cash": null, "payment:mastercard": null, "payment:visa": null, "payment:visa_debit": null, "wheelchair": null, "addr:place": null, "internet_access": null, "toilets:wheelchair": null, "microbrewery": null, "opening_hours": "Mo-Su 12:00-15:00, 18:00-23:00", "indoor_seating": null, "wheelchair:description": null, "brand": null, "brand:wikidata": null, "brand:wikipedia": null, "contact:mobile": null, "contact:phone": null, "contact:website": null, "diet:vegetarian": null, "facebook": null, "operator": null, "payment:bancomat": null, "reservation": null, "toilets": null, "addr:country": null, "diet:vegan": null, "capacity": null, "source": "Regione Autonoma della Sardegna (www.sardegnageoportale.it);local knowledge", "source_1": null, "delivery": null, "smoking": null, "takeaway": null, "name:signed": null, "seamark:small_craft_facility:category": null, "seamark:type": null, "contact:facebook": null, "fixme": null, "toilets:access": null, "payment:credit_cards": null, "payment:debit_cards": null, "name:it": null, "contact:email": null, "payment:american_express": null, "start_date": null, "name:ru": null, "description": null, "bar": null, "diet:meat": null, "diet:mediterranean": null, "diet:non-vegetarian": null, "diet:seafood": null, "loc_name:pl": null, "payment:contactless": null, "check_date:opening_hours": null, "opening_hours:signed": null, "internet_access:fee": null, "name:pl": null, "diet:local": null, "outdoor_seating:comfort": null, "name:en": null, "air_conditioning": null, "highchair": null, "website:menu": null, "brewery": null, "toilets:handwashing": null, "toilets:num_chambers": null, "changing_table": null, "indoor": null, "short_name": null, "access": null, "contact:instagram": null, "contact:whatsapp": null, "addr:floor": null, "internet_access:ssid": null, "food": null, "building": null, "diet:fish": null, "type": null }, "geometry": { "type": "Point", "coordinates": [ 9.113547, 39.2163135 ] } },
{ "type": "Feature", "properties": { "element": "node", "id": 4229097855, "addr:city": "Cagliari", "addr:street": "Vico Santa Margherita", "amenity": "restaurant", "cuisine": "regional;sardinian", "name": "Ristorante Sa Piola", "note": null, "phone": "+39 070 666714", "price": null, "addr:postcode": null, "addr:housenumber": "3", "website": null, "email": "sapiolaristorante@gmail.com", "outdoor_seating": null, "check_date": null, "payment:cash": null, "payment:mastercard": null, "payment:visa": null, "payment:visa_debit": null, "wheelchair": null, "addr:place": null, "internet_access": null, "toilets:wheelchair": null, "microbrewery": null, "opening_hours": "Mo-Sa 12:00-16:00,19:00-00:00; Su 12:00-16:00,19:00-24:00", "indoor_seating": null, "wheelchair:description": null, "brand": null, "brand:wikidata": null, "brand:wikipedia": null, "contact:mobile": null, "contact:phone": null, "contact:website": null, "diet:vegetarian": null, "facebook": "https://www.facebook.com/RistoranteSaPiola", "operator": null, "payment:bancomat": null, "reservation": null, "toilets": null, "addr:country": null, "diet:vegan": null, "capacity": null, "source": "Regione Autonoma della Sardegna (www.sardegnageoportale.it)", "source_1": null, "delivery": null, "smoking": null, "takeaway": null, "name:signed": null, "seamark:small_craft_facility:category": null, "seamark:type": null, "contact:facebook": null, "fixme": null, "toilets:access": null, "payment:credit_cards": null, "payment:debit_cards": null, "name:it": null, "contact:email": null, "payment:american_express": null, "start_date": null, "name:ru": null, "description": null, "bar": null, "diet:meat": null, "diet:mediterranean": null, "diet:non-vegetarian": null, "diet:seafood": null, "loc_name:pl": null, "payment:contactless": null, "check_date:opening_hours": null, "opening_hours:signed": null, "internet_access:fee": null, "name:pl": null, "diet:local": null, "outdoor_seating:comfort": null, "name:en": null, "air_conditioning": null, "highchair": null, "website:menu": null, "brewery": null, "toilets:handwashing": null, "toilets:num_chambers": null, "changing_table": null, "indoor": null, "short_name": null, "access": null, "contact:instagram": null, "contact:whatsapp": null, "addr:floor": null, "internet_access:ssid": null, "food": null, "building": null, "diet:fish": null, "type": null }, "geometry": { "type": "Point", "coordinates": [ 9.1139631, 39.2188161 ] } },
{ "type": "Feature", "properties": { "element": "node", "id": 4229101106, "addr:city": "Cagliari", "addr:street": "Via Mandrolisai", "amenity": "restaurant", "cuisine": "pizza", "name": "Pizzeria Evolution 2", "note": null, "phone": null, "price": null, "addr:postcode": null, "addr:housenumber": "27b", "website": null, "email": null, "outdoor_seating": null, "check_date": null, "payment:cash": null, "payment:mastercard": null, "payment:visa": null, "payment:visa_debit": null, "wheelchair": null, "addr:place": null, "internet_access": null, "toilets:wheelchair": null, "microbrewery": null, "opening_hours": null, "indoor_seating": null, "wheelchair:description": null, "brand": null, "brand:wikidata": null, "brand:wikipedia": null, "contact:mobile": null, "contact:phone": null, "contact:website": null, "diet:vegetarian": null, "facebook": null, "operator": null, "payment:bancomat": null, "reservation": null, "toilets": null, "addr:country": null, "diet:vegan": null, "capacity": null, "source": "Regione Autonoma della Sardegna (www.sardegnageoportale.it)", "source_1": null, "delivery": null, "smoking": null, "takeaway": null, "name:signed": null, "seamark:small_craft_facility:category": null, "seamark:type": null, "contact:facebook": null, "fixme": null, "toilets:access": null, "payment:credit_cards": null, "payment:debit_cards": null, "name:it": null, "contact:email": null, "payment:american_express": null, "start_date": null, "name:ru": null, "description": null, "bar": null, "diet:meat": null, "diet:mediterranean": null, "diet:non-vegetarian": null, "diet:seafood": null, "loc_name:pl": null, "payment:contactless": null, "check_date:opening_hours": null, "opening_hours:signed": null, "internet_access:fee": null, "name:pl": null, "diet:local": null, "outdoor_seating:comfort": null, "name:en": null, "air_conditioning": null, "highchair": null, "website:menu": null, "brewery": null, "toilets:handwashing": null, "toilets:num_chambers": null, "changing_table": null, "indoor": null, "short_name": null, "access": null, "contact:instagram": null, "contact:whatsapp": null, "addr:floor": null, "internet_access:ssid": null, "food": null, "building": null, "diet:fish": null, "type": null }, "geometry": { "type": "Point", "coordinates": [ 9.1029905, 39.240714 ] } },
{ "type": "Feature", "properties": { "element": "node", "id": 4229105889, "addr:city": "Cagliari", "addr:street": "Via Molise", "amenity": "restaurant", "cuisine": "pizza", "name": "Pizzria Nicolino", "note": null, "phone": "+39 070 402084", "price": null, "addr:postcode": "09127", "addr:housenumber": "2", "website": null, "email": null, "outdoor_seating": null, "check_date": null, "payment:cash": null, "payment:mastercard": null, "payment:visa": null, "payment:visa_debit": null, "wheelchair": null, "addr:place": null, "internet_access": null, "toilets:wheelchair": null, "microbrewery": null, "opening_hours": null, "indoor_seating": null, "wheelchair:description": null, "brand": null, "brand:wikidata": null, "brand:wikipedia": null, "contact:mobile": null, "contact:phone": null, "contact:website": null, "diet:vegetarian": null, "facebook": null, "operator": null, "payment:bancomat": null, "reservation": null, "toilets": null, "addr:country": null, "diet:vegan": null, "capacity": null, "source": "Regione Autonoma della Sardegna (www.sardegnageoportale.it)", "source_1": null, "delivery": null, "smoking": null, "takeaway": null, "name:signed": null, "seamark:small_craft_facility:category": null, "seamark:type": null, "contact:facebook": null, "fixme": null, "toilets:access": null, "payment:credit_cards": null, "payment:debit_cards": null, "name:it": null, "contact:email": null, "payment:american_express": null, "start_date": null, "name:ru": null, "description": null, "bar": null, "diet:meat": null, "diet:mediterranean": null, "diet:non-vegetarian": null, "diet:seafood": null, "loc_name:pl": null, "payment:contactless": null, "check_date:opening_hours": null, "opening_hours:signed": null, "internet_access:fee": null, "name:pl": null, "diet:local": null, "outdoor_seating:comfort": null, "name:en": null, "air_conditioning": null, "highchair": null, "website:menu": null, "brewery": null, "toilets:handwashing": null, "toilets:num_chambers": null, "changing_table": null, "indoor": null, "short_name": null, "access": null, "contact:instagram": null, "contact:whatsapp": null, "addr:floor": null, "internet_access:ssid": null, "food": null, "building": null, "diet:fish": null, "type": null }, "geometry": { "type": "Point", "coordinates": [ 9.1177218, 39.2283139 ] } },
{ "type": "Feature", "properties": { "element": "node", "id": 4229116506, "addr:city": "Cagliari", "addr:street": "Viale Regina Elena", "amenity": "restaurant", "cuisine": "italian", "name": "IL Bastione", "note": null, "phone": "+39 070 660372", "price": null, "addr:postcode": null, "addr:housenumber": "3", "website": null, "email": null, "outdoor_seating": null, "check_date": null, "payment:cash": null, "payment:mastercard": null, "payment:visa": null, "payment:visa_debit": null, "wheelchair": null, "addr:place": null, "internet_access": "wlan", "toilets:wheelchair": null, "microbrewery": null, "opening_hours": "Mo-Su 07:00-23:00", "indoor_seating": null, "wheelchair:description": null, "brand": null, "brand:wikidata": null, "brand:wikipedia": null, "contact:mobile": null, "contact:phone": null, "contact:website": null, "diet:vegetarian": null, "facebook": null, "operator": null, "payment:bancomat": null, "reservation": null, "toilets": null, "addr:country": null, "diet:vegan": null, "capacity": null, "source": "Regione Autonoma della Sardegna (www.sardegnageoportale.it)", "source_1": null, "delivery": null, "smoking": null, "takeaway": null, "name:signed": null, "seamark:small_craft_facility:category": null, "seamark:type": null, "contact:facebook": null, "fixme": null, "toilets:access": null, "payment:credit_cards": null, "payment:debit_cards": null, "name:it": null, "contact:email": null, "payment:american_express": null, "start_date": null, "name:ru": "IL Bastione", "description": null, "bar": null, "diet:meat": null, "diet:mediterranean": null, "diet:non-vegetarian": null, "diet:seafood": null, "loc_name:pl": null, "payment:contactless": null, "check_date:opening_hours": null, "opening_hours:signed": null, "internet_access:fee": null, "name:pl": null, "diet:local": null, "outdoor_seating:comfort": null, "name:en": null, "air_conditioning": null, "highchair": null, "website:menu": null, "brewery": null, "toilets:handwashing": null, "toilets:num_chambers": null, "changing_table": null, "indoor": null, "short_name": null, "access": null, "contact:instagram": null, "contact:whatsapp": null, "addr:floor": null, "internet_access:ssid": null, "food": null, "building": null, "diet:fish": null, "type": null }, "geometry": { "type": "Point", "coordinates": [ 9.117, 39.2158513 ] } },
{ "type": "Feature", "properties": { "element": "node", "id": 4229119521, "addr:city": "Cagliari", "addr:street": "Via Is Mirrionis", "amenity": "restaurant", "cuisine": "pokebowl, burritos, tacos", "name": "Pockettino", "note": null, "phone": null, "price": null, "addr:postcode": null, "addr:housenumber": "31", "website": null, "email": null, "outdoor_seating": null, "check_date": null, "payment:cash": null, "payment:mastercard": null, "payment:visa": null, "payment:visa_debit": null, "wheelchair": null, "addr:place": null, "internet_access": null, "toilets:wheelchair": null, "microbrewery": null, "opening_hours": "Mo-Su 11:45-14:45, 18:45-22:45", "indoor_seating": null, "wheelchair:description": null, "brand": null, "brand:wikidata": null, "brand:wikipedia": null, "contact:mobile": null, "contact:phone": null, "contact:website": null, "diet:vegetarian": "yes", "facebook": null, "operator": null, "payment:bancomat": null, "reservation": null, "toilets": null, "addr:country": null, "diet:vegan": "yes", "capacity": null, "source": "Regione Autonoma della Sardegna (www.sardegnageoportale.it)", "source_1": null, "delivery": null, "smoking": null, "takeaway": null, "name:signed": null, "seamark:small_craft_facility:category": null, "seamark:type": null, "contact:facebook": null, "fixme": null, "toilets:access": null, "payment:credit_cards": null, "payment:debit_cards": null, "name:it": null, "contact:email": null, "payment:american_express": null, "start_date": null, "name:ru": null, "description": "powered by GlustoGusto", "bar": null, "diet:meat": null, "diet:mediterranean": null, "diet:non-vegetarian": null, "diet:seafood": null, "loc_name:pl": null, "payment:contactless": null, "check_date:opening_hours": null, "opening_hours:signed": null, "internet_access:fee": null, "name:pl": null, "diet:local": null, "outdoor_seating:comfort": null, "name:en": null, "air_conditioning": null, "highchair": null, "website:menu": null, "brewery": null, "toilets:handwashing": null, "toilets:num_chambers": null, "changing_table": null, "indoor": null, "short_name": null, "access": null, "contact:instagram": null, "contact:whatsapp": null, "addr:floor": null, "internet_access:ssid": null, "food": null, "building": null, "diet:fish": null, "type": null }, "geometry": { "type": "Point", "coordinates": [ 9.1107999, 39.2344966 ] } },
{ "type": "Feature", "properties": { "element": "node", "id": 4229119981, "addr:city": "Cagliari", "addr:street": "Via Tigellio", "amenity": "restaurant", "cuisine": "italian", "name": "Ricercato", "note": null, "phone": "+39 346 602 5808", "price": null, "addr:postcode": null, "addr:housenumber": "32", "website": null, "email": null, "outdoor_seating": null, "check_date": null, "payment:cash": null, "payment:mastercard": null, "payment:visa": null, "payment:visa_debit": null, "wheelchair": null, "addr:place": null, "internet_access": null, "toilets:wheelchair": null, "microbrewery": null, "opening_hours": null, "indoor_seating": null, "wheelchair:description": null, "brand": null, "brand:wikidata": null, "brand:wikipedia": null, "contact:mobile": null, "contact:phone": null, "contact:website": null, "diet:vegetarian": null, "facebook": null, "operator": null, "payment:bancomat": null, "reservation": null, "toilets": null, "addr:country": null, "diet:vegan": null, "capacity": null, "source": "Regione Autonoma della Sardegna (www.sardegnageoportale.it)", "source_1": null, "delivery": null, "smoking": null, "takeaway": null, "name:signed": null, "seamark:small_craft_facility:category": null, "seamark:type": null, "contact:facebook": null, "fixme": null, "toilets:access": null, "payment:credit_cards": null, "payment:debit_cards": null, "name:it": null, "contact:email": null, "payment:american_express": null, "start_date": null, "name:ru": null, "description": null, "bar": null, "diet:meat": null, "diet:mediterranean": null, "diet:non-vegetarian": null, "diet:seafood": null, "loc_name:pl": null, "payment:contactless": null, "check_date:opening_hours": null, "opening_hours:signed": null, "internet_access:fee": null, "name:pl": null, "diet:local": null, "outdoor_seating:comfort": null, "name:en": null, "air_conditioning": null, "highchair": null, "website:menu": null, "brewery": null, "toilets:handwashing": null, "toilets:num_chambers": null, "changing_table": null, "indoor": null, "short_name": null, "access": null, "contact:instagram": null, "contact:whatsapp": null, "addr:floor": null, "internet_access:ssid": null, "food": null, "building": null, "diet:fish": null, "type": null }, "geometry": { "type": "Point", "coordinates": [ 9.1082257, 39.2208927 ] } },
{ "type": "Feature", "properties": { "element": "node", "id": 4229127914, "addr:city": "Cagliari", "addr:street": "Via Ospedale", "amenity": "restaurant", "cuisine": null, "name": "Pizzeria Cerere", "note": null, "phone": null, "price": null, "addr:postcode": null, "addr:housenumber": "33b", "website": null, "email": null, "outdoor_seating": null, "check_date": null, "payment:cash": null, "payment:mastercard": null, "payment:visa": null, "payment:visa_debit": null, "wheelchair": null, "addr:place": null, "internet_access": null, "toilets:wheelchair": null, "microbrewery": null, "opening_hours": null, "indoor_seating": null, "wheelchair:description": null, "brand": null, "brand:wikidata": null, "brand:wikipedia": null, "contact:mobile": null, "contact:phone": null, "contact:website": null, "diet:vegetarian": null, "facebook": null, "operator": null, "payment:bancomat": null, "reservation": null, "toilets": null, "addr:country": null, "diet:vegan": null, "capacity": null, "source": "Regione Autonoma della Sardegna (www.sardegnageoportale.it)", "source_1": null, "delivery": null, "smoking": null, "takeaway": null, "name:signed": null, "seamark:small_craft_facility:category": null, "seamark:type": null, "contact:facebook": null, "fixme": null, "toilets:access": null, "payment:credit_cards": null, "payment:debit_cards": null, "name:it": null, "contact:email": null, "payment:american_express": null, "start_date": null, "name:ru": null, "description": null, "bar": null, "diet:meat": null, "diet:mediterranean": null, "diet:non-vegetarian": null, "diet:seafood": null, "loc_name:pl": null, "payment:contactless": null, "check_date:opening_hours": null, "opening_hours:signed": null, "internet_access:fee": null, "name:pl": null, "diet:local": null, "outdoor_seating:comfort": null, "name:en": null, "air_conditioning": null, "highchair": null, "website:menu": null, "brewery": null, "toilets:handwashing": null, "toilets:num_chambers": null, "changing_table": null, "indoor": null, "short_name": null, "access": null, "contact:instagram": null, "contact:whatsapp": null, "addr:floor": null, "internet_access:ssid": null, "food": null, "building": null, "diet:fish": null, "type": null }, "geometry": { "type": "Point", "coordinates": [ 9.1118659, 39.2194013 ] } },
{ "type": "Feature", "properties": { "element": "node", "id": 4229140963, "addr:city": "Cagliari", "addr:street": "Via Lodovico Baylle", "amenity": "restaurant", "cuisine": "regional;sardinian", "name": "Sa Schironada", "note": null, "phone": "+39 070 680570", "price": null, "addr:postcode": null, "addr:housenumber": "39", "website": "https://www.saschironada.it/", "email": null, "outdoor_seating": null, "check_date": null, "payment:cash": null, "payment:mastercard": null, "payment:visa": null, "payment:visa_debit": null, "wheelchair": "yes", "addr:place": null, "internet_access": "wlan", "toilets:wheelchair": null, "microbrewery": null, "opening_hours": "Mo-Su 11:00-23:00", "indoor_seating": null, "wheelchair:description": null, "brand": null, "brand:wikidata": null, "brand:wikipedia": null, "contact:mobile": "+39 342 8354776", "contact:phone": null, "contact:website": null, "diet:vegetarian": null, "facebook": "https://www.facebook.com/ristorantesaschironada/", "operator": null, "payment:bancomat": null, "reservation": null, "toilets": null, "addr:country": null, "diet:vegan": null, "capacity": null, "source": "Regione Autonoma della Sardegna (www.sardegnageoportale.it)", "source_1": null, "delivery": null, "smoking": null, "takeaway": null, "name:signed": null, "seamark:small_craft_facility:category": null, "seamark:type": null, "contact:facebook": null, "fixme": null, "toilets:access": null, "payment:credit_cards": null, "payment:debit_cards": null, "name:it": null, "contact:email": null, "payment:american_express": null, "start_date": null, "name:ru": null, "description": null, "bar": null, "diet:meat": null, "diet:mediterranean": null, "diet:non-vegetarian": null, "diet:seafood": null, "loc_name:pl": null, "payment:contactless": null, "check_date:opening_hours": null, "opening_hours:signed": null, "internet_access:fee": null, "name:pl": null, "diet:local": null, "outdoor_seating:comfort": null, "name:en": null, "air_conditioning": null, "highchair": null, "website:menu": null, "brewery": null, "toilets:handwashing": null, "toilets:num_chambers": null, "changing_table": null, "indoor": null, "short_name": null, "access": null, "contact:instagram": null, "contact:whatsapp": null, "addr:floor": null, "internet_access:ssid": null, "food": null, "building": null, "diet:fish": null, "type": null }, "geometry": { "type": "Point", "coordinates": [ 9.1125564, 39.215051 ] } },
{ "type": "Feature", "properties": { "element": "node", "id": 4229452491, "addr:city": "Cagliari", "addr:street": "Via Savoia", "amenity": "restaurant", "cuisine": "regional,_pizza,_italian", "name": "Impasto", "note": null, "phone": null, "price": null, "addr:postcode": null, "addr:housenumber": "4", "website": null, "email": null, "outdoor_seating": null, "check_date": null, "payment:cash": null, "payment:mastercard": null, "payment:visa": null, "payment:visa_debit": null, "wheelchair": "no", "addr:place": null, "internet_access": null, "toilets:wheelchair": null, "microbrewery": null, "opening_hours": null, "indoor_seating": null, "wheelchair:description": null, "brand": null, "brand:wikidata": null, "brand:wikipedia": null, "contact:mobile": null, "contact:phone": null, "contact:website": null, "diet:vegetarian": null, "facebook": null, "operator": null, "payment:bancomat": null, "reservation": null, "toilets": null, "addr:country": null, "diet:vegan": null, "capacity": null, "source": "Regione Autonoma della Sardegna (www.sardegnageoportale.it);local knowledge", "source_1": null, "delivery": null, "smoking": null, "takeaway": null, "name:signed": null, "seamark:small_craft_facility:category": null, "seamark:type": null, "contact:facebook": null, "fixme": null, "toilets:access": null, "payment:credit_cards": null, "payment:debit_cards": null, "name:it": null, "contact:email": null, "payment:american_express": null, "start_date": null, "name:ru": null, "description": null, "bar": null, "diet:meat": null, "diet:mediterranean": null, "diet:non-vegetarian": null, "diet:seafood": null, "loc_name:pl": null, "payment:contactless": null, "check_date:opening_hours": null, "opening_hours:signed": null, "internet_access:fee": null, "name:pl": null, "diet:local": null, "outdoor_seating:comfort": null, "name:en": null, "air_conditioning": null, "highchair": null, "website:menu": null, "brewery": null, "toilets:handwashing": null, "toilets:num_chambers": null, "changing_table": null, "indoor": null, "short_name": null, "access": null, "contact:instagram": null, "contact:whatsapp": null, "addr:floor": null, "internet_access:ssid": null, "food": null, "building": null, "diet:fish": null, "type": null }, "geometry": { "type": "Point", "coordinates": [ 9.1133814, 39.2159635 ] } },
{ "type": "Feature", "properties": { "element": "node", "id": 4229489757, "addr:city": "Cagliari", "addr:street": "Via Pietro Cavaro", "amenity": "restaurant", "cuisine": "pizza", "name": "Pizzeria Roma", "note": null, "phone": null, "price": null, "addr:postcode": "09131", "addr:housenumber": "40", "website": null, "email": null, "outdoor_seating": null, "check_date": null, "payment:cash": null, "payment:mastercard": null, "payment:visa": null, "payment:visa_debit": null, "wheelchair": null, "addr:place": null, "internet_access": null, "toilets:wheelchair": null, "microbrewery": null, "opening_hours": "We-Su 18:00-22:45", "indoor_seating": null, "wheelchair:description": null, "brand": null, "brand:wikidata": null, "brand:wikipedia": null, "contact:mobile": null, "contact:phone": null, "contact:website": null, "diet:vegetarian": null, "facebook": null, "operator": null, "payment:bancomat": null, "reservation": null, "toilets": null, "addr:country": null, "diet:vegan": null, "capacity": null, "source": "Regione Autonoma della Sardegna (www.sardegnageoportale.it)", "source_1": null, "delivery": null, "smoking": null, "takeaway": null, "name:signed": null, "seamark:small_craft_facility:category": null, "seamark:type": null, "contact:facebook": null, "fixme": null, "toilets:access": null, "payment:credit_cards": null, "payment:debit_cards": null, "name:it": null, "contact:email": null, "payment:american_express": null, "start_date": null, "name:ru": null, "description": null, "bar": null, "diet:meat": null, "diet:mediterranean": null, "diet:non-vegetarian": null, "diet:seafood": null, "loc_name:pl": null, "payment:contactless": null, "check_date:opening_hours": null, "opening_hours:signed": null, "internet_access:fee": null, "name:pl": null, "diet:local": null, "outdoor_seating:comfort": null, "name:en": null, "air_conditioning": null, "highchair": null, "website:menu": null, "brewery": null, "toilets:handwashing": null, "toilets:num_chambers": null, "changing_table": null, "indoor": null, "short_name": null, "access": null, "contact:instagram": null, "contact:whatsapp": null, "addr:floor": null, "internet_access:ssid": null, "food": null, "building": null, "diet:fish": null, "type": null }, "geometry": { "type": "Point", "coordinates": [ 9.1279245, 39.225437 ] } },
{ "type": "Feature", "properties": { "element": "node", "id": 4229503283, "addr:city": "Cagliari", "addr:street": "Via Santa Croce", "amenity": "restaurant", "cuisine": null, "name": "Ristorante Pani e Casu Cagliari", "note": null, "phone": null, "price": null, "addr:postcode": "09124", "addr:housenumber": "51", "website": null, "email": null, "outdoor_seating": null, "check_date": null, "payment:cash": null, "payment:mastercard": null, "payment:visa": null, "payment:visa_debit": null, "wheelchair": null, "addr:place": null, "internet_access": null, "toilets:wheelchair": null, "microbrewery": null, "opening_hours": "Tu-Su 13:00-15:00, 20:30-23:00", "indoor_seating": null, "wheelchair:description": null, "brand": null, "brand:wikidata": null, "brand:wikipedia": null, "contact:mobile": null, "contact:phone": null, "contact:website": null, "diet:vegetarian": null, "facebook": null, "operator": null, "payment:bancomat": null, "reservation": null, "toilets": null, "addr:country": null, "diet:vegan": null, "capacity": null, "source": "Regione Autonoma della Sardegna (www.sardegnageoportale.it)", "source_1": null, "delivery": null, "smoking": null, "takeaway": null, "name:signed": null, "seamark:small_craft_facility:category": null, "seamark:type": null, "contact:facebook": null, "fixme": null, "toilets:access": null, "payment:credit_cards": null, "payment:debit_cards": null, "name:it": null, "contact:email": null, "payment:american_express": null, "start_date": null, "name:ru": null, "description": null, "bar": null, "diet:meat": null, "diet:mediterranean": null, "diet:non-vegetarian": null, "diet:seafood": null, "loc_name:pl": null, "payment:contactless": null, "check_date:opening_hours": null, "opening_hours:signed": null, "internet_access:fee": null, "name:pl": null, "diet:local": null, "outdoor_seating:comfort": null, "name:en": null, "air_conditioning": null, "highchair": null, "website:menu": null, "brewery": null, "toilets:handwashing": null, "toilets:num_chambers": null, "changing_table": null, "indoor": null, "short_name": null, "access": null, "contact:instagram": null, "contact:whatsapp": null, "addr:floor": null, "internet_access:ssid": null, "food": null, "building": null, "diet:fish": null, "type": null }, "geometry": { "type": "Point", "coordinates": [ 9.1148661, 39.2192911 ] } },
{ "type": "Feature", "properties": { "element": "node", "id": 4229514603, "addr:city": "Cagliari", "addr:street": "Via La Nurra", "amenity": "restaurant", "cuisine": "pizza", "name": "Pizzeria da Gianni", "note": null, "phone": null, "price": null, "addr:postcode": null, "addr:housenumber": "41", "website": null, "email": null, "outdoor_seating": null, "check_date": null, "payment:cash": null, "payment:mastercard": null, "payment:visa": null, "payment:visa_debit": null, "wheelchair": null, "addr:place": null, "internet_access": null, "toilets:wheelchair": null, "microbrewery": null, "opening_hours": null, "indoor_seating": null, "wheelchair:description": null, "brand": null, "brand:wikidata": null, "brand:wikipedia": null, "contact:mobile": null, "contact:phone": null, "contact:website": null, "diet:vegetarian": null, "facebook": null, "operator": null, "payment:bancomat": null, "reservation": null, "toilets": null, "addr:country": null, "diet:vegan": null, "capacity": null, "source": "Regione Autonoma della Sardegna (www.sardegnageoportale.it)", "source_1": null, "delivery": null, "smoking": null, "takeaway": "yes", "name:signed": null, "seamark:small_craft_facility:category": null, "seamark:type": null, "contact:facebook": null, "fixme": null, "toilets:access": null, "payment:credit_cards": null, "payment:debit_cards": null, "name:it": null, "contact:email": null, "payment:american_express": null, "start_date": null, "name:ru": null, "description": null, "bar": null, "diet:meat": null, "diet:mediterranean": null, "diet:non-vegetarian": null, "diet:seafood": null, "loc_name:pl": null, "payment:contactless": null, "check_date:opening_hours": null, "opening_hours:signed": null, "internet_access:fee": null, "name:pl": null, "diet:local": null, "outdoor_seating:comfort": null, "name:en": null, "air_conditioning": null, "highchair": null, "website:menu": null, "brewery": null, "toilets:handwashing": null, "toilets:num_chambers": null, "changing_table": null, "indoor": null, "short_name": null, "access": null, "contact:instagram": null, "contact:whatsapp": null, "addr:floor": null, "internet_access:ssid": null, "food": null, "building": null, "diet:fish": null, "type": null }, "geometry": { "type": "Point", "coordinates": [ 9.1081794, 39.2379898 ] } },
{ "type": "Feature", "properties": { "element": "node", "id": 4229515898, "addr:city": "Cagliari", "addr:street": "Via Sardegna", "amenity": "restaurant", "cuisine": "italian", "name": "Ci pensa Cannas", "note": null, "phone": null, "price": null, "addr:postcode": null, "addr:housenumber": "43", "website": null, "email": null, "outdoor_seating": null, "check_date": null, "payment:cash": null, "payment:mastercard": null, "payment:visa": null, "payment:visa_debit": null, "wheelchair": null, "addr:place": null, "internet_access": null, "toilets:wheelchair": null, "microbrewery": null, "opening_hours": null, "indoor_seating": null, "wheelchair:description": null, "brand": null, "brand:wikidata": null, "brand:wikipedia": null, "contact:mobile": null, "contact:phone": null, "contact:website": null, "diet:vegetarian": null, "facebook": null, "operator": null, "payment:bancomat": null, "reservation": null, "toilets": null, "addr:country": null, "diet:vegan": null, "capacity": null, "source": "Regione Autonoma della Sardegna (www.sardegnageoportale.it)", "source_1": null, "delivery": null, "smoking": null, "takeaway": null, "name:signed": null, "seamark:small_craft_facility:category": null, "seamark:type": null, "contact:facebook": null, "fixme": null, "toilets:access": null, "payment:credit_cards": null, "payment:debit_cards": null, "name:it": null, "contact:email": null, "payment:american_express": null, "start_date": null, "name:ru": null, "description": null, "bar": null, "diet:meat": null, "diet:mediterranean": null, "diet:non-vegetarian": null, "diet:seafood": null, "loc_name:pl": null, "payment:contactless": null, "check_date:opening_hours": null, "opening_hours:signed": null, "internet_access:fee": null, "name:pl": null, "diet:local": null, "outdoor_seating:comfort": null, "name:en": null, "air_conditioning": null, "highchair": null, "website:menu": null, "brewery": null, "toilets:handwashing": null, "toilets:num_chambers": null, "changing_table": null, "indoor": null, "short_name": null, "access": null, "contact:instagram": null, "contact:whatsapp": null, "addr:floor": null, "internet_access:ssid": null, "food": null, "building": null, "diet:fish": null, "type": null }, "geometry": { "type": "Point", "coordinates": [ 9.1124524, 39.2147022 ] } },
{ "type": "Feature", "properties": { "element": "node", "id": 4229535991, "addr:city": "Cagliari", "addr:street": "Via Campania", "amenity": "restaurant", "cuisine": "local;pasta;seafood", "name": "Porta Portese", "note": null, "phone": null, "price": null, "addr:postcode": null, "addr:housenumber": "45a", "website": null, "email": null, "outdoor_seating": null, "check_date": null, "payment:cash": "yes", "payment:mastercard": null, "payment:visa": null, "payment:visa_debit": null, "wheelchair": null, "addr:place": null, "internet_access": null, "toilets:wheelchair": null, "microbrewery": "no", "opening_hours": null, "indoor_seating": null, "wheelchair:description": null, "brand": null, "brand:wikidata": null, "brand:wikipedia": null, "contact:mobile": null, "contact:phone": null, "contact:website": null, "diet:vegetarian": "yes", "facebook": null, "operator": null, "payment:bancomat": null, "reservation": null, "toilets": "yes", "addr:country": null, "diet:vegan": null, "capacity": null, "source": "Regione Autonoma della Sardegna (www.sardegnageoportale.it)", "source_1": null, "delivery": null, "smoking": null, "takeaway": null, "name:signed": null, "seamark:small_craft_facility:category": null, "seamark:type": null, "contact:facebook": null, "fixme": null, "toilets:access": null, "payment:credit_cards": "yes", "payment:debit_cards": "yes", "name:it": null, "contact:email": null, "payment:american_express": null, "start_date": null, "name:ru": null, "description": null, "bar": "yes", "diet:meat": "yes", "diet:mediterranean": "yes", "diet:non-vegetarian": "yes", "diet:seafood": "yes", "loc_name:pl": "Restauracja Pana Dresa", "payment:contactless": "yes", "check_date:opening_hours": null, "opening_hours:signed": null, "internet_access:fee": null, "name:pl": null, "diet:local": null, "outdoor_seating:comfort": null, "name:en": null, "air_conditioning": null, "highchair": null, "website:menu": null, "brewery": null, "toilets:handwashing": null, "toilets:num_chambers": null, "changing_table": null, "indoor": null, "short_name": null, "access": null, "contact:instagram": null, "contact:whatsapp": null, "addr:floor": null, "internet_access:ssid": null, "food": null, "building": null, "diet:fish": null, "type": null }, "geometry": { "type": "Point", "coordinates": [ 9.1124271, 39.233461 ] } },
{ "type": "Feature", "properties": { "element": "node", "id": 4229537802, "addr:city": "Cagliari", "addr:street": "Via Monte Santo", "amenity": "restaurant", "cuisine": "pizza", "name": "XL", "note": null, "phone": null, "price": null, "addr:postcode": null, "addr:housenumber": "50", "website": null, "email": null, "outdoor_seating": "no", "check_date": null, "payment:cash": null, "payment:mastercard": null, "payment:visa": null, "payment:visa_debit": null, "wheelchair": null, "addr:place": null, "internet_access": null, "toilets:wheelchair": null, "microbrewery": null, "opening_hours": null, "indoor_seating": "yes", "wheelchair:description": null, "brand": null, "brand:wikidata": null, "brand:wikipedia": null, "contact:mobile": null, "contact:phone": null, "contact:website": null, "diet:vegetarian": null, "facebook": null, "operator": null, "payment:bancomat": null, "reservation": null, "toilets": null, "addr:country": null, "diet:vegan": null, "capacity": null, "source": "Regione Autonoma della Sardegna (www.sardegnageoportale.it)", "source_1": null, "delivery": null, "smoking": null, "takeaway": null, "name:signed": null, "seamark:small_craft_facility:category": null, "seamark:type": null, "contact:facebook": null, "fixme": null, "toilets:access": null, "payment:credit_cards": null, "payment:debit_cards": null, "name:it": null, "contact:email": null, "payment:american_express": null, "start_date": null, "name:ru": null, "description": null, "bar": null, "diet:meat": null, "diet:mediterranean": null, "diet:non-vegetarian": null, "diet:seafood": null, "loc_name:pl": null, "payment:contactless": null, "check_date:opening_hours": "2025-06-21", "opening_hours:signed": "no", "internet_access:fee": null, "name:pl": null, "diet:local": null, "outdoor_seating:comfort": null, "name:en": null, "air_conditioning": null, "highchair": null, "website:menu": null, "brewery": null, "toilets:handwashing": null, "toilets:num_chambers": null, "changing_table": null, "indoor": null, "short_name": null, "access": null, "contact:instagram": null, "contact:whatsapp": null, "addr:floor": null, "internet_access:ssid": null, "food": null, "building": null, "diet:fish": null, "type": null }, "geometry": { "type": "Point", "coordinates": [ 9.1037234, 39.2360577 ] } },
{ "type": "Feature", "properties": { "element": "node", "id": 4229592101, "addr:city": "Cagliari", "addr:street": "Via Napoli", "amenity": "restaurant", "cuisine": "kyrgyz", "name": "Nasip", "note": null, "phone": null, "price": null, "addr:postcode": null, "addr:housenumber": "55", "website": null, "email": null, "outdoor_seating": null, "check_date": null, "payment:cash": null, "payment:mastercard": null, "payment:visa": null, "payment:visa_debit": null, "wheelchair": null, "addr:place": null, "internet_access": null, "toilets:wheelchair": null, "microbrewery": null, "opening_hours": null, "indoor_seating": null, "wheelchair:description": null, "brand": null, "brand:wikidata": null, "brand:wikipedia": null, "contact:mobile": null, "contact:phone": null, "contact:website": null, "diet:vegetarian": null, "facebook": null, "operator": null, "payment:bancomat": null, "reservation": null, "toilets": null, "addr:country": null, "diet:vegan": null, "capacity": null, "source": "Regione Autonoma della Sardegna (www.sardegnageoportale.it)", "source_1": null, "delivery": null, "smoking": null, "takeaway": null, "name:signed": null, "seamark:small_craft_facility:category": null, "seamark:type": null, "contact:facebook": null, "fixme": null, "toilets:access": null, "payment:credit_cards": null, "payment:debit_cards": null, "name:it": null, "contact:email": null, "payment:american_express": null, "start_date": null, "name:ru": null, "description": null, "bar": null, "diet:meat": null, "diet:mediterranean": null, "diet:non-vegetarian": null, "diet:seafood": null, "loc_name:pl": null, "payment:contactless": null, "check_date:opening_hours": null, "opening_hours:signed": null, "internet_access:fee": null, "name:pl": null, "diet:local": null, "outdoor_seating:comfort": null, "name:en": null, "air_conditioning": null, "highchair": null, "website:menu": null, "brewery": null, "toilets:handwashing": null, "toilets:num_chambers": null, "changing_table": null, "indoor": null, "short_name": null, "access": null, "contact:instagram": null, "contact:whatsapp": null, "addr:floor": null, "internet_access:ssid": null, "food": null, "building": null, "diet:fish": null, "type": null }, "geometry": { "type": "Point", "coordinates": [ 9.1134376, 39.2153576 ] } },
{ "type": "Feature", "properties": { "element": "node", "id": 4229607705, "addr:city": "Cagliari", "addr:street": "Via Sardegna", "amenity": "restaurant", "cuisine": "regional;sardinian", "name": "Trattoria Gennargentu", "note": null, "phone": null, "price": null, "addr:postcode": null, "addr:housenumber": "60c", "website": null, "email": null, "outdoor_seating": "street", "check_date": "2023-09-10", "payment:cash": "yes", "payment:mastercard": "yes", "payment:visa": "yes", "payment:visa_debit": null, "wheelchair": null, "addr:place": null, "internet_access": null, "toilets:wheelchair": null, "microbrewery": null, "opening_hours": "Mo-Sa 12:30-15:00,20:00-23:00; We off; Su 12:30-16:00", "indoor_seating": null, "wheelchair:description": null, "brand": null, "brand:wikidata": null, "brand:wikipedia": null, "contact:mobile": null, "contact:phone": "+39 373 865 9682", "contact:website": null, "diet:vegetarian": null, "facebook": null, "operator": null, "payment:bancomat": null, "reservation": null, "toilets": null, "addr:country": null, "diet:vegan": null, "capacity": null, "source": "Regione Autonoma della Sardegna (www.sardegnageoportale.it)", "source_1": null, "delivery": null, "smoking": null, "takeaway": null, "name:signed": null, "seamark:small_craft_facility:category": null, "seamark:type": null, "contact:facebook": "https://www.facebook.com/Trattoria-Gennargentu-1064390823632589/", "fixme": null, "toilets:access": null, "payment:credit_cards": null, "payment:debit_cards": null, "name:it": null, "contact:email": "trattoriagennargentu@tiscali.it", "payment:american_express": "yes", "start_date": null, "name:ru": null, "description": null, "bar": null, "diet:meat": null, "diet:mediterranean": null, "diet:non-vegetarian": null, "diet:seafood": null, "loc_name:pl": null, "payment:contactless": null, "check_date:opening_hours": null, "opening_hours:signed": null, "internet_access:fee": null, "name:pl": null, "diet:local": null, "outdoor_seating:comfort": null, "name:en": null, "air_conditioning": null, "highchair": null, "website:menu": null, "brewery": null, "toilets:handwashing": null, "toilets:num_chambers": null, "changing_table": null, "indoor": null, "short_name": null, "access": null, "contact:instagram": null, "contact:whatsapp": null, "addr:floor": null, "internet_access:ssid": null, "food": null, "building": null, "diet:fish": null, "type": null }, "geometry": { "type": "Point", "coordinates": [ 9.1134264, 39.2142111 ] } },
{ "type": "Feature", "properties": { "element": "node", "id": 4229623422, "addr:city": "Cagliari", "addr:street": "Via Diego Gregorio Cadello", "amenity": "restaurant", "cuisine": "kebab", "name": "Ali baba n°1", "note": null, "phone": null, "price": null, "addr:postcode": null, "addr:housenumber": "7", "website": null, "email": null, "outdoor_seating": null, "check_date": null, "payment:cash": null, "payment:mastercard": null, "payment:visa": null, "payment:visa_debit": null, "wheelchair": null, "addr:place": null, "internet_access": null, "toilets:wheelchair": null, "microbrewery": null, "opening_hours": null, "indoor_seating": null, "wheelchair:description": null, "brand": null, "brand:wikidata": null, "brand:wikipedia": null, "contact:mobile": null, "contact:phone": null, "contact:website": null, "diet:vegetarian": null, "facebook": null, "operator": null, "payment:bancomat": null, "reservation": null, "toilets": null, "addr:country": null, "diet:vegan": null, "capacity": null, "source": "Regione Autonoma della Sardegna (www.sardegnageoportale.it)", "source_1": null, "delivery": null, "smoking": null, "takeaway": null, "name:signed": null, "seamark:small_craft_facility:category": null, "seamark:type": null, "contact:facebook": null, "fixme": null, "toilets:access": null, "payment:credit_cards": null, "payment:debit_cards": null, "name:it": null, "contact:email": null, "payment:american_express": null, "start_date": null, "name:ru": null, "description": null, "bar": null, "diet:meat": null, "diet:mediterranean": null, "diet:non-vegetarian": null, "diet:seafood": null, "loc_name:pl": null, "payment:contactless": null, "check_date:opening_hours": null, "opening_hours:signed": null, "internet_access:fee": null, "name:pl": null, "diet:local": null, "outdoor_seating:comfort": null, "name:en": null, "air_conditioning": null, "highchair": null, "website:menu": null, "brewery": null, "toilets:handwashing": null, "toilets:num_chambers": null, "changing_table": null, "indoor": null, "short_name": null, "access": null, "contact:instagram": null, "contact:whatsapp": null, "addr:floor": null, "internet_access:ssid": null, "food": null, "building": null, "diet:fish": null, "type": null }, "geometry": { "type": "Point", "coordinates": [ 9.1120252, 39.2348136 ] } },
{ "type": "Feature", "properties": { "element": "node", "id": 4229625377, "addr:city": "Cagliari", "addr:street": "Via Alessandro Poerio", "amenity": "restaurant", "cuisine": "pizza", "name": "Pizzamania", "note": null, "phone": "+39 070 520496", "price": null, "addr:postcode": null, "addr:housenumber": "9", "website": "http://pizzamaniapirri.altervista.org", "email": null, "outdoor_seating": null, "check_date": null, "payment:cash": null, "payment:mastercard": null, "payment:visa": null, "payment:visa_debit": null, "wheelchair": null, "addr:place": null, "internet_access": null, "toilets:wheelchair": null, "microbrewery": null, "opening_hours": null, "indoor_seating": null, "wheelchair:description": null, "brand": null, "brand:wikidata": null, "brand:wikipedia": null, "contact:mobile": null, "contact:phone": null, "contact:website": null, "diet:vegetarian": null, "facebook": null, "operator": null, "payment:bancomat": null, "reservation": null, "toilets": null, "addr:country": null, "diet:vegan": null, "capacity": null, "source": "Regione Autonoma della Sardegna (www.sardegnageoportale.it)", "source_1": null, "delivery": null, "smoking": null, "takeaway": null, "name:signed": null, "seamark:small_craft_facility:category": null, "seamark:type": null, "contact:facebook": null, "fixme": null, "toilets:access": null, "payment:credit_cards": null, "payment:debit_cards": null, "name:it": null, "contact:email": null, "payment:american_express": null, "start_date": null, "name:ru": null, "description": null, "bar": null, "diet:meat": null, "diet:mediterranean": null, "diet:non-vegetarian": null, "diet:seafood": null, "loc_name:pl": null, "payment:contactless": null, "check_date:opening_hours": null, "opening_hours:signed": null, "internet_access:fee": null, "name:pl": null, "diet:local": null, "outdoor_seating:comfort": null, "name:en": null, "air_conditioning": null, "highchair": null, "website:menu": null, "brewery": null, "toilets:handwashing": null, "toilets:num_chambers": null, "changing_table": null, "indoor": null, "short_name": null, "access": null, "contact:instagram": null, "contact:whatsapp": null, "addr:floor": null, "internet_access:ssid": null, "food": null, "building": null, "diet:fish": null, "type": null }, "geometry": { "type": "Point", "coordinates": [ 9.1292634, 39.2413529 ] } },
{ "type": "Feature", "properties": { "element": "node", "id": 4229634167, "addr:city": "Cagliari", "addr:street": "Is Mirrionis", "amenity": "restaurant", "cuisine": "pizza", "name": "Amelia", "note": null, "phone": null, "price": null, "addr:postcode": null, "addr:housenumber": "73", "website": null, "email": null, "outdoor_seating": null, "check_date": null, "payment:cash": null, "payment:mastercard": null, "payment:visa": null, "payment:visa_debit": null, "wheelchair": null, "addr:place": null, "internet_access": null, "toilets:wheelchair": null, "microbrewery": null, "opening_hours": null, "indoor_seating": null, "wheelchair:description": null, "brand": null, "brand:wikidata": null, "brand:wikipedia": null, "contact:mobile": null, "contact:phone": null, "contact:website": null, "diet:vegetarian": null, "facebook": null, "operator": null, "payment:bancomat": null, "reservation": null, "toilets": null, "addr:country": null, "diet:vegan": null, "capacity": null, "source": "Regione Autonoma della Sardegna (www.sardegnageoportale.it)", "source_1": null, "delivery": null, "smoking": null, "takeaway": null, "name:signed": null, "seamark:small_craft_facility:category": null, "seamark:type": null, "contact:facebook": null, "fixme": null, "toilets:access": null, "payment:credit_cards": null, "payment:debit_cards": null, "name:it": null, "contact:email": null, "payment:american_express": null, "start_date": null, "name:ru": null, "description": null, "bar": null, "diet:meat": null, "diet:mediterranean": null, "diet:non-vegetarian": null, "diet:seafood": null, "loc_name:pl": null, "payment:contactless": null, "check_date:opening_hours": null, "opening_hours:signed": null, "internet_access:fee": null, "name:pl": null, "diet:local": null, "outdoor_seating:comfort": null, "name:en": null, "air_conditioning": null, "highchair": null, "website:menu": null, "brewery": null, "toilets:handwashing": null, "toilets:num_chambers": null, "changing_table": null, "indoor": null, "short_name": null, "access": null, "contact:instagram": null, "contact:whatsapp": null, "addr:floor": null, "internet_access:ssid": null, "food": null, "building": null, "diet:fish": null, "type": null }, "geometry": { "type": "Point", "coordinates": [ 9.1097397, 39.2353214 ] } },
{ "type": "Feature", "properties": { "element": "node", "id": 4229640629, "addr:city": "Cagliari", "addr:street": "Via Doberdò", "amenity": "restaurant", "cuisine": "pizza", "name": "Golden Pizza", "note": null, "phone": null, "price": null, "addr:postcode": null, "addr:housenumber": "7a", "website": null, "email": null, "outdoor_seating": null, "check_date": null, "payment:cash": null, "payment:mastercard": null, "payment:visa": null, "payment:visa_debit": null, "wheelchair": null, "addr:place": null, "internet_access": null, "toilets:wheelchair": null, "microbrewery": null, "opening_hours": null, "indoor_seating": null, "wheelchair:description": null, "brand": null, "brand:wikidata": null, "brand:wikipedia": null, "contact:mobile": null, "contact:phone": null, "contact:website": null, "diet:vegetarian": null, "facebook": null, "operator": null, "payment:bancomat": null, "reservation": null, "toilets": null, "addr:country": null, "diet:vegan": null, "capacity": null, "source": "Regione Autonoma della Sardegna (www.sardegnageoportale.it)", "source_1": null, "delivery": null, "smoking": null, "takeaway": null, "name:signed": null, "seamark:small_craft_facility:category": null, "seamark:type": null, "contact:facebook": null, "fixme": null, "toilets:access": null, "payment:credit_cards": null, "payment:debit_cards": null, "name:it": null, "contact:email": null, "payment:american_express": null, "start_date": null, "name:ru": null, "description": null, "bar": null, "diet:meat": null, "diet:mediterranean": null, "diet:non-vegetarian": null, "diet:seafood": null, "loc_name:pl": null, "payment:contactless": null, "check_date:opening_hours": null, "opening_hours:signed": null, "internet_access:fee": null, "name:pl": null, "diet:local": null, "outdoor_seating:comfort": null, "name:en": null, "air_conditioning": null, "highchair": null, "website:menu": null, "brewery": null, "toilets:handwashing": null, "toilets:num_chambers": null, "changing_table": null, "indoor": null, "short_name": null, "access": null, "contact:instagram": null, "contact:whatsapp": null, "addr:floor": null, "internet_access:ssid": null, "food": null, "building": null, "diet:fish": null, "type": null }, "geometry": { "type": "Point", "coordinates": [ 9.1017591, 39.2344918 ] } },
{ "type": "Feature", "properties": { "element": "node", "id": 4229640686, "addr:city": "Cagliari", "addr:street": "Via Barcellona", "amenity": "restaurant", "cuisine": null, "name": "Chef Pescador", "note": null, "phone": null, "price": null, "addr:postcode": null, "addr:housenumber": "83", "website": null, "email": null, "outdoor_seating": null, "check_date": "2023-09-14", "payment:cash": null, "payment:mastercard": null, "payment:visa": null, "payment:visa_debit": null, "wheelchair": null, "addr:place": null, "internet_access": "wlan", "toilets:wheelchair": null, "microbrewery": null, "opening_hours": null, "indoor_seating": null, "wheelchair:description": null, "brand": null, "brand:wikidata": null, "brand:wikipedia": null, "contact:mobile": null, "contact:phone": null, "contact:website": null, "diet:vegetarian": null, "facebook": null, "operator": null, "payment:bancomat": null, "reservation": null, "toilets": null, "addr:country": null, "diet:vegan": null, "capacity": null, "source": "Regione Autonoma della Sardegna (www.sardegnageoportale.it)", "source_1": null, "delivery": null, "smoking": null, "takeaway": null, "name:signed": null, "seamark:small_craft_facility:category": null, "seamark:type": null, "contact:facebook": null, "fixme": null, "toilets:access": null, "payment:credit_cards": null, "payment:debit_cards": null, "name:it": null, "contact:email": null, "payment:american_express": null, "start_date": null, "name:ru": null, "description": null, "bar": null, "diet:meat": null, "diet:mediterranean": null, "diet:non-vegetarian": null, "diet:seafood": null, "loc_name:pl": null, "payment:contactless": null, "check_date:opening_hours": null, "opening_hours:signed": null, "internet_access:fee": "customers", "name:pl": null, "diet:local": null, "outdoor_seating:comfort": null, "name:en": null, "air_conditioning": null, "highchair": null, "website:menu": null, "brewery": null, "toilets:handwashing": null, "toilets:num_chambers": null, "changing_table": null, "indoor": null, "short_name": null, "access": null, "contact:instagram": null, "contact:whatsapp": null, "addr:floor": null, "internet_access:ssid": null, "food": null, "building": null, "diet:fish": null, "type": null }, "geometry": { "type": "Point", "coordinates": [ 9.1141218, 39.2153845 ] } },
{ "type": "Feature", "properties": { "element": "node", "id": 4229641495, "addr:city": "Cagliari", "addr:street": "Viale Trieste", "amenity": "restaurant", "cuisine": "pizza;italian", "name": "S'Incontru", "note": null, "phone": null, "price": null, "addr:postcode": null, "addr:housenumber": "74", "website": "https://www.sincontru.com", "email": null, "outdoor_seating": null, "check_date": null, "payment:cash": null, "payment:mastercard": null, "payment:visa": null, "payment:visa_debit": null, "wheelchair": null, "addr:place": null, "internet_access": null, "toilets:wheelchair": null, "microbrewery": null, "opening_hours": null, "indoor_seating": null, "wheelchair:description": null, "brand": null, "brand:wikidata": null, "brand:wikipedia": null, "contact:mobile": null, "contact:phone": null, "contact:website": null, "diet:vegetarian": null, "facebook": null, "operator": null, "payment:bancomat": null, "reservation": null, "toilets": null, "addr:country": null, "diet:vegan": null, "capacity": null, "source": "Regione Autonoma della Sardegna (www.sardegnageoportale.it)", "source_1": null, "delivery": null, "smoking": null, "takeaway": null, "name:signed": null, "seamark:small_craft_facility:category": null, "seamark:type": null, "contact:facebook": null, "fixme": null, "toilets:access": null, "payment:credit_cards": null, "payment:debit_cards": null, "name:it": null, "contact:email": null, "payment:american_express": null, "start_date": null, "name:ru": null, "description": null, "bar": null, "diet:meat": null, "diet:mediterranean": null, "diet:non-vegetarian": null, "diet:seafood": null, "loc_name:pl": null, "payment:contactless": null, "check_date:opening_hours": null, "opening_hours:signed": null, "internet_access:fee": null, "name:pl": null, "diet:local": null, "outdoor_seating:comfort": null, "name:en": null, "air_conditioning": null, "highchair": null, "website:menu": null, "brewery": null, "toilets:handwashing": null, "toilets:num_chambers": null, "changing_table": null, "indoor": null, "short_name": null, "access": null, "contact:instagram": null, "contact:whatsapp": null, "addr:floor": null, "internet_access:ssid": null, "food": null, "building": null, "diet:fish": null, "type": null }, "geometry": { "type": "Point", "coordinates": [ 9.1046425, 39.2194248 ] } },
{ "type": "Feature", "properties": { "element": "node", "id": 4229641500, "addr:city": "Cagliari", "addr:street": "Via Campania", "amenity": "restaurant", "cuisine": "pizza", "name": "La picolla pizzetta", "note": null, "phone": null, "price": null, "addr:postcode": null, "addr:housenumber": "75", "website": null, "email": null, "outdoor_seating": null, "check_date": null, "payment:cash": null, "payment:mastercard": null, "payment:visa": null, "payment:visa_debit": null, "wheelchair": null, "addr:place": null, "internet_access": null, "toilets:wheelchair": null, "microbrewery": null, "opening_hours": null, "indoor_seating": null, "wheelchair:description": null, "brand": null, "brand:wikidata": null, "brand:wikipedia": null, "contact:mobile": null, "contact:phone": null, "contact:website": null, "diet:vegetarian": null, "facebook": null, "operator": null, "payment:bancomat": null, "reservation": null, "toilets": null, "addr:country": null, "diet:vegan": null, "capacity": null, "source": "Regione Autonoma della Sardegna (www.sardegnageoportale.it)", "source_1": null, "delivery": null, "smoking": null, "takeaway": null, "name:signed": null, "seamark:small_craft_facility:category": null, "seamark:type": null, "contact:facebook": null, "fixme": null, "toilets:access": null, "payment:credit_cards": null, "payment:debit_cards": null, "name:it": null, "contact:email": null, "payment:american_express": null, "start_date": null, "name:ru": null, "description": null, "bar": null, "diet:meat": null, "diet:mediterranean": null, "diet:non-vegetarian": null, "diet:seafood": null, "loc_name:pl": null, "payment:contactless": null, "check_date:opening_hours": null, "opening_hours:signed": null, "internet_access:fee": null, "name:pl": null, "diet:local": null, "outdoor_seating:comfort": null, "name:en": null, "air_conditioning": null, "highchair": null, "website:menu": null, "brewery": null, "toilets:handwashing": null, "toilets:num_chambers": null, "changing_table": null, "indoor": null, "short_name": null, "access": null, "contact:instagram": null, "contact:whatsapp": null, "addr:floor": null, "internet_access:ssid": null, "food": null, "building": null, "diet:fish": null, "type": null }, "geometry": { "type": "Point", "coordinates": [ 9.1116926, 39.2338723 ] } },
{ "type": "Feature", "properties": { "element": "node", "id": 4229642435, "addr:city": "Cagliari", "addr:street": "Piazza San Rocco", "amenity": "restaurant", "cuisine": null, "name": "Su stampu pizzeria", "note": null, "phone": null, "price": null, "addr:postcode": "09127", "addr:housenumber": "8", "website": null, "email": null, "outdoor_seating": null, "check_date": null, "payment:cash": null, "payment:mastercard": null, "payment:visa": null, "payment:visa_debit": null, "wheelchair": null, "addr:place": null, "internet_access": null, "toilets:wheelchair": null, "microbrewery": null, "opening_hours": null, "indoor_seating": null, "wheelchair:description": null, "brand": null, "brand:wikidata": null, "brand:wikipedia": null, "contact:mobile": null, "contact:phone": null, "contact:website": null, "diet:vegetarian": null, "facebook": null, "operator": null, "payment:bancomat": null, "reservation": null, "toilets": null, "addr:country": null, "diet:vegan": null, "capacity": null, "source": "Regione Autonoma della Sardegna (www.sardegnageoportale.it)", "source_1": null, "delivery": null, "smoking": null, "takeaway": null, "name:signed": null, "seamark:small_craft_facility:category": null, "seamark:type": null, "contact:facebook": null, "fixme": null, "toilets:access": null, "payment:credit_cards": null, "payment:debit_cards": null, "name:it": null, "contact:email": null, "payment:american_express": null, "start_date": null, "name:ru": null, "description": null, "bar": null, "diet:meat": null, "diet:mediterranean": null, "diet:non-vegetarian": null, "diet:seafood": null, "loc_name:pl": null, "payment:contactless": null, "check_date:opening_hours": null, "opening_hours:signed": null, "internet_access:fee": null, "name:pl": "Su stampu pizzeria", "diet:local": null, "outdoor_seating:comfort": null, "name:en": null, "air_conditioning": null, "highchair": null, "website:menu": null, "brewery": null, "toilets:handwashing": null, "toilets:num_chambers": null, "changing_table": null, "indoor": null, "short_name": null, "access": null, "contact:instagram": null, "contact:whatsapp": null, "addr:floor": null, "internet_access:ssid": null, "food": null, "building": null, "diet:fish": null, "type": null }, "geometry": { "type": "Point", "coordinates": [ 9.1213473, 39.2227621 ] } },
{ "type": "Feature", "properties": { "element": "node", "id": 4229648487, "addr:city": "Cagliari", "addr:street": "Via dei Mille", "amenity": "restaurant", "cuisine": null, "name": "Ethnica", "note": null, "phone": null, "price": null, "addr:postcode": null, "addr:housenumber": "8", "website": null, "email": null, "outdoor_seating": null, "check_date": null, "payment:cash": null, "payment:mastercard": null, "payment:visa": null, "payment:visa_debit": null, "wheelchair": null, "addr:place": null, "internet_access": null, "toilets:wheelchair": null, "microbrewery": null, "opening_hours": null, "indoor_seating": null, "wheelchair:description": null, "brand": null, "brand:wikidata": null, "brand:wikipedia": null, "contact:mobile": null, "contact:phone": null, "contact:website": null, "diet:vegetarian": null, "facebook": null, "operator": null, "payment:bancomat": null, "reservation": null, "toilets": null, "addr:country": null, "diet:vegan": null, "capacity": null, "source": "Regione Autonoma della Sardegna (www.sardegnageoportale.it)", "source_1": null, "delivery": null, "smoking": "outside", "takeaway": "yes", "name:signed": null, "seamark:small_craft_facility:category": null, "seamark:type": null, "contact:facebook": null, "fixme": null, "toilets:access": null, "payment:credit_cards": null, "payment:debit_cards": null, "name:it": null, "contact:email": null, "payment:american_express": null, "start_date": null, "name:ru": null, "description": null, "bar": null, "diet:meat": null, "diet:mediterranean": null, "diet:non-vegetarian": null, "diet:seafood": null, "loc_name:pl": null, "payment:contactless": null, "check_date:opening_hours": null, "opening_hours:signed": null, "internet_access:fee": null, "name:pl": null, "diet:local": null, "outdoor_seating:comfort": null, "name:en": null, "air_conditioning": null, "highchair": null, "website:menu": null, "brewery": null, "toilets:handwashing": null, "toilets:num_chambers": null, "changing_table": null, "indoor": null, "short_name": null, "access": null, "contact:instagram": null, "contact:whatsapp": null, "addr:floor": null, "internet_access:ssid": null, "food": null, "building": null, "diet:fish": null, "type": null }, "geometry": { "type": "Point", "coordinates": [ 9.1135031, 39.2139132 ] } },
{ "type": "Feature", "properties": { "element": "node", "id": 4229653409, "addr:city": "Cagliari", "addr:street": "Via Redipuglia", "amenity": "restaurant", "cuisine": "grill", "name": "Squisto", "note": null, "phone": "+39 070 747 6023", "price": null, "addr:postcode": null, "addr:housenumber": "82", "website": null, "email": null, "outdoor_seating": null, "check_date": null, "payment:cash": null, "payment:mastercard": null, "payment:visa": null, "payment:visa_debit": null, "wheelchair": null, "addr:place": null, "internet_access": null, "toilets:wheelchair": null, "microbrewery": null, "opening_hours": null, "indoor_seating": null, "wheelchair:description": null, "brand": null, "brand:wikidata": null, "brand:wikipedia": null, "contact:mobile": null, "contact:phone": null, "contact:website": null, "diet:vegetarian": null, "facebook": null, "operator": null, "payment:bancomat": null, "reservation": null, "toilets": null, "addr:country": null, "diet:vegan": null, "capacity": null, "source": "Regione Autonoma della Sardegna (www.sardegnageoportale.it)", "source_1": null, "delivery": null, "smoking": null, "takeaway": null, "name:signed": null, "seamark:small_craft_facility:category": null, "seamark:type": null, "contact:facebook": null, "fixme": null, "toilets:access": null, "payment:credit_cards": null, "payment:debit_cards": null, "name:it": null, "contact:email": null, "payment:american_express": null, "start_date": null, "name:ru": null, "description": null, "bar": null, "diet:meat": null, "diet:mediterranean": null, "diet:non-vegetarian": null, "diet:seafood": null, "loc_name:pl": null, "payment:contactless": null, "check_date:opening_hours": null, "opening_hours:signed": null, "internet_access:fee": null, "name:pl": null, "diet:local": null, "outdoor_seating:comfort": null, "name:en": null, "air_conditioning": null, "highchair": null, "website:menu": null, "brewery": null, "toilets:handwashing": null, "toilets:num_chambers": null, "changing_table": null, "indoor": null, "short_name": null, "access": null, "contact:instagram": null, "contact:whatsapp": null, "addr:floor": null, "internet_access:ssid": null, "food": null, "building": null, "diet:fish": null, "type": null }, "geometry": { "type": "Point", "coordinates": [ 9.1026147, 39.23551 ] } },
{ "type": "Feature", "properties": { "element": "node", "id": 4229653436, "addr:city": "Cagliari", "addr:street": "Via Sardegna", "amenity": "restaurant", "cuisine": "italian;fish;pizza", "name": "Sardegna 85", "note": null, "phone": null, "price": null, "addr:postcode": null, "addr:housenumber": "85", "website": null, "email": null, "outdoor_seating": null, "check_date": null, "payment:cash": null, "payment:mastercard": null, "payment:visa": null, "payment:visa_debit": null, "wheelchair": null, "addr:place": null, "internet_access": null, "toilets:wheelchair": null, "microbrewery": null, "opening_hours": null, "indoor_seating": null, "wheelchair:description": null, "brand": null, "brand:wikidata": null, "brand:wikipedia": null, "contact:mobile": null, "contact:phone": "+39 070 657 902", "contact:website": null, "diet:vegetarian": null, "facebook": null, "operator": null, "payment:bancomat": null, "reservation": null, "toilets": null, "addr:country": null, "diet:vegan": null, "capacity": null, "source": "Regione Autonoma della Sardegna (www.sardegnageoportale.it)", "source_1": null, "delivery": null, "smoking": null, "takeaway": null, "name:signed": null, "seamark:small_craft_facility:category": null, "seamark:type": null, "contact:facebook": null, "fixme": null, "toilets:access": null, "payment:credit_cards": null, "payment:debit_cards": null, "name:it": null, "contact:email": null, "payment:american_express": null, "start_date": null, "name:ru": null, "description": null, "bar": null, "diet:meat": null, "diet:mediterranean": null, "diet:non-vegetarian": null, "diet:seafood": null, "loc_name:pl": null, "payment:contactless": null, "check_date:opening_hours": null, "opening_hours:signed": null, "internet_access:fee": null, "name:pl": null, "diet:local": null, "outdoor_seating:comfort": null, "name:en": null, "air_conditioning": null, "highchair": null, "website:menu": null, "brewery": null, "toilets:handwashing": null, "toilets:num_chambers": null, "changing_table": null, "indoor": null, "short_name": null, "access": null, "contact:instagram": null, "contact:whatsapp": null, "addr:floor": null, "internet_access:ssid": null, "food": null, "building": null, "diet:fish": null, "type": null }, "geometry": { "type": "Point", "coordinates": [ 9.1133764, 39.2141642 ] } },
{ "type": "Feature", "properties": { "element": "node", "id": 4229656555, "addr:city": "Cagliari", "addr:street": "Viale Trento", "amenity": "restaurant", "cuisine": null, "name": "La mola sarda", "note": null, "phone": null, "price": null, "addr:postcode": null, "addr:housenumber": "84", "website": null, "email": null, "outdoor_seating": null, "check_date": null, "payment:cash": null, "payment:mastercard": null, "payment:visa": null, "payment:visa_debit": null, "wheelchair": null, "addr:place": null, "internet_access": null, "toilets:wheelchair": null, "microbrewery": null, "opening_hours": null, "indoor_seating": null, "wheelchair:description": null, "brand": null, "brand:wikidata": null, "brand:wikipedia": null, "contact:mobile": null, "contact:phone": null, "contact:website": null, "diet:vegetarian": null, "facebook": null, "operator": null, "payment:bancomat": null, "reservation": null, "toilets": null, "addr:country": null, "diet:vegan": null, "capacity": null, "source": "Regione Autonoma della Sardegna (www.sardegnageoportale.it)", "source_1": null, "delivery": null, "smoking": null, "takeaway": null, "name:signed": null, "seamark:small_craft_facility:category": null, "seamark:type": null, "contact:facebook": null, "fixme": null, "toilets:access": null, "payment:credit_cards": null, "payment:debit_cards": null, "name:it": null, "contact:email": null, "payment:american_express": null, "start_date": null, "name:ru": null, "description": null, "bar": null, "diet:meat": null, "diet:mediterranean": null, "diet:non-vegetarian": null, "diet:seafood": null, "loc_name:pl": null, "payment:contactless": null, "check_date:opening_hours": null, "opening_hours:signed": null, "internet_access:fee": null, "name:pl": null, "diet:local": null, "outdoor_seating:comfort": null, "name:en": null, "air_conditioning": null, "highchair": null, "website:menu": null, "brewery": null, "toilets:handwashing": null, "toilets:num_chambers": null, "changing_table": null, "indoor": null, "short_name": null, "access": null, "contact:instagram": null, "contact:whatsapp": null, "addr:floor": null, "internet_access:ssid": null, "food": null, "building": null, "diet:fish": null, "type": null }, "geometry": { "type": "Point", "coordinates": [ 9.1048987, 39.2230192 ] } },
{ "type": "Feature", "properties": { "element": "node", "id": 4229659695, "addr:city": "Cagliari", "addr:street": "Viale Trieste", "amenity": "restaurant", "cuisine": "Steak_house,_burger,_beer_shop", "name": "Gattarancio", "note": null, "phone": null, "price": null, "addr:postcode": null, "addr:housenumber": "86", "website": null, "email": null, "outdoor_seating": null, "check_date": "2025-02-19", "payment:cash": null, "payment:mastercard": null, "payment:visa": null, "payment:visa_debit": null, "wheelchair": null, "addr:place": null, "internet_access": null, "toilets:wheelchair": null, "microbrewery": null, "opening_hours": null, "indoor_seating": null, "wheelchair:description": null, "brand": null, "brand:wikidata": null, "brand:wikipedia": null, "contact:mobile": null, "contact:phone": null, "contact:website": null, "diet:vegetarian": null, "facebook": null, "operator": null, "payment:bancomat": null, "reservation": null, "toilets": null, "addr:country": null, "diet:vegan": null, "capacity": null, "source": "Regione Autonoma della Sardegna (www.sardegnageoportale.it)", "source_1": null, "delivery": null, "smoking": null, "takeaway": null, "name:signed": null, "seamark:small_craft_facility:category": null, "seamark:type": null, "contact:facebook": null, "fixme": null, "toilets:access": null, "payment:credit_cards": null, "payment:debit_cards": null, "name:it": null, "contact:email": null, "payment:american_express": null, "start_date": null, "name:ru": null, "description": null, "bar": null, "diet:meat": null, "diet:mediterranean": null, "diet:non-vegetarian": null, "diet:seafood": null, "loc_name:pl": null, "payment:contactless": null, "check_date:opening_hours": null, "opening_hours:signed": null, "internet_access:fee": null, "name:pl": null, "diet:local": null, "outdoor_seating:comfort": null, "name:en": null, "air_conditioning": null, "highchair": null, "website:menu": null, "brewery": null, "toilets:handwashing": null, "toilets:num_chambers": null, "changing_table": null, "indoor": null, "short_name": null, "access": null, "contact:instagram": null, "contact:whatsapp": null, "addr:floor": null, "internet_access:ssid": null, "food": null, "building": null, "diet:fish": null, "type": null }, "geometry": { "type": "Point", "coordinates": [ 9.1042108, 39.2196882 ] } },
{ "type": "Feature", "properties": { "element": "node", "id": 4229664632, "addr:city": "Cagliari", "addr:street": "Via Vittorio Porcile", "amenity": "restaurant", "cuisine": "pizza;steak", "name": "Pizzeria Il Porcile", "note": null, "phone": null, "price": null, "addr:postcode": null, "addr:housenumber": "9", "website": null, "email": null, "outdoor_seating": null, "check_date": null, "payment:cash": null, "payment:mastercard": null, "payment:visa": null, "payment:visa_debit": null, "wheelchair": null, "addr:place": null, "internet_access": null, "toilets:wheelchair": null, "microbrewery": null, "opening_hours": null, "indoor_seating": null, "wheelchair:description": null, "brand": null, "brand:wikidata": null, "brand:wikipedia": null, "contact:mobile": null, "contact:phone": null, "contact:website": null, "diet:vegetarian": null, "facebook": null, "operator": null, "payment:bancomat": null, "reservation": null, "toilets": null, "addr:country": null, "diet:vegan": null, "capacity": null, "source": "Regione Autonoma della Sardegna (www.sardegnageoportale.it)", "source_1": null, "delivery": null, "smoking": null, "takeaway": null, "name:signed": null, "seamark:small_craft_facility:category": null, "seamark:type": null, "contact:facebook": null, "fixme": null, "toilets:access": null, "payment:credit_cards": null, "payment:debit_cards": null, "name:it": null, "contact:email": null, "payment:american_express": null, "start_date": null, "name:ru": null, "description": null, "bar": null, "diet:meat": null, "diet:mediterranean": null, "diet:non-vegetarian": null, "diet:seafood": null, "loc_name:pl": null, "payment:contactless": null, "check_date:opening_hours": null, "opening_hours:signed": null, "internet_access:fee": null, "name:pl": null, "diet:local": null, "outdoor_seating:comfort": null, "name:en": null, "air_conditioning": null, "highchair": null, "website:menu": null, "brewery": null, "toilets:handwashing": null, "toilets:num_chambers": null, "changing_table": null, "indoor": null, "short_name": null, "access": null, "contact:instagram": null, "contact:whatsapp": null, "addr:floor": null, "internet_access:ssid": null, "food": null, "building": null, "diet:fish": null, "type": null }, "geometry": { "type": "Point", "coordinates": [ 9.1149166, 39.2129152 ] } },
{ "type": "Feature", "properties": { "element": "node", "id": 4229665415, "addr:city": "Cagliari", "addr:street": "Vico Secondo dei Genovesi", "amenity": "restaurant", "cuisine": "pizza", "name": "Milestone Pizzeria", "note": null, "phone": null, "price": null, "addr:postcode": null, "addr:housenumber": "9", "website": null, "email": null, "outdoor_seating": null, "check_date": null, "payment:cash": null, "payment:mastercard": null, "payment:visa": null, "payment:visa_debit": null, "wheelchair": null, "addr:place": null, "internet_access": null, "toilets:wheelchair": null, "microbrewery": null, "opening_hours": null, "indoor_seating": null, "wheelchair:description": null, "brand": null, "brand:wikidata": null, "brand:wikipedia": null, "contact:mobile": null, "contact:phone": null, "contact:website": null, "diet:vegetarian": null, "facebook": null, "operator": null, "payment:bancomat": null, "reservation": null, "toilets": null, "addr:country": null, "diet:vegan": null, "capacity": null, "source": "Regione Autonoma della Sardegna (www.sardegnageoportale.it)", "source_1": null, "delivery": null, "smoking": null, "takeaway": null, "name:signed": null, "seamark:small_craft_facility:category": null, "seamark:type": null, "contact:facebook": null, "fixme": null, "toilets:access": null, "payment:credit_cards": null, "payment:debit_cards": null, "name:it": null, "contact:email": null, "payment:american_express": null, "start_date": null, "name:ru": null, "description": null, "bar": null, "diet:meat": null, "diet:mediterranean": null, "diet:non-vegetarian": null, "diet:seafood": null, "loc_name:pl": null, "payment:contactless": null, "check_date:opening_hours": null, "opening_hours:signed": null, "internet_access:fee": null, "name:pl": null, "diet:local": null, "outdoor_seating:comfort": null, "name:en": null, "air_conditioning": null, "highchair": null, "website:menu": null, "brewery": null, "toilets:handwashing": null, "toilets:num_chambers": null, "changing_table": null, "indoor": null, "short_name": null, "access": null, "contact:instagram": null, "contact:whatsapp": null, "addr:floor": null, "internet_access:ssid": null, "food": null, "building": null, "diet:fish": null, "type": null }, "geometry": { "type": "Point", "coordinates": [ 9.115463, 39.2187017 ] } },
{ "type": "Feature", "properties": { "element": "node", "id": 4229666421, "addr:city": "Cagliari", "addr:street": "Viale Armando Diaz", "amenity": "restaurant", "cuisine": "regional;sardinian", "name": "Sa Burrida", "note": null, "phone": "+39 070 663613", "price": null, "addr:postcode": null, "addr:housenumber": "91", "website": null, "email": null, "outdoor_seating": null, "check_date": null, "payment:cash": null, "payment:mastercard": null, "payment:visa": null, "payment:visa_debit": null, "wheelchair": "no", "addr:place": null, "internet_access": null, "toilets:wheelchair": null, "microbrewery": null, "opening_hours": "Mo-Sa 11:00-15:00,18:00-00:00; Su 11:00-15:00,18:00-24:00", "indoor_seating": null, "wheelchair:description": null, "brand": null, "brand:wikidata": null, "brand:wikipedia": null, "contact:mobile": null, "contact:phone": null, "contact:website": null, "diet:vegetarian": null, "facebook": "https://www.facebook.com/saburrida/", "operator": null, "payment:bancomat": null, "reservation": null, "toilets": null, "addr:country": null, "diet:vegan": null, "capacity": null, "source": "Regione Autonoma della Sardegna (www.sardegnageoportale.it)", "source_1": null, "delivery": null, "smoking": null, "takeaway": null, "name:signed": null, "seamark:small_craft_facility:category": null, "seamark:type": null, "contact:facebook": null, "fixme": null, "toilets:access": null, "payment:credit_cards": null, "payment:debit_cards": null, "name:it": null, "contact:email": null, "payment:american_express": null, "start_date": null, "name:ru": null, "description": null, "bar": null, "diet:meat": null, "diet:mediterranean": null, "diet:non-vegetarian": null, "diet:seafood": null, "loc_name:pl": null, "payment:contactless": null, "check_date:opening_hours": null, "opening_hours:signed": null, "internet_access:fee": null, "name:pl": null, "diet:local": null, "outdoor_seating:comfort": null, "name:en": null, "air_conditioning": null, "highchair": null, "website:menu": null, "brewery": null, "toilets:handwashing": null, "toilets:num_chambers": null, "changing_table": null, "indoor": null, "short_name": null, "access": null, "contact:instagram": null, "contact:whatsapp": null, "addr:floor": null, "internet_access:ssid": null, "food": null, "building": null, "diet:fish": null, "type": null }, "geometry": { "type": "Point", "coordinates": [ 9.1199099, 39.2099372 ] } },
{ "type": "Feature", "properties": { "element": "node", "id": 4229668718, "addr:city": "Cagliari", "addr:street": "Via Vittorio Veneto", "amenity": "restaurant", "cuisine": "regional;seafood", "name": "Locanda dei buoni e cattivi", "note": null, "phone": null, "price": null, "addr:postcode": null, "addr:housenumber": "96", "website": null, "email": null, "outdoor_seating": null, "check_date": null, "payment:cash": null, "payment:mastercard": null, "payment:visa": null, "payment:visa_debit": null, "wheelchair": "yes", "addr:place": null, "internet_access": null, "toilets:wheelchair": null, "microbrewery": null, "opening_hours": null, "indoor_seating": null, "wheelchair:description": null, "brand": null, "brand:wikidata": null, "brand:wikipedia": null, "contact:mobile": null, "contact:phone": null, "contact:website": null, "diet:vegetarian": "yes", "facebook": null, "operator": null, "payment:bancomat": null, "reservation": null, "toilets": null, "addr:country": null, "diet:vegan": null, "capacity": null, "source": "Regione Autonoma della Sardegna (www.sardegnageoportale.it)", "source_1": null, "delivery": null, "smoking": null, "takeaway": null, "name:signed": null, "seamark:small_craft_facility:category": null, "seamark:type": null, "contact:facebook": null, "fixme": null, "toilets:access": null, "payment:credit_cards": null, "payment:debit_cards": null, "name:it": null, "contact:email": null, "payment:american_express": null, "start_date": null, "name:ru": null, "description": null, "bar": null, "diet:meat": "yes", "diet:mediterranean": "yes", "diet:non-vegetarian": null, "diet:seafood": "yes", "loc_name:pl": null, "payment:contactless": null, "check_date:opening_hours": null, "opening_hours:signed": null, "internet_access:fee": null, "name:pl": null, "diet:local": "yes", "outdoor_seating:comfort": null, "name:en": null, "air_conditioning": null, "highchair": null, "website:menu": null, "brewery": null, "toilets:handwashing": null, "toilets:num_chambers": null, "changing_table": null, "indoor": null, "short_name": null, "access": null, "contact:instagram": null, "contact:whatsapp": null, "addr:floor": null, "internet_access:ssid": null, "food": null, "building": null, "diet:fish": null, "type": null }, "geometry": { "type": "Point", "coordinates": [ 9.1038239, 39.2243018 ] } },
{ "type": "Feature", "properties": { "element": "node", "id": 4273980489, "addr:city": "Cagliari", "addr:street": "Via Santa Restituta", "amenity": "restaurant", "cuisine": null, "name": "PerBacco di Sabrina Silvi", "note": null, "phone": null, "price": null, "addr:postcode": "09124", "addr:housenumber": "72", "website": null, "email": null, "outdoor_seating": null, "check_date": null, "payment:cash": null, "payment:mastercard": null, "payment:visa": null, "payment:visa_debit": null, "wheelchair": "no", "addr:place": null, "internet_access": null, "toilets:wheelchair": "no", "microbrewery": null, "opening_hours": null, "indoor_seating": null, "wheelchair:description": null, "brand": null, "brand:wikidata": null, "brand:wikipedia": null, "contact:mobile": null, "contact:phone": null, "contact:website": null, "diet:vegetarian": null, "facebook": null, "operator": null, "payment:bancomat": null, "reservation": null, "toilets": null, "addr:country": null, "diet:vegan": null, "capacity": null, "source": null, "source_1": null, "delivery": null, "smoking": null, "takeaway": null, "name:signed": null, "seamark:small_craft_facility:category": null, "seamark:type": null, "contact:facebook": null, "fixme": null, "toilets:access": null, "payment:credit_cards": null, "payment:debit_cards": null, "name:it": null, "contact:email": null, "payment:american_express": null, "start_date": null, "name:ru": null, "description": null, "bar": null, "diet:meat": null, "diet:mediterranean": null, "diet:non-vegetarian": null, "diet:seafood": null, "loc_name:pl": null, "payment:contactless": null, "check_date:opening_hours": null, "opening_hours:signed": null, "internet_access:fee": null, "name:pl": null, "diet:local": null, "outdoor_seating:comfort": null, "name:en": null, "air_conditioning": null, "highchair": null, "website:menu": null, "brewery": null, "toilets:handwashing": null, "toilets:num_chambers": null, "changing_table": null, "indoor": null, "short_name": null, "access": null, "contact:instagram": null, "contact:whatsapp": null, "addr:floor": null, "internet_access:ssid": null, "food": null, "building": null, "diet:fish": null, "type": null }, "geometry": { "type": "Point", "coordinates": [ 9.112724, 39.219803 ] } },
{ "type": "Feature", "properties": { "element": "node", "id": 4438870383, "addr:city": "Cagliari", "addr:street": "Corso Vittorio Emanuele II", "amenity": "restaurant", "cuisine": null, "name": "Creperie Black Sun 2", "note": null, "phone": null, "price": null, "addr:postcode": null, "addr:housenumber": null, "website": null, "email": null, "outdoor_seating": null, "check_date": null, "payment:cash": null, "payment:mastercard": null, "payment:visa": null, "payment:visa_debit": null, "wheelchair": null, "addr:place": null, "internet_access": null, "toilets:wheelchair": null, "microbrewery": null, "opening_hours": null, "indoor_seating": null, "wheelchair:description": null, "brand": null, "brand:wikidata": null, "brand:wikipedia": null, "contact:mobile": null, "contact:phone": null, "contact:website": null, "diet:vegetarian": null, "facebook": null, "operator": null, "payment:bancomat": null, "reservation": null, "toilets": null, "addr:country": null, "diet:vegan": null, "capacity": null, "source": null, "source_1": null, "delivery": null, "smoking": null, "takeaway": null, "name:signed": null, "seamark:small_craft_facility:category": null, "seamark:type": null, "contact:facebook": null, "fixme": null, "toilets:access": null, "payment:credit_cards": null, "payment:debit_cards": null, "name:it": null, "contact:email": null, "payment:american_express": null, "start_date": null, "name:ru": null, "description": null, "bar": null, "diet:meat": null, "diet:mediterranean": null, "diet:non-vegetarian": null, "diet:seafood": null, "loc_name:pl": null, "payment:contactless": null, "check_date:opening_hours": null, "opening_hours:signed": null, "internet_access:fee": null, "name:pl": null, "diet:local": null, "outdoor_seating:comfort": null, "name:en": null, "air_conditioning": null, "highchair": null, "website:menu": null, "brewery": null, "toilets:handwashing": null, "toilets:num_chambers": null, "changing_table": null, "indoor": null, "short_name": null, "access": null, "contact:instagram": null, "contact:whatsapp": null, "addr:floor": null, "internet_access:ssid": null, "food": null, "building": null, "diet:fish": null, "type": null }, "geometry": { "type": "Point", "coordinates": [ 9.1127825, 39.2174863 ] } },
{ "type": "Feature", "properties": { "element": "node", "id": 4438870388, "addr:city": "Cagliari", "addr:street": "Corso Vittorio Emanuele II", "amenity": "restaurant", "cuisine": null, "name": "Taccas", "note": null, "phone": null, "price": null, "addr:postcode": null, "addr:housenumber": null, "website": null, "email": null, "outdoor_seating": null, "check_date": null, "payment:cash": null, "payment:mastercard": null, "payment:visa": null, "payment:visa_debit": null, "wheelchair": null, "addr:place": null, "internet_access": null, "toilets:wheelchair": null, "microbrewery": null, "opening_hours": null, "indoor_seating": null, "wheelchair:description": null, "brand": null, "brand:wikidata": null, "brand:wikipedia": null, "contact:mobile": null, "contact:phone": null, "contact:website": null, "diet:vegetarian": null, "facebook": null, "operator": null, "payment:bancomat": null, "reservation": null, "toilets": null, "addr:country": null, "diet:vegan": null, "capacity": null, "source": null, "source_1": null, "delivery": null, "smoking": null, "takeaway": null, "name:signed": null, "seamark:small_craft_facility:category": null, "seamark:type": null, "contact:facebook": null, "fixme": null, "toilets:access": null, "payment:credit_cards": null, "payment:debit_cards": null, "name:it": null, "contact:email": null, "payment:american_express": null, "start_date": null, "name:ru": null, "description": null, "bar": null, "diet:meat": null, "diet:mediterranean": null, "diet:non-vegetarian": null, "diet:seafood": null, "loc_name:pl": null, "payment:contactless": null, "check_date:opening_hours": null, "opening_hours:signed": null, "internet_access:fee": null, "name:pl": null, "diet:local": null, "outdoor_seating:comfort": null, "name:en": null, "air_conditioning": null, "highchair": null, "website:menu": null, "brewery": null, "toilets:handwashing": null, "toilets:num_chambers": null, "changing_table": null, "indoor": null, "short_name": null, "access": null, "contact:instagram": null, "contact:whatsapp": null, "addr:floor": null, "internet_access:ssid": null, "food": null, "building": null, "diet:fish": null, "type": null }, "geometry": { "type": "Point", "coordinates": [ 9.1127299, 39.2175001 ] } },
{ "type": "Feature", "properties": { "element": "node", "id": 4440523604, "addr:city": null, "addr:street": null, "amenity": "restaurant", "cuisine": "pizza", "name": "Pizzeria Il Teatro", "note": null, "phone": null, "price": null, "addr:postcode": null, "addr:housenumber": null, "website": null, "email": null, "outdoor_seating": null, "check_date": null, "payment:cash": null, "payment:mastercard": null, "payment:visa": null, "payment:visa_debit": null, "wheelchair": null, "addr:place": null, "internet_access": null, "toilets:wheelchair": null, "microbrewery": null, "opening_hours": null, "indoor_seating": null, "wheelchair:description": null, "brand": null, "brand:wikidata": null, "brand:wikipedia": null, "contact:mobile": null, "contact:phone": null, "contact:website": null, "diet:vegetarian": null, "facebook": null, "operator": null, "payment:bancomat": null, "reservation": null, "toilets": null, "addr:country": null, "diet:vegan": null, "capacity": null, "source": null, "source_1": null, "delivery": null, "smoking": null, "takeaway": null, "name:signed": null, "seamark:small_craft_facility:category": null, "seamark:type": null, "contact:facebook": null, "fixme": null, "toilets:access": null, "payment:credit_cards": null, "payment:debit_cards": null, "name:it": null, "contact:email": null, "payment:american_express": null, "start_date": null, "name:ru": null, "description": null, "bar": null, "diet:meat": null, "diet:mediterranean": null, "diet:non-vegetarian": null, "diet:seafood": null, "loc_name:pl": null, "payment:contactless": null, "check_date:opening_hours": null, "opening_hours:signed": null, "internet_access:fee": null, "name:pl": null, "diet:local": null, "outdoor_seating:comfort": null, "name:en": null, "air_conditioning": null, "highchair": null, "website:menu": null, "brewery": null, "toilets:handwashing": null, "toilets:num_chambers": null, "changing_table": null, "indoor": null, "short_name": null, "access": null, "contact:instagram": null, "contact:whatsapp": null, "addr:floor": null, "internet_access:ssid": null, "food": null, "building": null, "diet:fish": null, "type": null }, "geometry": { "type": "Point", "coordinates": [ 9.1056023, 39.2224443 ] } },
{ "type": "Feature", "properties": { "element": "node", "id": 4440523605, "addr:city": "Cagliari", "addr:street": "Corso Vittorio Emanuele II", "amenity": "restaurant", "cuisine": null, "name": "Ristorante I mori", "note": null, "phone": null, "price": null, "addr:postcode": null, "addr:housenumber": null, "website": null, "email": null, "outdoor_seating": null, "check_date": null, "payment:cash": null, "payment:mastercard": null, "payment:visa": null, "payment:visa_debit": null, "wheelchair": null, "addr:place": null, "internet_access": null, "toilets:wheelchair": null, "microbrewery": null, "opening_hours": null, "indoor_seating": null, "wheelchair:description": null, "brand": null, "brand:wikidata": null, "brand:wikipedia": null, "contact:mobile": null, "contact:phone": null, "contact:website": null, "diet:vegetarian": null, "facebook": null, "operator": null, "payment:bancomat": null, "reservation": null, "toilets": null, "addr:country": null, "diet:vegan": null, "capacity": null, "source": null, "source_1": null, "delivery": null, "smoking": null, "takeaway": null, "name:signed": null, "seamark:small_craft_facility:category": null, "seamark:type": null, "contact:facebook": null, "fixme": null, "toilets:access": null, "payment:credit_cards": null, "payment:debit_cards": null, "name:it": null, "contact:email": null, "payment:american_express": null, "start_date": null, "name:ru": null, "description": null, "bar": null, "diet:meat": null, "diet:mediterranean": null, "diet:non-vegetarian": null, "diet:seafood": null, "loc_name:pl": null, "payment:contactless": null, "check_date:opening_hours": null, "opening_hours:signed": null, "internet_access:fee": null, "name:pl": null, "diet:local": null, "outdoor_seating:comfort": null, "name:en": null, "air_conditioning": null, "highchair": null, "website:menu": null, "brewery": null, "toilets:handwashing": null, "toilets:num_chambers": null, "changing_table": null, "indoor": null, "short_name": null, "access": null, "contact:instagram": null, "contact:whatsapp": null, "addr:floor": null, "internet_access:ssid": null, "food": null, "building": null, "diet:fish": null, "type": null }, "geometry": { "type": "Point", "coordinates": [ 9.1078395, 39.2201377 ] } },
{ "type": "Feature", "properties": { "element": "node", "id": 4748819922, "addr:city": null, "addr:street": null, "amenity": "restaurant", "cuisine": null, "name": "Il bronzetto", "note": null, "phone": null, "price": null, "addr:postcode": null, "addr:housenumber": null, "website": null, "email": null, "outdoor_seating": null, "check_date": null, "payment:cash": null, "payment:mastercard": null, "payment:visa": null, "payment:visa_debit": null, "wheelchair": "no", "addr:place": null, "internet_access": null, "toilets:wheelchair": null, "microbrewery": null, "opening_hours": null, "indoor_seating": null, "wheelchair:description": null, "brand": null, "brand:wikidata": null, "brand:wikipedia": null, "contact:mobile": null, "contact:phone": null, "contact:website": null, "diet:vegetarian": null, "facebook": null, "operator": null, "payment:bancomat": null, "reservation": null, "toilets": null, "addr:country": null, "diet:vegan": null, "capacity": null, "source": null, "source_1": null, "delivery": null, "smoking": null, "takeaway": null, "name:signed": null, "seamark:small_craft_facility:category": null, "seamark:type": null, "contact:facebook": null, "fixme": null, "toilets:access": null, "payment:credit_cards": null, "payment:debit_cards": null, "name:it": null, "contact:email": null, "payment:american_express": null, "start_date": null, "name:ru": null, "description": null, "bar": null, "diet:meat": null, "diet:mediterranean": null, "diet:non-vegetarian": null, "diet:seafood": null, "loc_name:pl": null, "payment:contactless": null, "check_date:opening_hours": null, "opening_hours:signed": null, "internet_access:fee": null, "name:pl": null, "diet:local": null, "outdoor_seating:comfort": null, "name:en": null, "air_conditioning": null, "highchair": null, "website:menu": null, "brewery": null, "toilets:handwashing": null, "toilets:num_chambers": null, "changing_table": null, "indoor": null, "short_name": null, "access": null, "contact:instagram": null, "contact:whatsapp": null, "addr:floor": null, "internet_access:ssid": null, "food": null, "building": null, "diet:fish": null, "type": null }, "geometry": { "type": "Point", "coordinates": [ 9.11307, 39.2155583 ] } },
{ "type": "Feature", "properties": { "element": "node", "id": 4749315027, "addr:city": null, "addr:street": null, "amenity": "restaurant", "cuisine": null, "name": "L'imperfetto", "note": null, "phone": null, "price": null, "addr:postcode": null, "addr:housenumber": null, "website": null, "email": null, "outdoor_seating": null, "check_date": null, "payment:cash": null, "payment:mastercard": null, "payment:visa": null, "payment:visa_debit": null, "wheelchair": "yes", "addr:place": null, "internet_access": null, "toilets:wheelchair": null, "microbrewery": null, "opening_hours": null, "indoor_seating": null, "wheelchair:description": null, "brand": null, "brand:wikidata": null, "brand:wikipedia": null, "contact:mobile": null, "contact:phone": null, "contact:website": null, "diet:vegetarian": null, "facebook": null, "operator": null, "payment:bancomat": null, "reservation": null, "toilets": null, "addr:country": null, "diet:vegan": null, "capacity": null, "source": null, "source_1": null, "delivery": null, "smoking": null, "takeaway": null, "name:signed": null, "seamark:small_craft_facility:category": null, "seamark:type": null, "contact:facebook": null, "fixme": null, "toilets:access": null, "payment:credit_cards": null, "payment:debit_cards": null, "name:it": null, "contact:email": null, "payment:american_express": null, "start_date": null, "name:ru": null, "description": null, "bar": null, "diet:meat": null, "diet:mediterranean": null, "diet:non-vegetarian": null, "diet:seafood": null, "loc_name:pl": null, "payment:contactless": null, "check_date:opening_hours": null, "opening_hours:signed": null, "internet_access:fee": null, "name:pl": null, "diet:local": null, "outdoor_seating:comfort": null, "name:en": null, "air_conditioning": null, "highchair": null, "website:menu": null, "brewery": null, "toilets:handwashing": null, "toilets:num_chambers": null, "changing_table": null, "indoor": null, "short_name": null, "access": null, "contact:instagram": null, "contact:whatsapp": null, "addr:floor": null, "internet_access:ssid": null, "food": null, "building": null, "diet:fish": null, "type": null }, "geometry": { "type": "Point", "coordinates": [ 9.1159149, 39.2198659 ] } },
{ "type": "Feature", "properties": { "element": "node", "id": 5127039723, "addr:city": null, "addr:street": null, "amenity": "restaurant", "cuisine": "italian_pizza;italian", "name": "Vida", "note": null, "phone": null, "price": null, "addr:postcode": null, "addr:housenumber": null, "website": null, "email": null, "outdoor_seating": null, "check_date": null, "payment:cash": null, "payment:mastercard": null, "payment:visa": null, "payment:visa_debit": null, "wheelchair": null, "addr:place": null, "internet_access": null, "toilets:wheelchair": null, "microbrewery": null, "opening_hours": null, "indoor_seating": null, "wheelchair:description": null, "brand": null, "brand:wikidata": null, "brand:wikipedia": null, "contact:mobile": null, "contact:phone": null, "contact:website": null, "diet:vegetarian": null, "facebook": null, "operator": null, "payment:bancomat": null, "reservation": null, "toilets": null, "addr:country": null, "diet:vegan": null, "capacity": null, "source": null, "source_1": null, "delivery": null, "smoking": null, "takeaway": null, "name:signed": null, "seamark:small_craft_facility:category": null, "seamark:type": null, "contact:facebook": null, "fixme": null, "toilets:access": null, "payment:credit_cards": null, "payment:debit_cards": null, "name:it": null, "contact:email": null, "payment:american_express": null, "start_date": null, "name:ru": null, "description": null, "bar": null, "diet:meat": null, "diet:mediterranean": null, "diet:non-vegetarian": null, "diet:seafood": null, "loc_name:pl": null, "payment:contactless": null, "check_date:opening_hours": null, "opening_hours:signed": null, "internet_access:fee": null, "name:pl": null, "diet:local": null, "outdoor_seating:comfort": null, "name:en": null, "air_conditioning": null, "highchair": null, "website:menu": null, "brewery": null, "toilets:handwashing": null, "toilets:num_chambers": null, "changing_table": null, "indoor": null, "short_name": null, "access": null, "contact:instagram": null, "contact:whatsapp": null, "addr:floor": null, "internet_access:ssid": null, "food": null, "building": null, "diet:fish": null, "type": null }, "geometry": { "type": "Point", "coordinates": [ 9.1135953, 39.2156891 ] } },
{ "type": "Feature", "properties": { "element": "node", "id": 5133321440, "addr:city": "Cagliari", "addr:street": "Viale Armando Diaz", "amenity": "restaurant", "cuisine": "fish", "name": "Galaia City", "note": null, "phone": null, "price": null, "addr:postcode": null, "addr:housenumber": "37/41", "website": null, "email": null, "outdoor_seating": null, "check_date": null, "payment:cash": null, "payment:mastercard": null, "payment:visa": null, "payment:visa_debit": null, "wheelchair": "yes", "addr:place": null, "internet_access": null, "toilets:wheelchair": null, "microbrewery": null, "opening_hours": null, "indoor_seating": null, "wheelchair:description": null, "brand": null, "brand:wikidata": null, "brand:wikipedia": null, "contact:mobile": null, "contact:phone": null, "contact:website": null, "diet:vegetarian": null, "facebook": null, "operator": null, "payment:bancomat": null, "reservation": null, "toilets": null, "addr:country": null, "diet:vegan": null, "capacity": null, "source": null, "source_1": null, "delivery": null, "smoking": null, "takeaway": "no", "name:signed": null, "seamark:small_craft_facility:category": null, "seamark:type": null, "contact:facebook": null, "fixme": null, "toilets:access": null, "payment:credit_cards": null, "payment:debit_cards": null, "name:it": null, "contact:email": null, "payment:american_express": null, "start_date": null, "name:ru": null, "description": null, "bar": null, "diet:meat": null, "diet:mediterranean": null, "diet:non-vegetarian": null, "diet:seafood": null, "loc_name:pl": null, "payment:contactless": null, "check_date:opening_hours": null, "opening_hours:signed": null, "internet_access:fee": null, "name:pl": null, "diet:local": null, "outdoor_seating:comfort": null, "name:en": null, "air_conditioning": null, "highchair": null, "website:menu": null, "brewery": null, "toilets:handwashing": null, "toilets:num_chambers": null, "changing_table": null, "indoor": null, "short_name": null, "access": null, "contact:instagram": null, "contact:whatsapp": null, "addr:floor": null, "internet_access:ssid": null, "food": null, "building": null, "diet:fish": null, "type": null }, "geometry": { "type": "Point", "coordinates": [ 9.1181493, 39.2109474 ] } },
{ "type": "Feature", "properties": { "element": "node", "id": 5234820341, "addr:city": null, "addr:street": null, "amenity": "restaurant", "cuisine": null, "name": "Fork", "note": "Due ristoranti in sale separate, all'interno del medeismo locale", "phone": null, "price": null, "addr:postcode": null, "addr:housenumber": null, "website": null, "email": null, "outdoor_seating": null, "check_date": null, "payment:cash": "yes", "payment:mastercard": "yes", "payment:visa": "yes", "payment:visa_debit": null, "wheelchair": null, "addr:place": null, "internet_access": null, "toilets:wheelchair": null, "microbrewery": null, "opening_hours": "Tu-Su 12:30-15:00,20:00-23:00", "indoor_seating": null, "wheelchair:description": null, "brand": null, "brand:wikidata": null, "brand:wikipedia": null, "contact:mobile": null, "contact:phone": "+39 070 664 318", "contact:website": "https://www.stefanodeidda.it", "diet:vegetarian": null, "facebook": null, "operator": null, "payment:bancomat": null, "reservation": null, "toilets": null, "addr:country": null, "diet:vegan": null, "capacity": null, "source": null, "source_1": null, "delivery": null, "smoking": null, "takeaway": null, "name:signed": null, "seamark:small_craft_facility:category": null, "seamark:type": null, "contact:facebook": "https://www.facebook.com/pg/Fork-286355898141567/", "fixme": null, "toilets:access": null, "payment:credit_cards": null, "payment:debit_cards": null, "name:it": null, "contact:email": null, "payment:american_express": "yes", "start_date": null, "name:ru": null, "description": null, "bar": null, "diet:meat": null, "diet:mediterranean": null, "diet:non-vegetarian": null, "diet:seafood": null, "loc_name:pl": null, "payment:contactless": null, "check_date:opening_hours": null, "opening_hours:signed": null, "internet_access:fee": null, "name:pl": null, "diet:local": null, "outdoor_seating:comfort": null, "name:en": null, "air_conditioning": null, "highchair": null, "website:menu": null, "brewery": null, "toilets:handwashing": null, "toilets:num_chambers": null, "changing_table": null, "indoor": null, "short_name": null, "access": null, "contact:instagram": null, "contact:whatsapp": null, "addr:floor": null, "internet_access:ssid": null, "food": null, "building": null, "diet:fish": null, "type": null }, "geometry": { "type": "Point", "coordinates": [ 9.1158431, 39.2134329 ] } },
{ "type": "Feature", "properties": { "element": "node", "id": 5243063744, "addr:city": "Cagliari", "addr:street": "Via Barcellona", "amenity": "restaurant", "cuisine": "regional;fish", "name": "Il Malandrino", "note": null, "phone": null, "price": null, "addr:postcode": null, "addr:housenumber": null, "website": null, "email": null, "outdoor_seating": "street", "check_date": "2023-09-02", "payment:cash": null, "payment:mastercard": null, "payment:visa": null, "payment:visa_debit": null, "wheelchair": "limited", "addr:place": null, "internet_access": null, "toilets:wheelchair": null, "microbrewery": null, "opening_hours": null, "indoor_seating": null, "wheelchair:description": null, "brand": null, "brand:wikidata": null, "brand:wikipedia": null, "contact:mobile": null, "contact:phone": null, "contact:website": null, "diet:vegetarian": null, "facebook": null, "operator": null, "payment:bancomat": null, "reservation": null, "toilets": null, "addr:country": null, "diet:vegan": null, "capacity": null, "source": null, "source_1": null, "delivery": null, "smoking": null, "takeaway": null, "name:signed": null, "seamark:small_craft_facility:category": null, "seamark:type": null, "contact:facebook": null, "fixme": null, "toilets:access": null, "payment:credit_cards": null, "payment:debit_cards": null, "name:it": null, "contact:email": null, "payment:american_express": null, "start_date": null, "name:ru": null, "description": null, "bar": null, "diet:meat": null, "diet:mediterranean": null, "diet:non-vegetarian": null, "diet:seafood": null, "loc_name:pl": null, "payment:contactless": null, "check_date:opening_hours": null, "opening_hours:signed": null, "internet_access:fee": null, "name:pl": null, "diet:local": null, "outdoor_seating:comfort": null, "name:en": null, "air_conditioning": null, "highchair": null, "website:menu": null, "brewery": null, "toilets:handwashing": null, "toilets:num_chambers": null, "changing_table": null, "indoor": null, "short_name": null, "access": null, "contact:instagram": null, "contact:whatsapp": null, "addr:floor": null, "internet_access:ssid": null, "food": null, "building": null, "diet:fish": null, "type": null }, "geometry": { "type": "Point", "coordinates": [ 9.1134184, 39.2148108 ] } },
{ "type": "Feature", "properties": { "element": "node", "id": 5282843248, "addr:city": "Cagliari", "addr:street": "Via Goffredo Mameli", "amenity": "restaurant", "cuisine": null, "name": "Red Skin", "note": null, "phone": null, "price": null, "addr:postcode": null, "addr:housenumber": null, "website": null, "email": null, "outdoor_seating": null, "check_date": null, "payment:cash": null, "payment:mastercard": null, "payment:visa": null, "payment:visa_debit": null, "wheelchair": null, "addr:place": null, "internet_access": null, "toilets:wheelchair": null, "microbrewery": null, "opening_hours": null, "indoor_seating": null, "wheelchair:description": null, "brand": null, "brand:wikidata": null, "brand:wikipedia": null, "contact:mobile": null, "contact:phone": null, "contact:website": null, "diet:vegetarian": null, "facebook": null, "operator": null, "payment:bancomat": null, "reservation": null, "toilets": null, "addr:country": null, "diet:vegan": null, "capacity": null, "source": null, "source_1": null, "delivery": null, "smoking": null, "takeaway": null, "name:signed": null, "seamark:small_craft_facility:category": null, "seamark:type": null, "contact:facebook": null, "fixme": null, "toilets:access": null, "payment:credit_cards": null, "payment:debit_cards": null, "name:it": null, "contact:email": null, "payment:american_express": null, "start_date": null, "name:ru": null, "description": null, "bar": null, "diet:meat": null, "diet:mediterranean": null, "diet:non-vegetarian": null, "diet:seafood": null, "loc_name:pl": null, "payment:contactless": null, "check_date:opening_hours": null, "opening_hours:signed": null, "internet_access:fee": null, "name:pl": null, "diet:local": null, "outdoor_seating:comfort": null, "name:en": null, "air_conditioning": null, "highchair": null, "website:menu": null, "brewery": null, "toilets:handwashing": null, "toilets:num_chambers": null, "changing_table": null, "indoor": null, "short_name": null, "access": null, "contact:instagram": null, "contact:whatsapp": null, "addr:floor": null, "internet_access:ssid": null, "food": null, "building": null, "diet:fish": null, "type": null }, "geometry": { "type": "Point", "coordinates": [ 9.1087166, 39.2188089 ] } },
{ "type": "Feature", "properties": { "element": "node", "id": 5282843249, "addr:city": "Cagliari", "addr:street": "Via Goffredo Mameli", "amenity": "restaurant", "cuisine": "seafood;pasta;regional", "name": "140 Grammi", "note": null, "phone": null, "price": null, "addr:postcode": null, "addr:housenumber": "91", "website": null, "email": null, "outdoor_seating": "no", "check_date": "2023-08-31", "payment:cash": null, "payment:mastercard": "yes", "payment:visa": "yes", "payment:visa_debit": "yes", "wheelchair": "yes", "addr:place": null, "internet_access": "wlan", "toilets:wheelchair": "yes", "microbrewery": null, "opening_hours": null, "indoor_seating": null, "wheelchair:description": null, "brand": null, "brand:wikidata": null, "brand:wikipedia": null, "contact:mobile": null, "contact:phone": "+39 070 660001", "contact:website": null, "diet:vegetarian": "yes", "facebook": null, "operator": "Good Food s.r.l.", "payment:bancomat": "yes", "reservation": "yes", "toilets": "yes", "addr:country": null, "diet:vegan": "yes", "capacity": null, "source": null, "source_1": null, "delivery": null, "smoking": null, "takeaway": null, "name:signed": null, "seamark:small_craft_facility:category": null, "seamark:type": null, "contact:facebook": null, "fixme": null, "toilets:access": null, "payment:credit_cards": null, "payment:debit_cards": null, "name:it": null, "contact:email": null, "payment:american_express": null, "start_date": null, "name:ru": null, "description": null, "bar": null, "diet:meat": null, "diet:mediterranean": null, "diet:non-vegetarian": null, "diet:seafood": null, "loc_name:pl": null, "payment:contactless": null, "check_date:opening_hours": null, "opening_hours:signed": null, "internet_access:fee": "no", "name:pl": null, "diet:local": null, "outdoor_seating:comfort": null, "name:en": null, "air_conditioning": null, "highchair": null, "website:menu": null, "brewery": null, "toilets:handwashing": null, "toilets:num_chambers": null, "changing_table": null, "indoor": null, "short_name": null, "access": null, "contact:instagram": null, "contact:whatsapp": null, "addr:floor": null, "internet_access:ssid": null, "food": null, "building": null, "diet:fish": null, "type": null }, "geometry": { "type": "Point", "coordinates": [ 9.1089632, 39.2186305 ] } },
{ "type": "Feature", "properties": { "element": "node", "id": 5552073669, "addr:city": null, "addr:street": "Viale Sant'Avendrace", "amenity": "restaurant", "cuisine": null, "name": "Ristoro Rosa Dei Venti", "note": null, "phone": null, "price": null, "addr:postcode": "09122", "addr:housenumber": "147", "website": null, "email": null, "outdoor_seating": null, "check_date": null, "payment:cash": null, "payment:mastercard": null, "payment:visa": null, "payment:visa_debit": null, "wheelchair": null, "addr:place": null, "internet_access": null, "toilets:wheelchair": null, "microbrewery": null, "opening_hours": null, "indoor_seating": null, "wheelchair:description": null, "brand": null, "brand:wikidata": null, "brand:wikipedia": null, "contact:mobile": null, "contact:phone": null, "contact:website": null, "diet:vegetarian": null, "facebook": null, "operator": null, "payment:bancomat": null, "reservation": null, "toilets": null, "addr:country": null, "diet:vegan": null, "capacity": null, "source": null, "source_1": null, "delivery": null, "smoking": null, "takeaway": null, "name:signed": null, "seamark:small_craft_facility:category": null, "seamark:type": null, "contact:facebook": null, "fixme": null, "toilets:access": null, "payment:credit_cards": null, "payment:debit_cards": null, "name:it": null, "contact:email": null, "payment:american_express": null, "start_date": null, "name:ru": null, "description": null, "bar": null, "diet:meat": null, "diet:mediterranean": null, "diet:non-vegetarian": null, "diet:seafood": null, "loc_name:pl": null, "payment:contactless": null, "check_date:opening_hours": null, "opening_hours:signed": null, "internet_access:fee": null, "name:pl": null, "diet:local": null, "outdoor_seating:comfort": null, "name:en": null, "air_conditioning": null, "highchair": null, "website:menu": null, "brewery": null, "toilets:handwashing": null, "toilets:num_chambers": null, "changing_table": null, "indoor": null, "short_name": null, "access": null, "contact:instagram": null, "contact:whatsapp": null, "addr:floor": null, "internet_access:ssid": null, "food": null, "building": null, "diet:fish": null, "type": null }, "geometry": { "type": "Point", "coordinates": [ 9.099091, 39.2296134 ] } },
{ "type": "Feature", "properties": { "element": "node", "id": 5810352079, "addr:city": "Cagliari", "addr:street": "Via Santa Croce", "amenity": "restaurant", "cuisine": null, "name": "Libarium Nostrum", "note": null, "phone": null, "price": null, "addr:postcode": "09124", "addr:housenumber": "33", "website": "https://m.facebook.com/Libarium-Nostrum-1593135687567911/?rf=316786478457232", "email": null, "outdoor_seating": "yes", "check_date": null, "payment:cash": "yes", "payment:mastercard": "yes", "payment:visa": "yes", "payment:visa_debit": "yes", "wheelchair": null, "addr:place": null, "internet_access": null, "toilets:wheelchair": null, "microbrewery": null, "opening_hours": "Mo-Su 07:30-02:00", "indoor_seating": null, "wheelchair:description": null, "brand": null, "brand:wikidata": null, "brand:wikipedia": null, "contact:mobile": null, "contact:phone": "+39 3465220212", "contact:website": null, "diet:vegetarian": null, "facebook": null, "operator": null, "payment:bancomat": null, "reservation": null, "toilets": null, "addr:country": null, "diet:vegan": null, "capacity": null, "source": null, "source_1": null, "delivery": null, "smoking": null, "takeaway": null, "name:signed": null, "seamark:small_craft_facility:category": null, "seamark:type": null, "contact:facebook": null, "fixme": null, "toilets:access": null, "payment:credit_cards": null, "payment:debit_cards": null, "name:it": null, "contact:email": null, "payment:american_express": "yes", "start_date": null, "name:ru": null, "description": null, "bar": null, "diet:meat": null, "diet:mediterranean": null, "diet:non-vegetarian": null, "diet:seafood": null, "loc_name:pl": null, "payment:contactless": null, "check_date:opening_hours": "2025-03-11", "opening_hours:signed": null, "internet_access:fee": null, "name:pl": null, "diet:local": null, "outdoor_seating:comfort": "weather_protection", "name:en": null, "air_conditioning": null, "highchair": null, "website:menu": null, "brewery": null, "toilets:handwashing": null, "toilets:num_chambers": null, "changing_table": null, "indoor": null, "short_name": null, "access": null, "contact:instagram": null, "contact:whatsapp": null, "addr:floor": null, "internet_access:ssid": null, "food": null, "building": null, "diet:fish": null, "type": null }, "geometry": { "type": "Point", "coordinates": [ 9.1150683, 39.2186994 ] } },
{ "type": "Feature", "properties": { "element": "node", "id": 5810359108, "addr:city": null, "addr:street": "Piazza Constituzione", "amenity": "restaurant", "cuisine": null, "name": "Nerocarbone", "note": null, "phone": null, "price": null, "addr:postcode": null, "addr:housenumber": "20", "website": null, "email": null, "outdoor_seating": "yes", "check_date": null, "payment:cash": null, "payment:mastercard": null, "payment:visa": null, "payment:visa_debit": null, "wheelchair": null, "addr:place": null, "internet_access": null, "toilets:wheelchair": null, "microbrewery": null, "opening_hours": null, "indoor_seating": "yes", "wheelchair:description": null, "brand": null, "brand:wikidata": null, "brand:wikipedia": null, "contact:mobile": null, "contact:phone": null, "contact:website": null, "diet:vegetarian": null, "facebook": null, "operator": null, "payment:bancomat": null, "reservation": null, "toilets": null, "addr:country": null, "diet:vegan": null, "capacity": null, "source": null, "source_1": null, "delivery": null, "smoking": null, "takeaway": null, "name:signed": null, "seamark:small_craft_facility:category": null, "seamark:type": null, "contact:facebook": null, "fixme": null, "toilets:access": null, "payment:credit_cards": null, "payment:debit_cards": null, "name:it": null, "contact:email": null, "payment:american_express": null, "start_date": null, "name:ru": null, "description": null, "bar": null, "diet:meat": null, "diet:mediterranean": null, "diet:non-vegetarian": null, "diet:seafood": null, "loc_name:pl": null, "payment:contactless": null, "check_date:opening_hours": null, "opening_hours:signed": null, "internet_access:fee": null, "name:pl": null, "diet:local": null, "outdoor_seating:comfort": null, "name:en": null, "air_conditioning": null, "highchair": null, "website:menu": null, "brewery": null, "toilets:handwashing": null, "toilets:num_chambers": null, "changing_table": null, "indoor": null, "short_name": null, "access": null, "contact:instagram": null, "contact:whatsapp": null, "addr:floor": null, "internet_access:ssid": null, "food": null, "building": null, "diet:fish": null, "type": null }, "geometry": { "type": "Point", "coordinates": [ 9.1170657, 39.215205 ] } },
{ "type": "Feature", "properties": { "element": "node", "id": 5810359553, "addr:city": null, "addr:street": "Piazza Constituzione", "amenity": "restaurant", "cuisine": null, "name": "Baru’s", "note": null, "phone": null, "price": null, "addr:postcode": null, "addr:housenumber": "18", "website": null, "email": null, "outdoor_seating": "yes", "check_date": null, "payment:cash": null, "payment:mastercard": null, "payment:visa": null, "payment:visa_debit": null, "wheelchair": null, "addr:place": null, "internet_access": null, "toilets:wheelchair": null, "microbrewery": null, "opening_hours": null, "indoor_seating": "yes", "wheelchair:description": null, "brand": null, "brand:wikidata": null, "brand:wikipedia": null, "contact:mobile": null, "contact:phone": null, "contact:website": null, "diet:vegetarian": null, "facebook": null, "operator": null, "payment:bancomat": null, "reservation": null, "toilets": null, "addr:country": null, "diet:vegan": null, "capacity": null, "source": null, "source_1": null, "delivery": null, "smoking": null, "takeaway": null, "name:signed": null, "seamark:small_craft_facility:category": null, "seamark:type": null, "contact:facebook": null, "fixme": null, "toilets:access": null, "payment:credit_cards": null, "payment:debit_cards": null, "name:it": null, "contact:email": null, "payment:american_express": null, "start_date": null, "name:ru": null, "description": null, "bar": null, "diet:meat": null, "diet:mediterranean": null, "diet:non-vegetarian": null, "diet:seafood": null, "loc_name:pl": null, "payment:contactless": null, "check_date:opening_hours": null, "opening_hours:signed": null, "internet_access:fee": null, "name:pl": null, "diet:local": null, "outdoor_seating:comfort": null, "name:en": null, "air_conditioning": null, "highchair": null, "website:menu": null, "brewery": null, "toilets:handwashing": null, "toilets:num_chambers": null, "changing_table": null, "indoor": null, "short_name": null, "access": null, "contact:instagram": null, "contact:whatsapp": null, "addr:floor": null, "internet_access:ssid": null, "food": null, "building": null, "diet:fish": null, "type": null }, "geometry": { "type": "Point", "coordinates": [ 9.1171244, 39.2152545 ] } },
{ "type": "Feature", "properties": { "element": "node", "id": 5861146431, "addr:city": null, "addr:street": null, "amenity": "restaurant", "cuisine": "Pinsa;Gelati;Pasticceria", "name": "Good", "note": null, "phone": null, "price": null, "addr:postcode": null, "addr:housenumber": null, "website": null, "email": null, "outdoor_seating": "yes", "check_date": null, "payment:cash": null, "payment:mastercard": null, "payment:visa": null, "payment:visa_debit": null, "wheelchair": null, "addr:place": null, "internet_access": null, "toilets:wheelchair": null, "microbrewery": null, "opening_hours": null, "indoor_seating": null, "wheelchair:description": null, "brand": null, "brand:wikidata": null, "brand:wikipedia": null, "contact:mobile": null, "contact:phone": null, "contact:website": null, "diet:vegetarian": null, "facebook": null, "operator": null, "payment:bancomat": null, "reservation": null, "toilets": null, "addr:country": null, "diet:vegan": null, "capacity": null, "source": null, "source_1": null, "delivery": null, "smoking": null, "takeaway": null, "name:signed": null, "seamark:small_craft_facility:category": null, "seamark:type": null, "contact:facebook": null, "fixme": null, "toilets:access": null, "payment:credit_cards": null, "payment:debit_cards": null, "name:it": null, "contact:email": null, "payment:american_express": null, "start_date": null, "name:ru": null, "description": null, "bar": null, "diet:meat": null, "diet:mediterranean": null, "diet:non-vegetarian": null, "diet:seafood": null, "loc_name:pl": null, "payment:contactless": null, "check_date:opening_hours": null, "opening_hours:signed": null, "internet_access:fee": null, "name:pl": null, "diet:local": null, "outdoor_seating:comfort": null, "name:en": null, "air_conditioning": null, "highchair": null, "website:menu": null, "brewery": null, "toilets:handwashing": null, "toilets:num_chambers": null, "changing_table": null, "indoor": null, "short_name": null, "access": null, "contact:instagram": null, "contact:whatsapp": null, "addr:floor": null, "internet_access:ssid": null, "food": null, "building": null, "diet:fish": null, "type": null }, "geometry": { "type": "Point", "coordinates": [ 9.1422367, 39.2011501 ] } },
{ "type": "Feature", "properties": { "element": "node", "id": 5917544586, "addr:city": null, "addr:street": "Corso Vittorio Emanuele II", "amenity": "restaurant", "cuisine": "seafood;fish;local", "name": "Fanà", "note": null, "phone": "+39 070 680326", "price": null, "addr:postcode": null, "addr:housenumber": "99", "website": "http://www.ilfana.it", "email": null, "outdoor_seating": "yes", "check_date": null, "payment:cash": null, "payment:mastercard": null, "payment:visa": null, "payment:visa_debit": null, "wheelchair": null, "addr:place": null, "internet_access": null, "toilets:wheelchair": null, "microbrewery": null, "opening_hours": null, "indoor_seating": "yes", "wheelchair:description": null, "brand": null, "brand:wikidata": null, "brand:wikipedia": null, "contact:mobile": null, "contact:phone": null, "contact:website": null, "diet:vegetarian": null, "facebook": null, "operator": null, "payment:bancomat": null, "reservation": null, "toilets": null, "addr:country": null, "diet:vegan": null, "capacity": null, "source": null, "source_1": null, "delivery": null, "smoking": null, "takeaway": null, "name:signed": null, "seamark:small_craft_facility:category": null, "seamark:type": null, "contact:facebook": null, "fixme": null, "toilets:access": null, "payment:credit_cards": null, "payment:debit_cards": null, "name:it": null, "contact:email": null, "payment:american_express": null, "start_date": null, "name:ru": null, "description": null, "bar": null, "diet:meat": null, "diet:mediterranean": null, "diet:non-vegetarian": null, "diet:seafood": null, "loc_name:pl": null, "payment:contactless": null, "check_date:opening_hours": null, "opening_hours:signed": null, "internet_access:fee": null, "name:pl": null, "diet:local": null, "outdoor_seating:comfort": null, "name:en": null, "air_conditioning": null, "highchair": null, "website:menu": null, "brewery": null, "toilets:handwashing": null, "toilets:num_chambers": null, "changing_table": null, "indoor": null, "short_name": null, "access": null, "contact:instagram": null, "contact:whatsapp": null, "addr:floor": null, "internet_access:ssid": null, "food": null, "building": null, "diet:fish": null, "type": null }, "geometry": { "type": "Point", "coordinates": [ 9.1112356, 39.218218 ] } },
{ "type": "Feature", "properties": { "element": "node", "id": 5975170885, "addr:city": "Cagliari", "addr:street": "Piazza Yenne", "amenity": "restaurant", "cuisine": null, "name": "White Stone", "note": null, "phone": null, "price": null, "addr:postcode": "09124", "addr:housenumber": "16", "website": null, "email": null, "outdoor_seating": "pedestrian_zone", "check_date": "2023-09-06", "payment:cash": null, "payment:mastercard": null, "payment:visa": null, "payment:visa_debit": null, "wheelchair": null, "addr:place": null, "internet_access": null, "toilets:wheelchair": null, "microbrewery": null, "opening_hours": null, "indoor_seating": null, "wheelchair:description": null, "brand": null, "brand:wikidata": null, "brand:wikipedia": null, "contact:mobile": null, "contact:phone": null, "contact:website": null, "diet:vegetarian": null, "facebook": null, "operator": null, "payment:bancomat": null, "reservation": null, "toilets": null, "addr:country": null, "diet:vegan": null, "capacity": null, "source": null, "source_1": null, "delivery": null, "smoking": null, "takeaway": null, "name:signed": null, "seamark:small_craft_facility:category": null, "seamark:type": null, "contact:facebook": null, "fixme": null, "toilets:access": null, "payment:credit_cards": null, "payment:debit_cards": null, "name:it": null, "contact:email": null, "payment:american_express": null, "start_date": null, "name:ru": null, "description": null, "bar": null, "diet:meat": null, "diet:mediterranean": null, "diet:non-vegetarian": null, "diet:seafood": null, "loc_name:pl": null, "payment:contactless": null, "check_date:opening_hours": null, "opening_hours:signed": null, "internet_access:fee": null, "name:pl": null, "diet:local": null, "outdoor_seating:comfort": null, "name:en": null, "air_conditioning": null, "highchair": null, "website:menu": null, "brewery": null, "toilets:handwashing": null, "toilets:num_chambers": null, "changing_table": null, "indoor": null, "short_name": null, "access": null, "contact:instagram": null, "contact:whatsapp": null, "addr:floor": null, "internet_access:ssid": null, "food": null, "building": null, "diet:fish": null, "type": null }, "geometry": { "type": "Point", "coordinates": [ 9.1139951, 39.2178425 ] } },
{ "type": "Feature", "properties": { "element": "node", "id": 5995859685, "addr:city": null, "addr:street": null, "amenity": "restaurant", "cuisine": null, "name": "one time", "note": null, "phone": null, "price": null, "addr:postcode": null, "addr:housenumber": null, "website": null, "email": null, "outdoor_seating": null, "check_date": null, "payment:cash": null, "payment:mastercard": null, "payment:visa": null, "payment:visa_debit": null, "wheelchair": "limited", "addr:place": null, "internet_access": null, "toilets:wheelchair": null, "microbrewery": null, "opening_hours": null, "indoor_seating": null, "wheelchair:description": null, "brand": null, "brand:wikidata": null, "brand:wikipedia": null, "contact:mobile": null, "contact:phone": null, "contact:website": null, "diet:vegetarian": null, "facebook": null, "operator": null, "payment:bancomat": null, "reservation": null, "toilets": null, "addr:country": null, "diet:vegan": null, "capacity": null, "source": null, "source_1": null, "delivery": null, "smoking": null, "takeaway": null, "name:signed": null, "seamark:small_craft_facility:category": null, "seamark:type": null, "contact:facebook": null, "fixme": null, "toilets:access": null, "payment:credit_cards": null, "payment:debit_cards": null, "name:it": null, "contact:email": null, "payment:american_express": null, "start_date": null, "name:ru": null, "description": null, "bar": null, "diet:meat": null, "diet:mediterranean": null, "diet:non-vegetarian": null, "diet:seafood": null, "loc_name:pl": null, "payment:contactless": null, "check_date:opening_hours": null, "opening_hours:signed": null, "internet_access:fee": null, "name:pl": null, "diet:local": null, "outdoor_seating:comfort": null, "name:en": null, "air_conditioning": null, "highchair": null, "website:menu": null, "brewery": null, "toilets:handwashing": null, "toilets:num_chambers": null, "changing_table": null, "indoor": null, "short_name": null, "access": null, "contact:instagram": null, "contact:whatsapp": null, "addr:floor": null, "internet_access:ssid": null, "food": null, "building": null, "diet:fish": null, "type": null }, "geometry": { "type": "Point", "coordinates": [ 9.1195112, 39.2166789 ] } },
{ "type": "Feature", "properties": { "element": "node", "id": 6257154585, "addr:city": null, "addr:street": "Via Sidney Sonnino", "amenity": "restaurant", "cuisine": "sushi", "name": null, "note": null, "phone": null, "price": null, "addr:postcode": null, "addr:housenumber": "48", "website": null, "email": null, "outdoor_seating": null, "check_date": null, "payment:cash": null, "payment:mastercard": null, "payment:visa": null, "payment:visa_debit": null, "wheelchair": null, "addr:place": null, "internet_access": null, "toilets:wheelchair": null, "microbrewery": null, "opening_hours": null, "indoor_seating": null, "wheelchair:description": null, "brand": null, "brand:wikidata": null, "brand:wikipedia": null, "contact:mobile": null, "contact:phone": null, "contact:website": null, "diet:vegetarian": null, "facebook": null, "operator": null, "payment:bancomat": null, "reservation": null, "toilets": null, "addr:country": null, "diet:vegan": null, "capacity": null, "source": null, "source_1": null, "delivery": null, "smoking": null, "takeaway": null, "name:signed": null, "seamark:small_craft_facility:category": null, "seamark:type": null, "contact:facebook": null, "fixme": null, "toilets:access": null, "payment:credit_cards": null, "payment:debit_cards": null, "name:it": null, "contact:email": null, "payment:american_express": null, "start_date": null, "name:ru": null, "description": null, "bar": null, "diet:meat": null, "diet:mediterranean": null, "diet:non-vegetarian": null, "diet:seafood": null, "loc_name:pl": null, "payment:contactless": null, "check_date:opening_hours": null, "opening_hours:signed": null, "internet_access:fee": null, "name:pl": null, "diet:local": null, "outdoor_seating:comfort": null, "name:en": "Sushi Tao", "air_conditioning": null, "highchair": null, "website:menu": null, "brewery": null, "toilets:handwashing": null, "toilets:num_chambers": null, "changing_table": null, "indoor": null, "short_name": null, "access": null, "contact:instagram": null, "contact:whatsapp": null, "addr:floor": null, "internet_access:ssid": null, "food": null, "building": null, "diet:fish": null, "type": null }, "geometry": { "type": "Point", "coordinates": [ 9.1189832, 39.2125603 ] } },
{ "type": "Feature", "properties": { "element": "node", "id": 6342097577, "addr:city": "Cagliari", "addr:street": "Via dei Donoratico", "amenity": "restaurant", "cuisine": "pizza", "name": "Troll", "note": null, "phone": null, "price": null, "addr:postcode": "09131", "addr:housenumber": "49", "website": null, "email": null, "outdoor_seating": null, "check_date": null, "payment:cash": null, "payment:mastercard": null, "payment:visa": null, "payment:visa_debit": null, "wheelchair": null, "addr:place": null, "internet_access": null, "toilets:wheelchair": null, "microbrewery": null, "opening_hours": null, "indoor_seating": null, "wheelchair:description": null, "brand": null, "brand:wikidata": null, "brand:wikipedia": null, "contact:mobile": null, "contact:phone": null, "contact:website": null, "diet:vegetarian": null, "facebook": null, "operator": null, "payment:bancomat": null, "reservation": null, "toilets": null, "addr:country": null, "diet:vegan": null, "capacity": null, "source": null, "source_1": null, "delivery": null, "smoking": null, "takeaway": null, "name:signed": null, "seamark:small_craft_facility:category": null, "seamark:type": null, "contact:facebook": null, "fixme": null, "toilets:access": null, "payment:credit_cards": null, "payment:debit_cards": null, "name:it": null, "contact:email": null, "payment:american_express": null, "start_date": null, "name:ru": null, "description": null, "bar": null, "diet:meat": null, "diet:mediterranean": null, "diet:non-vegetarian": null, "diet:seafood": null, "loc_name:pl": null, "payment:contactless": null, "check_date:opening_hours": null, "opening_hours:signed": null, "internet_access:fee": null, "name:pl": null, "diet:local": null, "outdoor_seating:comfort": null, "name:en": null, "air_conditioning": null, "highchair": null, "website:menu": null, "brewery": null, "toilets:handwashing": null, "toilets:num_chambers": null, "changing_table": null, "indoor": null, "short_name": null, "access": null, "contact:instagram": null, "contact:whatsapp": null, "addr:floor": null, "internet_access:ssid": null, "food": null, "building": null, "diet:fish": null, "type": null }, "geometry": { "type": "Point", "coordinates": [ 9.1233142, 39.2303976 ] } },
{ "type": "Feature", "properties": { "element": "node", "id": 6342346154, "addr:city": "Cagliari", "addr:street": "Via dei Visconti", "amenity": "restaurant", "cuisine": "pizza;pasticceria", "name": "Pilade Bar pizzeria pasticceria", "note": null, "phone": null, "price": null, "addr:postcode": "09131", "addr:housenumber": "42", "website": null, "email": null, "outdoor_seating": null, "check_date": null, "payment:cash": null, "payment:mastercard": null, "payment:visa": null, "payment:visa_debit": null, "wheelchair": null, "addr:place": null, "internet_access": null, "toilets:wheelchair": null, "microbrewery": null, "opening_hours": null, "indoor_seating": null, "wheelchair:description": null, "brand": null, "brand:wikidata": null, "brand:wikipedia": null, "contact:mobile": null, "contact:phone": null, "contact:website": null, "diet:vegetarian": null, "facebook": null, "operator": null, "payment:bancomat": null, "reservation": null, "toilets": null, "addr:country": null, "diet:vegan": null, "capacity": null, "source": null, "source_1": null, "delivery": null, "smoking": null, "takeaway": null, "name:signed": null, "seamark:small_craft_facility:category": null, "seamark:type": null, "contact:facebook": null, "fixme": null, "toilets:access": null, "payment:credit_cards": null, "payment:debit_cards": null, "name:it": null, "contact:email": null, "payment:american_express": null, "start_date": null, "name:ru": null, "description": null, "bar": null, "diet:meat": null, "diet:mediterranean": null, "diet:non-vegetarian": null, "diet:seafood": null, "loc_name:pl": null, "payment:contactless": null, "check_date:opening_hours": null, "opening_hours:signed": null, "internet_access:fee": null, "name:pl": null, "diet:local": null, "outdoor_seating:comfort": null, "name:en": null, "air_conditioning": null, "highchair": null, "website:menu": null, "brewery": null, "toilets:handwashing": null, "toilets:num_chambers": null, "changing_table": null, "indoor": null, "short_name": null, "access": null, "contact:instagram": null, "contact:whatsapp": null, "addr:floor": null, "internet_access:ssid": null, "food": null, "building": null, "diet:fish": null, "type": null }, "geometry": { "type": "Point", "coordinates": [ 9.122765, 39.2296855 ] } },
{ "type": "Feature", "properties": { "element": "node", "id": 6342346156, "addr:city": "Cagliari", "addr:street": "Via dei Visconti", "amenity": "restaurant", "cuisine": null, "name": "Manow Ristorante carne & pesce", "note": null, "phone": null, "price": null, "addr:postcode": "09131", "addr:housenumber": "56", "website": null, "email": null, "outdoor_seating": null, "check_date": null, "payment:cash": null, "payment:mastercard": null, "payment:visa": null, "payment:visa_debit": null, "wheelchair": null, "addr:place": null, "internet_access": null, "toilets:wheelchair": null, "microbrewery": null, "opening_hours": null, "indoor_seating": null, "wheelchair:description": null, "brand": null, "brand:wikidata": null, "brand:wikipedia": null, "contact:mobile": null, "contact:phone": null, "contact:website": null, "diet:vegetarian": null, "facebook": null, "operator": null, "payment:bancomat": null, "reservation": null, "toilets": null, "addr:country": null, "diet:vegan": null, "capacity": null, "source": null, "source_1": null, "delivery": null, "smoking": null, "takeaway": null, "name:signed": null, "seamark:small_craft_facility:category": null, "seamark:type": null, "contact:facebook": null, "fixme": null, "toilets:access": null, "payment:credit_cards": null, "payment:debit_cards": null, "name:it": null, "contact:email": null, "payment:american_express": null, "start_date": null, "name:ru": null, "description": null, "bar": null, "diet:meat": null, "diet:mediterranean": null, "diet:non-vegetarian": null, "diet:seafood": null, "loc_name:pl": null, "payment:contactless": null, "check_date:opening_hours": null, "opening_hours:signed": null, "internet_access:fee": null, "name:pl": null, "diet:local": null, "outdoor_seating:comfort": null, "name:en": null, "air_conditioning": null, "highchair": null, "website:menu": null, "brewery": null, "toilets:handwashing": null, "toilets:num_chambers": null, "changing_table": null, "indoor": null, "short_name": null, "access": null, "contact:instagram": null, "contact:whatsapp": null, "addr:floor": null, "internet_access:ssid": null, "food": null, "building": null, "diet:fish": null, "type": null }, "geometry": { "type": "Point", "coordinates": [ 9.1227837, 39.2300821 ] } },
{ "type": "Feature", "properties": { "element": "node", "id": 6949742445, "addr:city": null, "addr:street": null, "amenity": "restaurant", "cuisine": null, "name": "Il Brigantino", "note": null, "phone": null, "price": null, "addr:postcode": null, "addr:housenumber": null, "website": null, "email": null, "outdoor_seating": null, "check_date": null, "payment:cash": null, "payment:mastercard": null, "payment:visa": null, "payment:visa_debit": null, "wheelchair": null, "addr:place": null, "internet_access": null, "toilets:wheelchair": null, "microbrewery": null, "opening_hours": null, "indoor_seating": null, "wheelchair:description": null, "brand": null, "brand:wikidata": null, "brand:wikipedia": null, "contact:mobile": null, "contact:phone": null, "contact:website": null, "diet:vegetarian": null, "facebook": null, "operator": null, "payment:bancomat": null, "reservation": null, "toilets": null, "addr:country": null, "diet:vegan": null, "capacity": null, "source": "survey", "source_1": null, "delivery": null, "smoking": null, "takeaway": null, "name:signed": null, "seamark:small_craft_facility:category": null, "seamark:type": null, "contact:facebook": null, "fixme": null, "toilets:access": null, "payment:credit_cards": null, "payment:debit_cards": null, "name:it": null, "contact:email": null, "payment:american_express": null, "start_date": null, "name:ru": null, "description": null, "bar": null, "diet:meat": null, "diet:mediterranean": null, "diet:non-vegetarian": null, "diet:seafood": null, "loc_name:pl": null, "payment:contactless": null, "check_date:opening_hours": null, "opening_hours:signed": null, "internet_access:fee": null, "name:pl": null, "diet:local": null, "outdoor_seating:comfort": null, "name:en": null, "air_conditioning": null, "highchair": null, "website:menu": null, "brewery": null, "toilets:handwashing": null, "toilets:num_chambers": null, "changing_table": null, "indoor": null, "short_name": null, "access": null, "contact:instagram": null, "contact:whatsapp": null, "addr:floor": null, "internet_access:ssid": null, "food": null, "building": null, "diet:fish": null, "type": null }, "geometry": { "type": "Point", "coordinates": [ 9.1125262, 39.2183339 ] } },
{ "type": "Feature", "properties": { "element": "node", "id": 7276579085, "addr:city": null, "addr:street": null, "amenity": "restaurant", "cuisine": null, "name": "Babeuf", "note": null, "phone": null, "price": null, "addr:postcode": null, "addr:housenumber": null, "website": null, "email": null, "outdoor_seating": null, "check_date": null, "payment:cash": null, "payment:mastercard": null, "payment:visa": null, "payment:visa_debit": null, "wheelchair": null, "addr:place": null, "internet_access": null, "toilets:wheelchair": null, "microbrewery": null, "opening_hours": null, "indoor_seating": null, "wheelchair:description": null, "brand": null, "brand:wikidata": null, "brand:wikipedia": null, "contact:mobile": null, "contact:phone": null, "contact:website": null, "diet:vegetarian": null, "facebook": null, "operator": null, "payment:bancomat": null, "reservation": null, "toilets": null, "addr:country": null, "diet:vegan": null, "capacity": null, "source": null, "source_1": null, "delivery": null, "smoking": null, "takeaway": null, "name:signed": null, "seamark:small_craft_facility:category": null, "seamark:type": null, "contact:facebook": null, "fixme": null, "toilets:access": null, "payment:credit_cards": null, "payment:debit_cards": null, "name:it": null, "contact:email": null, "payment:american_express": null, "start_date": null, "name:ru": null, "description": null, "bar": null, "diet:meat": null, "diet:mediterranean": null, "diet:non-vegetarian": null, "diet:seafood": null, "loc_name:pl": null, "payment:contactless": null, "check_date:opening_hours": "2025-03-11", "opening_hours:signed": "no", "internet_access:fee": null, "name:pl": null, "diet:local": null, "outdoor_seating:comfort": null, "name:en": "Babeuf", "air_conditioning": null, "highchair": null, "website:menu": null, "brewery": null, "toilets:handwashing": null, "toilets:num_chambers": null, "changing_table": null, "indoor": null, "short_name": null, "access": null, "contact:instagram": null, "contact:whatsapp": null, "addr:floor": null, "internet_access:ssid": null, "food": null, "building": null, "diet:fish": null, "type": null }, "geometry": { "type": "Point", "coordinates": [ 9.1191758, 39.2252199 ] } },
{ "type": "Feature", "properties": { "element": "node", "id": 7276580285, "addr:city": null, "addr:street": null, "amenity": "restaurant", "cuisine": null, "name": null, "note": null, "phone": null, "price": null, "addr:postcode": null, "addr:housenumber": null, "website": null, "email": null, "outdoor_seating": null, "check_date": null, "payment:cash": null, "payment:mastercard": null, "payment:visa": null, "payment:visa_debit": null, "wheelchair": null, "addr:place": null, "internet_access": null, "toilets:wheelchair": null, "microbrewery": null, "opening_hours": null, "indoor_seating": null, "wheelchair:description": null, "brand": null, "brand:wikidata": null, "brand:wikipedia": null, "contact:mobile": null, "contact:phone": null, "contact:website": null, "diet:vegetarian": null, "facebook": null, "operator": null, "payment:bancomat": null, "reservation": null, "toilets": null, "addr:country": null, "diet:vegan": null, "capacity": null, "source": null, "source_1": null, "delivery": null, "smoking": null, "takeaway": null, "name:signed": null, "seamark:small_craft_facility:category": null, "seamark:type": null, "contact:facebook": null, "fixme": null, "toilets:access": null, "payment:credit_cards": null, "payment:debit_cards": null, "name:it": null, "contact:email": null, "payment:american_express": null, "start_date": null, "name:ru": null, "description": null, "bar": null, "diet:meat": null, "diet:mediterranean": null, "diet:non-vegetarian": null, "diet:seafood": null, "loc_name:pl": null, "payment:contactless": null, "check_date:opening_hours": null, "opening_hours:signed": null, "internet_access:fee": null, "name:pl": null, "diet:local": null, "outdoor_seating:comfort": null, "name:en": "Birdi", "air_conditioning": null, "highchair": null, "website:menu": null, "brewery": null, "toilets:handwashing": null, "toilets:num_chambers": null, "changing_table": null, "indoor": null, "short_name": null, "access": null, "contact:instagram": null, "contact:whatsapp": null, "addr:floor": null, "internet_access:ssid": null, "food": null, "building": null, "diet:fish": null, "type": null }, "geometry": { "type": "Point", "coordinates": [ 9.1131894, 39.2162461 ] } },
{ "type": "Feature", "properties": { "element": "node", "id": 7276586085, "addr:city": null, "addr:street": null, "amenity": "restaurant", "cuisine": null, "name": "La Pola", "note": null, "phone": null, "price": null, "addr:postcode": null, "addr:housenumber": null, "website": null, "email": null, "outdoor_seating": null, "check_date": null, "payment:cash": null, "payment:mastercard": null, "payment:visa": null, "payment:visa_debit": null, "wheelchair": null, "addr:place": null, "internet_access": null, "toilets:wheelchair": null, "microbrewery": null, "opening_hours": null, "indoor_seating": null, "wheelchair:description": null, "brand": null, "brand:wikidata": null, "brand:wikipedia": null, "contact:mobile": null, "contact:phone": null, "contact:website": null, "diet:vegetarian": null, "facebook": null, "operator": null, "payment:bancomat": null, "reservation": null, "toilets": null, "addr:country": null, "diet:vegan": null, "capacity": null, "source": null, "source_1": null, "delivery": null, "smoking": null, "takeaway": null, "name:signed": null, "seamark:small_craft_facility:category": null, "seamark:type": null, "contact:facebook": null, "fixme": null, "toilets:access": null, "payment:credit_cards": null, "payment:debit_cards": null, "name:it": null, "contact:email": null, "payment:american_express": null, "start_date": null, "name:ru": null, "description": null, "bar": null, "diet:meat": null, "diet:mediterranean": null, "diet:non-vegetarian": null, "diet:seafood": null, "loc_name:pl": null, "payment:contactless": null, "check_date:opening_hours": null, "opening_hours:signed": null, "internet_access:fee": null, "name:pl": null, "diet:local": null, "outdoor_seating:comfort": null, "name:en": "Lapola", "air_conditioning": null, "highchair": null, "website:menu": null, "brewery": null, "toilets:handwashing": null, "toilets:num_chambers": null, "changing_table": null, "indoor": null, "short_name": null, "access": null, "contact:instagram": null, "contact:whatsapp": null, "addr:floor": null, "internet_access:ssid": null, "food": null, "building": null, "diet:fish": null, "type": null }, "geometry": { "type": "Point", "coordinates": [ 9.1135055, 39.2157107 ] } },
{ "type": "Feature", "properties": { "element": "node", "id": 7276586086, "addr:city": null, "addr:street": null, "amenity": "restaurant", "cuisine": null, "name": null, "note": null, "phone": null, "price": null, "addr:postcode": null, "addr:housenumber": null, "website": null, "email": null, "outdoor_seating": null, "check_date": null, "payment:cash": null, "payment:mastercard": null, "payment:visa": null, "payment:visa_debit": null, "wheelchair": null, "addr:place": null, "internet_access": null, "toilets:wheelchair": null, "microbrewery": null, "opening_hours": null, "indoor_seating": null, "wheelchair:description": null, "brand": null, "brand:wikidata": null, "brand:wikipedia": null, "contact:mobile": null, "contact:phone": null, "contact:website": null, "diet:vegetarian": null, "facebook": null, "operator": null, "payment:bancomat": null, "reservation": null, "toilets": null, "addr:country": null, "diet:vegan": null, "capacity": null, "source": null, "source_1": null, "delivery": null, "smoking": null, "takeaway": null, "name:signed": "no", "seamark:small_craft_facility:category": null, "seamark:type": null, "contact:facebook": null, "fixme": null, "toilets:access": null, "payment:credit_cards": null, "payment:debit_cards": null, "name:it": null, "contact:email": null, "payment:american_express": null, "start_date": null, "name:ru": null, "description": null, "bar": null, "diet:meat": null, "diet:mediterranean": null, "diet:non-vegetarian": null, "diet:seafood": null, "loc_name:pl": null, "payment:contactless": null, "check_date:opening_hours": null, "opening_hours:signed": null, "internet_access:fee": null, "name:pl": null, "diet:local": null, "outdoor_seating:comfort": null, "name:en": "Al Solito Posto Pizzeria", "air_conditioning": null, "highchair": null, "website:menu": null, "brewery": null, "toilets:handwashing": null, "toilets:num_chambers": null, "changing_table": null, "indoor": null, "short_name": null, "access": null, "contact:instagram": null, "contact:whatsapp": null, "addr:floor": null, "internet_access:ssid": null, "food": null, "building": null, "diet:fish": null, "type": null }, "geometry": { "type": "Point", "coordinates": [ 9.1188495, 39.2174373 ] } },
{ "type": "Feature", "properties": { "element": "node", "id": 7682315795, "addr:city": null, "addr:street": null, "amenity": "restaurant", "cuisine": null, "name": "Bliv", "note": null, "phone": null, "price": null, "addr:postcode": null, "addr:housenumber": "25", "website": null, "email": null, "outdoor_seating": null, "check_date": null, "payment:cash": null, "payment:mastercard": null, "payment:visa": null, "payment:visa_debit": null, "wheelchair": null, "addr:place": null, "internet_access": null, "toilets:wheelchair": null, "microbrewery": null, "opening_hours": null, "indoor_seating": null, "wheelchair:description": null, "brand": null, "brand:wikidata": null, "brand:wikipedia": null, "contact:mobile": null, "contact:phone": null, "contact:website": null, "diet:vegetarian": null, "facebook": null, "operator": null, "payment:bancomat": null, "reservation": null, "toilets": null, "addr:country": null, "diet:vegan": null, "capacity": null, "source": null, "source_1": null, "delivery": null, "smoking": null, "takeaway": null, "name:signed": null, "seamark:small_craft_facility:category": null, "seamark:type": null, "contact:facebook": null, "fixme": null, "toilets:access": null, "payment:credit_cards": null, "payment:debit_cards": null, "name:it": null, "contact:email": null, "payment:american_express": null, "start_date": null, "name:ru": null, "description": "Coffee - Restaurant - Club", "bar": null, "diet:meat": null, "diet:mediterranean": null, "diet:non-vegetarian": null, "diet:seafood": null, "loc_name:pl": null, "payment:contactless": null, "check_date:opening_hours": null, "opening_hours:signed": null, "internet_access:fee": null, "name:pl": null, "diet:local": null, "outdoor_seating:comfort": null, "name:en": null, "air_conditioning": null, "highchair": null, "website:menu": null, "brewery": null, "toilets:handwashing": null, "toilets:num_chambers": null, "changing_table": null, "indoor": null, "short_name": null, "access": null, "contact:instagram": null, "contact:whatsapp": null, "addr:floor": null, "internet_access:ssid": null, "food": null, "building": null, "diet:fish": null, "type": null }, "geometry": { "type": "Point", "coordinates": [ 9.1085391, 39.2167441 ] } },
{ "type": "Feature", "properties": { "element": "node", "id": 7682322795, "addr:city": null, "addr:street": null, "amenity": "restaurant", "cuisine": "pizza", "name": "Framento", "note": null, "phone": null, "price": null, "addr:postcode": null, "addr:housenumber": null, "website": "http://www.framento.it", "email": null, "outdoor_seating": "no", "check_date": null, "payment:cash": null, "payment:mastercard": null, "payment:visa": null, "payment:visa_debit": null, "wheelchair": "no", "addr:place": null, "internet_access": null, "toilets:wheelchair": null, "microbrewery": null, "opening_hours": null, "indoor_seating": "yes", "wheelchair:description": null, "brand": null, "brand:wikidata": null, "brand:wikipedia": null, "contact:mobile": null, "contact:phone": null, "contact:website": null, "diet:vegetarian": "yes", "facebook": null, "operator": null, "payment:bancomat": null, "reservation": null, "toilets": null, "addr:country": null, "diet:vegan": null, "capacity": null, "source": null, "source_1": null, "delivery": null, "smoking": null, "takeaway": null, "name:signed": null, "seamark:small_craft_facility:category": null, "seamark:type": null, "contact:facebook": null, "fixme": null, "toilets:access": null, "payment:credit_cards": "yes", "payment:debit_cards": "yes", "name:it": null, "contact:email": null, "payment:american_express": null, "start_date": null, "name:ru": null, "description": null, "bar": null, "diet:meat": null, "diet:mediterranean": null, "diet:non-vegetarian": null, "diet:seafood": null, "loc_name:pl": null, "payment:contactless": null, "check_date:opening_hours": null, "opening_hours:signed": null, "internet_access:fee": null, "name:pl": null, "diet:local": null, "outdoor_seating:comfort": null, "name:en": null, "air_conditioning": "yes", "highchair": null, "website:menu": null, "brewery": null, "toilets:handwashing": null, "toilets:num_chambers": null, "changing_table": null, "indoor": null, "short_name": null, "access": null, "contact:instagram": null, "contact:whatsapp": null, "addr:floor": null, "internet_access:ssid": null, "food": null, "building": null, "diet:fish": null, "type": null }, "geometry": { "type": "Point", "coordinates": [ 9.1111625, 39.2181167 ] } },
{ "type": "Feature", "properties": { "element": "node", "id": 7699886707, "addr:city": "Cagliari", "addr:street": "Piazza Yenne", "amenity": "restaurant", "cuisine": "pizza;asporto", "name": "Fuori di Zukka", "note": null, "phone": null, "price": null, "addr:postcode": "09124", "addr:housenumber": "12", "website": null, "email": null, "outdoor_seating": null, "check_date": null, "payment:cash": null, "payment:mastercard": null, "payment:visa": null, "payment:visa_debit": null, "wheelchair": null, "addr:place": null, "internet_access": null, "toilets:wheelchair": null, "microbrewery": null, "opening_hours": null, "indoor_seating": null, "wheelchair:description": null, "brand": null, "brand:wikidata": null, "brand:wikipedia": null, "contact:mobile": null, "contact:phone": null, "contact:website": null, "diet:vegetarian": null, "facebook": null, "operator": null, "payment:bancomat": null, "reservation": null, "toilets": null, "addr:country": null, "diet:vegan": null, "capacity": null, "source": null, "source_1": null, "delivery": null, "smoking": null, "takeaway": null, "name:signed": null, "seamark:small_craft_facility:category": null, "seamark:type": null, "contact:facebook": null, "fixme": null, "toilets:access": null, "payment:credit_cards": null, "payment:debit_cards": null, "name:it": null, "contact:email": null, "payment:american_express": null, "start_date": null, "name:ru": null, "description": null, "bar": null, "diet:meat": null, "diet:mediterranean": null, "diet:non-vegetarian": null, "diet:seafood": null, "loc_name:pl": null, "payment:contactless": null, "check_date:opening_hours": null, "opening_hours:signed": null, "internet_access:fee": null, "name:pl": null, "diet:local": null, "outdoor_seating:comfort": null, "name:en": null, "air_conditioning": null, "highchair": null, "website:menu": null, "brewery": null, "toilets:handwashing": null, "toilets:num_chambers": null, "changing_table": null, "indoor": null, "short_name": null, "access": null, "contact:instagram": null, "contact:whatsapp": null, "addr:floor": null, "internet_access:ssid": null, "food": null, "building": null, "diet:fish": null, "type": null }, "geometry": { "type": "Point", "coordinates": [ 9.1139598, 39.2180122 ] } },
{ "type": "Feature", "properties": { "element": "node", "id": 7778852685, "addr:city": null, "addr:street": null, "amenity": "restaurant", "cuisine": null, "name": "Trattoria da Serafino", "note": null, "phone": null, "price": null, "addr:postcode": null, "addr:housenumber": null, "website": null, "email": null, "outdoor_seating": null, "check_date": null, "payment:cash": null, "payment:mastercard": null, "payment:visa": null, "payment:visa_debit": null, "wheelchair": null, "addr:place": null, "internet_access": null, "toilets:wheelchair": null, "microbrewery": null, "opening_hours": null, "indoor_seating": null, "wheelchair:description": null, "brand": null, "brand:wikidata": null, "brand:wikipedia": null, "contact:mobile": null, "contact:phone": null, "contact:website": null, "diet:vegetarian": null, "facebook": null, "operator": null, "payment:bancomat": null, "reservation": null, "toilets": null, "addr:country": null, "diet:vegan": null, "capacity": null, "source": null, "source_1": null, "delivery": null, "smoking": null, "takeaway": null, "name:signed": null, "seamark:small_craft_facility:category": null, "seamark:type": null, "contact:facebook": null, "fixme": null, "toilets:access": null, "payment:credit_cards": null, "payment:debit_cards": null, "name:it": null, "contact:email": null, "payment:american_express": null, "start_date": null, "name:ru": null, "description": null, "bar": null, "diet:meat": null, "diet:mediterranean": null, "diet:non-vegetarian": null, "diet:seafood": null, "loc_name:pl": null, "payment:contactless": null, "check_date:opening_hours": null, "opening_hours:signed": null, "internet_access:fee": null, "name:pl": null, "diet:local": null, "outdoor_seating:comfort": null, "name:en": null, "air_conditioning": null, "highchair": null, "website:menu": null, "brewery": null, "toilets:handwashing": null, "toilets:num_chambers": null, "changing_table": null, "indoor": null, "short_name": null, "access": null, "contact:instagram": null, "contact:whatsapp": null, "addr:floor": null, "internet_access:ssid": null, "food": null, "building": null, "diet:fish": null, "type": null }, "geometry": { "type": "Point", "coordinates": [ 9.1142639, 39.2135071 ] } },
{ "type": "Feature", "properties": { "element": "node", "id": 7778852785, "addr:city": null, "addr:street": null, "amenity": "restaurant", "cuisine": null, "name": "Trattoria Deidda", "note": null, "phone": null, "price": null, "addr:postcode": null, "addr:housenumber": null, "website": null, "email": null, "outdoor_seating": null, "check_date": null, "payment:cash": null, "payment:mastercard": null, "payment:visa": null, "payment:visa_debit": null, "wheelchair": null, "addr:place": null, "internet_access": null, "toilets:wheelchair": null, "microbrewery": null, "opening_hours": null, "indoor_seating": null, "wheelchair:description": null, "brand": null, "brand:wikidata": null, "brand:wikipedia": null, "contact:mobile": null, "contact:phone": null, "contact:website": null, "diet:vegetarian": null, "facebook": null, "operator": null, "payment:bancomat": null, "reservation": null, "toilets": null, "addr:country": null, "diet:vegan": null, "capacity": null, "source": null, "source_1": null, "delivery": null, "smoking": null, "takeaway": null, "name:signed": null, "seamark:small_craft_facility:category": null, "seamark:type": null, "contact:facebook": null, "fixme": null, "toilets:access": null, "payment:credit_cards": null, "payment:debit_cards": null, "name:it": null, "contact:email": null, "payment:american_express": null, "start_date": null, "name:ru": null, "description": null, "bar": null, "diet:meat": null, "diet:mediterranean": null, "diet:non-vegetarian": null, "diet:seafood": null, "loc_name:pl": null, "payment:contactless": null, "check_date:opening_hours": null, "opening_hours:signed": null, "internet_access:fee": null, "name:pl": null, "diet:local": null, "outdoor_seating:comfort": null, "name:en": null, "air_conditioning": null, "highchair": null, "website:menu": null, "brewery": null, "toilets:handwashing": null, "toilets:num_chambers": null, "changing_table": null, "indoor": null, "short_name": null, "access": null, "contact:instagram": null, "contact:whatsapp": null, "addr:floor": null, "internet_access:ssid": null, "food": null, "building": null, "diet:fish": null, "type": null }, "geometry": { "type": "Point", "coordinates": [ 9.1142951, 39.2136333 ] } },
{ "type": "Feature", "properties": { "element": "node", "id": 7879433892, "addr:city": "Cagliari", "addr:street": "Viale Calamosca", "amenity": "restaurant", "cuisine": "regional;seafood;italian", "name": "Ristorante Calamosca", "note": null, "phone": null, "price": null, "addr:postcode": "09126", "addr:housenumber": "50", "website": null, "email": null, "outdoor_seating": "yes", "check_date": "2023-09-02", "payment:cash": "yes", "payment:mastercard": "yes", "payment:visa": "yes", "payment:visa_debit": "yes", "wheelchair": "yes", "addr:place": null, "internet_access": null, "toilets:wheelchair": null, "microbrewery": null, "opening_hours": null, "indoor_seating": null, "wheelchair:description": null, "brand": null, "brand:wikidata": null, "brand:wikipedia": null, "contact:mobile": "+39 351 7030717", "contact:phone": "+39 070 3754123", "contact:website": null, "diet:vegetarian": "yes", "facebook": null, "operator": "Hic Nu Ra s.r.l.", "payment:bancomat": "yes", "reservation": "recommended", "toilets": "yes", "addr:country": null, "diet:vegan": null, "capacity": null, "source": null, "source_1": null, "delivery": null, "smoking": null, "takeaway": null, "name:signed": null, "seamark:small_craft_facility:category": null, "seamark:type": null, "contact:facebook": null, "fixme": null, "toilets:access": null, "payment:credit_cards": null, "payment:debit_cards": null, "name:it": null, "contact:email": null, "payment:american_express": null, "start_date": null, "name:ru": null, "description": null, "bar": null, "diet:meat": null, "diet:mediterranean": null, "diet:non-vegetarian": null, "diet:seafood": null, "loc_name:pl": null, "payment:contactless": null, "check_date:opening_hours": null, "opening_hours:signed": null, "internet_access:fee": null, "name:pl": null, "diet:local": null, "outdoor_seating:comfort": null, "name:en": null, "air_conditioning": "yes", "highchair": "yes", "website:menu": null, "brewery": null, "toilets:handwashing": null, "toilets:num_chambers": null, "changing_table": null, "indoor": null, "short_name": null, "access": null, "contact:instagram": null, "contact:whatsapp": null, "addr:floor": null, "internet_access:ssid": null, "food": null, "building": null, "diet:fish": null, "type": null }, "geometry": { "type": "Point", "coordinates": [ 9.1527757, 39.1863682 ] } },
{ "type": "Feature", "properties": { "element": "node", "id": 7880739085, "addr:city": null, "addr:street": null, "amenity": "restaurant", "cuisine": null, "name": "Napol‘e", "note": null, "phone": null, "price": null, "addr:postcode": null, "addr:housenumber": null, "website": null, "email": null, "outdoor_seating": "yes", "check_date": null, "payment:cash": null, "payment:mastercard": null, "payment:visa": null, "payment:visa_debit": null, "wheelchair": null, "addr:place": null, "internet_access": null, "toilets:wheelchair": null, "microbrewery": null, "opening_hours": null, "indoor_seating": "yes", "wheelchair:description": null, "brand": null, "brand:wikidata": null, "brand:wikipedia": null, "contact:mobile": null, "contact:phone": null, "contact:website": null, "diet:vegetarian": null, "facebook": null, "operator": null, "payment:bancomat": null, "reservation": null, "toilets": null, "addr:country": null, "diet:vegan": null, "capacity": null, "source": null, "source_1": null, "delivery": null, "smoking": null, "takeaway": null, "name:signed": null, "seamark:small_craft_facility:category": null, "seamark:type": null, "contact:facebook": null, "fixme": null, "toilets:access": null, "payment:credit_cards": null, "payment:debit_cards": null, "name:it": null, "contact:email": null, "payment:american_express": null, "start_date": null, "name:ru": null, "description": null, "bar": null, "diet:meat": null, "diet:mediterranean": null, "diet:non-vegetarian": null, "diet:seafood": null, "loc_name:pl": null, "payment:contactless": null, "check_date:opening_hours": null, "opening_hours:signed": null, "internet_access:fee": null, "name:pl": null, "diet:local": null, "outdoor_seating:comfort": null, "name:en": null, "air_conditioning": null, "highchair": null, "website:menu": null, "brewery": null, "toilets:handwashing": null, "toilets:num_chambers": null, "changing_table": null, "indoor": null, "short_name": null, "access": null, "contact:instagram": null, "contact:whatsapp": null, "addr:floor": null, "internet_access:ssid": null, "food": null, "building": null, "diet:fish": null, "type": null }, "geometry": { "type": "Point", "coordinates": [ 9.1113688, 39.2181862 ] } },
{ "type": "Feature", "properties": { "element": "node", "id": 7880880986, "addr:city": "Cagliari", "addr:street": "Corso Vittorio Emanuele II", "amenity": "restaurant", "cuisine": null, "name": "Ellusu", "note": null, "phone": null, "price": null, "addr:postcode": null, "addr:housenumber": null, "website": null, "email": null, "outdoor_seating": null, "check_date": null, "payment:cash": null, "payment:mastercard": null, "payment:visa": null, "payment:visa_debit": null, "wheelchair": null, "addr:place": null, "internet_access": null, "toilets:wheelchair": null, "microbrewery": null, "opening_hours": null, "indoor_seating": null, "wheelchair:description": null, "brand": null, "brand:wikidata": null, "brand:wikipedia": null, "contact:mobile": null, "contact:phone": null, "contact:website": null, "diet:vegetarian": null, "facebook": null, "operator": null, "payment:bancomat": null, "reservation": null, "toilets": null, "addr:country": null, "diet:vegan": null, "capacity": null, "source": null, "source_1": null, "delivery": null, "smoking": null, "takeaway": null, "name:signed": null, "seamark:small_craft_facility:category": null, "seamark:type": null, "contact:facebook": null, "fixme": null, "toilets:access": null, "payment:credit_cards": null, "payment:debit_cards": null, "name:it": null, "contact:email": null, "payment:american_express": null, "start_date": null, "name:ru": null, "description": null, "bar": null, "diet:meat": null, "diet:mediterranean": null, "diet:non-vegetarian": null, "diet:seafood": null, "loc_name:pl": null, "payment:contactless": null, "check_date:opening_hours": null, "opening_hours:signed": null, "internet_access:fee": null, "name:pl": null, "diet:local": null, "outdoor_seating:comfort": null, "name:en": null, "air_conditioning": null, "highchair": null, "website:menu": null, "brewery": null, "toilets:handwashing": null, "toilets:num_chambers": null, "changing_table": null, "indoor": null, "short_name": null, "access": null, "contact:instagram": null, "contact:whatsapp": null, "addr:floor": null, "internet_access:ssid": null, "food": null, "building": null, "diet:fish": null, "type": null }, "geometry": { "type": "Point", "coordinates": [ 9.1127961, 39.2176953 ] } },
{ "type": "Feature", "properties": { "element": "node", "id": 8078349760, "addr:city": null, "addr:street": null, "amenity": "restaurant", "cuisine": null, "name": "Il Volo", "note": null, "phone": null, "price": null, "addr:postcode": null, "addr:housenumber": null, "website": null, "email": null, "outdoor_seating": null, "check_date": null, "payment:cash": null, "payment:mastercard": null, "payment:visa": null, "payment:visa_debit": null, "wheelchair": null, "addr:place": null, "internet_access": null, "toilets:wheelchair": null, "microbrewery": null, "opening_hours": null, "indoor_seating": null, "wheelchair:description": null, "brand": null, "brand:wikidata": null, "brand:wikipedia": null, "contact:mobile": null, "contact:phone": null, "contact:website": null, "diet:vegetarian": null, "facebook": null, "operator": null, "payment:bancomat": null, "reservation": null, "toilets": null, "addr:country": null, "diet:vegan": null, "capacity": null, "source": null, "source_1": null, "delivery": null, "smoking": null, "takeaway": null, "name:signed": null, "seamark:small_craft_facility:category": null, "seamark:type": null, "contact:facebook": null, "fixme": null, "toilets:access": null, "payment:credit_cards": null, "payment:debit_cards": null, "name:it": null, "contact:email": null, "payment:american_express": null, "start_date": null, "name:ru": null, "description": null, "bar": null, "diet:meat": null, "diet:mediterranean": null, "diet:non-vegetarian": null, "diet:seafood": null, "loc_name:pl": null, "payment:contactless": null, "check_date:opening_hours": null, "opening_hours:signed": null, "internet_access:fee": null, "name:pl": null, "diet:local": null, "outdoor_seating:comfort": null, "name:en": null, "air_conditioning": null, "highchair": null, "website:menu": null, "brewery": null, "toilets:handwashing": null, "toilets:num_chambers": null, "changing_table": null, "indoor": null, "short_name": null, "access": null, "contact:instagram": null, "contact:whatsapp": null, "addr:floor": null, "internet_access:ssid": null, "food": null, "building": null, "diet:fish": null, "type": null }, "geometry": { "type": "Point", "coordinates": [ 9.1185542, 39.242512 ] } },
{ "type": "Feature", "properties": { "element": "node", "id": 8557233618, "addr:city": null, "addr:street": "Via Francesco Salaris", "amenity": "restaurant", "cuisine": "burger", "name": "Picanhito", "note": null, "phone": "+39 334 305 4975", "price": null, "addr:postcode": null, "addr:housenumber": "19/27", "website": null, "email": null, "outdoor_seating": null, "check_date": null, "payment:cash": null, "payment:mastercard": null, "payment:visa": null, "payment:visa_debit": null, "wheelchair": null, "addr:place": null, "internet_access": null, "toilets:wheelchair": null, "microbrewery": null, "opening_hours": null, "indoor_seating": null, "wheelchair:description": null, "brand": null, "brand:wikidata": null, "brand:wikipedia": null, "contact:mobile": null, "contact:phone": null, "contact:website": null, "diet:vegetarian": null, "facebook": null, "operator": null, "payment:bancomat": null, "reservation": null, "toilets": null, "addr:country": null, "diet:vegan": null, "capacity": null, "source": null, "source_1": null, "delivery": null, "smoking": null, "takeaway": null, "name:signed": null, "seamark:small_craft_facility:category": null, "seamark:type": null, "contact:facebook": null, "fixme": null, "toilets:access": null, "payment:credit_cards": null, "payment:debit_cards": null, "name:it": null, "contact:email": "segreteriapicanhito@gmail.com", "payment:american_express": null, "start_date": null, "name:ru": null, "description": "Hamburgeria artigianale", "bar": null, "diet:meat": null, "diet:mediterranean": null, "diet:non-vegetarian": null, "diet:seafood": null, "loc_name:pl": null, "payment:contactless": null, "check_date:opening_hours": null, "opening_hours:signed": null, "internet_access:fee": null, "name:pl": null, "diet:local": null, "outdoor_seating:comfort": null, "name:en": null, "air_conditioning": null, "highchair": null, "website:menu": null, "brewery": null, "toilets:handwashing": null, "toilets:num_chambers": null, "changing_table": null, "indoor": null, "short_name": null, "access": null, "contact:instagram": null, "contact:whatsapp": null, "addr:floor": null, "internet_access:ssid": null, "food": null, "building": null, "diet:fish": null, "type": null }, "geometry": { "type": "Point", "coordinates": [ 9.1241131, 39.22571 ] } },
{ "type": "Feature", "properties": { "element": "node", "id": 8987206984, "addr:city": "Cagliari", "addr:street": "Via Porto Scalas", "amenity": "restaurant", "cuisine": null, "name": "Saseada", "note": null, "phone": null, "price": null, "addr:postcode": null, "addr:housenumber": null, "website": null, "email": null, "outdoor_seating": null, "check_date": null, "payment:cash": null, "payment:mastercard": null, "payment:visa": null, "payment:visa_debit": null, "wheelchair": null, "addr:place": null, "internet_access": null, "toilets:wheelchair": null, "microbrewery": null, "opening_hours": null, "indoor_seating": null, "wheelchair:description": null, "brand": null, "brand:wikidata": null, "brand:wikipedia": null, "contact:mobile": null, "contact:phone": null, "contact:website": null, "diet:vegetarian": null, "facebook": null, "operator": null, "payment:bancomat": null, "reservation": null, "toilets": null, "addr:country": null, "diet:vegan": null, "capacity": null, "source": null, "source_1": null, "delivery": null, "smoking": null, "takeaway": null, "name:signed": null, "seamark:small_craft_facility:category": null, "seamark:type": null, "contact:facebook": null, "fixme": null, "toilets:access": null, "payment:credit_cards": null, "payment:debit_cards": null, "name:it": null, "contact:email": null, "payment:american_express": null, "start_date": null, "name:ru": null, "description": null, "bar": null, "diet:meat": null, "diet:mediterranean": null, "diet:non-vegetarian": null, "diet:seafood": null, "loc_name:pl": null, "payment:contactless": null, "check_date:opening_hours": null, "opening_hours:signed": null, "internet_access:fee": null, "name:pl": null, "diet:local": null, "outdoor_seating:comfort": null, "name:en": null, "air_conditioning": null, "highchair": null, "website:menu": null, "brewery": null, "toilets:handwashing": null, "toilets:num_chambers": null, "changing_table": null, "indoor": null, "short_name": null, "access": null, "contact:instagram": null, "contact:whatsapp": null, "addr:floor": null, "internet_access:ssid": null, "food": null, "building": null, "diet:fish": null, "type": null }, "geometry": { "type": "Point", "coordinates": [ 9.1118979, 39.218284 ] } },
{ "type": "Feature", "properties": { "element": "node", "id": 9053759617, "addr:city": "Cagliari", "addr:street": "Piazza Yenne", "amenity": "restaurant", "cuisine": null, "name": "Grotta Marcello", "note": null, "phone": null, "price": null, "addr:postcode": null, "addr:housenumber": "26", "website": null, "email": null, "outdoor_seating": "pedestrian_zone", "check_date": null, "payment:cash": null, "payment:mastercard": null, "payment:visa": null, "payment:visa_debit": null, "wheelchair": null, "addr:place": null, "internet_access": null, "toilets:wheelchair": null, "microbrewery": null, "opening_hours": null, "indoor_seating": null, "wheelchair:description": null, "brand": null, "brand:wikidata": null, "brand:wikipedia": null, "contact:mobile": null, "contact:phone": null, "contact:website": null, "diet:vegetarian": null, "facebook": null, "operator": null, "payment:bancomat": null, "reservation": null, "toilets": null, "addr:country": null, "diet:vegan": null, "capacity": null, "source": null, "source_1": null, "delivery": null, "smoking": null, "takeaway": null, "name:signed": null, "seamark:small_craft_facility:category": null, "seamark:type": null, "contact:facebook": null, "fixme": null, "toilets:access": null, "payment:credit_cards": null, "payment:debit_cards": null, "name:it": null, "contact:email": null, "payment:american_express": null, "start_date": null, "name:ru": null, "description": null, "bar": null, "diet:meat": null, "diet:mediterranean": null, "diet:non-vegetarian": null, "diet:seafood": null, "loc_name:pl": null, "payment:contactless": null, "check_date:opening_hours": null, "opening_hours:signed": null, "internet_access:fee": null, "name:pl": null, "diet:local": null, "outdoor_seating:comfort": null, "name:en": null, "air_conditioning": null, "highchair": null, "website:menu": null, "brewery": null, "toilets:handwashing": null, "toilets:num_chambers": null, "changing_table": null, "indoor": null, "short_name": null, "access": null, "contact:instagram": null, "contact:whatsapp": null, "addr:floor": null, "internet_access:ssid": null, "food": null, "building": null, "diet:fish": null, "type": null }, "geometry": { "type": "Point", "coordinates": [ 9.1138127, 39.2175832 ] } },
{ "type": "Feature", "properties": { "element": "node", "id": 9058023817, "addr:city": null, "addr:street": "Via dei Mille", "amenity": "restaurant", "cuisine": null, "name": "Pani e Binu", "note": null, "phone": null, "price": null, "addr:postcode": null, "addr:housenumber": "10", "website": null, "email": null, "outdoor_seating": null, "check_date": null, "payment:cash": null, "payment:mastercard": null, "payment:visa": null, "payment:visa_debit": null, "wheelchair": null, "addr:place": null, "internet_access": null, "toilets:wheelchair": null, "microbrewery": null, "opening_hours": null, "indoor_seating": null, "wheelchair:description": null, "brand": null, "brand:wikidata": null, "brand:wikipedia": null, "contact:mobile": null, "contact:phone": null, "contact:website": null, "diet:vegetarian": null, "facebook": null, "operator": null, "payment:bancomat": null, "reservation": null, "toilets": null, "addr:country": null, "diet:vegan": null, "capacity": null, "source": null, "source_1": null, "delivery": null, "smoking": null, "takeaway": null, "name:signed": null, "seamark:small_craft_facility:category": null, "seamark:type": null, "contact:facebook": null, "fixme": null, "toilets:access": null, "payment:credit_cards": null, "payment:debit_cards": null, "name:it": null, "contact:email": null, "payment:american_express": null, "start_date": null, "name:ru": null, "description": null, "bar": null, "diet:meat": null, "diet:mediterranean": null, "diet:non-vegetarian": null, "diet:seafood": null, "loc_name:pl": null, "payment:contactless": null, "check_date:opening_hours": null, "opening_hours:signed": null, "internet_access:fee": null, "name:pl": null, "diet:local": null, "outdoor_seating:comfort": null, "name:en": null, "air_conditioning": null, "highchair": null, "website:menu": null, "brewery": null, "toilets:handwashing": null, "toilets:num_chambers": null, "changing_table": null, "indoor": null, "short_name": null, "access": null, "contact:instagram": null, "contact:whatsapp": null, "addr:floor": null, "internet_access:ssid": null, "food": null, "building": null, "diet:fish": null, "type": null }, "geometry": { "type": "Point", "coordinates": [ 9.1135271, 39.2139606 ] } },
{ "type": "Feature", "properties": { "element": "node", "id": 9154342331, "addr:city": null, "addr:street": null, "amenity": "restaurant", "cuisine": "fusion;regional", "name": "Old Friend", "note": null, "phone": "+39 0704647988", "price": null, "addr:postcode": null, "addr:housenumber": null, "website": null, "email": null, "outdoor_seating": null, "check_date": null, "payment:cash": null, "payment:mastercard": null, "payment:visa": null, "payment:visa_debit": null, "wheelchair": null, "addr:place": null, "internet_access": null, "toilets:wheelchair": null, "microbrewery": null, "opening_hours": null, "indoor_seating": null, "wheelchair:description": null, "brand": null, "brand:wikidata": null, "brand:wikipedia": null, "contact:mobile": null, "contact:phone": null, "contact:website": null, "diet:vegetarian": null, "facebook": null, "operator": null, "payment:bancomat": null, "reservation": null, "toilets": null, "addr:country": null, "diet:vegan": null, "capacity": null, "source": null, "source_1": null, "delivery": null, "smoking": null, "takeaway": null, "name:signed": null, "seamark:small_craft_facility:category": null, "seamark:type": null, "contact:facebook": null, "fixme": null, "toilets:access": null, "payment:credit_cards": null, "payment:debit_cards": null, "name:it": null, "contact:email": null, "payment:american_express": null, "start_date": null, "name:ru": null, "description": null, "bar": null, "diet:meat": null, "diet:mediterranean": null, "diet:non-vegetarian": null, "diet:seafood": null, "loc_name:pl": null, "payment:contactless": null, "check_date:opening_hours": null, "opening_hours:signed": null, "internet_access:fee": null, "name:pl": null, "diet:local": null, "outdoor_seating:comfort": null, "name:en": null, "air_conditioning": null, "highchair": null, "website:menu": null, "brewery": null, "toilets:handwashing": null, "toilets:num_chambers": null, "changing_table": null, "indoor": null, "short_name": null, "access": null, "contact:instagram": null, "contact:whatsapp": null, "addr:floor": null, "internet_access:ssid": null, "food": null, "building": null, "diet:fish": null, "type": null }, "geometry": { "type": "Point", "coordinates": [ 9.1196018, 39.2173461 ] } },
{ "type": "Feature", "properties": { "element": "node", "id": 9521720017, "addr:city": null, "addr:street": "Via Vincenzo Sulis", "amenity": "restaurant", "cuisine": null, "name": "Le Segrete", "note": null, "phone": null, "price": null, "addr:postcode": null, "addr:housenumber": "85", "website": null, "email": null, "outdoor_seating": null, "check_date": null, "payment:cash": null, "payment:mastercard": null, "payment:visa": null, "payment:visa_debit": null, "wheelchair": null, "addr:place": null, "internet_access": null, "toilets:wheelchair": null, "microbrewery": null, "opening_hours": null, "indoor_seating": null, "wheelchair:description": null, "brand": null, "brand:wikidata": null, "brand:wikipedia": null, "contact:mobile": null, "contact:phone": null, "contact:website": null, "diet:vegetarian": null, "facebook": null, "operator": null, "payment:bancomat": null, "reservation": null, "toilets": null, "addr:country": null, "diet:vegan": null, "capacity": null, "source": null, "source_1": null, "delivery": null, "smoking": null, "takeaway": null, "name:signed": null, "seamark:small_craft_facility:category": null, "seamark:type": null, "contact:facebook": null, "fixme": null, "toilets:access": null, "payment:credit_cards": null, "payment:debit_cards": null, "name:it": null, "contact:email": null, "payment:american_express": null, "start_date": null, "name:ru": null, "description": null, "bar": null, "diet:meat": null, "diet:mediterranean": null, "diet:non-vegetarian": null, "diet:seafood": null, "loc_name:pl": null, "payment:contactless": null, "check_date:opening_hours": null, "opening_hours:signed": null, "internet_access:fee": null, "name:pl": null, "diet:local": null, "outdoor_seating:comfort": null, "name:en": null, "air_conditioning": null, "highchair": null, "website:menu": null, "brewery": null, "toilets:handwashing": null, "toilets:num_chambers": null, "changing_table": null, "indoor": null, "short_name": null, "access": null, "contact:instagram": null, "contact:whatsapp": null, "addr:floor": null, "internet_access:ssid": null, "food": null, "building": null, "diet:fish": null, "type": null }, "geometry": { "type": "Point", "coordinates": [ 9.1182804, 39.2169906 ] } },
{ "type": "Feature", "properties": { "element": "node", "id": 9563334011, "addr:city": "Cagliari", "addr:street": "Via Lanusei", "amenity": "restaurant", "cuisine": "pizza", "name": "Floris", "note": null, "phone": "+39 070 654328", "price": null, "addr:postcode": "09125", "addr:housenumber": "59", "website": "https://www.facebook.com/pizzeriafloris", "email": null, "outdoor_seating": null, "check_date": null, "payment:cash": null, "payment:mastercard": null, "payment:visa": null, "payment:visa_debit": null, "wheelchair": null, "addr:place": null, "internet_access": null, "toilets:wheelchair": null, "microbrewery": null, "opening_hours": "Mo-Su 18:30-22:30", "indoor_seating": null, "wheelchair:description": null, "brand": null, "brand:wikidata": null, "brand:wikipedia": null, "contact:mobile": null, "contact:phone": null, "contact:website": null, "diet:vegetarian": null, "facebook": null, "operator": null, "payment:bancomat": null, "reservation": null, "toilets": null, "addr:country": null, "diet:vegan": null, "capacity": null, "source": "local knowledge", "source_1": null, "delivery": null, "smoking": null, "takeaway": null, "name:signed": null, "seamark:small_craft_facility:category": null, "seamark:type": null, "contact:facebook": null, "fixme": null, "toilets:access": null, "payment:credit_cards": null, "payment:debit_cards": null, "name:it": null, "contact:email": null, "payment:american_express": null, "start_date": null, "name:ru": null, "description": null, "bar": null, "diet:meat": null, "diet:mediterranean": null, "diet:non-vegetarian": null, "diet:seafood": null, "loc_name:pl": null, "payment:contactless": null, "check_date:opening_hours": null, "opening_hours:signed": null, "internet_access:fee": null, "name:pl": null, "diet:local": null, "outdoor_seating:comfort": null, "name:en": null, "air_conditioning": null, "highchair": null, "website:menu": null, "brewery": null, "toilets:handwashing": null, "toilets:num_chambers": null, "changing_table": null, "indoor": null, "short_name": null, "access": null, "contact:instagram": null, "contact:whatsapp": null, "addr:floor": null, "internet_access:ssid": null, "food": null, "building": null, "diet:fish": null, "type": null }, "geometry": { "type": "Point", "coordinates": [ 9.118926, 39.2138279 ] } },
{ "type": "Feature", "properties": { "element": "node", "id": 9588597035, "addr:city": "Cagliari", "addr:street": "Piazza San Benedetto", "amenity": "restaurant", "cuisine": "sushi", "name": "Toki", "note": null, "phone": "+39 070 451 1644", "price": null, "addr:postcode": "09128", "addr:housenumber": "5", "website": "https://www.tokisushicagliari.com/", "email": null, "outdoor_seating": null, "check_date": null, "payment:cash": null, "payment:mastercard": null, "payment:visa": null, "payment:visa_debit": null, "wheelchair": null, "addr:place": null, "internet_access": null, "toilets:wheelchair": null, "microbrewery": null, "opening_hours": null, "indoor_seating": null, "wheelchair:description": null, "brand": null, "brand:wikidata": null, "brand:wikipedia": null, "contact:mobile": null, "contact:phone": null, "contact:website": null, "diet:vegetarian": null, "facebook": null, "operator": null, "payment:bancomat": null, "reservation": null, "toilets": null, "addr:country": null, "diet:vegan": null, "capacity": null, "source": null, "source_1": null, "delivery": null, "smoking": null, "takeaway": null, "name:signed": null, "seamark:small_craft_facility:category": null, "seamark:type": null, "contact:facebook": null, "fixme": null, "toilets:access": null, "payment:credit_cards": null, "payment:debit_cards": null, "name:it": null, "contact:email": null, "payment:american_express": null, "start_date": null, "name:ru": null, "description": null, "bar": null, "diet:meat": null, "diet:mediterranean": null, "diet:non-vegetarian": null, "diet:seafood": null, "loc_name:pl": null, "payment:contactless": null, "check_date:opening_hours": null, "opening_hours:signed": null, "internet_access:fee": null, "name:pl": null, "diet:local": null, "outdoor_seating:comfort": null, "name:en": null, "air_conditioning": null, "highchair": null, "website:menu": null, "brewery": null, "toilets:handwashing": null, "toilets:num_chambers": null, "changing_table": null, "indoor": null, "short_name": null, "access": null, "contact:instagram": null, "contact:whatsapp": null, "addr:floor": null, "internet_access:ssid": null, "food": null, "building": null, "diet:fish": null, "type": null }, "geometry": { "type": "Point", "coordinates": [ 9.1254819, 39.2212522 ] } },
{ "type": "Feature", "properties": { "element": "node", "id": 9588597036, "addr:city": "Cagliari", "addr:street": "Via San Benedetto", "amenity": "restaurant", "cuisine": "sushi", "name": "Suzaku", "note": null, "phone": "+39 070 400799", "price": null, "addr:postcode": "09128", "addr:housenumber": "12", "website": "https://suzakusushibar-cagliari.it/", "email": null, "outdoor_seating": null, "check_date": null, "payment:cash": null, "payment:mastercard": null, "payment:visa": null, "payment:visa_debit": null, "wheelchair": null, "addr:place": null, "internet_access": null, "toilets:wheelchair": null, "microbrewery": null, "opening_hours": null, "indoor_seating": null, "wheelchair:description": null, "brand": null, "brand:wikidata": null, "brand:wikipedia": null, "contact:mobile": null, "contact:phone": null, "contact:website": null, "diet:vegetarian": null, "facebook": null, "operator": null, "payment:bancomat": null, "reservation": null, "toilets": null, "addr:country": null, "diet:vegan": null, "capacity": null, "source": null, "source_1": null, "delivery": null, "smoking": null, "takeaway": null, "name:signed": null, "seamark:small_craft_facility:category": null, "seamark:type": null, "contact:facebook": null, "fixme": null, "toilets:access": null, "payment:credit_cards": null, "payment:debit_cards": null, "name:it": null, "contact:email": null, "payment:american_express": null, "start_date": null, "name:ru": null, "description": null, "bar": null, "diet:meat": null, "diet:mediterranean": null, "diet:non-vegetarian": null, "diet:seafood": null, "loc_name:pl": null, "payment:contactless": null, "check_date:opening_hours": null, "opening_hours:signed": null, "internet_access:fee": null, "name:pl": null, "diet:local": null, "outdoor_seating:comfort": null, "name:en": null, "air_conditioning": null, "highchair": null, "website:menu": null, "brewery": null, "toilets:handwashing": null, "toilets:num_chambers": null, "changing_table": null, "indoor": null, "short_name": null, "access": null, "contact:instagram": null, "contact:whatsapp": null, "addr:floor": null, "internet_access:ssid": null, "food": null, "building": null, "diet:fish": null, "type": null }, "geometry": { "type": "Point", "coordinates": [ 9.1273598, 39.2230356 ] } },
{ "type": "Feature", "properties": { "element": "node", "id": 9631026717, "addr:city": "Cagliari", "addr:street": "Via Lodovico Baylle", "amenity": "restaurant", "cuisine": "italian", "name": "Sabores", "note": null, "phone": null, "price": null, "addr:postcode": "09124", "addr:housenumber": "6", "website": "http://saborescagliari.com", "email": null, "outdoor_seating": null, "check_date": null, "payment:cash": null, "payment:mastercard": null, "payment:visa": null, "payment:visa_debit": null, "wheelchair": null, "addr:place": null, "internet_access": null, "toilets:wheelchair": null, "microbrewery": null, "opening_hours": "Tu-Fr 12:00-15:30, 18:30-23:30; Sa-Su 12:00-17:00", "indoor_seating": null, "wheelchair:description": null, "brand": null, "brand:wikidata": null, "brand:wikipedia": null, "contact:mobile": null, "contact:phone": null, "contact:website": null, "diet:vegetarian": null, "facebook": null, "operator": null, "payment:bancomat": null, "reservation": null, "toilets": null, "addr:country": null, "diet:vegan": null, "capacity": null, "source": null, "source_1": null, "delivery": null, "smoking": null, "takeaway": null, "name:signed": null, "seamark:small_craft_facility:category": null, "seamark:type": null, "contact:facebook": null, "fixme": null, "toilets:access": null, "payment:credit_cards": null, "payment:debit_cards": null, "name:it": null, "contact:email": null, "payment:american_express": null, "start_date": null, "name:ru": null, "description": null, "bar": null, "diet:meat": null, "diet:mediterranean": null, "diet:non-vegetarian": null, "diet:seafood": null, "loc_name:pl": null, "payment:contactless": null, "check_date:opening_hours": null, "opening_hours:signed": null, "internet_access:fee": null, "name:pl": null, "diet:local": null, "outdoor_seating:comfort": null, "name:en": null, "air_conditioning": null, "highchair": null, "website:menu": null, "brewery": null, "toilets:handwashing": null, "toilets:num_chambers": null, "changing_table": null, "indoor": null, "short_name": null, "access": null, "contact:instagram": null, "contact:whatsapp": null, "addr:floor": null, "internet_access:ssid": null, "food": null, "building": null, "diet:fish": null, "type": null }, "geometry": { "type": "Point", "coordinates": [ 9.1119166, 39.2145416 ] } },
{ "type": "Feature", "properties": { "element": "node", "id": 9631026817, "addr:city": null, "addr:street": "Via Sassari", "amenity": "restaurant", "cuisine": "italian", "name": "Savory", "note": null, "phone": "+390704599233", "price": null, "addr:postcode": "09123", "addr:housenumber": "86", "website": "https://www.savorycagliari.it/", "email": null, "outdoor_seating": "no", "check_date": null, "payment:cash": null, "payment:mastercard": null, "payment:visa": null, "payment:visa_debit": null, "wheelchair": null, "addr:place": null, "internet_access": null, "toilets:wheelchair": null, "microbrewery": null, "opening_hours": "Tu-Sa 12:30-15:00, 19:30-23:00; Su 12:30-15:00", "indoor_seating": "yes", "wheelchair:description": null, "brand": null, "brand:wikidata": null, "brand:wikipedia": null, "contact:mobile": null, "contact:phone": null, "contact:website": null, "diet:vegetarian": null, "facebook": null, "operator": null, "payment:bancomat": null, "reservation": null, "toilets": null, "addr:country": null, "diet:vegan": null, "capacity": null, "source": null, "source_1": null, "delivery": null, "smoking": null, "takeaway": null, "name:signed": null, "seamark:small_craft_facility:category": null, "seamark:type": null, "contact:facebook": null, "fixme": null, "toilets:access": null, "payment:credit_cards": null, "payment:debit_cards": null, "name:it": null, "contact:email": null, "payment:american_express": null, "start_date": null, "name:ru": null, "description": null, "bar": null, "diet:meat": null, "diet:mediterranean": null, "diet:non-vegetarian": null, "diet:seafood": null, "loc_name:pl": null, "payment:contactless": null, "check_date:opening_hours": null, "opening_hours:signed": null, "internet_access:fee": null, "name:pl": null, "diet:local": null, "outdoor_seating:comfort": null, "name:en": null, "air_conditioning": null, "highchair": null, "website:menu": null, "brewery": null, "toilets:handwashing": null, "toilets:num_chambers": null, "changing_table": null, "indoor": null, "short_name": null, "access": null, "contact:instagram": null, "contact:whatsapp": null, "addr:floor": null, "internet_access:ssid": null, "food": null, "building": null, "diet:fish": null, "type": null }, "geometry": { "type": "Point", "coordinates": [ 9.1108149, 39.2172955 ] } },
{ "type": "Feature", "properties": { "element": "node", "id": 9631026917, "addr:city": "Cagliari", "addr:street": "Corso Vittorio Emanuele II", "amenity": "restaurant", "cuisine": "seafood", "name": "Mari Mannu", "note": null, "phone": "+393895804951", "price": null, "addr:postcode": "09123", "addr:housenumber": "206", "website": null, "email": null, "outdoor_seating": "yes", "check_date": null, "payment:cash": null, "payment:mastercard": null, "payment:visa": null, "payment:visa_debit": null, "wheelchair": null, "addr:place": null, "internet_access": null, "toilets:wheelchair": null, "microbrewery": null, "opening_hours": "Tu-Su 12:30-14:30, 19:30-22:30", "indoor_seating": "yes", "wheelchair:description": null, "brand": null, "brand:wikidata": null, "brand:wikipedia": null, "contact:mobile": null, "contact:phone": null, "contact:website": null, "diet:vegetarian": null, "facebook": null, "operator": null, "payment:bancomat": null, "reservation": null, "toilets": null, "addr:country": null, "diet:vegan": null, "capacity": null, "source": null, "source_1": null, "delivery": null, "smoking": null, "takeaway": null, "name:signed": null, "seamark:small_craft_facility:category": null, "seamark:type": null, "contact:facebook": null, "fixme": null, "toilets:access": null, "payment:credit_cards": null, "payment:debit_cards": null, "name:it": null, "contact:email": null, "payment:american_express": null, "start_date": null, "name:ru": null, "description": null, "bar": null, "diet:meat": null, "diet:mediterranean": null, "diet:non-vegetarian": null, "diet:seafood": null, "loc_name:pl": null, "payment:contactless": null, "check_date:opening_hours": null, "opening_hours:signed": null, "internet_access:fee": null, "name:pl": null, "diet:local": null, "outdoor_seating:comfort": null, "name:en": null, "air_conditioning": null, "highchair": null, "website:menu": null, "brewery": null, "toilets:handwashing": null, "toilets:num_chambers": null, "changing_table": null, "indoor": null, "short_name": null, "access": null, "contact:instagram": null, "contact:whatsapp": null, "addr:floor": null, "internet_access:ssid": null, "food": null, "building": null, "diet:fish": null, "type": null }, "geometry": { "type": "Point", "coordinates": [ 9.1095866, 39.2190735 ] } },
{ "type": "Feature", "properties": { "element": "node", "id": 9656636674, "addr:city": null, "addr:street": "Via Sassari", "amenity": "restaurant", "cuisine": null, "name": "Amare", "note": null, "phone": null, "price": null, "addr:postcode": null, "addr:housenumber": "142", "website": null, "email": null, "outdoor_seating": null, "check_date": null, "payment:cash": null, "payment:mastercard": null, "payment:visa": null, "payment:visa_debit": null, "wheelchair": null, "addr:place": null, "internet_access": null, "toilets:wheelchair": null, "microbrewery": null, "opening_hours": "Tu-Su 18:00-23:00; Su 12:30-14:00", "indoor_seating": null, "wheelchair:description": null, "brand": null, "brand:wikidata": null, "brand:wikipedia": null, "contact:mobile": null, "contact:phone": null, "contact:website": null, "diet:vegetarian": null, "facebook": null, "operator": null, "payment:bancomat": null, "reservation": null, "toilets": null, "addr:country": null, "diet:vegan": null, "capacity": null, "source": null, "source_1": null, "delivery": null, "smoking": null, "takeaway": null, "name:signed": null, "seamark:small_craft_facility:category": null, "seamark:type": null, "contact:facebook": null, "fixme": null, "toilets:access": null, "payment:credit_cards": null, "payment:debit_cards": null, "name:it": null, "contact:email": null, "payment:american_express": null, "start_date": null, "name:ru": null, "description": null, "bar": null, "diet:meat": null, "diet:mediterranean": null, "diet:non-vegetarian": null, "diet:seafood": null, "loc_name:pl": null, "payment:contactless": null, "check_date:opening_hours": null, "opening_hours:signed": null, "internet_access:fee": null, "name:pl": null, "diet:local": null, "outdoor_seating:comfort": null, "name:en": null, "air_conditioning": null, "highchair": null, "website:menu": null, "brewery": null, "toilets:handwashing": null, "toilets:num_chambers": null, "changing_table": null, "indoor": null, "short_name": null, "access": null, "contact:instagram": null, "contact:whatsapp": null, "addr:floor": null, "internet_access:ssid": null, "food": null, "building": null, "diet:fish": null, "type": null }, "geometry": { "type": "Point", "coordinates": [ 9.1113792, 39.2178869 ] } },
{ "type": "Feature", "properties": { "element": "node", "id": 9656661061, "addr:city": null, "addr:street": "Via Giorgio Asproni", "amenity": "restaurant", "cuisine": null, "name": "El Gaucho", "note": null, "phone": "+39 070 656303", "price": null, "addr:postcode": null, "addr:housenumber": "9", "website": "https://www.elgauchocagliari.com", "email": null, "outdoor_seating": null, "check_date": null, "payment:cash": null, "payment:mastercard": null, "payment:visa": null, "payment:visa_debit": null, "wheelchair": null, "addr:place": null, "internet_access": null, "toilets:wheelchair": null, "microbrewery": null, "opening_hours": "Mo,Tu,Th,Fr,Sa 12:30-15:00, 20:30-23:00; We, Su 12:30-15:00", "indoor_seating": null, "wheelchair:description": null, "brand": null, "brand:wikidata": null, "brand:wikipedia": null, "contact:mobile": null, "contact:phone": null, "contact:website": null, "diet:vegetarian": null, "facebook": null, "operator": null, "payment:bancomat": null, "reservation": null, "toilets": null, "addr:country": null, "diet:vegan": null, "capacity": null, "source": null, "source_1": null, "delivery": null, "smoking": null, "takeaway": null, "name:signed": null, "seamark:small_craft_facility:category": null, "seamark:type": null, "contact:facebook": null, "fixme": null, "toilets:access": null, "payment:credit_cards": null, "payment:debit_cards": null, "name:it": null, "contact:email": null, "payment:american_express": null, "start_date": null, "name:ru": null, "description": null, "bar": null, "diet:meat": null, "diet:mediterranean": null, "diet:non-vegetarian": null, "diet:seafood": null, "loc_name:pl": null, "payment:contactless": null, "check_date:opening_hours": null, "opening_hours:signed": null, "internet_access:fee": null, "name:pl": null, "diet:local": null, "outdoor_seating:comfort": null, "name:en": null, "air_conditioning": null, "highchair": null, "website:menu": null, "brewery": null, "toilets:handwashing": null, "toilets:num_chambers": null, "changing_table": null, "indoor": null, "short_name": null, "access": null, "contact:instagram": null, "contact:whatsapp": null, "addr:floor": null, "internet_access:ssid": null, "food": null, "building": null, "diet:fish": null, "type": null }, "geometry": { "type": "Point", "coordinates": [ 9.1063886, 39.2193237 ] } },
{ "type": "Feature", "properties": { "element": "node", "id": 9662450475, "addr:city": null, "addr:street": null, "amenity": "restaurant", "cuisine": "pizza", "name": "Vai", "note": null, "phone": null, "price": null, "addr:postcode": null, "addr:housenumber": null, "website": null, "email": null, "outdoor_seating": null, "check_date": null, "payment:cash": null, "payment:mastercard": null, "payment:visa": null, "payment:visa_debit": null, "wheelchair": null, "addr:place": null, "internet_access": null, "toilets:wheelchair": null, "microbrewery": null, "opening_hours": null, "indoor_seating": null, "wheelchair:description": null, "brand": null, "brand:wikidata": null, "brand:wikipedia": null, "contact:mobile": null, "contact:phone": null, "contact:website": null, "diet:vegetarian": null, "facebook": null, "operator": null, "payment:bancomat": null, "reservation": null, "toilets": null, "addr:country": null, "diet:vegan": null, "capacity": null, "source": null, "source_1": null, "delivery": null, "smoking": null, "takeaway": null, "name:signed": null, "seamark:small_craft_facility:category": null, "seamark:type": null, "contact:facebook": null, "fixme": null, "toilets:access": null, "payment:credit_cards": null, "payment:debit_cards": null, "name:it": null, "contact:email": null, "payment:american_express": null, "start_date": null, "name:ru": null, "description": null, "bar": null, "diet:meat": null, "diet:mediterranean": null, "diet:non-vegetarian": null, "diet:seafood": null, "loc_name:pl": null, "payment:contactless": null, "check_date:opening_hours": null, "opening_hours:signed": null, "internet_access:fee": null, "name:pl": null, "diet:local": null, "outdoor_seating:comfort": null, "name:en": null, "air_conditioning": null, "highchair": null, "website:menu": null, "brewery": null, "toilets:handwashing": null, "toilets:num_chambers": null, "changing_table": null, "indoor": null, "short_name": null, "access": null, "contact:instagram": null, "contact:whatsapp": null, "addr:floor": null, "internet_access:ssid": null, "food": null, "building": null, "diet:fish": null, "type": null }, "geometry": { "type": "Point", "coordinates": [ 9.1075887, 39.2176233 ] } },
{ "type": "Feature", "properties": { "element": "node", "id": 9723277096, "addr:city": null, "addr:street": "Via San Lucifero", "amenity": "restaurant", "cuisine": null, "name": null, "note": null, "phone": null, "price": null, "addr:postcode": null, "addr:housenumber": "63", "website": null, "email": null, "outdoor_seating": null, "check_date": null, "payment:cash": null, "payment:mastercard": null, "payment:visa": null, "payment:visa_debit": null, "wheelchair": null, "addr:place": null, "internet_access": null, "toilets:wheelchair": null, "microbrewery": null, "opening_hours": null, "indoor_seating": null, "wheelchair:description": null, "brand": null, "brand:wikidata": null, "brand:wikipedia": null, "contact:mobile": null, "contact:phone": null, "contact:website": null, "diet:vegetarian": null, "facebook": null, "operator": null, "payment:bancomat": null, "reservation": null, "toilets": null, "addr:country": null, "diet:vegan": null, "capacity": null, "source": null, "source_1": null, "delivery": null, "smoking": null, "takeaway": null, "name:signed": null, "seamark:small_craft_facility:category": null, "seamark:type": null, "contact:facebook": null, "fixme": null, "toilets:access": null, "payment:credit_cards": null, "payment:debit_cards": null, "name:it": null, "contact:email": null, "payment:american_express": null, "start_date": null, "name:ru": null, "description": null, "bar": null, "diet:meat": null, "diet:mediterranean": null, "diet:non-vegetarian": null, "diet:seafood": null, "loc_name:pl": null, "payment:contactless": null, "check_date:opening_hours": null, "opening_hours:signed": null, "internet_access:fee": null, "name:pl": null, "diet:local": null, "outdoor_seating:comfort": null, "name:en": null, "air_conditioning": null, "highchair": null, "website:menu": null, "brewery": null, "toilets:handwashing": null, "toilets:num_chambers": null, "changing_table": null, "indoor": null, "short_name": null, "access": null, "contact:instagram": null, "contact:whatsapp": null, "addr:floor": null, "internet_access:ssid": null, "food": null, "building": null, "diet:fish": null, "type": null }, "geometry": { "type": "Point", "coordinates": [ 9.1197509, 39.2149293 ] } },
{ "type": "Feature", "properties": { "element": "node", "id": 9726164063, "addr:city": "Cagliari", "addr:street": "Viale Poetto", "amenity": "restaurant", "cuisine": "italian;seafood", "name": "Antica Cagliari Lungomare", "note": null, "phone": null, "price": null, "addr:postcode": "09126", "addr:housenumber": "238", "website": null, "email": null, "outdoor_seating": "yes", "check_date": "2023-09-08", "payment:cash": null, "payment:mastercard": "yes", "payment:visa": "yes", "payment:visa_debit": "yes", "wheelchair": "yes", "addr:place": null, "internet_access": "no", "toilets:wheelchair": null, "microbrewery": null, "opening_hours": null, "indoor_seating": null, "wheelchair:description": null, "brand": null, "brand:wikidata": null, "brand:wikipedia": null, "contact:mobile": null, "contact:phone": "+39 070 649 9563", "contact:website": "https://www.anticacagliari.it/", "diet:vegetarian": "yes", "facebook": null, "operator": null, "payment:bancomat": null, "reservation": "yes", "toilets": "yes", "addr:country": null, "diet:vegan": null, "capacity": null, "source": null, "source_1": null, "delivery": null, "smoking": null, "takeaway": null, "name:signed": null, "seamark:small_craft_facility:category": null, "seamark:type": null, "contact:facebook": null, "fixme": null, "toilets:access": null, "payment:credit_cards": null, "payment:debit_cards": null, "name:it": null, "contact:email": "anticacagliari@tiscali.it", "payment:american_express": null, "start_date": null, "name:ru": null, "description": null, "bar": "yes", "diet:meat": null, "diet:mediterranean": null, "diet:non-vegetarian": null, "diet:seafood": null, "loc_name:pl": null, "payment:contactless": null, "check_date:opening_hours": null, "opening_hours:signed": null, "internet_access:fee": null, "name:pl": null, "diet:local": null, "outdoor_seating:comfort": null, "name:en": null, "air_conditioning": "yes", "highchair": "yes", "website:menu": null, "brewery": null, "toilets:handwashing": null, "toilets:num_chambers": null, "changing_table": null, "indoor": null, "short_name": null, "access": null, "contact:instagram": null, "contact:whatsapp": null, "addr:floor": null, "internet_access:ssid": null, "food": null, "building": null, "diet:fish": null, "type": null }, "geometry": { "type": "Point", "coordinates": [ 9.1621509, 39.2030697 ] } },
{ "type": "Feature", "properties": { "element": "node", "id": 9987802053, "addr:city": null, "addr:street": "Viale Monastir", "amenity": "restaurant", "cuisine": "pizza", "name": "Vai che ce n'è 3", "note": null, "phone": null, "price": null, "addr:postcode": null, "addr:housenumber": "53", "website": null, "email": null, "outdoor_seating": null, "check_date": null, "payment:cash": null, "payment:mastercard": null, "payment:visa": null, "payment:visa_debit": null, "wheelchair": null, "addr:place": null, "internet_access": null, "toilets:wheelchair": null, "microbrewery": null, "opening_hours": null, "indoor_seating": null, "wheelchair:description": null, "brand": null, "brand:wikidata": null, "brand:wikipedia": null, "contact:mobile": null, "contact:phone": null, "contact:website": null, "diet:vegetarian": null, "facebook": null, "operator": null, "payment:bancomat": null, "reservation": null, "toilets": null, "addr:country": null, "diet:vegan": null, "capacity": null, "source": null, "source_1": null, "delivery": null, "smoking": null, "takeaway": null, "name:signed": null, "seamark:small_craft_facility:category": null, "seamark:type": null, "contact:facebook": null, "fixme": null, "toilets:access": null, "payment:credit_cards": null, "payment:debit_cards": null, "name:it": null, "contact:email": null, "payment:american_express": null, "start_date": null, "name:ru": null, "description": null, "bar": null, "diet:meat": null, "diet:mediterranean": null, "diet:non-vegetarian": null, "diet:seafood": null, "loc_name:pl": null, "payment:contactless": null, "check_date:opening_hours": null, "opening_hours:signed": null, "internet_access:fee": null, "name:pl": null, "diet:local": null, "outdoor_seating:comfort": null, "name:en": null, "air_conditioning": null, "highchair": null, "website:menu": null, "brewery": null, "toilets:handwashing": null, "toilets:num_chambers": null, "changing_table": null, "indoor": null, "short_name": null, "access": null, "contact:instagram": null, "contact:whatsapp": null, "addr:floor": null, "internet_access:ssid": null, "food": null, "building": null, "diet:fish": null, "type": null }, "geometry": { "type": "Point", "coordinates": [ 9.0970182, 39.2364007 ] } },
{ "type": "Feature", "properties": { "element": "node", "id": 10043334718, "addr:city": null, "addr:street": "Via Camillo Benso Conte di Cavour", "amenity": "restaurant", "cuisine": "regional;seafood", "name": "Su Cumbidu Mare", "note": null, "phone": null, "price": null, "addr:postcode": null, "addr:housenumber": null, "website": null, "email": null, "outdoor_seating": null, "check_date": "2023-09-08", "payment:cash": null, "payment:mastercard": null, "payment:visa": null, "payment:visa_debit": null, "wheelchair": null, "addr:place": null, "internet_access": null, "toilets:wheelchair": null, "microbrewery": null, "opening_hours": null, "indoor_seating": null, "wheelchair:description": null, "brand": null, "brand:wikidata": null, "brand:wikipedia": null, "contact:mobile": null, "contact:phone": null, "contact:website": null, "diet:vegetarian": null, "facebook": null, "operator": null, "payment:bancomat": null, "reservation": null, "toilets": null, "addr:country": null, "diet:vegan": null, "capacity": null, "source": null, "source_1": null, "delivery": null, "smoking": null, "takeaway": null, "name:signed": null, "seamark:small_craft_facility:category": null, "seamark:type": null, "contact:facebook": null, "fixme": null, "toilets:access": null, "payment:credit_cards": null, "payment:debit_cards": null, "name:it": null, "contact:email": null, "payment:american_express": null, "start_date": null, "name:ru": null, "description": null, "bar": null, "diet:meat": null, "diet:mediterranean": null, "diet:non-vegetarian": null, "diet:seafood": null, "loc_name:pl": null, "payment:contactless": null, "check_date:opening_hours": null, "opening_hours:signed": null, "internet_access:fee": null, "name:pl": null, "diet:local": null, "outdoor_seating:comfort": null, "name:en": null, "air_conditioning": null, "highchair": null, "website:menu": null, "brewery": null, "toilets:handwashing": null, "toilets:num_chambers": null, "changing_table": null, "indoor": null, "short_name": null, "access": null, "contact:instagram": null, "contact:whatsapp": null, "addr:floor": null, "internet_access:ssid": null, "food": null, "building": null, "diet:fish": null, "type": null }, "geometry": { "type": "Point", "coordinates": [ 9.1140672, 39.2140982 ] } },
{ "type": "Feature", "properties": { "element": "node", "id": 10261009636, "addr:city": null, "addr:street": null, "amenity": "restaurant", "cuisine": "italian;regional", "name": "Sa Pampada", "note": null, "phone": null, "price": null, "addr:postcode": null, "addr:housenumber": null, "website": null, "email": null, "outdoor_seating": null, "check_date": null, "payment:cash": null, "payment:mastercard": null, "payment:visa": null, "payment:visa_debit": null, "wheelchair": null, "addr:place": null, "internet_access": null, "toilets:wheelchair": null, "microbrewery": null, "opening_hours": "Sa-Th 12:00-15:00,19:00-23:00", "indoor_seating": null, "wheelchair:description": null, "brand": null, "brand:wikidata": null, "brand:wikipedia": null, "contact:mobile": null, "contact:phone": null, "contact:website": null, "diet:vegetarian": null, "facebook": null, "operator": null, "payment:bancomat": null, "reservation": null, "toilets": null, "addr:country": null, "diet:vegan": null, "capacity": null, "source": null, "source_1": null, "delivery": null, "smoking": null, "takeaway": null, "name:signed": null, "seamark:small_craft_facility:category": null, "seamark:type": null, "contact:facebook": null, "fixme": null, "toilets:access": null, "payment:credit_cards": null, "payment:debit_cards": null, "name:it": null, "contact:email": null, "payment:american_express": null, "start_date": null, "name:ru": null, "description": null, "bar": null, "diet:meat": null, "diet:mediterranean": null, "diet:non-vegetarian": null, "diet:seafood": null, "loc_name:pl": null, "payment:contactless": null, "check_date:opening_hours": null, "opening_hours:signed": null, "internet_access:fee": null, "name:pl": null, "diet:local": null, "outdoor_seating:comfort": null, "name:en": null, "air_conditioning": null, "highchair": null, "website:menu": null, "brewery": null, "toilets:handwashing": null, "toilets:num_chambers": null, "changing_table": null, "indoor": null, "short_name": null, "access": null, "contact:instagram": null, "contact:whatsapp": null, "addr:floor": null, "internet_access:ssid": null, "food": null, "building": null, "diet:fish": null, "type": null }, "geometry": { "type": "Point", "coordinates": [ 9.108183, 39.2147326 ] } },
{ "type": "Feature", "properties": { "element": "node", "id": 10261018518, "addr:city": null, "addr:street": null, "amenity": "restaurant", "cuisine": "regional", "name": "Per Mezzo Di", "note": null, "phone": null, "price": null, "addr:postcode": null, "addr:housenumber": null, "website": null, "email": null, "outdoor_seating": null, "check_date": null, "payment:cash": null, "payment:mastercard": null, "payment:visa": null, "payment:visa_debit": null, "wheelchair": null, "addr:place": null, "internet_access": null, "toilets:wheelchair": null, "microbrewery": null, "opening_hours": null, "indoor_seating": null, "wheelchair:description": null, "brand": null, "brand:wikidata": null, "brand:wikipedia": null, "contact:mobile": null, "contact:phone": null, "contact:website": null, "diet:vegetarian": null, "facebook": null, "operator": null, "payment:bancomat": null, "reservation": null, "toilets": null, "addr:country": null, "diet:vegan": null, "capacity": null, "source": null, "source_1": null, "delivery": null, "smoking": null, "takeaway": null, "name:signed": null, "seamark:small_craft_facility:category": null, "seamark:type": null, "contact:facebook": null, "fixme": null, "toilets:access": null, "payment:credit_cards": null, "payment:debit_cards": null, "name:it": null, "contact:email": null, "payment:american_express": null, "start_date": null, "name:ru": null, "description": null, "bar": null, "diet:meat": null, "diet:mediterranean": null, "diet:non-vegetarian": null, "diet:seafood": null, "loc_name:pl": null, "payment:contactless": null, "check_date:opening_hours": null, "opening_hours:signed": null, "internet_access:fee": null, "name:pl": null, "diet:local": null, "outdoor_seating:comfort": null, "name:en": null, "air_conditioning": null, "highchair": null, "website:menu": null, "brewery": null, "toilets:handwashing": null, "toilets:num_chambers": null, "changing_table": null, "indoor": null, "short_name": null, "access": null, "contact:instagram": null, "contact:whatsapp": null, "addr:floor": null, "internet_access:ssid": null, "food": null, "building": null, "diet:fish": null, "type": null }, "geometry": { "type": "Point", "coordinates": [ 9.1194902, 39.2163685 ] } },
{ "type": "Feature", "properties": { "element": "node", "id": 10264708065, "addr:city": "Cagliari", "addr:street": "Corso Vittorio Emanuele II", "amenity": "restaurant", "cuisine": "pizza", "name": "Locanda Caddeo", "note": null, "phone": null, "price": null, "addr:postcode": "09124", "addr:housenumber": "1a", "website": null, "email": null, "outdoor_seating": "pedestrian_zone", "check_date": "2023-09-08", "payment:cash": "yes", "payment:mastercard": "yes", "payment:visa": "yes", "payment:visa_debit": "yes", "wheelchair": null, "addr:place": null, "internet_access": null, "toilets:wheelchair": null, "microbrewery": null, "opening_hours": null, "indoor_seating": null, "wheelchair:description": null, "brand": null, "brand:wikidata": null, "brand:wikipedia": null, "contact:mobile": null, "contact:phone": null, "contact:website": null, "diet:vegetarian": null, "facebook": null, "operator": "Locanda Caddeo s.r.l.", "payment:bancomat": null, "reservation": null, "toilets": null, "addr:country": null, "diet:vegan": null, "capacity": null, "source": null, "source_1": null, "delivery": null, "smoking": null, "takeaway": null, "name:signed": null, "seamark:small_craft_facility:category": null, "seamark:type": null, "contact:facebook": null, "fixme": null, "toilets:access": null, "payment:credit_cards": null, "payment:debit_cards": null, "name:it": null, "contact:email": null, "payment:american_express": null, "start_date": null, "name:ru": null, "description": null, "bar": null, "diet:meat": null, "diet:mediterranean": null, "diet:non-vegetarian": null, "diet:seafood": null, "loc_name:pl": null, "payment:contactless": null, "check_date:opening_hours": null, "opening_hours:signed": null, "internet_access:fee": null, "name:pl": null, "diet:local": null, "outdoor_seating:comfort": null, "name:en": null, "air_conditioning": null, "highchair": null, "website:menu": null, "brewery": null, "toilets:handwashing": null, "toilets:num_chambers": null, "changing_table": null, "indoor": null, "short_name": null, "access": null, "contact:instagram": null, "contact:whatsapp": null, "addr:floor": null, "internet_access:ssid": null, "food": null, "building": null, "diet:fish": null, "type": null }, "geometry": { "type": "Point", "coordinates": [ 9.1131841, 39.2175784 ] } },
{ "type": "Feature", "properties": { "element": "node", "id": 10264708066, "addr:city": "Cagliari", "addr:street": "Corso Vittorio Emanuele II", "amenity": "restaurant", "cuisine": "sandwich", "name": "100 Montaditos", "note": null, "phone": null, "price": null, "addr:postcode": null, "addr:housenumber": null, "website": null, "email": null, "outdoor_seating": "pedestrian_zone", "check_date": "2023-09-08", "payment:cash": null, "payment:mastercard": null, "payment:visa": null, "payment:visa_debit": null, "wheelchair": null, "addr:place": null, "internet_access": null, "toilets:wheelchair": null, "microbrewery": null, "opening_hours": null, "indoor_seating": null, "wheelchair:description": null, "brand": "100 Montaditos", "brand:wikidata": "Q8355805", "brand:wikipedia": null, "contact:mobile": null, "contact:phone": null, "contact:website": null, "diet:vegetarian": null, "facebook": null, "operator": null, "payment:bancomat": null, "reservation": null, "toilets": null, "addr:country": null, "diet:vegan": null, "capacity": null, "source": null, "source_1": null, "delivery": null, "smoking": null, "takeaway": null, "name:signed": null, "seamark:small_craft_facility:category": null, "seamark:type": null, "contact:facebook": null, "fixme": null, "toilets:access": null, "payment:credit_cards": null, "payment:debit_cards": null, "name:it": null, "contact:email": null, "payment:american_express": null, "start_date": null, "name:ru": null, "description": null, "bar": null, "diet:meat": null, "diet:mediterranean": null, "diet:non-vegetarian": null, "diet:seafood": null, "loc_name:pl": null, "payment:contactless": null, "check_date:opening_hours": null, "opening_hours:signed": null, "internet_access:fee": null, "name:pl": null, "diet:local": null, "outdoor_seating:comfort": null, "name:en": null, "air_conditioning": null, "highchair": null, "website:menu": null, "brewery": null, "toilets:handwashing": null, "toilets:num_chambers": null, "changing_table": null, "indoor": null, "short_name": null, "access": null, "contact:instagram": null, "contact:whatsapp": null, "addr:floor": null, "internet_access:ssid": null, "food": null, "building": null, "diet:fish": null, "type": null }, "geometry": { "type": "Point", "coordinates": [ 9.1127501, 39.2177154 ] } },
{ "type": "Feature", "properties": { "element": "node", "id": 10264708070, "addr:city": "Cagliari", "addr:street": "Corso Vittorio Emanuele II", "amenity": "restaurant", "cuisine": "chinese", "name": "Shanghai", "note": null, "phone": null, "price": null, "addr:postcode": null, "addr:housenumber": null, "website": null, "email": null, "outdoor_seating": null, "check_date": null, "payment:cash": null, "payment:mastercard": null, "payment:visa": null, "payment:visa_debit": null, "wheelchair": null, "addr:place": null, "internet_access": null, "toilets:wheelchair": null, "microbrewery": null, "opening_hours": null, "indoor_seating": null, "wheelchair:description": null, "brand": null, "brand:wikidata": null, "brand:wikipedia": null, "contact:mobile": null, "contact:phone": null, "contact:website": null, "diet:vegetarian": null, "facebook": null, "operator": null, "payment:bancomat": null, "reservation": null, "toilets": null, "addr:country": null, "diet:vegan": null, "capacity": null, "source": null, "source_1": null, "delivery": null, "smoking": null, "takeaway": null, "name:signed": null, "seamark:small_craft_facility:category": null, "seamark:type": null, "contact:facebook": null, "fixme": null, "toilets:access": null, "payment:credit_cards": null, "payment:debit_cards": null, "name:it": null, "contact:email": null, "payment:american_express": null, "start_date": null, "name:ru": null, "description": null, "bar": null, "diet:meat": null, "diet:mediterranean": null, "diet:non-vegetarian": null, "diet:seafood": null, "loc_name:pl": null, "payment:contactless": null, "check_date:opening_hours": null, "opening_hours:signed": null, "internet_access:fee": null, "name:pl": null, "diet:local": null, "outdoor_seating:comfort": null, "name:en": null, "air_conditioning": null, "highchair": null, "website:menu": null, "brewery": null, "toilets:handwashing": null, "toilets:num_chambers": null, "changing_table": null, "indoor": null, "short_name": null, "access": null, "contact:instagram": null, "contact:whatsapp": null, "addr:floor": null, "internet_access:ssid": null, "food": null, "building": null, "diet:fish": null, "type": null }, "geometry": { "type": "Point", "coordinates": [ 9.112268, 39.2179624 ] } },
{ "type": "Feature", "properties": { "element": "node", "id": 10781475885, "addr:city": null, "addr:street": null, "amenity": "restaurant", "cuisine": "chinese", "name": "La Muraglia Cagliari", "note": null, "phone": "+39 3667232319", "price": null, "addr:postcode": null, "addr:housenumber": null, "website": "https://www.facebook.com/LaMuragliaCagliari/", "email": null, "outdoor_seating": null, "check_date": null, "payment:cash": null, "payment:mastercard": null, "payment:visa": null, "payment:visa_debit": null, "wheelchair": null, "addr:place": null, "internet_access": null, "toilets:wheelchair": null, "microbrewery": null, "opening_hours": null, "indoor_seating": null, "wheelchair:description": null, "brand": null, "brand:wikidata": null, "brand:wikipedia": null, "contact:mobile": null, "contact:phone": null, "contact:website": null, "diet:vegetarian": null, "facebook": null, "operator": null, "payment:bancomat": null, "reservation": null, "toilets": null, "addr:country": null, "diet:vegan": null, "capacity": null, "source": null, "source_1": null, "delivery": null, "smoking": null, "takeaway": null, "name:signed": null, "seamark:small_craft_facility:category": null, "seamark:type": null, "contact:facebook": null, "fixme": null, "toilets:access": null, "payment:credit_cards": null, "payment:debit_cards": null, "name:it": null, "contact:email": null, "payment:american_express": null, "start_date": null, "name:ru": null, "description": null, "bar": null, "diet:meat": null, "diet:mediterranean": null, "diet:non-vegetarian": null, "diet:seafood": null, "loc_name:pl": null, "payment:contactless": null, "check_date:opening_hours": null, "opening_hours:signed": null, "internet_access:fee": null, "name:pl": null, "diet:local": null, "outdoor_seating:comfort": null, "name:en": null, "air_conditioning": null, "highchair": null, "website:menu": null, "brewery": null, "toilets:handwashing": null, "toilets:num_chambers": null, "changing_table": null, "indoor": null, "short_name": null, "access": null, "contact:instagram": null, "contact:whatsapp": null, "addr:floor": null, "internet_access:ssid": null, "food": null, "building": null, "diet:fish": null, "type": null }, "geometry": { "type": "Point", "coordinates": [ 9.1286968, 39.2241064 ] } },
{ "type": "Feature", "properties": { "element": "node", "id": 10949323062, "addr:city": null, "addr:street": null, "amenity": "restaurant", "cuisine": "pizza", "name": "Levitum", "note": null, "phone": null, "price": null, "addr:postcode": null, "addr:housenumber": null, "website": null, "email": null, "outdoor_seating": "yes", "check_date": null, "payment:cash": null, "payment:mastercard": null, "payment:visa": null, "payment:visa_debit": null, "wheelchair": null, "addr:place": null, "internet_access": null, "toilets:wheelchair": null, "microbrewery": null, "opening_hours": null, "indoor_seating": null, "wheelchair:description": null, "brand": null, "brand:wikidata": null, "brand:wikipedia": null, "contact:mobile": null, "contact:phone": null, "contact:website": null, "diet:vegetarian": null, "facebook": null, "operator": null, "payment:bancomat": null, "reservation": null, "toilets": null, "addr:country": null, "diet:vegan": null, "capacity": "25", "source": null, "source_1": null, "delivery": null, "smoking": null, "takeaway": null, "name:signed": null, "seamark:small_craft_facility:category": null, "seamark:type": null, "contact:facebook": null, "fixme": null, "toilets:access": null, "payment:credit_cards": null, "payment:debit_cards": null, "name:it": null, "contact:email": null, "payment:american_express": null, "start_date": null, "name:ru": null, "description": null, "bar": null, "diet:meat": null, "diet:mediterranean": null, "diet:non-vegetarian": null, "diet:seafood": null, "loc_name:pl": null, "payment:contactless": null, "check_date:opening_hours": null, "opening_hours:signed": null, "internet_access:fee": null, "name:pl": null, "diet:local": null, "outdoor_seating:comfort": null, "name:en": null, "air_conditioning": null, "highchair": null, "website:menu": "https://www.leggimenu.it/menu/levitum/", "brewery": null, "toilets:handwashing": null, "toilets:num_chambers": null, "changing_table": null, "indoor": null, "short_name": null, "access": null, "contact:instagram": null, "contact:whatsapp": null, "addr:floor": null, "internet_access:ssid": null, "food": null, "building": null, "diet:fish": null, "type": null }, "geometry": { "type": "Point", "coordinates": [ 9.122442, 39.2193918 ] } },
{ "type": "Feature", "properties": { "element": "node", "id": 11146656345, "addr:city": "Cagliari", "addr:street": "Via Napoli", "amenity": "restaurant", "cuisine": "seafood", "name": "La Cozzeria della Marina", "note": null, "phone": null, "price": null, "addr:postcode": "09124", "addr:housenumber": "71", "website": null, "email": null, "outdoor_seating": "no", "check_date": "2023-08-28", "payment:cash": "yes", "payment:mastercard": "yes", "payment:visa": "yes", "payment:visa_debit": "yes", "wheelchair": "no", "addr:place": null, "internet_access": null, "toilets:wheelchair": null, "microbrewery": null, "opening_hours": null, "indoor_seating": null, "wheelchair:description": null, "brand": null, "brand:wikidata": null, "brand:wikipedia": null, "contact:mobile": null, "contact:phone": "+39 070 6848834", "contact:website": null, "diet:vegetarian": null, "facebook": null, "operator": "Karolina s.r.l.", "payment:bancomat": null, "reservation": "yes", "toilets": "yes", "addr:country": null, "diet:vegan": null, "capacity": null, "source": null, "source_1": null, "delivery": null, "smoking": null, "takeaway": null, "name:signed": null, "seamark:small_craft_facility:category": null, "seamark:type": null, "contact:facebook": null, "fixme": null, "toilets:access": null, "payment:credit_cards": null, "payment:debit_cards": null, "name:it": null, "contact:email": null, "payment:american_express": "yes", "start_date": null, "name:ru": null, "description": null, "bar": null, "diet:meat": null, "diet:mediterranean": null, "diet:non-vegetarian": null, "diet:seafood": null, "loc_name:pl": null, "payment:contactless": null, "check_date:opening_hours": null, "opening_hours:signed": null, "internet_access:fee": null, "name:pl": null, "diet:local": null, "outdoor_seating:comfort": null, "name:en": null, "air_conditioning": "yes", "highchair": null, "website:menu": null, "brewery": null, "toilets:handwashing": null, "toilets:num_chambers": null, "changing_table": null, "indoor": null, "short_name": null, "access": null, "contact:instagram": null, "contact:whatsapp": null, "addr:floor": null, "internet_access:ssid": null, "food": null, "building": null, "diet:fish": null, "type": null }, "geometry": { "type": "Point", "coordinates": [ 9.1136815, 39.2155722 ] } },
{ "type": "Feature", "properties": { "element": "node", "id": 11151859037, "addr:city": null, "addr:street": "Via Santa Maria Goretti", "amenity": "restaurant", "cuisine": "pizza;burger", "name": "Wow.", "note": null, "phone": null, "price": null, "addr:postcode": null, "addr:housenumber": null, "website": null, "email": null, "outdoor_seating": "yes", "check_date": "2023-09-09", "payment:cash": "yes", "payment:mastercard": "yes", "payment:visa": "yes", "payment:visa_debit": "yes", "wheelchair": "yes", "addr:place": null, "internet_access": null, "toilets:wheelchair": null, "microbrewery": null, "opening_hours": null, "indoor_seating": null, "wheelchair:description": null, "brand": null, "brand:wikidata": null, "brand:wikipedia": null, "contact:mobile": null, "contact:phone": null, "contact:website": null, "diet:vegetarian": "yes", "facebook": null, "operator": null, "payment:bancomat": "yes", "reservation": "yes", "toilets": "yes", "addr:country": null, "diet:vegan": "yes", "capacity": null, "source": null, "source_1": null, "delivery": "yes", "smoking": null, "takeaway": "yes", "name:signed": null, "seamark:small_craft_facility:category": null, "seamark:type": null, "contact:facebook": null, "fixme": null, "toilets:access": null, "payment:credit_cards": null, "payment:debit_cards": null, "name:it": null, "contact:email": null, "payment:american_express": null, "start_date": null, "name:ru": null, "description": null, "bar": null, "diet:meat": null, "diet:mediterranean": null, "diet:non-vegetarian": null, "diet:seafood": null, "loc_name:pl": null, "payment:contactless": null, "check_date:opening_hours": null, "opening_hours:signed": null, "internet_access:fee": null, "name:pl": null, "diet:local": null, "outdoor_seating:comfort": null, "name:en": null, "air_conditioning": "yes", "highchair": "yes", "website:menu": null, "brewery": "yes", "toilets:handwashing": null, "toilets:num_chambers": null, "changing_table": null, "indoor": null, "short_name": null, "access": null, "contact:instagram": null, "contact:whatsapp": null, "addr:floor": null, "internet_access:ssid": null, "food": null, "building": null, "diet:fish": null, "type": null }, "geometry": { "type": "Point", "coordinates": [ 9.1246658, 39.2509503 ] } },
{ "type": "Feature", "properties": { "element": "node", "id": 11157772237, "addr:city": null, "addr:street": "Via Giovanni Maria Dettori", "amenity": "restaurant", "cuisine": "regional;mediterranean", "name": "Sa Panada", "note": null, "phone": null, "price": null, "addr:postcode": "09124", "addr:housenumber": "8", "website": null, "email": null, "outdoor_seating": "street", "check_date": "2023-09-10", "payment:cash": null, "payment:mastercard": "yes", "payment:visa": "yes", "payment:visa_debit": "yes", "wheelchair": null, "addr:place": null, "internet_access": null, "toilets:wheelchair": null, "microbrewery": null, "opening_hours": "Mo 09:00-23:00; Tu 12:00-01:30; We-Th 12:00-01:00", "indoor_seating": null, "wheelchair:description": null, "brand": null, "brand:wikidata": null, "brand:wikipedia": null, "contact:mobile": null, "contact:phone": "+39 340 858 4263", "contact:website": "https://sapandacagliari.business.site", "diet:vegetarian": "yes", "facebook": null, "operator": null, "payment:bancomat": null, "reservation": null, "toilets": null, "addr:country": null, "diet:vegan": null, "capacity": null, "source": null, "source_1": null, "delivery": null, "smoking": null, "takeaway": null, "name:signed": null, "seamark:small_craft_facility:category": null, "seamark:type": null, "contact:facebook": null, "fixme": null, "toilets:access": null, "payment:credit_cards": null, "payment:debit_cards": null, "name:it": null, "contact:email": null, "payment:american_express": null, "start_date": null, "name:ru": null, "description": null, "bar": null, "diet:meat": null, "diet:mediterranean": null, "diet:non-vegetarian": null, "diet:seafood": null, "loc_name:pl": null, "payment:contactless": null, "check_date:opening_hours": null, "opening_hours:signed": null, "internet_access:fee": null, "name:pl": null, "diet:local": null, "outdoor_seating:comfort": null, "name:en": null, "air_conditioning": null, "highchair": null, "website:menu": null, "brewery": null, "toilets:handwashing": null, "toilets:num_chambers": null, "changing_table": null, "indoor": null, "short_name": null, "access": null, "contact:instagram": null, "contact:whatsapp": null, "addr:floor": null, "internet_access:ssid": null, "food": null, "building": null, "diet:fish": null, "type": null }, "geometry": { "type": "Point", "coordinates": [ 9.1139326, 39.2157667 ] } },
{ "type": "Feature", "properties": { "element": "node", "id": 11157794629, "addr:city": null, "addr:street": "Via Santa Margherita", "amenity": "restaurant", "cuisine": "poke", "name": "Maua Poke", "note": null, "phone": null, "price": null, "addr:postcode": null, "addr:housenumber": "19a", "website": null, "email": null, "outdoor_seating": "yes", "check_date": "2023-08-30", "payment:cash": "yes", "payment:mastercard": "yes", "payment:visa": "yes", "payment:visa_debit": "yes", "wheelchair": "no", "addr:place": null, "internet_access": null, "toilets:wheelchair": null, "microbrewery": null, "opening_hours": null, "indoor_seating": null, "wheelchair:description": null, "brand": null, "brand:wikidata": null, "brand:wikipedia": null, "contact:mobile": null, "contact:phone": "+39 070 4517167", "contact:website": null, "diet:vegetarian": "yes", "facebook": null, "operator": "M2S s.r.l.", "payment:bancomat": "yes", "reservation": null, "toilets": null, "addr:country": null, "diet:vegan": "yes", "capacity": null, "source": null, "source_1": null, "delivery": null, "smoking": null, "takeaway": null, "name:signed": null, "seamark:small_craft_facility:category": null, "seamark:type": null, "contact:facebook": null, "fixme": null, "toilets:access": null, "payment:credit_cards": null, "payment:debit_cards": null, "name:it": null, "contact:email": null, "payment:american_express": null, "start_date": null, "name:ru": null, "description": null, "bar": null, "diet:meat": null, "diet:mediterranean": null, "diet:non-vegetarian": null, "diet:seafood": null, "loc_name:pl": null, "payment:contactless": null, "check_date:opening_hours": null, "opening_hours:signed": null, "internet_access:fee": null, "name:pl": null, "diet:local": null, "outdoor_seating:comfort": null, "name:en": null, "air_conditioning": null, "highchair": null, "website:menu": null, "brewery": null, "toilets:handwashing": null, "toilets:num_chambers": null, "changing_table": null, "indoor": null, "short_name": null, "access": null, "contact:instagram": null, "contact:whatsapp": null, "addr:floor": null, "internet_access:ssid": null, "food": null, "building": null, "diet:fish": null, "type": null }, "geometry": { "type": "Point", "coordinates": [ 9.1138133, 39.2186034 ] } },
{ "type": "Feature", "properties": { "element": "node", "id": 11157938842, "addr:city": null, "addr:street": "Viale Poetto", "amenity": "restaurant", "cuisine": null, "name": "Otium", "note": null, "phone": null, "price": null, "addr:postcode": null, "addr:housenumber": null, "website": null, "email": null, "outdoor_seating": null, "check_date": "2023-08-30", "payment:cash": null, "payment:mastercard": null, "payment:visa": null, "payment:visa_debit": null, "wheelchair": null, "addr:place": null, "internet_access": null, "toilets:wheelchair": null, "microbrewery": null, "opening_hours": null, "indoor_seating": null, "wheelchair:description": null, "brand": null, "brand:wikidata": null, "brand:wikipedia": null, "contact:mobile": null, "contact:phone": "+39 348 759 7737", "contact:website": null, "diet:vegetarian": null, "facebook": null, "operator": null, "payment:bancomat": null, "reservation": null, "toilets": null, "addr:country": null, "diet:vegan": null, "capacity": null, "source": null, "source_1": null, "delivery": null, "smoking": null, "takeaway": null, "name:signed": null, "seamark:small_craft_facility:category": null, "seamark:type": null, "contact:facebook": null, "fixme": null, "toilets:access": null, "payment:credit_cards": null, "payment:debit_cards": null, "name:it": null, "contact:email": null, "payment:american_express": null, "start_date": null, "name:ru": null, "description": null, "bar": null, "diet:meat": null, "diet:mediterranean": null, "diet:non-vegetarian": null, "diet:seafood": null, "loc_name:pl": null, "payment:contactless": null, "check_date:opening_hours": null, "opening_hours:signed": null, "internet_access:fee": null, "name:pl": null, "diet:local": null, "outdoor_seating:comfort": null, "name:en": null, "air_conditioning": null, "highchair": null, "website:menu": null, "brewery": null, "toilets:handwashing": null, "toilets:num_chambers": null, "changing_table": null, "indoor": null, "short_name": null, "access": null, "contact:instagram": null, "contact:whatsapp": null, "addr:floor": null, "internet_access:ssid": null, "food": null, "building": null, "diet:fish": null, "type": null }, "geometry": { "type": "Point", "coordinates": [ 9.1588945, 39.1946473 ] } },
{ "type": "Feature", "properties": { "element": "node", "id": 11161006004, "addr:city": "Cagliari", "addr:street": "Via Barcellona", "amenity": "restaurant", "cuisine": null, "name": "L'ambasciata", "note": null, "phone": null, "price": null, "addr:postcode": null, "addr:housenumber": "44", "website": null, "email": null, "outdoor_seating": null, "check_date": "2023-09-02", "payment:cash": null, "payment:mastercard": null, "payment:visa": null, "payment:visa_debit": null, "wheelchair": null, "addr:place": null, "internet_access": null, "toilets:wheelchair": null, "microbrewery": null, "opening_hours": null, "indoor_seating": null, "wheelchair:description": null, "brand": null, "brand:wikidata": null, "brand:wikipedia": null, "contact:mobile": null, "contact:phone": null, "contact:website": null, "diet:vegetarian": null, "facebook": null, "operator": null, "payment:bancomat": null, "reservation": null, "toilets": null, "addr:country": null, "diet:vegan": null, "capacity": null, "source": null, "source_1": null, "delivery": null, "smoking": null, "takeaway": null, "name:signed": null, "seamark:small_craft_facility:category": null, "seamark:type": null, "contact:facebook": null, "fixme": null, "toilets:access": null, "payment:credit_cards": null, "payment:debit_cards": null, "name:it": null, "contact:email": null, "payment:american_express": null, "start_date": null, "name:ru": null, "description": null, "bar": null, "diet:meat": null, "diet:mediterranean": null, "diet:non-vegetarian": null, "diet:seafood": null, "loc_name:pl": null, "payment:contactless": null, "check_date:opening_hours": null, "opening_hours:signed": null, "internet_access:fee": null, "name:pl": null, "diet:local": null, "outdoor_seating:comfort": null, "name:en": null, "air_conditioning": null, "highchair": null, "website:menu": null, "brewery": null, "toilets:handwashing": null, "toilets:num_chambers": null, "changing_table": null, "indoor": null, "short_name": null, "access": null, "contact:instagram": null, "contact:whatsapp": null, "addr:floor": null, "internet_access:ssid": null, "food": null, "building": null, "diet:fish": null, "type": null }, "geometry": { "type": "Point", "coordinates": [ 9.1134472, 39.2149447 ] } },
{ "type": "Feature", "properties": { "element": "node", "id": 11162892785, "addr:city": "Cagliari", "addr:street": "Via Barcellona", "amenity": "restaurant", "cuisine": "regional;italian;seafood", "name": "Kasteddu", "note": null, "phone": null, "price": null, "addr:postcode": "09124", "addr:housenumber": null, "website": null, "email": null, "outdoor_seating": "street", "check_date": "2023-09-02", "payment:cash": null, "payment:mastercard": "yes", "payment:visa": "yes", "payment:visa_debit": "yes", "wheelchair": null, "addr:place": null, "internet_access": null, "toilets:wheelchair": null, "microbrewery": null, "opening_hours": null, "indoor_seating": null, "wheelchair:description": null, "brand": null, "brand:wikidata": null, "brand:wikipedia": null, "contact:mobile": null, "contact:phone": "+39 070 278191", "contact:website": null, "diet:vegetarian": "yes", "facebook": null, "operator": null, "payment:bancomat": "yes", "reservation": null, "toilets": "yes", "addr:country": null, "diet:vegan": null, "capacity": null, "source": null, "source_1": null, "delivery": null, "smoking": null, "takeaway": null, "name:signed": null, "seamark:small_craft_facility:category": null, "seamark:type": null, "contact:facebook": null, "fixme": null, "toilets:access": null, "payment:credit_cards": null, "payment:debit_cards": null, "name:it": null, "contact:email": null, "payment:american_express": null, "start_date": null, "name:ru": null, "description": null, "bar": null, "diet:meat": null, "diet:mediterranean": null, "diet:non-vegetarian": null, "diet:seafood": null, "loc_name:pl": null, "payment:contactless": null, "check_date:opening_hours": null, "opening_hours:signed": null, "internet_access:fee": null, "name:pl": null, "diet:local": null, "outdoor_seating:comfort": null, "name:en": null, "air_conditioning": null, "highchair": null, "website:menu": null, "brewery": null, "toilets:handwashing": null, "toilets:num_chambers": null, "changing_table": null, "indoor": null, "short_name": null, "access": null, "contact:instagram": null, "contact:whatsapp": null, "addr:floor": null, "internet_access:ssid": null, "food": null, "building": null, "diet:fish": null, "type": null }, "geometry": { "type": "Point", "coordinates": [ 9.1131924, 39.2145969 ] } },
{ "type": "Feature", "properties": { "element": "node", "id": 11162892786, "addr:city": null, "addr:street": "Via Barcellona", "amenity": "restaurant", "cuisine": "italian;regional", "name": "Terra e mari", "note": null, "phone": null, "price": null, "addr:postcode": null, "addr:housenumber": null, "website": null, "email": null, "outdoor_seating": "street", "check_date": "2023-09-10", "payment:cash": null, "payment:mastercard": "yes", "payment:visa": "yes", "payment:visa_debit": "yes", "wheelchair": null, "addr:place": null, "internet_access": null, "toilets:wheelchair": null, "microbrewery": null, "opening_hours": null, "indoor_seating": null, "wheelchair:description": null, "brand": null, "brand:wikidata": null, "brand:wikipedia": null, "contact:mobile": null, "contact:phone": null, "contact:website": null, "diet:vegetarian": null, "facebook": null, "operator": null, "payment:bancomat": "yes", "reservation": "yes", "toilets": null, "addr:country": null, "diet:vegan": null, "capacity": null, "source": null, "source_1": null, "delivery": null, "smoking": null, "takeaway": null, "name:signed": null, "seamark:small_craft_facility:category": null, "seamark:type": null, "contact:facebook": null, "fixme": null, "toilets:access": null, "payment:credit_cards": null, "payment:debit_cards": null, "name:it": null, "contact:email": null, "payment:american_express": null, "start_date": null, "name:ru": null, "description": null, "bar": null, "diet:meat": null, "diet:mediterranean": null, "diet:non-vegetarian": null, "diet:seafood": null, "loc_name:pl": null, "payment:contactless": null, "check_date:opening_hours": null, "opening_hours:signed": null, "internet_access:fee": null, "name:pl": null, "diet:local": null, "outdoor_seating:comfort": null, "name:en": null, "air_conditioning": null, "highchair": null, "website:menu": null, "brewery": null, "toilets:handwashing": null, "toilets:num_chambers": null, "changing_table": null, "indoor": null, "short_name": null, "access": null, "contact:instagram": null, "contact:whatsapp": null, "addr:floor": null, "internet_access:ssid": null, "food": null, "building": null, "diet:fish": null, "type": null }, "geometry": { "type": "Point", "coordinates": [ 9.1133476, 39.214861 ] } },
{ "type": "Feature", "properties": { "element": "node", "id": 11173119665, "addr:city": "Cagliari", "addr:street": "Via Giovanni Maria Dettori", "amenity": "restaurant", "cuisine": "pizza", "name": "Antica Schiacciateria Fiorentina", "note": null, "phone": null, "price": null, "addr:postcode": null, "addr:housenumber": "9", "website": null, "email": null, "outdoor_seating": "street", "check_date": "2023-09-10", "payment:cash": "yes", "payment:mastercard": "yes", "payment:visa": "yes", "payment:visa_debit": "yes", "wheelchair": null, "addr:place": null, "internet_access": null, "toilets:wheelchair": null, "microbrewery": null, "opening_hours": null, "indoor_seating": null, "wheelchair:description": null, "brand": null, "brand:wikidata": null, "brand:wikipedia": null, "contact:mobile": null, "contact:phone": null, "contact:website": null, "diet:vegetarian": null, "facebook": null, "operator": "1926 s.r.l.", "payment:bancomat": "yes", "reservation": null, "toilets": null, "addr:country": null, "diet:vegan": null, "capacity": null, "source": null, "source_1": null, "delivery": null, "smoking": null, "takeaway": null, "name:signed": null, "seamark:small_craft_facility:category": null, "seamark:type": null, "contact:facebook": null, "fixme": null, "toilets:access": null, "payment:credit_cards": null, "payment:debit_cards": null, "name:it": null, "contact:email": null, "payment:american_express": null, "start_date": null, "name:ru": null, "description": null, "bar": null, "diet:meat": null, "diet:mediterranean": null, "diet:non-vegetarian": null, "diet:seafood": null, "loc_name:pl": null, "payment:contactless": null, "check_date:opening_hours": null, "opening_hours:signed": null, "internet_access:fee": null, "name:pl": null, "diet:local": null, "outdoor_seating:comfort": null, "name:en": null, "air_conditioning": null, "highchair": null, "website:menu": null, "brewery": null, "toilets:handwashing": null, "toilets:num_chambers": null, "changing_table": null, "indoor": null, "short_name": null, "access": null, "contact:instagram": null, "contact:whatsapp": null, "addr:floor": null, "internet_access:ssid": null, "food": null, "building": null, "diet:fish": null, "type": null }, "geometry": { "type": "Point", "coordinates": [ 9.1138895, 39.2159685 ] } },
{ "type": "Feature", "properties": { "element": "node", "id": 11176538271, "addr:city": null, "addr:street": null, "amenity": "restaurant", "cuisine": "italian;regional", "name": null, "note": null, "phone": null, "price": null, "addr:postcode": null, "addr:housenumber": null, "website": null, "email": null, "outdoor_seating": null, "check_date": "2023-09-08", "payment:cash": null, "payment:mastercard": null, "payment:visa": null, "payment:visa_debit": null, "wheelchair": null, "addr:place": null, "internet_access": null, "toilets:wheelchair": null, "microbrewery": null, "opening_hours": null, "indoor_seating": null, "wheelchair:description": null, "brand": null, "brand:wikidata": null, "brand:wikipedia": null, "contact:mobile": null, "contact:phone": null, "contact:website": null, "diet:vegetarian": null, "facebook": null, "operator": null, "payment:bancomat": null, "reservation": null, "toilets": null, "addr:country": null, "diet:vegan": null, "capacity": null, "source": null, "source_1": null, "delivery": null, "smoking": null, "takeaway": null, "name:signed": null, "seamark:small_craft_facility:category": null, "seamark:type": null, "contact:facebook": null, "fixme": null, "toilets:access": null, "payment:credit_cards": null, "payment:debit_cards": null, "name:it": null, "contact:email": null, "payment:american_express": null, "start_date": null, "name:ru": null, "description": null, "bar": null, "diet:meat": null, "diet:mediterranean": null, "diet:non-vegetarian": null, "diet:seafood": null, "loc_name:pl": null, "payment:contactless": null, "check_date:opening_hours": null, "opening_hours:signed": null, "internet_access:fee": null, "name:pl": null, "diet:local": null, "outdoor_seating:comfort": null, "name:en": null, "air_conditioning": null, "highchair": null, "website:menu": null, "brewery": null, "toilets:handwashing": null, "toilets:num_chambers": null, "changing_table": null, "indoor": null, "short_name": null, "access": null, "contact:instagram": null, "contact:whatsapp": null, "addr:floor": null, "internet_access:ssid": null, "food": null, "building": null, "diet:fish": null, "type": null }, "geometry": { "type": "Point", "coordinates": [ 9.1126522, 39.2144505 ] } },
{ "type": "Feature", "properties": { "element": "node", "id": 11176538273, "addr:city": "Cagliari", "addr:street": "Via Barcellona", "amenity": "restaurant", "cuisine": "italian", "name": "Taverna di Castello", "note": null, "phone": "+390703110056", "price": null, "addr:postcode": "09124", "addr:housenumber": "43", "website": null, "email": null, "outdoor_seating": "street", "check_date": "2023-09-08", "payment:cash": null, "payment:mastercard": null, "payment:visa": null, "payment:visa_debit": null, "wheelchair": null, "addr:place": null, "internet_access": null, "toilets:wheelchair": null, "microbrewery": null, "opening_hours": null, "indoor_seating": null, "wheelchair:description": null, "brand": null, "brand:wikidata": null, "brand:wikipedia": null, "contact:mobile": null, "contact:phone": null, "contact:website": null, "diet:vegetarian": null, "facebook": null, "operator": null, "payment:bancomat": null, "reservation": null, "toilets": null, "addr:country": null, "diet:vegan": null, "capacity": null, "source": null, "source_1": null, "delivery": null, "smoking": null, "takeaway": null, "name:signed": null, "seamark:small_craft_facility:category": null, "seamark:type": null, "contact:facebook": null, "fixme": null, "toilets:access": null, "payment:credit_cards": null, "payment:debit_cards": null, "name:it": null, "contact:email": null, "payment:american_express": null, "start_date": null, "name:ru": null, "description": null, "bar": null, "diet:meat": null, "diet:mediterranean": null, "diet:non-vegetarian": null, "diet:seafood": null, "loc_name:pl": null, "payment:contactless": null, "check_date:opening_hours": null, "opening_hours:signed": null, "internet_access:fee": null, "name:pl": null, "diet:local": null, "outdoor_seating:comfort": null, "name:en": null, "air_conditioning": null, "highchair": null, "website:menu": null, "brewery": null, "toilets:handwashing": null, "toilets:num_chambers": null, "changing_table": null, "indoor": null, "short_name": null, "access": null, "contact:instagram": null, "contact:whatsapp": null, "addr:floor": null, "internet_access:ssid": null, "food": null, "building": null, "diet:fish": null, "type": null }, "geometry": { "type": "Point", "coordinates": [ 9.1131494, 39.2145489 ] } },
{ "type": "Feature", "properties": { "element": "node", "id": 11176538274, "addr:city": null, "addr:street": "Via Sardegna", "amenity": "restaurant", "cuisine": "pasta;regional", "name": "Ta Bonu", "note": null, "phone": null, "price": null, "addr:postcode": null, "addr:housenumber": "58a", "website": null, "email": null, "outdoor_seating": null, "check_date": "2023-09-08", "payment:cash": null, "payment:mastercard": null, "payment:visa": null, "payment:visa_debit": null, "wheelchair": null, "addr:place": null, "internet_access": null, "toilets:wheelchair": null, "microbrewery": null, "opening_hours": null, "indoor_seating": null, "wheelchair:description": null, "brand": null, "brand:wikidata": null, "brand:wikipedia": null, "contact:mobile": null, "contact:phone": null, "contact:website": null, "diet:vegetarian": null, "facebook": null, "operator": null, "payment:bancomat": null, "reservation": null, "toilets": null, "addr:country": null, "diet:vegan": null, "capacity": null, "source": null, "source_1": null, "delivery": null, "smoking": null, "takeaway": null, "name:signed": null, "seamark:small_craft_facility:category": null, "seamark:type": null, "contact:facebook": null, "fixme": null, "toilets:access": null, "payment:credit_cards": null, "payment:debit_cards": null, "name:it": null, "contact:email": null, "payment:american_express": null, "start_date": null, "name:ru": null, "description": null, "bar": null, "diet:meat": null, "diet:mediterranean": null, "diet:non-vegetarian": null, "diet:seafood": null, "loc_name:pl": null, "payment:contactless": null, "check_date:opening_hours": null, "opening_hours:signed": null, "internet_access:fee": null, "name:pl": null, "diet:local": null, "outdoor_seating:comfort": null, "name:en": null, "air_conditioning": null, "highchair": null, "website:menu": null, "brewery": null, "toilets:handwashing": null, "toilets:num_chambers": null, "changing_table": null, "indoor": null, "short_name": null, "access": null, "contact:instagram": null, "contact:whatsapp": null, "addr:floor": null, "internet_access:ssid": null, "food": null, "building": null, "diet:fish": null, "type": null }, "geometry": { "type": "Point", "coordinates": [ 9.1126792, 39.2146304 ] } },
{ "type": "Feature", "properties": { "element": "node", "id": 11177200128, "addr:city": null, "addr:street": "Piazza Yenne", "amenity": "restaurant", "cuisine": "pasta;regional", "name": "Ta Bonu", "note": null, "phone": null, "price": null, "addr:postcode": null, "addr:housenumber": null, "website": null, "email": null, "outdoor_seating": null, "check_date": "2023-09-08", "payment:cash": null, "payment:mastercard": null, "payment:visa": null, "payment:visa_debit": null, "wheelchair": null, "addr:place": null, "internet_access": null, "toilets:wheelchair": null, "microbrewery": null, "opening_hours": null, "indoor_seating": null, "wheelchair:description": null, "brand": null, "brand:wikidata": null, "brand:wikipedia": null, "contact:mobile": null, "contact:phone": null, "contact:website": null, "diet:vegetarian": null, "facebook": null, "operator": null, "payment:bancomat": null, "reservation": null, "toilets": null, "addr:country": null, "diet:vegan": null, "capacity": null, "source": null, "source_1": null, "delivery": null, "smoking": null, "takeaway": null, "name:signed": null, "seamark:small_craft_facility:category": null, "seamark:type": null, "contact:facebook": null, "fixme": null, "toilets:access": null, "payment:credit_cards": null, "payment:debit_cards": null, "name:it": null, "contact:email": null, "payment:american_express": null, "start_date": null, "name:ru": null, "description": null, "bar": null, "diet:meat": null, "diet:mediterranean": null, "diet:non-vegetarian": null, "diet:seafood": null, "loc_name:pl": null, "payment:contactless": null, "check_date:opening_hours": null, "opening_hours:signed": null, "internet_access:fee": null, "name:pl": null, "diet:local": null, "outdoor_seating:comfort": null, "name:en": null, "air_conditioning": null, "highchair": null, "website:menu": null, "brewery": null, "toilets:handwashing": null, "toilets:num_chambers": null, "changing_table": null, "indoor": null, "short_name": null, "access": null, "contact:instagram": null, "contact:whatsapp": null, "addr:floor": null, "internet_access:ssid": null, "food": null, "building": null, "diet:fish": null, "type": null }, "geometry": { "type": "Point", "coordinates": [ 9.1139964, 39.2180027 ] } },
{ "type": "Feature", "properties": { "element": "node", "id": 11177446652, "addr:city": null, "addr:street": "Corso Vittorio Emanuele II", "amenity": "restaurant", "cuisine": "asian", "name": "Makito", "note": null, "phone": null, "price": null, "addr:postcode": null, "addr:housenumber": "72", "website": null, "email": null, "outdoor_seating": "pedestrian_zone", "check_date": "2023-09-08", "payment:cash": "yes", "payment:mastercard": "yes", "payment:visa": "yes", "payment:visa_debit": "yes", "wheelchair": null, "addr:place": null, "internet_access": null, "toilets:wheelchair": null, "microbrewery": null, "opening_hours": null, "indoor_seating": null, "wheelchair:description": null, "brand": null, "brand:wikidata": null, "brand:wikipedia": null, "contact:mobile": null, "contact:phone": "+39 070 7346763", "contact:website": "https://makito.io/", "diet:vegetarian": "yes", "facebook": null, "operator": "Zhou Wei", "payment:bancomat": "yes", "reservation": null, "toilets": null, "addr:country": null, "diet:vegan": null, "capacity": null, "source": null, "source_1": null, "delivery": null, "smoking": null, "takeaway": "yes", "name:signed": null, "seamark:small_craft_facility:category": null, "seamark:type": null, "contact:facebook": null, "fixme": null, "toilets:access": null, "payment:credit_cards": null, "payment:debit_cards": null, "name:it": null, "contact:email": null, "payment:american_express": null, "start_date": null, "name:ru": null, "description": null, "bar": null, "diet:meat": null, "diet:mediterranean": null, "diet:non-vegetarian": null, "diet:seafood": null, "loc_name:pl": null, "payment:contactless": null, "check_date:opening_hours": null, "opening_hours:signed": null, "internet_access:fee": null, "name:pl": null, "diet:local": null, "outdoor_seating:comfort": null, "name:en": null, "air_conditioning": null, "highchair": null, "website:menu": null, "brewery": null, "toilets:handwashing": null, "toilets:num_chambers": null, "changing_table": null, "indoor": null, "short_name": null, "access": null, "contact:instagram": null, "contact:whatsapp": null, "addr:floor": null, "internet_access:ssid": null, "food": null, "building": null, "diet:fish": null, "type": null }, "geometry": { "type": "Point", "coordinates": [ 9.1114384, 39.2180239 ] } },
{ "type": "Feature", "properties": { "element": "node", "id": 11177446653, "addr:city": null, "addr:street": "Corso Vittorio Emanuele II", "amenity": "restaurant", "cuisine": "italian;barbecue", "name": "Etto", "note": null, "phone": null, "price": null, "addr:postcode": null, "addr:housenumber": null, "website": null, "email": null, "outdoor_seating": "yes", "check_date": "2023-09-08", "payment:cash": null, "payment:mastercard": "yes", "payment:visa": "yes", "payment:visa_debit": "yes", "wheelchair": null, "addr:place": null, "internet_access": null, "toilets:wheelchair": null, "microbrewery": null, "opening_hours": null, "indoor_seating": "yes", "wheelchair:description": null, "brand": null, "brand:wikidata": null, "brand:wikipedia": null, "contact:mobile": null, "contact:phone": null, "contact:website": null, "diet:vegetarian": null, "facebook": null, "operator": null, "payment:bancomat": "yes", "reservation": null, "toilets": null, "addr:country": null, "diet:vegan": null, "capacity": null, "source": null, "source_1": null, "delivery": null, "smoking": null, "takeaway": null, "name:signed": null, "seamark:small_craft_facility:category": null, "seamark:type": null, "contact:facebook": null, "fixme": null, "toilets:access": null, "payment:credit_cards": null, "payment:debit_cards": null, "name:it": null, "contact:email": null, "payment:american_express": null, "start_date": null, "name:ru": null, "description": null, "bar": null, "diet:meat": null, "diet:mediterranean": null, "diet:non-vegetarian": null, "diet:seafood": null, "loc_name:pl": null, "payment:contactless": null, "check_date:opening_hours": null, "opening_hours:signed": null, "internet_access:fee": null, "name:pl": null, "diet:local": null, "outdoor_seating:comfort": null, "name:en": null, "air_conditioning": null, "highchair": null, "website:menu": null, "brewery": null, "toilets:handwashing": null, "toilets:num_chambers": null, "changing_table": null, "indoor": null, "short_name": null, "access": null, "contact:instagram": null, "contact:whatsapp": null, "addr:floor": null, "internet_access:ssid": null, "food": null, "building": null, "diet:fish": null, "type": null }, "geometry": { "type": "Point", "coordinates": [ 9.1113825, 39.218048 ] } },
{ "type": "Feature", "properties": { "element": "node", "id": 11177569006, "addr:city": "Cagliari", "addr:street": "Via Sardegna", "amenity": "restaurant", "cuisine": null, "name": "Antica Cagliari", "note": null, "phone": null, "price": null, "addr:postcode": null, "addr:housenumber": null, "website": null, "email": null, "outdoor_seating": "yes", "check_date": "2023-09-10", "payment:cash": null, "payment:mastercard": null, "payment:visa": null, "payment:visa_debit": null, "wheelchair": null, "addr:place": null, "internet_access": null, "toilets:wheelchair": null, "microbrewery": null, "opening_hours": null, "indoor_seating": null, "wheelchair:description": null, "brand": null, "brand:wikidata": null, "brand:wikipedia": null, "contact:mobile": null, "contact:phone": null, "contact:website": null, "diet:vegetarian": null, "facebook": null, "operator": null, "payment:bancomat": null, "reservation": null, "toilets": null, "addr:country": null, "diet:vegan": null, "capacity": null, "source": null, "source_1": null, "delivery": null, "smoking": null, "takeaway": null, "name:signed": null, "seamark:small_craft_facility:category": null, "seamark:type": null, "contact:facebook": null, "fixme": null, "toilets:access": null, "payment:credit_cards": null, "payment:debit_cards": null, "name:it": null, "contact:email": null, "payment:american_express": null, "start_date": null, "name:ru": null, "description": null, "bar": null, "diet:meat": null, "diet:mediterranean": null, "diet:non-vegetarian": null, "diet:seafood": null, "loc_name:pl": null, "payment:contactless": null, "check_date:opening_hours": null, "opening_hours:signed": null, "internet_access:fee": null, "name:pl": null, "diet:local": null, "outdoor_seating:comfort": null, "name:en": null, "air_conditioning": null, "highchair": null, "website:menu": null, "brewery": null, "toilets:handwashing": null, "toilets:num_chambers": null, "changing_table": null, "indoor": null, "short_name": null, "access": null, "contact:instagram": null, "contact:whatsapp": null, "addr:floor": null, "internet_access:ssid": null, "food": null, "building": null, "diet:fish": null, "type": null }, "geometry": { "type": "Point", "coordinates": [ 9.1128148, 39.2144634 ] } },
{ "type": "Feature", "properties": { "element": "node", "id": 11178571486, "addr:city": null, "addr:street": null, "amenity": "restaurant", "cuisine": null, "name": null, "note": null, "phone": null, "price": null, "addr:postcode": null, "addr:housenumber": null, "website": null, "email": null, "outdoor_seating": null, "check_date": "2023-09-09", "payment:cash": null, "payment:mastercard": null, "payment:visa": null, "payment:visa_debit": null, "wheelchair": null, "addr:place": null, "internet_access": null, "toilets:wheelchair": null, "microbrewery": null, "opening_hours": null, "indoor_seating": null, "wheelchair:description": null, "brand": null, "brand:wikidata": null, "brand:wikipedia": null, "contact:mobile": null, "contact:phone": null, "contact:website": null, "diet:vegetarian": null, "facebook": null, "operator": null, "payment:bancomat": null, "reservation": null, "toilets": null, "addr:country": null, "diet:vegan": null, "capacity": null, "source": null, "source_1": null, "delivery": null, "smoking": null, "takeaway": null, "name:signed": null, "seamark:small_craft_facility:category": null, "seamark:type": null, "contact:facebook": null, "fixme": null, "toilets:access": null, "payment:credit_cards": null, "payment:debit_cards": null, "name:it": null, "contact:email": null, "payment:american_express": null, "start_date": null, "name:ru": null, "description": null, "bar": null, "diet:meat": null, "diet:mediterranean": null, "diet:non-vegetarian": null, "diet:seafood": null, "loc_name:pl": null, "payment:contactless": null, "check_date:opening_hours": null, "opening_hours:signed": null, "internet_access:fee": null, "name:pl": null, "diet:local": null, "outdoor_seating:comfort": null, "name:en": null, "air_conditioning": null, "highchair": null, "website:menu": null, "brewery": null, "toilets:handwashing": null, "toilets:num_chambers": null, "changing_table": null, "indoor": null, "short_name": null, "access": null, "contact:instagram": null, "contact:whatsapp": null, "addr:floor": null, "internet_access:ssid": null, "food": null, "building": null, "diet:fish": null, "type": null }, "geometry": { "type": "Point", "coordinates": [ 9.1123016, 39.2142597 ] } },
{ "type": "Feature", "properties": { "element": "node", "id": 11178616730, "addr:city": "Cagliari", "addr:street": "Via Barcellona", "amenity": "restaurant", "cuisine": "pizza", "name": "Il fornaio della Marina", "note": null, "phone": null, "price": null, "addr:postcode": "09124", "addr:housenumber": null, "website": null, "email": null, "outdoor_seating": "street", "check_date": null, "payment:cash": null, "payment:mastercard": null, "payment:visa": null, "payment:visa_debit": null, "wheelchair": null, "addr:place": null, "internet_access": null, "toilets:wheelchair": null, "microbrewery": null, "opening_hours": null, "indoor_seating": null, "wheelchair:description": null, "brand": null, "brand:wikidata": null, "brand:wikipedia": null, "contact:mobile": null, "contact:phone": null, "contact:website": null, "diet:vegetarian": null, "facebook": null, "operator": null, "payment:bancomat": null, "reservation": null, "toilets": null, "addr:country": null, "diet:vegan": null, "capacity": null, "source": null, "source_1": null, "delivery": null, "smoking": null, "takeaway": null, "name:signed": null, "seamark:small_craft_facility:category": null, "seamark:type": null, "contact:facebook": null, "fixme": null, "toilets:access": null, "payment:credit_cards": null, "payment:debit_cards": null, "name:it": null, "contact:email": null, "payment:american_express": null, "start_date": null, "name:ru": null, "description": null, "bar": null, "diet:meat": null, "diet:mediterranean": null, "diet:non-vegetarian": null, "diet:seafood": null, "loc_name:pl": null, "payment:contactless": null, "check_date:opening_hours": null, "opening_hours:signed": null, "internet_access:fee": null, "name:pl": null, "diet:local": null, "outdoor_seating:comfort": null, "name:en": null, "air_conditioning": null, "highchair": null, "website:menu": null, "brewery": null, "toilets:handwashing": null, "toilets:num_chambers": null, "changing_table": null, "indoor": null, "short_name": null, "access": null, "contact:instagram": null, "contact:whatsapp": null, "addr:floor": null, "internet_access:ssid": null, "food": null, "building": null, "diet:fish": null, "type": null }, "geometry": { "type": "Point", "coordinates": [ 9.1127081, 39.2140675 ] } },
{ "type": "Feature", "properties": { "element": "node", "id": 11179627455, "addr:city": "Cagliari", "addr:street": "Via Lodovico Baylle", "amenity": "restaurant", "cuisine": "sushi", "name": "Toyo Sushi", "note": null, "phone": null, "price": null, "addr:postcode": null, "addr:housenumber": null, "website": null, "email": null, "outdoor_seating": "pedestrian_area", "check_date": "2023-09-10", "payment:cash": null, "payment:mastercard": null, "payment:visa": null, "payment:visa_debit": null, "wheelchair": null, "addr:place": null, "internet_access": null, "toilets:wheelchair": null, "microbrewery": null, "opening_hours": null, "indoor_seating": null, "wheelchair:description": null, "brand": null, "brand:wikidata": null, "brand:wikipedia": null, "contact:mobile": null, "contact:phone": null, "contact:website": null, "diet:vegetarian": null, "facebook": null, "operator": null, "payment:bancomat": null, "reservation": null, "toilets": null, "addr:country": null, "diet:vegan": null, "capacity": null, "source": null, "source_1": null, "delivery": null, "smoking": null, "takeaway": null, "name:signed": null, "seamark:small_craft_facility:category": null, "seamark:type": null, "contact:facebook": null, "fixme": null, "toilets:access": null, "payment:credit_cards": null, "payment:debit_cards": null, "name:it": null, "contact:email": null, "payment:american_express": null, "start_date": null, "name:ru": null, "description": null, "bar": null, "diet:meat": null, "diet:mediterranean": null, "diet:non-vegetarian": null, "diet:seafood": null, "loc_name:pl": null, "payment:contactless": null, "check_date:opening_hours": null, "opening_hours:signed": null, "internet_access:fee": null, "name:pl": null, "diet:local": null, "outdoor_seating:comfort": null, "name:en": null, "air_conditioning": null, "highchair": null, "website:menu": null, "brewery": null, "toilets:handwashing": null, "toilets:num_chambers": null, "changing_table": null, "indoor": null, "short_name": null, "access": null, "contact:instagram": null, "contact:whatsapp": null, "addr:floor": null, "internet_access:ssid": null, "food": null, "building": null, "diet:fish": null, "type": null }, "geometry": { "type": "Point", "coordinates": [ 9.1131096, 39.2158281 ] } },
{ "type": "Feature", "properties": { "element": "node", "id": 11180811937, "addr:city": "Cagliari", "addr:street": "Via Giovanni Maria Dettori", "amenity": "restaurant", "cuisine": "pizza", "name": "Vidà", "note": null, "phone": null, "price": null, "addr:postcode": null, "addr:housenumber": "4", "website": null, "email": null, "outdoor_seating": "street", "check_date": "2023-09-12", "payment:cash": null, "payment:mastercard": null, "payment:visa": null, "payment:visa_debit": null, "wheelchair": null, "addr:place": null, "internet_access": null, "toilets:wheelchair": null, "microbrewery": null, "opening_hours": null, "indoor_seating": null, "wheelchair:description": null, "brand": null, "brand:wikidata": null, "brand:wikipedia": null, "contact:mobile": null, "contact:phone": null, "contact:website": null, "diet:vegetarian": null, "facebook": null, "operator": null, "payment:bancomat": null, "reservation": null, "toilets": null, "addr:country": null, "diet:vegan": null, "capacity": null, "source": null, "source_1": null, "delivery": null, "smoking": null, "takeaway": null, "name:signed": null, "seamark:small_craft_facility:category": null, "seamark:type": null, "contact:facebook": null, "fixme": null, "toilets:access": null, "payment:credit_cards": null, "payment:debit_cards": null, "name:it": null, "contact:email": null, "payment:american_express": null, "start_date": null, "name:ru": null, "description": null, "bar": null, "diet:meat": null, "diet:mediterranean": null, "diet:non-vegetarian": null, "diet:seafood": null, "loc_name:pl": null, "payment:contactless": null, "check_date:opening_hours": null, "opening_hours:signed": null, "internet_access:fee": null, "name:pl": null, "diet:local": null, "outdoor_seating:comfort": null, "name:en": null, "air_conditioning": null, "highchair": null, "website:menu": null, "brewery": null, "toilets:handwashing": null, "toilets:num_chambers": null, "changing_table": null, "indoor": null, "short_name": null, "access": null, "contact:instagram": null, "contact:whatsapp": null, "addr:floor": null, "internet_access:ssid": null, "food": null, "building": null, "diet:fish": null, "type": null }, "geometry": { "type": "Point", "coordinates": [ 9.1140939, 39.2157371 ] } },
{ "type": "Feature", "properties": { "element": "node", "id": 11181484710, "addr:city": "Cagliari", "addr:street": "Via Barcellona", "amenity": "restaurant", "cuisine": null, "name": "Da Tonio", "note": null, "phone": null, "price": null, "addr:postcode": null, "addr:housenumber": null, "website": null, "email": null, "outdoor_seating": null, "check_date": null, "payment:cash": null, "payment:mastercard": null, "payment:visa": null, "payment:visa_debit": null, "wheelchair": "limited", "addr:place": null, "internet_access": null, "toilets:wheelchair": null, "microbrewery": null, "opening_hours": null, "indoor_seating": null, "wheelchair:description": null, "brand": null, "brand:wikidata": null, "brand:wikipedia": null, "contact:mobile": null, "contact:phone": null, "contact:website": null, "diet:vegetarian": null, "facebook": null, "operator": null, "payment:bancomat": null, "reservation": null, "toilets": null, "addr:country": null, "diet:vegan": null, "capacity": null, "source": null, "source_1": null, "delivery": null, "smoking": null, "takeaway": null, "name:signed": null, "seamark:small_craft_facility:category": null, "seamark:type": null, "contact:facebook": null, "fixme": null, "toilets:access": null, "payment:credit_cards": null, "payment:debit_cards": null, "name:it": null, "contact:email": null, "payment:american_express": null, "start_date": null, "name:ru": null, "description": null, "bar": null, "diet:meat": null, "diet:mediterranean": null, "diet:non-vegetarian": null, "diet:seafood": null, "loc_name:pl": null, "payment:contactless": null, "check_date:opening_hours": null, "opening_hours:signed": null, "internet_access:fee": null, "name:pl": null, "diet:local": null, "outdoor_seating:comfort": null, "name:en": null, "air_conditioning": null, "highchair": null, "website:menu": null, "brewery": null, "toilets:handwashing": null, "toilets:num_chambers": null, "changing_table": null, "indoor": null, "short_name": null, "access": null, "contact:instagram": null, "contact:whatsapp": null, "addr:floor": null, "internet_access:ssid": null, "food": null, "building": null, "diet:fish": null, "type": null }, "geometry": { "type": "Point", "coordinates": [ 9.1127449, 39.2142031 ] } },
{ "type": "Feature", "properties": { "element": "node", "id": 11181983439, "addr:city": "Cagliari", "addr:street": "Corso Vittorio Emanuele II", "amenity": "restaurant", "cuisine": null, "name": "Il cigno", "note": null, "phone": null, "price": null, "addr:postcode": null, "addr:housenumber": null, "website": null, "email": null, "outdoor_seating": "yes", "check_date": "2025-05-18", "payment:cash": null, "payment:mastercard": null, "payment:visa": null, "payment:visa_debit": null, "wheelchair": null, "addr:place": null, "internet_access": null, "toilets:wheelchair": null, "microbrewery": null, "opening_hours": null, "indoor_seating": "yes", "wheelchair:description": null, "brand": null, "brand:wikidata": null, "brand:wikipedia": null, "contact:mobile": null, "contact:phone": null, "contact:website": null, "diet:vegetarian": null, "facebook": null, "operator": null, "payment:bancomat": null, "reservation": null, "toilets": null, "addr:country": null, "diet:vegan": null, "capacity": null, "source": null, "source_1": null, "delivery": null, "smoking": null, "takeaway": null, "name:signed": null, "seamark:small_craft_facility:category": null, "seamark:type": null, "contact:facebook": null, "fixme": null, "toilets:access": null, "payment:credit_cards": null, "payment:debit_cards": null, "name:it": null, "contact:email": null, "payment:american_express": null, "start_date": null, "name:ru": null, "description": null, "bar": null, "diet:meat": null, "diet:mediterranean": null, "diet:non-vegetarian": null, "diet:seafood": null, "loc_name:pl": null, "payment:contactless": null, "check_date:opening_hours": "2025-05-18", "opening_hours:signed": "no", "internet_access:fee": null, "name:pl": null, "diet:local": null, "outdoor_seating:comfort": null, "name:en": null, "air_conditioning": null, "highchair": null, "website:menu": null, "brewery": null, "toilets:handwashing": null, "toilets:num_chambers": null, "changing_table": null, "indoor": null, "short_name": null, "access": null, "contact:instagram": null, "contact:whatsapp": null, "addr:floor": null, "internet_access:ssid": null, "food": null, "building": null, "diet:fish": null, "type": null }, "geometry": { "type": "Point", "coordinates": [ 9.1093342, 39.2194182 ] } },
{ "type": "Feature", "properties": { "element": "node", "id": 11181983441, "addr:city": "Cagliari", "addr:street": "Corso Vittorio Emanuele II", "amenity": "restaurant", "cuisine": null, "name": "La staffa", "note": null, "phone": null, "price": null, "addr:postcode": null, "addr:housenumber": null, "website": null, "email": null, "outdoor_seating": null, "check_date": "2023-09-10", "payment:cash": null, "payment:mastercard": null, "payment:visa": null, "payment:visa_debit": null, "wheelchair": null, "addr:place": null, "internet_access": null, "toilets:wheelchair": null, "microbrewery": null, "opening_hours": null, "indoor_seating": null, "wheelchair:description": null, "brand": null, "brand:wikidata": null, "brand:wikipedia": null, "contact:mobile": null, "contact:phone": null, "contact:website": null, "diet:vegetarian": null, "facebook": null, "operator": null, "payment:bancomat": null, "reservation": null, "toilets": null, "addr:country": null, "diet:vegan": null, "capacity": null, "source": null, "source_1": null, "delivery": null, "smoking": null, "takeaway": null, "name:signed": null, "seamark:small_craft_facility:category": null, "seamark:type": null, "contact:facebook": null, "fixme": null, "toilets:access": null, "payment:credit_cards": null, "payment:debit_cards": null, "name:it": null, "contact:email": null, "payment:american_express": null, "start_date": null, "name:ru": null, "description": null, "bar": null, "diet:meat": null, "diet:mediterranean": null, "diet:non-vegetarian": null, "diet:seafood": null, "loc_name:pl": null, "payment:contactless": null, "check_date:opening_hours": null, "opening_hours:signed": null, "internet_access:fee": null, "name:pl": null, "diet:local": null, "outdoor_seating:comfort": null, "name:en": null, "air_conditioning": null, "highchair": null, "website:menu": null, "brewery": null, "toilets:handwashing": null, "toilets:num_chambers": null, "changing_table": null, "indoor": null, "short_name": null, "access": null, "contact:instagram": null, "contact:whatsapp": null, "addr:floor": null, "internet_access:ssid": null, "food": null, "building": null, "diet:fish": null, "type": null }, "geometry": { "type": "Point", "coordinates": [ 9.109572, 39.2192766 ] } },
{ "type": "Feature", "properties": { "element": "node", "id": 11181983442, "addr:city": "Cagliari", "addr:street": "Corso Vittorio Emanuele II", "amenity": "restaurant", "cuisine": null, "name": "Cracker's", "note": null, "phone": null, "price": null, "addr:postcode": null, "addr:housenumber": null, "website": null, "email": null, "outdoor_seating": null, "check_date": "2023-09-10", "payment:cash": null, "payment:mastercard": null, "payment:visa": null, "payment:visa_debit": null, "wheelchair": null, "addr:place": null, "internet_access": null, "toilets:wheelchair": null, "microbrewery": null, "opening_hours": null, "indoor_seating": null, "wheelchair:description": null, "brand": null, "brand:wikidata": null, "brand:wikipedia": null, "contact:mobile": null, "contact:phone": null, "contact:website": null, "diet:vegetarian": null, "facebook": null, "operator": null, "payment:bancomat": null, "reservation": null, "toilets": null, "addr:country": null, "diet:vegan": null, "capacity": null, "source": null, "source_1": null, "delivery": null, "smoking": null, "takeaway": null, "name:signed": null, "seamark:small_craft_facility:category": null, "seamark:type": null, "contact:facebook": null, "fixme": null, "toilets:access": null, "payment:credit_cards": null, "payment:debit_cards": null, "name:it": null, "contact:email": null, "payment:american_express": null, "start_date": null, "name:ru": null, "description": null, "bar": null, "diet:meat": null, "diet:mediterranean": null, "diet:non-vegetarian": null, "diet:seafood": null, "loc_name:pl": null, "payment:contactless": null, "check_date:opening_hours": null, "opening_hours:signed": null, "internet_access:fee": null, "name:pl": null, "diet:local": null, "outdoor_seating:comfort": null, "name:en": null, "air_conditioning": null, "highchair": null, "website:menu": null, "brewery": null, "toilets:handwashing": null, "toilets:num_chambers": null, "changing_table": null, "indoor": null, "short_name": null, "access": null, "contact:instagram": null, "contact:whatsapp": null, "addr:floor": null, "internet_access:ssid": null, "food": null, "building": null, "diet:fish": null, "type": null }, "geometry": { "type": "Point", "coordinates": [ 9.1097033, 39.2191612 ] } },
{ "type": "Feature", "properties": { "element": "node", "id": 11181983447, "addr:city": "Cagliari", "addr:street": "Corso Vittorio Emanuele II", "amenity": "restaurant", "cuisine": null, "name": "Osteria Del corso", "note": null, "phone": null, "price": null, "addr:postcode": null, "addr:housenumber": null, "website": null, "email": null, "outdoor_seating": null, "check_date": "2023-09-10", "payment:cash": null, "payment:mastercard": null, "payment:visa": null, "payment:visa_debit": null, "wheelchair": null, "addr:place": null, "internet_access": null, "toilets:wheelchair": null, "microbrewery": null, "opening_hours": null, "indoor_seating": null, "wheelchair:description": null, "brand": null, "brand:wikidata": null, "brand:wikipedia": null, "contact:mobile": null, "contact:phone": null, "contact:website": null, "diet:vegetarian": null, "facebook": null, "operator": null, "payment:bancomat": null, "reservation": null, "toilets": null, "addr:country": null, "diet:vegan": null, "capacity": null, "source": null, "source_1": null, "delivery": null, "smoking": null, "takeaway": null, "name:signed": null, "seamark:small_craft_facility:category": null, "seamark:type": null, "contact:facebook": null, "fixme": null, "toilets:access": null, "payment:credit_cards": null, "payment:debit_cards": null, "name:it": null, "contact:email": null, "payment:american_express": null, "start_date": null, "name:ru": null, "description": null, "bar": null, "diet:meat": null, "diet:mediterranean": null, "diet:non-vegetarian": null, "diet:seafood": null, "loc_name:pl": null, "payment:contactless": null, "check_date:opening_hours": null, "opening_hours:signed": null, "internet_access:fee": null, "name:pl": null, "diet:local": null, "outdoor_seating:comfort": null, "name:en": null, "air_conditioning": null, "highchair": null, "website:menu": null, "brewery": null, "toilets:handwashing": null, "toilets:num_chambers": null, "changing_table": null, "indoor": null, "short_name": null, "access": null, "contact:instagram": null, "contact:whatsapp": null, "addr:floor": null, "internet_access:ssid": null, "food": null, "building": null, "diet:fish": null, "type": null }, "geometry": { "type": "Point", "coordinates": [ 9.1108034, 39.218356 ] } },
{ "type": "Feature", "properties": { "element": "node", "id": 11181983448, "addr:city": "Cagliari", "addr:street": "Corso Vittorio Emanuele II", "amenity": "restaurant", "cuisine": "burger;regional", "name": "Bierbaum 1599", "note": null, "phone": null, "price": null, "addr:postcode": null, "addr:housenumber": "144", "website": null, "email": null, "outdoor_seating": "street", "check_date": "2023-09-10", "payment:cash": null, "payment:mastercard": "yes", "payment:visa": "yes", "payment:visa_debit": "yes", "wheelchair": "no", "addr:place": null, "internet_access": null, "toilets:wheelchair": "no", "microbrewery": null, "opening_hours": null, "indoor_seating": null, "wheelchair:description": null, "brand": null, "brand:wikidata": null, "brand:wikipedia": null, "contact:mobile": null, "contact:phone": null, "contact:website": null, "diet:vegetarian": "yes", "facebook": null, "operator": "Gattarancio s.r.l.s", "payment:bancomat": "yes", "reservation": null, "toilets": null, "addr:country": null, "diet:vegan": null, "capacity": null, "source": null, "source_1": null, "delivery": null, "smoking": null, "takeaway": null, "name:signed": null, "seamark:small_craft_facility:category": null, "seamark:type": null, "contact:facebook": null, "fixme": null, "toilets:access": null, "payment:credit_cards": null, "payment:debit_cards": null, "name:it": null, "contact:email": null, "payment:american_express": null, "start_date": null, "name:ru": null, "description": null, "bar": null, "diet:meat": null, "diet:mediterranean": null, "diet:non-vegetarian": null, "diet:seafood": null, "loc_name:pl": null, "payment:contactless": null, "check_date:opening_hours": null, "opening_hours:signed": null, "internet_access:fee": null, "name:pl": null, "diet:local": null, "outdoor_seating:comfort": null, "name:en": null, "air_conditioning": null, "highchair": null, "website:menu": null, "brewery": "various", "toilets:handwashing": "yes", "toilets:num_chambers": "2", "changing_table": null, "indoor": null, "short_name": null, "access": null, "contact:instagram": null, "contact:whatsapp": null, "addr:floor": null, "internet_access:ssid": null, "food": null, "building": null, "diet:fish": null, "type": null }, "geometry": { "type": "Point", "coordinates": [ 9.1103652, 39.2184338 ] } },
{ "type": "Feature", "properties": { "element": "node", "id": 11181983451, "addr:city": "Cagliari", "addr:street": "Corso Vittorio Emanuele II", "amenity": "restaurant", "cuisine": null, "name": "Trattoria Sa Turra", "note": null, "phone": null, "price": null, "addr:postcode": null, "addr:housenumber": null, "website": null, "email": null, "outdoor_seating": null, "check_date": "2023-09-10", "payment:cash": null, "payment:mastercard": null, "payment:visa": null, "payment:visa_debit": null, "wheelchair": null, "addr:place": null, "internet_access": null, "toilets:wheelchair": null, "microbrewery": null, "opening_hours": null, "indoor_seating": null, "wheelchair:description": null, "brand": null, "brand:wikidata": null, "brand:wikipedia": null, "contact:mobile": null, "contact:phone": null, "contact:website": null, "diet:vegetarian": null, "facebook": null, "operator": null, "payment:bancomat": null, "reservation": null, "toilets": null, "addr:country": null, "diet:vegan": null, "capacity": null, "source": null, "source_1": null, "delivery": null, "smoking": null, "takeaway": null, "name:signed": null, "seamark:small_craft_facility:category": null, "seamark:type": null, "contact:facebook": null, "fixme": null, "toilets:access": null, "payment:credit_cards": null, "payment:debit_cards": null, "name:it": null, "contact:email": null, "payment:american_express": null, "start_date": null, "name:ru": null, "description": null, "bar": null, "diet:meat": null, "diet:mediterranean": null, "diet:non-vegetarian": null, "diet:seafood": null, "loc_name:pl": null, "payment:contactless": null, "check_date:opening_hours": null, "opening_hours:signed": null, "internet_access:fee": null, "name:pl": null, "diet:local": null, "outdoor_seating:comfort": null, "name:en": null, "air_conditioning": null, "highchair": null, "website:menu": null, "brewery": null, "toilets:handwashing": null, "toilets:num_chambers": null, "changing_table": null, "indoor": null, "short_name": null, "access": null, "contact:instagram": null, "contact:whatsapp": null, "addr:floor": null, "internet_access:ssid": null, "food": null, "building": null, "diet:fish": null, "type": null }, "geometry": { "type": "Point", "coordinates": [ 9.1105731, 39.2183119 ] } },
{ "type": "Feature", "properties": { "element": "node", "id": 11185724102, "addr:city": "Cagliari", "addr:street": "Piazza Yenne", "amenity": "restaurant", "cuisine": "american", "name": "Morrison", "note": null, "phone": null, "price": null, "addr:postcode": null, "addr:housenumber": null, "website": null, "email": null, "outdoor_seating": null, "check_date": "2025-03-26", "payment:cash": null, "payment:mastercard": null, "payment:visa": null, "payment:visa_debit": null, "wheelchair": null, "addr:place": null, "internet_access": null, "toilets:wheelchair": null, "microbrewery": null, "opening_hours": null, "indoor_seating": null, "wheelchair:description": null, "brand": null, "brand:wikidata": null, "brand:wikipedia": null, "contact:mobile": null, "contact:phone": null, "contact:website": null, "diet:vegetarian": null, "facebook": null, "operator": null, "payment:bancomat": null, "reservation": null, "toilets": null, "addr:country": null, "diet:vegan": null, "capacity": null, "source": null, "source_1": null, "delivery": null, "smoking": null, "takeaway": null, "name:signed": null, "seamark:small_craft_facility:category": null, "seamark:type": null, "contact:facebook": null, "fixme": null, "toilets:access": null, "payment:credit_cards": null, "payment:debit_cards": null, "name:it": null, "contact:email": null, "payment:american_express": null, "start_date": null, "name:ru": null, "description": null, "bar": null, "diet:meat": null, "diet:mediterranean": null, "diet:non-vegetarian": null, "diet:seafood": null, "loc_name:pl": null, "payment:contactless": null, "check_date:opening_hours": "2025-03-26", "opening_hours:signed": "no", "internet_access:fee": null, "name:pl": null, "diet:local": null, "outdoor_seating:comfort": null, "name:en": null, "air_conditioning": null, "highchair": null, "website:menu": null, "brewery": null, "toilets:handwashing": null, "toilets:num_chambers": null, "changing_table": null, "indoor": null, "short_name": null, "access": null, "contact:instagram": null, "contact:whatsapp": null, "addr:floor": null, "internet_access:ssid": null, "food": null, "building": null, "diet:fish": null, "type": null }, "geometry": { "type": "Point", "coordinates": [ 9.1137004, 39.2172018 ] } },
{ "type": "Feature", "properties": { "element": "node", "id": 11186603021, "addr:city": null, "addr:street": null, "amenity": "restaurant", "cuisine": "mexican", "name": "Maxim", "note": null, "phone": null, "price": null, "addr:postcode": null, "addr:housenumber": null, "website": null, "email": null, "outdoor_seating": null, "check_date": null, "payment:cash": null, "payment:mastercard": null, "payment:visa": null, "payment:visa_debit": null, "wheelchair": null, "addr:place": null, "internet_access": null, "toilets:wheelchair": null, "microbrewery": null, "opening_hours": null, "indoor_seating": null, "wheelchair:description": null, "brand": null, "brand:wikidata": null, "brand:wikipedia": null, "contact:mobile": null, "contact:phone": null, "contact:website": null, "diet:vegetarian": null, "facebook": null, "operator": null, "payment:bancomat": null, "reservation": null, "toilets": null, "addr:country": null, "diet:vegan": null, "capacity": null, "source": null, "source_1": null, "delivery": null, "smoking": null, "takeaway": null, "name:signed": null, "seamark:small_craft_facility:category": null, "seamark:type": null, "contact:facebook": null, "fixme": null, "toilets:access": null, "payment:credit_cards": null, "payment:debit_cards": null, "name:it": null, "contact:email": null, "payment:american_express": null, "start_date": null, "name:ru": null, "description": null, "bar": null, "diet:meat": null, "diet:mediterranean": null, "diet:non-vegetarian": null, "diet:seafood": null, "loc_name:pl": null, "payment:contactless": null, "check_date:opening_hours": null, "opening_hours:signed": null, "internet_access:fee": null, "name:pl": null, "diet:local": null, "outdoor_seating:comfort": null, "name:en": null, "air_conditioning": null, "highchair": null, "website:menu": null, "brewery": null, "toilets:handwashing": null, "toilets:num_chambers": null, "changing_table": null, "indoor": null, "short_name": null, "access": null, "contact:instagram": null, "contact:whatsapp": null, "addr:floor": null, "internet_access:ssid": null, "food": null, "building": null, "diet:fish": null, "type": null }, "geometry": { "type": "Point", "coordinates": [ 9.1208621, 39.2107325 ] } },
{ "type": "Feature", "properties": { "element": "node", "id": 11186603022, "addr:city": "Cagliari", "addr:street": "Viale Armando Diaz", "amenity": "restaurant", "cuisine": null, "name": "eTRIGU", "note": null, "phone": null, "price": null, "addr:postcode": null, "addr:housenumber": "152", "website": null, "email": null, "outdoor_seating": null, "check_date": null, "payment:cash": null, "payment:mastercard": null, "payment:visa": null, "payment:visa_debit": null, "wheelchair": null, "addr:place": null, "internet_access": null, "toilets:wheelchair": null, "microbrewery": null, "opening_hours": null, "indoor_seating": null, "wheelchair:description": null, "brand": null, "brand:wikidata": null, "brand:wikipedia": null, "contact:mobile": null, "contact:phone": null, "contact:website": null, "diet:vegetarian": null, "facebook": null, "operator": null, "payment:bancomat": null, "reservation": null, "toilets": null, "addr:country": null, "diet:vegan": null, "capacity": null, "source": null, "source_1": null, "delivery": null, "smoking": null, "takeaway": null, "name:signed": null, "seamark:small_craft_facility:category": null, "seamark:type": null, "contact:facebook": null, "fixme": null, "toilets:access": null, "payment:credit_cards": null, "payment:debit_cards": null, "name:it": null, "contact:email": null, "payment:american_express": null, "start_date": null, "name:ru": null, "description": null, "bar": null, "diet:meat": null, "diet:mediterranean": null, "diet:non-vegetarian": null, "diet:seafood": null, "loc_name:pl": null, "payment:contactless": null, "check_date:opening_hours": null, "opening_hours:signed": null, "internet_access:fee": null, "name:pl": null, "diet:local": null, "outdoor_seating:comfort": null, "name:en": null, "air_conditioning": null, "highchair": null, "website:menu": null, "brewery": null, "toilets:handwashing": null, "toilets:num_chambers": null, "changing_table": null, "indoor": null, "short_name": null, "access": null, "contact:instagram": null, "contact:whatsapp": null, "addr:floor": null, "internet_access:ssid": null, "food": null, "building": null, "diet:fish": null, "type": null }, "geometry": { "type": "Point", "coordinates": [ 9.1297563, 39.2056743 ] } },
{ "type": "Feature", "properties": { "element": "node", "id": 11187374818, "addr:city": "Cagliari", "addr:street": "Via Camillo Benso Conte di Cavour", "amenity": "restaurant", "cuisine": "chinese", "name": "La Pagoda", "note": null, "phone": null, "price": null, "addr:postcode": null, "addr:housenumber": null, "website": null, "email": null, "outdoor_seating": null, "check_date": null, "payment:cash": null, "payment:mastercard": null, "payment:visa": null, "payment:visa_debit": null, "wheelchair": null, "addr:place": null, "internet_access": null, "toilets:wheelchair": null, "microbrewery": null, "opening_hours": null, "indoor_seating": null, "wheelchair:description": null, "brand": null, "brand:wikidata": null, "brand:wikipedia": null, "contact:mobile": null, "contact:phone": null, "contact:website": null, "diet:vegetarian": null, "facebook": null, "operator": null, "payment:bancomat": null, "reservation": null, "toilets": null, "addr:country": null, "diet:vegan": null, "capacity": null, "source": null, "source_1": null, "delivery": null, "smoking": null, "takeaway": null, "name:signed": null, "seamark:small_craft_facility:category": null, "seamark:type": null, "contact:facebook": null, "fixme": null, "toilets:access": null, "payment:credit_cards": null, "payment:debit_cards": null, "name:it": null, "contact:email": null, "payment:american_express": null, "start_date": null, "name:ru": null, "description": null, "bar": null, "diet:meat": null, "diet:mediterranean": null, "diet:non-vegetarian": null, "diet:seafood": null, "loc_name:pl": null, "payment:contactless": null, "check_date:opening_hours": null, "opening_hours:signed": null, "internet_access:fee": null, "name:pl": null, "diet:local": null, "outdoor_seating:comfort": null, "name:en": null, "air_conditioning": null, "highchair": null, "website:menu": null, "brewery": null, "toilets:handwashing": null, "toilets:num_chambers": null, "changing_table": null, "indoor": null, "short_name": null, "access": null, "contact:instagram": null, "contact:whatsapp": null, "addr:floor": null, "internet_access:ssid": null, "food": null, "building": null, "diet:fish": null, "type": null }, "geometry": { "type": "Point", "coordinates": [ 9.1152734, 39.2134571 ] } },
{ "type": "Feature", "properties": { "element": "node", "id": 11189018965, "addr:city": null, "addr:street": "Viale Bonaria", "amenity": "restaurant", "cuisine": "seafood", "name": "Novantasei", "note": null, "phone": null, "price": null, "addr:postcode": null, "addr:housenumber": "96", "website": null, "email": null, "outdoor_seating": null, "check_date": "2023-09-13", "payment:cash": null, "payment:mastercard": "yes", "payment:visa": "yes", "payment:visa_debit": "yes", "wheelchair": "yes", "addr:place": null, "internet_access": "no", "toilets:wheelchair": null, "microbrewery": null, "opening_hours": null, "indoor_seating": null, "wheelchair:description": null, "brand": null, "brand:wikidata": null, "brand:wikipedia": null, "contact:mobile": null, "contact:phone": "+39 070 680 149", "contact:website": null, "diet:vegetarian": null, "facebook": null, "operator": "China Superstore s.r.l.", "payment:bancomat": null, "reservation": "accepted", "toilets": "yes", "addr:country": null, "diet:vegan": null, "capacity": null, "source": null, "source_1": null, "delivery": null, "smoking": null, "takeaway": null, "name:signed": null, "seamark:small_craft_facility:category": null, "seamark:type": null, "contact:facebook": null, "fixme": null, "toilets:access": "customers", "payment:credit_cards": null, "payment:debit_cards": null, "name:it": null, "contact:email": null, "payment:american_express": null, "start_date": null, "name:ru": null, "description": null, "bar": null, "diet:meat": null, "diet:mediterranean": null, "diet:non-vegetarian": null, "diet:seafood": null, "loc_name:pl": null, "payment:contactless": null, "check_date:opening_hours": null, "opening_hours:signed": null, "internet_access:fee": null, "name:pl": null, "diet:local": null, "outdoor_seating:comfort": null, "name:en": null, "air_conditioning": "yes", "highchair": "yes", "website:menu": null, "brewery": "no", "toilets:handwashing": null, "toilets:num_chambers": null, "changing_table": null, "indoor": null, "short_name": null, "access": null, "contact:instagram": null, "contact:whatsapp": null, "addr:floor": null, "internet_access:ssid": null, "food": null, "building": null, "diet:fish": null, "type": null }, "geometry": { "type": "Point", "coordinates": [ 9.1204161, 39.2108605 ] } },
{ "type": "Feature", "properties": { "element": "node", "id": 11191224471, "addr:city": null, "addr:street": "Viale Armando Diaz", "amenity": "restaurant", "cuisine": null, "name": "Le due isole", "note": null, "phone": null, "price": null, "addr:postcode": null, "addr:housenumber": null, "website": null, "email": null, "outdoor_seating": null, "check_date": "2023-09-14", "payment:cash": null, "payment:mastercard": null, "payment:visa": null, "payment:visa_debit": null, "wheelchair": null, "addr:place": null, "internet_access": null, "toilets:wheelchair": null, "microbrewery": null, "opening_hours": null, "indoor_seating": null, "wheelchair:description": null, "brand": null, "brand:wikidata": null, "brand:wikipedia": null, "contact:mobile": null, "contact:phone": null, "contact:website": null, "diet:vegetarian": null, "facebook": null, "operator": null, "payment:bancomat": null, "reservation": null, "toilets": null, "addr:country": null, "diet:vegan": null, "capacity": null, "source": null, "source_1": null, "delivery": null, "smoking": null, "takeaway": null, "name:signed": null, "seamark:small_craft_facility:category": null, "seamark:type": null, "contact:facebook": null, "fixme": null, "toilets:access": null, "payment:credit_cards": null, "payment:debit_cards": null, "name:it": null, "contact:email": null, "payment:american_express": null, "start_date": null, "name:ru": null, "description": null, "bar": null, "diet:meat": null, "diet:mediterranean": null, "diet:non-vegetarian": null, "diet:seafood": null, "loc_name:pl": null, "payment:contactless": null, "check_date:opening_hours": null, "opening_hours:signed": null, "internet_access:fee": null, "name:pl": null, "diet:local": null, "outdoor_seating:comfort": null, "name:en": null, "air_conditioning": null, "highchair": null, "website:menu": null, "brewery": null, "toilets:handwashing": null, "toilets:num_chambers": null, "changing_table": null, "indoor": null, "short_name": null, "access": null, "contact:instagram": null, "contact:whatsapp": null, "addr:floor": null, "internet_access:ssid": null, "food": null, "building": null, "diet:fish": null, "type": null }, "geometry": { "type": "Point", "coordinates": [ 9.1250993, 39.2070458 ] } },
{ "type": "Feature", "properties": { "element": "node", "id": 11191224476, "addr:city": null, "addr:street": null, "amenity": "restaurant", "cuisine": "pizza", "name": "M", "note": null, "phone": null, "price": null, "addr:postcode": null, "addr:housenumber": null, "website": null, "email": null, "outdoor_seating": null, "check_date": "2023-09-14", "payment:cash": null, "payment:mastercard": null, "payment:visa": null, "payment:visa_debit": null, "wheelchair": null, "addr:place": null, "internet_access": null, "toilets:wheelchair": null, "microbrewery": null, "opening_hours": null, "indoor_seating": null, "wheelchair:description": null, "brand": null, "brand:wikidata": null, "brand:wikipedia": null, "contact:mobile": null, "contact:phone": null, "contact:website": null, "diet:vegetarian": null, "facebook": null, "operator": null, "payment:bancomat": null, "reservation": null, "toilets": null, "addr:country": null, "diet:vegan": null, "capacity": null, "source": null, "source_1": null, "delivery": null, "smoking": null, "takeaway": null, "name:signed": null, "seamark:small_craft_facility:category": null, "seamark:type": null, "contact:facebook": null, "fixme": null, "toilets:access": null, "payment:credit_cards": null, "payment:debit_cards": null, "name:it": null, "contact:email": null, "payment:american_express": null, "start_date": null, "name:ru": null, "description": null, "bar": null, "diet:meat": null, "diet:mediterranean": null, "diet:non-vegetarian": null, "diet:seafood": null, "loc_name:pl": null, "payment:contactless": null, "check_date:opening_hours": null, "opening_hours:signed": null, "internet_access:fee": null, "name:pl": null, "diet:local": null, "outdoor_seating:comfort": null, "name:en": null, "air_conditioning": null, "highchair": null, "website:menu": null, "brewery": null, "toilets:handwashing": null, "toilets:num_chambers": null, "changing_table": null, "indoor": null, "short_name": null, "access": null, "contact:instagram": null, "contact:whatsapp": null, "addr:floor": null, "internet_access:ssid": null, "food": null, "building": null, "diet:fish": null, "type": null }, "geometry": { "type": "Point", "coordinates": [ 9.1496266, 39.1976031 ] } },
{ "type": "Feature", "properties": { "element": "node", "id": 11192728792, "addr:city": "Cagliari", "addr:street": "Via Vulcano", "amenity": "restaurant", "cuisine": "pizza", "name": "Cavalluccio", "note": null, "phone": null, "price": null, "addr:postcode": null, "addr:housenumber": "236", "website": null, "email": null, "outdoor_seating": "yes", "check_date": "2023-09-15", "payment:cash": "yes", "payment:mastercard": "yes", "payment:visa": "yes", "payment:visa_debit": "yes", "wheelchair": "limited", "addr:place": null, "internet_access": null, "toilets:wheelchair": null, "microbrewery": null, "opening_hours": null, "indoor_seating": null, "wheelchair:description": null, "brand": null, "brand:wikidata": null, "brand:wikipedia": null, "contact:mobile": null, "contact:phone": null, "contact:website": null, "diet:vegetarian": "yes", "facebook": null, "operator": null, "payment:bancomat": "yes", "reservation": null, "toilets": "yes", "addr:country": null, "diet:vegan": null, "capacity": null, "source": null, "source_1": null, "delivery": null, "smoking": null, "takeaway": "yes", "name:signed": null, "seamark:small_craft_facility:category": null, "seamark:type": null, "contact:facebook": null, "fixme": null, "toilets:access": null, "payment:credit_cards": null, "payment:debit_cards": null, "name:it": null, "contact:email": null, "payment:american_express": null, "start_date": null, "name:ru": null, "description": null, "bar": "yes", "diet:meat": null, "diet:mediterranean": null, "diet:non-vegetarian": null, "diet:seafood": null, "loc_name:pl": null, "payment:contactless": null, "check_date:opening_hours": null, "opening_hours:signed": null, "internet_access:fee": null, "name:pl": null, "diet:local": null, "outdoor_seating:comfort": "weather_protection", "name:en": null, "air_conditioning": null, "highchair": null, "website:menu": null, "brewery": null, "toilets:handwashing": null, "toilets:num_chambers": null, "changing_table": null, "indoor": null, "short_name": null, "access": null, "contact:instagram": null, "contact:whatsapp": null, "addr:floor": null, "internet_access:ssid": null, "food": null, "building": null, "diet:fish": null, "type": null }, "geometry": { "type": "Point", "coordinates": [ 9.1617966, 39.2025674 ] } },
{ "type": "Feature", "properties": { "element": "node", "id": 11193342442, "addr:city": "Cagliari", "addr:street": "Via Goffredo Mameli", "amenity": "restaurant", "cuisine": null, "name": "Mondo & Luca", "note": null, "phone": null, "price": null, "addr:postcode": null, "addr:housenumber": "101", "website": null, "email": null, "outdoor_seating": null, "check_date": "2023-09-15", "payment:cash": null, "payment:mastercard": null, "payment:visa": null, "payment:visa_debit": null, "wheelchair": null, "addr:place": null, "internet_access": null, "toilets:wheelchair": null, "microbrewery": null, "opening_hours": null, "indoor_seating": null, "wheelchair:description": null, "brand": null, "brand:wikidata": null, "brand:wikipedia": null, "contact:mobile": null, "contact:phone": null, "contact:website": null, "diet:vegetarian": null, "facebook": null, "operator": null, "payment:bancomat": null, "reservation": null, "toilets": null, "addr:country": null, "diet:vegan": null, "capacity": null, "source": null, "source_1": null, "delivery": null, "smoking": null, "takeaway": null, "name:signed": null, "seamark:small_craft_facility:category": null, "seamark:type": null, "contact:facebook": null, "fixme": null, "toilets:access": null, "payment:credit_cards": null, "payment:debit_cards": null, "name:it": null, "contact:email": null, "payment:american_express": null, "start_date": null, "name:ru": null, "description": null, "bar": null, "diet:meat": null, "diet:mediterranean": null, "diet:non-vegetarian": null, "diet:seafood": null, "loc_name:pl": null, "payment:contactless": null, "check_date:opening_hours": null, "opening_hours:signed": null, "internet_access:fee": null, "name:pl": null, "diet:local": null, "outdoor_seating:comfort": null, "name:en": null, "air_conditioning": null, "highchair": null, "website:menu": null, "brewery": null, "toilets:handwashing": null, "toilets:num_chambers": null, "changing_table": null, "indoor": null, "short_name": null, "access": null, "contact:instagram": null, "contact:whatsapp": null, "addr:floor": null, "internet_access:ssid": null, "food": null, "building": null, "diet:fish": null, "type": null }, "geometry": { "type": "Point", "coordinates": [ 9.1083532, 39.2189809 ] } },
{ "type": "Feature", "properties": { "element": "node", "id": 11193342444, "addr:city": "Cagliari", "addr:street": "Via Goffredo Mameli", "amenity": "restaurant", "cuisine": null, "name": "Il Portico Osteria", "note": null, "phone": null, "price": null, "addr:postcode": null, "addr:housenumber": null, "website": null, "email": null, "outdoor_seating": "yes", "check_date": "2023-09-15", "payment:cash": null, "payment:mastercard": null, "payment:visa": null, "payment:visa_debit": null, "wheelchair": null, "addr:place": null, "internet_access": null, "toilets:wheelchair": null, "microbrewery": null, "opening_hours": null, "indoor_seating": null, "wheelchair:description": null, "brand": null, "brand:wikidata": null, "brand:wikipedia": null, "contact:mobile": null, "contact:phone": null, "contact:website": null, "diet:vegetarian": null, "facebook": null, "operator": null, "payment:bancomat": null, "reservation": null, "toilets": null, "addr:country": null, "diet:vegan": null, "capacity": null, "source": null, "source_1": null, "delivery": null, "smoking": null, "takeaway": null, "name:signed": null, "seamark:small_craft_facility:category": null, "seamark:type": null, "contact:facebook": null, "fixme": null, "toilets:access": null, "payment:credit_cards": null, "payment:debit_cards": null, "name:it": null, "contact:email": null, "payment:american_express": null, "start_date": null, "name:ru": null, "description": null, "bar": null, "diet:meat": null, "diet:mediterranean": null, "diet:non-vegetarian": null, "diet:seafood": null, "loc_name:pl": null, "payment:contactless": null, "check_date:opening_hours": null, "opening_hours:signed": null, "internet_access:fee": null, "name:pl": null, "diet:local": null, "outdoor_seating:comfort": null, "name:en": null, "air_conditioning": null, "highchair": null, "website:menu": null, "brewery": null, "toilets:handwashing": null, "toilets:num_chambers": null, "changing_table": null, "indoor": null, "short_name": null, "access": null, "contact:instagram": null, "contact:whatsapp": null, "addr:floor": null, "internet_access:ssid": null, "food": null, "building": null, "diet:fish": null, "type": null }, "geometry": { "type": "Point", "coordinates": [ 9.1079489, 39.2189965 ] } },
{ "type": "Feature", "properties": { "element": "node", "id": 11194625726, "addr:city": null, "addr:street": null, "amenity": "restaurant", "cuisine": null, "name": "da Tore al Poetto", "note": null, "phone": null, "price": null, "addr:postcode": null, "addr:housenumber": null, "website": null, "email": null, "outdoor_seating": null, "check_date": "2023-09-15", "payment:cash": null, "payment:mastercard": null, "payment:visa": null, "payment:visa_debit": null, "wheelchair": null, "addr:place": null, "internet_access": null, "toilets:wheelchair": null, "microbrewery": null, "opening_hours": null, "indoor_seating": null, "wheelchair:description": null, "brand": null, "brand:wikidata": null, "brand:wikipedia": null, "contact:mobile": null, "contact:phone": null, "contact:website": null, "diet:vegetarian": null, "facebook": null, "operator": null, "payment:bancomat": null, "reservation": null, "toilets": null, "addr:country": null, "diet:vegan": null, "capacity": null, "source": null, "source_1": null, "delivery": null, "smoking": null, "takeaway": null, "name:signed": null, "seamark:small_craft_facility:category": null, "seamark:type": null, "contact:facebook": null, "fixme": null, "toilets:access": null, "payment:credit_cards": null, "payment:debit_cards": null, "name:it": null, "contact:email": null, "payment:american_express": null, "start_date": null, "name:ru": null, "description": null, "bar": null, "diet:meat": null, "diet:mediterranean": null, "diet:non-vegetarian": null, "diet:seafood": null, "loc_name:pl": null, "payment:contactless": null, "check_date:opening_hours": null, "opening_hours:signed": null, "internet_access:fee": null, "name:pl": null, "diet:local": null, "outdoor_seating:comfort": null, "name:en": null, "air_conditioning": null, "highchair": null, "website:menu": null, "brewery": null, "toilets:handwashing": null, "toilets:num_chambers": null, "changing_table": null, "indoor": null, "short_name": null, "access": null, "contact:instagram": null, "contact:whatsapp": null, "addr:floor": null, "internet_access:ssid": null, "food": null, "building": null, "diet:fish": null, "type": null }, "geometry": { "type": "Point", "coordinates": [ 9.1604209, 39.2013341 ] } },
{ "type": "Feature", "properties": { "element": "node", "id": 11327898851, "addr:city": null, "addr:street": null, "amenity": "restaurant", "cuisine": "sushi", "name": "Art of Sushi", "note": null, "phone": null, "price": null, "addr:postcode": null, "addr:housenumber": null, "website": null, "email": null, "outdoor_seating": null, "check_date": null, "payment:cash": null, "payment:mastercard": null, "payment:visa": null, "payment:visa_debit": null, "wheelchair": null, "addr:place": null, "internet_access": null, "toilets:wheelchair": null, "microbrewery": null, "opening_hours": "Mo-Su 13:00-15:00,20:00-24:00", "indoor_seating": null, "wheelchair:description": null, "brand": null, "brand:wikidata": null, "brand:wikipedia": null, "contact:mobile": null, "contact:phone": null, "contact:website": null, "diet:vegetarian": null, "facebook": null, "operator": null, "payment:bancomat": null, "reservation": null, "toilets": null, "addr:country": null, "diet:vegan": null, "capacity": null, "source": null, "source_1": null, "delivery": null, "smoking": null, "takeaway": null, "name:signed": null, "seamark:small_craft_facility:category": null, "seamark:type": null, "contact:facebook": null, "fixme": null, "toilets:access": null, "payment:credit_cards": null, "payment:debit_cards": null, "name:it": null, "contact:email": null, "payment:american_express": null, "start_date": null, "name:ru": null, "description": null, "bar": null, "diet:meat": null, "diet:mediterranean": null, "diet:non-vegetarian": null, "diet:seafood": null, "loc_name:pl": null, "payment:contactless": null, "check_date:opening_hours": null, "opening_hours:signed": null, "internet_access:fee": null, "name:pl": null, "diet:local": null, "outdoor_seating:comfort": null, "name:en": null, "air_conditioning": null, "highchair": null, "website:menu": null, "brewery": null, "toilets:handwashing": null, "toilets:num_chambers": null, "changing_table": null, "indoor": null, "short_name": null, "access": null, "contact:instagram": null, "contact:whatsapp": null, "addr:floor": null, "internet_access:ssid": null, "food": null, "building": null, "diet:fish": null, "type": null }, "geometry": { "type": "Point", "coordinates": [ 9.1032633, 39.2221315 ] } },
{ "type": "Feature", "properties": { "element": "node", "id": 11690426738, "addr:city": "Cagliari", "addr:street": "Via Giorgio Asproni", "amenity": "restaurant", "cuisine": null, "name": "Orange Cafè", "note": null, "phone": null, "price": null, "addr:postcode": "09123", "addr:housenumber": "10", "website": null, "email": null, "outdoor_seating": null, "check_date": null, "payment:cash": null, "payment:mastercard": null, "payment:visa": null, "payment:visa_debit": null, "wheelchair": null, "addr:place": null, "internet_access": null, "toilets:wheelchair": null, "microbrewery": null, "opening_hours": null, "indoor_seating": null, "wheelchair:description": null, "brand": null, "brand:wikidata": null, "brand:wikipedia": null, "contact:mobile": null, "contact:phone": null, "contact:website": null, "diet:vegetarian": null, "facebook": null, "operator": null, "payment:bancomat": null, "reservation": null, "toilets": null, "addr:country": null, "diet:vegan": null, "capacity": null, "source": null, "source_1": null, "delivery": null, "smoking": null, "takeaway": null, "name:signed": null, "seamark:small_craft_facility:category": null, "seamark:type": null, "contact:facebook": null, "fixme": null, "toilets:access": null, "payment:credit_cards": null, "payment:debit_cards": null, "name:it": null, "contact:email": null, "payment:american_express": null, "start_date": null, "name:ru": null, "description": null, "bar": null, "diet:meat": null, "diet:mediterranean": null, "diet:non-vegetarian": null, "diet:seafood": null, "loc_name:pl": null, "payment:contactless": null, "check_date:opening_hours": null, "opening_hours:signed": null, "internet_access:fee": null, "name:pl": null, "diet:local": null, "outdoor_seating:comfort": null, "name:en": null, "air_conditioning": null, "highchair": null, "website:menu": null, "brewery": null, "toilets:handwashing": null, "toilets:num_chambers": null, "changing_table": null, "indoor": null, "short_name": null, "access": null, "contact:instagram": null, "contact:whatsapp": null, "addr:floor": null, "internet_access:ssid": null, "food": null, "building": null, "diet:fish": null, "type": null }, "geometry": { "type": "Point", "coordinates": [ 9.1062522, 39.2192163 ] } },
{ "type": "Feature", "properties": { "element": "node", "id": 11810145970, "addr:city": null, "addr:street": "Viale Regina Margherita", "amenity": "restaurant", "cuisine": "italian_pizza", "name": "Sa Tracca", "note": null, "phone": null, "price": null, "addr:postcode": null, "addr:housenumber": "93", "website": null, "email": null, "outdoor_seating": null, "check_date": null, "payment:cash": null, "payment:mastercard": null, "payment:visa": null, "payment:visa_debit": null, "wheelchair": null, "addr:place": null, "internet_access": null, "toilets:wheelchair": null, "microbrewery": null, "opening_hours": null, "indoor_seating": null, "wheelchair:description": null, "brand": null, "brand:wikidata": null, "brand:wikipedia": null, "contact:mobile": null, "contact:phone": null, "contact:website": null, "diet:vegetarian": null, "facebook": null, "operator": null, "payment:bancomat": null, "reservation": null, "toilets": null, "addr:country": null, "diet:vegan": null, "capacity": null, "source": null, "source_1": null, "delivery": null, "smoking": null, "takeaway": null, "name:signed": null, "seamark:small_craft_facility:category": null, "seamark:type": null, "contact:facebook": null, "fixme": null, "toilets:access": null, "payment:credit_cards": null, "payment:debit_cards": null, "name:it": null, "contact:email": null, "payment:american_express": null, "start_date": null, "name:ru": null, "description": null, "bar": null, "diet:meat": null, "diet:mediterranean": null, "diet:non-vegetarian": null, "diet:seafood": null, "loc_name:pl": null, "payment:contactless": null, "check_date:opening_hours": null, "opening_hours:signed": null, "internet_access:fee": null, "name:pl": null, "diet:local": null, "outdoor_seating:comfort": null, "name:en": null, "air_conditioning": null, "highchair": null, "website:menu": null, "brewery": null, "toilets:handwashing": null, "toilets:num_chambers": null, "changing_table": null, "indoor": null, "short_name": null, "access": null, "contact:instagram": null, "contact:whatsapp": null, "addr:floor": null, "internet_access:ssid": null, "food": null, "building": null, "diet:fish": null, "type": null }, "geometry": { "type": "Point", "coordinates": [ 9.1170359, 39.2148994 ] } },
{ "type": "Feature", "properties": { "element": "node", "id": 11955634833, "addr:city": null, "addr:street": null, "amenity": "restaurant", "cuisine": "pizza", "name": "L'incanto", "note": null, "phone": null, "price": null, "addr:postcode": null, "addr:housenumber": null, "website": null, "email": null, "outdoor_seating": null, "check_date": null, "payment:cash": null, "payment:mastercard": null, "payment:visa": null, "payment:visa_debit": null, "wheelchair": null, "addr:place": null, "internet_access": null, "toilets:wheelchair": null, "microbrewery": null, "opening_hours": null, "indoor_seating": null, "wheelchair:description": null, "brand": null, "brand:wikidata": null, "brand:wikipedia": null, "contact:mobile": null, "contact:phone": null, "contact:website": null, "diet:vegetarian": null, "facebook": null, "operator": null, "payment:bancomat": null, "reservation": null, "toilets": null, "addr:country": null, "diet:vegan": null, "capacity": null, "source": null, "source_1": null, "delivery": null, "smoking": null, "takeaway": null, "name:signed": null, "seamark:small_craft_facility:category": null, "seamark:type": null, "contact:facebook": null, "fixme": null, "toilets:access": null, "payment:credit_cards": null, "payment:debit_cards": null, "name:it": null, "contact:email": null, "payment:american_express": null, "start_date": null, "name:ru": null, "description": null, "bar": null, "diet:meat": null, "diet:mediterranean": null, "diet:non-vegetarian": null, "diet:seafood": null, "loc_name:pl": null, "payment:contactless": null, "check_date:opening_hours": null, "opening_hours:signed": null, "internet_access:fee": null, "name:pl": null, "diet:local": null, "outdoor_seating:comfort": null, "name:en": null, "air_conditioning": null, "highchair": null, "website:menu": null, "brewery": null, "toilets:handwashing": null, "toilets:num_chambers": null, "changing_table": null, "indoor": null, "short_name": null, "access": null, "contact:instagram": null, "contact:whatsapp": null, "addr:floor": null, "internet_access:ssid": null, "food": null, "building": null, "diet:fish": null, "type": null }, "geometry": { "type": "Point", "coordinates": [ 9.1185057, 39.2628853 ] } },
{ "type": "Feature", "properties": { "element": "node", "id": 12177106596, "addr:city": "Cagliari", "addr:street": "Via Trincea delle Frasche", "amenity": "restaurant", "cuisine": "pizza", "name": "Pizzeria Sole e Luna", "note": null, "phone": null, "price": null, "addr:postcode": "09121", "addr:housenumber": "49", "website": "https://pwa.pienissimo.com/home?hashform=K5pi2LVpMBH373xrm6Dtckrb5wmxbGjk", "email": null, "outdoor_seating": "no", "check_date": null, "payment:cash": null, "payment:mastercard": null, "payment:visa": null, "payment:visa_debit": null, "wheelchair": "no", "addr:place": null, "internet_access": null, "toilets:wheelchair": null, "microbrewery": null, "opening_hours": null, "indoor_seating": "yes", "wheelchair:description": null, "brand": null, "brand:wikidata": null, "brand:wikipedia": null, "contact:mobile": null, "contact:phone": null, "contact:website": null, "diet:vegetarian": "yes", "facebook": null, "operator": null, "payment:bancomat": null, "reservation": null, "toilets": null, "addr:country": null, "diet:vegan": null, "capacity": null, "source": null, "source_1": null, "delivery": null, "smoking": null, "takeaway": null, "name:signed": null, "seamark:small_craft_facility:category": null, "seamark:type": null, "contact:facebook": null, "fixme": null, "toilets:access": null, "payment:credit_cards": null, "payment:debit_cards": null, "name:it": null, "contact:email": null, "payment:american_express": null, "start_date": null, "name:ru": null, "description": "Menu: https://menu.pienissimo.com/menu", "bar": null, "diet:meat": null, "diet:mediterranean": null, "diet:non-vegetarian": null, "diet:seafood": null, "loc_name:pl": null, "payment:contactless": null, "check_date:opening_hours": null, "opening_hours:signed": null, "internet_access:fee": null, "name:pl": null, "diet:local": null, "outdoor_seating:comfort": null, "name:en": null, "air_conditioning": "yes", "highchair": null, "website:menu": null, "brewery": null, "toilets:handwashing": null, "toilets:num_chambers": null, "changing_table": "no", "indoor": null, "short_name": null, "access": null, "contact:instagram": null, "contact:whatsapp": null, "addr:floor": null, "internet_access:ssid": null, "food": null, "building": null, "diet:fish": null, "type": null }, "geometry": { "type": "Point", "coordinates": [ 9.1030169, 39.2371417 ] } },
{ "type": "Feature", "properties": { "element": "node", "id": 12441452060, "addr:city": null, "addr:street": null, "amenity": "restaurant", "cuisine": "chinese", "name": "Faitu Street Food", "note": null, "phone": null, "price": null, "addr:postcode": null, "addr:housenumber": null, "website": null, "email": null, "outdoor_seating": null, "check_date": null, "payment:cash": null, "payment:mastercard": null, "payment:visa": null, "payment:visa_debit": null, "wheelchair": null, "addr:place": null, "internet_access": null, "toilets:wheelchair": null, "microbrewery": null, "opening_hours": "Mo-Su 10:00-22:00", "indoor_seating": null, "wheelchair:description": null, "brand": null, "brand:wikidata": null, "brand:wikipedia": null, "contact:mobile": null, "contact:phone": null, "contact:website": null, "diet:vegetarian": null, "facebook": null, "operator": null, "payment:bancomat": null, "reservation": null, "toilets": null, "addr:country": null, "diet:vegan": null, "capacity": null, "source": null, "source_1": null, "delivery": null, "smoking": null, "takeaway": null, "name:signed": null, "seamark:small_craft_facility:category": null, "seamark:type": null, "contact:facebook": null, "fixme": null, "toilets:access": null, "payment:credit_cards": null, "payment:debit_cards": null, "name:it": null, "contact:email": null, "payment:american_express": null, "start_date": null, "name:ru": null, "description": null, "bar": null, "diet:meat": null, "diet:mediterranean": null, "diet:non-vegetarian": null, "diet:seafood": null, "loc_name:pl": null, "payment:contactless": null, "check_date:opening_hours": null, "opening_hours:signed": null, "internet_access:fee": null, "name:pl": null, "diet:local": null, "outdoor_seating:comfort": null, "name:en": null, "air_conditioning": null, "highchair": null, "website:menu": null, "brewery": null, "toilets:handwashing": null, "toilets:num_chambers": null, "changing_table": null, "indoor": "yes", "short_name": null, "access": null, "contact:instagram": null, "contact:whatsapp": null, "addr:floor": null, "internet_access:ssid": null, "food": null, "building": null, "diet:fish": null, "type": null }, "geometry": { "type": "Point", "coordinates": [ 9.1188706, 39.2165324 ] } },
{ "type": "Feature", "properties": { "element": "node", "id": 12441556690, "addr:city": null, "addr:street": null, "amenity": "restaurant", "cuisine": "pizza", "name": "Corso's", "note": null, "phone": null, "price": null, "addr:postcode": null, "addr:housenumber": null, "website": null, "email": null, "outdoor_seating": "no", "check_date": null, "payment:cash": null, "payment:mastercard": null, "payment:visa": null, "payment:visa_debit": null, "wheelchair": null, "addr:place": null, "internet_access": null, "toilets:wheelchair": null, "microbrewery": null, "opening_hours": null, "indoor_seating": "no", "wheelchair:description": null, "brand": null, "brand:wikidata": null, "brand:wikipedia": null, "contact:mobile": null, "contact:phone": null, "contact:website": null, "diet:vegetarian": null, "facebook": null, "operator": null, "payment:bancomat": null, "reservation": null, "toilets": null, "addr:country": null, "diet:vegan": null, "capacity": null, "source": null, "source_1": null, "delivery": null, "smoking": null, "takeaway": null, "name:signed": null, "seamark:small_craft_facility:category": null, "seamark:type": null, "contact:facebook": null, "fixme": null, "toilets:access": null, "payment:credit_cards": null, "payment:debit_cards": null, "name:it": null, "contact:email": null, "payment:american_express": null, "start_date": null, "name:ru": null, "description": null, "bar": null, "diet:meat": null, "diet:mediterranean": null, "diet:non-vegetarian": null, "diet:seafood": null, "loc_name:pl": null, "payment:contactless": null, "check_date:opening_hours": null, "opening_hours:signed": null, "internet_access:fee": null, "name:pl": null, "diet:local": null, "outdoor_seating:comfort": null, "name:en": null, "air_conditioning": null, "highchair": null, "website:menu": null, "brewery": null, "toilets:handwashing": null, "toilets:num_chambers": null, "changing_table": null, "indoor": "yes", "short_name": null, "access": null, "contact:instagram": null, "contact:whatsapp": null, "addr:floor": null, "internet_access:ssid": null, "food": null, "building": null, "diet:fish": null, "type": null }, "geometry": { "type": "Point", "coordinates": [ 9.1214463, 39.2187885 ] } },
{ "type": "Feature", "properties": { "element": "node", "id": 12478337664, "addr:city": null, "addr:street": null, "amenity": "restaurant", "cuisine": null, "name": "Upper House", "note": null, "phone": null, "price": null, "addr:postcode": null, "addr:housenumber": null, "website": null, "email": null, "outdoor_seating": null, "check_date": null, "payment:cash": null, "payment:mastercard": null, "payment:visa": null, "payment:visa_debit": null, "wheelchair": null, "addr:place": null, "internet_access": null, "toilets:wheelchair": null, "microbrewery": null, "opening_hours": null, "indoor_seating": null, "wheelchair:description": null, "brand": null, "brand:wikidata": null, "brand:wikipedia": null, "contact:mobile": null, "contact:phone": null, "contact:website": null, "diet:vegetarian": null, "facebook": null, "operator": null, "payment:bancomat": null, "reservation": null, "toilets": null, "addr:country": null, "diet:vegan": null, "capacity": null, "source": null, "source_1": null, "delivery": null, "smoking": null, "takeaway": null, "name:signed": null, "seamark:small_craft_facility:category": null, "seamark:type": null, "contact:facebook": null, "fixme": null, "toilets:access": null, "payment:credit_cards": null, "payment:debit_cards": null, "name:it": null, "contact:email": null, "payment:american_express": null, "start_date": null, "name:ru": null, "description": null, "bar": null, "diet:meat": null, "diet:mediterranean": null, "diet:non-vegetarian": null, "diet:seafood": null, "loc_name:pl": null, "payment:contactless": null, "check_date:opening_hours": null, "opening_hours:signed": null, "internet_access:fee": null, "name:pl": null, "diet:local": null, "outdoor_seating:comfort": null, "name:en": null, "air_conditioning": null, "highchair": null, "website:menu": null, "brewery": null, "toilets:handwashing": null, "toilets:num_chambers": null, "changing_table": null, "indoor": "yes", "short_name": "UH", "access": null, "contact:instagram": null, "contact:whatsapp": null, "addr:floor": null, "internet_access:ssid": null, "food": null, "building": null, "diet:fish": null, "type": null }, "geometry": { "type": "Point", "coordinates": [ 9.1247397, 39.2172079 ] } },
{ "type": "Feature", "properties": { "element": "node", "id": 12553903687, "addr:city": "Cagliari", "addr:street": "Via Francesco Gemelli", "amenity": "restaurant", "cuisine": null, "name": "Circolo dei Buoni e Cattivi", "note": null, "phone": null, "price": null, "addr:postcode": "09129", "addr:housenumber": "1", "website": null, "email": null, "outdoor_seating": null, "check_date": null, "payment:cash": null, "payment:mastercard": null, "payment:visa": null, "payment:visa_debit": null, "wheelchair": null, "addr:place": null, "internet_access": null, "toilets:wheelchair": null, "microbrewery": null, "opening_hours": null, "indoor_seating": null, "wheelchair:description": null, "brand": null, "brand:wikidata": null, "brand:wikipedia": null, "contact:mobile": null, "contact:phone": null, "contact:website": null, "diet:vegetarian": null, "facebook": null, "operator": null, "payment:bancomat": null, "reservation": null, "toilets": null, "addr:country": null, "diet:vegan": null, "capacity": null, "source": null, "source_1": null, "delivery": null, "smoking": null, "takeaway": null, "name:signed": null, "seamark:small_craft_facility:category": null, "seamark:type": null, "contact:facebook": null, "fixme": null, "toilets:access": null, "payment:credit_cards": null, "payment:debit_cards": null, "name:it": null, "contact:email": null, "payment:american_express": null, "start_date": null, "name:ru": null, "description": null, "bar": null, "diet:meat": null, "diet:mediterranean": null, "diet:non-vegetarian": null, "diet:seafood": null, "loc_name:pl": null, "payment:contactless": null, "check_date:opening_hours": null, "opening_hours:signed": null, "internet_access:fee": null, "name:pl": null, "diet:local": null, "outdoor_seating:comfort": null, "name:en": null, "air_conditioning": null, "highchair": null, "website:menu": null, "brewery": null, "toilets:handwashing": null, "toilets:num_chambers": null, "changing_table": null, "indoor": null, "short_name": null, "access": null, "contact:instagram": null, "contact:whatsapp": null, "addr:floor": null, "internet_access:ssid": null, "food": null, "building": null, "diet:fish": null, "type": null }, "geometry": { "type": "Point", "coordinates": [ 9.1323164, 39.2166916 ] } },
{ "type": "Feature", "properties": { "element": "node", "id": 12612730057, "addr:city": null, "addr:street": null, "amenity": "restaurant", "cuisine": "pizza", "name": "Ju faraone", "note": null, "phone": null, "price": null, "addr:postcode": null, "addr:housenumber": "22/24", "website": null, "email": null, "outdoor_seating": null, "check_date": null, "payment:cash": null, "payment:mastercard": null, "payment:visa": null, "payment:visa_debit": null, "wheelchair": null, "addr:place": null, "internet_access": null, "toilets:wheelchair": null, "microbrewery": null, "opening_hours": null, "indoor_seating": null, "wheelchair:description": null, "brand": null, "brand:wikidata": null, "brand:wikipedia": null, "contact:mobile": null, "contact:phone": null, "contact:website": null, "diet:vegetarian": null, "facebook": null, "operator": null, "payment:bancomat": null, "reservation": null, "toilets": null, "addr:country": null, "diet:vegan": null, "capacity": null, "source": null, "source_1": null, "delivery": null, "smoking": null, "takeaway": null, "name:signed": null, "seamark:small_craft_facility:category": null, "seamark:type": null, "contact:facebook": null, "fixme": null, "toilets:access": null, "payment:credit_cards": null, "payment:debit_cards": null, "name:it": null, "contact:email": null, "payment:american_express": null, "start_date": null, "name:ru": null, "description": null, "bar": null, "diet:meat": null, "diet:mediterranean": null, "diet:non-vegetarian": null, "diet:seafood": null, "loc_name:pl": null, "payment:contactless": null, "check_date:opening_hours": null, "opening_hours:signed": null, "internet_access:fee": null, "name:pl": null, "diet:local": null, "outdoor_seating:comfort": null, "name:en": null, "air_conditioning": null, "highchair": null, "website:menu": null, "brewery": null, "toilets:handwashing": null, "toilets:num_chambers": null, "changing_table": null, "indoor": null, "short_name": null, "access": null, "contact:instagram": null, "contact:whatsapp": null, "addr:floor": null, "internet_access:ssid": null, "food": null, "building": null, "diet:fish": null, "type": null }, "geometry": { "type": "Point", "coordinates": [ 9.1119017, 39.2349637 ] } },
{ "type": "Feature", "properties": { "element": "node", "id": 12655832971, "addr:city": null, "addr:street": null, "amenity": "restaurant", "cuisine": null, "name": "Mensa ERSU", "note": null, "phone": null, "price": null, "addr:postcode": null, "addr:housenumber": null, "website": null, "email": null, "outdoor_seating": null, "check_date": null, "payment:cash": null, "payment:mastercard": null, "payment:visa": null, "payment:visa_debit": null, "wheelchair": null, "addr:place": null, "internet_access": null, "toilets:wheelchair": null, "microbrewery": null, "opening_hours": null, "indoor_seating": null, "wheelchair:description": null, "brand": null, "brand:wikidata": null, "brand:wikipedia": null, "contact:mobile": null, "contact:phone": null, "contact:website": null, "diet:vegetarian": null, "facebook": null, "operator": null, "payment:bancomat": null, "reservation": null, "toilets": null, "addr:country": null, "diet:vegan": null, "capacity": null, "source": null, "source_1": null, "delivery": null, "smoking": null, "takeaway": null, "name:signed": null, "seamark:small_craft_facility:category": null, "seamark:type": null, "contact:facebook": null, "fixme": null, "toilets:access": null, "payment:credit_cards": null, "payment:debit_cards": null, "name:it": null, "contact:email": null, "payment:american_express": null, "start_date": null, "name:ru": null, "description": null, "bar": null, "diet:meat": null, "diet:mediterranean": null, "diet:non-vegetarian": null, "diet:seafood": null, "loc_name:pl": null, "payment:contactless": null, "check_date:opening_hours": null, "opening_hours:signed": null, "internet_access:fee": null, "name:pl": null, "diet:local": null, "outdoor_seating:comfort": null, "name:en": null, "air_conditioning": null, "highchair": null, "website:menu": null, "brewery": null, "toilets:handwashing": null, "toilets:num_chambers": null, "changing_table": null, "indoor": null, "short_name": null, "access": null, "contact:instagram": null, "contact:whatsapp": null, "addr:floor": null, "internet_access:ssid": null, "food": null, "building": null, "diet:fish": null, "type": null }, "geometry": { "type": "Point", "coordinates": [ 9.112472, 39.2300808 ] } },
{ "type": "Feature", "properties": { "element": "node", "id": 12730724796, "addr:city": null, "addr:street": null, "amenity": "restaurant", "cuisine": null, "name": "Mensa Universitaria piazza Michelangelo", "note": null, "phone": null, "price": null, "addr:postcode": null, "addr:housenumber": null, "website": null, "email": null, "outdoor_seating": null, "check_date": null, "payment:cash": null, "payment:mastercard": null, "payment:visa": null, "payment:visa_debit": null, "wheelchair": null, "addr:place": null, "internet_access": null, "toilets:wheelchair": null, "microbrewery": null, "opening_hours": null, "indoor_seating": null, "wheelchair:description": null, "brand": null, "brand:wikidata": null, "brand:wikipedia": null, "contact:mobile": null, "contact:phone": null, "contact:website": null, "diet:vegetarian": null, "facebook": null, "operator": null, "payment:bancomat": null, "reservation": null, "toilets": null, "addr:country": null, "diet:vegan": null, "capacity": null, "source": null, "source_1": null, "delivery": null, "smoking": null, "takeaway": null, "name:signed": null, "seamark:small_craft_facility:category": null, "seamark:type": null, "contact:facebook": null, "fixme": null, "toilets:access": null, "payment:credit_cards": null, "payment:debit_cards": null, "name:it": null, "contact:email": null, "payment:american_express": null, "start_date": null, "name:ru": null, "description": null, "bar": null, "diet:meat": null, "diet:mediterranean": null, "diet:non-vegetarian": null, "diet:seafood": null, "loc_name:pl": null, "payment:contactless": null, "check_date:opening_hours": null, "opening_hours:signed": null, "internet_access:fee": null, "name:pl": null, "diet:local": null, "outdoor_seating:comfort": null, "name:en": null, "air_conditioning": null, "highchair": null, "website:menu": null, "brewery": null, "toilets:handwashing": null, "toilets:num_chambers": null, "changing_table": null, "indoor": null, "short_name": null, "access": "private", "contact:instagram": null, "contact:whatsapp": null, "addr:floor": null, "internet_access:ssid": null, "food": null, "building": null, "diet:fish": null, "type": null }, "geometry": { "type": "Point", "coordinates": [ 9.127191, 39.2248213 ] } },
{ "type": "Feature", "properties": { "element": "node", "id": 12730724797, "addr:city": null, "addr:street": null, "amenity": "restaurant", "cuisine": null, "name": "Mensa Universitaria via Premuda", "note": null, "phone": null, "price": null, "addr:postcode": null, "addr:housenumber": null, "website": null, "email": null, "outdoor_seating": null, "check_date": null, "payment:cash": null, "payment:mastercard": null, "payment:visa": null, "payment:visa_debit": null, "wheelchair": null, "addr:place": null, "internet_access": null, "toilets:wheelchair": null, "microbrewery": null, "opening_hours": null, "indoor_seating": null, "wheelchair:description": null, "brand": null, "brand:wikidata": null, "brand:wikipedia": null, "contact:mobile": null, "contact:phone": null, "contact:website": null, "diet:vegetarian": null, "facebook": null, "operator": null, "payment:bancomat": null, "reservation": null, "toilets": null, "addr:country": null, "diet:vegan": null, "capacity": null, "source": null, "source_1": null, "delivery": null, "smoking": null, "takeaway": null, "name:signed": null, "seamark:small_craft_facility:category": null, "seamark:type": null, "contact:facebook": null, "fixme": null, "toilets:access": null, "payment:credit_cards": null, "payment:debit_cards": null, "name:it": null, "contact:email": null, "payment:american_express": null, "start_date": null, "name:ru": null, "description": null, "bar": null, "diet:meat": null, "diet:mediterranean": null, "diet:non-vegetarian": null, "diet:seafood": null, "loc_name:pl": null, "payment:contactless": null, "check_date:opening_hours": null, "opening_hours:signed": null, "internet_access:fee": null, "name:pl": null, "diet:local": null, "outdoor_seating:comfort": null, "name:en": null, "air_conditioning": null, "highchair": null, "website:menu": null, "brewery": null, "toilets:handwashing": null, "toilets:num_chambers": null, "changing_table": null, "indoor": null, "short_name": null, "access": "private", "contact:instagram": null, "contact:whatsapp": null, "addr:floor": null, "internet_access:ssid": null, "food": null, "building": null, "diet:fish": null, "type": null }, "geometry": { "type": "Point", "coordinates": [ 9.0983806, 39.2401959 ] } },
{ "type": "Feature", "properties": { "element": "node", "id": 12802955766, "addr:city": null, "addr:street": null, "amenity": "restaurant", "cuisine": "pizza", "name": "Gallo d'oro", "note": null, "phone": null, "price": null, "addr:postcode": null, "addr:housenumber": null, "website": "https://gallodoro.it/", "email": null, "outdoor_seating": null, "check_date": null, "payment:cash": null, "payment:mastercard": null, "payment:visa": null, "payment:visa_debit": null, "wheelchair": null, "addr:place": null, "internet_access": null, "toilets:wheelchair": null, "microbrewery": null, "opening_hours": null, "indoor_seating": null, "wheelchair:description": null, "brand": null, "brand:wikidata": null, "brand:wikipedia": null, "contact:mobile": null, "contact:phone": null, "contact:website": null, "diet:vegetarian": null, "facebook": null, "operator": null, "payment:bancomat": null, "reservation": null, "toilets": null, "addr:country": null, "diet:vegan": null, "capacity": null, "source": null, "source_1": null, "delivery": null, "smoking": null, "takeaway": null, "name:signed": null, "seamark:small_craft_facility:category": null, "seamark:type": null, "contact:facebook": null, "fixme": null, "toilets:access": null, "payment:credit_cards": null, "payment:debit_cards": null, "name:it": null, "contact:email": null, "payment:american_express": null, "start_date": null, "name:ru": null, "description": null, "bar": null, "diet:meat": null, "diet:mediterranean": null, "diet:non-vegetarian": null, "diet:seafood": null, "loc_name:pl": null, "payment:contactless": null, "check_date:opening_hours": null, "opening_hours:signed": null, "internet_access:fee": null, "name:pl": null, "diet:local": null, "outdoor_seating:comfort": null, "name:en": null, "air_conditioning": null, "highchair": null, "website:menu": null, "brewery": null, "toilets:handwashing": null, "toilets:num_chambers": null, "changing_table": null, "indoor": null, "short_name": null, "access": null, "contact:instagram": null, "contact:whatsapp": null, "addr:floor": null, "internet_access:ssid": null, "food": null, "building": null, "diet:fish": null, "type": null }, "geometry": { "type": "Point", "coordinates": [ 9.1247346, 39.2171743 ] } },
{ "type": "Feature", "properties": { "element": "node", "id": 12871395951, "addr:city": null, "addr:street": null, "amenity": "restaurant", "cuisine": null, "name": "Pizzaria san giovanni", "note": null, "phone": null, "price": null, "addr:postcode": null, "addr:housenumber": "290", "website": null, "email": null, "outdoor_seating": null, "check_date": null, "payment:cash": null, "payment:mastercard": null, "payment:visa": null, "payment:visa_debit": null, "wheelchair": null, "addr:place": null, "internet_access": null, "toilets:wheelchair": null, "microbrewery": null, "opening_hours": null, "indoor_seating": null, "wheelchair:description": null, "brand": null, "brand:wikidata": null, "brand:wikipedia": null, "contact:mobile": null, "contact:phone": null, "contact:website": null, "diet:vegetarian": "yes", "facebook": null, "operator": null, "payment:bancomat": null, "reservation": null, "toilets": null, "addr:country": null, "diet:vegan": null, "capacity": null, "source": null, "source_1": null, "delivery": null, "smoking": null, "takeaway": null, "name:signed": null, "seamark:small_craft_facility:category": null, "seamark:type": null, "contact:facebook": null, "fixme": null, "toilets:access": null, "payment:credit_cards": null, "payment:debit_cards": null, "name:it": null, "contact:email": null, "payment:american_express": null, "start_date": null, "name:ru": null, "description": null, "bar": null, "diet:meat": null, "diet:mediterranean": null, "diet:non-vegetarian": null, "diet:seafood": null, "loc_name:pl": null, "payment:contactless": null, "check_date:opening_hours": null, "opening_hours:signed": null, "internet_access:fee": null, "name:pl": null, "diet:local": null, "outdoor_seating:comfort": null, "name:en": null, "air_conditioning": null, "highchair": null, "website:menu": null, "brewery": null, "toilets:handwashing": null, "toilets:num_chambers": null, "changing_table": null, "indoor": null, "short_name": null, "access": null, "contact:instagram": null, "contact:whatsapp": null, "addr:floor": null, "internet_access:ssid": null, "food": null, "building": null, "diet:fish": null, "type": null }, "geometry": { "type": "Point", "coordinates": [ 9.1195067, 39.2215806 ] } },
{ "type": "Feature", "properties": { "element": "node", "id": 12973027301, "addr:city": null, "addr:street": null, "amenity": "restaurant", "cuisine": null, "name": "Josto", "note": null, "phone": null, "price": null, "addr:postcode": null, "addr:housenumber": null, "website": null, "email": null, "outdoor_seating": null, "check_date": null, "payment:cash": null, "payment:mastercard": null, "payment:visa": null, "payment:visa_debit": null, "wheelchair": null, "addr:place": null, "internet_access": null, "toilets:wheelchair": null, "microbrewery": null, "opening_hours": null, "indoor_seating": null, "wheelchair:description": null, "brand": null, "brand:wikidata": null, "brand:wikipedia": null, "contact:mobile": null, "contact:phone": null, "contact:website": null, "diet:vegetarian": null, "facebook": null, "operator": null, "payment:bancomat": null, "reservation": null, "toilets": null, "addr:country": null, "diet:vegan": null, "capacity": null, "source": null, "source_1": null, "delivery": null, "smoking": null, "takeaway": null, "name:signed": null, "seamark:small_craft_facility:category": null, "seamark:type": null, "contact:facebook": null, "fixme": null, "toilets:access": null, "payment:credit_cards": null, "payment:debit_cards": null, "name:it": null, "contact:email": null, "payment:american_express": null, "start_date": null, "name:ru": null, "description": null, "bar": null, "diet:meat": null, "diet:mediterranean": null, "diet:non-vegetarian": null, "diet:seafood": null, "loc_name:pl": null, "payment:contactless": null, "check_date:opening_hours": null, "opening_hours:signed": null, "internet_access:fee": null, "name:pl": null, "diet:local": null, "outdoor_seating:comfort": null, "name:en": null, "air_conditioning": null, "highchair": null, "website:menu": null, "brewery": null, "toilets:handwashing": null, "toilets:num_chambers": null, "changing_table": null, "indoor": null, "short_name": null, "access": null, "contact:instagram": null, "contact:whatsapp": null, "addr:floor": null, "internet_access:ssid": null, "food": null, "building": null, "diet:fish": null, "type": null }, "geometry": { "type": "Point", "coordinates": [ 9.1103397, 39.2165819 ] } },
{ "type": "Feature", "properties": { "element": "node", "id": 12973031302, "addr:city": null, "addr:street": null, "amenity": "restaurant", "cuisine": null, "name": "Da Marino al St. Remy", "note": null, "phone": null, "price": null, "addr:postcode": null, "addr:housenumber": null, "website": null, "email": null, "outdoor_seating": null, "check_date": null, "payment:cash": null, "payment:mastercard": null, "payment:visa": null, "payment:visa_debit": null, "wheelchair": null, "addr:place": null, "internet_access": null, "toilets:wheelchair": null, "microbrewery": null, "opening_hours": null, "indoor_seating": null, "wheelchair:description": null, "brand": null, "brand:wikidata": null, "brand:wikipedia": null, "contact:mobile": null, "contact:phone": null, "contact:website": null, "diet:vegetarian": null, "facebook": null, "operator": null, "payment:bancomat": null, "reservation": null, "toilets": null, "addr:country": null, "diet:vegan": null, "capacity": null, "source": null, "source_1": null, "delivery": null, "smoking": null, "takeaway": null, "name:signed": null, "seamark:small_craft_facility:category": null, "seamark:type": null, "contact:facebook": null, "fixme": null, "toilets:access": null, "payment:credit_cards": null, "payment:debit_cards": null, "name:it": null, "contact:email": null, "payment:american_express": null, "start_date": null, "name:ru": null, "description": null, "bar": null, "diet:meat": null, "diet:mediterranean": null, "diet:non-vegetarian": null, "diet:seafood": null, "loc_name:pl": null, "payment:contactless": null, "check_date:opening_hours": null, "opening_hours:signed": null, "internet_access:fee": null, "name:pl": null, "diet:local": null, "outdoor_seating:comfort": null, "name:en": null, "air_conditioning": null, "highchair": null, "website:menu": null, "brewery": null, "toilets:handwashing": null, "toilets:num_chambers": null, "changing_table": null, "indoor": null, "short_name": null, "access": null, "contact:instagram": null, "contact:whatsapp": null, "addr:floor": null, "internet_access:ssid": null, "food": null, "building": null, "diet:fish": null, "type": null }, "geometry": { "type": "Point", "coordinates": [ 9.1163305, 39.2151464 ] } },
{ "type": "Feature", "properties": { "element": "node", "id": 12973031401, "addr:city": null, "addr:street": "Corso Vittorio Emanuele II", "amenity": "restaurant", "cuisine": null, "name": "ChiaroScuro di Marina Ravarotto", "note": null, "phone": null, "price": null, "addr:postcode": null, "addr:housenumber": "380", "website": null, "email": null, "outdoor_seating": null, "check_date": null, "payment:cash": null, "payment:mastercard": null, "payment:visa": null, "payment:visa_debit": null, "wheelchair": null, "addr:place": null, "internet_access": null, "toilets:wheelchair": null, "microbrewery": null, "opening_hours": null, "indoor_seating": null, "wheelchair:description": null, "brand": null, "brand:wikidata": null, "brand:wikipedia": null, "contact:mobile": null, "contact:phone": null, "contact:website": null, "diet:vegetarian": null, "facebook": null, "operator": null, "payment:bancomat": null, "reservation": null, "toilets": null, "addr:country": null, "diet:vegan": null, "capacity": null, "source": null, "source_1": null, "delivery": null, "smoking": null, "takeaway": null, "name:signed": null, "seamark:small_craft_facility:category": null, "seamark:type": null, "contact:facebook": null, "fixme": null, "toilets:access": null, "payment:credit_cards": null, "payment:debit_cards": null, "name:it": null, "contact:email": null, "payment:american_express": null, "start_date": null, "name:ru": null, "description": null, "bar": null, "diet:meat": null, "diet:mediterranean": null, "diet:non-vegetarian": null, "diet:seafood": null, "loc_name:pl": null, "payment:contactless": null, "check_date:opening_hours": null, "opening_hours:signed": null, "internet_access:fee": null, "name:pl": null, "diet:local": null, "outdoor_seating:comfort": null, "name:en": null, "air_conditioning": null, "highchair": null, "website:menu": null, "brewery": null, "toilets:handwashing": null, "toilets:num_chambers": null, "changing_table": null, "indoor": null, "short_name": null, "access": null, "contact:instagram": null, "contact:whatsapp": null, "addr:floor": null, "internet_access:ssid": null, "food": null, "building": null, "diet:fish": null, "type": null }, "geometry": { "type": "Point", "coordinates": [ 9.1070744, 39.2205185 ] } },
{ "type": "Feature", "properties": { "element": "node", "id": 12973033101, "addr:city": null, "addr:street": null, "amenity": "restaurant", "cuisine": null, "name": "Amano", "note": null, "phone": null, "price": null, "addr:postcode": null, "addr:housenumber": null, "website": null, "email": null, "outdoor_seating": null, "check_date": null, "payment:cash": null, "payment:mastercard": null, "payment:visa": null, "payment:visa_debit": null, "wheelchair": null, "addr:place": null, "internet_access": null, "toilets:wheelchair": null, "microbrewery": null, "opening_hours": null, "indoor_seating": null, "wheelchair:description": null, "brand": null, "brand:wikidata": null, "brand:wikipedia": null, "contact:mobile": null, "contact:phone": null, "contact:website": null, "diet:vegetarian": null, "facebook": null, "operator": null, "payment:bancomat": null, "reservation": null, "toilets": null, "addr:country": null, "diet:vegan": null, "capacity": null, "source": null, "source_1": null, "delivery": null, "smoking": null, "takeaway": null, "name:signed": null, "seamark:small_craft_facility:category": null, "seamark:type": null, "contact:facebook": null, "fixme": null, "toilets:access": null, "payment:credit_cards": null, "payment:debit_cards": null, "name:it": null, "contact:email": null, "payment:american_express": null, "start_date": null, "name:ru": null, "description": null, "bar": null, "diet:meat": null, "diet:mediterranean": null, "diet:non-vegetarian": null, "diet:seafood": null, "loc_name:pl": null, "payment:contactless": null, "check_date:opening_hours": null, "opening_hours:signed": null, "internet_access:fee": null, "name:pl": null, "diet:local": null, "outdoor_seating:comfort": null, "name:en": null, "air_conditioning": null, "highchair": null, "website:menu": null, "brewery": null, "toilets:handwashing": null, "toilets:num_chambers": null, "changing_table": null, "indoor": null, "short_name": null, "access": null, "contact:instagram": null, "contact:whatsapp": null, "addr:floor": null, "internet_access:ssid": null, "food": null, "building": null, "diet:fish": null, "type": null }, "geometry": { "type": "Point", "coordinates": [ 9.1191999, 39.2131011 ] } },
{ "type": "Feature", "properties": { "element": "node", "id": 12973035501, "addr:city": null, "addr:street": null, "amenity": "restaurant", "cuisine": null, "name": "Duanima", "note": null, "phone": null, "price": null, "addr:postcode": null, "addr:housenumber": null, "website": null, "email": null, "outdoor_seating": null, "check_date": null, "payment:cash": null, "payment:mastercard": null, "payment:visa": null, "payment:visa_debit": null, "wheelchair": null, "addr:place": null, "internet_access": null, "toilets:wheelchair": null, "microbrewery": null, "opening_hours": null, "indoor_seating": null, "wheelchair:description": null, "brand": null, "brand:wikidata": null, "brand:wikipedia": null, "contact:mobile": null, "contact:phone": null, "contact:website": null, "diet:vegetarian": null, "facebook": null, "operator": null, "payment:bancomat": null, "reservation": null, "toilets": null, "addr:country": null, "diet:vegan": null, "capacity": null, "source": null, "source_1": null, "delivery": null, "smoking": null, "takeaway": null, "name:signed": null, "seamark:small_craft_facility:category": null, "seamark:type": null, "contact:facebook": null, "fixme": null, "toilets:access": null, "payment:credit_cards": null, "payment:debit_cards": null, "name:it": null, "contact:email": null, "payment:american_express": null, "start_date": null, "name:ru": null, "description": null, "bar": null, "diet:meat": null, "diet:mediterranean": null, "diet:non-vegetarian": null, "diet:seafood": null, "loc_name:pl": null, "payment:contactless": null, "check_date:opening_hours": null, "opening_hours:signed": null, "internet_access:fee": null, "name:pl": null, "diet:local": null, "outdoor_seating:comfort": null, "name:en": null, "air_conditioning": null, "highchair": null, "website:menu": null, "brewery": null, "toilets:handwashing": null, "toilets:num_chambers": null, "changing_table": null, "indoor": null, "short_name": null, "access": null, "contact:instagram": null, "contact:whatsapp": null, "addr:floor": null, "internet_access:ssid": null, "food": null, "building": null, "diet:fish": null, "type": null }, "geometry": { "type": "Point", "coordinates": [ 9.1216558, 39.2165436 ] } },
{ "type": "Feature", "properties": { "element": "node", "id": 13036732805, "addr:city": null, "addr:street": "Via Guglielmo Marconi", "amenity": "restaurant", "cuisine": "burger;italian;steak_house", "name": "Doppio Malto", "note": null, "phone": "+39 070 494840", "price": null, "addr:postcode": null, "addr:housenumber": "173", "website": "https://www.doppiomalto.com/it/ristoranti/cagliari/", "email": "cagliari@doppiomalto.com", "outdoor_seating": null, "check_date": null, "payment:cash": null, "payment:mastercard": null, "payment:visa": null, "payment:visa_debit": null, "wheelchair": null, "addr:place": null, "internet_access": null, "toilets:wheelchair": null, "microbrewery": null, "opening_hours": "Mo-Th 12:00-15:00,18:30-23:00; Fr 12:00-15:00,18:30-24:00; Sa 12:00-15:30,18:30-24:00; Su 12:00-15:30,18:30-23:00", "indoor_seating": null, "wheelchair:description": null, "brand": "Doppio Malto", "brand:wikidata": "Q125285187", "brand:wikipedia": null, "contact:mobile": null, "contact:phone": null, "contact:website": null, "diet:vegetarian": null, "facebook": null, "operator": null, "payment:bancomat": null, "reservation": null, "toilets": null, "addr:country": null, "diet:vegan": null, "capacity": null, "source": null, "source_1": null, "delivery": null, "smoking": null, "takeaway": null, "name:signed": null, "seamark:small_craft_facility:category": null, "seamark:type": null, "contact:facebook": null, "fixme": null, "toilets:access": null, "payment:credit_cards": null, "payment:debit_cards": null, "name:it": null, "contact:email": null, "payment:american_express": null, "start_date": null, "name:ru": null, "description": null, "bar": null, "diet:meat": null, "diet:mediterranean": null, "diet:non-vegetarian": null, "diet:seafood": null, "loc_name:pl": null, "payment:contactless": null, "check_date:opening_hours": null, "opening_hours:signed": null, "internet_access:fee": null, "name:pl": null, "diet:local": null, "outdoor_seating:comfort": null, "name:en": null, "air_conditioning": null, "highchair": null, "website:menu": null, "brewery": null, "toilets:handwashing": null, "toilets:num_chambers": null, "changing_table": null, "indoor": null, "short_name": null, "access": null, "contact:instagram": null, "contact:whatsapp": null, "addr:floor": null, "internet_access:ssid": null, "food": null, "building": null, "diet:fish": null, "type": null }, "geometry": { "type": "Point", "coordinates": [ 9.1427605, 39.236717 ] } },
{ "type": "Feature", "properties": { "element": "node", "id": 13041525924, "addr:city": null, "addr:street": "Via Ottone Bacaredda", "amenity": "restaurant", "cuisine": "sushi", "name": "Koi", "note": null, "phone": "+39 070 0939011", "price": null, "addr:postcode": null, "addr:housenumber": "109", "website": null, "email": null, "outdoor_seating": null, "check_date": null, "payment:cash": null, "payment:mastercard": null, "payment:visa": null, "payment:visa_debit": null, "wheelchair": null, "addr:place": null, "internet_access": null, "toilets:wheelchair": null, "microbrewery": null, "opening_hours": null, "indoor_seating": null, "wheelchair:description": null, "brand": null, "brand:wikidata": null, "brand:wikipedia": null, "contact:mobile": null, "contact:phone": null, "contact:website": null, "diet:vegetarian": null, "facebook": null, "operator": null, "payment:bancomat": null, "reservation": null, "toilets": null, "addr:country": null, "diet:vegan": null, "capacity": null, "source": null, "source_1": null, "delivery": null, "smoking": null, "takeaway": null, "name:signed": null, "seamark:small_craft_facility:category": null, "seamark:type": null, "contact:facebook": null, "fixme": null, "toilets:access": null, "payment:credit_cards": null, "payment:debit_cards": null, "name:it": null, "contact:email": null, "payment:american_express": null, "start_date": null, "name:ru": null, "description": null, "bar": null, "diet:meat": null, "diet:mediterranean": null, "diet:non-vegetarian": null, "diet:seafood": null, "loc_name:pl": null, "payment:contactless": null, "check_date:opening_hours": null, "opening_hours:signed": null, "internet_access:fee": null, "name:pl": null, "diet:local": null, "outdoor_seating:comfort": null, "name:en": null, "air_conditioning": null, "highchair": null, "website:menu": null, "brewery": null, "toilets:handwashing": null, "toilets:num_chambers": null, "changing_table": null, "indoor": null, "short_name": null, "access": null, "contact:instagram": "https://www.instagram.com/koi_restaurant_cagliari/", "contact:whatsapp": "+39 351 3234306", "addr:floor": null, "internet_access:ssid": null, "food": null, "building": null, "diet:fish": null, "type": null }, "geometry": { "type": "Point", "coordinates": [ 9.12011, 39.2284981 ] } },
{ "type": "Feature", "properties": { "element": "node", "id": 13084296202, "addr:city": null, "addr:street": "Via Grazia Deledda", "amenity": "restaurant", "cuisine": "argentinian", "name": "Hermanos Empanadas Argentinas", "note": null, "phone": "+39 340 411 0258", "price": null, "addr:postcode": "09127", "addr:housenumber": "26", "website": null, "email": null, "outdoor_seating": null, "check_date": null, "payment:cash": null, "payment:mastercard": null, "payment:visa": null, "payment:visa_debit": null, "wheelchair": null, "addr:place": null, "internet_access": null, "toilets:wheelchair": null, "microbrewery": null, "opening_hours": null, "indoor_seating": null, "wheelchair:description": null, "brand": null, "brand:wikidata": null, "brand:wikipedia": null, "contact:mobile": null, "contact:phone": null, "contact:website": null, "diet:vegetarian": null, "facebook": null, "operator": null, "payment:bancomat": null, "reservation": null, "toilets": null, "addr:country": null, "diet:vegan": null, "capacity": null, "source": null, "source_1": null, "delivery": null, "smoking": null, "takeaway": null, "name:signed": null, "seamark:small_craft_facility:category": null, "seamark:type": null, "contact:facebook": null, "fixme": null, "toilets:access": null, "payment:credit_cards": null, "payment:debit_cards": null, "name:it": null, "contact:email": null, "payment:american_express": null, "start_date": null, "name:ru": null, "description": null, "bar": null, "diet:meat": null, "diet:mediterranean": null, "diet:non-vegetarian": null, "diet:seafood": null, "loc_name:pl": null, "payment:contactless": null, "check_date:opening_hours": null, "opening_hours:signed": null, "internet_access:fee": null, "name:pl": null, "diet:local": null, "outdoor_seating:comfort": null, "name:en": null, "air_conditioning": null, "highchair": null, "website:menu": null, "brewery": null, "toilets:handwashing": null, "toilets:num_chambers": null, "changing_table": null, "indoor": null, "short_name": null, "access": null, "contact:instagram": null, "contact:whatsapp": null, "addr:floor": null, "internet_access:ssid": null, "food": null, "building": null, "diet:fish": null, "type": null }, "geometry": { "type": "Point", "coordinates": [ 9.1217372, 39.2160098 ] } },
{ "type": "Feature", "properties": { "element": "node", "id": 13086712844, "addr:city": null, "addr:street": "Via Torino", "amenity": "restaurant", "cuisine": "italian", "name": "Trattoria Macelleria Vivarelli", "note": null, "phone": "+39 070 332 8860", "price": null, "addr:postcode": null, "addr:housenumber": "4", "website": null, "email": null, "outdoor_seating": "yes", "check_date": "2025-08-21", "payment:cash": "yes", "payment:mastercard": null, "payment:visa": null, "payment:visa_debit": null, "wheelchair": "no", "addr:place": null, "internet_access": "wlan", "toilets:wheelchair": null, "microbrewery": null, "opening_hours": "Mo-We,Su 19:45-23:00; Th-Sa 12:30-15:00,19:45-23:00", "indoor_seating": null, "wheelchair:description": null, "brand": null, "brand:wikidata": null, "brand:wikipedia": null, "contact:mobile": null, "contact:phone": null, "contact:website": null, "diet:vegetarian": null, "facebook": null, "operator": null, "payment:bancomat": null, "reservation": null, "toilets": "yes", "addr:country": null, "diet:vegan": null, "capacity": null, "source": null, "source_1": null, "delivery": "no", "smoking": null, "takeaway": null, "name:signed": null, "seamark:small_craft_facility:category": null, "seamark:type": null, "contact:facebook": null, "fixme": null, "toilets:access": null, "payment:credit_cards": "yes", "payment:debit_cards": "yes", "name:it": "Trattoria Macelleria Vivarelli", "contact:email": null, "payment:american_express": null, "start_date": null, "name:ru": null, "description": null, "bar": null, "diet:meat": null, "diet:mediterranean": null, "diet:non-vegetarian": null, "diet:seafood": null, "loc_name:pl": null, "payment:contactless": null, "check_date:opening_hours": null, "opening_hours:signed": null, "internet_access:fee": "customers", "name:pl": null, "diet:local": null, "outdoor_seating:comfort": null, "name:en": null, "air_conditioning": "yes", "highchair": null, "website:menu": null, "brewery": null, "toilets:handwashing": null, "toilets:num_chambers": null, "changing_table": null, "indoor": null, "short_name": null, "access": null, "contact:instagram": null, "contact:whatsapp": null, "addr:floor": "G", "internet_access:ssid": "RistovivaRouter_2.4", "food": null, "building": null, "diet:fish": null, "type": null }, "geometry": { "type": "Point", "coordinates": [ 9.1163135, 39.2153317 ] } },
{ "type": "Feature", "properties": { "element": "node", "id": 13233499785, "addr:city": null, "addr:street": null, "amenity": "restaurant", "cuisine": null, "name": "Taddinanta", "note": null, "phone": null, "price": null, "addr:postcode": null, "addr:housenumber": null, "website": null, "email": null, "outdoor_seating": null, "check_date": null, "payment:cash": null, "payment:mastercard": null, "payment:visa": null, "payment:visa_debit": null, "wheelchair": null, "addr:place": null, "internet_access": null, "toilets:wheelchair": null, "microbrewery": null, "opening_hours": null, "indoor_seating": null, "wheelchair:description": null, "brand": null, "brand:wikidata": null, "brand:wikipedia": null, "contact:mobile": null, "contact:phone": null, "contact:website": null, "diet:vegetarian": null, "facebook": null, "operator": null, "payment:bancomat": null, "reservation": null, "toilets": null, "addr:country": null, "diet:vegan": null, "capacity": null, "source": null, "source_1": null, "delivery": null, "smoking": null, "takeaway": null, "name:signed": null, "seamark:small_craft_facility:category": null, "seamark:type": null, "contact:facebook": null, "fixme": null, "toilets:access": null, "payment:credit_cards": null, "payment:debit_cards": null, "name:it": null, "contact:email": null, "payment:american_express": null, "start_date": null, "name:ru": null, "description": null, "bar": null, "diet:meat": null, "diet:mediterranean": null, "diet:non-vegetarian": null, "diet:seafood": null, "loc_name:pl": null, "payment:contactless": null, "check_date:opening_hours": null, "opening_hours:signed": null, "internet_access:fee": null, "name:pl": null, "diet:local": null, "outdoor_seating:comfort": null, "name:en": null, "air_conditioning": null, "highchair": null, "website:menu": null, "brewery": null, "toilets:handwashing": null, "toilets:num_chambers": null, "changing_table": null, "indoor": null, "short_name": null, "access": null, "contact:instagram": null, "contact:whatsapp": null, "addr:floor": null, "internet_access:ssid": null, "food": null, "building": null, "diet:fish": null, "type": null }, "geometry": { "type": "Point", "coordinates": [ 9.1091024, 39.2193664 ] } },
{ "type": "Feature", "properties": { "element": "node", "id": 13234503513, "addr:city": null, "addr:street": null, "amenity": "restaurant", "cuisine": null, "name": "BeNaBi", "note": null, "phone": null, "price": null, "addr:postcode": null, "addr:housenumber": null, "website": "https://md.booxs.it/tavolo/IUuABGaCGQez8o/EN", "email": null, "outdoor_seating": null, "check_date": null, "payment:cash": null, "payment:mastercard": null, "payment:visa": null, "payment:visa_debit": null, "wheelchair": null, "addr:place": null, "internet_access": null, "toilets:wheelchair": null, "microbrewery": null, "opening_hours": null, "indoor_seating": null, "wheelchair:description": null, "brand": null, "brand:wikidata": null, "brand:wikipedia": null, "contact:mobile": null, "contact:phone": null, "contact:website": null, "diet:vegetarian": null, "facebook": null, "operator": null, "payment:bancomat": null, "reservation": null, "toilets": null, "addr:country": null, "diet:vegan": null, "capacity": null, "source": null, "source_1": null, "delivery": null, "smoking": null, "takeaway": null, "name:signed": null, "seamark:small_craft_facility:category": null, "seamark:type": null, "contact:facebook": null, "fixme": null, "toilets:access": null, "payment:credit_cards": null, "payment:debit_cards": null, "name:it": null, "contact:email": null, "payment:american_express": null, "start_date": null, "name:ru": null, "description": null, "bar": null, "diet:meat": null, "diet:mediterranean": null, "diet:non-vegetarian": null, "diet:seafood": null, "loc_name:pl": null, "payment:contactless": null, "check_date:opening_hours": null, "opening_hours:signed": null, "internet_access:fee": null, "name:pl": null, "diet:local": null, "outdoor_seating:comfort": null, "name:en": null, "air_conditioning": null, "highchair": null, "website:menu": null, "brewery": null, "toilets:handwashing": null, "toilets:num_chambers": null, "changing_table": null, "indoor": null, "short_name": null, "access": null, "contact:instagram": null, "contact:whatsapp": null, "addr:floor": null, "internet_access:ssid": null, "food": "regional", "building": null, "diet:fish": null, "type": null }, "geometry": { "type": "Point", "coordinates": [ 9.1154359, 39.2152577 ] } },
{ "type": "Feature", "properties": { "element": "node", "id": 13369277760, "addr:city": "Cagliari", "addr:street": "Piazza Antonio Gramsci", "amenity": "restaurant", "cuisine": "pizza;breakfast", "name": "La Caravella", "note": null, "phone": null, "price": null, "addr:postcode": "09127", "addr:housenumber": "21", "website": null, "email": null, "outdoor_seating": null, "check_date": null, "payment:cash": null, "payment:mastercard": null, "payment:visa": null, "payment:visa_debit": null, "wheelchair": null, "addr:place": null, "internet_access": null, "toilets:wheelchair": null, "microbrewery": null, "opening_hours": null, "indoor_seating": null, "wheelchair:description": null, "brand": null, "brand:wikidata": null, "brand:wikipedia": null, "contact:mobile": null, "contact:phone": null, "contact:website": null, "diet:vegetarian": null, "facebook": null, "operator": null, "payment:bancomat": null, "reservation": null, "toilets": null, "addr:country": null, "diet:vegan": null, "capacity": null, "source": null, "source_1": null, "delivery": null, "smoking": null, "takeaway": null, "name:signed": null, "seamark:small_craft_facility:category": null, "seamark:type": null, "contact:facebook": null, "fixme": null, "toilets:access": null, "payment:credit_cards": null, "payment:debit_cards": null, "name:it": null, "contact:email": null, "payment:american_express": null, "start_date": null, "name:ru": null, "description": null, "bar": null, "diet:meat": null, "diet:mediterranean": null, "diet:non-vegetarian": null, "diet:seafood": null, "loc_name:pl": null, "payment:contactless": null, "check_date:opening_hours": null, "opening_hours:signed": null, "internet_access:fee": null, "name:pl": null, "diet:local": null, "outdoor_seating:comfort": null, "name:en": null, "air_conditioning": null, "highchair": null, "website:menu": null, "brewery": null, "toilets:handwashing": null, "toilets:num_chambers": null, "changing_table": null, "indoor": null, "short_name": null, "access": null, "contact:instagram": null, "contact:whatsapp": null, "addr:floor": null, "internet_access:ssid": null, "food": null, "building": null, "diet:fish": null, "type": null }, "geometry": { "type": "Point", "coordinates": [ 9.1200415, 39.2158594 ] } },
{ "type": "Feature", "properties": { "element": "relation", "id": 3685371, "addr:city": null, "addr:street": null, "amenity": "restaurant", "cuisine": null, "name": "Bingia Pernis", "note": null, "phone": null, "price": null, "addr:postcode": null, "addr:housenumber": null, "website": null, "email": null, "outdoor_seating": null, "check_date": null, "payment:cash": null, "payment:mastercard": null, "payment:visa": null, "payment:visa_debit": null, "wheelchair": null, "addr:place": null, "internet_access": null, "toilets:wheelchair": null, "microbrewery": null, "opening_hours": null, "indoor_seating": null, "wheelchair:description": null, "brand": null, "brand:wikidata": null, "brand:wikipedia": null, "contact:mobile": null, "contact:phone": null, "contact:website": null, "diet:vegetarian": null, "facebook": null, "operator": null, "payment:bancomat": null, "reservation": null, "toilets": null, "addr:country": null, "diet:vegan": null, "capacity": null, "source": null, "source_1": null, "delivery": null, "smoking": null, "takeaway": null, "name:signed": null, "seamark:small_craft_facility:category": null, "seamark:type": null, "contact:facebook": null, "fixme": null, "toilets:access": null, "payment:credit_cards": null, "payment:debit_cards": null, "name:it": null, "contact:email": null, "payment:american_express": null, "start_date": null, "name:ru": null, "description": null, "bar": null, "diet:meat": null, "diet:mediterranean": null, "diet:non-vegetarian": null, "diet:seafood": null, "loc_name:pl": null, "payment:contactless": null, "check_date:opening_hours": null, "opening_hours:signed": null, "internet_access:fee": null, "name:pl": null, "diet:local": null, "outdoor_seating:comfort": null, "name:en": null, "air_conditioning": null, "highchair": null, "website:menu": null, "brewery": null, "toilets:handwashing": null, "toilets:num_chambers": null, "changing_table": null, "indoor": null, "short_name": null, "access": null, "contact:instagram": null, "contact:whatsapp": null, "addr:floor": null, "internet_access:ssid": null, "food": null, "building": "yes", "diet:fish": null, "type": "multipolygon" }, "geometry": { "type": "Polygon", "coordinates": [ [ [ 9.1023521, 39.2543578 ], [ 9.1022137, 39.2543493 ], [ 9.1022073, 39.2544166 ], [ 9.1020838, 39.2544098 ], [ 9.1020818, 39.2544283 ], [ 9.1020593, 39.254427 ], [ 9.1020569, 39.2544458 ], [ 9.1020003, 39.2544424 ], [ 9.1020217, 39.2544953 ], [ 9.1019984, 39.2545048 ], [ 9.1017503, 39.2546306 ], [ 9.1017616, 39.2546873 ], [ 9.1016934, 39.2546983 ], [ 9.1017478, 39.2549494 ], [ 9.1018175, 39.2549391 ], [ 9.1018541, 39.2550917 ], [ 9.1022861, 39.2549813 ], [ 9.1022988, 39.2549596 ], [ 9.1023521, 39.2543578 ] ], [ [ 9.1022124, 39.2544541 ], [ 9.1022137, 39.2544174 ], [ 9.1022845, 39.2544218 ], [ 9.1022809, 39.254458 ], [ 9.1022124, 39.2544541 ] ], [ [ 9.1021811, 39.2546705 ], [ 9.1021521, 39.2546697 ], [ 9.1021932, 39.2545057 ], [ 9.1022865, 39.2545111 ], [ 9.1022704, 39.2546901 ], [ 9.1021788, 39.254691 ], [ 9.1021811, 39.2546705 ] ], [ [ 9.1020124, 39.2547777 ], [ 9.1019764, 39.2547826 ], [ 9.1019728, 39.2547608 ], [ 9.1018752, 39.2547818 ], [ 9.1018442, 39.2546386 ], [ 9.1020259, 39.2545485 ], [ 9.102059, 39.2545505 ], [ 9.1020075, 39.254758 ], [ 9.1020124, 39.2547777 ] ] ] } },
{ "type": "Feature", "properties": { "element": "way", "id": 277185838, "addr:city": null, "addr:street": null, "amenity": "restaurant", "cuisine": null, "name": "Ottagono", "note": null, "phone": null, "price": null, "addr:postcode": null, "addr:housenumber": null, "website": null, "email": null, "outdoor_seating": null, "check_date": null, "payment:cash": null, "payment:mastercard": null, "payment:visa": null, "payment:visa_debit": null, "wheelchair": null, "addr:place": null, "internet_access": null, "toilets:wheelchair": null, "microbrewery": null, "opening_hours": null, "indoor_seating": null, "wheelchair:description": null, "brand": null, "brand:wikidata": null, "brand:wikipedia": null, "contact:mobile": null, "contact:phone": null, "contact:website": null, "diet:vegetarian": null, "facebook": null, "operator": null, "payment:bancomat": null, "reservation": null, "toilets": null, "addr:country": null, "diet:vegan": null, "capacity": null, "source": null, "source_1": null, "delivery": null, "smoking": null, "takeaway": null, "name:signed": null, "seamark:small_craft_facility:category": null, "seamark:type": null, "contact:facebook": null, "fixme": null, "toilets:access": null, "payment:credit_cards": null, "payment:debit_cards": null, "name:it": null, "contact:email": null, "payment:american_express": null, "start_date": null, "name:ru": null, "description": null, "bar": null, "diet:meat": null, "diet:mediterranean": null, "diet:non-vegetarian": null, "diet:seafood": null, "loc_name:pl": null, "payment:contactless": null, "check_date:opening_hours": null, "opening_hours:signed": null, "internet_access:fee": null, "name:pl": null, "diet:local": null, "outdoor_seating:comfort": null, "name:en": null, "air_conditioning": null, "highchair": null, "website:menu": null, "brewery": null, "toilets:handwashing": null, "toilets:num_chambers": null, "changing_table": null, "indoor": null, "short_name": null, "access": null, "contact:instagram": null, "contact:whatsapp": null, "addr:floor": null, "internet_access:ssid": null, "food": null, "building": "civic", "diet:fish": null, "type": null }, "geometry": { "type": "Polygon", "coordinates": [ [ [ 9.1789338, 39.2156129 ], [ 9.1790846, 39.2156966 ], [ 9.1791019, 39.215764 ], [ 9.1791857, 39.2158127 ], [ 9.1792862, 39.2158057 ], [ 9.1794263, 39.2158835 ], [ 9.1793687, 39.2159463 ], [ 9.1794399, 39.2159853 ], [ 9.1795849, 39.2158434 ], [ 9.1795063, 39.2157987 ], [ 9.1795308, 39.215772 ], [ 9.1794333, 39.2157179 ], [ 9.1794659, 39.2156823 ], [ 9.179071, 39.2154632 ], [ 9.1790139, 39.2155254 ], [ 9.1789338, 39.2156129 ] ] ] } },
{ "type": "Feature", "properties": { "element": "way", "id": 277191684, "addr:city": "Cagliari - Casteddu", "addr:street": "Viale Pula", "amenity": "restaurant", "cuisine": "italian", "name": "Lo Zenit", "note": null, "phone": "+39 070250009", "price": null, "addr:postcode": "09123", "addr:housenumber": "2", "website": null, "email": null, "outdoor_seating": null, "check_date": null, "payment:cash": null, "payment:mastercard": null, "payment:visa": null, "payment:visa_debit": null, "wheelchair": null, "addr:place": null, "internet_access": null, "toilets:wheelchair": null, "microbrewery": null, "opening_hours": null, "indoor_seating": null, "wheelchair:description": null, "brand": null, "brand:wikidata": null, "brand:wikipedia": null, "contact:mobile": null, "contact:phone": null, "contact:website": null, "diet:vegetarian": null, "facebook": null, "operator": null, "payment:bancomat": null, "reservation": null, "toilets": null, "addr:country": null, "diet:vegan": null, "capacity": null, "source": null, "source_1": null, "delivery": null, "smoking": null, "takeaway": null, "name:signed": null, "seamark:small_craft_facility:category": null, "seamark:type": null, "contact:facebook": null, "fixme": null, "toilets:access": null, "payment:credit_cards": null, "payment:debit_cards": null, "name:it": null, "contact:email": null, "payment:american_express": null, "start_date": null, "name:ru": null, "description": null, "bar": null, "diet:meat": null, "diet:mediterranean": null, "diet:non-vegetarian": null, "diet:seafood": null, "loc_name:pl": null, "payment:contactless": null, "check_date:opening_hours": null, "opening_hours:signed": null, "internet_access:fee": null, "name:pl": null, "diet:local": null, "outdoor_seating:comfort": null, "name:en": null, "air_conditioning": null, "highchair": null, "website:menu": null, "brewery": null, "toilets:handwashing": null, "toilets:num_chambers": null, "changing_table": null, "indoor": null, "short_name": null, "access": null, "contact:instagram": null, "contact:whatsapp": null, "addr:floor": null, "internet_access:ssid": null, "food": null, "building": "yes", "diet:fish": "yes", "type": null }, "geometry": { "type": "Polygon", "coordinates": [ [ [ 9.0914994, 39.212137 ], [ 9.0914669, 39.2121212 ], [ 9.0914504, 39.2120912 ], [ 9.0913782, 39.212064 ], [ 9.0913454, 39.2120775 ], [ 9.0913123, 39.2120641 ], [ 9.0912873, 39.2120916 ], [ 9.0912246, 39.2120652 ], [ 9.0911861, 39.2121239 ], [ 9.0914353, 39.2122282 ], [ 9.0914994, 39.212137 ] ] ] } },
{ "type": "Feature", "properties": { "element": "way", "id": 277192376, "addr:city": null, "addr:street": null, "amenity": "restaurant", "cuisine": null, "name": null, "note": null, "phone": null, "price": null, "addr:postcode": null, "addr:housenumber": null, "website": null, "email": null, "outdoor_seating": "yes", "check_date": null, "payment:cash": null, "payment:mastercard": null, "payment:visa": null, "payment:visa_debit": null, "wheelchair": null, "addr:place": null, "internet_access": null, "toilets:wheelchair": null, "microbrewery": null, "opening_hours": null, "indoor_seating": "yes", "wheelchair:description": null, "brand": null, "brand:wikidata": null, "brand:wikipedia": null, "contact:mobile": null, "contact:phone": null, "contact:website": null, "diet:vegetarian": null, "facebook": null, "operator": null, "payment:bancomat": null, "reservation": null, "toilets": null, "addr:country": null, "diet:vegan": null, "capacity": null, "source": null, "source_1": null, "delivery": null, "smoking": null, "takeaway": null, "name:signed": null, "seamark:small_craft_facility:category": null, "seamark:type": null, "contact:facebook": null, "fixme": null, "toilets:access": null, "payment:credit_cards": null, "payment:debit_cards": null, "name:it": null, "contact:email": null, "payment:american_express": null, "start_date": null, "name:ru": null, "description": null, "bar": null, "diet:meat": null, "diet:mediterranean": null, "diet:non-vegetarian": null, "diet:seafood": null, "loc_name:pl": null, "payment:contactless": null, "check_date:opening_hours": null, "opening_hours:signed": null, "internet_access:fee": null, "name:pl": null, "diet:local": null, "outdoor_seating:comfort": null, "name:en": null, "air_conditioning": null, "highchair": null, "website:menu": null, "brewery": null, "toilets:handwashing": null, "toilets:num_chambers": null, "changing_table": null, "indoor": null, "short_name": null, "access": null, "contact:instagram": null, "contact:whatsapp": null, "addr:floor": null, "internet_access:ssid": null, "food": null, "building": "yes", "diet:fish": null, "type": null }, "geometry": { "type": "Polygon", "coordinates": [ [ [ 9.1106644, 39.2440078 ], [ 9.1105503, 39.2440033 ], [ 9.1105465, 39.2440612 ], [ 9.1105804, 39.2440625 ], [ 9.1105789, 39.2440843 ], [ 9.1106593, 39.2440875 ], [ 9.1106644, 39.2440078 ] ] ] } },
{ "type": "Feature", "properties": { "element": "way", "id": 277194396, "addr:city": null, "addr:street": null, "amenity": "restaurant", "cuisine": null, "name": null, "note": null, "phone": null, "price": null, "addr:postcode": null, "addr:housenumber": null, "website": null, "email": null, "outdoor_seating": null, "check_date": null, "payment:cash": null, "payment:mastercard": null, "payment:visa": null, "payment:visa_debit": null, "wheelchair": null, "addr:place": null, "internet_access": null, "toilets:wheelchair": null, "microbrewery": null, "opening_hours": null, "indoor_seating": null, "wheelchair:description": null, "brand": null, "brand:wikidata": null, "brand:wikipedia": null, "contact:mobile": null, "contact:phone": null, "contact:website": null, "diet:vegetarian": null, "facebook": null, "operator": null, "payment:bancomat": null, "reservation": null, "toilets": null, "addr:country": null, "diet:vegan": null, "capacity": null, "source": null, "source_1": null, "delivery": null, "smoking": null, "takeaway": null, "name:signed": null, "seamark:small_craft_facility:category": null, "seamark:type": null, "contact:facebook": null, "fixme": null, "toilets:access": null, "payment:credit_cards": null, "payment:debit_cards": null, "name:it": null, "contact:email": null, "payment:american_express": null, "start_date": null, "name:ru": null, "description": null, "bar": null, "diet:meat": null, "diet:mediterranean": null, "diet:non-vegetarian": null, "diet:seafood": null, "loc_name:pl": null, "payment:contactless": null, "check_date:opening_hours": null, "opening_hours:signed": null, "internet_access:fee": null, "name:pl": null, "diet:local": null, "outdoor_seating:comfort": null, "name:en": null, "air_conditioning": null, "highchair": null, "website:menu": null, "brewery": null, "toilets:handwashing": null, "toilets:num_chambers": null, "changing_table": null, "indoor": null, "short_name": null, "access": null, "contact:instagram": null, "contact:whatsapp": null, "addr:floor": null, "internet_access:ssid": null, "food": null, "building": "yes", "diet:fish": null, "type": null }, "geometry": { "type": "Polygon", "coordinates": [ [ [ 9.1253207, 39.2308392 ], [ 9.1253139, 39.230754 ], [ 9.1252066, 39.2307592 ], [ 9.1252086, 39.2307841 ], [ 9.1251677, 39.2307861 ], [ 9.1251713, 39.2308309 ], [ 9.125213, 39.2308289 ], [ 9.1252142, 39.2308443 ], [ 9.1253207, 39.2308392 ] ] ] } },
{ "type": "Feature", "properties": { "element": "way", "id": 648246677, "addr:city": null, "addr:street": null, "amenity": "restaurant", "cuisine": null, "name": "Ristorante La Scala", "note": null, "phone": null, "price": null, "addr:postcode": null, "addr:housenumber": null, "website": null, "email": null, "outdoor_seating": null, "check_date": null, "payment:cash": null, "payment:mastercard": null, "payment:visa": null, "payment:visa_debit": null, "wheelchair": null, "addr:place": null, "internet_access": null, "toilets:wheelchair": null, "microbrewery": null, "opening_hours": null, "indoor_seating": null, "wheelchair:description": null, "brand": null, "brand:wikidata": null, "brand:wikipedia": null, "contact:mobile": null, "contact:phone": null, "contact:website": null, "diet:vegetarian": null, "facebook": null, "operator": null, "payment:bancomat": null, "reservation": null, "toilets": null, "addr:country": null, "diet:vegan": null, "capacity": null, "source": null, "source_1": null, "delivery": null, "smoking": null, "takeaway": null, "name:signed": null, "seamark:small_craft_facility:category": null, "seamark:type": null, "contact:facebook": null, "fixme": null, "toilets:access": null, "payment:credit_cards": null, "payment:debit_cards": null, "name:it": null, "contact:email": null, "payment:american_express": null, "start_date": null, "name:ru": null, "description": null, "bar": null, "diet:meat": null, "diet:mediterranean": null, "diet:non-vegetarian": null, "diet:seafood": null, "loc_name:pl": null, "payment:contactless": null, "check_date:opening_hours": null, "opening_hours:signed": null, "internet_access:fee": null, "name:pl": null, "diet:local": null, "outdoor_seating:comfort": null, "name:en": null, "air_conditioning": null, "highchair": null, "website:menu": null, "brewery": null, "toilets:handwashing": null, "toilets:num_chambers": null, "changing_table": null, "indoor": null, "short_name": null, "access": null, "contact:instagram": null, "contact:whatsapp": null, "addr:floor": null, "internet_access:ssid": null, "food": null, "building": "yes", "diet:fish": null, "type": null }, "geometry": { "type": "Polygon", "coordinates": [ [ [ 9.0974119, 39.2414441 ], [ 9.0974584, 39.2414442 ], [ 9.0974596, 39.2411634 ], [ 9.0974132, 39.2411632 ], [ 9.0974119, 39.2414441 ] ] ] } },
{ "type": "Feature", "properties": { "element": "way", "id": 864653643, "addr:city": null, "addr:street": null, "amenity": "restaurant", "cuisine": null, "name": "Non solo mare", "note": null, "phone": null, "price": null, "addr:postcode": null, "addr:housenumber": null, "website": null, "email": null, "outdoor_seating": null, "check_date": null, "payment:cash": null, "payment:mastercard": null, "payment:visa": null, "payment:visa_debit": null, "wheelchair": null, "addr:place": null, "internet_access": null, "toilets:wheelchair": null, "microbrewery": null, "opening_hours": null, "indoor_seating": null, "wheelchair:description": null, "brand": null, "brand:wikidata": null, "brand:wikipedia": null, "contact:mobile": null, "contact:phone": null, "contact:website": null, "diet:vegetarian": null, "facebook": null, "operator": null, "payment:bancomat": null, "reservation": null, "toilets": null, "addr:country": null, "diet:vegan": null, "capacity": null, "source": null, "source_1": null, "delivery": null, "smoking": null, "takeaway": null, "name:signed": null, "seamark:small_craft_facility:category": null, "seamark:type": null, "contact:facebook": null, "fixme": null, "toilets:access": null, "payment:credit_cards": null, "payment:debit_cards": null, "name:it": null, "contact:email": null, "payment:american_express": null, "start_date": null, "name:ru": null, "description": null, "bar": null, "diet:meat": null, "diet:mediterranean": null, "diet:non-vegetarian": null, "diet:seafood": null, "loc_name:pl": null, "payment:contactless": null, "check_date:opening_hours": null, "opening_hours:signed": null, "internet_access:fee": null, "name:pl": null, "diet:local": null, "outdoor_seating:comfort": null, "name:en": null, "air_conditioning": null, "highchair": null, "website:menu": null, "brewery": null, "toilets:handwashing": null, "toilets:num_chambers": null, "changing_table": null, "indoor": null, "short_name": null, "access": null, "contact:instagram": null, "contact:whatsapp": null, "addr:floor": null, "internet_access:ssid": null, "food": null, "building": "yes", "diet:fish": null, "type": null }, "geometry": { "type": "Polygon", "coordinates": [ [ [ 9.0921247, 39.2125376 ], [ 9.092215, 39.2123988 ], [ 9.092247, 39.2123497 ], [ 9.0923521, 39.2123896 ], [ 9.0923242, 39.2124353 ], [ 9.092321, 39.2124644 ], [ 9.0922502, 39.2125858 ], [ 9.0921247, 39.2125376 ] ] ] } },
{ "type": "Feature", "properties": { "element": "way", "id": 1014287298, "addr:city": null, "addr:street": null, "amenity": "restaurant", "cuisine": null, "name": "Niu Nervi", "note": null, "phone": null, "price": null, "addr:postcode": null, "addr:housenumber": null, "website": null, "email": null, "outdoor_seating": null, "check_date": null, "payment:cash": null, "payment:mastercard": null, "payment:visa": null, "payment:visa_debit": null, "wheelchair": null, "addr:place": null, "internet_access": null, "toilets:wheelchair": null, "microbrewery": null, "opening_hours": null, "indoor_seating": null, "wheelchair:description": null, "brand": null, "brand:wikidata": null, "brand:wikipedia": null, "contact:mobile": null, "contact:phone": null, "contact:website": null, "diet:vegetarian": null, "facebook": null, "operator": null, "payment:bancomat": null, "reservation": null, "toilets": null, "addr:country": null, "diet:vegan": null, "capacity": null, "source": null, "source_1": null, "delivery": null, "smoking": null, "takeaway": null, "name:signed": null, "seamark:small_craft_facility:category": null, "seamark:type": null, "contact:facebook": null, "fixme": null, "toilets:access": null, "payment:credit_cards": null, "payment:debit_cards": null, "name:it": null, "contact:email": null, "payment:american_express": null, "start_date": null, "name:ru": null, "description": null, "bar": null, "diet:meat": null, "diet:mediterranean": null, "diet:non-vegetarian": null, "diet:seafood": null, "loc_name:pl": null, "payment:contactless": null, "check_date:opening_hours": null, "opening_hours:signed": null, "internet_access:fee": null, "name:pl": null, "diet:local": null, "outdoor_seating:comfort": null, "name:en": null, "air_conditioning": null, "highchair": null, "website:menu": null, "brewery": null, "toilets:handwashing": null, "toilets:num_chambers": null, "changing_table": null, "indoor": null, "short_name": null, "access": null, "contact:instagram": null, "contact:whatsapp": null, "addr:floor": null, "internet_access:ssid": null, "food": null, "building": "yes", "diet:fish": null, "type": null }, "geometry": { "type": "Polygon", "coordinates": [ [ [ 9.1283829, 39.2012357 ], [ 9.1283737, 39.2013145 ], [ 9.1287002, 39.2013348 ], [ 9.1287049, 39.2012584 ], [ 9.1283829, 39.2012357 ] ] ] } },
{ "type": "Feature", "properties": { "element": "way", "id": 1228032301, "addr:city": null, "addr:street": null, "amenity": "restaurant", "cuisine": null, "name": null, "note": null, "phone": null, "price": null, "addr:postcode": null, "addr:housenumber": null, "website": null, "email": null, "outdoor_seating": null, "check_date": null, "payment:cash": null, "payment:mastercard": null, "payment:visa": null, "payment:visa_debit": null, "wheelchair": null, "addr:place": null, "internet_access": null, "toilets:wheelchair": null, "microbrewery": null, "opening_hours": null, "indoor_seating": null, "wheelchair:description": null, "brand": null, "brand:wikidata": null, "brand:wikipedia": null, "contact:mobile": null, "contact:phone": null, "contact:website": null, "diet:vegetarian": null, "facebook": null, "operator": null, "payment:bancomat": null, "reservation": null, "toilets": null, "addr:country": null, "diet:vegan": null, "capacity": null, "source": null, "source_1": null, "delivery": null, "smoking": null, "takeaway": null, "name:signed": null, "seamark:small_craft_facility:category": null, "seamark:type": null, "contact:facebook": null, "fixme": null, "toilets:access": null, "payment:credit_cards": null, "payment:debit_cards": null, "name:it": null, "contact:email": null, "payment:american_express": null, "start_date": null, "name:ru": null, "description": null, "bar": null, "diet:meat": null, "diet:mediterranean": null, "diet:non-vegetarian": null, "diet:seafood": null, "loc_name:pl": null, "payment:contactless": null, "check_date:opening_hours": null, "opening_hours:signed": null, "internet_access:fee": null, "name:pl": null, "diet:local": null, "outdoor_seating:comfort": null, "name:en": null, "air_conditioning": null, "highchair": null, "website:menu": null, "brewery": null, "toilets:handwashing": null, "toilets:num_chambers": null, "changing_table": null, "indoor": null, "short_name": null, "access": null, "contact:instagram": null, "contact:whatsapp": null, "addr:floor": null, "internet_access:ssid": null, "food": null, "building": "yes", "diet:fish": null, "type": null }, "geometry": { "type": "Polygon", "coordinates": [ [ [ 9.1175612, 39.2190505 ], [ 9.1175095, 39.2189799 ], [ 9.1175612, 39.2189613 ], [ 9.1176137, 39.2189477 ], [ 9.1176487, 39.2189421 ], [ 9.1177208, 39.2189443 ], [ 9.1177915, 39.2189523 ], [ 9.1177573, 39.2190296 ], [ 9.1177165, 39.2190217 ], [ 9.117664, 39.2190234 ], [ 9.1176079, 39.2190319 ], [ 9.1175612, 39.2190505 ] ] ] } }
]
}
